"norad_id","epoch","bstar","mean_motion","mean_motion_dot","eccentricity","perigee_km","apogee_km","semi_major_axis_km","source_group"
2150,"2026-09-17 20:49:56.755+00",0.00053046,12.644257,0.00010277,0.1381387,329.61536,2479.8457,7782.8677,"spacetrack"
2150,"2026-09-18 21:31:26.638+00",0.00054125,12.644447,0.00010488,0.1381307,329.6103,2479.6946,7782.7896,"spacetrack"
2150,"2026-09-19 20:18:57.329+00",0.00048389,12.644636,9.385e-05,0.1381242,329.59402,2479.5557,7782.712,"spacetrack"
2150,"2026-09-20 21:00:24.04+00",0.00055946,12.644848,0.00010847,0.1381154,329.58752,2479.3882,7782.625,"spacetrack"
2150,"2026-09-21 21:41:48.875+00",0.00050542,12.645072,9.807e-05,0.1381074,329.5706,2479.2214,7782.533,"spacetrack"
2150,"2026-09-22 20:29:14.929+00",0.00052748,12.64526,0.00010238,0.1381021,329.5455,2479.0925,7782.456,"spacetrack"
2150,"2026-09-23 21:10:36.45+00",0.0006019,12.645484,0.00011679,0.1380929,329.5376,2478.916,7782.364,"spacetrack"
2150,"2026-09-24 06:40:21.118+00",0.00057482,12.64557,0.00011157,0.1380896,329.5331,2478.8503,7782.3286,"spacetrack"
2389,"2026-09-17 22:37:35.865+00",0.00033682,13.473579,7.487e-05,0.1002025,334.47113,1829.5189,7460.132,"spacetrack"
2389,"2026-09-18 23:34:37.854+00",0.00028558,13.473701,6.348e-05,0.1001953,334.48465,1829.416,7460.0874,"spacetrack"
2389,"2026-09-19 22:44:43.652+00",0.00027031,13.47381,6.007e-05,0.1001874,334.50735,1829.3127,7460.047,"spacetrack"
2389,"2026-09-20 21:54:49.14+00",0.00024397,13.473914,5.422e-05,0.1001821,334.51218,1829.2308,7460.0083,"spacetrack"
2389,"2026-09-21 22:51:50.105+00",0.00025352,13.474036,5.634e-05,0.1001764,334.51416,1829.1387,7459.9634,"spacetrack"
2389,"2026-09-22 22:01:55.003+00",0.00025637,13.474145,5.698e-05,0.1001715,334.5146,1829.058,7459.9233,"spacetrack"
2389,"2026-09-23 22:58:55.381+00",0.00029327,13.474275,6.518e-05,0.1001651,334.5192,1828.9575,7459.8755,"spacetrack"
2389,"2026-09-24 06:06:38.272+00",0.00027933,13.474304,6.208e-05,0.1001641,334.51688,1828.9381,7459.8643,"spacetrack"
4221,"2026-09-17 21:55:06.377+00",0.00048664,15.436566,0.00042627,0.0187143,307.81903,562.8375,6813.4653,"spacetrack"
4221,"2026-09-18 21:15:06.492+00",0.00043661,15.437257,0.00038248,0.0186917,307.7736,562.4765,6813.262,"spacetrack"
4221,"2026-09-19 22:08:22.347+00",0.00043908,15.438041,0.00038527,0.0186656,307.72498,562.0636,6813.0312,"spacetrack"
4221,"2026-09-20 21:28:14.453+00",0.00041959,15.43876,0.00036853,0.0186435,307.66812,561.69775,6812.82,"spacetrack"
4221,"2026-09-21 19:14:43.472+00",0.0004272,15.43946,0.00037589,0.0186224,307.60962,561.34406,6812.614,"spacetrack"
4221,"2026-09-22 15:27:50.251+00",0.00043068,15.4401045,0.00037951,0.0186017,307.56464,561.00995,6812.4243,"spacetrack"
4221,"2026-09-23 22:34:03.952+00",0.00049241,15.441155,0.00043557,0.0185683,307.48874,560.4675,6812.115,"spacetrack"
4221,"2026-09-24 06:20:36.194+00",0.00050332,15.441432,0.00044557,0.0185588,307.47372,560.32007,6812.0337,"spacetrack"
5118,"2026-09-17 21:49:07.238+00",0.00043734,15.801782,0.00082303,0.0006839,325.3487,334.524,6708.073,"spacetrack"
5118,"2026-09-18 22:08:03.818+00",0.0003867,15.803199,0.00073171,0.0006764,324.99826,334.0724,6707.6724,"spacetrack"
5118,"2026-09-19 20:55:42.156+00",0.00042107,15.80462,0.00080242,0.0006579,324.72064,333.54605,6707.2705,"spacetrack"
5118,"2026-09-20 22:45:32.73+00",0.00036237,15.806186,0.00069469,0.0006421,324.38367,332.99658,6706.827,"spacetrack"
5118,"2026-09-21 23:04:04.738+00",0.00037588,15.807654,0.00072565,0.0006385,323.99286,332.55695,6706.412,"spacetrack"
5118,"2026-09-22 20:20:11.205+00",0.00037155,15.808935,0.00072145,0.000626,323.71466,332.11063,6706.05,"spacetrack"
5118,"2026-09-23 22:09:36.531+00",0.00039315,15.81047,0.0007691,0.0006137,323.3636,331.59406,6705.6157,"spacetrack"
5118,"2026-09-24 02:43:01.174+00",0.00041313,15.810818,0.00080984,0.00062,323.22296,331.5378,6705.5176,"spacetrack"
7003,"2026-09-17 21:59:11.317+00",0.00048543,15.922281,0.00188945,0.005673,258.18643,333.91174,6674.186,"spacetrack"
7003,"2026-09-18 22:06:44.156+00",0.00043447,15.925544,0.0017153,0.0056062,257.7258,332.54922,6673.2744,"spacetrack"
7003,"2026-09-19 22:13:58.702+00",0.00043328,15.928969,0.00173756,0.005542,257.20276,331.15872,6672.318,"spacetrack"
7003,"2026-09-20 22:20:54.425+00",0.00038441,15.932392,0.00156647,0.0054906,256.5954,329.85495,6671.3623,"spacetrack"
7003,"2026-09-21 17:56:18.3+00",0.00042795,15.935323,0.00176868,0.0054404,256.1167,328.69757,6670.544,"spacetrack"
7003,"2026-09-22 18:02:39.855+00",0.00040427,15.938803,0.00169844,0.0053838,255.52849,327.34378,6669.573,"spacetrack"
7003,"2026-09-23 16:38:19.618+00",0.00040915,15.942261,0.00174705,0.0053211,254.98747,325.95615,6668.609,"spacetrack"
7003,"2026-09-24 06:11:34.949+00",0.00050219,15.944491,0.00216821,0.005282,254.6294,325.07,6667.987,"spacetrack"
12139,"2026-09-17 02:38:02.99+00",0.00029326,15.172519,0.00012505,0.0239125,349.33868,678.96234,6892.2876,"spacetrack"
12139,"2026-09-18 19:47:16.764+00",0.00026603,15.172903,0.00011355,0.0238991,349.31744,678.75085,6892.1714,"spacetrack"
12139,"2026-09-19 21:06:46.611+00",0.00028533,15.173151,0.00012184,0.0238939,349.28003,678.6381,6892.096,"spacetrack"
12139,"2026-09-20 16:06:23.107+00",0.00028874,15.173339,0.00012339,0.023894,349.22385,678.5806,6892.039,"spacetrack"
12139,"2026-09-21 12:40:56.767+00",0.00028848,15.173541,0.0001234,0.0238972,349.14203,678.54,6891.978,"spacetrack"
12139,"2026-09-22 23:30:09.841+00",0.000339,15.173942,0.00014525,0.0239049,348.97064,678.46893,6891.857,"spacetrack"
12139,"2026-09-23 20:04:40.623+00",0.00038478,15.174202,0.00016495,0.0239019,348.91418,678.3674,6891.778,"spacetrack"
16326,"2026-09-17 02:03:00.644+00",0.00010472,16.520319,0.13120024,0.001321,125.38784,142.59288,6512.1274,"spacetrack"
16719,"2026-09-17 08:27:16.513+00",0.00044537,15.7646,0.00070801,0.0001717,339.32632,341.6335,6718.6167,"spacetrack"
16719,"2026-09-18 08:49:41.613+00",0.00042563,15.766007,0.00068063,0.0001847,338.83905,341.32077,6718.217,"spacetrack"
16719,"2026-09-19 15:17:32.975+00",0.00041432,15.767464,0.00066669,0.000185,338.42358,340.90915,6717.803,"spacetrack"
16719,"2026-09-20 09:34:10.657+00",0.00039672,15.768449,0.00064099,0.0001906,338.1061,340.6668,6717.5234,"spacetrack"
16719,"2026-09-21 20:35:50.923+00",0.00040771,15.770407,0.00066461,0.0002075,337.43674,340.22427,6716.9673,"spacetrack"
16719,"2026-09-22 14:52:16.141+00",0.00040724,15.771411,0.0006668,0.0002089,337.14212,339.94836,6716.682,"spacetrack"
16719,"2026-09-23 21:19:29.043+00",0.00046974,15.77316,0.00077598,0.0002312,336.49606,339.60162,6716.186,"spacetrack"
20453,"2026-09-17 15:05:53.472+00",0.00077326,15.950095,0.00324525,0.0024574,271.90573,304.6699,6666.425,"spacetrack"
20453,"2026-09-18 13:37:33.443+00",0.00069495,15.955658,0.00300151,0.0023835,270.85272,302.62418,6664.8755,"spacetrack"
20453,"2026-09-19 13:38:50.222+00",0.00068763,15.961304,0.0030592,0.0023167,269.7296,300.60336,6663.3037,"spacetrack"
20453,"2026-09-20 19:39:39.312+00",0.00065088,15.969342,0.00302243,0.0022337,268.0514,297.80905,6661.0674,"spacetrack"
20453,"2026-09-21 12:09:43.266+00",0.00070439,15.973772,0.00334989,0.0021875,267.13046,296.26724,6659.836,"spacetrack"
20453,"2026-09-22 12:09:18.377+00",0.00073201,15.980714,0.00361225,0.0020878,265.86957,293.67032,6657.9067,"spacetrack"
20453,"2026-09-23 10:38:19.646+00",0.00074877,15.987729,0.00383774,0.0019972,264.52908,291.11563,6655.9595,"spacetrack"
20453,"2026-09-24 06:06:59.235+00",0.00077141,15.994125,0.00409347,0.0019077,263.3533,288.74167,6654.1846,"spacetrack"
20775,"2026-09-17 20:00:56.352+00",0.00039038,14.950244,0.0001437,0.0341369,344.68942,819.9047,6960.434,"spacetrack"
20775,"2026-09-18 21:43:00.024+00",0.00033961,14.950501,0.00012509,0.0341234,344.70602,819.7279,6960.354,"spacetrack"
20775,"2026-09-19 21:48:39.323+00",0.00030622,14.950728,0.00011287,0.0341146,344.69946,819.59406,6960.2837,"spacetrack"
20775,"2026-09-20 21:54:17.155+00",0.0002624,14.95093,9.682e-05,0.0341061,344.69833,819.47034,6960.221,"spacetrack"
20775,"2026-09-21 20:23:31.275+00",0.00025358,14.951105,9.362e-05,0.0341017,344.67627,819.3833,6960.167,"spacetrack"
20775,"2026-09-22 22:05:28.903+00",0.00025617,14.951304,9.456e-05,0.0340911,344.69028,819.24554,6960.105,"spacetrack"
20775,"2026-09-23 20:34:40.677+00",0.00029483,14.951487,0.00010873,0.0340805,344.70953,819.1134,6960.0483,"spacetrack"
22913,"2026-09-17 21:05:53.505+00",0.0013559,13.365654,0.00255132,0.1207272,216.61813,2027.5835,7500.238,"spacetrack"
22913,"2026-09-18 22:10:11.187+00",0.0012486,13.370421,0.00235874,0.1205222,216.58754,2024.0481,7498.4546,"spacetrack"
22913,"2026-09-19 01:45:03.417+00",0.0012403,13.370997,0.00234255,0.1204942,216.60808,2023.5968,7498.2393,"spacetrack"
22913,"2026-09-20 04:36:21.064+00",0.0012984,13.376247,0.00246174,0.1202844,216.45528,2019.8258,7496.2773,"spacetrack"
22913,"2026-09-21 21:46:12.989+00",0.0012489,13.383826,0.00237411,0.1199513,216.46153,2014.159,7493.4473,"spacetrack"
22913,"2026-09-22 01:20:56.373+00",0.0011818,13.384337,0.00224029,0.1199051,216.63954,2013.5988,7493.2563,"spacetrack"
22913,"2026-09-23 00:36:28.091+00",0.0011932,13.388561,0.00226505,0.1197235,216.61304,2010.4734,7491.68,"spacetrack"
22913,"2026-09-24 01:38:57.176+00",0.0013078,13.393341,0.00247411,0.1195019,216.70384,2006.8179,7489.898,"spacetrack"
23198,"2026-09-17 21:22:03.164+00",0.00042245,14.342505,0.00012489,0.0619732,334.0968,1221.0194,7155.6953,"spacetrack"
23198,"2026-09-18 19:07:35.529+00",0.00036135,14.342683,0.00010659,0.0619661,334.09222,1220.906,7155.636,"spacetrack"
23198,"2026-09-19 23:34:48.675+00",0.00036127,14.342933,0.00010661,0.0619594,334.06226,1220.7698,7155.553,"spacetrack"
23198,"2026-09-20 21:20:18.752+00",0.00034007,14.343118,0.00010028,0.0619535,334.04666,1220.6621,7155.491,"spacetrack"
23198,"2026-09-21 20:46:13.087+00",0.00035208,14.34333,0.00010389,0.061944,334.04825,1220.519,7155.4204,"spacetrack"
23198,"2026-09-22 20:12:06.288+00",0.00035942,14.343536,0.00010609,0.0619338,334.05695,1220.3733,7155.352,"spacetrack"
23198,"2026-09-23 22:58:48.474+00",0.00041857,14.3438015,0.00012388,0.0619245,334.04086,1220.2131,7155.264,"spacetrack"
23198,"2026-09-24 05:40:28.752+00",0.00041254,14.343865,0.00012209,0.0619227,334.03387,1220.1777,7155.2427,"spacetrack"
24285,"2026-09-17 05:31:34.458+00",0.00020761,11.837872,2.687e-05,0.1730905,346.63248,3161.9194,8132.413,"spacetrack"
24285,"2026-09-18 11:57:03.172+00",0.00020222,11.837936,2.617e-05,0.1730881,346.62756,3161.8652,8132.3833,"spacetrack"
24285,"2026-09-19 22:25:55.978+00",0.00019109,11.838005,2.473e-05,0.1730853,346.6243,3161.8054,8132.352,"spacetrack"
24285,"2026-09-20 06:32:43.742+00",0.00019187,11.838022,2.483e-05,0.1730828,346.638,3161.7756,8132.3438,"spacetrack"
24285,"2026-09-21 12:58:13.006+00",0.00019871,11.838088,2.572e-05,0.1730789,346.64505,3161.709,8132.314,"spacetrack"
24285,"2026-09-22 05:11:48.713+00",0.00020254,11.838124,2.621e-05,0.173076,346.65472,3161.6658,8132.2974,"spacetrack"
24285,"2026-09-23 05:32:12.379+00",0.0002208,11.838183,2.857e-05,0.1730714,346.6697,3161.5964,8132.27,"spacetrack"
24285,"2026-09-24 05:52:36.149+00",0.00025579,11.838251,3.311e-05,0.1730682,346.6702,3161.5342,8132.2393,"spacetrack"
24286,"2026-09-17 23:58:24.952+00",0.00057857,12.031298,8.236e-05,0.1646062,342.61877,2991.1375,8045.015,"spacetrack"
24286,"2026-09-19 17:52:44.599+00",0.00056138,12.03158,7.987e-05,0.16459,342.64398,2990.8606,8044.889,"spacetrack"
24286,"2026-09-20 07:50:50.476+00",0.00055228,12.031673,7.856e-05,0.1645841,342.65668,2990.7646,8044.8477,"spacetrack"
24286,"2026-09-21 17:46:11.97+00",0.00053757,12.031892,7.643e-05,0.1645704,342.68546,2990.541,8044.75,"spacetrack"
24286,"2026-09-22 23:42:04.704+00",0.00053238,12.0320835,7.566e-05,0.1645578,342.71548,2990.34,8044.665,"spacetrack"
24286,"2026-09-23 17:39:35.669+00",0.00056251,12.032203,7.992e-05,0.1645506,342.729,2990.2205,8044.612,"spacetrack"
28485,"2026-09-17 01:03:58.861+00",0.00081396,15.815477,0.0017528,0.0002919,324.1061,328.02002,6704.2,"spacetrack"
28485,"2026-09-18 23:58:59.324+00",0.00069927,15.821165,0.0015442,0.000311,322.37164,326.54068,6702.5933,"spacetrack"
28485,"2026-09-19 22:40:43.411+00",0.00070289,15.824009,0.00157352,0.0003372,321.39334,325.91302,6701.79,"spacetrack"
28485,"2026-09-20 22:52:58.089+00",0.00066001,15.827078,0.00149841,0.0003523,320.42603,325.1475,6700.924,"spacetrack"
28485,"2026-09-21 21:34:11.132+00",0.00070435,15.830099,0.0016236,0.0003711,319.44772,324.42053,6700.0713,"spacetrack"
28485,"2026-09-22 23:16:35.249+00",0.00068751,15.833488,0.00161044,0.0003876,318.3815,323.57465,6699.115,"spacetrack"
28485,"2026-09-23 23:27:57.494+00",0.00077021,15.8366785,0.0018351,0.0004196,317.26788,322.889,6698.2153,"spacetrack"
28738,"2026-09-17 12:31:51.883+00",0.00037793,15.818569,0.00076481,0.0003434,322.88748,327.49133,6703.326,"spacetrack"
28738,"2026-09-18 08:16:02.386+00",0.00038618,15.819725,0.0007859,0.0003372,322.60287,327.12338,6703,"spacetrack"
28738,"2026-09-19 00:57:57.983+00",0.00036351,15.820723,0.00074273,0.000327,322.3895,326.77307,6702.7183,"spacetrack"
28738,"2026-09-20 19:28:01.87+00",0.00037924,15.823378,0.00078483,0.0002787,321.96356,325.69925,6701.9683,"spacetrack"
28738,"2026-09-21 13:40:47.068+00",0.00034089,15.824503,0.00070839,0.0002703,321.7022,325.3251,6701.651,"spacetrack"
28738,"2026-09-22 15:28:42.789+00",0.00035891,15.826223,0.00075226,0.0002672,321.2376,324.8187,6701.165,"spacetrack"
28738,"2026-09-23 14:14:23.035+00",0.00038558,15.82789,0.00081514,0.0002559,320.84286,324.27228,6700.6943,"spacetrack"
28738,"2026-09-24 00:51:38.953+00",0.00045828,15.828706,0.00097456,0.0002468,320.6738,323.98114,6700.4644,"spacetrack"
28980,"2026-09-17 09:33:46.301+00",0.00084244,12.229133,0.00022959,0.1611722,297.267,2862.4885,7958.0146,"spacetrack"
28980,"2026-09-18 09:07:24.975+00",0.00078192,12.229584,0.00021245,0.1611504,297.27618,2862.0876,7957.819,"spacetrack"
28980,"2026-09-19 10:38:48.463+00",0.0007408,12.230008,0.00020074,0.1611279,297.30084,2861.6948,7957.635,"spacetrack"
28980,"2026-09-20 08:14:33.346+00",0.0007659,12.230374,0.00020775,0.1611058,297.34354,2861.3347,7957.476,"spacetrack"
28980,"2026-09-21 17:36:59.299+00",0.00074403,12.230978,0.00020152,0.161075,297.36896,2860.7854,7957.2144,"spacetrack"
28980,"2026-09-22 17:10:24.309+00",0.00073751,12.231416,0.0001995,0.1610466,297.43564,2860.339,7957.0244,"spacetrack"
28980,"2026-09-23 18:41:33.05+00",0.00078045,12.231834,0.00021154,0.1610218,297.48065,2859.931,7956.843,"spacetrack"
28980,"2026-09-24 02:32:39.696+00",0.00085244,12.231971,0.00023177,0.1610109,297.51773,2859.7756,7956.7837,"spacetrack"
28982,"2026-09-17 21:40:39.096+00",0.00069978,14.353837,0.00068489,0.0724663,255.51761,1292.0652,7151.928,"spacetrack"
28982,"2026-09-18 21:05:39.472+00",0.00063879,14.355058,0.00062412,0.0724139,255.51628,1291.2556,7151.523,"spacetrack"
28982,"2026-09-19 20:30:32.317+00",0.00065773,14.356347,0.00064401,0.0723658,255.46315,1290.4525,7151.0947,"spacetrack"
28982,"2026-09-20 19:55:17.441+00",0.00062993,14.35765,0.00061701,0.0723167,255.4131,1289.6377,7150.6626,"spacetrack"
28982,"2026-09-21 19:19:54.745+00",0.00064837,14.358952,0.00063632,0.0722665,255.37097,1288.8152,7150.23,"spacetrack"
28982,"2026-09-22 20:24:43.334+00",0.00066418,14.360343,0.00065265,0.072208,255.36066,1287.9016,7149.768,"spacetrack"
28982,"2026-09-23 21:29:22.433+00",0.00080333,14.3619,0.00079446,0.0721537,255.26952,1286.9595,7149.2515,"spacetrack"
28982,"2026-09-24 05:50:53.263+00",0.00083445,14.362442,0.00082692,0.0721385,255.21141,1286.6581,7149.072,"spacetrack"
28983,"2026-09-17 15:32:49.135+00",0.00057874,12.430893,0.00017569,0.1525951,292.35577,2694.7126,7871.6714,"spacetrack"
28983,"2026-09-18 08:55:41.038+00",0.00054727,12.431129,0.00016581,0.152593,292.28787,2694.5813,7871.572,"spacetrack"
28983,"2026-09-19 08:06:08.316+00",0.00050052,12.431423,0.00015088,0.1525819,292.27026,2694.351,7871.4478,"spacetrack"
28983,"2026-09-20 09:12:25.487+00",0.00051299,12.431745,0.00015497,0.1525724,292.22992,2694.1199,7871.312,"spacetrack"
28983,"2026-09-21 16:06:15.381+00",0.00046556,12.432129,0.00013978,0.1525563,292.2191,2693.806,7871.1494,"spacetrack"
28983,"2026-09-22 21:04:10.159+00",0.00046586,12.432484,0.00013993,0.1525437,292.19153,2693.5344,7871,"spacetrack"
28983,"2026-09-23 20:14:27.701+00",0.00050223,12.432776,0.00015167,0.152534,292.16327,2693.316,7870.8765,"spacetrack"
28983,"2026-09-24 07:49:35.726+00",0.00049085,12.43291,0.00014805,0.15253,292.14688,2693.2192,7870.82,"spacetrack"
32185,"2026-09-17 05:55:24.952+00",0.0041905,15.690499,0.00542407,0.0045149,331.18698,392.04562,6739.7534,"celestrak:debris"
32203,"2026-09-20 23:25:44.441+00",0.00048179,15.695531,0.00068205,0.0078813,307.06906,413.28238,6738.3125,"celestrak:debris"
32203,"2026-09-21 04:01:09.741+00",0.00050036,15.695832,0.00070844,0.0078481,307.20715,412.9717,6738.2266,"celestrak:debris"
32203,"2026-09-23 23:20:07.778+00",0.00059064,15.699812,0.00085086,0.0078024,306.38547,411.5164,6737.088,"celestrak:debris"
32203,"2026-09-24 03:55:28.55+00",0.00058758,15.700126,0.00084741,0.0077976,306.3286,411.39343,6736.998,"celestrak:debris"
34861,"2026-09-17 04:21:54.822+00",0.0046591,15.7857,0.00911529,0.0023133,318.9632,350.01984,6712.6284,"celestrak:debris"
34861,"2026-09-18 12:28:36.731+00",0.0048186,15.811812,0.0108062,0.0023041,311.64954,342.5486,6705.236,"celestrak:debris"
34861,"2026-09-19 12:45:17.434+00",0.005252,15.833005,0.01303171,0.0023174,305.5896,336.63928,6699.2515,"celestrak:debris"
34861,"2026-09-21 20:19:30.674+00",0.0053145,15.896565,0.01570501,0.0022297,288.3476,318.14255,6681.382,"celestrak:debris"
34861,"2026-09-23 19:01:34.154+00",0.0057789,15.978733,0.02495242,0.0020541,266.64316,293.99744,6658.4575,"celestrak:debris"
35891,"2026-09-19 03:36:51.326+00",0.0014795,15.847371,0.00347657,0.002185,302.43613,331.69418,6695.202,"celestrak:debris"
35891,"2026-09-23 12:03:18.822+00",0.0014428,15.880147,0.00398318,0.0022287,292.9484,322.75052,6685.9863,"celestrak:debris"
37363,"2026-09-17 22:28:41.614+00",0.00033089,15.739984,0.00058727,0.0087092,288.9083,406.05783,6725.62,"spacetrack"
37363,"2026-09-18 22:53:22.631+00",0.00030847,15.741003,0.00054876,0.008686,288.77628,405.6087,6725.3296,"spacetrack"
37363,"2026-09-19 21:46:25.721+00",0.00032326,15.742034,0.00057775,0.0086641,288.63248,405.16525,6725.0356,"spacetrack"
37363,"2026-09-20 22:10:55.028+00",0.00027845,15.743115,0.00049828,0.0086439,288.463,404.71878,6724.728,"spacetrack"
37363,"2026-09-21 21:03:47.133+00",0.00030152,15.744108,0.00054235,0.0086211,288.33615,404.2804,6724.4453,"spacetrack"
37363,"2026-09-22 19:56:33.967+00",0.00031844,15.745145,0.00057555,0.0085993,288.19022,403.83618,6724.1504,"spacetrack"
37363,"2026-09-23 21:52:16.25+00",0.00035395,15.74641,0.00064396,0.0085745,287.9998,403.30606,6723.79,"spacetrack"
37363,"2026-09-24 05:29:48.367+00",0.00032768,15.74681,0.00059644,0.0085709,287.91113,403.16705,6723.6763,"spacetrack"
38248,"2026-09-17 16:42:43.239+00",0.00047698,15.786837,0.00083661,0.0003514,331.81058,336.52798,6712.306,"spacetrack"
38248,"2026-09-18 21:36:51.526+00",0.0004656,15.788891,0.00082405,0.0003512,331.22998,335.9443,6711.724,"spacetrack"
38248,"2026-09-20 16:12:02.622+00",0.00046366,15.791754,0.00083131,0.0003598,330.36124,335.1904,6710.9126,"spacetrack"
38248,"2026-09-21 15:00:41.888+00",0.00047356,15.793326,0.00085536,0.0003605,329.9113,334.74954,6710.4673,"spacetrack"
38248,"2026-09-22 16:51:40.039+00",0.00046611,15.795211,0.000849,0.0003499,329.44873,334.14435,6709.9336,"spacetrack"
38248,"2026-09-23 17:11:14.048+00",0.0004495,15.796983,0.00082501,0.0003306,329.07678,333.51306,6709.432,"spacetrack"
38248,"2026-09-24 02:18:31.816+00",0.00053154,15.797696,0.00098076,0.0003369,328.83264,333.3533,6709.23,"spacetrack"
39265,"2026-09-17 22:21:59.274+00",0.00036713,15.317929,0.00037074,0.0268803,286.37057,654.5554,6848.6,"spacetrack"
39265,"2026-09-18 21:52:57.421+00",0.00031544,15.318515,0.00031945,0.0268666,286.2946,654.2824,6848.4253,"spacetrack"
39265,"2026-09-19 22:57:55.617+00",0.00032686,15.319164,0.00033134,0.0268466,286.2431,653.9466,6848.232,"spacetrack"
39265,"2026-09-20 22:28:46.465+00",0.00030722,15.319773,0.0003118,0.0268213,286.24008,653.58734,6848.051,"spacetrack"
39265,"2026-09-21 18:51:27.641+00",0.00029815,15.320298,0.00030274,0.0267959,286.2615,653.2525,6847.894,"spacetrack"
39265,"2026-09-22 19:56:14.974+00",0.00029186,15.320891,0.00029691,0.0267829,286.17853,652.982,6847.7173,"spacetrack"
39265,"2026-09-23 17:52:53.325+00",0.0003037,15.321423,0.00030919,0.0267679,286.12726,652.7168,6847.559,"spacetrack"
39265,"2026-09-24 06:25:13.875+00",0.00033685,15.32177,0.00034277,0.0267542,286.1202,652.5166,6847.4556,"spacetrack"
39267,"2026-09-17 22:07:40.37+00",0.00018029,14.820188,9.804e-05,0.0452956,305.8402,940.0779,7001.096,"spacetrack"
39267,"2026-09-18 22:25:55.749+00",0.00017906,14.820358,9.73e-05,0.0452805,305.89453,939.91595,7001.042,"spacetrack"
39267,"2026-09-19 21:06:57.191+00",0.0001707,14.8205185,9.273e-05,0.0452695,305.92343,939.78625,7000.9917,"spacetrack"
39267,"2026-09-20 21:25:10.633+00",0.00013901,14.820676,7.554e-05,0.0452574,305.96085,939.6497,7000.9424,"spacetrack"
39267,"2026-09-21 21:43:23.255+00",0.00014169,14.820836,7.695e-05,0.0452452,305.99808,939.5116,7000.8916,"spacetrack"
39267,"2026-09-22 22:01:35.105+00",0.00016435,14.821,8.915e-05,0.045232,306.04123,939.36523,7000.8403,"spacetrack"
39267,"2026-09-23 22:19:46.019+00",0.00017284,14.821179,9.369e-05,0.045219,306.0783,939.2152,7000.7837,"spacetrack"
39267,"2026-09-24 04:48:36.752+00",0.00016654,14.821224,9.027e-05,0.0452159,306.08667,939.1789,7000.7695,"spacetrack"
39269,"2026-09-17 19:36:21.115+00",0.00021095,14.9395275,0.00012708,0.0405454,303.27667,867.9737,6963.762,"spacetrack"
39269,"2026-09-18 14:53:42.992+00",0.0002024,14.939707,0.00012194,0.0405362,303.2874,867.8518,6963.7065,"spacetrack"
39269,"2026-09-19 15:00:24.303+00",0.0002112,14.939951,0.00012724,0.040525,303.2926,867.6949,6963.631,"spacetrack"
39269,"2026-09-20 15:07:04.356+00",0.00022942,14.940218,0.00013828,0.0405176,303.26437,867.5568,6963.5474,"spacetrack"
39269,"2026-09-22 15:20:20.343+00",0.00025182,14.940787,0.0001521,0.0405123,303.1315,867.3358,6963.3706,"spacetrack"
39269,"2026-09-23 07:24:44.313+00",0.0002499,14.940992,0.00015104,0.0405089,303.09412,867.2459,6963.307,"spacetrack"
39269,"2026-09-24 07:31:18.932+00",0.00028659,14.941333,0.0001733,0.0404986,303.06427,867.0641,6963.201,"spacetrack"
39270,"2026-09-17 08:33:22.359+00",0.00019631,14.574656,8.4e-05,0.0546306,314.61182,1088.1272,7079.5063,"spacetrack"
39270,"2026-09-19 23:10:10.06+00",0.00017556,14.575044,7.527e-05,0.0546226,314.54962,1087.938,7079.381,"spacetrack"
39270,"2026-09-21 08:07:22.765+00",0.00017288,14.575243,7.417e-05,0.0546164,314.5323,1087.8258,7079.316,"spacetrack"
39270,"2026-09-22 22:01:07.886+00",0.00017914,14.575472,7.689e-05,0.0546115,314.49713,1087.7131,7079.242,"spacetrack"
39270,"2026-09-23 21:05:07.91+00",0.00019165,14.575619,8.227e-05,0.0546099,314.46338,1087.6516,7079.1943,"spacetrack"
39270,"2026-09-24 00:22:50.691+00",0.0001951,14.575641,8.374e-05,0.0546098,314.4572,1087.6432,7079.187,"spacetrack"
39473,"2026-09-17 13:11:14.949+00",0.0013105,16.129644,0.01507088,0.0011366,231.20303,246.24449,6616.861,"spacetrack"
39473,"2026-09-19 17:07:30.816+00",0.0012997,16.22144,0.03042574,0.0008167,208.35378,219.12094,6591.8745,"spacetrack"
39473,"2026-09-20 13:47:42.379+00",0.0012168,16.292585,0.0525938,0.0006498,190.26225,198.8041,6572.6704,"spacetrack"
39473,"2026-09-21 05:56:35.975+00",0.00068488,16.418633,0.11634107,0.0004642,157.81516,163.88596,6538.988,"spacetrack"
40021,"2026-09-17 08:29:25.154+00",0.00071988,16.405445,0.11546644,0.0013138,155.75871,172.94977,6542.491,"spacetrack"
40969,"2026-09-17 02:59:37.296+00",0.001321,15.654007,0.00138568,0.0033313,349.5996,394.57367,6750.2236,"spacetrack"
40969,"2026-09-18 03:31:26.293+00",0.0012746,15.656422,0.00134916,0.0033157,349.01306,393.77188,6749.5293,"spacetrack"
40969,"2026-09-20 03:02:30.053+00",0.00099267,15.660417,0.00106307,0.0032879,348.05664,392.43265,6748.382,"spacetrack"
40969,"2026-09-21 20:25:03.895+00",0.00096968,15.6640835,0.00105389,0.0032885,347.0027,391.37988,6747.328,"spacetrack"
40969,"2026-09-22 17:52:05.612+00",0.00094981,15.665957,0.00104,0.0032903,346.4543,390.85223,6746.79,"spacetrack"
40969,"2026-09-23 21:26:36.818+00",0.0010443,15.668415,0.00115676,0.0032829,345.801,390.09442,6746.0845,"spacetrack"
40969,"2026-09-24 02:02:20.445+00",0.0011494,15.668933,0.00127791,0.003278,345.68607,389.9124,6745.936,"spacetrack"
40970,"2026-09-17 23:22:33.279+00",0.0018463,16.228794,0.04634498,0.001666,200.76656,222.72404,6589.8823,"spacetrack"
40970,"2026-09-18 18:32:30.073+00",0.0012533,16.348429,0.09547151,0.0014296,170.18259,188.93236,6557.6943,"spacetrack"
40970,"2026-09-19 00:23:43.537+00",0.00039885,16.44698,0.16291031,0.0014874,143.62027,163.0501,6531.472,"spacetrack"
41886,"2026-09-24 05:06:40.596+00",0.00035249,15.722736,0.00048634,0.0003879,349.78983,355.01138,6730.5376,"spacetrack"
41892,"2026-09-17 15:44:38.86+00",0.00049329,16.005041,0.00273721,0.0005237,269.53864,276.50507,6651.1587,"spacetrack"
41892,"2026-09-18 15:41:24.836+00",0.00048125,16.010378,0.0027553,0.0005575,267.8365,275.2509,6649.6807,"spacetrack"
41892,"2026-09-19 23:06:26.552+00",0.00045561,16.017458,0.00272014,0.0006067,265.55087,273.61722,6647.721,"spacetrack"
41892,"2026-09-20 23:02:04.562+00",0.00042036,16.023115,0.00259613,0.000653,263.67902,272.3589,6646.156,"spacetrack"
41892,"2026-09-21 22:57:11.182+00",0.00046454,16.029192,0.00297571,0.0006797,261.82306,270.85556,6644.476,"spacetrack"
41892,"2026-09-22 21:22:06.227+00",0.00045968,16.035023,0.00305065,0.0007129,259.9926,269.46402,6642.865,"spacetrack"
41892,"2026-09-23 22:45:43.916+00",0.00048411,16.042046,0.00335345,0.0007381,257.88803,267.69138,6640.927,"spacetrack"
41892,"2026-09-24 06:13:43.916+00",0.00053118,16.044153,0.00372739,0.0007505,257.22418,267.19135,6640.3447,"spacetrack"
43879,"2026-09-17 19:02:28.663+00",0.0011554,15.992137,0.00561153,0.0009101,270.5428,282.65573,6654.7363,"spacetrack"
43879,"2026-09-19 02:33:49.224+00",0.0011229,16.007116,0.00593785,0.0009429,266.17584,278.7175,6650.5835,"spacetrack"
43879,"2026-09-21 19:00:30.92+00",0.0011826,16.043823,0.00774757,0.0010269,255.47984,269.11798,6640.436,"spacetrack"
43879,"2026-09-24 06:48:23.648+00",0.0013451,16.089575,0.01161182,0.001089,242.48718,256.92264,6627.842,"spacetrack"
44408,"2026-09-17 02:24:01.506+00",0.00044019,15.755851,0.00067239,0.0005371,339.35696,346.57678,6721.104,"spacetrack"
44408,"2026-09-18 02:47:15.699+00",0.00044619,15.757037,0.00068518,0.0005228,339.11584,346.14307,6720.7666,"spacetrack"
44408,"2026-09-19 09:16:09.482+00",0.0004012,15.758384,0.00061907,0.0005166,338.7748,345.71832,6720.384,"spacetrack"
44408,"2026-09-20 15:44:53.233+00",0.00035705,15.759861,0.00055391,0.0004995,338.46988,345.18314,6719.9634,"spacetrack"
44408,"2026-09-21 10:02:02.693+00",0.0003612,15.760676,0.0005624,0.0004875,338.31894,344.87067,6719.732,"spacetrack"
44408,"2026-09-22 16:30:30.707+00",0.00036166,15.762121,0.0005667,0.0004785,337.96902,344.3994,6719.3213,"spacetrack"
44408,"2026-09-23 16:53:09.818+00",0.00036172,15.76328,0.00056967,0.0004667,337.71918,343.9907,6718.9917,"spacetrack"
44408,"2026-09-24 03:33:02.264+00",0.00041729,15.763905,0.00065989,0.0004528,337.635,343.71957,6718.8145,"spacetrack"
44499,"2026-09-17 21:15:36.479+00",0.00059329,15.751641,0.00092084,0.0008373,338.5357,349.79288,6722.3013,"spacetrack"
44499,"2026-09-19 09:47:07.024+00",0.00048886,15.753822,0.00076371,0.0008449,337.8647,349.223,6721.6807,"spacetrack"
44499,"2026-09-20 16:13:07.745+00",0.00051775,15.755822,0.00081698,0.0008771,337.07986,348.87006,6721.112,"spacetrack"
44499,"2026-09-21 13:31:11.977+00",0.00046576,15.757227,0.00073823,0.0008649,336.7628,348.38828,6720.7124,"spacetrack"
44499,"2026-09-22 19:56:49.306+00",0.00052196,15.759206,0.00083617,0.0008554,336.26434,347.76117,6720.15,"spacetrack"
44499,"2026-09-23 08:07:00.22+00",0.0004565,15.760026,0.0007324,0.0008633,335.97836,347.58096,6719.9165,"spacetrack"
44741,"2026-09-17 14:00:03+00",0.00066368,15.906333,0.00207259,0.0006293,296.30667,304.7124,6678.6465,"spacetrack"
44741,"2026-09-18 20:00:01.999+00",0.00034755,15.910408,0.0010922,0.0006303,295.16028,303.57794,6677.506,"spacetrack"
44741,"2026-09-19 20:00:01.999+00",0.00038393,15.913381,0.00122934,0.0006287,294.3398,302.73508,6676.6743,"spacetrack"
44741,"2026-09-20 16:00:02+00",0.00051145,15.91594,0.00167192,0.0006606,293.41165,302.23193,6675.959,"spacetrack"
44741,"2026-09-21 16:00:02+00",0.00046016,15.919228,0.00152726,0.0006656,292.4598,301.34564,6675.0396,"spacetrack"
44741,"2026-09-22 16:00:02+00",0.00044497,15.922665,0.00150297,0.000667,291.49045,300.39368,6674.079,"spacetrack"
44741,"2026-09-23 16:00:02+00",0.00044544,15.926091,0.00153228,0.0006555,290.6105,299.35895,6673.1216,"spacetrack"
44741,"2026-09-24 08:00:02+00",0.0005275,15.928418,0.00184387,0.0006691,289.87024,298.79935,6672.4717,"spacetrack"
44748,"2026-09-17 11:34:04.596+00",0.00042285,15.734623,0.00059832,0.0001511,347.99408,350.027,6727.1475,"spacetrack"
44748,"2026-09-18 18:03:17.998+00",0.00036025,15.735767,0.00051082,0.0001779,347.48764,349.88107,6726.8213,"spacetrack"
44748,"2026-09-19 21:29:28.853+00",0.00034122,15.736845,0.00048562,0.0001981,347.04477,349.7098,6726.514,"spacetrack"
44748,"2026-09-20 11:12:31.713+00",0.00034105,15.7373905,0.00048653,0.0002078,346.82394,349.61942,6726.359,"spacetrack"
44748,"2026-09-21 17:41:25.179+00",0.00032866,15.738615,0.00047105,0.0002287,346.33447,349.41095,6726.01,"spacetrack"
44748,"2026-09-22 18:04:25.759+00",0.00032482,15.739597,0.00046746,0.0002467,345.9339,349.25238,6725.73,"spacetrack"
44748,"2026-09-23 09:18:45.793+00",0.00033063,15.740222,0.00047728,0.0002569,345.68732,349.1429,6725.5522,"spacetrack"
44748,"2026-09-24 05:07:20.458+00",0.0004294,15.741186,0.00062547,0.0002667,345.34668,348.93396,6725.2773,"spacetrack"
44753,"2026-09-17 09:13:28.704+00",0.00038872,15.79439,0.00071869,0.0006813,327.45743,336.6007,6710.166,"spacetrack"
44753,"2026-09-18 03:26:51.326+00",0.00046201,15.79553,0.00086148,0.0007024,326.99326,336.41925,6709.8433,"spacetrack"
44753,"2026-09-19 17:24:29.154+00",0.00038549,15.797655,0.00072351,0.0007035,326.38464,335.82452,6709.2417,"spacetrack"
44753,"2026-09-20 19:13:05.399+00",0.00041073,15.799247,0.00077744,0.0006902,326.02347,335.28427,6708.791,"spacetrack"
44753,"2026-09-21 16:28:17.643+00",0.00039028,15.800556,0.00074257,0.0006995,325.59058,334.97568,6708.42,"spacetrack"
44753,"2026-09-22 18:16:36.938+00",0.00039661,15.802147,0.0007605,0.0007153,325.03473,334.63116,6707.9697,"spacetrack"
44753,"2026-09-23 14:00:30.956+00",0.00037689,15.803441,0.0007264,0.0007224,324.6212,334.31235,6707.604,"spacetrack"
44753,"2026-09-24 00:37:57.714+00",0.00046839,15.804156,0.00090939,0.0007293,324.3726,334.156,6707.4014,"spacetrack"
44771,"2026-09-17 14:48:21.785+00",0.00067551,16.36105,0.05901765,0.000412,173.484,178.88475,6554.3213,"spacetrack"
44771,"2026-09-18 01:02:39.27+00",0.00034592,16.442976,0.09695948,0.0003829,151.89374,156.89635,6532.532,"spacetrack"
44772,"2026-09-17 22:14:54.102+00",0.00061979,16.08775,0.00552008,0.0004069,247.5091,252.90324,6628.3433,"spacetrack"
44772,"2026-09-18 11:39:51.682+00",0.00057046,16.093365,0.0052689,0.0004056,245.97621,251.35187,6626.8013,"spacetrack"
44772,"2026-09-19 14:28:54.443+00",0.00053772,16.105186,0.00536749,0.0003893,242.84238,247.99948,6623.558,"spacetrack"
44772,"2026-09-20 12:48:49.063+00",0.00057594,16.116396,0.006195,0.0003655,239.92964,244.76921,6620.4863,"spacetrack"
44772,"2026-09-21 12:36:59.656+00",0.00046778,16.128683,0.00547059,0.0003393,236.74124,241.23163,6617.1235,"spacetrack"
44772,"2026-09-22 13:53:08.53+00",0.00055956,16.143951,0.00726848,0.0003124,232.74785,236.87961,6612.9507,"spacetrack"
44772,"2026-09-23 04:44:18.971+00",0.00056944,16.153465,0.00790581,0.0003028,230.21521,234.21844,6610.354,"spacetrack"
44772,"2026-09-24 04:29:03.013+00",0.00060534,16.17032,0.0094631,0.0002821,225.75911,229.48607,6605.76,"spacetrack"
44927,"2026-09-17 23:04:57.02+00",0.00045754,15.833195,0.00101746,0.000387,318.46817,323.65335,6699.1978,"spacetrack"
44927,"2026-09-18 21:48:17.472+00",0.00041684,15.83487,0.00093274,0.0003629,318.1573,323.01923,6698.725,"spacetrack"
44927,"2026-09-19 22:02:21.415+00",0.00040923,15.836745,0.0009237,0.0003645,317.61807,322.50104,6698.197,"spacetrack"
44927,"2026-09-20 22:16:15.409+00",0.00036546,15.838568,0.00083037,0.0003258,317.36368,321.72787,6697.6826,"spacetrack"
44927,"2026-09-21 22:29:58.511+00",0.00039346,15.84057,0.00090386,0.0002967,316.99408,320.96817,6697.118,"spacetrack"
44927,"2026-09-22 21:12:40.467+00",0.00042625,15.842375,0.00098926,0.000277,316.61777,320.3277,6696.61,"spacetrack"
44927,"2026-09-23 21:26:01.274+00",0.0010079,15.845503,0.0024245,0.0003182,315.46072,319.7219,6695.7285,"spacetrack"
44927,"2026-09-24 03:29:20.943+00",0.00047371,15.8449745,0.00111564,0.0002755,315.8955,319.58493,6695.8774,"spacetrack"
44961,"2026-09-17 22:49:01.748+00",0.00049282,15.803571,0.00095364,0.0001618,328.34476,330.51532,6707.567,"spacetrack"
44961,"2026-09-18 21:34:56.189+00",0.00047617,15.805129,0.00092753,0.000107,328.27148,329.70682,6707.126,"spacetrack"
44961,"2026-09-19 23:22:48.779+00",0.00043781,15.806809,0.00085818,8.4e-05,327.95038,329.0771,6706.651,"spacetrack"
44961,"2026-09-20 22:08:26.159+00",0.00037259,15.808335,0.00073344,0.0001963,326.76584,329.3987,6706.219,"spacetrack"
44961,"2026-09-21 22:24:48.681+00",0.0003722,15.812578,0.00074734,0.0001274,326.0283,327.73672,6705.0195,"spacetrack"
44961,"2026-09-22 21:09:55.744+00",0.0004244,15.814274,0.00086103,0.0001191,325.60468,327.2017,6704.54,"spacetrack"
44961,"2026-09-23 22:56:53.57+00",0.00047877,15.816148,0.00098216,9.57e-05,325.23203,326.51517,6704.0107,"spacetrack"
45044,"2026-09-17 20:36:39.453+00",0.00044265,15.733319,0.00062323,0.0001092,348.6474,350.11667,6727.519,"spacetrack"
45044,"2026-09-18 21:00:09.948+00",0.00038771,15.734421,0.0005472,0.0001322,348.1787,349.95737,6727.205,"spacetrack"
45044,"2026-09-19 22:55:01.982+00",0.00039293,15.735551,0.00055744,0.000147,347.75702,349.7347,6726.883,"spacetrack"
45044,"2026-09-20 23:18:19.915+00",0.00035211,15.736654,0.00050096,0.0002153,346.98334,349.8798,6726.5684,"spacetrack"
45044,"2026-09-21 22:10:04.565+00",0.0003758,15.737702,0.00053774,0.0001735,346.9659,349.29993,6726.27,"spacetrack"
45044,"2026-09-22 21:01:43.837+00",0.00037732,15.738786,0.00054253,0.0002046,346.4482,349.20047,6725.9614,"spacetrack"
45044,"2026-09-23 21:24:43.627+00",0.0004148,15.739917,0.00060042,0.0002368,345.90945,349.0947,6725.639,"spacetrack"
45044,"2026-09-24 06:33:19.39+00",0.00044473,15.740384,0.00064587,0.0002607,345.61563,349.1223,6725.506,"spacetrack"
45060,"2026-09-17 22:23:55.743+00",0.00046905,15.787638,0.00084261,0.0003057,331.89038,335.99414,6712.079,"spacetrack"
45060,"2026-09-18 22:42:22.307+00",0.00043537,15.7891,0.00078634,0.0003328,331.29437,335.76166,6711.665,"spacetrack"
45060,"2026-09-19 23:00:40.667+00",0.00040754,15.790585,0.00074026,0.0003546,330.72742,335.48703,6711.244,"spacetrack"
45060,"2026-09-20 23:18:50.561+00",0.00036376,15.792122,0.00066407,0.0003602,330.25436,335.08884,6710.8086,"spacetrack"
45060,"2026-09-21 22:05:44.942+00",0.00026278,15.793267,0.00047936,0.0004224,329.51248,335.18152,6710.484,"spacetrack"
45060,"2026-09-22 20:52:31.142+00",0.00043308,15.795056,0.00080401,0.0004187,329.03082,334.64975,6709.9775,"spacetrack"
45060,"2026-09-23 22:41:22.507+00",0.00041633,15.796719,0.00077841,0.0004564,328.30743,334.4319,6709.507,"spacetrack"
45060,"2026-09-24 07:47:59.317+00",0.00048882,15.797403,0.00091948,0.000442,328.2103,334.14133,6709.313,"spacetrack"
45062,"2026-09-17 14:00:03+00",0.0004808,15.980137,0.00223025,0.0006107,275.86423,283.9964,6658.0674,"spacetrack"
45062,"2026-09-18 20:00:01.999+00",0.0014232,15.986528,0.00689711,0.0006275,273.97864,282.3323,6656.2925,"spacetrack"
45062,"2026-09-19 20:00:01.999+00",0.0020719,16.004396,0.01105011,0.0003305,271.00192,275.39847,6651.3374,"spacetrack"
45062,"2026-09-20 12:19:58.579+00",0.0021314,16.020063,0.01240917,0.0002265,267.35776,270.36887,6647.0005,"spacetrack"
45062,"2026-09-21 12:16:20.057+00",0.0018286,16.042576,0.01217187,0.0001688,261.52228,263.76422,6640.7803,"spacetrack"
45062,"2026-09-22 13:40:48.848+00",0.00053492,16.052479,0.00380521,0.0001693,258.7881,261.0357,6638.049,"spacetrack"
45062,"2026-09-23 18:03:40.714+00",0.00055039,16.062254,0.00416226,0.0002132,255.8036,258.63293,6635.3555,"spacetrack"
45062,"2026-09-24 04:30:47.236+00",0.0006036,16.066084,0.00467797,0.0002246,254.67355,257.6537,6634.301,"spacetrack"
45100,"2026-09-17 13:58:51.853+00",0.000451,15.803519,0.00087152,0.0004587,326.36786,332.5214,6707.5815,"spacetrack"
45100,"2026-09-19 19:05:48.01+00",0.00040924,15.806931,0.00080221,0.0005122,325.04443,331.9147,6706.6167,"spacetrack"
45100,"2026-09-20 22:24:31.684+00",0.0003693,15.808666,0.00072847,0.0005252,324.46667,331.51077,6706.1255,"spacetrack"
45100,"2026-09-21 22:41:01.236+00",0.00039819,15.810249,0.00079247,0.0005474,323.8703,331.2117,6705.678,"spacetrack"
45100,"2026-09-22 19:55:19.974+00",0.00038362,15.811631,0.00076792,0.0005546,323.43155,330.86905,6705.287,"spacetrack"
45100,"2026-09-23 18:40:32.56+00",0.00038106,15.813124,0.00076809,0.0005618,322.96152,330.49512,6704.865,"spacetrack"
45198,"2026-09-21 21:45:05.334+00",0.00076265,15.728133,0.00106022,0.0001645,349.75394,351.96777,6728.998,"spacetrack"
45198,"2026-09-22 05:22:37.285+00",0.00033337,15.727821,0.000456,0.0001413,349.99905,351.9007,6729.087,"spacetrack"
45198,"2026-09-23 21:01:35.816+00",0.00038147,15.729436,0.00052678,0.0001025,349.7995,351.17886,6728.626,"spacetrack"
45198,"2026-09-24 04:39:03.854+00",0.00039943,15.729787,0.00055287,0.0001115,349.6391,351.13956,6728.5264,"spacetrack"
45206,"2026-09-17 14:00:03+00",0.00054101,15.858178,0.00136343,0.0003972,311.3649,316.68115,6692.16,"spacetrack"
45206,"2026-09-18 20:00:01.999+00",0.00038691,15.860959,0.00098184,0.0003552,310.86392,315.61746,6691.378,"spacetrack"
45206,"2026-09-19 20:00:01.999+00",0.00043386,15.862965,0.00111439,0.0003352,310.43387,314.91937,6690.8135,"spacetrack"
45206,"2026-09-20 16:00:02+00",0.0003802,15.865115,0.00098447,0.0003164,309.95538,314.18893,6690.209,"spacetrack"
45206,"2026-09-21 21:58:04.079+00",0.00047088,15.867791,0.00124071,0.0002464,309.67166,312.96823,6689.457,"spacetrack"
45206,"2026-09-22 22:09:04.78+00",0.0004501,15.870277,0.00119985,0.0003228,308.46207,312.78033,6688.7583,"spacetrack"
45206,"2026-09-23 17:47:52.032+00",0.00046963,15.872285,0.00126559,0.0002931,308.09695,312.01755,6688.1943,"spacetrack"
45206,"2026-09-24 04:22:32.254+00",0.00052902,15.873429,0.00143741,0.0002419,308.11798,311.35358,6687.8726,"spacetrack"
45223,"2026-09-17 21:38:29.881+00",0.00050262,15.839993,0.00115712,0.000406,316.425,321.8632,6697.2812,"spacetrack"
45223,"2026-09-18 21:52:05.458+00",0.0004162,15.841926,0.00096361,0.0003871,316.00684,321.19147,6696.7363,"spacetrack"
45223,"2026-09-19 22:05:30.075+00",0.00043144,15.843944,0.00100943,0.0003929,315.3997,320.66153,6696.1675,"spacetrack"
45223,"2026-09-20 22:18:43.455+00",0.00041029,15.846034,0.00096869,0.0003442,315.1371,319.74634,6695.5786,"spacetrack"
45223,"2026-09-21 21:00:56.557+00",0.00040025,15.848053,0.00095387,0.0003349,314.6308,319.1151,6695.01,"spacetrack"
45223,"2026-09-22 21:13:47.34+00",0.00046043,15.850213,0.00111183,0.0002899,314.3239,318.20535,6694.402,"spacetrack"
45223,"2026-09-23 21:26:25.735+00",0.0004278,15.852445,0.0010429,0.0002894,313.6992,317.57355,6693.7734,"spacetrack"
45223,"2026-09-24 01:58:46.65+00",0.00048287,15.852886,0.00118247,0.000263,313.75186,317.27274,6693.6494,"spacetrack"
45237,"2026-09-17 01:50:08.46+00",0.00065089,15.817583,0.00135332,0.0004608,322.37915,328.5572,6703.605,"spacetrack"
45237,"2026-09-18 00:34:50.743+00",0.00050211,15.819232,0.00104664,0.0004443,322.02402,327.98044,6703.139,"spacetrack"
45237,"2026-09-19 22:03:49.042+00",0.00042368,15.8223715,0.00089338,0.0003749,321.60297,326.6283,6702.2524,"spacetrack"
45237,"2026-09-20 22:19:02.28+00",0.00053488,15.824006,0.00114162,0.0003369,321.39615,325.9118,6701.791,"spacetrack"
45237,"2026-09-21 22:34:05.586+00",0.00045096,15.825788,0.00096755,0.0003461,320.83167,325.47028,6701.288,"spacetrack"
45237,"2026-09-22 21:18:02.935+00",0.00046099,15.827901,0.00099957,0.0003696,320.07806,325.03122,6700.6914,"spacetrack"
45237,"2026-09-23 18:30:56.988+00",0.00041812,15.829325,0.00091098,0.0002894,320.2137,324.09183,6700.2896,"spacetrack"
45369,"2026-09-17 17:17:06.979+00",0.00044944,15.796187,0.00083937,0.0004437,328.543,334.49716,6709.657,"spacetrack"
45369,"2026-09-19 16:21:11.468+00",0.00040911,15.799068,0.00077326,0.0005531,326.99356,334.4149,6708.8413,"spacetrack"
45369,"2026-09-20 13:36:24.095+00",0.00041894,15.800483,0.00079716,0.0004657,327.17978,333.428,6708.441,"spacetrack"
45369,"2026-09-22 00:31:09.081+00",0.00040758,15.802756,0.00078341,0.0004718,326.49582,332.82532,6707.7974,"spacetrack"
45369,"2026-09-23 09:54:32.047+00",0.0003991,15.805045,0.000775,0.0004612,325.9196,332.10623,6707.15,"spacetrack"
45375,"2026-09-17 09:08:09.744+00",0.0003932,15.788759,0.00070847,0.0006626,329.17728,338.07172,6711.7617,"spacetrack"
45375,"2026-09-19 14:18:06.998+00",0.00038278,15.791786,0.00069913,0.0006984,328.07968,337.45346,6710.904,"spacetrack"
45375,"2026-09-20 13:05:02.98+00",0.00039779,15.793178,0.00073171,0.0006955,327.7053,337.0396,6710.5093,"spacetrack"
45375,"2026-09-21 13:22:58.902+00",0.00037373,15.794606,0.00069122,0.0006956,327.30045,336.63553,6710.105,"spacetrack"
45375,"2026-09-22 13:40:46.683+00",0.00037713,15.796084,0.00070239,0.0006933,326.8975,336.20114,6709.6865,"spacetrack"
45375,"2026-09-23 00:18:31.279+00",0.00041063,15.796742,0.00076835,0.0007062,326.62466,336.10114,6709.5,"spacetrack"
45376,"2026-09-17 08:12:54.595+00",0.00037438,15.742497,0.00054742,0.0005273,343.22095,350.31302,6724.904,"spacetrack"
45376,"2026-09-19 18:06:31.792+00",0.00037421,15.744992,0.00055322,0.0005388,342.43353,349.67953,6724.1934,"spacetrack"
45376,"2026-09-20 13:54:44.661+00",0.00038447,15.745942,0.00057105,0.0005402,342.15384,349.41837,6723.923,"spacetrack"
45376,"2026-09-21 15:48:27.484+00",0.00037418,15.7471285,0.00055842,0.0005494,341.75443,349.1423,6723.5854,"spacetrack"
45376,"2026-09-22 13:07:54.097+00",0.00036203,15.748118,0.0005424,0.0005956,341.16217,349.17096,6723.3037,"spacetrack"
45376,"2026-09-23 13:30:01.039+00",0.00040975,15.749393,0.00061882,0.0006329,340.54883,349.05872,6722.941,"spacetrack"
45376,"2026-09-24 06:15:09.506+00",0.00054854,15.750237,0.00083578,0.0006119,340.44995,348.6772,6722.7007,"spacetrack"
45377,"2026-09-17 14:00:03+00",0.00051066,15.934306,0.00184064,0.0006204,288.55222,296.82938,6670.8276,"spacetrack"
45377,"2026-09-18 20:00:01.999+00",0.00067649,15.9387,0.00250765,0.0006006,287.45908,295.4706,6669.602,"spacetrack"
45377,"2026-09-19 20:00:01.999+00",0.00064999,15.942511,0.00245803,0.0005912,286.4595,294.3444,6668.539,"spacetrack"
45377,"2026-09-20 16:00:02+00",0.00049356,15.946357,0.00189749,0.0005825,285.44598,293.2136,6667.467,"spacetrack"
45377,"2026-09-21 16:00:02+00",0.00049709,15.950464,0.0019546,0.0005696,284.38782,291.9821,6666.322,"spacetrack"
45377,"2026-09-22 16:00:02+00",0.00050074,15.954662,0.00201509,0.0005621,283.26904,290.762,6665.1523,"spacetrack"
45377,"2026-09-23 16:00:02+00",0.00057603,15.959132,0.0023809,0.0005471,282.1252,289.41687,6663.908,"spacetrack"
45377,"2026-09-24 08:00:02+00",0.00070352,15.961955,0.00296076,0.0005362,281.41257,288.5581,6663.1226,"spacetrack"
45379,"2026-09-17 20:00:31.354+00",0.0006604,16.306396,0.03279942,0.000175,189.67201,191.97115,6568.9585,"spacetrack"
45379,"2026-09-18 12:09:13.304+00",0.00056069,16.3828,0.06250019,0.0002542,168.71744,172.0467,6548.519,"spacetrack"
45383,"2026-09-17 07:55:31.461+00",0.00040405,15.76502,0.00065332,0.0001922,339.069,341.65158,6718.497,"spacetrack"
45383,"2026-09-18 17:23:44.447+00",0.00040276,15.766737,0.00065623,0.0001961,338.55533,341.19012,6718.01,"spacetrack"
45383,"2026-09-19 17:44:07.78+00",0.00039932,15.767951,0.00065409,0.0002099,338.11777,340.93787,6717.665,"spacetrack"
45383,"2026-09-20 13:30:36.531+00",0.00038545,15.769001,0.00063395,0.0002071,337.8386,340.6209,6717.3667,"spacetrack"
45383,"2026-09-21 16:53:17.858+00",0.00037481,15.770412,0.00062006,0.00019,337.5525,340.10495,6716.966,"spacetrack"
45383,"2026-09-22 14:10:50.508+00",0.00037319,15.771538,0.00062047,0.0002097,337.1009,339.91785,6716.6465,"spacetrack"
45383,"2026-09-23 05:23:18.98+00",0.0003606,15.77236,0.0006014,0.0002089,336.87302,339.67914,6716.413,"spacetrack"
45383,"2026-09-24 07:14:24.698+00",0.00043888,15.773857,0.00073951,0.0002045,336.47742,339.22424,6715.988,"spacetrack"
45384,"2026-09-17 07:15:20.054+00",0.00048555,15.847774,0.00116082,0.0005815,313.0585,320.8449,6695.089,"spacetrack"
45384,"2026-09-18 20:00:01.999+00",0.00075792,15.850799,0.00185743,0.0005777,312.23276,319.96725,6694.237,"spacetrack"
45384,"2026-09-19 20:00:01.999+00",0.0004355,15.853131,0.0010665,0.0005754,311.59183,319.2948,6693.58,"spacetrack"
45384,"2026-09-20 16:00:02+00",0.00047473,15.85512,0.00117602,0.0005799,311.0022,318.76477,6693.0205,"spacetrack"
45384,"2026-09-21 03:33:20.251+00",0.00045888,15.856104,0.00114143,0.0005655,310.82172,318.3912,6692.7437,"spacetrack"
45384,"2026-09-22 02:14:41.566+00",0.00044117,15.858168,0.00110769,0.0005557,310.307,317.74466,6692.1626,"spacetrack"
45384,"2026-09-23 06:58:48.483+00",0.00042211,15.860948,0.00107351,0.0005405,309.62732,316.8607,6691.381,"spacetrack"
45386,"2026-09-17 14:00:03+00",0.00047642,15.965778,0.00203795,0.000606,279.88434,287.95877,6662.0586,"spacetrack"
45386,"2026-09-18 20:00:01.999+00",0.0015546,15.972935,0.00697687,0.0004733,278.7793,285.0837,6660.0684,"spacetrack"
45386,"2026-09-19 20:00:01.999+00",0.0023782,15.991385,0.01176049,0.0002323,275.26175,278.35364,6654.945,"spacetrack"
45386,"2026-09-20 08:00:02+00",0.0021601,16.002712,0.01139712,0.000152,272.65573,274.6779,6651.8037,"spacetrack"
45386,"2026-09-21 02:40:59.78+00",0.0021144,16.02176,0.01243137,0.0001838,267.17194,269.6152,6646.531,"spacetrack"
45386,"2026-09-22 05:36:37.531+00",0.0015884,16.046507,0.01085781,0.0001517,260.55115,262.56564,6639.6953,"spacetrack"
45386,"2026-09-23 21:56:29.757+00",0.00077851,16.065727,0.00602113,0.000101,255.59196,256.93213,6634.399,"spacetrack"
45386,"2026-09-24 05:24:21.633+00",0.00071176,16.068336,0.00559546,9.54e-05,254.91096,256.17667,6633.6807,"spacetrack"
45387,"2026-09-17 14:00:03+00",0.00064193,15.8617115,0.00165504,0.0007374,308.0949,317.96304,6691.166,"spacetrack"
45387,"2026-09-18 20:00:01.999+00",0.00091197,15.865634,0.00242066,0.0007271,307.06174,316.79044,6690.063,"spacetrack"
45387,"2026-09-19 20:00:01.999+00",0.00091792,15.868991,0.00247849,0.0007202,306.16507,315.80008,6689.1196,"spacetrack"
45387,"2026-09-20 16:00:02+00",0.00055807,15.871737,0.00150774,0.0007163,305.4204,315.00214,6688.348,"spacetrack"
45387,"2026-09-21 16:00:02+00",0.0005468,15.874158,0.00149463,0.0007057,304.81168,314.25064,6687.668,"spacetrack"
45387,"2026-09-22 16:00:02+00",0.00062259,15.876695,0.00172894,0.0007049,304.105,313.5323,6686.9556,"spacetrack"
45387,"2026-09-23 00:00:02+00",0.000443,15.87791,0.0012285,0.0007092,303.73532,313.21964,6686.6143,"spacetrack"
45389,"2026-09-17 22:37:29.96+00",0.00054239,15.890828,0.00161225,0.000558,301.12396,308.58218,6682.99,"spacetrack"
45389,"2026-09-18 20:00:01.999+00",0.0006022,15.892862,0.00181321,0.0005264,300.76514,307.80038,6682.42,"spacetrack"
45389,"2026-09-19 20:00:01.999+00",0.0005481,15.895599,0.00166989,0.0005233,300.01926,307.01227,6681.653,"spacetrack"
45389,"2026-09-20 16:00:02+00",0.00051545,15.898047,0.00153347,0.0005173,299.3738,306.28595,6680.967,"spacetrack"
45389,"2026-09-21 16:00:02+00",0.00056624,15.900762,0.0017118,0.0005087,298.67133,305.46777,6680.2065,"spacetrack"
45389,"2026-09-22 20:18:34.301+00",0.0004644,15.904385,0.00142431,0.000497,297.73557,304.3747,6679.192,"spacetrack"
45389,"2026-09-23 16:00:02+00",0.00057625,15.906614,0.00179645,0.0004992,297.09683,303.7647,6678.568,"spacetrack"
45389,"2026-09-24 05:29:01.453+00",0.00050825,15.908674,0.00159761,0.0005123,296.43314,303.27542,6677.991,"spacetrack"
45390,"2026-09-17 05:25:37.615+00",0.00046736,15.852944,0.00114533,0.0006282,311.29092,319.7008,6693.633,"spacetrack"
45390,"2026-09-18 20:00:01.999+00",0.00068068,15.856112,0.00170819,0.0006176,310.471,318.73788,6692.741,"spacetrack"
45390,"2026-09-19 20:00:01.999+00",0.00071374,15.858247,0.00181228,0.0006104,309.91885,318.08862,6692.1406,"spacetrack"
45390,"2026-09-20 06:02:13.034+00",0.00044834,15.859478,0.00113364,0.000611,309.5686,317.74597,6691.7944,"spacetrack"
45390,"2026-09-21 07:44:44.358+00",0.00042397,15.861881,0.00108358,0.0005982,308.97867,316.98392,6691.118,"spacetrack"
45390,"2026-09-22 15:29:53.255+00",0.00044618,15.864857,0.00115843,0.0005859,308.22488,316.06454,6690.2817,"spacetrack"
45390,"2026-09-23 21:43:58.179+00",0.000487,15.86788,0.00128585,0.0005761,307.44125,315.1488,6689.432,"spacetrack"
45390,"2026-09-24 05:17:26.036+00",0.0004935,15.868746,0.0013089,0.0005556,307.335,314.768,6689.1885,"spacetrack"
45395,"2026-09-17 14:00:03+00",0.0005065,15.92579,0.00174471,0.000696,290.4244,299.7135,6673.206,"spacetrack"
45395,"2026-09-18 20:00:01.999+00",0.00066936,15.930022,0.00236907,0.0006669,289.43723,298.3364,6672.024,"spacetrack"
45395,"2026-09-19 20:00:01.999+00",0.00066802,15.933622,0.00240995,0.000651,288.539,297.22467,6671.019,"spacetrack"
45395,"2026-09-20 16:00:02+00",0.00055525,15.937233,0.0020365,0.0006429,287.58597,296.1623,6670.011,"spacetrack"
45395,"2026-09-21 16:00:02+00",0.00050246,15.941083,0.00187812,0.0006231,286.6447,294.95554,6668.937,"spacetrack"
45395,"2026-09-22 16:00:02+00",0.00056244,15.94519,0.00215379,0.000612,285.5741,293.73547,6667.792,"spacetrack"
45395,"2026-09-23 16:00:02+00",0.00057467,15.949304,0.00225107,0.0006,284.5084,292.50836,6666.6455,"spacetrack"
45395,"2026-09-24 08:00:02+00",0.00077566,15.952043,0.00309579,0.0005964,283.76965,291.72073,6665.8823,"spacetrack"
45399,"2026-09-17 23:21:45.257+00",0.00047933,15.766037,0.00078163,0.0005899,336.1085,344.03464,6718.2085,"spacetrack"
45399,"2026-09-19 22:31:16.446+00",0.00039869,15.768448,0.00065505,0.0005886,335.43286,343.34073,6717.524,"spacetrack"
45399,"2026-09-20 12:12:39.821+00",0.00041387,15.769224,0.00068283,0.000588,335.2164,343.11594,6717.303,"spacetrack"
45399,"2026-09-21 14:04:04.213+00",0.00038435,15.770605,0.00063724,0.0005959,334.77148,342.7767,6716.911,"spacetrack"
45399,"2026-09-22 09:50:20.813+00",0.00039368,15.771728,0.0006563,0.000595,334.45905,342.45178,6716.5923,"spacetrack"
45399,"2026-09-23 08:39:01.365+00",0.00035435,15.772982,0.00059296,0.0005927,334.11862,342.08005,6716.2363,"spacetrack"
45399,"2026-09-24 05:56:21.149+00",0.00045811,15.774267,0.0007746,0.0005842,333.81116,341.658,6715.8716,"spacetrack"
45408,"2026-09-17 14:00:03+00",0.00050337,15.94847,0.00195999,0.0007045,284.04404,293.43765,6666.878,"spacetrack"
45408,"2026-09-18 20:00:01.999+00",0.0015659,15.955235,0.00638165,0.0005491,283.1964,290.5159,6664.993,"spacetrack"
45408,"2026-09-19 20:00:01.999+00",0.0026326,15.973176,0.01176232,0.0002403,280.26392,283.46472,6660.0015,"spacetrack"
45408,"2026-09-20 16:00:02+00",0.0021988,15.992015,0.01092575,0.0001571,275.58768,277.67862,6654.77,"spacetrack"
45408,"2026-09-21 08:00:03+00",0.0021142,16.006962,0.01142886,0.0001125,271.74173,273.2381,6650.627,"spacetrack"
45408,"2026-09-22 21:43:37.24+00",0.002359,16.042618,0.01554618,0.0001024,261.95148,263.31152,6640.7686,"spacetrack"
45408,"2026-09-23 09:41:25.906+00",0.0011412,16.042631,0.00765145,4.4e-05,262.33597,262.92038,6640.765,"spacetrack"
45408,"2026-09-24 08:06:48.011+00",0.001482,16.052994,0.01054373,7.62e-05,259.26422,260.27582,6637.907,"spacetrack"
45414,"2026-09-17 14:00:03+00",0.00036993,15.895536,0.00107721,0.0006338,299.29855,307.76825,6681.6704,"spacetrack"
45414,"2026-09-18 20:00:01.999+00",0.00061593,15.898672,0.00184585,0.0006073,298.59763,306.71213,6680.792,"spacetrack"
45414,"2026-09-19 20:00:01.999+00",0.00061605,15.901341,0.00187177,0.0005944,297.93646,305.87772,6680.044,"spacetrack"
45414,"2026-09-20 09:42:18.945+00",0.00046555,15.90327,0.00142027,0.0005897,297.4282,305.306,6679.504,"spacetrack"
45414,"2026-09-21 16:00:02+00",0.00049572,15.907062,0.00154469,0.0005701,296.49817,304.11295,6678.4424,"spacetrack"
45414,"2026-09-22 16:00:02+00",0.00051935,15.910102,0.00164591,0.000562,295.7021,303.2077,6677.592,"spacetrack"
45414,"2026-09-23 16:00:02+00",0.00060612,15.91329,0.00195894,0.0005475,294.90738,302.21835,6676.6997,"spacetrack"
45414,"2026-09-24 08:00:02+00",0.00069381,15.915437,0.00227266,0.0005429,294.33813,301.58704,6676.0996,"spacetrack"
45417,"2026-09-17 07:14:18.211+00",0.00056198,15.784608,0.000999,0.000328,332.59937,337.00308,6712.938,"spacetrack"
45417,"2026-09-18 20:00:01.999+00",0.00057612,15.787472,0.00103814,0.0003247,331.8098,336.16867,6712.1265,"spacetrack"
45417,"2026-09-19 16:58:22.428+00",0.00067565,15.789853,0.00123475,0.0003422,331.01767,335.611,6711.451,"spacetrack"
45417,"2026-09-20 14:14:19.474+00",0.00059728,15.791574,0.00109753,0.0003383,330.5566,335.09723,6710.964,"spacetrack"
45417,"2026-09-21 11:30:07.919+00",0.0005041,15.793299,0.00093072,0.0003351,330.0896,334.58694,6710.475,"spacetrack"
45417,"2026-09-22 13:19:08.395+00",0.00053078,15.79542,0.00099056,0.0003347,329.49158,333.98315,6709.8745,"spacetrack"
45417,"2026-09-23 21:12:19.542+00",0.00052932,15.798034,0.00099979,0.0003247,328.81888,333.17578,6709.1343,"spacetrack"
45417,"2026-09-24 06:18:53.133+00",0.00055811,15.798966,0.0010598,0.0003204,328.58365,332.8827,6708.87,"spacetrack"
45419,"2026-09-17 08:54:43.305+00",0.00039845,15.765077,0.00064515,0.0007191,335.51318,345.1757,6718.4814,"spacetrack"
45419,"2026-09-19 18:43:19.338+00",0.00039574,15.767975,0.00064907,0.0007209,334.67834,344.36386,6717.658,"spacetrack"
45419,"2026-09-20 14:29:48.063+00",0.00038456,15.769028,0.00063344,0.0007334,334.29553,344.14856,6717.359,"spacetrack"
45419,"2026-09-21 17:52:29.219+00",0.00039617,15.7704735,0.00065719,0.0007397,333.8431,343.78015,6716.9487,"spacetrack"
45419,"2026-09-22 12:07:31.606+00",0.00037441,15.77147,0.00062324,0.0007358,333.58655,343.4708,6716.6655,"spacetrack"
45419,"2026-09-23 23:06:09.6+00",0.00045308,15.7733965,0.00076343,0.0007437,332.98676,342.97632,6716.1187,"spacetrack"
45531,"2026-09-17 14:00:03+00",0.00050489,15.947933,0.00195692,0.0004164,286.1143,291.66656,6667.0273,"spacetrack"
45531,"2026-09-18 20:00:01.999+00",0.0014796,15.955374,0.00602898,0.0003624,284.40213,289.23288,6664.9546,"spacetrack"
45531,"2026-09-19 20:00:01.999+00",0.0024661,15.973001,0.01101856,0.0001495,280.9175,282.90884,6660.0503,"spacetrack"
45531,"2026-09-20 16:00:02+00",0.0022683,15.990715,0.0111831,0.0001076,276.27753,277.70972,6655.131,"spacetrack"
45531,"2026-09-21 08:00:03+00",0.0020288,16.005898,0.01090977,6.22e-05,272.3706,273.19797,6650.9214,"spacetrack"
45531,"2026-09-22 17:24:57.251+00",0.0018113,16.029821,0.01120394,0.0003917,263.56296,268.76813,6644.3027,"spacetrack"
45531,"2026-09-23 18:50:53.95+00",0.0016736,16.04458,0.01129735,0.0001538,261.06882,263.11133,6640.227,"spacetrack"
45531,"2026-09-24 05:18:35.055+00",0.0011912,16.053345,0.00852121,0.0002355,258.10968,261.2361,6637.81,"spacetrack"
45532,"2026-09-17 14:00:03+00",0.00031635,15.870831,0.00084024,0.0004912,307.18045,313.75134,6688.603,"spacetrack"
45532,"2026-09-18 20:00:01.999+00",0.00064391,15.87351,0.0017593,0.00048,306.5028,312.92313,6687.85,"spacetrack"
45532,"2026-09-19 20:00:01.999+00",0.00060244,15.875911,0.00166329,0.0004703,305.89386,312.18384,6687.176,"spacetrack"
45532,"2026-09-20 16:00:02+00",0.00072687,15.877879,0.00203662,0.0004524,305.4611,311.51114,6686.623,"spacetrack"
45532,"2026-09-21 07:32:14.864+00",0.00043785,15.879795,0.00122405,0.0004334,305.05054,310.84604,6686.0854,"spacetrack"
45532,"2026-09-22 21:17:38.937+00",0.00053789,15.88339,0.00153846,0.0004835,303.70694,310.17142,6685.076,"spacetrack"
45532,"2026-09-23 04:50:39.694+00",0.00054406,15.884704,0.00156705,0.0004986,303.2377,309.9037,6684.7075,"spacetrack"
45532,"2026-09-24 03:29:32.342+00",0.00049041,15.887251,0.00142735,0.0004336,302.95807,308.75446,6683.993,"spacetrack"
45542,"2026-09-17 04:50:29.741+00",0.00073632,15.808812,0.00147289,0.000482,324.71515,331.17984,6706.0845,"spacetrack"
45542,"2026-09-18 20:00:01.999+00",0.00058419,15.812315,0.0011827,0.0005967,322.95593,330.9578,6705.0938,"spacetrack"
45542,"2026-09-19 06:54:07.982+00",0.00041415,15.813245,0.00083665,0.0005944,322.70868,330.67938,6704.831,"spacetrack"
45542,"2026-09-20 11:43:11.773+00",0.00043398,15.8152685,0.00088584,0.0005865,322.19022,330.05432,6704.2593,"spacetrack"
45542,"2026-09-21 13:30:03.716+00",0.00041092,15.817091,0.00084519,0.000592,321.63852,329.57574,6703.744,"spacetrack"
45542,"2026-09-22 21:20:38.222+00",0.00035347,15.819771,0.00073547,0.0009117,318.7389,330.96112,6702.987,"spacetrack"
45542,"2026-09-23 08:00:02+00",0.00043512,15.820421,0.00091013,0.000593,320.6916,328.6411,6702.803,"spacetrack"
45542,"2026-09-24 05:10:56.182+00",0.00048045,15.821924,0.00101421,0.0006357,319.98114,328.50253,6702.379,"spacetrack"
45544,"2026-09-17 03:15:55.31+00",0.00049702,15.838312,0.00113517,0.0005321,316.0538,323.18158,6697.755,"spacetrack"
45544,"2026-09-18 20:00:01.999+00",0.0006489,15.841435,0.00151307,0.0005258,315.21606,322.25848,6696.8745,"spacetrack"
45544,"2026-09-19 00:00:02+00",0.00038647,15.842063,0.00089452,0.0005332,314.9898,322.13116,6696.6973,"spacetrack"
45544,"2026-09-20 11:30:45.571+00",0.00044895,15.84494,0.00105668,0.0005117,314.32355,321.17612,6695.8867,"spacetrack"
45544,"2026-09-22 02:52:00.428+00",0.00048042,15.848483,0.00115218,0.0005583,313.01428,320.48978,6694.889,"spacetrack"
45555,"2026-09-17 19:37:26.182+00",0.00051822,15.877892,0.00144061,0.0005498,304.80624,312.15884,6686.6196,"spacetrack"
45555,"2026-09-18 20:00:01.999+00",0.00047429,15.880355,0.00133245,0.0005451,304.1467,311.4357,6685.928,"spacetrack"
45555,"2026-09-19 00:00:02+00",0.00033839,15.880984,0.00094727,0.0005478,303.95215,311.27704,6685.7515,"spacetrack"
45555,"2026-09-20 03:30:26.595+00",0.00044642,15.883632,0.0012733,0.0004963,303.5539,310.18945,6685.009,"spacetrack"
45555,"2026-09-21 00:38:49.36+00",0.00044292,15.885988,0.00127834,0.0004968,302.88962,309.5312,6684.347,"spacetrack"
45555,"2026-09-22 20:25:36.365+00",0.00046229,15.890685,0.00136835,0.0005829,300.99783,308.7889,6683.0303,"spacetrack"
45555,"2026-09-23 16:00:02+00",0.00061168,15.892912,0.00184259,0.0004737,301.1035,307.4344,6682.406,"spacetrack"
45555,"2026-09-24 08:00:02+00",0.00048532,15.89512,0.00147051,0.0004632,300.55515,306.74515,6681.787,"spacetrack"
45564,"2026-09-17 06:54:34.036+00",0.00050623,15.748558,0.00076407,0.0004123,342.26962,347.81354,6723.1787,"spacetrack"
45564,"2026-09-18 20:00:01.999+00",1.2249e-05,15.750534,1.221e-05,0.0003334,342.23795,346.72058,6722.616,"spacetrack"
45564,"2026-09-19 13:44:05.94+00",0.00040362,15.751102,0.00061352,0.0003285,342.10922,346.52585,6722.4546,"spacetrack"
45564,"2026-09-20 11:03:12.895+00",0.00040014,15.752149,0.00061098,0.0003461,341.69333,346.3464,6722.1567,"spacetrack"
45564,"2026-09-21 12:56:18.481+00",0.00037753,15.753435,0.00057912,0.0003261,341.462,345.84595,6721.791,"spacetrack"
45564,"2026-09-22 10:15:13.787+00",0.00038957,15.754522,0.00060079,0.0003048,341.2958,345.39322,6721.4814,"spacetrack"
45564,"2026-09-23 07:34:03.801+00",0.00035676,15.755628,0.00055202,0.000307,340.9667,345.0935,6721.167,"spacetrack"
45564,"2026-09-24 06:24:08.513+00",0.00044757,15.75689,0.00069927,0.0003022,340.6401,344.70218,6720.808,"spacetrack"
45565,"2026-09-17 01:09:10.982+00",0.00054716,15.839345,0.00125924,0.0006957,314.6673,323.98615,6697.464,"spacetrack"
45565,"2026-09-19 10:41:16.475+00",0.00045899,15.844289,0.00107803,0.0006629,313.4945,322.37216,6696.0703,"spacetrack"
45565,"2026-09-21 20:12:18.193+00",0.0004359,15.8492155,0.00104743,0.0006231,312.37418,320.7171,6694.6826,"spacetrack"
45565,"2026-09-22 16:00:02+00",0.00027739,15.851163,0.00066727,0.0006449,311.68033,320.31442,6694.1343,"spacetrack"
45565,"2026-09-23 20:37:35.422+00",0.00045889,15.85342,0.00112654,0.0005778,311.49445,319.22946,6693.499,"spacetrack"
45565,"2026-09-24 08:00:02+00",0.00042824,15.854642,0.0010563,0.0005969,311.02295,319.01324,6693.1553,"spacetrack"
45567,"2026-09-17 22:16:01.261+00",0.00047587,15.810767,0.0009525,0.0005536,323.68234,331.1067,6705.5317,"spacetrack"
45567,"2026-09-18 22:32:19.235+00",0.00042286,15.812383,0.00085097,0.0005484,323.26065,330.61478,6705.0747,"spacetrack"
45567,"2026-09-19 22:48:28.002+00",0.00044133,15.814078,0.00089596,0.0005461,322.79727,330.12003,6704.5957,"spacetrack"
45567,"2026-09-20 23:04:27.291+00",0.00041454,15.8158245,0.00084751,0.0005373,322.36307,329.5673,6704.102,"spacetrack"
45567,"2026-09-21 21:49:17.738+00",0.00040412,15.8174715,0.00083224,0.0005249,321.98096,329.01843,6703.6367,"spacetrack"
45567,"2026-09-22 22:04:58.388+00",0.00014716,15.818786,0.00029852,0.0005667,321.32974,328.92722,6703.2656,"spacetrack"
45567,"2026-09-23 22:20:28.414+00",0.00024417,15.820775,0.00050594,0.0005495,320.88327,328.24954,6702.7036,"spacetrack"
45567,"2026-09-24 07:26:14.283+00",0.00050845,15.821873,0.00107372,0.0005162,320.79666,327.71622,6702.3936,"spacetrack"
45573,"2026-09-17 04:53:02.137+00",0.0004572,15.818981,0.00095068,0.0005911,321.11078,329.0353,6703.21,"spacetrack"
45573,"2026-09-18 12:43:22.934+00",0.00045173,15.821391,0.00094978,0.0005596,320.6416,328.14307,6702.5293,"spacetrack"
45573,"2026-09-20 11:42:53.437+00",0.00051058,15.8251295,0.00109507,0.0004964,320.0103,326.66354,6701.474,"spacetrack"
45573,"2026-09-21 07:25:04.169+00",0.00047806,15.826719,0.00103217,0.000587,318.95462,326.82162,6701.025,"spacetrack"
45573,"2026-09-22 06:08:58.339+00",0.00042917,15.828396,0.00093197,0.0005352,318.82883,326.0011,6700.552,"spacetrack"
45573,"2026-09-23 07:54:32.765+00",0.00039968,15.830391,0.00087511,0.0005422,318.21924,325.4847,6699.989,"spacetrack"
45573,"2026-09-24 06:38:07.085+00",0.00048356,15.832312,0.0010723,0.000512,317.8798,324.74002,6699.447,"spacetrack"
45578,"2026-09-17 22:36:41.87+00",0.00047517,15.815301,0.00097137,0.0004859,322.85535,329.37054,6704.25,"spacetrack"
45578,"2026-09-18 22:52:34.547+00",0.0004142,15.816993,0.00085131,0.0004795,322.42053,328.84943,6703.772,"spacetrack"
45578,"2026-09-19 21:37:19.081+00",0.00043829,15.818639,0.0009088,0.0004763,321.97702,328.36258,6703.3066,"spacetrack"
45578,"2026-09-20 21:52:53.038+00",0.00037638,15.820397,0.00078473,0.0004732,321.50137,327.8449,6702.81,"spacetrack"
45578,"2026-09-21 22:08:16.971+00",0.00040195,15.822183,0.00084623,0.0004813,320.94305,327.39468,6702.3057,"spacetrack"
45578,"2026-09-22 20:52:33.964+00",0.00042102,15.823963,0.00089445,0.0003985,320.99545,326.3368,6701.803,"spacetrack"
45578,"2026-09-23 22:38:34.566+00",0.00033954,15.825889,0.00072514,0.0004279,320.25507,325.99002,6701.26,"spacetrack"
45578,"2026-09-24 06:13:14.579+00",0.00046487,15.826583,0.00100196,0.0004323,320.02975,325.8235,6701.0635,"spacetrack"
45582,"2026-09-17 14:00:03+00",0.00055929,15.983867,0.00265347,0.0004919,275.61975,282.16895,6657.0312,"spacetrack"
45582,"2026-09-18 20:00:01.999+00",0.00050394,15.990783,0.00248363,0.0004741,273.81964,280.13,6655.112,"spacetrack"
45582,"2026-09-19 20:00:01.999+00",0.00046246,15.996031,0.0023461,0.0004553,272.48984,278.54868,6653.6562,"spacetrack"
45582,"2026-09-20 16:00:02+00",0.00055671,16.000303,0.00290162,0.0004386,271.41666,277.2522,6652.471,"spacetrack"
45582,"2026-09-21 20:16:36.104+00",0.00056191,16.007565,0.00305423,0.0003511,269.98764,274.6576,6650.4595,"spacetrack"
45582,"2026-09-22 21:44:38.854+00",0.0006678,16.014383,0.00378467,0.0004091,267.71487,273.15472,6648.572,"spacetrack"
45582,"2026-09-23 21:42:14.923+00",0.0005527,16.020113,0.00323455,0.0003794,266.3277,271.37143,6646.9863,"spacetrack"
45582,"2026-09-24 05:11:22.813+00",0.00056589,16.022308,0.0033561,0.0003827,265.69855,270.78568,6646.379,"spacetrack"
45586,"2026-09-17 03:49:12.496+00",0.00048709,15.824322,0.00103973,0.0004955,320.24414,326.88553,6701.7017,"spacetrack"
45586,"2026-09-18 23:46:19.101+00",0.00046479,15.827853,0.00100803,0.0004775,319.36835,325.76752,6700.705,"spacetrack"
45586,"2026-09-20 01:31:56.704+00",0.00043167,15.829838,0.0009438,0.0004756,318.8214,325.19458,6700.145,"spacetrack"
45586,"2026-09-21 22:59:02.325+00",0.00051564,15.833319,0.00115015,0.0004288,318.1532,323.8984,6699.1626,"spacetrack"
45586,"2026-09-22 20:11:28.342+00",0.00046902,15.835161,0.00105318,0.0002927,318.5456,322.46698,6698.643,"spacetrack"
45586,"2026-09-23 21:56:22.538+00",0.00046771,15.837245,0.00106097,0.0003736,317.41632,322.4211,6698.0557,"spacetrack"
45586,"2026-09-24 08:00:02+00",0.00033887,15.838319,0.00076807,0.000405,316.9034,322.32858,6697.753,"spacetrack"
45589,"2026-09-17 19:33:55.631+00",0.00050035,15.831525,0.00110555,0.0003262,319.34647,323.71732,6699.669,"spacetrack"
45589,"2026-09-18 04:39:20.262+00",0.00044393,15.832238,0.00098196,0.0003203,319.18478,323.47647,6699.468,"spacetrack"
45589,"2026-09-21 11:25:12.384+00",0.00042073,15.838502,0.00095811,0.0002951,317.58774,321.54074,6697.701,"spacetrack"
45589,"2026-09-22 01:02:57.186+00",0.00042296,15.83958,0.00096831,0.0002995,317.25452,321.26627,6697.3975,"spacetrack"
45589,"2026-09-23 16:00:02+00",0.00044081,15.842904,0.00102637,0.0003031,316.29382,320.3532,6696.4604,"spacetrack"
45589,"2026-09-24 08:00:02+00",0.00046793,15.8444,0.00109869,0.0002775,316.04367,319.75998,6696.039,"spacetrack"
45590,"2026-09-17 23:01:05.9+00",0.00047154,15.752965,0.00072483,0.0004253,340.9287,346.64636,6721.9243,"spacetrack"
45590,"2026-09-18 08:09:14.184+00",0.00040753,15.753412,0.00062606,0.0004227,340.81912,346.5017,6721.7974,"spacetrack"
45590,"2026-09-19 22:12:58.946+00",0.00039663,15.755222,0.00061393,0.000425,340.28906,346.00217,6721.2827,"spacetrack"
45590,"2026-09-20 11:55:03.873+00",0.00040885,15.755935,0.00063518,0.0004202,340.11884,345.76724,6721.08,"spacetrack"
45590,"2026-09-21 21:24:26.792+00",0.00039126,15.757594,0.00061187,0.0004194,339.65247,345.2897,6720.608,"spacetrack"
45590,"2026-09-22 11:06:24.228+00",0.00038934,15.75832,0.00061079,0.0004197,339.4441,345.0852,6720.402,"spacetrack"
45590,"2026-09-23 11:27:34.111+00",0.00037367,15.759579,0.00058906,0.0004169,339.10538,344.70853,6720.044,"spacetrack"
45590,"2026-09-24 05:43:21.863+00",0.00045234,15.760603,0.00071878,0.0004074,338.87817,344.35342,6719.753,"spacetrack"
45665,"2026-09-17 14:00:03+00",0.00057207,15.93352,0.00205646,0.0005417,289.2965,296.52393,6671.0474,"spacetrack"
45665,"2026-09-18 20:00:01.999+00",0.0014162,15.940762,0.0053347,0.0004168,288.11017,293.66946,6669.027,"spacetrack"
45665,"2026-09-19 20:00:01.999+00",0.0025746,15.957816,0.01059402,0.0001727,284.98657,287.28842,6664.2744,"spacetrack"
45665,"2026-09-20 16:00:02+00",0.0024171,15.975103,0.01092668,0.0001281,280.47556,282.1817,6659.466,"spacetrack"
45665,"2026-09-21 16:00:02+00",0.00221,15.99662,0.0112648,0.000133,274.4707,276.24054,6653.4927,"spacetrack"
45665,"2026-09-22 05:41:16.879+00",0.0016965,16.009047,0.00931192,0.0001693,270.78635,273.03806,6650.0493,"spacetrack"
45665,"2026-09-23 04:09:12.039+00",0.0005465,16.018356,0.0031624,0.0001557,268.3003,270.3703,6647.472,"spacetrack"
45665,"2026-09-24 05:36:01.984+00",0.00068236,16.02778,0.00418335,0.0001099,265.99908,267.45963,6644.866,"spacetrack"
45670,"2026-09-17 22:40:00.499+00",0.00064829,16.050987,0.0045746,0.0001682,259.2063,261.43948,6638.46,"spacetrack"
45670,"2026-09-18 22:34:09.955+00",0.00060229,16.059916,0.00449063,0.0002013,256.52646,259.1981,6635.9995,"spacetrack"
45670,"2026-09-19 22:27:30.033+00",0.00064481,16.069546,0.00510925,0.0002588,253.49416,256.92758,6633.3477,"spacetrack"
45670,"2026-09-20 22:19:56.824+00",0.00060155,16.079775,0.00508691,0.0003141,250.31479,254.48009,6630.5347,"spacetrack"
45670,"2026-09-21 19:12:33.392+00",0.00068987,16.089636,0.00621833,0.0003778,247.18387,252.19186,6627.8247,"spacetrack"
45670,"2026-09-22 20:32:31.345+00",0.00063864,16.10233,0.00625748,0.0004495,243.22687,249.18214,6624.3413,"spacetrack"
45670,"2026-09-23 12:55:21.869+00",0.00062101,16.111101,0.0064517,0.0004951,240.52138,247.07843,6621.937,"spacetrack"
45670,"2026-09-24 02:19:05.072+00",0.000659,16.119165,0.00722777,0.0005514,237.94081,245.24104,6619.728,"spacetrack"
45671,"2026-09-17 14:00:03+00",0.00062728,15.90728,0.00196597,0.0005619,296.4918,303.99698,6678.3813,"spacetrack"
45671,"2026-09-18 20:00:01.999+00",0.00052841,15.911893,0.00169097,0.0005486,295.29053,302.61664,6677.091,"spacetrack"
45671,"2026-09-19 20:00:01.999+00",0.00050292,15.915427,0.00163774,0.0005245,294.4636,301.46683,6676.102,"spacetrack"
45671,"2026-09-20 16:00:02+00",0.00045495,15.918473,0.00150199,0.0004861,293.86868,300.35837,6675.2505,"spacetrack"
45671,"2026-09-21 16:00:02+00",0.00045432,15.922071,0.00152872,0.0004689,292.97812,299.23724,6674.2446,"spacetrack"
45671,"2026-09-22 16:00:02+00",0.00063561,15.925586,0.00219288,0.0004586,292.06543,298.18616,6673.2627,"spacetrack"
45671,"2026-09-23 16:00:02+00",0.00062302,15.930015,0.00219972,0.000424,291.05997,296.71786,6672.026,"spacetrack"
45671,"2026-09-24 08:00:02+00",0.00050589,15.932927,0.00180751,0.0003921,290.46002,295.6916,6671.213,"spacetrack"
45673,"2026-09-17 04:02:42.405+00",0.00048351,15.81435,0.00098454,0.0005577,322.64264,330.12088,6704.5186,"spacetrack"
45673,"2026-09-19 07:36:24.318+00",0.00045666,15.818384,0.00094677,0.000565,321.4544,329.0292,6703.379,"spacetrack"
45673,"2026-09-20 06:21:01.436+00",0.00041823,15.8200655,0.00087247,0.0005225,321.26447,328.269,6702.904,"spacetrack"
45673,"2026-09-21 21:45:59.801+00",0.00041067,15.822765,0.00086911,0.000911,317.8986,330.1099,6702.141,"spacetrack"
45673,"2026-09-22 16:00:02+00",0.00060891,15.824563,0.0013071,0.0005041,320.1185,326.8751,6701.634,"spacetrack"
45673,"2026-09-23 20:45:10.263+00",0.00044172,15.8268795,0.00095261,0.0004688,319.7013,325.98413,6700.9795,"spacetrack"
45673,"2026-09-24 04:19:48.759+00",0.00027642,15.827173,0.00059184,0.0005221,319.2615,326.25858,6700.897,"spacetrack"
45675,"2026-09-17 19:52:09.502+00",0.00056192,15.76852,0.00092896,0.0004997,336.00928,342.72275,6717.503,"spacetrack"
45675,"2026-09-18 04:59:45.182+00",0.00049173,15.769084,0.00081303,0.0005024,335.8313,342.58087,6717.3433,"spacetrack"
45675,"2026-09-19 22:03:41.365+00",0.00045533,15.771641,0.00076049,0.0004845,335.22586,341.73425,6716.617,"spacetrack"
45675,"2026-09-20 22:23:36.263+00",0.00041522,15.773197,0.00069723,0.0004836,334.79034,341.28622,6716.1753,"spacetrack"
45675,"2026-09-21 21:12:08.82+00",6.0387e-05,15.7743635,9.552e-05,0.0006411,333.4017,342.01276,6715.844,"spacetrack"
45675,"2026-09-22 23:02:59.163+00",0.00044964,15.776594,0.00076807,0.0005838,333.15378,340.99448,6715.211,"spacetrack"
45675,"2026-09-23 08:10:18.291+00",8.7995e-05,15.776621,0.00014377,0.0004383,334.12326,340.0098,6715.2036,"spacetrack"
45675,"2026-09-24 06:58:29.581+00",0.00053276,15.778772,0.00092152,0.0004498,333.43582,339.47626,6714.5933,"spacetrack"
45679,"2026-09-19 22:25:55.627+00",0.00043206,15.792308,0.00079218,0.0004971,329.2829,335.9547,6710.756,"spacetrack"
45679,"2026-09-20 19:41:41.724+00",0.00018412,15.793452,0.0003336,0.0005088,328.88043,335.70895,6710.4316,"spacetrack"
45679,"2026-09-21 16:00:02+00",0.00040642,15.794896,0.00075325,0.0004907,328.59323,335.17844,6710.023,"spacetrack"
45679,"2026-09-22 16:00:02+00",0.00020662,15.796553,0.00038077,0.0004791,328.20215,334.63123,6709.5537,"spacetrack"
45679,"2026-09-23 20:34:56.334+00",0.00042999,15.798132,0.00080963,0.0004294,328.08865,333.85043,6709.1064,"spacetrack"
45685,"2026-09-17 01:30:15.282+00",0.00047591,15.742001,0.00069727,0.0004893,343.61786,350.199,6725.0454,"spacetrack"
45685,"2026-09-18 11:01:24.939+00",0.00042649,15.743668,0.00062822,0.0004755,343.2362,349.6313,6724.571,"spacetrack"
45685,"2026-09-19 23:35:10.937+00",0.00038782,15.745304,0.0005744,0.0004742,342.77917,349.1563,6724.105,"spacetrack"
45685,"2026-09-20 20:54:46.193+00",0.00035423,15.746318,0.00052611,0.0004648,342.55392,348.80438,6723.816,"spacetrack"
45685,"2026-09-21 21:17:03.437+00",0.00036785,15.747433,0.00054939,0.0004532,342.31482,348.409,6723.499,"spacetrack"
45685,"2026-09-22 23:10:37.356+00",0.00036569,15.748622,0.00054895,0.0004318,342.12015,347.92627,6723.16,"spacetrack"
45685,"2026-09-23 20:29:56.312+00",0.000405,15.749651,0.00061183,0.0004198,341.90826,347.55276,6722.8677,"spacetrack"
45685,"2026-09-24 01:04:04.028+00",0.0004344,15.749876,0.00065772,0.0004217,341.8315,347.5015,6722.8037,"spacetrack"
45695,"2026-09-17 02:22:05.123+00",0.00056875,15.865396,0.00148801,0.0005524,308.29755,315.68878,6690.1304,"spacetrack"
45695,"2026-09-18 20:00:01.999+00",0.00047124,15.869746,0.00125483,0.0005335,307.20187,314.33896,6688.907,"spacetrack"
45695,"2026-09-19 23:53:47.982+00",0.00046654,15.872406,0.00125864,0.0005213,306.53665,313.50974,6688.16,"spacetrack"
45695,"2026-09-20 16:00:02+00",0.00061148,15.8740015,0.0016729,0.0005105,306.16095,312.9891,6687.712,"spacetrack"
45695,"2026-09-21 16:00:02+00",0.00047051,15.876532,0.00129601,0.0004849,305.6219,312.10693,6687.0015,"spacetrack"
45695,"2026-09-22 21:23:38.971+00",0.00046733,15.87946,0.00130602,0.0004321,305.15314,310.93134,6686.179,"spacetrack"
45695,"2026-09-23 16:00:02+00",0.00042082,15.881748,0.00118719,0.0004387,304.46704,310.33295,6685.537,"spacetrack"
45695,"2026-09-24 00:34:48.19+00",0.00051788,15.882655,0.00147395,0.0003691,304.67798,309.61304,6685.2827,"spacetrack"
45697,"2026-09-17 02:04:05.18+00",0.00049886,15.777112,0.00085563,0.0005474,333.2513,340.60297,6715.064,"spacetrack"
45697,"2026-09-18 02:23:30.207+00",0.00048956,15.778599,0.00084511,0.0005528,332.7936,340.21732,6714.6426,"spacetrack"
45697,"2026-09-19 04:13:59.567+00",0.000445,15.779939,0.00077153,0.0005455,332.46274,339.788,6714.262,"spacetrack"
45697,"2026-09-20 21:16:14.978+00",0.0003815,15.782074,0.00066592,0.0004865,332.25348,338.7859,6713.6567,"spacetrack"
45697,"2026-09-21 23:06:22.241+00",0.00038156,15.7836895,0.00067104,0.0005243,331.54172,338.58118,6713.198,"spacetrack"
45697,"2026-09-22 23:25:10.901+00",0.00041182,15.785083,0.00072984,0.0005079,331.25705,338.0759,6712.8037,"spacetrack"
45697,"2026-09-23 23:43:51.95+00",0.00037702,15.786367,0.00067096,0.0004753,331.11197,337.4928,6712.4395,"spacetrack"
45700,"2026-09-17 14:38:45.444+00",0.0004817,15.862084,0.00123491,0.0004674,309.79688,316.05167,6691.061,"spacetrack"
45700,"2026-09-18 20:00:01.999+00",0.00040013,15.864988,0.00103678,0.0004515,309.0871,315.1284,6690.2446,"spacetrack"
45700,"2026-09-19 22:35:09.541+00",0.0004346,15.867229,0.00114054,0.0004337,308.57654,314.3791,6689.6147,"spacetrack"
45700,"2026-09-20 22:46:14.295+00",0.00041101,15.869511,0.00108967,0.0004069,308.11484,313.55832,6688.9736,"spacetrack"
45700,"2026-09-21 21:26:26.003+00",0.00043829,15.871614,0.00117571,0.000376,307.7306,312.76025,6688.3823,"spacetrack"
45700,"2026-09-22 21:37:06.341+00",0.00042715,15.874005,0.001159,0.0003631,307.14563,312.00226,6687.711,"spacetrack"
45700,"2026-09-23 21:47:33.651+00",0.00050688,15.876423,0.001397,0.0003105,306.81866,310.9713,6687.032,"spacetrack"
45700,"2026-09-24 03:50:08.346+00",0.00045969,15.877095,0.00126865,0.0003277,306.51498,310.89755,6686.8433,"spacetrack"
45703,"2026-09-17 17:22:02.346+00",0.00056741,16.004107,0.00302259,0.000324,271.12534,275.43546,6651.4175,"spacetrack"
45703,"2026-09-20 03:47:23.948+00",0.00055369,16.019121,0.00322247,0.0004383,266.21036,272.03735,6647.2607,"spacetrack"
45703,"2026-09-21 17:12:37.4+00",0.00056406,16.02969,0.00349936,0.0005355,262.6435,269.75958,6644.3384,"spacetrack"
45703,"2026-09-22 15:39:02.035+00",0.00055443,16.036362,0.00358188,0.0005895,260.443,268.27448,6642.4956,"spacetrack"
45703,"2026-09-23 15:34:34.092+00",0.00054855,16.043802,0.00371007,0.0006573,257.94003,266.66956,6640.442,"spacetrack"
45710,"2026-09-19 22:43:21.424+00",0.00044403,15.839922,0.00102012,0.0006098,315.08,323.248,6697.301,"spacetrack"
45710,"2026-09-20 19:55:15.91+00",0.00041801,15.841685,0.0009674,0.0005932,314.6945,322.63956,6696.804,"spacetrack"
45710,"2026-09-22 16:00:02+00",0.00022886,15.84567,0.00053379,0.0005788,313.66885,321.41977,6695.681,"spacetrack"
45710,"2026-09-23 20:35:00.387+00",0.00046223,15.847849,0.00110417,0.000531,313.37546,320.48563,6695.0674,"spacetrack"
45711,"2026-09-17 14:00:03+00",0.00064331,15.954267,0.00259133,0.0004535,284.1032,290.1486,6665.2627,"spacetrack"
45711,"2026-09-18 20:00:01.999+00",0.0013921,15.961983,0.00587979,0.0003704,282.50958,287.44562,6663.1147,"spacetrack"
45711,"2026-09-19 20:00:01.999+00",0.0023575,15.979859,0.01094208,0.0001489,279.01593,280.99872,6658.1445,"spacetrack"
45711,"2026-09-20 16:00:02+00",0.0021537,15.998008,0.01106779,9.94e-05,274.30966,275.63232,6653.108,"spacetrack"
45711,"2026-09-21 21:21:25.284+00",0.00080169,16.025644,0.00485889,0.0002926,265.37518,269.2641,6645.4565,"spacetrack"
45711,"2026-09-22 18:17:52.986+00",0.00062913,16.042988,0.00422668,0.0002041,261.174,263.88474,6640.6665,"spacetrack"
45711,"2026-09-23 19:42:28.358+00",0.00055072,16.051245,0.00388811,8.93e-05,259.6591,260.8447,6638.3887,"spacetrack"
45711,"2026-09-24 06:10:00.48+00",0.0006153,16.055035,0.00444974,4.06e-05,258.93774,259.47668,6637.344,"spacetrack"
45731,"2026-09-17 14:00:03+00",0.00051528,15.832643,0.00114529,0.0003214,319.06354,323.36987,6699.3535,"spacetrack"
45731,"2026-09-18 20:00:01.999+00",0.00049519,15.835244,0.00111369,0.0003531,318.11768,322.84824,6698.62,"spacetrack"
45731,"2026-09-19 19:17:33.218+00",0.0004458,15.83704,0.00100932,0.0003688,317.50623,322.44675,6698.1133,"spacetrack"
45731,"2026-09-20 11:57:06.429+00",0.00042946,15.838414,0.00097814,0.0003913,316.96817,322.2098,6697.726,"spacetrack"
45731,"2026-09-21 19:45:06.073+00",0.00043662,15.841048,0.00100763,0.0004332,315.9454,321.74765,6696.9834,"spacetrack"
45731,"2026-09-22 10:53:33.504+00",0.0004198,15.842301,0.00097401,0.0004456,315.50928,321.47733,6696.6304,"spacetrack"
45731,"2026-09-23 18:41:04.858+00",0.0004275,15.844967,0.00100523,0.000466,314.62195,320.86252,6695.8794,"spacetrack"
45741,"2026-09-17 11:05:54.766+00",0.0004333,15.768881,0.0007142,0.0005195,335.77402,342.7534,6717.401,"spacetrack"
45741,"2026-09-18 06:52:19.212+00",0.00043605,15.770026,0.00072255,0.0005312,335.37027,342.5065,6717.075,"spacetrack"
45741,"2026-09-19 19:22:23.579+00",0.00040349,15.772,0.00067364,0.0005388,334.75916,341.99686,6716.515,"spacetrack"
45741,"2026-09-20 12:06:05.037+00",0.00043648,15.772932,0.00073299,0.0006035,334.06024,342.16675,6716.2505,"spacetrack"
45741,"2026-09-21 20:02:03.261+00",0.00038698,15.774734,0.00065399,0.0006879,332.98242,342.22195,6715.7393,"spacetrack"
45741,"2026-09-22 18:50:28.115+00",0.00036635,15.776016,0.00062204,0.0006628,332.7872,341.6891,6715.375,"spacetrack"
45741,"2026-09-23 20:41:12.026+00",0.00047076,15.777526,0.00080827,0.0006087,332.72235,340.89713,6714.947,"spacetrack"
45751,"2026-09-21 19:18:05.476+00",0.00036961,15.726876,0.0005045,0.0001998,349.8749,352.56396,6729.3564,"spacetrack"
45751,"2026-09-22 19:42:11.566+00",0.00036746,15.7279215,0.00050381,0.0002694,349.10837,352.73398,6729.058,"spacetrack"
45751,"2026-09-23 10:57:12.221+00",0.00036042,15.728604,0.00049545,0.0002739,348.8834,352.56946,6728.8633,"spacetrack"
45751,"2026-09-24 03:43:40.036+00",0.0004448,15.729438,0.00061597,0.0002594,348.74344,352.23425,6728.626,"spacetrack"
45755,"2026-09-17 14:00:03+00",0.00059255,15.883563,0.00170031,0.0005082,303.49344,310.28812,6685.028,"spacetrack"
45755,"2026-09-18 20:00:01.999+00",0.00026361,15.887085,0.00075734,0.000509,302.5007,309.30505,6684.04,"spacetrack"
45755,"2026-09-19 20:00:01.999+00",0.0003996,15.889675,0.0011729,0.0005344,301.60492,308.74805,6683.3135,"spacetrack"
45755,"2026-09-20 09:20:25.879+00",0.00044799,15.891011,0.00132702,0.0005226,301.3094,308.29437,6682.939,"spacetrack"
45755,"2026-09-21 09:29:19.263+00",0.00045533,15.893727,0.00136825,0.0005364,300.45612,307.62476,6682.1772,"spacetrack"
45755,"2026-09-22 09:37:57.741+00",0.00045123,15.89646,0.0013273,0.0005473,299.6179,306.93137,6681.4116,"spacetrack"
45755,"2026-09-23 16:00:02+00",0.00041698,15.900284,0.00124879,0.0005803,298.32666,306.07986,6680.3403,"spacetrack"
45755,"2026-09-24 02:21:57.233+00",0.00052437,15.901403,0.00158834,0.0005603,298.14706,305.63272,6680.027,"spacetrack"
45759,"2026-09-17 23:37:39.106+00",0.00050172,15.767925,0.00082584,0.0006098,335.43878,343.63165,6717.6724,"spacetrack"
45759,"2026-09-18 16:21:36.289+00",0.00042103,15.768829,0.00069369,0.0006207,335.10876,343.44778,6717.415,"spacetrack"
45759,"2026-09-19 19:44:18.573+00",0.00041688,15.770331,0.00069149,0.0006556,334.44827,343.25558,6716.989,"spacetrack"
45759,"2026-09-20 15:30:36.505+00",0.00041235,15.771463,0.00068736,0.0006587,334.1061,342.95465,6716.6675,"spacetrack"
45759,"2026-09-21 18:53:02.159+00",0.00038901,15.772983,0.0006524,0.0007245,333.2333,342.96512,6716.2363,"spacetrack"
45759,"2026-09-22 17:41:35.971+00",0.0003949,15.774322,0.00066638,0.0006913,333.0765,342.36185,6715.856,"spacetrack"
45759,"2026-09-23 18:01:16.713+00",0.00039294,15.775691,0.00066745,0.0007922,332.01038,342.65036,6715.4673,"spacetrack"
45759,"2026-09-24 06:11:03.642+00",0.0004585,15.77655,0.00078369,0.0007041,332.35828,341.81464,6715.2236,"spacetrack"
45764,"2026-09-17 18:48:48.057+00",0.00054594,15.761466,0.00087354,0.0002379,339.7717,342.96884,6719.5073,"spacetrack"
45764,"2026-09-18 22:12:16.33+00",0.00042884,15.762925,0.00068773,0.0002796,339.07703,342.83432,6719.093,"spacetrack"
45764,"2026-09-19 19:30:25.303+00",0.00042957,15.76411,0.00069259,0.0002951,338.63638,342.60178,6718.756,"spacetrack"
45764,"2026-09-20 21:22:19.788+00",0.00038041,15.765532,0.00061593,0.0003131,338.1115,342.31854,6718.352,"spacetrack"
45764,"2026-09-21 18:40:15.904+00",0.0004037,15.766753,0.00065794,0.0003277,337.6665,342.06946,6718.005,"spacetrack"
45764,"2026-09-22 19:00:38.576+00",0.0004068,15.768129,0.00066722,0.0003438,337.16776,341.7868,6717.6143,"spacetrack"
45764,"2026-09-23 20:52:09.22+00",0.00046813,15.769635,0.000775,0.0003682,336.5764,341.52292,6717.1865,"spacetrack"
45780,"2026-09-17 14:00:03+00",0.00079078,15.8528595,0.00195881,0.0003922,312.89432,318.1448,6693.6567,"spacetrack"
45780,"2026-09-18 20:00:01.999+00",0.00042504,15.856144,0.00105527,0.0003952,311.95023,317.24017,6692.7324,"spacetrack"
45780,"2026-09-19 16:13:25.914+00",0.00046203,15.857842,0.00115865,0.0003916,311.49673,316.7381,6692.2544,"spacetrack"
45780,"2026-09-20 16:00:02+00",0.00039943,15.860245,0.00101079,0.0004182,310.6433,316.24014,6691.5786,"spacetrack"
45780,"2026-09-21 00:00:02+00",0.00049065,15.860929,0.00125088,0.0003968,310.5941,315.90436,6691.386,"spacetrack"
45780,"2026-09-23 16:00:02+00",8.589e-05,15.86792,0.00021756,0.0004291,308.41333,314.15417,6689.421,"spacetrack"
45780,"2026-09-24 02:04:02.183+00",0.00053773,15.868551,0.00142676,0.0004132,308.34232,313.8703,6689.243,"spacetrack"
46141,"2026-09-17 00:00:04+00",0.0003415,15.76724,0.00055608,0.0003105,337.64395,341.81573,6717.8667,"spacetrack"
46141,"2026-09-18 20:00:01.999+00",3.9881e-05,15.770979,5.979e-05,0.000385,336.082,341.25394,6716.805,"spacetrack"
46141,"2026-09-19 21:28:29.402+00",0.00060254,15.772553,0.00101543,0.0003836,335.64447,340.79727,6716.358,"spacetrack"
46141,"2026-09-20 21:48:18.186+00",0.00053,15.774517,0.00089914,0.0004403,334.70676,340.6207,6715.801,"spacetrack"
46141,"2026-09-21 06:55:41.017+00",0.00056512,15.775285,0.00096314,0.0004212,334.61722,340.2744,6715.583,"spacetrack"
46141,"2026-09-22 20:56:09.487+00",0.00057885,15.778462,0.00100143,0.000464,333.42838,339.6596,6714.681,"spacetrack"
46141,"2026-09-23 19:44:13.133+00",0.00062416,15.780447,0.00109122,0.0004818,332.7461,339.21582,6714.118,"spacetrack"
46174,"2026-09-17 14:00:03+00",0.00075574,15.862632,0.0019623,0.0002728,310.945,314.59558,6690.907,"spacetrack"
46174,"2026-09-18 20:00:01.999+00",0.0010041,15.86701,0.0026883,0.0002763,309.69116,313.38788,6689.6763,"spacetrack"
46174,"2026-09-19 20:00:01.999+00",0.00070793,15.870886,0.00191255,0.0002929,308.49115,312.40933,6688.5874,"spacetrack"
46174,"2026-09-20 16:00:02+00",0.0005531,15.874656,0.0015138,0.0003151,307.284,311.4985,6687.5283,"spacetrack"
46174,"2026-09-21 16:00:02+00",0.00057847,15.878535,0.00161632,0.0003364,306.05255,310.55118,6686.439,"spacetrack"
46174,"2026-09-22 16:00:02+00",0.00046225,15.881886,0.00130737,0.0003983,304.69882,310.02448,6685.4985,"spacetrack"
46174,"2026-09-23 16:00:02+00",0.00045799,15.886322,0.0013248,0.0004492,303.1143,309.11942,6684.254,"spacetrack"
46174,"2026-09-24 08:00:02+00",0.00087992,15.888972,0.00262475,0.0004505,302.36264,308.3845,6683.5107,"spacetrack"
46278,"2026-09-17 22:41:45.103+00",0.0006596,15.834496,0.00144956,0.0002231,319.19955,322.18857,6698.831,"spacetrack"
46278,"2026-09-18 22:57:40.7+00",0.00062097,15.83698,0.00137948,0.0002247,318.48834,321.4985,6698.1304,"spacetrack"
46278,"2026-09-19 12:36:32.229+00",0.00060313,15.83835,0.00134799,0.0002215,318.12338,321.09048,6697.744,"spacetrack"
46278,"2026-09-20 21:57:52.372+00",0.00059869,15.842014,0.00136163,0.0002404,316.96436,320.18414,6696.7114,"spacetrack"
46278,"2026-09-21 14:38:21.912+00",0.00059395,15.843845,0.0013626,0.0002457,316.41315,319.70364,6696.1953,"spacetrack"
46278,"2026-09-22 16:24:20.716+00",0.00057998,15.846805,0.00134916,0.0002623,315.46848,318.98087,6695.362,"spacetrack"
46278,"2026-09-23 21:11:52.039+00",0.00058567,15.850052,0.00138419,0.0002714,314.49332,318.12708,6694.4473,"spacetrack"
46278,"2026-09-24 04:46:24.976+00",0.00057178,15.851087,0.00135759,0.0002671,314.2308,317.80682,6694.156,"spacetrack"
46320,"2026-09-17 23:05:23.947+00",0.0006986,15.853683,0.00168587,0.0002248,313.78308,316.79245,6693.425,"spacetrack"
46320,"2026-09-18 23:19:32.926+00",0.00061312,15.856448,0.00149592,0.000232,312.957,316.06238,6692.6465,"spacetrack"
46320,"2026-09-19 23:33:26.618+00",0.00061001,15.859319,0.00150922,0.0002296,312.1656,315.2385,6691.839,"spacetrack"
46320,"2026-09-20 10:09:26.291+00",0.00060729,15.860591,0.00151175,0.0002247,311.8408,314.84793,6691.4814,"spacetrack"
46320,"2026-09-22 06:03:41.622+00",0.00063949,15.866329,0.0016391,0.0002315,310.18198,313.2794,6689.8677,"spacetrack"
46320,"2026-09-23 19:53:49.773+00",0.00067886,15.871432,0.00178675,0.0002417,308.68018,311.9134,6688.4336,"spacetrack"
46375,"2026-09-17 20:59:59.111+00",0.00088903,16.175488,0.01482679,0.0011716,218.4782,233.9535,6604.353,"spacetrack"
46375,"2026-09-18 20:41:56.984+00",0.00096137,16.213541,0.02157815,0.0012269,207.78767,223.96806,6594.0146,"spacetrack"
46375,"2026-09-19 23:16:28.679+00",0.00096726,16.284409,0.03996894,0.0012053,188.80827,204.65765,6574.87,"spacetrack"
46375,"2026-09-20 18:22:15.671+00",0.00065487,16.38608,0.07779263,0.0010147,162.86418,176.15196,6547.645,"spacetrack"
46384,"2026-09-17 08:56:44.838+00",0.0004457,15.739404,0.00064474,0.0003875,345.04184,350.2543,6725.785,"spacetrack"
46384,"2026-09-18 07:48:14.635+00",0.00042443,15.740482,0.00061632,0.0003683,344.8639,349.81787,6725.478,"spacetrack"
46384,"2026-09-19 21:53:52.016+00",0.00039034,15.74225,0.00057034,0.0003516,344.4727,349.2017,6724.974,"spacetrack"
46384,"2026-09-20 13:08:02.637+00",0.00038477,15.742953,0.00056378,0.000339,344.35757,348.91696,6724.7744,"spacetrack"
46384,"2026-09-21 21:07:40.784+00",0.00023065,15.744694,0.00033705,0.0002883,344.20285,348.08008,6724.2783,"spacetrack"
46384,"2026-09-22 19:58:43.575+00",0.00041606,15.745616,0.00061762,0.0002936,343.90482,347.85315,6724.016,"spacetrack"
46384,"2026-09-23 18:49:40.646+00",0.00039362,15.746775,0.00058671,0.0002877,343.61475,347.48355,6723.686,"spacetrack"
46457,"2026-09-17 21:27:11.813+00",0.00072936,15.777949,0.00123872,0.000915,330.54562,342.83377,6714.8267,"spacetrack"
46457,"2026-09-18 21:48:21.26+00",0.00058575,15.779972,0.00100081,0.0009152,329.97095,342.2607,6714.253,"spacetrack"
46457,"2026-09-19 22:09:19.395+00",0.000619,15.782058,0.00106843,0.0009208,329.34232,341.7062,6713.661,"spacetrack"
46457,"2026-09-20 20:58:48.218+00",0.00058224,15.784063,0.00101333,0.0009232,328.75787,341.15292,6713.0923,"spacetrack"
46457,"2026-09-21 01:32:40.771+00",0.00057878,15.784452,0.001009,0.0009251,328.63513,341.05548,6712.9824,"spacetrack"
46457,"2026-09-22 21:39:46.145+00",0.00063928,15.788511,0.00113661,0.0009097,327.5888,339.80032,6711.8315,"spacetrack"
46457,"2026-09-23 17:26:10.53+00",0.00063093,15.7903185,0.00113077,0.0009064,327.09927,339.26556,6711.3193,"spacetrack"
46457,"2026-09-24 02:33:42.172+00",0.00070591,15.791207,0.00127244,0.0009087,326.83243,339.0291,6711.068,"spacetrack"
46458,"2026-09-17 21:26:20.629+00",0.00064539,15.720972,0.00085366,0.0010742,345.67358,360.13455,6731.041,"spacetrack"
46458,"2026-09-18 21:52:49.363+00",0.00055631,15.72238,0.00073906,0.0010768,345.25485,359.74994,6730.639,"spacetrack"
46458,"2026-09-19 22:19:10.095+00",0.00056879,15.723853,0.0007606,0.0010812,344.80515,359.35855,6730.2188,"spacetrack"
46458,"2026-09-20 22:45:22.288+00",0.00051743,15.725385,0.00069577,0.0010791,344.3828,358.907,6729.7817,"spacetrack"
46458,"2026-09-21 21:39:48.372+00",0.00050464,15.726798,0.0006825,0.0010766,343.99673,358.48642,6729.3784,"spacetrack"
46458,"2026-09-22 22:05:44.104+00",0.00055607,15.728326,0.00075774,0.0010795,343.54202,358.0698,6728.943,"spacetrack"
46458,"2026-09-23 20:59:54.782+00",0.00062888,15.72981,0.00086354,0.0010699,343.18393,357.5816,6728.5195,"spacetrack"
46459,"2026-09-17 11:04:28.208+00",0.00091953,16.095068,0.00822492,0.0004728,245.06366,251.32953,6626.3335,"spacetrack"
46459,"2026-09-18 21:22:03.707+00",0.00086125,16.120386,0.00907954,0.0005222,237.79999,244.71329,6619.3936,"spacetrack"
46459,"2026-09-19 22:40:42.228+00",0.0009398,16.142033,0.01139967,0.0005774,231.51929,239.15654,6613.475,"spacetrack"
46459,"2026-09-20 22:27:59.957+00",0.00089188,16.166079,0.01272909,0.0006063,224.7724,232.78395,6606.915,"spacetrack"
46459,"2026-09-21 19:14:59.882+00",0.00087084,16.190754,0.01528101,0.0006451,217.8055,226.32108,6600.2,"spacetrack"
46459,"2026-09-22 23:23:57.053+00",0.0008732,16.233526,0.0214145,0.0007073,205.80475,215.12498,6588.602,"spacetrack"
46459,"2026-09-23 17:07:54.979+00",0.00088028,16.27423,0.03048042,0.0007775,194.36066,204.58884,6577.612,"spacetrack"
46459,"2026-09-24 03:27:09.855+00",0.00081,16.305374,0.03725207,0.0008198,185.71045,196.48137,6569.233,"spacetrack"
46460,"2026-09-17 21:58:02.752+00",0.0007821,15.892595,0.00229775,0.0001597,303.29065,305.42505,6682.4946,"spacetrack"
46460,"2026-09-18 22:08:34.863+00",0.00067307,15.896625,0.00196115,0.0001723,302.07718,304.37958,6681.365,"spacetrack"
46460,"2026-09-19 22:18:44.406+00",0.00071728,15.900878,0.00213569,0.0001866,300.79044,303.28348,6680.174,"spacetrack"
46460,"2026-09-20 17:56:42.098+00",0.00075934,15.904551,0.00230369,0.0001965,299.69608,302.32098,6679.1455,"spacetrack"
46460,"2026-09-21 21:07:16.883+00",0.00071436,15.909538,0.00222262,0.0002226,298.12607,301.099,6677.7495,"spacetrack"
46460,"2026-09-22 21:16:14.531+00",0.0007357,15.914246,0.00234507,0.0002551,296.59256,299.99887,6676.4326,"spacetrack"
46460,"2026-09-23 22:55:17.241+00",0.00077614,15.919439,0.00254135,0.0002825,294.95782,298.7292,6674.9805,"spacetrack"
46460,"2026-09-24 06:27:50.939+00",0.00080773,15.921149,0.00266846,0.0002897,294.43176,298.29898,6674.5024,"spacetrack"
46537,"2026-09-17 14:00:03+00",0.00082755,15.93693,0.00305242,0.0008887,286.0311,297.88654,6670.0957,"spacetrack"
46537,"2026-09-18 20:00:01.999+00",0.0016655,15.946526,0.0064865,0.0007775,284.09888,294.46674,6667.42,"spacetrack"
46537,"2026-09-19 20:00:01.999+00",0.0028324,15.964983,0.01209577,0.0003416,281.86703,286.4187,6662.28,"spacetrack"
46537,"2026-09-20 16:00:02+00",0.0023269,15.984367,0.01107399,0.0002011,277.41672,280.09412,6656.8926,"spacetrack"
46537,"2026-09-21 16:07:25.303+00",0.00076904,16.001577,0.00404528,0.0001313,273.1082,274.855,6652.1187,"spacetrack"
46537,"2026-09-22 22:05:28.983+00",0.00079203,16.013285,0.00446052,0.0001283,269.8857,271.59183,6648.876,"spacetrack"
46537,"2026-09-23 22:02:59.902+00",0.00082466,16.022774,0.00491225,0.0001532,267.09546,269.13187,6646.2505,"spacetrack"
46537,"2026-09-24 07:01:50.445+00",0.00092546,16.026785,0.00564749,0.0001924,265.72614,268.2832,6645.1416,"spacetrack"
46563,"2026-09-17 14:00:03+00",0.00049211,15.806198,0.00096445,0.0004393,325.7405,331.63312,6706.8237,"spacetrack"
46563,"2026-09-18 20:00:01.999+00",0.00076133,15.809226,0.00152682,0.000418,325.02728,330.63345,6705.9673,"spacetrack"
46563,"2026-09-19 20:00:01.999+00",0.00041882,15.812145,0.00084141,0.0004001,324.32214,329.68762,6705.142,"spacetrack"
46563,"2026-09-20 13:03:45.258+00",0.00070232,15.813967,0.00143766,0.0004001,323.80743,329.1725,6704.627,"spacetrack"
46563,"2026-09-21 11:48:42.798+00",0.00065726,15.816591,0.00136022,0.0003824,323.18478,328.3119,6703.8853,"spacetrack"
46563,"2026-09-22 13:35:23.392+00",0.00067248,15.819625,0.00141254,0.000373,322.39117,327.39163,6703.0283,"spacetrack"
46563,"2026-09-23 16:00:02+00",0.00029245,15.8232155,0.00061492,0.0003761,321.35666,326.39792,6702.014,"spacetrack"
46563,"2026-09-24 00:00:02+00",0.00017936,15.824437,0.00037545,0.0003698,321.05402,326.0106,6701.6694,"spacetrack"
46698,"2026-09-17 14:00:03+00",0.00082281,15.968095,0.00360416,0.0010564,276.24005,290.31427,6661.414,"spacetrack"
46698,"2026-09-18 20:00:01.999+00",0.0013022,15.977382,0.00601606,0.0010012,274.02872,287.36237,6658.8325,"spacetrack"
46698,"2026-09-19 20:00:01.999+00",0.0022504,15.995529,0.01142494,0.0006658,271.22818,280.08838,6653.7954,"spacetrack"
46698,"2026-09-20 15:43:27.622+00",0.0017396,16.014254,0.00983878,0.0003014,268.46655,272.47433,6648.6074,"spacetrack"
46698,"2026-09-21 09:41:16.439+00",0.0015025,16.030155,0.00933537,0.0002587,264.35428,267.792,6644.21,"spacetrack"
46698,"2026-09-23 12:32:00.501+00",0.0013519,16.050226,0.00948081,0.0003512,258.20157,262.86456,6638.67,"spacetrack"
46698,"2026-09-24 04:58:06.37+00",0.00098095,16.058289,0.00724599,0.0003477,256.00308,260.61807,6636.4478,"spacetrack"
46709,"2026-09-17 14:00:03+00",0.00072173,15.911668,0.00232433,0.0008649,293.24164,304.79178,6677.154,"spacetrack"
46709,"2026-09-18 20:00:01.999+00",0.0008568,15.917923,0.00285882,0.0009151,291.15857,303.37592,6675.4043,"spacetrack"
46709,"2026-09-19 20:00:01.999+00",0.0007841,15.922699,0.00268092,0.0009485,289.60202,302.26276,6674.0693,"spacetrack"
46709,"2026-09-20 16:00:02+00",0.00090966,15.926744,0.00318373,0.0009803,288.26062,301.3436,6672.939,"spacetrack"
46709,"2026-09-21 16:00:02+00",0.00092838,15.931978,0.00334246,0.0010085,286.61243,300.06882,6671.4775,"spacetrack"
46709,"2026-09-22 16:00:02+00",0.00092236,15.937476,0.00342051,0.0010333,284.91415,298.69827,6669.9434,"spacetrack"
46709,"2026-09-23 16:00:02+00",0.00091606,15.943198,0.00350415,0.0010591,283.14786,297.27274,6668.347,"spacetrack"
46709,"2026-09-24 08:00:02+00",0.00081942,15.94749,0.00320458,0.0010508,282.00818,296.01987,6667.151,"spacetrack"
46725,"2026-09-17 14:00:03+00",0.00070676,15.930431,0.00251187,0.0008332,288.21365,299.3317,6671.9097,"spacetrack"
46725,"2026-09-18 20:00:01.999+00",0.0013447,15.937405,0.00498614,0.0007944,286.52762,297.12488,6669.9634,"spacetrack"
46725,"2026-09-19 20:00:01.999+00",0.0018895,15.950312,0.007498,0.0005834,284.33847,292.11676,6666.3647,"spacetrack"
46725,"2026-09-20 16:00:02+00",0.0018831,15.962533,0.00797298,0.0003317,282.61447,287.03467,6662.9614,"spacetrack"
46725,"2026-09-21 16:00:02+00",0.00183,15.977933,0.00842872,0.0002105,279.1408,281.9441,6658.6797,"spacetrack"
46725,"2026-09-22 16:00:02+00",0.001669,15.993974,0.00841188,0.0002038,274.7335,277.44577,6654.2266,"spacetrack"
46725,"2026-09-23 10:58:49.644+00",0.0016621,16.00806,0.00907593,0.0002566,270.4788,273.89172,6650.3223,"spacetrack"
46786,"2026-09-17 20:26:19.159+00",0.00039997,16.43747,0.11056585,0.0007864,150.7155,160.99217,6533.9907,"spacetrack"
46794,"2026-09-17 22:09:31.573+00",0.0010566,16.282679,0.04279922,0.0010941,190.00464,204.39278,6575.336,"spacetrack"
46794,"2026-09-18 20:10:13.29+00",0.00038794,16.439774,0.1125808,0.0007749,150.1806,160.30603,6533.3804,"spacetrack"
46955,"2026-09-17 13:29:11.317+00",0.00027702,15.783605,0.00047621,0.0002349,333.50867,336.66254,6713.2227,"spacetrack"
46955,"2026-09-18 19:55:01.46+00",0.00023573,15.784677,0.00040664,0.0002374,333.188,336.37527,6712.9185,"spacetrack"
46955,"2026-09-19 20:15:36.422+00",0.00025002,15.78552,0.00043315,0.0002321,332.98453,336.10056,6712.6797,"spacetrack"
46955,"2026-09-20 12:59:42.688+00",0.0002561,15.786129,0.00044498,0.0002328,332.8073,335.93265,6712.507,"spacetrack"
46955,"2026-09-21 13:20:09.328+00",0.00026074,15.787053,0.000455,0.0002404,332.4943,335.72153,6712.245,"spacetrack"
46955,"2026-09-22 13:40:30.864+00",0.00024857,15.787961,0.00043539,0.0002504,332.16998,335.53134,6711.988,"spacetrack"
46955,"2026-09-23 12:29:31.57+00",0.0002333,15.788767,0.0004099,0.0002546,331.91327,335.33087,6711.7593,"spacetrack"
46955,"2026-09-24 00:39:38.224+00",0.00027058,15.789255,0.00047707,0.0002558,331.767,335.20065,6711.6206,"spacetrack"
47122,"2026-09-17 15:50:28.861+00",0.0008524,16.056147,0.00621269,0.0001996,257.57623,260.22574,6637.038,"spacetrack"
47122,"2026-09-19 14:07:02.903+00",0.00076115,16.079485,0.0064259,0.0003493,250.1611,254.79324,6630.6143,"spacetrack"
47122,"2026-09-20 19:56:07.217+00",0.00076515,16.096909,0.0072306,0.0004528,244.69122,250.69157,6625.8286,"spacetrack"
47122,"2026-09-21 13:48:35.734+00",0.00075139,16.108162,0.00764813,0.0005102,241.22635,247.98419,6622.742,"spacetrack"
47122,"2026-09-22 15:06:34.312+00",0.00078933,16.126167,0.00906074,0.0006023,235.6886,243.66042,6617.8115,"spacetrack"
47122,"2026-09-23 23:48:17.563+00",0.00080036,16.153316,0.01106316,0.0007191,227.50394,237.011,6610.3945,"spacetrack"
47135,"2026-09-17 20:44:37.15+00",0.00090228,16.300997,0.04362338,0.0012191,184.26213,200.2821,6570.409,"spacetrack"
47135,"2026-09-18 15:48:28.573+00",0.00038909,16.436005,0.10657769,0.0008693,150.5621,161.92278,6534.3794,"spacetrack"
47143,"2026-09-17 14:00:03+00",0.00072348,15.979443,0.00336084,0.0006714,275.65265,284.59335,6658.26,"spacetrack"
47143,"2026-09-18 20:00:01.999+00",0.00089343,15.988254,0.00437191,0.0007462,272.71,282.64313,6655.8135,"spacetrack"
47143,"2026-09-19 20:00:01.999+00",0.000887,15.99566,0.00452988,0.0008012,270.29092,280.95288,6653.759,"spacetrack"
47143,"2026-09-20 16:00:02+00",0.00087551,16.002579,0.00465426,0.0008373,268.13455,279.2737,6651.8413,"spacetrack"
47143,"2026-09-21 16:00:02+00",0.00078539,16.01084,0.00438144,0.0009047,265.40002,277.43173,6649.5527,"spacetrack"
47143,"2026-09-22 16:33:50.611+00",0.0011071,16.024982,0.00672018,0.0009521,261.17572,273.83032,6645.64,"spacetrack"
47143,"2026-09-23 13:30:33.353+00",0.00094932,16.037264,0.00620593,0.0009975,257.48373,270.73502,6642.2466,"spacetrack"
47171,"2026-09-17 21:43:24.465+00",0.00085947,16.188305,0.01560544,0.000483,219.54112,225.91756,6600.866,"spacetrack"
47171,"2026-09-18 21:24:16.603+00",0.00084946,16.224821,0.02062121,0.000666,208.43196,217.21112,6590.9585,"spacetrack"
47171,"2026-09-19 22:29:44.978+00",0.0009596,16.285713,0.03963587,0.0008127,191.0388,201.72502,6574.519,"spacetrack"
47171,"2026-09-20 14:39:41.517+00",0.0008013,16.364956,0.07370222,0.0007226,170.40593,179.87672,6553.2783,"spacetrack"
47596,"2026-09-17 21:12:16.107+00",0.0008381,16.19559,0.01611328,0.0005939,216.83072,224.66887,6598.8867,"spacetrack"
47596,"2026-09-18 23:49:48.597+00",0.0007923,16.236822,0.02124774,0.0007014,204.95277,214.19402,6587.7104,"spacetrack"
47596,"2026-09-19 21:57:08.001+00",0.00089881,16.29762,0.04147671,0.0007895,187.99103,198.36714,6571.316,"spacetrack"
47596,"2026-09-20 17:01:40.062+00",0.0005736,16.418507,0.10085778,0.0007899,155.71902,166.04938,6539.021,"spacetrack"
47625,"2026-09-17 14:00:03+00",0.00077961,15.856889,0.00197151,0.0006947,309.73633,319.0349,6692.5225,"spacetrack"
47625,"2026-09-18 20:00:01.999+00",0.00079235,15.861288,0.00204899,0.0006969,308.48492,317.81122,6691.285,"spacetrack"
47625,"2026-09-19 20:00:01.999+00",0.00059597,15.865303,0.00156113,0.0006868,307.42444,316.61404,6690.1562,"spacetrack"
47625,"2026-09-20 16:00:02+00",0.00083605,15.868236,0.00224182,0.0006757,306.67505,315.715,6689.332,"spacetrack"
47625,"2026-09-21 16:00:02+00",0.00081455,15.872605,0.00223097,0.0006517,305.60852,314.3258,6688.104,"spacetrack"
47625,"2026-09-22 16:00:02+00",0.00079126,15.876663,0.0022102,0.0006374,304.56512,313.0897,6686.9644,"spacetrack"
47625,"2026-09-23 16:00:02+00",0.00074699,15.880944,0.00212897,0.0006315,303.40366,311.84778,6685.7627,"spacetrack"
47625,"2026-09-24 08:00:02+00",0.00079362,15.883944,0.00230064,0.0006101,302.70557,310.8625,6684.921,"spacetrack"
47627,"2026-09-17 14:00:03+00",0.00066343,15.894334,0.00201676,0.0003419,301.58585,306.155,6682.0073,"spacetrack"
47627,"2026-09-18 20:00:01.999+00",0.00058536,15.89927,0.00181936,0.000298,300.4965,304.47815,6680.6245,"spacetrack"
47627,"2026-09-19 20:00:01.999+00",0.00069371,15.903304,0.00213082,0.0002646,299.59018,303.12497,6679.4946,"spacetrack"
47627,"2026-09-20 16:00:02+00",0.00061857,15.907107,0.00193424,0.000269,298.49634,302.08932,6678.4297,"spacetrack"
47627,"2026-09-21 16:00:02+00",0.00060085,15.911349,0.00191984,0.0002522,297.42175,300.78976,6677.2427,"spacetrack"
47627,"2026-09-22 16:00:02+00",0.00062411,15.9157715,0.00204223,0.0002378,296.28134,299.45645,6676.006,"spacetrack"
47627,"2026-09-23 16:00:02+00",0.00060493,15.920434,0.00202769,0.0002405,294.96017,298.17072,6674.7026,"spacetrack"
47627,"2026-09-24 08:00:02+00",0.00071914,15.923549,0.00245712,0.0002656,293.92252,297.46765,6673.832,"spacetrack"
47728,"2026-09-17 14:00:03+00",0.00076043,15.875725,0.00211321,0.0007888,303.8162,314.36597,6687.228,"spacetrack"
47728,"2026-09-18 20:00:01.999+00",0.00061238,15.880642,0.00173529,0.0008164,302.25232,313.16898,6685.8477,"spacetrack"
47728,"2026-09-19 20:00:01.999+00",0.00039027,15.884989,0.00111983,0.0008482,300.82098,312.1608,6684.628,"spacetrack"
47728,"2026-09-20 16:00:02+00",0.00078573,15.88804,0.00224309,0.0008875,299.70328,311.56696,6683.772,"spacetrack"
47728,"2026-09-21 16:00:02+00",0.00087987,15.891977,0.00256703,0.0008976,298.5327,310.52945,6682.668,"spacetrack"
47728,"2026-09-22 16:00:02+00",0.00070155,15.896519,0.00208869,0.0009293,297.049,309.46707,6681.395,"spacetrack"
47728,"2026-09-23 16:00:02+00",0.00082226,15.900664,0.00250704,0.0009413,295.80865,308.38486,6680.234,"spacetrack"
47728,"2026-09-24 08:00:02+00",0.00070747,15.904003,0.00218976,0.0009342,294.92215,307.40173,6679.299,"spacetrack"
47736,"2026-09-17 17:38:33.747+00",0.00062742,15.754402,0.00097569,0.0004806,340.14844,346.60916,6721.5156,"spacetrack"
47736,"2026-09-18 21:02:45.645+00",0.00056725,15.756224,0.00088774,0.0005105,339.4296,346.29175,6720.9976,"spacetrack"
47736,"2026-09-19 19:52:46.733+00",0.00054354,15.757768,0.00085591,0.0005372,338.81146,346.03204,6720.5586,"spacetrack"
47736,"2026-09-20 20:13:58.897+00",0.00048205,15.759425,0.00076311,0.00055,338.2543,345.64642,6720.0874,"spacetrack"
47736,"2026-09-21 20:35:01.719+00",0.00052967,15.761113,0.00084639,0.0005991,337.44492,345.49634,6719.6074,"spacetrack"
47736,"2026-09-22 22:27:13.203+00",0.00051333,15.762877,0.00082631,0.0005992,336.94327,344.99545,6719.1064,"spacetrack"
47736,"2026-09-23 22:47:56.467+00",0.00053812,15.764598,0.00087363,0.0005919,336.50372,344.45724,6718.6177,"spacetrack"
47736,"2026-09-24 06:24:23.028+00",0.0006056,15.76524,0.00098822,0.0006149,336.167,344.42932,6718.435,"spacetrack"
47746,"2026-09-17 13:37:09.02+00",0.00099322,15.779403,0.00174577,0.0005651,332.48297,340.0716,6714.414,"spacetrack"
47746,"2026-09-18 18:30:00.506+00",4.3734e-05,15.780404,6.926e-05,0.0006465,331.65268,340.33405,6714.1304,"spacetrack"
47746,"2026-09-19 18:49:02.529+00",0.00061275,15.782963,0.00108382,0.0006707,330.76498,339.77036,6713.405,"spacetrack"
47746,"2026-09-20 17:36:44.021+00",0.00039348,15.7846,0.00069552,0.0006605,330.36935,339.23715,6712.9404,"spacetrack"
47746,"2026-09-21 19:26:35.639+00",0.0005155,15.786799,0.0009252,0.0007267,329.30197,339.05765,6712.317,"spacetrack"
47746,"2026-09-22 15:11:38.713+00",0.00050472,15.788375,0.00091211,0.0007401,328.7658,338.7007,6711.87,"spacetrack"
47746,"2026-09-23 20:03:25.907+00",0.00060007,15.7907095,0.00110066,0.0009029,327.0123,339.1314,6711.209,"spacetrack"
47746,"2026-09-24 08:00:02+00",0.00039598,15.791971,0.00072446,0.0007754,327.51068,337.91788,6710.851,"spacetrack"
47767,"2026-09-17 14:00:03+00",0.00081208,15.995898,0.00416539,0.0011248,268.07184,283.04,6653.693,"spacetrack"
47767,"2026-09-18 17:14:26.653+00",0.00071654,16.005404,0.00388053,0.001134,265.37927,280.46387,6651.0586,"spacetrack"
47767,"2026-09-19 23:12:09.719+00",0.0007903,16.016321,0.00456739,0.0011613,262.1779,277.61862,6648.035,"spacetrack"
47767,"2026-09-20 15:40:21.957+00",0.00079245,16.02287,0.00476258,0.0011838,260.21927,275.9549,6646.224,"spacetrack"
47767,"2026-09-21 17:06:46.206+00",0.00078394,16.03351,0.00501929,0.0011581,257.45248,272.83966,6643.283,"spacetrack"
47767,"2026-09-22 20:01:49.5+00",0.00081597,16.045706,0.00562816,0.0011787,253.95335,269.6063,6639.917,"spacetrack"
47767,"2026-09-23 12:28:10.299+00",0.00082061,16.053753,0.00594619,0.0011677,251.80963,267.3113,6637.6973,"spacetrack"
47767,"2026-09-24 04:54:00.688+00",0.00088856,16.062492,0.00679499,0.0011543,249.49344,264.81168,6635.2896,"spacetrack"
47778,"2026-09-17 12:25:42.098+00",0.00060739,15.7296295,0.00084682,0.0005397,346.8027,354.06552,6728.5713,"spacetrack"
47778,"2026-09-19 13:13:11.733+00",0.00059466,15.732945,0.00084089,0.0005802,345.58527,353.39203,6727.6255,"spacetrack"
47778,"2026-09-20 22:45:29.559+00",0.00056401,15.735208,0.0008048,0.0006233,344.6508,353.03662,6726.9805,"spacetrack"
47778,"2026-09-21 12:28:37.197+00",0.00056283,15.736158,0.00080646,0.0006315,344.32498,352.82083,6726.71,"spacetrack"
47778,"2026-09-22 11:20:23.589+00",0.00055905,15.73774,0.00080684,0.0007415,343.13477,353.10983,6726.2593,"spacetrack"
47778,"2026-09-23 11:43:27.674+00",0.00053592,15.739414,0.0007785,0.000722,342.78906,352.5011,6725.782,"spacetrack"
47778,"2026-09-24 04:29:13.794+00",0.00066442,15.740655,0.00097418,0.0007301,342.38144,352.2019,6725.4287,"spacetrack"
47993,"2026-09-17 14:00:03+00",0.00081414,15.945727,0.00313942,0.0005188,286.04605,292.9644,6667.642,"spacetrack"
47993,"2026-09-18 20:00:01.999+00",0.0014703,15.954853,0.00597584,0.0004714,283.82043,290.1043,6665.0996,"spacetrack"
47993,"2026-09-19 20:00:01.999+00",0.0022157,15.9707985,0.00979459,0.0001549,281.4937,283.5572,6660.6626,"spacetrack"
47993,"2026-09-20 16:00:02+00",0.0020038,15.987087,0.00969824,8.11e-05,277.4605,278.54016,6656.137,"spacetrack"
47993,"2026-09-21 22:38:27.205+00",0.0017981,16.015505,0.01023391,0.0002403,268.527,271.72217,6648.2617,"spacetrack"
47993,"2026-09-22 22:35:04.014+00",0.00085535,16.036835,0.00554253,0.0002693,262.43918,266.01675,6642.3647,"spacetrack"
47993,"2026-09-23 21:00:42.661+00",0.00085686,16.047733,0.00593013,0.0001963,259.91705,262.52365,6639.3574,"spacetrack"
48022,"2026-09-17 14:00:03+00",0.00058859,15.825206,0.00126597,0.000395,320.6682,325.96237,6701.452,"spacetrack"
48022,"2026-09-18 20:00:01.999+00",0.00028945,15.828751,0.00062464,0.0003667,319.85773,324.77185,6700.4517,"spacetrack"
48022,"2026-09-19 20:00:01.999+00",0.00028068,15.831116,0.00061224,0.0003504,319.2998,323.995,6699.784,"spacetrack"
48022,"2026-09-20 16:00:02+00",0.00039714,15.833447,0.00088169,0.0003429,318.69235,323.28662,6699.1265,"spacetrack"
48022,"2026-09-21 14:03:58.122+00",0.0005932,15.835547,0.00134089,0.0003502,318.0514,322.74307,6698.534,"spacetrack"
48022,"2026-09-22 14:17:56.182+00",0.00060487,15.8383875,0.00138659,0.0002997,317.58917,321.6038,6697.7334,"spacetrack"
48022,"2026-09-23 22:05:51.711+00",0.0009165,15.8426075,0.00216691,0.0003158,316.29245,320.52197,6696.5444,"spacetrack"
48022,"2026-09-24 04:09:13.836+00",0.00078947,15.843077,0.00186309,0.00026,316.53378,320.0159,6696.4116,"spacetrack"
48376,"2026-09-17 14:00:03+00",0.00092922,15.897097,0.00289654,0.0004566,300.0455,306.1468,6681.233,"spacetrack"
48376,"2026-09-18 20:00:01.999+00",0.00059345,15.903249,0.00181825,0.0004468,298.38852,304.35733,6679.51,"spacetrack"
48376,"2026-09-19 20:00:01.999+00",0.00063553,15.9069,0.00198681,0.0004249,297.51303,303.1884,6678.488,"spacetrack"
48376,"2026-09-20 16:00:02+00",0.00069087,15.910558,0.00220438,0.0004259,296.48337,302.1712,6677.4644,"spacetrack"
48376,"2026-09-21 16:00:02+00",0.00065222,15.914874,0.00212659,0.0004153,295.3473,300.89258,6676.257,"spacetrack"
48376,"2026-09-22 16:00:02+00",0.00064923,15.91941,0.0021677,0.0004004,294.17902,299.52435,6674.989,"spacetrack"
48376,"2026-09-23 16:00:02+00",0.00059202,15.924008,0.00202216,0.0003802,293.02908,298.10376,6673.7036,"spacetrack"
48376,"2026-09-24 08:00:02+00",0.0007446,15.927136,0.00259476,0.0003863,292.1149,297.27032,6672.8296,"spacetrack"
48427,"2026-09-17 15:49:40.703+00",0.0006313,16.2317,0.01673152,0.0004861,207.75563,214.16156,6589.0957,"spacetrack"
48427,"2026-09-18 08:03:08.802+00",0.00057383,16.254448,0.01842806,0.000419,202.05168,207.56819,6582.947,"spacetrack"
48427,"2026-09-19 16:25:06.202+00",0.00056909,16.322691,0.03454387,0.0004252,183.65779,189.24031,6564.586,"spacetrack"
48427,"2026-09-20 05:36:27.562+00",0.00049563,16.376404,0.05357754,0.0003961,169.49236,174.68144,6550.224,"spacetrack"
48442,"2026-09-17 13:31:23.671+00",0.00066122,15.769127,0.00110032,0.0007455,334.18616,344.2017,6717.331,"spacetrack"
48442,"2026-09-18 20:00:01.999+00",-2.0636e-05,15.772248,-4.13e-05,0.0007653,333.16745,343.44763,6716.4443,"spacetrack"
48442,"2026-09-19 18:45:11.908+00",0.00060527,15.773573,0.00102607,0.0007738,332.73465,343.12845,6716.0684,"spacetrack"
48442,"2026-09-20 16:02:28.188+00",0.0006085,15.775401,0.00104031,0.0007891,332.11334,342.71182,6715.55,"spacetrack"
48442,"2026-09-21 19:24:27.491+00",0.00058112,15.777706,0.00100319,0.000811,331.31277,342.2043,6714.8955,"spacetrack"
48442,"2026-09-22 18:12:35.93+00",0.00053173,15.779609,0.00092468,0.0008663,330.40213,342.0354,6714.356,"spacetrack"
48442,"2026-09-23 20:02:56.536+00",0.00065537,15.781965,0.00115638,0.0008419,329.8983,341.2028,6713.6875,"spacetrack"
48442,"2026-09-24 05:10:04.047+00",0.00074797,15.782943,0.0013292,0.0008385,329.6441,340.9025,6713.41,"spacetrack"
48465,"2026-09-17 15:14:29.317+00",0.00083032,16.339563,0.05780312,0.0005662,178.2145,185.64311,6560.066,"spacetrack"
48465,"2026-09-18 04:24:12.606+00",0.00022774,16.48558,0.1573223,0.0005066,139.83194,146.4393,6521.2725,"spacetrack"
48562,"2026-09-17 14:00:03+00",0.00072762,15.869424,0.00195608,0.0007858,305.60474,316.11716,6688.998,"spacetrack"
48562,"2026-09-18 20:00:01.999+00",0.00075895,15.873368,0.0020833,0.0007529,304.71765,314.78827,6687.89,"spacetrack"
48562,"2026-09-19 20:00:01.999+00",0.0007459,15.876837,0.00208257,0.000736,303.85733,313.70047,6686.916,"spacetrack"
48562,"2026-09-20 16:00:02+00",0.00058955,15.880125,0.00166376,0.0007404,302.90543,312.80606,6685.9927,"spacetrack"
48562,"2026-09-21 16:00:02+00",0.00058091,15.883618,0.00166804,0.0007267,302.0174,311.7334,6685.012,"spacetrack"
48562,"2026-09-22 16:00:02+00",0.00064002,15.887305,0.0018771,0.000713,301.07532,310.60666,6683.978,"spacetrack"
48562,"2026-09-23 16:00:02+00",0.00050347,15.890986,0.00149596,0.0006938,300.1722,309.44547,6682.946,"spacetrack"
48562,"2026-09-24 08:00:02+00",0.00081049,15.89332,0.00237463,0.0007029,299.4577,308.85168,6682.2915,"spacetrack"
48582,"2026-09-17 14:00:03+00",0.00065127,15.808717,0.00130238,0.0010357,321.02887,334.9199,6706.1113,"spacetrack"
48582,"2026-09-18 20:00:01.999+00",0.00067326,15.81283,0.00137334,0.0010048,320.07422,333.54846,6704.948,"spacetrack"
48582,"2026-09-19 20:00:01.999+00",0.00091189,15.816227,0.0019035,0.0009856,319.24396,332.45886,6703.9883,"spacetrack"
48582,"2026-09-20 16:00:02+00",0.00033206,15.819629,0.00068999,0.0009876,318.27036,331.5102,6703.0273,"spacetrack"
48582,"2026-09-21 16:00:02+00",0.00044636,15.822941,0.00094727,0.0009719,317.44095,330.46848,6702.092,"spacetrack"
48582,"2026-09-22 16:00:02+00",0.00043123,15.826419,0.00092978,0.0009579,316.55374,329.39172,6701.11,"spacetrack"
48582,"2026-09-23 16:00:02+00",0.00049821,15.830005,0.00109568,0.0009471,315.61514,328.30646,6700.0977,"spacetrack"
48582,"2026-09-24 08:00:02+00",0.00089233,15.8324,0.0020116,0.0009606,314.84937,327.7203,6699.422,"spacetrack"
48909,"2026-09-17 13:27:55.297+00",0.00058731,16.173855,0.00897266,0.0004077,223.9675,229.35304,6604.7974,"spacetrack"
48909,"2026-09-19 01:04:18.665+00",0.00054869,16.20297,0.0105429,0.0004679,215.6588,221.83217,6596.8823,"spacetrack"
48909,"2026-09-20 21:28:28.197+00",0.00061784,16.255583,0.01813421,0.0004858,201.30573,207.70142,6582.6406,"spacetrack"
48909,"2026-09-21 13:42:58.28+00",0.00057832,16.279043,0.02080531,0.0005277,194.70767,201.64832,6576.315,"spacetrack"
48909,"2026-09-22 23:34:06.933+00",0.00052663,16.3707,0.04678435,0.0007053,168.98729,178.22919,6551.745,"spacetrack"
48931,"2026-09-17 08:20:41.968+00",0.00031843,15.777472,0.00053328,0.0002925,334.86102,338.78928,6714.962,"spacetrack"
48931,"2026-09-18 07:10:36.703+00",0.00031565,15.77845,0.0005309,0.0002992,334.53857,338.55664,6714.6846,"spacetrack"
48931,"2026-09-19 19:42:17.901+00",0.0003083,15.779949,0.00052191,0.0002848,334.2101,338.03458,6714.2593,"spacetrack"
48931,"2026-09-20 20:03:18.434+00",0.00029113,15.780946,0.00049479,0.000278,333.973,337.70596,6713.9766,"spacetrack"
48931,"2026-09-21 12:47:41.948+00",0.00028122,15.781601,0.0004792,0.0002702,333.83966,337.4678,6713.7905,"spacetrack"
48931,"2026-09-22 13:08:33.467+00",0.00028926,15.782581,0.00049519,0.000265,333.59677,337.15494,6713.5127,"spacetrack"
48931,"2026-09-23 13:29:19.087+00",0.0003234,15.783712,0.000557,0.0002627,333.29156,336.81866,6713.192,"spacetrack"
48948,"2026-09-17 12:54:12.928+00",0.00028798,15.777719,0.0004824,0.0003155,334.63657,338.87366,6714.892,"spacetrack"
48948,"2026-09-18 02:36:09.677+00",0.00028185,15.778256,0.00047316,0.0003005,334.58478,338.62036,6714.7397,"spacetrack"
48948,"2026-09-20 20:02:50.187+00",0.00031116,15.780984,0.00052924,0.0002961,333.84076,337.81677,6713.966,"spacetrack"
48948,"2026-09-21 12:47:13.478+00",0.00027824,15.781648,0.00047419,0.0002956,333.65594,337.62512,6713.7773,"spacetrack"
48948,"2026-09-22 13:08:04.701+00",0.00028423,15.782619,0.00048659,0.000282,333.4718,337.2582,6713.502,"spacetrack"
48948,"2026-09-23 13:28:50.358+00",0.00028658,15.783633,0.00049288,0.0002678,333.27963,336.8752,6713.2144,"spacetrack"
48957,"2026-09-17 12:54:04.078+00",0.00030061,15.77774,0.00050379,0.0003175,334.61716,338.8811,6714.886,"spacetrack"
48957,"2026-09-19 09:02:27.251+00",0.00031285,15.77953,0.00052869,0.0003002,334.22556,338.25687,6714.3784,"spacetrack"
48957,"2026-09-20 20:02:40.805+00",0.00029569,15.780988,0.00050272,0.0003099,333.747,337.90833,6713.965,"spacetrack"
48957,"2026-09-21 12:47:04.054+00",0.0002813,15.781667,0.00047951,0.000303,333.60074,337.66928,6713.772,"spacetrack"
48957,"2026-09-22 13:07:55.263+00",0.00028822,15.782633,0.00049353,0.0002966,333.36996,337.35242,6713.498,"spacetrack"
48957,"2026-09-23 19:33:51.257+00",0.00031818,15.783955,0.00054855,0.0002811,333.09924,336.87335,6713.1235,"spacetrack"
48964,"2026-09-17 12:23:09.647+00",0.00057322,16.134394,0.00666175,0.00027,235.63889,239.21129,6615.562,"spacetrack"
48964,"2026-09-18 09:13:03.811+00",0.00055582,16.146301,0.0070086,0.0003,232.1884,236.15579,6612.309,"spacetrack"
48964,"2026-09-19 09:00:22.582+00",0.00054459,16.1605,0.00758004,0.0003197,228.1856,232.41103,6608.4355,"spacetrack"
48964,"2026-09-20 13:13:30.73+00",0.00057595,16.181158,0.0093838,0.0003687,222.23811,227.10703,6602.8096,"spacetrack"
48964,"2026-09-21 12:57:35.499+00",0.00054895,16.199959,0.01029711,0.0003516,217.2433,221.8828,6597.7,"spacetrack"
48964,"2026-09-22 12:39:51.243+00",0.0005746,16.222828,0.01288121,0.0003835,210.83348,215.88916,6591.4985,"spacetrack"
48964,"2026-09-23 19:43:09.381+00",0.00056503,16.260843,0.01733239,0.0004468,200.1435,206.02446,6581.221,"spacetrack"
49158,"2026-09-17 15:14:11.905+00",0.00056381,16.068274,0.00433945,0.0007433,250.62993,260.49158,6633.6978,"spacetrack"
49158,"2026-09-18 09:09:43.694+00",0.00055581,16.074717,0.00445456,0.0007539,248.78868,258.7883,6631.9253,"spacetrack"
49158,"2026-09-19 13:31:46.392+00",0.00051544,16.08486,0.00440656,0.0007729,245.87605,256.12335,6629.1367,"spacetrack"
49158,"2026-09-20 13:24:12.995+00",0.00054401,16.094122,0.00493654,0.0007892,243.22644,253.68585,6626.5933,"spacetrack"
49158,"2026-09-21 13:15:48.857+00",0.00052099,16.103828,0.00503725,0.000802,240.48103,251.10582,6623.9307,"spacetrack"
49158,"2026-09-22 20:33:25.567+00",0.00052162,16.117617,0.00552574,0.000811,236.64607,247.38396,6620.152,"spacetrack"
49158,"2026-09-23 12:56:16.244+00",0.00052977,16.125484,0.00591593,0.0008091,234.50674,245.216,6617.9985,"spacetrack"
49158,"2026-09-24 05:18:37.376+00",0.00057642,16.13405,0.00681788,0.0008133,232.13849,242.89952,6615.6562,"spacetrack"
49176,"2026-09-17 23:02:00.888+00",0.00056121,16.15952,0.00790014,0.0006172,226.48666,234.64445,6608.7026,"spacetrack"
49176,"2026-09-18 12:24:03.549+00",0.00053067,16.168144,0.00794953,0.0006385,223.99716,232.43347,6606.3525,"spacetrack"
49176,"2026-09-19 12:08:48.309+00",0.00052982,16.185017,0.00906989,0.0006811,219.12653,228.11945,6601.76,"spacetrack"
49176,"2026-09-20 14:49:43.605+00",0.00054462,16.207405,0.0110746,0.0007348,212.69548,222.38849,6595.679,"spacetrack"
49176,"2026-09-21 23:23:06.109+00",0.0005055,16.240406,0.01342419,0.000811,203.26233,213.94603,6586.741,"spacetrack"
49176,"2026-09-22 21:32:22.807+00",0.00051688,16.270147,0.01772389,0.0008634,194.8948,206.25493,6578.712,"spacetrack"
49176,"2026-09-23 22:35:33.477+00",0.00048183,16.31469,0.02500281,0.0009441,182.39526,194.79457,6566.732,"spacetrack"
49176,"2026-09-24 11:49:26.368+00",0.00046196,16.348278,0.033708,0.0009771,173.18994,186.00507,6557.7344,"spacetrack"
50163,"2026-09-17 14:00:03+00",0.0006228,15.857988,0.00157257,0.000374,311.5734,316.57916,6692.2134,"spacetrack"
50163,"2026-09-18 20:00:01.999+00",0.00082321,15.861278,0.00212813,0.0004012,310.46664,315.83575,6691.288,"spacetrack"
50163,"2026-09-19 20:00:01.999+00",0.00071846,15.864453,0.00188028,0.0004431,309.29358,315.22263,6690.395,"spacetrack"
50163,"2026-09-20 16:00:02+00",0.00057232,15.86687,0.00150777,0.000455,308.5349,314.62253,6689.716,"spacetrack"
50163,"2026-09-21 16:00:02+00",0.00046546,15.870181,0.00124133,0.000486,307.39746,313.89896,6688.785,"spacetrack"
50163,"2026-09-22 16:00:02+00",0.00054975,15.87281,0.00149104,0.0005157,306.4605,313.35855,6688.0464,"spacetrack"
50163,"2026-09-23 16:00:02+00",0.00088333,15.877329,0.00248283,0.000574,304.80237,312.4788,6686.7773,"spacetrack"
50163,"2026-09-24 08:00:02+00",0.00093108,15.880607,0.00266577,0.0005662,303.93497,311.50604,6685.8574,"spacetrack"
51053,"2026-09-17 22:31:21.15+00",0.0005903,15.882768,0.0016403,0.0004452,304.1378,310.09033,6685.251,"spacetrack"
51053,"2026-09-18 19:41:24.849+00",0.00055311,15.885329,0.00155496,0.0004456,303.41678,309.37402,6684.532,"spacetrack"
51053,"2026-09-19 22:54:03.081+00",0.00058079,15.888681,0.00162663,0.0004536,302.42337,308.48672,6683.592,"spacetrack"
51053,"2026-09-20 03:26:07.399+00",0.00057886,15.889293,0.00162615,0.0004525,302.25943,308.30795,6683.421,"spacetrack"
51053,"2026-09-22 15:52:47.239+00",0.00048604,15.897047,0.00141881,0.0005054,299.73343,306.48682,6681.247,"spacetrack"
51053,"2026-09-23 22:05:26.533+00",0.00057777,15.901127,0.00172281,0.0004918,298.68204,305.2526,6680.1045,"spacetrack"
51103,"2026-09-17 05:12:09.337+00",0.00031005,14.648736,9.279e-05,0.0471483,344.82092,1010.1417,7055.618,"spacetrack"
51103,"2026-09-18 22:11:04.035+00",0.00026014,14.649006,7.764e-05,0.0471322,344.85193,1009.9374,7055.5317,"spacetrack"
51103,"2026-09-19 21:08:02.081+00",0.00023709,14.649139,7.063e-05,0.0471223,344.8808,1009.8225,7055.489,"spacetrack"
51103,"2026-09-20 21:43:20.384+00",0.00021526,14.649277,6.4e-05,0.0471123,344.9095,1009.70593,7055.445,"spacetrack"
51103,"2026-09-21 22:18:37.682+00",0.00021804,14.649414,6.482e-05,0.0471031,344.93222,1009.59467,7055.4004,"spacetrack"
51103,"2026-09-22 21:15:32.946+00",0.00021746,14.649538,6.463e-05,0.0470941,344.9578,1009.4895,7055.361,"spacetrack"
51103,"2026-09-23 21:50:48.372+00",0.00023983,14.649679,7.137e-05,0.0470829,344.99377,1009.3632,7055.3154,"spacetrack"
51103,"2026-09-24 06:02:33.286+00",0.00024187,14.649727,7.198e-05,0.0470803,344.99747,1009.32874,7055.3003,"spacetrack"
51659,"2026-09-17 17:13:23.677+00",0.00051557,15.975533,0.00227529,0.0004629,278.1269,284.2921,6659.3467,"spacetrack"
51659,"2026-09-18 18:46:32.623+00",0.00050481,15.980504,0.00228949,0.0004447,276.86758,282.78918,6657.9653,"spacetrack"
51659,"2026-09-19 03:47:32.513+00",0.00051184,15.982281,0.00234423,0.0004252,276.50403,282.16556,6657.4717,"spacetrack"
51659,"2026-09-20 21:51:24.07+00",0.00050261,15.990772,0.0024131,0.0003811,274.44156,279.51407,6655.1147,"spacetrack"
51659,"2026-09-21 21:52:59.228+00",0.00051262,15.995878,0.00253256,0.0003352,273.3311,277.79172,6653.698,"spacetrack"
51659,"2026-09-22 21:54:06.045+00",0.00053994,16.001247,0.00274995,0.0003113,272.0019,276.14355,6652.21,"spacetrack"
51659,"2026-09-23 21:54:43.738+00",0.00053745,16.006723,0.00282361,0.0002706,270.75626,274.35562,6650.693,"spacetrack"
51659,"2026-09-24 06:54:50.038+00",0.00054291,16.00894,0.00288869,0.00026,270.21286,273.6709,6650.079,"spacetrack"
51775,"2026-09-17 14:26:51.151+00",0.00047387,15.866565,0.00124156,0.0004806,308.4496,314.87982,6689.802,"spacetrack"
51775,"2026-09-18 22:11:27.622+00",0.00042145,15.869417,0.00111729,0.0004558,307.81393,313.91165,6689,"spacetrack"
51775,"2026-09-19 22:22:21.514+00",0.00044739,15.871637,0.00120068,0.0004391,307.3023,313.17606,6688.376,"spacetrack"
51775,"2026-09-20 22:33:03.239+00",0.00039026,15.873885,0.00105626,0.0004134,306.84305,312.37247,6687.7446,"spacetrack"
51775,"2026-09-21 21:12:53.394+00",0.00044726,15.876029,0.00122689,0.0003782,306.47653,311.5347,6687.1426,"spacetrack"
51775,"2026-09-22 21:23:10.586+00",0.00046412,15.878445,0.00128964,0.0003471,306.0066,310.64832,6686.4644,"spacetrack"
51775,"2026-09-23 21:33:14.601+00",0.00047348,15.880861,0.00133238,0.0003448,305.34372,309.95422,6685.786,"spacetrack"
51775,"2026-09-24 02:05:06.411+00",0.00053714,15.881365,0.00151955,0.0003343,305.27267,309.7427,6685.6445,"spacetrack"
52295,"2026-09-17 14:00:03+00",0.0017431,15.9627905,0.00738801,0.000129,283.89325,285.61227,6662.8896,"spacetrack"
52295,"2026-09-18 20:00:01.999+00",0.0019016,15.981856,0.00894509,0.0001058,278.74823,280.15698,6657.5894,"spacetrack"
52295,"2026-09-19 20:00:01.999+00",0.001781,15.9992285,0.00923788,0.0001067,273.92282,275.34253,6652.7695,"spacetrack"
52295,"2026-09-20 22:43:51.523+00",0.0015842,16.01972,0.0092511,9.93e-05,268.29816,269.6183,6647.095,"spacetrack"
52295,"2026-09-21 12:12:07.987+00",0.0010743,16.028849,0.00663429,0.0001264,265.5944,267.27414,6644.5713,"spacetrack"
52295,"2026-09-22 12:07:47.742+00",0.0012042,16.047726,0.00832115,8.44e-05,260.66193,261.78265,6639.3594,"spacetrack"
52295,"2026-09-23 09:02:38.593+00",0.0011198,16.06397,0.00855091,0.0001546,255.72005,257.77155,6634.883,"spacetrack"
52295,"2026-09-24 05:56:18.735+00",0.00073274,16.076296,0.00605574,4.95e-05,253.02571,253.68222,6631.491,"spacetrack"
52579,"2026-09-17 14:53:39.255+00",0.00075956,16.316904,0.04179969,0.0002513,186.35088,189.65102,6566.138,"spacetrack"
52579,"2026-09-18 14:19:29.019+00",0.00018402,16.4792,0.11876742,0.000792,139.6522,149.98456,6522.9556,"spacetrack"
52794,"2026-09-18 22:59:21.514+00",0.0003498,15.689149,0.00041784,0.0029849,341.8845,382.1218,6740.14,"spacetrack"
52794,"2026-09-19 15:48:11.247+00",0.00035938,15.689755,0.00043068,0.0029921,341.6625,381.99582,6739.9663,"spacetrack"
52794,"2026-09-20 14:43:47.91+00",0.00039603,15.690654,0.0004773,0.0029933,341.39798,381.7459,6739.709,"spacetrack"
52794,"2026-09-21 15:11:01.686+00",0.00037455,15.691619,0.00045278,0.0029929,341.12518,381.46606,6739.4326,"spacetrack"
52794,"2026-09-22 15:38:10.11+00",0.0003932,15.692597,0.00047774,0.0029929,340.846,381.1852,6739.153,"spacetrack"
52794,"2026-09-23 14:33:31.718+00",0.00037858,15.693518,0.00046143,0.0029914,340.59335,380.9108,6738.889,"spacetrack"
52794,"2026-09-24 07:22:04.424+00",0.00043687,15.694271,0.00053556,0.0029883,340.39917,380.67352,6738.6733,"spacetrack"
52908,"2026-09-17 22:35:15.482+00",0.0010641,15.808559,0.00219847,0.0008556,322.281,333.7566,6706.156,"spacetrack"
52908,"2026-09-18 22:50:00.368+00",0.0010128,15.812398,0.0021284,0.0008553,321.1988,332.6685,6705.071,"spacetrack"
52908,"2026-09-19 20:02:37.16+00",0.0007723,15.815515,0.00163729,0.0008576,320.30316,331.8022,6704.1895,"spacetrack"
52908,"2026-09-20 23:18:25.818+00",0.00091017,15.820249,0.00198051,0.0008471,319.03705,330.393,6702.852,"spacetrack"
52908,"2026-09-21 23:32:04.506+00",0.001004,15.824535,0.00223562,0.0008448,317.8431,329.1662,6701.6416,"spacetrack"
52908,"2026-09-22 23:45:18.86+00",0.00099989,15.829007,0.00227463,0.000822,316.73462,327.75003,6700.3794,"spacetrack"
52908,"2026-09-23 23:58:07.875+00",0.0010941,15.83374,0.00255347,0.0008224,315.3978,326.41638,6699.044,"spacetrack"
52989,"2026-09-17 14:00:03+00",0.00089973,15.984657,0.00430056,0.0002249,277.17786,280.17212,6656.812,"spacetrack"
52989,"2026-09-18 20:00:01.999+00",0.00093211,15.995417,0.00473694,0.0002118,274.28012,277.09866,6653.826,"spacetrack"
52989,"2026-09-19 22:43:17.447+00",0.0010078,16.005997,0.00544451,0.0002301,271.22647,274.2872,6650.894,"spacetrack"
52989,"2026-09-20 22:41:31.137+00",0.00086792,16.01489,0.00493538,0.0001971,268.98413,271.60495,6648.4316,"spacetrack"
52989,"2026-09-21 22:38:55.248+00",0.00077596,16.02412,0.00465712,0.0001872,266.4969,268.9851,6645.878,"spacetrack"
52989,"2026-09-22 22:35:28.251+00",0.00083292,16.033903,0.00530065,0.0001798,263.84338,266.23227,6643.175,"spacetrack"
52989,"2026-09-23 22:31:09.857+00",0.0006777,16.043217,0.00455947,0.000174,261.31073,263.62167,6640.603,"spacetrack"
52989,"2026-09-24 05:59:37.972+00",0.00076307,16.04695,0.00525377,0.0001368,260.52835,262.34494,6639.5737,"spacetrack"
53152,"2026-09-17 15:50:47.972+00",0.00057053,16.10478,0.00567365,0.0002378,243.95706,247.10728,6623.669,"spacetrack"
53152,"2026-09-18 11:12:10.426+00",0.00055699,16.113884,0.00588588,0.0002481,241.39474,244.68018,6621.1743,"spacetrack"
53152,"2026-09-19 13:59:07.456+00",0.00053543,16.127054,0.0061869,0.0002731,237.62476,241.23926,6617.569,"spacetrack"
53152,"2026-09-20 12:17:11.031+00",0.00056243,16.139507,0.00707942,0.000278,234.18867,237.86615,6614.1646,"spacetrack"
53152,"2026-09-21 13:32:20.123+00",0.00053259,16.154987,0.00747635,0.00029,229.88449,233.71825,6609.9385,"spacetrack"
53152,"2026-09-22 19:12:52.124+00",0.00055814,16.17615,0.0091127,0.000291,224.11386,227.95749,6604.173,"spacetrack"
53152,"2026-09-23 14:28:52.641+00",0.00055739,16.192078,0.01022089,0.0002644,219.95897,223.44896,6599.841,"spacetrack"
53152,"2026-09-24 05:17:17.984+00",0.00059955,16.206223,0.01246586,0.0002242,216.38393,219.34157,6595.9995,"spacetrack"
53206,"2026-09-17 22:00:02+00",0.0014603,15.987744,0.00688178,0.0001316,276.9421,278.69394,6655.955,"spacetrack"
53206,"2026-09-18 20:00:01.999+00",0.0015127,16.00077,0.00766326,0.0001137,273.44858,274.9613,6652.342,"spacetrack"
53206,"2026-09-19 22:08:17.622+00",0.0014321,16.019823,0.00808747,0.000176,267.7597,270.0995,6647.0664,"spacetrack"
53206,"2026-09-20 20:36:46.955+00",0.001044,16.036554,0.00651527,0.000207,262.93042,265.6804,6642.4424,"spacetrack"
53206,"2026-09-21 19:03:45.847+00",0.0014114,16.055998,0.00984826,0.0001155,258.17545,259.70862,6637.079,"spacetrack"
53206,"2026-09-22 20:29:05.219+00",0.00055924,16.064217,0.00413151,0.0002154,255.24887,258.10715,6634.815,"spacetrack"
53206,"2026-09-23 20:23:59.128+00",0.00051611,16.071894,0.00400021,0.0003138,252.48357,256.64627,6632.702,"spacetrack"
53206,"2026-09-24 20:17:58.998+00",0.0013096,16.086842,0.01103149,0.0001561,249.42068,251.49013,6628.5923,"spacetrack"
53480,"2026-09-17 22:54:43.386+00",0.00055702,16.112,0.00558024,0.0003679,241.11755,245.98979,6621.6904,"spacetrack"
53480,"2026-09-18 12:19:29.69+00",0.0005241,16.118042,0.00546664,0.0003973,239.26855,244.52884,6620.0356,"spacetrack"
53480,"2026-09-19 13:38:46.748+00",0.00052031,16.129974,0.0058797,0.0004465,235.67911,241.58788,6616.7705,"spacetrack"
53480,"2026-09-20 11:58:20.407+00",0.0005388,16.141785,0.00659732,0.0004873,232.18242,238.62798,6613.542,"spacetrack"
53480,"2026-09-21 11:46:04.763+00",0.00051745,16.155386,0.00696724,0.0005578,228.00609,235.38002,6609.83,"spacetrack"
53480,"2026-09-22 14:30:46.277+00",0.00051038,16.172453,0.00782133,0.0006447,222.7834,231.30013,6605.1787,"spacetrack"
53480,"2026-09-23 14:15:38.815+00",0.00051986,16.18974,0.0090625,0.0007191,217.59274,227.08554,6600.476,"spacetrack"
53480,"2026-09-24 05:05:23.225+00",0.00057733,16.202244,0.01107498,0.0007648,213.89735,223.98825,6597.0796,"spacetrack"
53490,"2026-09-17 14:00:03+00",0.0027369,15.907331,0.00840768,0.0001487,299.23697,301.2231,6678.367,"spacetrack"
53490,"2026-09-18 22:00:03+00",0.0024656,15.930827,0.00854297,0.0001504,292.65866,294.66556,6671.7993,"spacetrack"
53490,"2026-09-19 20:00:01.999+00",0.0025643,15.9463825,0.00962742,0.0001349,288.42303,290.22192,6667.4595,"spacetrack"
53490,"2026-09-20 22:00:03+00",0.0019775,15.966591,0.00828675,0.0001629,282.61035,284.78076,6661.8325,"spacetrack"
53490,"2026-09-21 16:00:02+00",0.0021352,15.979411,0.00958012,0.0001557,279.09528,281.16867,6658.269,"spacetrack"
53490,"2026-09-22 12:00:03+00",0.0017243,15.995376,0.00846769,0.0001722,274.55508,276.84665,6653.838,"spacetrack"
53490,"2026-09-23 22:07:19.707+00",0.0012982,16.020958,0.00738842,0.00024,267.0207,270.21112,6646.753,"spacetrack"
53490,"2026-09-24 14:36:15.478+00",0.0013356,16.03407,0.00819914,0.0002399,263.39792,266.5853,6643.1284,"spacetrack"
53492,"2026-09-17 22:16:09.36+00",0.00053985,16.229689,0.0128532,0.0007771,206.38242,216.62402,6589.64,"spacetrack"
53492,"2026-09-18 20:26:53.046+00",0.00050696,16.256721,0.01512048,0.0008568,198.55663,209.83612,6582.3335,"spacetrack"
53492,"2026-09-19 21:32:02.927+00",0.00053473,16.296745,0.02280393,0.0009742,187.01254,199.81656,6571.552,"spacetrack"
53492,"2026-09-20 21:04:00.724+00",0.00051071,16.371637,0.0464832,0.0010634,166.39139,180.3251,6551.495,"spacetrack"
53492,"2026-09-21 05:51:08.425+00",0.00028029,16.431314,0.07588649,0.0011661,149.86472,165.1071,6535.623,"spacetrack"
53499,"2026-09-17 22:00:02+00",0.0015336,15.896997,0.00448188,0.0001389,302.19604,304.0521,6681.261,"spacetrack"
53499,"2026-09-18 22:00:03+00",0.00026749,15.9061,0.0008131,0.00014,299.63968,301.5097,6678.712,"spacetrack"
53499,"2026-09-19 20:00:01.999+00",0.00062229,15.909925,0.00193871,0.0001406,298.5652,300.44296,6677.641,"spacetrack"
53499,"2026-09-20 22:00:03+00",0.0012757,15.918082,0.00414908,0.0001333,296.3329,298.11252,6675.36,"spacetrack"
53499,"2026-09-21 16:00:02+00",0.001573,15.92454,0.0052875,0.0001174,294.63455,296.2015,6673.555,"spacetrack"
53499,"2026-09-22 14:00:03+00",0.0012312,15.933974,0.00434781,0.000126,291.943,293.62405,6670.9204,"spacetrack"
53499,"2026-09-23 16:00:02+00",0.0013947,15.942245,0.00514272,0.000125,289.64264,291.3098,6668.6133,"spacetrack"
53499,"2026-09-24 08:00:02+00",0.0011415,15.94927,0.00436944,0.0001453,287.54904,289.48636,6666.655,"spacetrack"
53505,"2026-09-17 22:35:11.939+00",0.00054557,16.075508,0.0043348,0.0006419,249.3138,257.82758,6631.7075,"spacetrack"
53505,"2026-09-18 12:01:49.919+00",0.00050905,16.08015,0.00416467,0.0006412,248.04276,256.54562,6630.431,"spacetrack"
53505,"2026-09-19 13:24:49.798+00",0.00049925,16.08914,0.00432425,0.0006425,245.56558,254.0825,6627.961,"spacetrack"
53505,"2026-09-20 11:47:54.835+00",0.00052271,16.097858,0.00478778,0.0006477,243.13927,251.72203,6625.568,"spacetrack"
53505,"2026-09-21 11:39:43.073+00",0.00048583,16.10747,0.00473768,0.0006464,240.514,249.07613,6622.932,"spacetrack"
53505,"2026-09-22 05:32:54.022+00",0.00099229,16.119991,0.01041295,0.0006375,237.14514,245.585,6619.502,"spacetrack"
53505,"2026-09-23 15:46:02.472+00",0.00072625,16.155392,0.00972797,0.00065,227.39519,235.98796,6609.8286,"spacetrack"
53505,"2026-09-24 03:39:28.428+00",0.00060712,16.162605,0.00858489,0.0006559,225.39014,234.05832,6607.8613,"spacetrack"
53509,"2026-09-17 22:00:02+00",0.0014496,15.739967,0.0021045,0.000152,346.46524,348.50983,6725.6245,"spacetrack"
53509,"2026-09-18 22:00:03+00",0.0012704,15.744396,0.00187444,0.0001674,345.10062,347.35196,6724.3633,"spacetrack"
53509,"2026-09-19 20:00:01.999+00",0.00091162,15.746993,0.00135135,0.000146,344.5053,346.4686,6723.624,"spacetrack"
53509,"2026-09-20 22:00:03+00",0.0006822,15.7499075,0.00101972,0.0001455,343.67932,345.63565,6722.7944,"spacetrack"
53509,"2026-09-21 16:00:02+00",0.0017802,15.751968,0.00274217,0.0001463,343.0878,345.05472,6722.208,"spacetrack"
53509,"2026-09-22 14:00:03+00",0.0013875,15.757042,0.00216975,0.00015,341.61993,343.63617,6720.765,"spacetrack"
53509,"2026-09-23 16:00:02+00",0.0019164,15.76231,0.00310072,0.0001494,340.1266,342.1343,6719.2676,"spacetrack"
53509,"2026-09-24 08:00:02+00",0.0019149,15.765965,0.00314996,0.0001598,339.01816,341.1653,6718.2285,"spacetrack"
53649,"2026-09-17 18:48:58.448+00",0.00088164,16.051397,0.00601851,0.0002875,258.3015,262.11856,6638.347,"spacetrack"
53649,"2026-09-18 23:14:07.106+00",0.00050275,16.061674,0.00365718,0.0002173,255.93625,258.82004,6635.515,"spacetrack"
53649,"2026-09-19 21:39:33.813+00",0.00052439,16.06879,0.00398612,0.0002516,253.74998,257.08798,6633.556,"spacetrack"
53649,"2026-09-20 21:34:01.362+00",0.00049359,16.076889,0.00394716,0.0002936,251.2437,255.1376,6631.3276,"spacetrack"
53649,"2026-09-21 19:58:09.24+00",0.0005581,16.08496,0.00469567,0.0003296,248.78708,253.157,6629.109,"spacetrack"
53649,"2026-09-22 19:51:08.394+00",0.00052291,16.093966,0.00466129,0.0003784,245.99178,251.00682,6626.636,"spacetrack"
53649,"2026-09-23 12:15:50.366+00",0.00053784,16.100517,0.00500116,0.0003972,244.06992,249.33269,6624.8384,"spacetrack"
53649,"2026-09-24 06:09:34.944+00",0.00058676,16.10837,0.00574026,0.0004173,241.78442,247.31172,6622.685,"spacetrack"
53653,"2026-09-17 19:34:45.422+00",0.00076106,16.062204,0.00554912,0.0001645,256.14066,258.3237,6635.369,"spacetrack"
53653,"2026-09-18 12:01:29.033+00",0.00062683,16.067053,0.00471153,0.0001694,254.77318,257.02078,6634.034,"spacetrack"
53653,"2026-09-19 10:26:29.292+00",0.00051155,16.074093,0.00401823,0.0001855,252.72984,255.19034,6632.097,"spacetrack"
53653,"2026-09-20 11:50:03.094+00",0.00055481,16.083292,0.00461692,0.0002114,250.02924,252.83223,6629.568,"spacetrack"
53653,"2026-09-21 11:43:10.693+00",0.00052902,16.092266,0.00466161,0.0002398,247.3764,250.55476,6627.1025,"spacetrack"
53653,"2026-09-22 20:32:23.492+00",0.00051847,16.105387,0.00497317,0.0002676,243.59355,247.13846,6623.503,"spacetrack"
53653,"2026-09-23 20:23:29.595+00",0.00053777,16.115913,0.00552658,0.0002854,240.592,244.37103,6620.6187,"spacetrack"
53653,"2026-09-24 06:49:17.951+00",0.00058145,16.120987,0.00617816,0.0003337,238.8833,243.30098,6619.229,"spacetrack"
53669,"2026-09-17 14:00:03+00",0.00068109,15.98565,0.00317832,0.0002889,276.47617,280.3223,6656.536,"spacetrack"
53669,"2026-09-18 22:00:03+00",0.00045086,15.992499,0.00218468,0.0003326,274.28522,278.71188,6654.6357,"spacetrack"
53669,"2026-09-19 20:00:01.999+00",0.00025084,15.997006,0.00124373,0.0003457,272.94846,277.5486,6653.3857,"spacetrack"
53669,"2026-09-20 22:00:03+00",0.00041688,16.002108,0.00213286,0.0003758,271.33456,276.3342,6651.971,"spacetrack"
53669,"2026-09-21 20:27:36.042+00",0.00071719,16.007572,0.00378863,0.0003724,269.8441,274.79733,6650.4575,"spacetrack"
53669,"2026-09-22 20:27:35.806+00",0.00065743,16.014647,0.00361669,0.0003561,267.99445,272.7295,6648.499,"spacetrack"
53669,"2026-09-23 23:26:47.444+00",0.00059592,16.022924,0.00343851,0.0002832,266.18945,269.9539,6646.2085,"spacetrack"
53669,"2026-09-24 03:56:34.411+00",0.00065279,16.02449,0.00380121,0.0002739,265.81842,269.45895,6645.776,"spacetrack"
53740,"2026-09-21 16:00:02+00",0.0026576,15.731958,0.0039017,0.0001202,348.9612,350.5786,6727.9067,"spacetrack"
53740,"2026-09-22 14:00:03+00",0.0025866,15.739604,0.00392496,0.0001229,346.76447,348.41766,6725.728,"spacetrack"
53740,"2026-09-23 16:00:02+00",0.0025033,15.748544,0.00394906,0.0001262,344.1971,345.89404,6723.1826,"spacetrack"
53740,"2026-09-24 08:00:02+00",0.003042,15.753688,0.00496948,0.000124,342.74835,344.41534,6721.7188,"spacetrack"
53891,"2026-09-17 22:00:02+00",0.0012564,15.900191,0.00403054,0.0001198,301.42896,303.02957,6680.366,"spacetrack"
53891,"2026-09-18 22:00:03+00",0.00086228,15.9070425,0.00270737,0.0001395,299.37924,301.24252,6678.4478,"spacetrack"
53891,"2026-09-19 20:00:01.999+00",0.0011114,15.912089,0.00359133,0.0001074,298.18155,299.61578,6677.0356,"spacetrack"
53891,"2026-09-20 22:00:03+00",0.0011089,15.920841,0.00375037,9.61e-05,295.81006,297.0929,6674.5884,"spacetrack"
53891,"2026-09-21 22:00:03+00",0.001229,15.928841,0.00433837,0.0001357,293.31143,295.12228,6672.354,"spacetrack"
53891,"2026-09-22 14:00:03+00",0.0010529,15.934843,0.00383318,0.000141,291.60043,293.48157,6670.678,"spacetrack"
53891,"2026-09-23 16:00:02+00",0.00097661,15.943963,0.00373112,0.0001449,289.0309,290.96335,6668.1343,"spacetrack"
53891,"2026-09-24 08:00:02+00",0.001135,15.949321,0.00446797,0.0001376,287.58618,289.42087,6666.6406,"spacetrack"
54015,"2026-09-17 20:39:35.867+00",0.00052591,16.227797,0.01307952,0.000744,207.11267,216.91881,6590.153,"spacetrack"
54015,"2026-09-18 18:48:37.029+00",0.00071952,16.262405,0.0240911,0.0008546,197.03835,208.28624,6580.7993,"spacetrack"
54015,"2026-09-19 16:53:55.31+00",0.00063075,16.319592,0.0361328,0.0009004,181.3683,193.19131,6565.417,"spacetrack"
54015,"2026-09-20 11:57:11.854+00",0.0004562,16.42166,0.08251091,0.0004916,156.83315,163.26149,6538.184,"spacetrack"
54039,"2026-09-17 19:39:43.591+00",0.00046305,15.849716,0.0010949,0.0012632,307.94815,324.86124,6694.5415,"spacetrack"
54039,"2026-09-19 00:26:58.583+00",0.00041789,15.852142,0.00099815,0.0012304,307.48535,323.9576,6693.8584,"spacetrack"
54039,"2026-09-20 23:24:33.609+00",0.00037459,15.856012,0.00091025,0.0012044,306.57144,322.693,6692.769,"spacetrack"
54039,"2026-09-21 23:38:31.936+00",0.00038962,15.857971,0.00095606,0.0011811,306.1769,321.98526,6692.2183,"spacetrack"
54039,"2026-09-22 23:52:19.101+00",0.00042355,15.8601055,0.00105111,0.0011608,305.7132,321.24844,6691.6177,"spacetrack"
54039,"2026-09-23 13:29:58.988+00",0.00041277,15.861364,0.00103028,0.0011555,305.39502,320.85852,6691.2637,"spacetrack"
54776,"2026-09-17 22:00:02+00",0.0046561,15.782482,0.00907474,0.0001204,334.59543,336.21207,6713.5405,"spacetrack"
54776,"2026-09-18 22:00:03+00",0.003931,15.797133,0.00808554,0.0001214,330.43753,332.06656,6709.389,"spacetrack"
54776,"2026-09-19 22:00:02+00",0.0040817,15.812609,0.00912028,0.0001235,326.04602,327.70215,6705.011,"spacetrack"
54776,"2026-09-20 22:00:03+00",0.0035697,15.8286,0.00852833,0.0001271,321.50555,323.20883,6700.494,"spacetrack"
54776,"2026-09-21 22:00:03+00",0.0033425,15.844698,0.00862343,0.0001278,316.9624,318.6739,6695.955,"spacetrack"
54776,"2026-09-22 14:00:03+00",0.0029636,15.85561,0.00799605,9.84e-05,314.08698,315.40414,6692.8823,"spacetrack"
54776,"2026-09-23 16:00:02+00",0.0030829,15.872741,0.00916057,0.0001052,309.22565,310.6328,6688.0664,"spacetrack"
54776,"2026-09-24 08:00:02+00",0.0030791,15.883471,0.00970592,9.27e-05,306.29703,307.53644,6685.0537,"spacetrack"
55010,"2026-09-17 22:53:29.034+00",0.00083306,15.776186,0.00140359,0.0003144,335.0787,339.3013,6715.327,"spacetrack"
55010,"2026-09-18 21:43:27.459+00",0.00081215,15.77853,0.00138226,0.0003092,334.44855,338.6009,6714.6616,"spacetrack"
55010,"2026-09-19 00:46:06.377+00",0.00080427,15.778825,0.00137044,0.0003112,334.35162,338.5308,6714.578,"spacetrack"
55010,"2026-09-20 22:25:21.275+00",0.00070111,15.78388,0.00121947,0.0002883,333.0719,336.94272,6713.1445,"spacetrack"
55010,"2026-09-21 22:45:55.755+00",0.00074472,15.786535,0.00131225,0.0002797,332.3773,336.1322,6712.3916,"spacetrack"
55010,"2026-09-22 21:34:59.811+00",0.00074129,15.788853,0.00132006,0.0003371,331.33542,335.86047,6711.735,"spacetrack"
55010,"2026-09-23 20:23:51.642+00",0.00088948,15.791544,0.00160865,0.0002703,331.0213,334.64923,6710.972,"spacetrack"
55010,"2026-09-24 07:02:34.88+00",0.00085433,15.792849,0.00155315,0.0002864,330.54376,334.3876,6710.6025,"spacetrack"
55041,"2026-09-17 22:37:55.563+00",0.00051459,15.777738,0.00086698,0.0002525,335.05405,338.44507,6714.8867,"spacetrack"
55041,"2026-09-18 12:19:52.019+00",0.00050987,15.778607,0.00086227,0.0002457,334.85306,338.15265,6714.6396,"spacetrack"
55041,"2026-09-19 21:48:51.687+00",0.00047605,15.780811,0.00081242,0.0002195,334.4039,337.35135,6714.0146,"spacetrack"
55041,"2026-09-20 19:07:09.989+00",0.00048118,15.782231,0.00082652,0.0002137,334.04022,336.90964,6713.612,"spacetrack"
55041,"2026-09-21 22:30:32.418+00",0.00044421,15.783905,0.00076811,0.0002089,333.59796,336.4027,6713.137,"spacetrack"
55041,"2026-09-22 22:51:09.905+00",0.00046604,15.785477,0.00081201,0.0002025,333.19537,335.91403,6712.692,"spacetrack"
55041,"2026-09-23 18:37:48.989+00",0.00050501,15.786766,0.00088586,0.0001925,332.89713,335.48135,6712.326,"spacetrack"
55041,"2026-09-24 05:16:44.43+00",0.0004911,15.787533,0.00086416,0.0001776,332.7799,335.16403,6712.109,"spacetrack"
55056,"2026-09-21 17:32:49.14+00",0.00062118,15.717471,0.0008075,0.0006685,349.40335,358.40408,6732.0405,"spacetrack"
55056,"2026-09-22 16:27:56.132+00",0.00065745,15.719105,0.00086113,0.0006614,348.985,357.8895,6731.574,"spacetrack"
55056,"2026-09-23 16:54:34.063+00",0.00063174,15.720843,0.00083319,0.0006561,348.5246,357.35712,6731.0776,"spacetrack"
55056,"2026-09-24 03:36:09.913+00",0.00074728,15.721775,0.00099153,0.0006608,348.22733,357.12277,6730.812,"spacetrack"
57047,"2026-09-17 22:07:42.655+00",3.8741e-06,16.008728,1.428e-05,0.0010325,265.13437,278.8669,6650.1377,"spacetrack"
57047,"2026-09-18 08:37:47.626+00",0.00020458,16.008541,0.00109413,0.0013692,262.94662,281.1575,6650.189,"spacetrack"
57047,"2026-09-19 08:37:59.112+00",0.00026387,16.0097,0.00141695,0.0011014,264.4068,279.05515,6649.868,"spacetrack"
57047,"2026-09-20 13:08:07.375+00",0.00029054,16.009857,0.00156287,0.0011359,264.13422,279.2413,6649.8247,"spacetrack"
57047,"2026-09-21 22:08:19.264+00",0.00024773,16.00967,0.00132991,0.0011141,264.33084,279.1481,6649.8765,"spacetrack"
57047,"2026-09-22 20:38:25.443+00",3.7121e-06,16.009886,1.355e-05,0.0010933,264.40973,278.95023,6649.817,"spacetrack"
57047,"2026-09-23 22:08:30.932+00",4.3726e-06,16.009993,1.713e-05,0.0010779,264.48227,278.81787,6649.787,"spacetrack"
57300,"2026-09-24 06:00:02+00",0.0020726,15.728545,0.00299824,0.0001792,349.5375,351.94916,6728.8804,"spacetrack"
57412,"2026-09-17 22:00:02+00",0.0040496,15.813875,0.00922214,0.0001768,325.33047,327.70123,6704.653,"spacetrack"
57412,"2026-09-18 21:02:20.626+00",0.0035004,15.829513,0.00849963,0.0001341,321.20123,322.99823,6700.237,"spacetrack"
57412,"2026-09-19 22:46:18.68+00",0.0016709,15.840131,0.00404583,0.0001709,317.9605,320.24963,6697.242,"spacetrack"
57412,"2026-09-20 21:28:09.74+00",0.00087271,15.842951,0.0020912,0.0001735,317.14853,319.4722,6696.4473,"spacetrack"
57412,"2026-09-21 21:40:31.811+00",0.00032524,15.845296,0.0007728,0.0001861,316.40356,318.89575,6695.7866,"spacetrack"
57412,"2026-09-22 20:21:50.996+00",0.0010068,15.849695,0.00250483,6.54e-05,315.9728,316.84845,6694.548,"spacetrack"
57412,"2026-09-23 20:33:36.209+00",0.00048316,15.852357,0.00119647,0.0001796,314.45886,316.86328,6693.798,"spacetrack"
57412,"2026-09-24 05:37:55.292+00",0.00083524,15.854146,0.00211278,0.0002672,313.3692,316.9461,6693.2944,"spacetrack"
57422,"2026-09-18 08:43:23.052+00",-2.7414e-06,16.040743,-2.283e-05,0.0006863,258.59113,267.70694,6641.286,"spacetrack"
57422,"2026-09-22 02:33:33.68+00",-9.2543e-05,16.04001,-0.00059771,0.0005204,259.89514,266.8076,6641.4883,"spacetrack"
57422,"2026-09-23 12:59:47.778+00",-9.1401e-05,16.039957,-0.00059022,0.0005208,259.90698,266.82477,6641.503,"spacetrack"
57707,"2026-09-19 22:00:02+00",0.0035774,15.649991,0.00390203,0.003542,349.3279,397.15466,6751.3784,"spacetrack"
57707,"2026-09-20 22:00:03+00",0.0031398,15.657131,0.00350923,0.0035441,347.26828,395.10886,6749.3257,"spacetrack"
57707,"2026-09-21 22:00:03+00",0.00062499,15.658975,0.00067783,0.0035232,346.88165,394.43637,6748.796,"spacetrack"
57707,"2026-09-22 22:00:02+00",0.00080462,15.659993,0.00087937,0.0035098,346.68036,394.05215,6748.5034,"spacetrack"
57707,"2026-09-23 22:00:02+00",0.00017659,15.661472,0.00018902,0.0034893,346.39542,393.48755,6748.0786,"spacetrack"
57707,"2026-09-24 00:00:02+00",-5.6472e-05,15.661673,-6.639e-05,0.0034894,346.3372,393.4303,6748.0205,"spacetrack"
58136,"2026-09-17 22:00:02+00",0.0036787,15.671649,0.00436634,0.0030109,346.71066,387.32864,6745.1567,"spacetrack"
58136,"2026-09-18 22:00:03+00",0.0033666,15.678832,0.00410558,0.0030491,344.39902,385.51978,6743.096,"spacetrack"
58136,"2026-09-19 22:00:02+00",0.0037623,15.686808,0.00478106,0.0030717,341.9678,383.3793,6740.8105,"spacetrack"
58136,"2026-09-20 22:00:03+00",0.003393,15.6955385,0.00445511,0.0030766,339.44263,380.9048,6738.3105,"spacetrack"
58136,"2026-09-21 22:00:03+00",0.0012489,15.696198,0.00158979,0.0030945,339.1337,380.83594,6738.1216,"spacetrack"
58136,"2026-09-22 22:00:02+00",0.00080461,15.69796,0.00102346,0.003085,338.69513,380.26624,6737.6177,"spacetrack"
58136,"2026-09-23 22:00:02+00",0.0005427,15.699536,0.00069072,0.0030795,338.2826,379.7768,6737.1665,"spacetrack"
58136,"2026-09-24 00:00:02+00",4.8611e-05,15.700029,5.718e-05,0.0030761,338.16483,379.61237,6737.0254,"spacetrack"
58274,"2026-09-17 05:53:33.19+00",0.0015655,15.860817,0.00401795,0.0005303,309.73224,316.82913,6691.4175,"spacetrack"
58274,"2026-09-18 12:10:00.541+00",0.0015386,15.870746,0.00414882,0.0005238,306.9862,313.9932,6688.6265,"spacetrack"
58274,"2026-09-19 00:16:17.046+00",0.0014776,15.874409,0.00405162,0.0005319,305.90338,313.01764,6687.5977,"spacetrack"
58274,"2026-09-20 12:33:59.551+00",0.0016138,15.8871565,0.00449556,0.0005316,302.32953,309.43597,6684.0195,"spacetrack"
58274,"2026-09-21 18:47:22.697+00",0.0015669,15.898317,0.00461424,0.000511,299.34018,306.16803,6680.891,"spacetrack"
58274,"2026-09-22 20:27:42.928+00",0.0015603,15.908622,0.00484013,0.0005118,296.45108,303.28668,6678.006,"spacetrack"
58274,"2026-09-23 19:05:58.767+00",0.00173,15.918552,0.0056451,0.0005438,293.46136,300.72134,6675.2285,"spacetrack"
58274,"2026-09-24 05:39:33.048+00",0.0017018,15.923115,0.00568525,0.000552,292.13214,299.50018,6673.953,"spacetrack"
58285,"2026-09-17 12:55:42.031+00",0.0014646,15.865099,0.00383004,0.0006162,307.95404,316.19907,6690.2134,"spacetrack"
58285,"2026-09-18 13:08:35.492+00",0.0014201,15.872437,0.00384862,0.0005972,306.02032,314.00864,6688.1514,"spacetrack"
58285,"2026-09-19 11:50:04.301+00",0.0014224,15.879341,0.00399401,0.0006206,303.9263,312.22522,6686.213,"spacetrack"
58285,"2026-09-20 19:35:06.368+00",0.0014429,15.889852,0.00407524,0.0006046,301.0862,309.1676,6683.2637,"spacetrack"
58285,"2026-09-21 19:45:41.134+00",0.0014521,15.898329,0.0042786,0.0006063,298.70035,306.8016,6680.888,"spacetrack"
58285,"2026-09-23 20:04:24.891+00",0.0015469,15.916855,0.00500705,0.0006199,293.4278,301.70435,6675.703,"spacetrack"
58285,"2026-09-24 05:07:33.092+00",0.0015501,15.920236,0.00510729,0.0006852,292.04736,301.19446,6674.758,"spacetrack"
58286,"2026-09-17 12:44:57.555+00",0.0016784,16.026266,0.00985282,0.0008174,261.71622,272.57993,6645.285,"spacetrack"
58286,"2026-09-18 18:41:47.12+00",0.0016338,16.052744,0.01120779,0.0009235,253.7087,265.96902,6637.976,"spacetrack"
58286,"2026-09-19 05:09:57.089+00",0.0017501,16.0633,0.01274922,0.0009317,250.74869,263.1125,6635.0674,"spacetrack"
58286,"2026-09-20 06:33:41.234+00",0.0016875,16.091682,0.01458187,0.0009826,242.61415,255.63805,6627.263,"spacetrack"
58286,"2026-09-21 19:48:33.624+00",0.0018492,16.150934,0.02200737,0.0011536,225.28104,240.53404,6611.0444,"spacetrack"
58286,"2026-09-22 10:39:53.706+00",0.0014844,16.18198,0.02470469,0.0012762,216.02286,232.87529,6602.586,"spacetrack"
58286,"2026-09-23 22:09:15.839+00",0.0012507,16.324953,0.07149687,0.0015246,175.83482,195.84972,6563.9795,"spacetrack"
58304,"2026-09-17 05:50:54.479+00",0.0013558,15.796276,0.00253312,0.0004341,328.58228,334.4076,6709.632,"spacetrack"
58304,"2026-09-18 06:10:14.012+00",0.0013292,15.801262,0.00254015,0.0004297,327.20102,332.96606,6708.2207,"spacetrack"
58304,"2026-09-19 00:24:25.862+00",0.0012778,15.804841,0.00248036,0.0004479,326.06644,332.07474,6707.2075,"spacetrack"
58304,"2026-09-20 18:56:34.181+00",0.0013138,15.813668,0.00266039,0.0004199,323.75916,329.38977,6704.7114,"spacetrack"
58304,"2026-09-21 19:14:16.69+00",0.0013041,15.818906,0.00270647,0.0004072,322.36487,327.82397,6703.2314,"spacetrack"
58304,"2026-09-22 16:29:21.793+00",0.0012895,15.823754,0.0027376,0.0004056,321.0067,326.44327,6701.862,"spacetrack"
58304,"2026-09-23 19:48:10.245+00",0.0014216,15.830364,0.00312632,0.0004028,319.16055,324.55807,6699.996,"spacetrack"
58306,"2026-09-17 05:21:52.397+00",0.0018446,16.079899,0.01479138,0.0009963,245.75726,258.9692,6630.5,"spacetrack"
58306,"2026-09-18 05:14:20.814+00",0.0018347,16.112175,0.01777873,0.0010735,236.39734,250.61401,6621.6426,"spacetrack"
58306,"2026-09-19 13:58:43.368+00",0.0015951,16.168358,0.02402435,0.0012895,219.63808,236.6757,6606.294,"spacetrack"
58306,"2026-09-20 22:33:43.756+00",0.0014363,16.276123,0.05165632,0.0014379,189.50705,208.42148,6577.101,"spacetrack"
58306,"2026-09-21 05:55:47.441+00",0.0012889,16.320967,0.07043536,0.0014161,177.61443,196.20796,6565.0483,"spacetrack"
58308,"2026-09-17 21:46:12.521+00",0.0014798,15.839161,0.00340197,0.000438,316.44504,322.31207,6697.5156,"spacetrack"
58308,"2026-09-20 22:30:29.573+00",0.0012908,15.858134,0.00324079,0.0003949,311.3925,316.67795,6692.1724,"spacetrack"
58308,"2026-09-21 19:42:22.541+00",0.0014099,15.864289,0.00366359,0.0003903,309.6929,314.91547,6690.4414,"spacetrack"
58308,"2026-09-23 18:36:48.6+00",0.0013383,15.879035,0.00373916,0.0003907,305.54938,310.77405,6686.299,"spacetrack"
58308,"2026-09-24 05:11:56.518+00",0.0015502,15.883379,0.0044608,0.0003967,304.2904,309.59433,6685.0796,"spacetrack"
58309,"2026-09-17 05:29:45.172+00",0.0013543,15.801406,0.00259225,0.0005432,326.39886,333.6866,6708.1797,"spacetrack"
58309,"2026-09-18 11:53:13.692+00",0.0013025,15.807824,0.00256582,0.0005189,324.74698,331.70685,6706.364,"spacetrack"
58309,"2026-09-20 18:33:40.213+00",0.0013172,15.819312,0.00274009,0.000461,321.8894,328.0697,6703.1167,"spacetrack"
58309,"2026-09-21 18:50:51.192+00",0.0013325,15.8247595,0.00284574,0.0004069,320.71445,326.16818,6701.578,"spacetrack"
58309,"2026-09-22 17:36:29.754+00",0.0013396,15.830107,0.00293571,0.0003792,319.39142,324.47275,6700.0693,"spacetrack"
58309,"2026-09-23 19:23:40.24+00",0.0014024,15.836166,0.00317045,0.0004117,317.46515,322.98056,6698.36,"spacetrack"
58309,"2026-09-24 06:00:33.88+00",0.0015279,15.839005,0.00351431,0.0004155,316.63934,322.20502,6697.559,"spacetrack"
58401,"2026-09-20 05:29:57.572+00",0.00032678,15.698961,0.00039243,0.0013836,349.87238,368.51593,6737.331,"spacetrack"
58401,"2026-09-21 18:12:46.252+00",0.00029485,15.700127,0.00035558,0.0014015,349.4188,368.30258,6736.9976,"spacetrack"
58401,"2026-09-22 17:09:27.287+00",0.00027831,15.700716,0.00033636,0.0014181,349.13876,368.24576,6736.829,"spacetrack"
58401,"2026-09-23 17:37:51.417+00",0.00028878,15.701401,0.00035013,0.0014259,348.8906,368.1021,6736.6333,"spacetrack"
58401,"2026-09-24 05:52:01.873+00",0.00033567,15.701835,0.00040821,0.0014311,348.7315,368.01276,6736.5093,"spacetrack"
58412,"2026-09-17 22:00:02+00",0.00084604,15.85775,0.00217386,0.0027745,295.57565,332.71112,6692.2803,"spacetrack"
58412,"2026-09-18 22:00:03+00",0.00073302,15.8612585,0.00191437,0.0027943,294.45895,331.8539,6691.2935,"spacetrack"
58412,"2026-09-19 22:00:02+00",0.00048245,15.86515,0.00127598,0.0027902,293.39523,330.72922,6690.199,"spacetrack"
58412,"2026-09-20 22:00:03+00",0.00053925,15.868982,0.00145817,0.002814,292.16202,329.80838,6689.122,"spacetrack"
58412,"2026-09-21 22:00:03+00",0.00066702,15.872628,0.00184408,0.0028246,291.06964,328.85205,6688.0977,"spacetrack"
58412,"2026-09-22 22:00:02+00",0.00066721,15.876763,0.00188458,0.0028375,289.8252,327.77356,6686.9365,"spacetrack"
58412,"2026-09-23 22:00:02+00",0.0006797,15.881019,0.0019629,0.002842,288.60397,326.60574,6685.7417,"spacetrack"
58412,"2026-09-24 06:00:02+00",0.00094143,15.882131,0.00274302,0.0028292,288.3784,326.2072,6685.4297,"spacetrack"
58435,"2026-09-17 23:32:36.585+00",0.0004106,16.002325,0.00210256,0.0002472,272.13004,275.41873,6651.9116,"spacetrack"
58435,"2026-09-18 23:33:13.516+00",0.00038464,16.006296,0.00201441,0.0002398,271.07907,274.2688,6650.811,"spacetrack"
58435,"2026-09-19 22:03:28.64+00",0.00039884,16.010092,0.00213486,0.0002312,270.0854,273.16025,6649.76,"spacetrack"
58435,"2026-09-20 23:33:21.141+00",0.00039475,16.01478,0.00217078,0.0002264,268.81967,271.83008,6648.462,"spacetrack"
58435,"2026-09-21 22:02:52.903+00",0.00039655,16.01877,0.00223165,0.0002159,267.78592,270.65625,6647.358,"spacetrack"
58435,"2026-09-22 23:31:55.073+00",0.00039498,16.023706,0.00228754,0.0001844,266.6301,269.08115,6645.9927,"spacetrack"
58435,"2026-09-23 23:30:35.016+00",0.00041624,16.028374,0.00247798,0.0002143,265.14157,267.9895,6644.7026,"spacetrack"
58435,"2026-09-24 07:00:04.666+00",0.00043263,16.030039,0.00260105,0.0002087,264.71844,267.49176,6644.242,"spacetrack"
58507,"2026-09-17 22:45:26.4+00",0.0003116,15.266321,0.00016955,0.0220463,334.56235,637.2151,6864.026,"spacetrack"
58507,"2026-09-18 22:21:17.055+00",0.00027069,15.266587,0.00014742,0.0220384,334.53876,637.0795,6863.9463,"spacetrack"
58507,"2026-09-19 04:38:50.324+00",0.00026809,15.26666,0.00014602,0.0220352,334.5393,637.03516,6863.9243,"spacetrack"
58507,"2026-09-20 13:40:58.428+00",0.00025383,15.267036,0.00013842,0.0220275,334.4819,636.8671,6863.8115,"spacetrack"
58507,"2026-09-21 21:08:40.957+00",0.00023289,15.267372,0.00012714,0.0220192,334.44043,636.7073,6863.711,"spacetrack"
58507,"2026-09-22 19:10:03.44+00",0.00023541,15.267604,0.00012861,0.0220171,334.38678,636.62177,6863.641,"spacetrack"
58507,"2026-09-23 20:20:10.651+00",0.00026453,15.267894,0.00014463,0.0220162,334.30817,636.5269,6863.5547,"spacetrack"
58507,"2026-09-24 05:46:27.967+00",0.00027178,15.268003,0.00014864,0.0220162,334.2759,636.4932,6863.5215,"spacetrack"
58598,"2026-09-17 22:00:02+00",0.00099357,15.901535,0.00322995,0.003141,280.8711,322.8348,6679.9897,"spacetrack"
58598,"2026-09-18 16:48:53.123+00",0.0027764,15.925991,0.0102125,0.0029552,275.29205,314.73303,6673.1494,"spacetrack"
58598,"2026-09-19 19:51:54.628+00",0.0052769,15.975917,0.02423738,0.0029377,261.5399,300.6656,6659.2397,"spacetrack"
58598,"2026-09-20 13:50:47.551+00",0.0051949,16.01926,0.02867737,0.0028205,250.33653,287.8335,6647.222,"spacetrack"
58598,"2026-09-21 19:40:23.763+00",0.0022304,16.11928,0.02376844,0.0025415,224.73573,258.38364,6619.697,"spacetrack"
58598,"2026-09-22 13:29:07.957+00",0.0041513,16.205877,0.09201701,0.001976,204.92249,230.99025,6596.0933,"spacetrack"
58672,"2026-09-17 09:21:53.124+00",0.00062177,15.716302,0.00084928,0.0028812,334.84012,373.63477,6732.3745,"spacetrack"
58672,"2026-09-18 15:52:02.44+00",0.00060783,15.718273,0.00083668,0.002855,334.45532,372.89398,6731.8115,"spacetrack"
58672,"2026-09-19 08:38:31.863+00",0.00055338,15.719298,0.00076399,0.0028511,334.1898,372.57428,6731.519,"spacetrack"
58672,"2026-09-20 15:08:20.137+00",0.000596,15.721291,0.00083055,0.0028253,333.79626,371.83017,6730.95,"spacetrack"
58672,"2026-09-21 09:26:06.38+00",0.0005353,15.722501,0.00074876,0.0028315,333.41016,371.52557,6730.605,"spacetrack"
58672,"2026-09-22 08:18:12.153+00",0.00054014,15.72399,0.00076043,0.0028223,333.0481,371.03726,6730.1797,"spacetrack"
58672,"2026-09-23 13:15:59.943+00",0.00054893,15.725925,0.00077903,0.0027837,332.75745,370.22397,6729.628,"spacetrack"
58672,"2026-09-24 07:33:26.626+00",0.00063152,15.727248,0.00090326,0.0027746,332.44223,369.78418,6729.25,"spacetrack"
58706,"2026-09-17 09:30:05.363+00",0.0005284,15.794593,0.00098198,0.0001807,330.75912,333.18417,6710.109,"spacetrack"
58706,"2026-09-18 20:25:36.828+00",0.00046668,15.797159,0.00087561,0.0001952,329.93527,332.55463,6709.382,"spacetrack"
58706,"2026-09-19 23:45:21.447+00",0.00048414,15.799123,0.0009173,0.0002105,329.27667,332.10107,6708.8257,"spacetrack"
58706,"2026-09-21 15:13:30.528+00",0.00045813,15.802,0.00087884,0.0002463,328.22247,331.52686,6708.0117,"spacetrack"
58706,"2026-09-22 13:59:33.255+00",0.00043879,15.803661,0.0008476,0.0002616,327.64978,331.15915,6707.5415,"spacetrack"
58706,"2026-09-23 14:16:30.616+00",0.00043956,15.805432,0.00085618,0.0002756,327.05496,330.75186,6707.0405,"spacetrack"
58706,"2026-09-24 06:58:04.308+00",0.00050936,15.806739,0.00100096,0.0002961,326.54803,330.5197,6706.671,"spacetrack"
58720,"2026-09-17 22:32:21.967+00",0.00085365,16.05992,0.00642383,0.0011422,250.28156,265.44083,6635.998,"spacetrack"
58720,"2026-09-18 11:58:41.389+00",0.00083651,16.066956,0.00658066,0.0011669,248.18227,263.66483,6634.0605,"spacetrack"
58720,"2026-09-19 11:51:16.926+00",0.00081055,16.079704,0.00691552,0.0011889,244.53354,260.29968,6630.5537,"spacetrack"
58720,"2026-09-20 13:12:05.305+00",0.00083838,16.09502,0.0078949,0.0012041,240.23085,256.18842,6626.3467,"spacetrack"
58720,"2026-09-21 15:59:50.929+00",0.0039663,16.149717,0.03704639,0.0011269,225.78934,240.69006,6611.3765,"spacetrack"
58929,"2026-09-17 22:17:01.133+00",8.3224e-06,15.755211,1.151e-05,0.0002544,341.43893,344.85873,6721.2856,"spacetrack"
58929,"2026-09-18 19:37:28.887+00",0.00013901,15.729218,0.00018958,0.0019328,337.54648,363.5569,6728.6885,"spacetrack"
58992,"2026-09-17 21:32:36.382+00",0.0011443,15.664269,0.00162058,0.010717,296.82758,441.44867,6747.275,"spacetrack"
58992,"2026-09-18 22:04:17.264+00",0.0011138,15.667473,0.00159222,0.0106283,296.5161,439.9207,6746.3555,"spacetrack"
58992,"2026-09-19 22:35:40.183+00",0.0011086,15.670701,0.00160058,0.010545,296.1611,438.42218,6745.4287,"spacetrack"
58992,"2026-09-20 21:34:48.924+00",0.0010153,15.67368,0.00147964,0.0104774,295.77118,437.1024,6744.5737,"spacetrack"
58992,"2026-09-21 22:05:36.448+00",0.0010939,15.676982,0.00161128,0.010393,295.40347,435.5765,6743.627,"spacetrack"
58992,"2026-09-22 21:04:11.388+00",0.001113,15.680156,0.00165583,0.010311,295.05563,434.10394,6742.717,"spacetrack"
58992,"2026-09-23 21:34:22.565+00",0.001181,15.683475,0.00177643,0.0102319,294.64758,432.60974,6741.7656,"spacetrack"
58992,"2026-09-24 06:45:36.757+00",0.0012252,15.684842,0.00185171,0.0102023,294.45923,432.01428,6741.3735,"spacetrack"
59313,"2026-09-18 22:20:03.262+00",0.0036136,15.674018,0.00429181,0.0024237,349.9935,382.68668,6744.477,"spacetrack"
59313,"2026-09-19 22:47:47.05+00",0.0040221,15.683213,0.00500422,0.0024509,347.18005,380.22723,6741.841,"spacetrack"
59313,"2026-09-20 21:42:57.658+00",0.0036369,15.692445,0.00468496,0.0024758,344.37442,377.74423,6739.1963,"spacetrack"
59313,"2026-09-21 22:08:52.615+00",0.0040586,15.703188,0.00552363,0.0025044,341.11526,374.85516,6736.122,"spacetrack"
59313,"2026-09-22 21:02:14.287+00",0.0041693,15.713996,0.00597076,0.0025203,337.92673,371.86523,6733.033,"spacetrack"
59313,"2026-09-23 21:26:04.88+00",0.0044056,15.726275,0.0067075,0.0025567,334.1854,368.59616,6729.528,"spacetrack"
59313,"2026-09-24 03:31:51.692+00",0.0049239,15.729671,0.00769354,0.0025647,333.16562,367.67908,6728.5596,"spacetrack"
59322,"2026-09-17 22:00:02+00",0.00080653,15.968754,0.00372719,0.0026927,265.15732,301.0307,6661.231,"spacetrack"
59322,"2026-09-18 14:12:51.231+00",0.0051566,16.003685,0.026691,0.0025961,256.12936,290.66547,6651.534,"spacetrack"
59322,"2026-09-19 23:03:39.697+00",0.0057046,16.122849,0.04580271,0.0023106,225.28935,255.87578,6618.7197,"spacetrack"
59322,"2026-09-20 18:21:08.95+00",0.0039599,16.200527,0.08415706,0.0019936,206.25583,232.56157,6597.546,"spacetrack"
59586,"2026-09-17 02:59:57.825+00",0.00084423,15.716519,0.00115309,0.002519,337.2167,371.1341,6732.3125,"spacetrack"
59586,"2026-09-19 17:31:21.553+00",0.00057638,15.720922,0.00079902,0.0026401,335.1476,370.68893,6731.055,"spacetrack"
59586,"2026-09-20 08:46:11.094+00",0.00059748,15.721966,0.00083253,0.002643,334.83115,370.4099,6730.7573,"spacetrack"
59586,"2026-09-21 16:47:06.858+00",0.00057746,15.724183,0.00081134,0.0025917,334.5452,369.43015,6730.1245,"spacetrack"
59586,"2026-09-22 22:00:02+00",0.00076906,15.726077,0.00109615,0.0026818,333.4001,369.49487,6729.5845,"spacetrack"
59586,"2026-09-23 08:25:02.575+00",0.00056516,15.726917,0.00080438,0.0026713,333.23154,369.18375,6729.3447,"spacetrack"
59586,"2026-09-24 07:16:43.514+00",0.00070488,15.728653,0.00101463,0.0026832,332.65784,368.76755,6728.8496,"spacetrack"
59878,"2026-09-17 22:44:56.109+00",0.00071575,15.754302,0.0011513,0.0025026,326.586,360.2287,6721.5444,"spacetrack"
59878,"2026-09-18 15:29:06.077+00",0.00064842,15.755601,0.00104763,0.0025194,326.10452,359.9712,6721.175,"spacetrack"
59878,"2026-09-19 23:25:54.483+00",0.00060761,15.758183,0.00099219,0.0025253,325.3327,359.27496,6720.441,"spacetrack"
59878,"2026-09-20 22:00:03+00",0.00028169,15.760283,0.0004591,0.0025662,324.46198,358.9509,6719.8433,"spacetrack"
59878,"2026-09-21 07:22:23.494+00",0.00061568,15.760824,0.00101821,0.0025581,324.36304,358.7423,6719.6895,"spacetrack"
59878,"2026-09-22 21:23:29.412+00",0.00059983,15.764091,0.00100674,0.0025816,323.2793,357.9696,6718.761,"spacetrack"
59878,"2026-09-23 06:30:52.972+00",0.00058656,15.764837,0.00098779,0.0026008,322.93875,357.88596,6718.5493,"spacetrack"
59878,"2026-09-24 05:19:14.756+00",0.00073847,15.766967,0.0012603,0.0025825,322.4584,357.1566,6717.9443,"spacetrack"
59907,"2026-09-18 09:23:35.886+00",0.0006258,15.75198,0.00100031,0.0028664,324.7993,363.33633,6722.2046,"spacetrack"
59907,"2026-09-19 15:49:34.625+00",0.00062717,15.7543545,0.00101288,0.0028452,324.26816,362.51633,6721.5293,"spacetrack"
59907,"2026-09-20 14:38:52.405+00",0.00061582,15.756263,0.0010023,0.0028167,323.9185,361.7805,6720.9863,"spacetrack"
59907,"2026-09-22 13:48:13.788+00",0.00059991,15.760203,0.00099297,0.002788,322.99417,360.46414,6719.866,"spacetrack"
59907,"2026-09-23 14:08:15.709+00",0.00055024,15.762174,0.00091619,0.0027025,323.01035,359.3282,6719.306,"spacetrack"
59907,"2026-09-24 06:00:02+00",0.0002933,15.763923,0.00048797,0.0027627,322.11017,359.23428,6718.809,"spacetrack"
60210,"2026-09-17 22:00:04.717+00",0.00046138,15.744929,0.00067717,0.0016182,335.19333,356.95557,6724.2114,"spacetrack"
60210,"2026-09-18 22:24:20.537+00",0.00040585,15.746043,0.00059789,0.0016253,334.829,356.6857,6723.8945,"spacetrack"
60210,"2026-09-19 21:16:59.75+00",0.00037992,15.747075,0.00056195,0.0016363,334.4619,356.46558,6723.6006,"spacetrack"
60210,"2026-09-20 21:41:03.747+00",0.00035017,15.748147,0.00052006,0.0016452,334.09738,356.21973,6723.2954,"spacetrack"
60210,"2026-09-21 22:05:01.514+00",0.00039757,15.74928,0.00059407,0.0016511,333.73575,355.93634,6722.973,"spacetrack"
60210,"2026-09-22 20:57:23.522+00",0.00039042,15.750404,0.00058622,0.00166,333.35648,355.6757,6722.6533,"spacetrack"
60210,"2026-09-23 21:21:08.682+00",0.00041903,15.75156,0.00063285,0.0016717,332.94965,355.42508,6722.324,"spacetrack"
60210,"2026-09-24 04:58:32.714+00",0.00043403,15.751979,0.00065693,0.0016726,332.82468,355.3118,6722.205,"spacetrack"
60246,"2026-09-17 02:20:56.235+00",0.0008209,15.720793,0.00109198,0.0015222,342.70917,363.20132,6731.0923,"spacetrack"
60246,"2026-09-18 08:53:59.297+00",0.00079289,15.723388,0.001066,0.0015246,341.95346,362.47565,6730.3516,"spacetrack"
60246,"2026-09-20 12:49:29.809+00",0.0007543,15.727745,0.00103268,0.0015362,340.6342,361.3087,6729.1084,"spacetrack"
60246,"2026-09-21 01:02:25.975+00",0.00068379,15.728666,0.00093868,0.0015345,340.38333,361.03415,6728.8457,"spacetrack"
60246,"2026-09-22 13:40:57.118+00",0.00072689,15.731881,0.00101252,0.001535,339.46457,360.1193,6727.9287,"spacetrack"
60246,"2026-09-23 20:12:42.473+00",0.00084916,15.734608,0.0011994,0.0015308,338.71698,359.31284,6727.152,"spacetrack"
60246,"2026-09-24 00:47:26.657+00",0.00088646,15.735032,0.00125516,0.0015265,338.6251,359.16272,6727.031,"spacetrack"
60398,"2026-09-17 22:00:02+00",0.0090562,15.729786,0.01425205,0.0001217,349.57065,351.20837,6728.5264,"spacetrack"
60398,"2026-09-18 22:00:03+00",0.003578,15.754224,0.00592774,0.0001427,342.4703,344.38864,6721.5664,"spacetrack"
60398,"2026-09-19 22:00:02+00",0.0028845,15.764686,0.00494269,0.0001013,339.77493,341.1361,6718.5923,"spacetrack"
60398,"2026-09-20 22:00:03+00",0.010745,15.772537,0.02042841,7.74e-05,337.70578,338.74548,6716.363,"spacetrack"
60398,"2026-09-21 22:00:03+00",0.0064713,15.800821,0.01384907,0.0001103,329.46823,330.94812,6708.345,"spacetrack"
60398,"2026-09-22 22:00:02+00",0.0060872,15.82565,0.0147041,0.0001271,322.33798,324.04144,6701.3267,"spacetrack"
60398,"2026-09-23 22:00:02+00",0.0048649,15.851229,0.01336936,0.0001091,315.24835,316.70898,6694.1157,"spacetrack"
60398,"2026-09-24 06:00:02+00",0.005606,15.858816,0.01601467,8.61e-05,313.26743,314.41977,6691.9805,"spacetrack"
60407,"2026-09-17 22:06:51.586+00",0.0024298,15.719378,0.00336218,0.0007376,348.39395,358.32428,6731.496,"spacetrack"
60491,"2026-09-17 05:29:11.658+00",0.0013433,15.87341,0.00364847,0.0005001,306.39642,313.08563,6687.878,"spacetrack"
60491,"2026-09-18 23:50:01.628+00",0.0012625,15.885687,0.00349208,0.0005764,302.44214,310.14795,6684.432,"spacetrack"
60491,"2026-09-20 04:33:02.706+00",0.0013091,15.894375,0.00378156,0.0005985,299.85986,307.85822,6681.996,"spacetrack"
60491,"2026-09-21 12:16:15.525+00",0.001298,15.905011,0.00395543,0.0005878,296.9536,304.80545,6679.0166,"spacetrack"
60491,"2026-09-22 04:52:40.285+00",0.0012929,15.910659,0.00405417,0.0005773,295.4442,303.15396,6677.436,"spacetrack"
60491,"2026-09-23 18:35:55.258+00",0.001287,15.923875,0.00431901,0.0005944,291.63687,299.57062,6673.7407,"spacetrack"
60491,"2026-09-24 05:09:16.726+00",0.0014509,15.928174,0.00497898,0.0006252,290.23135,298.5747,6672.54,"spacetrack"
60508,"2026-09-17 15:33:53.4+00",0.0009707,16.125875,0.01061895,0.0008803,233.92892,245.58038,6617.8916,"spacetrack"
60508,"2026-09-18 06:27:04.764+00",0.00092678,16.140131,0.01115426,0.0009081,229.85088,241.8632,6613.994,"spacetrack"
60508,"2026-09-19 12:11:00.439+00",0.00079679,16.171034,0.01214922,0.0009747,220.9898,233.8667,6605.5654,"spacetrack"
60508,"2026-09-20 23:46:17.979+00",0.00090198,16.224087,0.02068127,0.0011085,205.71407,220.32666,6591.157,"spacetrack"
60508,"2026-09-22 18:34:04.813+00",0.0007656,16.34602,0.05346259,0.0012599,171.93867,188.46437,6558.3384,"spacetrack"
60508,"2026-09-23 07:44:59.448+00",0.00023333,16.465008,0.12422171,0.0013278,139.90048,157.2328,6526.7036,"spacetrack"
60520,"2026-09-17 05:42:38.034+00",0.0007676,15.868606,0.00199867,0.0004557,308.0426,314.13916,6689.228,"spacetrack"
60520,"2026-09-19 00:04:41.057+00",0.00071865,15.875247,0.00193138,0.0004816,306.00446,312.4457,6687.3623,"spacetrack"
60520,"2026-09-20 06:19:46.181+00",0.00074004,15.880363,0.00204211,0.0005055,304.40903,311.1685,6685.926,"spacetrack"
60520,"2026-09-21 20:07:48.032+00",0.00074114,15.886809,0.00205868,0.0005132,302.5499,309.41046,6684.117,"spacetrack"
60520,"2026-09-23 18:58:51.385+00",0.0007974,15.895205,0.0023103,0.0005114,300.20923,307.04333,6681.763,"spacetrack"
61642,"2026-09-17 22:00:02+00",0.00058737,15.779925,0.00106292,0.0027585,317.60782,354.65042,6714.266,"spacetrack"
61642,"2026-09-18 00:00:02+00",0.00083835,15.779934,0.00152761,0.002774,317.50125,354.752,6714.2637,"spacetrack"
61642,"2026-09-19 22:30:08.542+00",0.0006712,15.78444,0.00124367,0.0027806,316.18253,353.51477,6712.986,"spacetrack"
61642,"2026-09-20 22:00:03+00",0.00093847,15.786561,0.00176876,0.0027999,315.45334,353.04135,6712.3843,"spacetrack"
61642,"2026-09-21 00:00:02+00",0.00092155,15.786858,0.00173877,0.0028066,315.32474,353.0022,6712.3003,"spacetrack"
61642,"2026-09-23 20:37:41.747+00",0.00074442,15.794198,0.00144617,0.002771,313.48953,350.67755,6710.2207,"spacetrack"
61745,"2026-09-17 22:00:45.025+00",0.00069477,15.737917,0.00098592,7.92e-05,347.539,348.60443,6726.2085,"spacetrack"
61745,"2026-09-18 23:57:11.263+00",0.00061777,15.739635,0.0008819,9e-05,346.97675,348.18738,6725.719,"spacetrack"
61745,"2026-09-19 22:50:22.381+00",0.00062802,15.741206,0.00090283,0.0001019,346.4494,347.82,6725.2715,"spacetrack"
61745,"2026-09-20 21:43:25.052+00",0.00058154,15.742836,0.00084116,0.0001193,345.86826,347.4728,6724.8076,"spacetrack"
61745,"2026-09-21 22:07:50.245+00",0.00058234,15.7446165,0.00084888,0.0001466,345.1777,347.1493,6724.3003,"spacetrack"
61745,"2026-09-22 22:32:05.743+00",0.00060996,15.746362,0.00089642,0.0001599,344.5916,346.74188,6723.8037,"spacetrack"
61745,"2026-09-23 19:53:11.278+00",0.0006535,15.747946,0.0009679,0.0001783,344.0169,346.41446,6723.3525,"spacetrack"
61745,"2026-09-24 03:30:41.332+00",0.00060292,15.748556,0.00089448,0.0002008,343.69208,346.39212,6723.179,"spacetrack"
61785,"2026-09-17 22:39:28.821+00",0.00076045,15.7387905,0.00108462,0.0002145,346.38016,349.2656,6725.96,"spacetrack"
61785,"2026-09-18 21:32:44.023+00",0.00068366,15.740467,0.00098079,0.0002169,345.8865,348.80402,6725.4824,"spacetrack"
61785,"2026-09-19 21:57:22.488+00",0.00065575,15.7423115,0.00094781,0.000222,345.327,348.3129,6724.957,"spacetrack"
61785,"2026-09-20 22:21:50.59+00",0.00058852,15.7441225,0.00085622,0.0002218,344.81265,347.7956,6724.441,"spacetrack"
61785,"2026-09-21 22:46:08.462+00",0.00063309,15.745971,0.0009293,0.0002223,344.28333,347.2728,6723.915,"spacetrack"
61785,"2026-09-22 23:10:15.757+00",0.00069145,15.747926,0.00102484,0.0002357,343.63678,346.80615,6723.3584,"spacetrack"
61785,"2026-09-23 22:02:42.762+00",0.00070416,15.749766,0.00105238,0.0002534,342.9941,346.40125,6722.8345,"spacetrack"
61785,"2026-09-24 05:40:09.548+00",0.00074246,15.750482,0.00111393,0.0002576,342.76248,346.22598,6722.6313,"spacetrack"
62204,"2026-09-17 22:00:02+00",0.00057919,15.796666,0.00113367,0.0028001,312.59714,350.17178,6709.5215,"spacetrack"
62204,"2026-09-18 22:00:03+00",0.000445,15.799174,0.00087783,0.0028195,311.7589,349.5899,6708.8115,"spacetrack"
62204,"2026-09-19 22:00:02+00",0.00051554,15.801584,0.00103126,0.0028282,311.02026,348.96414,6708.1294,"spacetrack"
62204,"2026-09-20 22:00:03+00",0.00027949,15.804613,0.00056183,0.0028467,310.04156,348.22876,6707.272,"spacetrack"
62204,"2026-09-21 22:00:03+00",3.1121e-05,15.807503,5.803e-05,0.0028659,309.0978,347.53787,6706.4546,"spacetrack"
62204,"2026-09-22 22:00:02+00",0.00043518,15.81003,0.00090456,0.0028827,308.27228,346.93353,6705.7397,"spacetrack"
62204,"2026-09-23 22:00:02+00",0.0003421,15.81303,0.00071884,0.002899,307.31726,346.1922,6704.8916,"spacetrack"
62204,"2026-09-24 02:05:51.26+00",0.0010754,15.8138075,0.00232397,0.0029875,306.50488,346.56528,6704.672,"spacetrack"
62459,"2026-09-17 21:45:37.365+00",0.00063133,15.932757,0.002264,0.0008984,287.12982,299.11676,6671.2603,"spacetrack"
62459,"2026-09-18 23:21:07.548+00",0.00060992,15.937359,0.00224029,0.0008726,286.0189,297.65933,6669.976,"spacetrack"
62459,"2026-09-19 23:25:53.892+00",0.00061791,15.941796,0.00232471,0.000854,284.90628,296.29648,6668.7383,"spacetrack"
62459,"2026-09-20 23:30:15.433+00",0.00057238,15.946378,0.00220487,0.000839,283.7299,294.9179,6667.461,"spacetrack"
62459,"2026-09-21 22:03:57.231+00",0.00060366,15.950904,0.00238494,0.0008187,282.605,293.52026,6666.1997,"spacetrack"
62459,"2026-09-22 22:07:27.234+00",0.00065293,15.956233,0.00265807,0.0007896,281.31583,291.84073,6664.7153,"spacetrack"
62459,"2026-09-23 22:10:27.304+00",0.0007081,15.961978,0.00297768,0.0007718,279.8362,290.1214,6663.1157,"spacetrack"
62459,"2026-09-24 07:11:26.534+00",0.00077974,15.964422,0.00332653,0.0007677,279.184,289.4135,6662.4355,"spacetrack"
62460,"2026-09-17 21:52:37.446+00",0.00062808,15.930878,0.00222974,0.0009044,287.61404,299.68198,6671.785,"spacetrack"
62460,"2026-09-18 23:28:18.594+00",0.00060584,15.935436,0.00220229,0.0008785,286.5155,298.2356,6670.5127,"spacetrack"
62460,"2026-09-19 23:33:15.371+00",0.00061698,15.939866,0.00229724,0.0008612,285.39587,296.88306,6669.2764,"spacetrack"
62460,"2026-09-20 23:37:47.167+00",0.00058569,15.944519,0.00223431,0.0008431,284.22034,295.46387,6667.979,"spacetrack"
62460,"2026-09-21 22:11:38.317+00",0.00060699,15.949082,0.0023745,0.0008179,283.1175,294.0229,6666.707,"spacetrack"
62460,"2026-09-22 22:15:17.982+00",0.00065455,15.954445,0.00263877,0.0007906,281.8067,292.34576,6665.2134,"spacetrack"
62460,"2026-09-23 22:18:28.054+00",0.000698,15.960084,0.00290415,0.0007694,280.3791,290.6331,6663.643,"spacetrack"
62460,"2026-09-24 07:19:31.119+00",0.00077577,15.962508,0.00327443,0.0007611,279.7602,289.9026,6662.9683,"spacetrack"
62474,"2026-09-23 22:52:37.331+00",0.0018226,15.71021,0.00242658,0.0009259,349.74277,362.213,6734.1147,"spacetrack"
62607,"2026-09-17 22:00:02+00",4.048e-05,15.717321,5.032e-05,0.0027436,335.4761,372.41638,6732.083,"spacetrack"
62607,"2026-09-18 15:13:01.007+00",0.00097124,15.718281,0.00134516,0.0027504,335.1572,372.18753,6731.8096,"spacetrack"
62607,"2026-09-19 23:14:25.211+00",0.00091552,15.720437,0.00127893,0.0027682,334.42355,371.69016,6731.194,"spacetrack"
62607,"2026-09-20 22:06:41.403+00",0.00089837,15.722345,0.00126513,0.0027729,333.8488,371.17563,6730.6494,"spacetrack"
62607,"2026-09-21 13:21:27.495+00",0.0010014,15.723262,0.00141893,0.0027776,333.55615,370.9448,6730.3877,"spacetrack"
62607,"2026-09-22 06:07:38.243+00",0.00092188,15.724239,0.00130874,0.0027309,333.59232,370.3508,6730.1084,"spacetrack"
62607,"2026-09-23 00:25:12.517+00",0.0018147,15.726119,0.00264218,0.0027551,332.89462,369.9759,6729.5723,"spacetrack"
62607,"2026-09-24 03:51:21.084+00",0.00068926,15.727403,0.00098911,0.0028445,331.9281,370.21054,6729.2065,"spacetrack"
62618,"2026-09-17 18:00:24.939+00",0.0014729,16.022232,0.00849153,0.0010984,260.9631,275.5639,6646.4004,"spacetrack"
62618,"2026-09-18 19:28:28.324+00",0.0013867,16.040424,0.00889956,0.0011336,255.70836,270.7657,6641.374,"spacetrack"
62618,"2026-09-19 05:57:09.652+00",0.0013719,16.048437,0.00923369,0.0011366,253.48001,268.57214,6639.163,"spacetrack"
62618,"2026-09-20 22:18:34.688+00",0.0017887,16.09193,0.01550008,0.0013023,240.42746,257.68866,6627.195,"spacetrack"
62618,"2026-09-21 19:10:44.784+00",0.0020904,16.130806,0.02197482,0.0013172,229.69072,247.12134,6616.543,"spacetrack"
62618,"2026-09-22 18:57:24.457+00",0.0019891,16.19496,0.03659356,0.0013638,211.92087,229.92046,6599.0576,"spacetrack"
62618,"2026-09-23 15:39:19.42+00",0.0016634,16.307384,0.07987597,0.00146,180.96597,200.14656,6568.6934,"spacetrack"
62628,"2026-09-17 20:48:30.086+00",0.00046722,14.54358,0.00022638,0.0574908,303.86423,1119.0364,7089.5874,"spacetrack"
62628,"2026-09-19 12:26:22.279+00",0.00037924,14.544177,0.00018388,0.0574817,303.746,1118.7668,7089.3936,"spacetrack"
62628,"2026-09-20 08:15:16.055+00",0.00039312,14.544477,0.00019078,0.0574735,303.7121,1118.6053,7089.296,"spacetrack"
62628,"2026-09-21 12:19:29.538+00",0.00038438,14.544916,0.00018671,0.0574622,303.65784,1118.3745,7089.1533,"spacetrack"
62628,"2026-09-22 14:44:35.791+00",0.00037095,14.545318,0.00018037,0.0574551,303.58524,1118.1863,7089.023,"spacetrack"
62628,"2026-09-23 15:30:35.394+00",0.00037644,14.54569,0.00018327,0.0574486,303.51727,1118.0122,7088.902,"spacetrack"
62628,"2026-09-24 01:24:58.527+00",0.00040531,14.545862,0.00019754,0.0574458,303.48438,1117.9332,7088.8457,"spacetrack"
62636,"2026-09-17 18:35:22.931+00",0.001018,15.764128,0.00163112,0.000292,338.65213,342.57587,6718.751,"spacetrack"
62636,"2026-09-19 11:42:56.026+00",0.0010619,15.770005,0.00174846,0.0003345,336.69757,341.1913,6717.0815,"spacetrack"
62636,"2026-09-20 18:10:10.532+00",0.0010657,15.774261,0.00178892,0.0003498,335.387,340.08542,6715.873,"spacetrack"
62636,"2026-09-21 18:31:36.145+00",0.0010783,15.777834,0.00183986,0.0003351,334.47232,338.9726,6714.8594,"spacetrack"
62636,"2026-09-22 17:21:22.733+00",0.0010928,15.781347,0.00189522,0.0003735,333.218,338.23325,6713.863,"spacetrack"
62636,"2026-09-23 19:13:25.629+00",0.0011359,15.785327,0.00200813,0.0004022,331.8973,337.29703,6712.7344,"spacetrack"
62636,"2026-09-24 04:21:06.904+00",0.0012317,15.786848,0.00219717,0.0004106,331.41006,336.9222,6712.303,"spacetrack"
62756,"2026-09-17 21:39:47.618+00",0.0020872,15.778801,0.00379802,0.000318,334.31274,338.58322,6714.585,"spacetrack"
62756,"2026-09-18 21:58:22.48+00",0.00083253,15.777258,0.00146026,0.0001512,335.8704,337.90103,6715.023,"spacetrack"
62756,"2026-09-19 22:16:57.414+00",0.0014254,15.777499,0.00253863,0.000166,335.7027,337.93207,6714.9546,"spacetrack"
62756,"2026-09-20 14:59:44.585+00",0.0014233,15.77755,0.00253544,6.31e-05,336.37918,337.22662,6714.94,"spacetrack"
62756,"2026-09-21 04:40:11.769+00",0.0020702,15.777172,0.00373704,9.04e-05,336.303,337.5171,6715.047,"spacetrack"
62756,"2026-09-22 23:12:43.019+00",0.0012078,15.777821,0.00214348,0.0002443,335.0856,338.3665,6714.8633,"spacetrack"
62756,"2026-09-23 14:24:20.435+00",0.0010575,15.777144,0.0018642,0.0001029,336.22702,337.60898,6715.055,"spacetrack"
62756,"2026-09-24 07:07:06.677+00",0.0015053,15.77767,0.00268801,0.0001665,335.6509,337.887,6714.906,"spacetrack"
62757,"2026-09-17 07:59:41.578+00",0.0020802,15.777194,0.00375653,3.29e-05,336.68298,337.12482,6715.041,"spacetrack"
62757,"2026-09-21 22:54:28.448+00",0.0020709,15.778755,0.00376587,0.0002201,334.98315,337.9389,6714.598,"spacetrack"
62757,"2026-09-22 15:37:15.989+00",0.0013066,15.77738,0.00231946,1.5e-05,336.7504,336.95184,6714.9883,"spacetrack"
62757,"2026-09-23 22:00:29.247+00",0.0017308,15.777699,0.00310732,0.0001379,335.8344,337.68637,6714.8975,"spacetrack"
62757,"2026-09-24 07:07:27.266+00",0.00092803,15.777452,0.0016331,0.0001566,335.77914,337.88226,6714.968,"spacetrack"
63212,"2026-09-20 12:06:59.142+00",0.0013965,15.714673,0.00181852,0.0008504,348.9772,360.4284,6732.84,"spacetrack"
63212,"2026-09-21 17:08:58.26+00",0.0012986,15.718804,0.00171856,0.0008609,347.72778,359.31836,6731.66,"spacetrack"
63212,"2026-09-22 17:35:32.704+00",0.0013475,15.722508,0.00181337,0.0008583,346.68866,358.2424,6730.6025,"spacetrack"
63212,"2026-09-23 16:30:08.74+00",0.0012615,15.725853,0.00171971,0.0008513,345.78238,357.24026,6729.6484,"spacetrack"
63267,"2026-09-19 08:17:34.442+00",0.0010036,15.71078,0.00132157,0.0011496,348.07355,363.55624,6733.9517,"spacetrack"
63310,"2026-09-19 02:36:52.22+00",0.0013829,15.711585,0.00183709,0.0008448,349.8962,361.27353,6733.7217,"spacetrack"
64093,"2026-09-17 21:37:47.33+00",0.00036955,15.629009,0.00036317,0.0057821,340.21042,418.35455,6757.4194,"spacetrack"
64093,"2026-09-18 22:12:54.721+00",0.0003501,15.629661,0.00034466,0.0057658,340.13382,418.0555,6757.2314,"spacetrack"
64093,"2026-09-19 21:15:46.909+00",0.00032863,15.630286,0.00032405,0.0057505,340.058,417.77087,6757.0513,"spacetrack"
64093,"2026-09-20 21:50:46.842+00",0.00029558,15.630932,0.00029185,0.0057346,339.98047,417.4763,6756.865,"spacetrack"
64093,"2026-09-21 20:53:32.129+00",0.00033801,15.631582,0.00033481,0.0057188,339.90073,417.1809,6756.6777,"spacetrack"
64093,"2026-09-22 19:56:13.896+00",0.0003092,15.63223,0.00030675,0.0057044,339.81244,416.8959,6756.491,"spacetrack"
64093,"2026-09-23 22:03:13.228+00",0.00034263,15.632939,0.00034097,0.0056863,339.7315,416.56805,6756.2866,"spacetrack"
64093,"2026-09-24 05:44:05.137+00",0.00038404,15.633189,0.00038285,0.0056819,339.68964,416.4659,6756.215,"spacetrack"
64230,"2026-09-17 22:14:24.209+00",0.0010913,15.865413,0.00288452,0.0001999,310.65097,313.32568,6690.1255,"spacetrack"
64230,"2026-09-18 20:55:19.555+00",0.00096957,15.870164,0.00261414,0.0002234,309.15878,312.14734,6688.79,"spacetrack"
64230,"2026-09-19 22:37:11.673+00",0.0010749,15.876029,0.00299682,0.0002694,307.20398,310.807,6687.1426,"spacetrack"
64230,"2026-09-20 21:17:10.988+00",0.00097517,15.881344,0.00278389,0.0003017,305.49664,309.5308,6685.651,"spacetrack"
64230,"2026-09-21 21:27:18.979+00",0.0010064,15.887333,0.00296666,0.0003789,303.3006,308.36572,6683.97,"spacetrack"
64230,"2026-09-22 21:36:53.117+00",0.0010759,15.893788,0.00328867,0.0004372,301.10184,306.9447,6682.16,"spacetrack"
64230,"2026-09-23 21:45:51.31+00",0.0011097,15.900527,0.00336029,0.0005452,298.49326,305.77744,6680.2725,"spacetrack"
64230,"2026-09-24 00:46:55.996+00",0.0010944,15.901339,0.00332745,0.0005549,298.20105,305.61456,6680.045,"spacetrack"
64243,"2026-09-17 22:00:02+00",0.0007406,16.02798,0.00471354,0.0017156,255.2741,278.07376,6644.811,"spacetrack"
64243,"2026-09-18 22:00:03+00",0.00071039,16.037127,0.00478318,0.0017563,252.48146,275.81314,6642.284,"spacetrack"
64243,"2026-09-19 22:00:02+00",0.00075687,16.04697,0.00541757,0.0017824,249.59648,273.26523,6639.568,"spacetrack"
64243,"2026-09-20 22:00:03+00",0.0007842,16.057863,0.00601008,0.0018056,246.44469,270.41064,6636.5645,"spacetrack"
64243,"2026-09-21 23:06:55.292+00",0.00069791,16.070261,0.00578693,0.0018125,242.99144,267.03662,6633.151,"spacetrack"
64243,"2026-09-22 18:29:57.794+00",0.00069797,16.080673,0.0061877,0.0018105,240.1461,264.15436,6630.287,"spacetrack"
64243,"2026-09-23 15:21:35.038+00",0.00073924,16.093033,0.00710564,0.0018317,236.617,260.89398,6626.8926,"spacetrack"
64243,"2026-09-24 03:16:20.698+00",0.00093826,16.101532,0.0095146,0.0018451,234.19986,258.6458,6624.56,"spacetrack"
65015,"2026-09-17 22:31:53.874+00",0.00076579,15.752725,0.00118578,9.26e-05,343.23355,344.4785,6721.993,"spacetrack"
65015,"2026-09-18 21:22:19.989+00",0.00086797,15.752657,0.00134705,8.32e-05,343.31595,344.43448,6722.012,"spacetrack"
65015,"2026-09-19 23:15:29.211+00",0.00089119,15.753047,0.00138627,8.59e-05,343.18677,344.34158,6721.9014,"spacetrack"
65015,"2026-09-20 22:05:55.414+00",0.00086143,15.752708,0.001337,7.6e-05,343.3496,344.37137,6721.9976,"spacetrack"
65015,"2026-09-21 22:27:43.027+00",0.00066344,15.752761,0.00102463,8.83e-05,343.25217,344.43927,6721.983,"spacetrack"
65015,"2026-09-22 21:18:09.111+00",0.001322,15.753203,0.00207807,8.88e-05,343.12292,344.3167,6721.857,"spacetrack"
65015,"2026-09-23 21:39:56.722+00",0.0010763,15.753231,0.00168289,9.11e-05,343.09952,344.32425,6721.849,"spacetrack"
65015,"2026-09-24 02:14:02.148+00",0.0010979,15.752864,0.00171468,0.0001039,343.11804,344.51486,6721.9536,"spacetrack"
65267,"2026-09-17 22:39:30.888+00",0.00017176,15.964198,0.00071015,0.0007577,279.31302,289.40936,6662.498,"spacetrack"
65267,"2026-09-18 06:10:50.015+00",0.00015934,15.964569,0.00065973,0.000758,279.20773,289.30792,6662.395,"spacetrack"
65267,"2026-09-19 01:44:18.936+00",0.00016319,15.964213,0.00067464,0.0007801,279.1594,289.5542,6662.4937,"spacetrack"
65267,"2026-09-20 21:22:03.441+00",0.00014989,15.963845,0.00061805,0.0008067,279.08463,289.83408,6662.596,"spacetrack"
65267,"2026-09-21 12:24:42.037+00",0.00015023,15.964643,0.00062221,0.0008097,278.8429,289.63193,6662.3745,"spacetrack"
65267,"2026-09-22 21:30:35.032+00",0.00015701,15.963072,0.00064459,0.000737,279.76398,289.58496,6662.8115,"spacetrack"
65267,"2026-09-23 21:34:51.528+00",0.00016406,15.964372,0.00067928,0.0008548,278.61792,290.00806,6662.45,"spacetrack"
65268,"2026-09-17 21:31:47.733+00",0.00017521,15.9641485,0.00072411,0.0007159,279.60526,289.14462,6662.5117,"spacetrack"
65268,"2026-09-18 14:04:42.746+00",0.00018597,15.964384,0.00077015,0.000751,279.30594,289.31293,6662.4463,"spacetrack"
65268,"2026-09-19 21:40:20.162+00",0.000169,15.964046,0.00069814,0.0007673,279.2915,289.51584,6662.5405,"spacetrack"
65268,"2026-09-20 05:11:39.597+00",0.00013519,15.9643345,0.0005582,0.0007644,279.2304,289.41595,6662.46,"spacetrack"
65268,"2026-09-21 23:19:07.319+00",0.00014339,15.964186,0.00059134,0.0006389,280.10803,288.62137,6662.5015,"spacetrack"
65268,"2026-09-22 21:53:08.023+00",0.00016818,15.964032,0.00069431,0.000703,279.72357,289.0911,6662.5444,"spacetrack"
65269,"2026-09-17 17:22:22.262+00",0.00017857,15.961403,0.00072703,0.0006913,280.5327,289.74536,6663.276,"spacetrack"
65269,"2026-09-18 12:56:03.939+00",0.00016985,15.961249,0.00069049,0.0006594,280.78793,289.5755,6663.319,"spacetrack"
65269,"2026-09-19 17:31:27.471+00",0.00014459,15.961391,0.00058737,0.0006594,280.7485,289.53604,6663.2793,"spacetrack"
65269,"2026-09-20 17:36:00.022+00",0.00017613,15.961484,0.00071713,0.0006568,280.74002,289.49286,6663.2534,"spacetrack"
65269,"2026-09-21 22:11:21.492+00",0.0001453,15.961624,0.00059105,0.0006553,280.7111,289.44388,6663.2144,"spacetrack"
65269,"2026-09-22 20:45:29.479+00",0.00015249,15.962892,0.00062489,0.0006561,280.3532,289.09622,6662.862,"spacetrack"
65269,"2026-09-23 22:20:03.024+00",0.00015026,15.964217,0.00062012,0.0006562,279.984,288.72784,6662.493,"spacetrack"
65269,"2026-09-24 05:51:21.872+00",0.0001788,15.964711,0.000741,0.0006551,279.85382,288.58286,6662.3555,"spacetrack"
65270,"2026-09-17 20:46:37.173+00",0.00017466,15.965194,0.0007254,0.0006077,280.03558,288.13284,6662.221,"spacetrack"
65270,"2026-09-18 22:20:57.546+00",0.00015185,15.966523,0.00063454,0.0006096,279.6534,287.7755,6661.8516,"spacetrack"
65270,"2026-09-19 19:24:26.086+00",0.00015227,15.967683,0.00064036,0.0006141,279.3008,287.4825,6661.529,"spacetrack"
65270,"2026-09-20 14:57:57.92+00",0.00015626,15.960591,0.00063234,0.0006165,281.2567,289.4728,6663.502,"spacetrack"
65270,"2026-09-21 12:01:54.7+00",0.00014884,15.961694,0.0006058,0.0006559,280.68765,289.42844,6663.195,"spacetrack"
65270,"2026-09-22 21:08:05.984+00",0.00014606,15.962051,0.00059564,0.0006738,280.46902,289.4482,6663.0957,"spacetrack"
65270,"2026-09-23 19:42:11.887+00",0.00016846,15.963324,0.00069272,0.000688,280.02042,289.18835,6662.741,"spacetrack"
65270,"2026-09-24 06:14:04.536+00",0.00017737,15.963894,0.00073199,0.0006937,279.82394,289.06763,6662.583,"spacetrack"
66052,"2026-09-17 10:50:29.102+00",0.00061647,15.957026,0.00252534,0.0004918,283.07986,289.63504,6664.4946,"spacetrack"
66052,"2026-09-19 01:54:35.575+00",0.00055611,15.964836,0.00237527,0.0004853,280.9504,287.41687,6662.321,"spacetrack"
66052,"2026-09-20 22:57:54.147+00",0.00051865,15.97403,0.00233005,0.0004979,278.31134,284.9431,6659.764,"spacetrack"
66052,"2026-09-21 21:28:56.865+00",0.00056259,15.979039,0.00260296,0.0005073,276.85745,283.61304,6658.372,"spacetrack"
66052,"2026-09-23 21:29:45.077+00",0.00058064,15.990054,0.00286195,0.0005402,273.5818,280.7722,6655.314,"spacetrack"
66052,"2026-09-24 00:29:44.025+00",0.00060403,15.9908495,0.00299227,0.0005471,273.31528,280.5973,6655.0933,"spacetrack"
66515,"2026-09-18 21:48:20.248+00",0.00026194,15.857916,0.00066487,0.0011562,306.35925,321.83438,6692.234,"spacetrack"
66515,"2026-09-19 18:57:53.447+00",0.00026788,15.859049,0.00068397,0.001148,306.09573,321.4604,6691.915,"spacetrack"
66515,"2026-09-21 17:48:43.5+00",0.0002572,15.861542,0.00066429,0.0011231,305.56192,320.5917,6691.214,"spacetrack"
66515,"2026-09-22 16:28:38.479+00",0.00025224,15.862803,0.00065525,0.001103,305.342,320.10205,6690.859,"spacetrack"
66515,"2026-09-23 16:39:06.232+00",0.00026066,15.864145,0.00068185,0.0010772,305.13766,319.55164,6690.4814,"spacetrack"
67481,"2026-09-17 22:24:19.161+00",0.00021327,15.7378645,0.00030984,0.0015201,337.86218,358.31125,6726.2236,"spacetrack"
67481,"2026-09-18 22:46:21.459+00",0.00018447,15.73837,0.00026786,0.0015057,337.81516,358.07007,6726.0796,"spacetrack"
67481,"2026-09-19 21:36:58.457+00",0.00018492,15.73887,0.00026907,0.0014912,337.77048,357.82993,6725.937,"spacetrack"
67481,"2026-09-20 21:58:55.001+00",0.00017524,15.739408,0.00025529,0.0014741,337.7325,357.56146,6725.784,"spacetrack"
67481,"2026-09-21 19:18:04.452+00",0.00018018,15.739897,0.00026315,0.0014574,337.70575,357.30966,6725.6445,"spacetrack"
67481,"2026-09-22 18:08:33.398+00",0.00018563,15.740419,0.00027185,0.0014436,337.6499,357.06775,6725.4956,"spacetrack"
67481,"2026-09-23 18:30:21.212+00",0.00020803,15.74101,0.00030602,0.0014231,337.62,356.7616,6725.3276,"spacetrack"
67559,"2026-09-17 11:24:46.909+00",0.00071742,14.974056,0.00056477,0.0415682,285.89005,863.94183,6953.0527,"spacetrack"
67559,"2026-09-19 22:45:15.726+00",0.00072299,14.976733,0.00057393,0.0415174,285.4491,862.72565,6952.224,"spacetrack"
67559,"2026-09-20 22:48:30.985+00",0.00066734,14.977875,0.00053158,0.0414908,285.29538,862.1728,6951.871,"spacetrack"
67559,"2026-09-21 22:51:39.49+00",0.00071055,14.979049,0.0005674,0.0414599,285.162,861.5796,6951.508,"spacetrack"
67559,"2026-09-22 11:41:17.242+00",0.00072056,14.9797,0.0005763,0.0414434,285.08365,861.2552,6951.3066,"spacetrack"
67559,"2026-09-23 21:21:24.406+00",0.0008414,14.981406,0.00067467,0.0413908,284.9432,860.3398,6950.7783,"spacetrack"
67559,"2026-09-24 05:22:21.183+00",0.00088361,14.98183,0.00070902,0.0413788,284.9011,860.12,6950.6475,"spacetrack"
67674,"2026-09-17 23:16:27.482+00",0.00021875,15.828511,0.00046168,0.0005104,318.96225,325.80215,6700.519,"spacetrack"
67674,"2026-09-18 22:02:03.23+00",0.00019839,15.828543,0.0004184,0.000487,319.11035,325.63666,6700.5103,"spacetrack"
67674,"2026-09-20 22:35:17.409+00",0.00019446,15.828769,0.00041052,0.0005039,318.9333,325.686,6700.447,"spacetrack"
67674,"2026-09-22 17:04:24.567+00",0.0001836,15.828292,0.00038653,0.0004934,319.13806,325.75018,6700.581,"spacetrack"
67685,"2026-09-17 04:38:42.45+00",0.00062481,15.731232,0.00088035,0.0008907,343.9845,355.96994,6728.1143,"spacetrack"
67685,"2026-09-19 11:31:25.618+00",0.00059955,15.735048,0.00085832,0.0008977,342.85028,354.92798,6727.0264,"spacetrack"
67685,"2026-09-21 21:26:13.182+00",0.00056212,15.739082,0.00081822,0.0009195,341.5552,353.9241,6725.8765,"spacetrack"
67685,"2026-09-23 20:40:15.773+00",0.00060397,15.742352,0.00089301,0.0009259,340.58194,353.03522,6724.946,"spacetrack"
67685,"2026-09-24 04:17:18.697+00",0.00064755,15.742904,0.000961,0.000929,340.40387,352.89853,6724.788,"spacetrack"
67686,"2026-09-17 03:45:37.123+00",0.00085661,15.849125,0.00209493,0.0008011,311.2081,321.93436,6694.708,"spacetrack"
67686,"2026-09-18 03:58:08.213+00",0.00085816,15.853373,0.00214356,0.0008132,309.93207,320.81842,6693.512,"spacetrack"
67686,"2026-09-19 01:08:46.929+00",0.0008018,15.856863,0.00203393,0.0008125,308.9552,319.83057,6692.53,"spacetrack"
67686,"2026-09-21 03:02:44.175+00",0.00074532,15.865397,0.0019691,0.0008135,306.55026,317.4351,6690.13,"spacetrack"
67686,"2026-09-23 23:02:42.396+00",0.00082789,15.877885,0.00233717,0.0008436,302.84372,314.1254,6686.6216,"spacetrack"
67686,"2026-09-24 00:33:20.189+00",0.00082595,15.878115,0.00233438,0.0008522,302.7218,314.11838,6686.557,"spacetrack"
67687,"2026-09-17 04:09:48.818+00",0.0010482,15.747229,0.00160038,0.0008469,339.72583,351.1142,6723.557,"spacetrack"
67687,"2026-09-18 12:08:36.442+00",0.0010051,15.751209,0.00156047,0.0008527,338.55496,350.01938,6722.4243,"spacetrack"
67687,"2026-09-19 03:22:09.134+00",0.00095417,15.753025,0.00149197,0.0008795,337.85867,349.68253,6721.9077,"spacetrack"
67687,"2026-09-20 00:40:55.94+00",0.00098877,15.755676,0.00156559,0.0008612,337.22818,348.8047,6721.1533,"spacetrack"
67687,"2026-09-21 07:07:22.822+00",0.0009219,15.759547,0.00148296,0.0008687,336.07794,347.75336,6720.0527,"spacetrack"
67687,"2026-09-22 05:56:55.704+00",0.00093992,15.762396,0.00153231,0.0008963,335.08356,347.12845,6719.243,"spacetrack"
67687,"2026-09-23 01:43:39.269+00",0.00097563,15.765081,0.00161128,0.0008953,334.32788,346.358,6718.48,"spacetrack"
67687,"2026-09-24 02:03:57.885+00",0.0011283,15.768482,0.0018991,0.000898,333.34473,345.4094,6717.514,"spacetrack"
67688,"2026-09-17 01:50:52.918+00",0.00077089,15.785762,0.00139051,0.0007463,329.46426,339.48352,6712.611,"spacetrack"
67688,"2026-09-19 11:34:15.247+00",0.0007326,15.791946,0.00135849,0.0007936,327.39566,338.04712,6710.8584,"spacetrack"
67688,"2026-09-21 21:16:17.169+00",0.00067899,15.798151,0.00129394,0.0008167,325.48477,336.44342,6709.101,"spacetrack"
67688,"2026-09-23 09:42:07.223+00",0.00064362,15.80208,0.00124794,0.0008353,324.24875,335.45514,6707.989,"spacetrack"
67688,"2026-09-24 00:52:43.534+00",0.00078401,15.803846,0.00153919,0.0008292,323.7902,334.9139,6707.4893,"spacetrack"
67690,"2026-09-17 22:32:55.529+00",0.00028925,15.411439,0.00018324,0.0154035,337.6669,547.7974,6820.869,"spacetrack"
67690,"2026-09-18 21:53:26.496+00",0.00025188,15.411735,0.00015881,0.015388,337.6867,547.6031,6820.7817,"spacetrack"
67690,"2026-09-19 22:47:17.687+00",0.00025704,15.412065,0.00016223,0.01537,337.71356,547.3814,6820.6846,"spacetrack"
67690,"2026-09-20 20:34:23.31+00",0.00025501,15.412365,0.00016096,0.015356,337.72174,547.19586,6820.5957,"spacetrack"
67690,"2026-09-21 19:54:49.033+00",0.00025264,15.412689,0.0001595,0.0153432,337.71506,547.01166,6820.5005,"spacetrack"
67690,"2026-09-22 22:21:55.906+00",0.00025224,15.413071,0.00015937,0.0153317,337.68246,546.8187,6820.3877,"spacetrack"
67690,"2026-09-23 23:15:39.105+00",0.00026829,15.413422,0.00017001,0.0153177,337.6761,546.6182,6820.284,"spacetrack"
68128,"2026-09-19 04:45:58.373+00",0.00040777,15.731523,0.0005687,0.0007005,345.18134,354.6073,6728.0312,"spacetrack"
68128,"2026-09-20 03:38:28.802+00",0.00041318,15.732604,0.00057913,0.0007122,344.79437,354.37735,6727.7227,"spacetrack"
68128,"2026-09-21 05:33:52.229+00",0.00037925,15.733837,0.00053349,0.0006819,344.64697,353.82178,6727.3716,"spacetrack"
68128,"2026-09-22 22:43:56.452+00",0.00041967,15.735894,0.00059689,0.0007176,343.82098,353.47525,6726.785,"spacetrack"
68128,"2026-09-23 12:27:14.12+00",0.00037744,15.736362,0.00053707,0.000816,343.02567,354.00354,6726.6514,"spacetrack"
68128,"2026-09-24 00:39:01.18+00",0.00048148,15.737081,0.00069041,0.00082,342.79425,353.82562,6726.447,"spacetrack"
68205,"2026-09-17 10:49:19.18+00",0.00048286,14.793274,0.00040419,0.0508632,274.91812,987.97797,7009.585,"spacetrack"
68205,"2026-09-18 03:03:21.391+00",0.00050027,14.793828,0.0004194,0.0508466,274.8683,987.6776,7009.41,"spacetrack"
68205,"2026-09-19 09:53:55.618+00",0.00041924,14.794738,0.00035131,0.0508176,274.79874,987.1723,7009.1226,"spacetrack"
68205,"2026-09-20 21:36:32.266+00",0.00041051,14.795809,0.0003443,0.0507765,274.76593,986.529,7008.7847,"spacetrack"
68205,"2026-09-21 17:05:09.915+00",0.00040923,14.796393,0.00034377,0.0507629,274.68582,986.2395,7008.5996,"spacetrack"
68205,"2026-09-22 17:25:52.717+00",0.00041078,14.797138,0.00034549,0.0507373,274.64203,985.813,7008.3647,"spacetrack"
68205,"2026-09-23 16:09:08.425+00",0.00039156,14.79781,0.00032915,0.0507065,274.65662,985.3744,7008.1523,"spacetrack"
68293,"2026-09-17 05:13:02.686+00",0.00097151,15.645754,0.00123834,0.0096344,309.40295,439.5174,6752.597,"spacetrack"
68293,"2026-09-18 22:35:54.507+00",0.00086156,15.649668,0.00111217,0.0095796,308.65805,438.01083,6751.4717,"spacetrack"
68293,"2026-09-19 21:35:00.359+00",0.00093809,15.651839,0.00121952,0.0094997,308.57877,436.84082,6750.8467,"spacetrack"
68293,"2026-09-20 22:05:49.563+00",0.00071896,15.654131,0.00093716,0.0094401,308.32846,435.77338,6750.188,"spacetrack"
68293,"2026-09-21 19:32:36.176+00",0.0009508,15.656482,0.00125554,0.0093941,307.9696,434.7808,6749.512,"spacetrack"
68293,"2026-09-22 07:47:49.553+00",0.00083741,15.657556,0.00110719,0.0093675,307.8435,434.28983,6749.2036,"spacetrack"
68293,"2026-09-23 22:05:00.817+00",0.00095833,15.661521,0.0012859,0.009261,307.4337,432.42133,6748.0645,"spacetrack"
68293,"2026-09-24 04:12:30.547+00",0.0010038,15.662235,0.00135161,0.0092491,307.31058,432.13382,6747.8594,"spacetrack"
68373,"2026-09-17 22:57:06.769+00",0.00021062,15.715433,0.0002714,0.0011882,346.486,362.4854,6732.6226,"spacetrack"
68373,"2026-09-18 23:24:08.516+00",0.00018819,15.715887,0.00024296,0.0011934,346.32135,362.39047,6732.4927,"spacetrack"
68373,"2026-09-19 17:44:22.976+00",0.00019981,15.716276,0.00025839,0.0011992,346.17145,362.3184,6732.382,"spacetrack"
68373,"2026-09-20 13:36:16.813+00",0.00020644,15.7167015,0.00026746,0.0012023,346.02914,362.21753,6732.2603,"spacetrack"
68373,"2026-09-21 14:03:11.365+00",0.00018564,15.717175,0.00024099,0.0012113,345.83374,362.143,6732.1255,"spacetrack"
68373,"2026-09-22 20:36:45.755+00",0.00018184,15.717762,0.00023667,0.0012256,345.56998,362.07135,6731.9575,"spacetrack"
68373,"2026-09-23 21:03:34.347+00",0.00032369,15.718349,0.00042276,0.0012298,345.37402,361.93155,6731.7896,"spacetrack"
68373,"2026-09-24 01:38:35.569+00",0.00036072,15.718501,0.00047161,0.0012294,345.33353,361.88556,6731.7466,"spacetrack"
68826,"2026-09-17 11:39:10.229+00",0.00014732,15.8656025,0.00037161,0.0011114,304.49973,319.37042,6690.0723,"spacetrack"
68826,"2026-09-18 22:28:04.359+00",0.00014371,15.866649,0.00036421,0.0010858,304.37732,318.90485,6689.778,"spacetrack"
68826,"2026-09-19 12:05:25.9+00",0.00014645,15.867056,0.00037192,0.0010724,304.35263,318.70062,6689.6636,"spacetrack"
68826,"2026-09-20 12:18:27.729+00",0.00013984,15.867778,0.00035618,0.001046,304.32648,318.32083,6689.4604,"spacetrack"
68826,"2026-09-21 17:03:51.123+00",0.00012985,15.868592,0.00033179,0.0010207,304.26694,317.92233,6689.2314,"spacetrack"
68826,"2026-09-22 17:16:44.82+00",0.000133,15.869251,0.00034097,0.0010077,304.16904,317.65015,6689.0464,"spacetrack"
68826,"2026-09-23 17:29:34.758+00",0.00013566,15.869945,0.00034901,0.0009993,304.03064,317.399,6688.852,"spacetrack"
68826,"2026-09-24 05:35:57.919+00",0.00017647,15.870474,0.00045608,0.00099,303.94412,317.18774,6688.703,"spacetrack"
68827,"2026-09-17 20:20:57.668+00",0.00015074,15.8666,0.00037776,0.0014963,301.64468,321.66455,6689.7915,"spacetrack"
68827,"2026-09-18 19:03:13.346+00",0.00013584,15.867225,0.00034087,0.0014857,301.54044,321.41794,6689.616,"spacetrack"
68827,"2026-09-19 11:42:10.663+00",0.00013786,15.867702,0.00034676,0.0014718,301.49957,321.19073,6689.482,"spacetrack"
68827,"2026-09-20 22:30:48.001+00",0.00014303,15.868785,0.00036178,0.0014401,301.4074,320.67358,6689.1777,"spacetrack"
68827,"2026-09-21 16:40:27.473+00",0.00014645,15.869372,0.00037156,0.0014197,301.3792,320.372,6689.0127,"spacetrack"
68827,"2026-09-22 16:53:16.51+00",0.00013531,15.870102,0.00034399,0.0013934,301.35043,319.9908,6688.8076,"spacetrack"
68827,"2026-09-23 20:07:37.051+00",0.00013716,15.870892,0.00035003,0.001368,301.29868,319.59863,6688.5854,"spacetrack"
68827,"2026-09-24 05:12:22.812+00",0.0001473,15.871183,0.00037687,0.0013628,301.25156,319.48172,6688.5034,"spacetrack"
68828,"2026-09-17 12:22:26.327+00",3.5901e-05,15.866819,8.562e-05,0.0014635,301.80264,321.38348,6689.73,"spacetrack"
68828,"2026-09-18 23:11:11.081+00",2.8179e-05,15.867545,6.618e-05,0.0014239,301.8639,320.91434,6689.526,"spacetrack"
68828,"2026-09-19 15:50:06.091+00",2.9722e-05,15.868216,7.037e-05,0.001415,301.73523,320.66608,6689.338,"spacetrack"
68828,"2026-09-20 11:30:36.048+00",3.2497e-05,15.869075,7.777e-05,0.0013642,301.8337,320.08426,6689.096,"spacetrack"
68828,"2026-09-21 17:46:34.353+00",3.9376e-05,15.870469,9.618e-05,0.0014006,301.1991,319.9355,6688.704,"spacetrack"
68828,"2026-09-22 17:59:15.864+00",4.2246e-05,15.87147,0.00010411,0.001369,301.12955,319.44244,6688.423,"spacetrack"
68829,"2026-09-17 22:37:07.332+00",0.00016244,15.866455,0.0004069,0.0014301,302.12823,321.26248,6689.8325,"spacetrack"
68829,"2026-09-18 12:14:29.46+00",0.00014504,15.866852,0.00036334,0.0014119,302.13864,321.02908,6689.7207,"spacetrack"
68829,"2026-09-19 12:27:32.486+00",0.00012813,15.867524,0.00032129,0.0013905,302.0931,320.6967,6689.5317,"spacetrack"
68829,"2026-09-20 12:40:31.859+00",0.00013473,15.868205,0.0003392,0.0013758,302.00043,320.40683,6689.341,"spacetrack"
68829,"2026-09-21 17:25:52.457+00",0.0001376,15.86904,0.00034794,0.0013591,301.8779,320.06024,6689.106,"spacetrack"
68829,"2026-09-22 17:38:43.499+00",0.00014177,15.869752,0.00035985,0.0013412,301.79767,319.74,6688.906,"spacetrack"
68829,"2026-09-23 17:51:30.442+00",0.00014374,15.870503,0.00036619,0.0013188,301.7367,319.37878,6688.695,"spacetrack"
68829,"2026-09-24 05:57:52.288+00",0.00016244,15.870938,0.00041541,0.0013039,301.71414,319.1566,6688.5723,"spacetrack"
69095,"2026-09-17 21:09:38.431+00",0.00030369,15.537131,0.00193241,0.0306928,197.67497,614.1169,6784.0327,"spacetrack"
69095,"2026-09-18 20:20:40.454+00",0.00027668,15.540669,0.00176761,0.0305528,197.62642,612.1059,6783.003,"spacetrack"
69095,"2026-09-19 21:04:06.593+00",0.00027723,15.544277,0.0017792,0.0304131,197.55649,610.07697,6781.9536,"spacetrack"
69095,"2026-09-20 07:53:00.427+00",0.00026587,15.545805,0.00171007,0.0303553,197.51758,609.2271,6781.5093,"spacetrack"
69095,"2026-09-21 20:57:18.848+00",0.00023762,15.550934,0.00153986,0.0301615,197.38554,606.3766,6780.018,"spacetrack"
69095,"2026-09-22 17:01:51.032+00",0.00024994,15.553704,0.001626,0.0300568,197.3146,604.8375,6779.213,"spacetrack"
69095,"2026-09-23 20:49:20.21+00",0.00024287,15.557263,0.00159104,0.0299326,197.15346,602.9305,6778.179,"spacetrack"
69095,"2026-09-24 04:32:27.562+00",0.00025631,15.558353,0.00168314,0.0298966,197.09045,602.36053,6777.8623,"spacetrack"
69537,"2026-09-17 09:09:46.856+00",0.00039735,15.73427,0.00059621,0.0044899,318.9063,379.31564,6727.248,"spacetrack"
69537,"2026-09-18 23:16:30.888+00",0.0003679,15.735954,0.00055508,0.0044688,318.57053,378.69168,6726.768,"spacetrack"
69537,"2026-09-19 14:31:08.301+00",0.00037363,15.736646,0.00056546,0.0044577,318.4489,378.41898,6726.571,"spacetrack"
69537,"2026-09-20 22:31:42.903+00",0.00034047,15.738148,0.00051763,0.004442,318.12833,377.8834,6726.143,"spacetrack"
69537,"2026-09-21 03:06:04.122+00",0.0003582,15.738361,0.00054549,0.0044331,318.12775,377.7625,6726.082,"spacetrack"
69537,"2026-09-22 12:37:52.451+00",0.00036744,15.7399845,0.00056364,0.0044156,317.785,377.1803,6725.6196,"spacetrack"
69537,"2026-09-23 05:23:41.906+00",0.00034766,15.740834,0.00053471,0.0044109,317.57574,376.90567,6725.378,"spacetrack"
69537,"2026-09-24 04:15:11.43+00",0.00042385,15.742026,0.00065762,0.0044014,317.3016,376.50076,6725.038,"spacetrack"
69684,"2026-09-17 12:36:51.469+00",0.0012948,15.752546,0.00198097,0.0001282,343.04492,344.76846,6722.0435,"spacetrack"
69684,"2026-09-18 13:00:31.709+00",0.0012013,15.752643,0.0018354,0.0001854,342.63315,345.12567,6722.0166,"spacetrack"
69684,"2026-09-19 08:49:46.473+00",0.0010111,15.752354,0.00153747,0.0002501,342.28036,345.64276,6722.0986,"spacetrack"
69684,"2026-09-20 19:53:47.94+00",0.0011958,15.752424,0.00182517,0.0001712,342.79047,345.0921,6722.078,"spacetrack"
69684,"2026-09-21 14:11:33.432+00",0.00033008,15.751971,0.00049406,0.0001751,342.8932,345.2473,6722.207,"spacetrack"
69684,"2026-09-22 13:03:45.23+00",0.0010786,15.752544,0.00164333,0.0001378,342.98093,344.83353,6722.0444,"spacetrack"
69684,"2026-09-23 13:27:25.782+00",0.00093224,15.752024,0.00141318,6.11e-05,343.64453,344.46597,6722.1924,"spacetrack"
69726,"2026-09-17 14:59:37.554+00",0.00086121,15.751794,0.00130242,0.0001414,343.1702,345.07126,6722.258,"spacetrack"
69726,"2026-09-18 23:00:42.091+00",0.00099834,15.752228,0.00151669,0.0001773,342.80557,345.18924,6722.1343,"spacetrack"
69726,"2026-09-19 15:46:58.485+00",0.00058828,15.752089,0.00088601,9.32e-05,343.41034,344.66336,6722.174,"spacetrack"
69726,"2026-09-20 20:45:05.392+00",0.00096667,15.752077,0.00146668,0.0001028,343.3492,344.7313,6722.1772,"spacetrack"
69726,"2026-09-21 15:02:51.248+00",0.0013817,15.752809,0.00211992,0.0001186,343.03494,344.6294,6721.969,"spacetrack"
69726,"2026-09-22 15:26:31.875+00",0.0011714,15.751952,0.00178334,0.0002301,342.5289,345.62244,6722.213,"spacetrack"
69726,"2026-09-23 20:24:38.504+00",0.00092358,15.752144,0.00140057,0.0001201,343.21387,344.82852,6722.158,"spacetrack"
69726,"2026-09-24 02:30:33.579+00",0.00098217,15.752057,0.00149052,2.9e-05,343.85095,344.24084,6722.183,"spacetrack"
69727,"2026-09-17 15:44:20.89+00",0.001389,15.751938,0.00212313,0.000124,343.24637,344.91345,6722.217,"spacetrack"
69727,"2026-09-18 16:08:01.317+00",0.0011776,15.751788,0.00179164,0.0001207,343.31107,344.9338,6722.2593,"spacetrack"
69727,"2026-09-19 08:54:17.73+00",0.001781,15.753515,0.00276226,8.07e-05,343.08853,344.17343,6721.768,"spacetrack"
69727,"2026-09-20 15:23:53.55+00",0.00069522,15.752161,0.00104967,0.0001188,343.21762,344.81482,6722.1533,"spacetrack"
69727,"2026-09-21 02:04:14.849+00",0.00042838,15.752086,0.000643,0.0001227,343.2129,344.86252,6722.175,"spacetrack"
69727,"2026-09-22 16:11:14.764+00",0.0012044,15.752199,0.00183661,0.0001355,343.09454,344.91623,6722.1426,"spacetrack"
69727,"2026-09-23 15:03:26.711+00",0.0010784,15.752026,0.00163947,0.0002151,342.60898,345.50085,6722.192,"spacetrack"
69792,"2026-09-17 23:21:48.733+00",0.0022708,15.9659195,0.01021307,0.0005221,280.40414,287.36063,6662.0195,"spacetrack"
69792,"2026-09-18 02:21:43.888+00",0.0021995,15.9682255,0.01002297,0.0005169,279.7976,286.68414,6661.378,"spacetrack"
69792,"2026-09-19 23:16:44.127+00",0.0023192,16.01198,0.01342099,0.0002787,269.24686,272.95316,6649.237,"spacetrack"
69792,"2026-09-21 23:02:17.149+00",0.0022106,16.07141,0.01796538,0.0001713,253.56194,255.83435,6632.835,"spacetrack"
69792,"2026-09-22 21:21:18.794+00",0.002567,16.112532,0.02515641,0.0003885,240.83519,245.98012,6621.5444,"spacetrack"
69792,"2026-09-23 21:05:07.852+00",0.0024265,16.173979,0.0312989,0.0004999,223.3248,229.92824,6604.7637,"spacetrack"
69793,"2026-09-17 21:14:24.408+00",0.00051467,15.722031,0.00073432,0.0018019,340.47375,364.72998,6730.739,"spacetrack"
69793,"2026-09-18 23:07:32.381+00",0.0004522,15.723293,0.00064924,0.0017973,340.14505,364.33807,6730.3784,"spacetrack"
69793,"2026-09-19 21:57:50.623+00",0.00045118,15.724467,0.00065101,0.0017909,339.85388,363.95953,6730.044,"spacetrack"
69793,"2026-09-20 01:00:32.601+00",0.00046833,15.724607,0.00067592,0.0017861,339.84625,363.88718,6730.004,"spacetrack"
69793,"2026-09-21 01:22:04.405+00",0.00043838,15.725851,0.00063641,0.0017853,339.4974,363.5263,6729.649,"spacetrack"
69793,"2026-09-22 23:02:07.423+00",0.00047089,15.728331,0.00069063,0.0017982,338.70456,362.90454,6728.9414,"spacetrack"
69793,"2026-09-23 23:23:18.696+00",0.00052571,15.729662,0.00077517,0.0018197,338.18082,362.66873,6728.562,"spacetrack"
69998,"2026-09-17 22:29:52.431+00",0.0012512,15.752642,0.00191368,0.0003117,341.78427,345.97476,6722.0166,"spacetrack"
69998,"2026-09-18 04:35:46.634+00",0.0009916,15.752438,0.00150765,0.0001752,342.75983,345.11523,6722.0747,"spacetrack"
69998,"2026-09-19 08:02:22.186+00",0.001238,15.752115,0.00188841,0.0001281,343.1682,344.89044,6722.1665,"spacetrack"
69998,"2026-09-20 20:37:53.762+00",0.00097436,15.752332,0.00148024,0.0001508,342.95404,344.98145,6722.105,"spacetrack"
69998,"2026-09-21 13:24:10.53+00",0.00062815,15.752137,0.00094708,0.0001791,342.81918,345.22705,6722.16,"spacetrack"
69998,"2026-09-22 12:16:22.336+00",0.00048101,15.752196,0.00072321,0.0001752,342.82855,345.184,6722.143,"spacetrack"
69998,"2026-09-23 12:40:02.988+00",0.0013437,15.752323,0.00205571,7.31e-05,343.4788,344.46155,6722.107,"spacetrack"
69998,"2026-09-24 00:51:53.376+00",0.0019264,15.753187,0.00299162,0.0001156,342.94742,344.5015,6721.8613,"spacetrack"
100002,"2026-09-17 06:12:36.111+00",-0.0060397,15.72556,-0.00743468,0.000316,349.46826,353.72147,6729.732,"spacetrack"
100007,"2026-09-17 06:04:02.236+00",-0.0046771,15.728266,-0.00593273,0.0004791,347.5991,354.04678,6728.96,"spacetrack"
100018,"2026-09-17 13:46:41.707+00",-0.0011746,15.729379,-0.00157604,0.0004502,347.4764,353.53488,6728.6426,"spacetrack"
100083,"2026-09-17 22:22:59.47+00",0.00029409,15.991174,0.00145425,0.0020272,263.37537,290.35742,6655.0034,"spacetrack"
100083,"2026-09-18 22:24:38.588+00",0.00027278,15.993878,0.0013707,0.0020499,262.47543,289.75656,6654.253,"spacetrack"
100083,"2026-09-19 22:26:02.251+00",0.00028133,15.9969635,0.00143864,0.0020531,261.60046,288.92065,6653.3975,"spacetrack"
100083,"2026-09-20 11:56:42.392+00",0.00028344,15.998502,0.00146168,0.0020393,261.26654,288.40137,6652.971,"spacetrack"
100083,"2026-09-21 22:28:02.737+00",0.000277,16.002651,0.00146304,0.0020447,260.08307,287.28503,6651.821,"spacetrack"
100083,"2026-09-22 19:28:35.726+00",0.00034743,16.005344,0.00186435,0.0020841,259.0762,286.7992,6651.0747,"spacetrack"
100083,"2026-09-23 19:28:58.377+00",0.0004969,16.008741,0.00271344,0.0020316,258.48648,285.5073,6650.134,"spacetrack"
100089,"2026-09-17 22:15:39.161+00",0.00028149,15.989621,0.00137834,0.0019727,264.16788,290.4262,6655.434,"spacetrack"
100089,"2026-09-18 22:17:27.197+00",0.00025113,15.992121,0.00124802,0.0019904,263.35806,289.84924,6654.7407,"spacetrack"
100089,"2026-09-19 23:49:07.029+00",0.00026525,15.994884,0.00133911,0.0020021,262.51532,289.15918,6653.974,"spacetrack"
100089,"2026-09-20 23:50:26.439+00",0.00024937,15.997531,0.00127833,0.002005,261.76355,288.44305,6653.24,"spacetrack"
100089,"2026-09-21 22:21:27.842+00",0.00025941,16.000023,0.00134859,0.0020025,261.09076,287.73422,6652.5493,"spacetrack"
100089,"2026-09-22 20:52:15.634+00",0.00045598,16.00345,0.00242336,0.002161,259.08832,287.83652,6651.5996,"spacetrack"
100089,"2026-09-23 19:22:52.101+00",0.00026802,16.005165,0.00143466,0.001996,259.71158,286.26288,6651.124,"spacetrack"
100089,"2026-09-24 05:53:04.172+00",0.00028939,16.006495,0.00156062,0.0019962,259.3431,285.8956,6650.7563,"spacetrack"
100092,"2026-09-17 22:05:16.718+00",0.0002754,15.922577,0.00093009,0.0013804,286.75357,305.17944,6674.1035,"spacetrack"
100092,"2026-09-18 22:13:10.911+00",0.00025191,15.924267,0.00085879,0.0014033,286.1293,304.85953,6673.6313,"spacetrack"
100092,"2026-09-19 22:20:55.981+00",0.0002522,15.925969,0.00086762,0.0014241,285.5154,304.52188,6673.156,"spacetrack"
100092,"2026-09-20 22:28:31.63+00",0.00023893,15.927704,0.00082974,0.0014375,284.94223,304.12616,6672.6714,"spacetrack"
100092,"2026-09-21 10:32:15.942+00",0.00024078,15.928526,0.00083963,0.001431,284.75638,303.8529,6672.4414,"spacetrack"
100092,"2026-09-22 21:12:59.976+00",0.00019779,15.928476,0.00069045,0.0014566,284.59943,304.03763,6672.4556,"spacetrack"
100092,"2026-09-23 22:50:49.682+00",0.00028118,15.930295,0.00098917,0.0014444,284.17377,303.44766,6671.9478,"spacetrack"
100092,"2026-09-24 06:23:05.644+00",0.00028131,15.930935,0.00099305,0.0014513,283.9492,303.31467,6671.769,"spacetrack"
100102,"2026-09-18 18:34:20.234+00",3.0351e-06,15.751784,3.23e-06,0.0001644,343.01846,345.22873,6722.2607,"spacetrack"
100102,"2026-09-20 23:56:07.491+00",5.8385e-06,15.751805,7.41e-06,0.0001097,343.38004,344.85492,6722.2544,"spacetrack"
100102,"2026-09-22 14:03:06.757+00",8.9275e-06,15.751855,1.202e-05,0.0001063,343.3889,344.81802,6722.24,"spacetrack"
100102,"2026-09-23 23:35:40.461+00",1.6837e-06,15.751786,1.22e-06,0.0001153,343.34793,344.8981,6722.2603,"spacetrack"
100103,"2026-09-17 23:36:56.369+00",-3.5154e-06,15.751739,-6.54e-06,0.0002821,342.24026,346.033,6722.2734,"spacetrack"
100103,"2026-09-18 01:08:24.854+00",3.1964e-06,15.751796,3.47e-06,8.8e-05,343.52866,344.7118,6722.2573,"spacetrack"
100103,"2026-09-20 14:07:35.888+00",2.9079e-06,15.75181,3.04e-06,7.35e-05,343.62204,344.6102,6722.253,"spacetrack"
100103,"2026-09-21 00:47:57.084+00",7.4421e-06,15.7518635,9.8e-06,0.0001273,343.2453,344.95676,6722.238,"spacetrack"
100103,"2026-09-22 14:54:56.985+00",3.2997e-06,15.75181,3.63e-06,8.85e-05,343.52136,344.71118,6722.2534,"spacetrack"
100103,"2026-09-23 22:56:01.269+00",7.8628e-06,15.751856,1.043e-05,0.000129,343.23605,344.9704,6722.24,"spacetrack"
100104,"2026-09-17 14:02:39.189+00",0.0011046,15.752024,0.00168002,0.0002208,342.57098,345.53952,6722.1924,"spacetrack"
100104,"2026-09-18 23:35:11.903+00",0.001092,15.752371,0.00166293,9.17e-05,343.3403,344.57312,6722.0938,"spacetrack"
100104,"2026-09-19 23:58:52.229+00",0.0010082,15.752448,0.00153334,5.32e-05,343.57712,344.29233,6722.072,"spacetrack"
100104,"2026-09-20 18:16:37.685+00",0.0011038,15.752309,0.00168095,0.0001713,342.82285,345.12582,6722.1113,"spacetrack"
100104,"2026-09-21 18:40:18.459+00",0.0011215,15.752062,0.00170657,0.0001118,343.2931,344.79617,6722.1816,"spacetrack"
100104,"2026-09-22 14:29:32.623+00",0.0011002,15.752195,0.00167443,0.0001952,342.6944,345.31873,6722.1436,"spacetrack"
100104,"2026-09-23 19:27:39.05+00",0.0011435,15.752264,0.00174245,0.0002437,342.3489,345.62527,6722.124,"spacetrack"
100104,"2026-09-24 00:02:05.82+00",0.001467,15.75254,0.00225171,0.0001518,342.88828,344.92908,6722.046,"spacetrack"
100105,"2026-09-17 13:39:16.48+00",0.0013829,15.752842,0.00212201,0.0001207,343.01135,344.63403,6721.9595,"spacetrack"
100105,"2026-09-18 14:02:57.739+00",0.0012522,15.75162,0.00190732,0.0004725,340.9939,347.3465,6722.307,"spacetrack"
100105,"2026-09-19 14:26:36.9+00",0.0011166,15.75178,0.00169679,9.05e-05,343.51636,344.73306,6722.2617,"spacetrack"
100105,"2026-09-20 14:50:17.768+00",0.00058419,15.75201,0.0008795,0.0001437,343.09314,345.0251,6722.1963,"spacetrack"
100105,"2026-09-21 13:42:29.657+00",0.0010106,15.752121,0.00153488,0.0001019,343.34268,344.71268,6722.1646,"spacetrack"
100105,"2026-09-22 14:06:09.845+00",0.001226,15.75183,0.0018674,0.0002111,342.69144,345.52957,6722.2476,"spacetrack"
100105,"2026-09-23 14:29:50.443+00",0.0011295,15.751799,0.001717,0.0001687,342.9854,345.2535,6722.2563,"spacetrack"
100106,"2026-09-17 23:02:22.548+00",0.001223,15.752611,0.00186916,0.0001567,342.83493,344.94162,6722.0254,"spacetrack"
100106,"2026-09-18 18:51:36.722+00",0.0013542,15.752059,0.00206968,8.46e-05,343.47678,344.61417,6722.1826,"spacetrack"
100106,"2026-09-19 19:15:17.586+00",0.0011129,15.753344,0.00170278,0.0001576,342.62064,344.73935,6721.817,"spacetrack"
100106,"2026-09-20 19:38:57.858+00",0.0013547,15.7522745,0.00207249,0.0001416,343.03226,344.93594,6722.121,"spacetrack"
100106,"2026-09-21 20:02:38.666+00",0.0014092,15.752541,0.00216071,0.000189,342.63794,345.17886,6722.0454,"spacetrack"
100106,"2026-09-22 20:26:19.063+00",0.00087602,15.752358,0.00132852,0.0001802,342.74878,345.17142,6722.097,"spacetrack"
100106,"2026-09-23 23:52:56.926+00",0.0011788,15.752577,0.00179971,0.000152,342.87628,344.91977,6722.035,"spacetrack"
100107,"2026-09-17 23:53:41.898+00",0.0019311,15.75305,0.0029973,0.0001223,342.9414,344.5856,6721.9004,"spacetrack"
100107,"2026-09-18 12:05:32.232+00",0.0015226,15.75238,0.00233786,7.17e-05,343.47192,344.43588,6722.091,"spacetrack"
100107,"2026-09-19 14:00:41.089+00",0.00094157,15.751848,0.00142651,0.0001764,342.9195,345.2911,6722.242,"spacetrack"
100107,"2026-09-20 23:33:14.934+00",0.00091629,15.752438,0.00139122,0.0002363,342.34912,345.52597,6722.0747,"spacetrack"
100107,"2026-09-21 23:56:54.581+00",0.0015608,15.753066,0.0024057,0.0002011,342.4072,345.11075,6721.896,"spacetrack"
100107,"2026-09-22 19:46:09.278+00",0.00094964,15.752272,0.00144163,0.0001447,343.01224,344.9576,6722.122,"spacetrack"
100107,"2026-09-23 18:38:21.426+00",0.00067648,15.751964,0.00102012,0.0001272,343.21735,344.92746,6722.2095,"spacetrack"
100108,"2026-09-17 13:27:35.18+00",0.0011799,15.752526,0.001801,9.19e-05,343.29462,344.53012,6722.0493,"spacetrack"
100108,"2026-09-18 19:57:10.727+00",0.0011956,15.752336,0.00182409,0.0001504,342.95578,344.97778,6722.104,"spacetrack"
100108,"2026-09-19 18:49:22.086+00",0.00095384,15.752204,0.00144767,7.72e-05,343.48505,344.52295,6722.141,"spacetrack"
100108,"2026-09-20 23:47:29.01+00",0.0014763,15.752878,0.00226982,0.0001573,342.755,344.86975,6721.949,"spacetrack"
100108,"2026-09-21 07:24:53.074+00",0.00096078,15.752262,0.0014588,0.0001718,342.83273,345.14246,6722.1245,"spacetrack"
100108,"2026-09-22 20:00:23.984+00",0.0013188,15.75245,0.00201773,0.0001208,343.12198,344.74603,6722.071,"spacetrack"
100108,"2026-09-23 18:52:35.795+00",0.00080662,15.75233,0.00122144,0.0001332,343.07303,344.8638,6722.1055,"spacetrack"
100108,"2026-09-24 00:58:30.865+00",0.0013821,15.7524805,0.00211743,0.0001057,343.21484,344.6359,6722.0625,"spacetrack"
100109,"2026-09-17 13:18:26.274+00",0.0012187,15.752565,0.00186199,0.0001078,343.17654,344.62582,6722.038,"spacetrack"
100109,"2026-09-18 16:45:04.435+00",0.0010032,15.75222,0.00152435,0.0002574,342.26917,345.72974,6722.136,"spacetrack"
100109,"2026-09-19 14:05:46.755+00",0.0011478,15.751677,0.00174449,0.000132,343.2669,345.0416,6722.291,"spacetrack"
100109,"2026-09-20 23:38:20.191+00",0.0014628,15.75281,0.00224772,0.0001396,342.89355,344.77032,6721.9688,"spacetrack"
100109,"2026-09-21 07:15:44.281+00",0.0012205,15.752278,0.00186246,0.0001879,342.71997,345.24612,6722.12,"spacetrack"
100109,"2026-09-22 13:45:19.673+00",0.0013868,15.752356,0.00212378,0.000245,342.31393,345.6078,6722.0977,"spacetrack"
100109,"2026-09-23 18:43:27.026+00",0.0011401,15.752447,0.00173839,0.0001553,342.89108,344.97894,6722.072,"spacetrack"
100109,"2026-09-24 06:55:17.128+00",0.0019555,15.753147,0.00303801,0.0001287,342.87057,344.60077,6721.8726,"spacetrack"
100110,"2026-09-17 23:42:31.218+00",0.0015725,15.752678,0.00241994,0.0001409,342.92224,344.8165,6722.0063,"spacetrack"
100110,"2026-09-18 13:25:50.266+00",0.0010849,15.751801,0.00164783,0.0001039,343.42038,344.8173,6722.256,"spacetrack"
100110,"2026-09-19 21:26:54.74+00",0.0011323,15.752244,0.00172469,0.0001428,343.03278,344.9526,6722.13,"spacetrack"
100110,"2026-09-20 23:22:04.44+00",0.0011125,15.752533,0.00169646,0.0003376,341.64117,346.1799,6722.0474,"spacetrack"
100110,"2026-09-21 06:59:28.074+00",0.00083347,15.752044,0.00126122,0.000186,342.79935,345.3,6722.1865,"spacetrack"
100110,"2026-09-22 15:00:33.113+00",0.0013328,15.751983,0.00203565,0.0003008,342.04504,346.08914,6722.204,"spacetrack"
100110,"2026-09-23 13:52:44.761+00",0.0010259,15.751921,0.00155733,0.0002576,342.35297,345.81625,6722.2217,"spacetrack"
100110,"2026-09-24 06:39:01.049+00",0.0016966,15.752524,0.00261534,0.0001645,342.80725,345.0188,6722.05,"spacetrack"
100111,"2026-09-17 14:30:36.115+00",0.0010897,15.75126,0.00165125,0.0001309,343.39267,345.1526,6722.4097,"spacetrack"
100111,"2026-09-18 13:22:48.925+00",0.0018647,15.754051,0.00290365,0.0001031,342.78564,344.17166,6721.6157,"spacetrack"
100111,"2026-09-19 13:46:27.667+00",0.00080512,15.752527,0.00122019,0.0001256,343.06787,344.75644,6722.0493,"spacetrack"
100111,"2026-09-20 23:19:01.428+00",0.0012481,15.752776,0.00191017,0.0003638,341.3958,346.2867,6721.978,"spacetrack"
100111,"2026-09-21 06:56:25.113+00",0.00080952,15.752116,0.00122476,0.000129,343.162,344.8963,6722.166,"spacetrack"
100111,"2026-09-22 14:57:29.743+00",0.00094117,15.752109,0.00142752,0.0001657,342.91748,345.1452,6722.1685,"spacetrack"
100111,"2026-09-23 21:27:05.237+00",0.0010928,15.752534,0.0016654,0.0001716,342.7567,345.06372,6722.0474,"spacetrack"
100111,"2026-09-24 06:35:58.122+00",0.0018539,15.752775,0.00286979,0.0001048,343.137,344.54593,6721.9785,"spacetrack"
100112,"2026-09-17 14:05:11.546+00",2.1888e-06,15.751777,1.96e-06,0.0002184,342.6574,345.5937,6722.2627,"spacetrack"
100112,"2026-09-19 07:15:07.929+00",8.9103e-06,15.751849,1.199e-05,0.000141,343.1571,345.05276,6722.2417,"spacetrack"
100112,"2026-09-20 13:44:43.981+00",3.0024e-06,15.751807,3.18e-06,0.0001268,343.2646,344.96936,6722.254,"spacetrack"
100112,"2026-09-21 00:25:05.222+00",4.9836e-06,15.751833,6.14e-06,0.0001217,343.2915,344.9277,6722.2466,"spacetrack"
100112,"2026-09-22 19:06:30.66+00",7.4092e-06,15.751835,9.75e-06,0.0001125,343.35275,344.86526,6722.246,"spacetrack"
100112,"2026-09-23 13:24:17.204+00",-8.3886e-07,15.751756,-2.55e-06,0.0001131,343.37146,344.89203,6722.2686,"spacetrack"
100113,"2026-09-17 01:12:41.38+00",1.9308e-05,15.751874,2.751e-05,0.000142,343.14334,345.05246,6722.235,"spacetrack"
100113,"2026-09-18 07:42:17.394+00",1.1259e-05,15.751817,1.549e-05,0.0001516,343.09512,345.1333,6722.251,"spacetrack"
100113,"2026-09-19 18:46:19.012+00",1.426e-05,15.751874,1.998e-05,9.28e-05,343.47424,344.7219,6722.235,"spacetrack"
100113,"2026-09-20 19:09:59.598+00",1.2579e-05,15.751851,1.747e-05,0.0001019,343.4196,344.78958,6722.2417,"spacetrack"
100113,"2026-09-21 07:21:50.341+00",-7.9263e-06,15.751672,-1.31e-05,0.0001325,343.26483,345.04626,6722.2925,"spacetrack"
100113,"2026-09-22 13:51:25.973+00",2.6654e-05,15.751836,3.847e-05,0.0001216,343.2913,344.92615,6722.2456,"spacetrack"
100113,"2026-09-23 14:15:06.292+00",1.6472e-05,15.751853,2.327e-05,0.0001053,343.39615,344.81186,6722.241,"spacetrack"
100113,"2026-09-24 00:55:27.75+00",1.2869e-05,15.751843,1.79e-05,0.0001081,343.38004,344.83337,6722.2437,"spacetrack"
100114,"2026-09-17 23:34:23.73+00",0.0014977,15.752955,0.00230492,0.0003592,341.3757,346.2047,6721.9272,"spacetrack"
100114,"2026-09-18 13:17:42.783+00",0.0011237,15.752543,0.00171359,0.0001708,342.75934,345.05557,6722.0444,"spacetrack"
100114,"2026-09-19 19:47:18.188+00",0.0012938,15.7521105,0.00197559,0.0001146,343.26028,344.801,6722.1675,"spacetrack"
100114,"2026-09-20 14:05:03.501+00",0.0013566,15.751806,0.00207114,0.00013,343.2434,344.99118,6722.2544,"spacetrack"
100114,"2026-09-21 20:34:40.056+00",0.0011507,15.752704,0.00175709,0.0002863,341.93738,345.7864,6721.999,"spacetrack"
100114,"2026-09-22 13:20:56.071+00",0.0013082,15.752771,0.00200403,0.0001208,343.03052,344.65454,6721.9795,"spacetrack"
100114,"2026-09-23 22:53:29.45+00",0.0015627,15.753046,0.00240847,0.0001275,342.9076,344.62167,6721.902,"spacetrack"
100115,"2026-09-17 22:56:47.867+00",0.0011324,15.752652,0.00172808,0.0002322,342.31577,345.43747,6722.0137,"spacetrack"
100115,"2026-09-18 21:48:59.655+00",0.00095866,15.752575,0.00145777,0.0003211,341.7401,346.05698,6722.0356,"spacetrack"
100115,"2026-09-19 14:35:15.743+00",0.00088825,15.752161,0.00134617,6.55e-05,343.57608,344.45667,6722.1533,"spacetrack"
100115,"2026-09-20 14:58:56.782+00",0.0008164,15.751754,0.00123336,0.0001217,343.31403,344.95023,6722.269,"spacetrack"
100115,"2026-09-21 07:45:13.407+00",0.0010982,15.752131,0.00167086,0.0001698,342.88342,345.16626,6722.1616,"spacetrack"
100115,"2026-09-22 14:14:48.651+00",0.0012045,15.751755,0.00183322,0.0001606,343.05222,345.21143,6722.269,"spacetrack"
100115,"2026-09-23 23:47:22.204+00",0.0011262,15.752553,0.00171751,8.66e-05,343.3226,344.48688,6722.0415,"spacetrack"
100116,"2026-09-17 13:42:18.943+00",6.0014e-06,15.751813,7.65e-06,9.15e-05,343.50034,344.7305,6722.2524,"spacetrack"
100116,"2026-09-18 18:40:25.08+00",1.39e-05,15.751912,1.944e-05,0.0001118,343.33557,344.83865,6722.224,"spacetrack"
100116,"2026-09-19 19:04:06.822+00",-2.8303e-06,15.751728,-5.51e-06,9.54e-05,343.4981,344.7807,6722.2764,"spacetrack"
100116,"2026-09-20 13:21:51.834+00",2.7892e-06,15.751793,2.86e-06,9.46e-05,343.4852,344.75705,6722.2583,"spacetrack"
100116,"2026-09-21 00:02:13.266+00",3.2856e-06,15.751801,3.6e-06,9.45e-05,343.48358,344.75406,6722.256,"spacetrack"
100116,"2026-09-22 18:43:39.501+00",7.8385e-06,15.751833,1.039e-05,0.0001807,342.89496,345.32437,6722.2466,"spacetrack"
100116,"2026-09-23 13:01:25.187+00",-2.1847e-07,15.751786,-1.63e-06,0.0002308,342.5714,345.6744,6722.26,"spacetrack"
100117,"2026-09-17 07:15:34.078+00",0.0013002,15.752028,0.00198489,0.0001029,343.36218,344.74564,6722.191,"spacetrack"
100117,"2026-09-18 22:54:02.491+00",0.0010845,15.752467,0.00165213,0.000258,342.195,345.6636,6722.0664,"spacetrack"
100117,"2026-09-19 18:43:16.08+00",0.0012435,15.752171,0.00189748,7.78e-05,343.49063,344.5366,6722.1504,"spacetrack"
100117,"2026-09-20 23:41:23.14+00",0.0014368,15.752767,0.00220627,0.0001503,342.83377,344.85437,6721.981,"spacetrack"
100117,"2026-09-21 14:56:11.431+00",0.0011151,15.751939,0.0016957,0.0001708,342.9313,345.22763,6722.2163,"spacetrack"
100117,"2026-09-22 13:48:23.002+00",0.0010835,15.75185,0.00164592,0.0001645,342.999,345.2106,6722.2417,"spacetrack"
100117,"2026-09-23 18:46:29.786+00",0.00077912,15.752145,0.0011782,0.000107,343.30157,344.7401,6722.1577,"spacetrack"
100117,"2026-09-24 06:58:19.965+00",0.0017696,15.7526,0.00273268,5.81e-05,343.50107,344.28217,6722.029,"spacetrack"
100118,"2026-09-17 23:25:44.758+00",6.4237e-06,15.751839,8.28e-06,0.0001243,343.2724,344.94354,6722.245,"spacetrack"
100118,"2026-09-18 23:49:25.635+00",2.4516e-06,15.751795,2.36e-06,4.78e-05,343.79932,344.44196,6722.258,"spacetrack"
100118,"2026-09-20 20:02:19.748+00",1.11e-05,15.7518835,1.526e-05,7.61e-05,343.5838,344.6069,6722.2324,"spacetrack"
100118,"2026-09-21 00:36:46.02+00",1.2515e-05,15.751888,1.737e-05,0.0001257,343.24896,344.9389,6722.231,"spacetrack"
100118,"2026-09-22 23:52:39.224+00",1.5623e-06,15.751788,1.03e-06,0.0001234,343.29297,344.95203,6722.2593,"spacetrack"
100118,"2026-09-23 13:35:58.267+00",9.9204e-07,15.751779,1.8e-07,0.0001206,343.3144,344.9358,6722.262,"spacetrack"
100118,"2026-09-24 00:16:19.303+00",5.9615e-06,15.751842,7.59e-06,0.000119,343.30716,344.90704,6722.244,"spacetrack"
100119,"2026-09-18 23:43:19.941+00",1.404e-06,15.75178,8e-07,0.0001043,343.42365,344.8259,6722.2617,"spacetrack"
100119,"2026-09-20 12:18:50.398+00",6.6314e-06,15.751834,8.59e-06,0.0001117,343.35858,344.86032,6722.2466,"spacetrack"
100119,"2026-09-21 06:36:36.068+00",2.6941e-06,15.751793,2.72e-06,0.0001077,343.39706,344.84503,6722.258,"spacetrack"
100119,"2026-09-22 14:37:40.257+00",4.7589e-06,15.751822,5.8e-06,0.000117,343.32608,344.89908,6722.2495,"spacetrack"
100119,"2026-09-23 13:29:52.113+00",4.67e-06,15.751821,5.67e-06,0.0001294,343.24326,344.98297,6722.25,"spacetrack"
100120,"2026-09-17 23:22:42.137+00",1.2216e-06,15.751779,5.3e-07,0.0001076,343.40173,344.84836,6722.262,"spacetrack"
100120,"2026-09-18 23:46:22.782+00",2.6945e-06,15.751782,2.72e-06,9.04e-05,343.5163,344.73166,6722.2607,"spacetrack"
100120,"2026-09-20 13:53:22.165+00",4.4121e-06,15.751812,5.28e-06,7.5e-05,343.61136,344.61972,6722.2524,"spacetrack"
100120,"2026-09-21 20:22:57.781+00",4.0055e-06,15.75181,4.68e-06,6.93e-05,343.6503,344.582,6722.253,"spacetrack"
100120,"2026-09-22 23:49:36.225+00",4.3748e-07,15.751775,-6.4e-07,9.57e-05,343.4828,344.76944,6722.263,"spacetrack"
100120,"2026-09-23 15:04:24.089+00",4.9503e-07,15.751772,-5.6e-07,0.0001213,343.3115,344.94232,6722.2637,"spacetrack"
100120,"2026-09-24 00:13:16.52+00",4.4168e-06,15.751812,5.29e-06,0.0001162,343.33447,344.89673,6722.2524,"spacetrack"
100121,"2026-09-17 13:30:37.619+00",0.0011979,15.752698,0.00183049,0.0001397,342.9246,344.8027,6722.0005,"spacetrack"
100121,"2026-09-18 20:00:13.552+00",0.0011864,15.75237,0.00180991,0.0001359,343.04337,344.87042,6722.0938,"spacetrack"
100121,"2026-09-19 18:52:24.995+00",0.00087533,15.752161,0.00132626,9.48e-05,343.37906,344.65356,6722.1533,"spacetrack"
100121,"2026-09-20 23:50:31.982+00",0.0010346,15.752547,0.00157509,0.0001472,342.91693,344.8959,6722.0435,"spacetrack"
100121,"2026-09-22 13:57:31.557+00",0.0011858,15.751764,0.0018042,0.0001985,342.7948,345.46353,6722.266,"spacetrack"
100121,"2026-09-23 14:21:12.578+00",0.00093631,15.752029,0.00141959,0.0002195,342.5783,345.52936,6722.191,"spacetrack"
100121,"2026-09-24 07:07:28.811+00",0.0012562,15.7522745,0.00191812,0.0001186,343.18686,344.78134,6722.121,"spacetrack"
100122,"2026-09-17 13:59:05.118+00",6.1554e-06,15.751822,7.88e-06,0.0001237,343.28113,344.9442,6722.2495,"spacetrack"
100122,"2026-09-19 19:20:52.619+00",3.6402e-06,15.7518,4.13e-06,0.0001047,343.41537,344.82303,6722.2563,"spacetrack"
100122,"2026-09-20 13:38:38.048+00",3.6899e-06,15.7518,4.21e-06,0.0001062,343.40524,344.83304,6722.2563,"spacetrack"
100122,"2026-09-21 00:18:59.651+00",1.1711e-06,15.751775,4.5e-07,8.9e-05,343.52786,344.72443,6722.263,"spacetrack"
100122,"2026-09-22 14:25:58.876+00",7.5459e-06,15.751843,9.96e-06,0.0001312,343.22464,344.98856,6722.2437,"spacetrack"
100122,"2026-09-23 14:49:39.749+00",4.0596e-06,15.751806,4.76e-06,0.0001294,343.2473,344.98703,6722.2544,"spacetrack"
100123,"2026-09-17 23:31:20.723+00",8.0535e-06,15.751848,1.071e-05,0.0001609,343.02368,345.1869,6722.242,"spacetrack"
100123,"2026-09-18 01:02:49.769+00",4.3162e-06,15.751806,5.14e-06,0.0001565,343.06522,345.16928,6722.2544,"spacetrack"
100123,"2026-09-20 20:07:55.747+00",1.1132e-05,15.751883,1.531e-05,0.000138,343.16782,345.02316,6722.2324,"spacetrack"
100123,"2026-09-21 00:42:22.259+00",8.3403e-06,15.751855,1.114e-05,0.0001438,343.1366,345.06992,6722.24,"spacetrack"
100123,"2026-09-22 23:58:15.563+00",-9.0021e-06,15.751678,-1.471e-05,0.0001289,343.28717,345.0202,6722.2905,"spacetrack"
100123,"2026-09-23 13:41:33.801+00",6.7776e-06,15.751846,8.81e-06,0.0001684,342.97375,345.23782,6722.2427,"spacetrack"
100123,"2026-09-24 00:21:55.027+00",2.2691e-05,15.751871,3.256e-05,0.00017,342.9559,345.24146,6722.236,"spacetrack"
100124,"2026-09-17 14:39:15.067+00",2.5803e-07,15.751757,-9.1e-07,8.4e-05,343.56677,344.6961,6722.2686,"spacetrack"
100124,"2026-09-19 07:49:12.297+00",1.4544e-05,15.751818,2.039e-05,0.0001022,343.42688,344.80093,6722.251,"spacetrack"
100124,"2026-09-20 14:18:48.05+00",6.7085e-07,15.751764,-3e-07,0.0001207,343.31784,344.9406,6722.266,"spacetrack"
100124,"2026-09-21 00:59:09.423+00",5.143e-06,15.751809,6.37e-06,9.81e-05,343.4569,344.77582,6722.2534,"spacetrack"
100124,"2026-09-22 13:34:40.242+00",5.9861e-06,15.751821,7.63e-06,0.0001534,343.0819,345.14432,6722.25,"spacetrack"
100124,"2026-09-23 13:58:20.699+00",6.7913e-06,15.751825,8.83e-06,0.0001208,343.29974,344.92383,6722.2485,"spacetrack"
100124,"2026-09-24 00:38:42.122+00",6.7072e-06,15.751832,8.71e-06,0.0001283,343.24753,344.97244,6722.247,"spacetrack"
100138,"2026-09-17 05:20:10.583+00",0.00036017,15.498891,0.00030793,0.0143497,319.54132,514.55914,6795.187,"spacetrack"
100138,"2026-09-18 23:10:19.915+00",0.00035953,15.499938,0.00030853,0.0143377,319.32123,514.1672,6794.8813,"spacetrack"
100138,"2026-09-19 16:12:56.449+00",0.00034033,15.500364,0.00029236,0.0143317,319.23914,514,6794.7563,"spacetrack"
100138,"2026-09-20 15:27:21.76+00",0.00038992,15.500982,0.00033609,0.0143278,319.08774,513.7904,6794.576,"spacetrack"
100138,"2026-09-21 16:14:41.076+00",0.00036779,15.50165,0.00031756,0.0143161,318.97498,513.51306,6794.381,"spacetrack"
100138,"2026-09-22 17:01:56.597+00",0.00040663,15.502348,0.00035217,0.0143054,318.84644,513.2333,6794.177,"spacetrack"
100138,"2026-09-23 19:22:04.752+00",0.00040435,15.503134,0.00035102,0.0142897,318.72684,512.8938,6793.9473,"spacetrack"
100138,"2026-09-24 04:39:45.322+00",0.00045292,15.503436,0.00039392,0.0142863,318.6629,512.7811,6793.859,"spacetrack"
100142,"2026-09-17 23:17:12.57+00",0.00052157,16.132915,0.0061491,0.0016583,226.8578,248.80032,6615.9663,"spacetrack"
100142,"2026-09-18 23:05:49.14+00",0.00049015,16.144686,0.0062649,0.001631,223.82765,245.39844,6612.75,"spacetrack"
100142,"2026-09-19 12:28:56.535+00",0.00047964,16.151667,0.00646443,0.0016078,222.07857,243.3364,6610.8447,"spacetrack"
100142,"2026-09-20 22:39:37.915+00",0.00049561,16.172485,0.00774835,0.0015444,216.83194,237.234,6605.17,"spacetrack"
100142,"2026-09-21 22:24:33.131+00",0.00049537,16.188858,0.00873389,0.0014886,212.75275,232.4044,6600.7153,"spacetrack"
100142,"2026-09-22 22:07:55.339+00",0.00050948,16.207937,0.01037605,0.0014183,208.04301,226.7519,6595.5347,"spacetrack"
100142,"2026-09-23 21:49:30.666+00",0.00050724,16.229856,0.01225902,0.0013172,202.77803,220.13766,6589.5947,"spacetrack"
100142,"2026-09-24 02:15:50.188+00",0.00050243,16.23444,0.01259906,0.0013033,201.6311,218.8043,6588.3545,"spacetrack"
100171,"2026-09-17 23:47:28.995+00",0.001141,15.752663,0.00174154,0.0002547,342.1615,345.58566,6722.0107,"spacetrack"
100171,"2026-09-18 08:56:21.562+00",0.0011527,15.752448,0.00175813,0.0002087,342.53165,345.33743,6722.072,"spacetrack"
100171,"2026-09-19 21:31:52.265+00",0.0012293,15.752345,0.00187668,9.11e-05,343.35156,344.57635,6722.101,"spacetrack"
100171,"2026-09-20 15:49:38.002+00",0.0014222,15.751799,0.00217388,0.0001585,343.05408,345.18503,6722.2563,"spacetrack"
100171,"2026-09-21 22:19:14.532+00",0.00090456,15.752262,0.00137236,0.0003863,341.39093,346.58444,6722.1245,"spacetrack"
100171,"2026-09-22 15:05:30.458+00",0.0011236,15.751949,0.00170906,0.0002219,342.58496,345.56827,6722.2134,"spacetrack"
100171,"2026-09-23 21:35:06.055+00",0.0015331,15.752558,0.00235639,0.000177,342.7137,345.09332,6722.0405,"spacetrack"
100179,"2026-09-17 03:08:03.483+00",0.0011021,15.751686,0.0016736,0.0001429,343.1907,345.11194,6722.2886,"spacetrack"
100179,"2026-09-18 12:40:36.571+00",0.00088817,15.752208,0.00134634,0.0001463,343.0195,344.98642,6722.14,"spacetrack"
100179,"2026-09-19 19:10:12.689+00",0.0011802,15.752688,0.0018028,0.0001535,342.83435,344.898,6722.0034,"spacetrack"
100179,"2026-09-20 13:28:42.195+00",-0.0086786,15.728146,-0.01052936,0.0001654,349.74426,351.9702,6728.994,"spacetrack"
100180,"2026-09-17 18:04:33.428+00",0.0018175,15.753096,0.0028155,0.0001084,343.02188,344.4792,6721.8877,"spacetrack"
100180,"2026-09-18 13:53:47.035+00",0.0013079,15.753092,0.00200632,9.69e-05,343.10013,344.40283,6721.8887,"spacetrack"
100181,"2026-09-17 13:15:53.719+00",0.0010033,15.752244,0.00152443,0.0001049,343.28763,344.69794,6722.13,"spacetrack"
100181,"2026-09-18 15:11:57.311+00",-0.0081959,15.725111,-0.00989302,0.0004367,348.78412,354.662,6729.86,"spacetrack"
100182,"2026-09-17 02:01:26.914+00",0.0011215,15.751242,0.0017004,0.0001646,343.17145,345.38446,6722.415,"spacetrack"
100182,"2026-09-18 11:34:01.887+00",0.0012627,15.752618,0.00193138,0.0001795,342.67984,345.09305,6722.0234,"spacetrack"
100182,"2026-09-19 13:29:11.332+00",0.0010709,15.752123,0.00162835,0.0001278,343.16803,344.88623,6722.164,"spacetrack"
100182,"2026-09-20 19:58:46.885+00",0.0017078,15.752497,0.0026329,0.0001793,342.71558,345.1261,6722.0576,"spacetrack"
100182,"2026-09-21 05:07:44.472+00",0.0013808,15.750235,0.00209506,0.000423,341.72067,347.40808,6722.701,"spacetrack"
100183,"2026-09-17 13:12:50.555+00",0.0010654,15.752152,0.00162,4.89e-05,343.6901,344.3475,6722.156,"spacetrack"
100184,"2026-09-17 20:34:29.253+00",0.001533,15.753361,0.00236462,0.0001621,342.58533,344.76453,6721.812,"spacetrack"
100184,"2026-09-18 13:20:45.568+00",0.00095492,15.7523775,0.00145045,0.0001328,343.06207,344.84744,6722.092,"spacetrack"
100184,"2026-09-19 07:38:31.409+00",0.0013554,15.752235,0.00207325,0.0001521,342.97275,345.0176,6722.1323,"spacetrack"
100184,"2026-09-20 20:14:07.868+00",0.00081445,15.749196,0.00121725,0.0004609,341.7612,347.95847,6722.997,"spacetrack"
100185,"2026-09-17 13:42:18.964+00",0.00077877,15.752012,0.00117697,4.58e-05,343.75076,344.36652,6722.196,"spacetrack"
100185,"2026-09-18 06:29:00.535+00",-0.0088679,15.735245,-0.01103339,0.0001526,347.80673,349.8598,6726.97,"spacetrack"
100186,"2026-09-17 13:06:45.028+00",0.00144,15.752397,0.00220767,0.0001327,343.05737,344.8414,6722.0864,"spacetrack"
100186,"2026-09-18 21:07:49.119+00",0.0005805,15.752083,0.00087416,0.0001493,343.03485,345.04208,6722.1753,"spacetrack"
100186,"2026-09-19 20:00:00.932+00",0.0009905,15.752245,0.00150464,0.0001242,343.15765,344.82742,6722.1294,"spacetrack"
100186,"2026-09-20 12:46:17.428+00",0.0012539,15.751731,0.00191017,0.0002609,342.3848,345.8925,6722.2754,"spacetrack"
100186,"2026-09-21 05:32:42.428+00",-0.0046461,15.7443075,-0.00623844,9.73e-05,345.59732,346.90588,6724.3887,"spacetrack"
100187,"2026-09-17 12:30:08.83+00",0.0011776,15.752491,0.00179731,0.0001795,342.71573,345.12897,6722.0596,"spacetrack"
100187,"2026-09-18 20:31:13.259+00",0.0015596,15.753434,0.00240758,0.0001259,342.80774,344.50027,6721.791,"spacetrack"
100187,"2026-09-19 19:23:24.888+00",0.0011904,15.752365,0.00181611,0.000128,343.0978,344.81866,6722.095,"spacetrack"
100187,"2026-09-20 13:41:10.416+00",0.00092957,15.751876,0.00140815,7.69e-05,343.5804,344.6143,6722.2344,"spacetrack"
100187,"2026-09-21 14:04:51.405+00",0.0013126,15.752436,0.00200796,0.0001767,342.7503,345.1259,6722.075,"spacetrack"
100187,"2026-09-22 05:20:06.675+00",-0.0072321,15.734845,-0.00901961,8.58e-05,348.37003,349.52438,6727.084,"spacetrack"
100188,"2026-09-17 01:55:54.142+00",0.0015672,15.751496,0.00239963,0.0004178,341.39697,347.01416,6722.343,"spacetrack"
100188,"2026-09-18 20:37:19.145+00",0.0017256,15.753592,0.00267437,0.0001643,342.5049,344.71368,6721.746,"spacetrack"
100188,"2026-09-19 19:29:30.819+00",0.0012918,15.753011,0.0019804,0.000119,342.9747,344.57452,6721.9116,"spacetrack"
100188,"2026-09-20 12:15:47.417+00",0.0011753,15.752159,0.00179099,0.000135,343.10944,344.92444,6722.154,"spacetrack"
100189,"2026-09-17 12:27:38.765+00",0.0010827,15.751766,0.00164414,0.0001435,343.16406,345.09335,6722.2656,"spacetrack"
100189,"2026-09-18 02:10:56.387+00",0.0013333,15.752614,0.00204203,9.88e-05,343.22318,344.55145,6722.0244,"spacetrack"
100189,"2026-09-19 13:14:57.432+00",0.00093031,15.751968,0.00140986,9.93e-05,343.40363,344.73865,6722.208,"spacetrack"
100189,"2026-09-20 21:16:15.813+00",-0.00052236,15.744654,-0.0007499,0.0001999,344.8088,347.4972,6724.29,"spacetrack"
100190,"2026-09-17 20:31:26.545+00",0.0015171,15.752626,0.00233173,0.0001002,343.2104,344.5575,6722.021,"spacetrack"
100190,"2026-09-18 13:17:42.913+00",0.00088061,15.752067,0.00133384,5.57e-05,343.6688,344.41763,6722.18,"spacetrack"
100190,"2026-09-19 03:01:01.94+00",0.0011286,15.751943,0.00171662,0.0001034,343.38333,344.77347,6722.2153,"spacetrack"
100190,"2026-09-20 00:21:14.63+00",0.0018923,15.760695,0.00303765,0.0001057,340.87906,342.29962,6719.7266,"spacetrack"
100191,"2026-09-17 13:01:47.422+00",-0.0086542,15.729954,-0.01057725,0.0001914,349.05374,351.62943,6728.4785,"spacetrack"
100192,"2026-09-17 12:50:59.735+00",0.0014337,15.752602,0.00219981,0.0001429,342.9304,344.85156,6722.028,"spacetrack"
100192,"2026-09-18 13:14:39.601+00",0.00094089,15.75254,0.00142977,0.000119,343.10876,344.70862,6722.046,"spacetrack"
100192,"2026-09-19 10:35:56.425+00",-0.0034288,15.735327,-0.00453679,0.0009426,342.469,355.15063,6726.947,"spacetrack"
100193,"2026-09-17 01:58:25.345+00",0.001227,15.751292,0.00186442,0.0001069,343.54495,344.9822,6722.4004,"spacetrack"
100193,"2026-09-18 20:39:52.095+00",0.0012519,15.752508,0.00191338,0.000125,343.07724,344.75775,6722.0547,"spacetrack"
100193,"2026-09-19 04:17:21.443+00",-0.0042166,15.7464485,-0.00575309,0.000398,342.96585,348.31796,6723.779,"spacetrack"
100194,"2026-09-17 02:44:11.075+00",-0.0036065,15.748971,-0.00501238,0.0001028,344.23297,345.61523,6723.061,"spacetrack"
100195,"2026-09-17 02:04:01.218+00",0.00099333,15.751259,0.00150269,0.0002953,342.28775,346.258,6722.4097,"spacetrack"
100195,"2026-09-18 11:36:34.758+00",0.00077038,15.752295,0.00116557,0.0001194,343.17566,344.78088,6722.115,"spacetrack"
100195,"2026-09-19 05:54:41.003+00",-0.0079409,15.736617,-0.01003764,6.68e-05,347.9929,348.89157,6726.579,"spacetrack"
100196,"2026-09-17 01:52:50.901+00",0.001221,15.751495,0.00185677,0.0001214,343.3895,345.02167,6722.343,"spacetrack"
100196,"2026-09-18 06:51:13.899+00",-0.0067376,15.739544,-0.0086206,0.0002137,346.17096,349.04553,6725.745,"spacetrack"
100197,"2026-09-17 01:41:38.561+00",0.00067246,15.751414,0.00101158,0.0001809,343.01273,345.4449,6722.3657,"spacetrack"
100197,"2026-09-18 12:45:41.402+00",0.00091018,15.752265,0.00138062,0.0001281,343.12576,344.84796,6722.124,"spacetrack"
100197,"2026-09-19 20:46:46.521+00",0.001667,15.754924,0.00259609,0.0002351,341.65036,344.81073,6721.3677,"spacetrack"
100197,"2026-09-20 18:07:28.915+00",0.00068364,15.752179,0.00103206,0.000152,342.9893,345.03284,6722.148,"spacetrack"
100197,"2026-09-21 03:16:21.336+00",0.00045183,15.751918,0.00067804,9.61e-05,343.43942,344.7314,6722.2227,"spacetrack"
100197,"2026-09-22 12:48:55.113+00",0.00066688,15.752076,0.00100606,0.0002591,342.2987,345.78214,6722.1772,"spacetrack"
100197,"2026-09-23 22:22:13.52+00",-0.0020622,15.732688,-0.00274465,0.0002067,348.17136,350.95258,6727.6987,"spacetrack"
100198,"2026-09-17 18:53:54.857+00",-0.00018712,15.750178,-0.00027745,0.0002173,343.11966,346.04135,6722.7173,"spacetrack"
100199,"2026-09-17 13:34:53.025+00",-0.0066855,15.740706,-0.00859911,0.0002133,345.84262,348.71167,6725.414,"spacetrack"
100200,"2026-09-17 20:56:05.25+00",-0.0005406,15.743967,-0.00077446,0.0006119,342.2338,350.4632,6724.4854,"spacetrack"
100201,"2026-09-17 22:47:25.673+00",-0.0028576,15.72038,-0.00357814,0.0005004,349.7048,356.4414,6731.21,"spacetrack"
100202,"2026-09-17 13:40:17.219+00",0.00049149,15.751892,0.00073813,0.0001478,343.09915,345.08624,6722.2295,"spacetrack"
100202,"2026-09-18 12:32:28.803+00",0.0010031,15.752465,0.00152558,0.0001527,342.9034,344.95633,6722.067,"spacetrack"
100202,"2026-09-19 19:02:04.525+00",0.0012514,15.752944,0.00191639,0.0001542,342.75717,344.8302,6721.9307,"spacetrack"
100202,"2026-09-20 20:57:13.736+00",0.00090439,15.752264,0.00137168,0.000126,343.14,344.83398,6722.124,"spacetrack"
100202,"2026-09-21 07:37:35.242+00",0.0012157,15.752359,0.00185554,0.0001047,343.25616,344.6638,6722.097,"spacetrack"
100202,"2026-09-22 12:35:42.332+00",0.00104,15.752341,0.00158195,0.0001673,342.8405,345.08972,6722.102,"spacetrack"
100202,"2026-09-23 20:36:46.687+00",0.001636,15.752692,0.00252102,0.0001736,342.69818,345.03204,6722.002,"spacetrack"
100245,"2026-09-17 22:51:52.587+00",0.0012324,15.970672,0.01021991,0.010446,212.98293,352.1382,6660.6978,"spacetrack"
100245,"2026-09-18 22:51:41.08+00",0.0011779,15.991157,0.01064445,0.0099239,210.82753,342.9148,6655.0083,"spacetrack"
100245,"2026-09-19 22:49:33.849+00",0.0012315,16.013863,0.01225934,0.0093342,208.51848,332.63937,6648.716,"spacetrack"
100245,"2026-09-20 22:45:16.811+00",0.0012116,16.03952,0.01350898,0.0086725,205.88712,321.0861,6641.6235,"spacetrack"
100245,"2026-09-21 19:39:32.518+00",0.0011785,16.064571,0.01487021,0.0081028,202.82051,310.3401,6634.7173,"spacetrack"
100245,"2026-09-22 20:59:44.693+00",0.001255,16.100395,0.0190652,0.0072955,198.40303,295.06653,6624.8716,"spacetrack"
100245,"2026-09-23 22:16:11.973+00",0.0012271,16.144957,0.0241062,0.0063919,192.2717,276.80682,6612.6763,"spacetrack"
100246,"2026-09-17 15:22:32.658+00",0.0010582,15.751731,0.00160599,0.0001699,342.99655,345.28076,6722.276,"spacetrack"
100246,"2026-09-18 15:46:12.734+00",0.0011944,15.751752,0.00181749,9.62e-05,343.48593,344.7793,6722.2695,"spacetrack"
100246,"2026-09-19 14:38:24.571+00",0.0011199,15.752236,0.00170536,0.0001195,343.1915,344.7981,6722.132,"spacetrack"
100246,"2026-09-20 21:08:00.098+00",0.00087456,15.752123,0.00132486,3.86e-05,343.7677,344.28665,6722.164,"spacetrack"
100246,"2026-09-21 01:42:26.327+00",0.0012887,15.752407,0.00197023,0.0001251,343.1054,344.78726,6722.0835,"spacetrack"
100246,"2026-09-22 15:49:26.488+00",0.0010879,15.751938,0.00165345,0.0002026,342.71777,345.44162,6722.217,"spacetrack"
100246,"2026-09-23 22:19:02.074+00",0.0012538,15.752513,0.0019165,0.0001905,342.63556,345.19666,6722.053,"spacetrack"
100247,"2026-09-17 16:09:18.005+00",0.0013035,15.751946,0.00198927,0.0001232,343.24924,344.9056,6722.2144,"spacetrack"
100247,"2026-09-18 21:07:24.798+00",0.0014041,15.754213,0.00216867,3.46e-05,343.2,343.66513,6721.5693,"spacetrack"
100247,"2026-09-19 15:25:10.762+00",0.00090186,15.751879,0.0013657,0.0003093,342.01736,346.17575,6722.2334,"spacetrack"
100247,"2026-09-20 20:23:17.189+00",0.0010881,15.752582,0.00165849,0.0001599,342.82172,344.97144,6722.0337,"spacetrack"
100247,"2026-09-21 22:18:26.275+00",0.0012636,15.752442,0.00193122,5.04e-05,343.59735,344.27496,6722.073,"spacetrack"
100247,"2026-09-22 02:52:53.137+00",-0.00020174,15.751504,-0.00030062,0.0001203,343.39456,345.01196,6722.3403,"spacetrack"
100248,"2026-09-17 16:32:10.023+00",0.0010146,15.752349,0.00154277,0.0001656,342.84967,345.07605,6722.1,"spacetrack"
100248,"2026-09-18 01:41:02.519+00",0.0013156,15.752684,0.00201473,0.0001289,343.00104,344.73398,6722.0044,"spacetrack"
100248,"2026-09-19 21:53:56.858+00",0.00080732,15.751407,0.00121874,0.0006146,340.09927,348.3624,6722.3677,"spacetrack"
100249,"2026-09-17 15:25:04.598+00",0.0013578,15.751839,0.00207338,0.0001168,343.3229,344.89322,6722.245,"spacetrack"
100249,"2026-09-18 15:48:45.146+00",0.0010405,15.752195,0.00158175,0.0001558,342.95917,345.05377,6722.1436,"spacetrack"
100249,"2026-09-19 20:46:51.88+00",0.0011052,15.75215,0.00168191,8.32e-05,343.46017,344.57877,6722.1562,"spacetrack"
100249,"2026-09-20 18:07:35.014+00",0.0013433,15.752155,0.00205349,0.0001308,343.1387,344.89722,6722.155,"spacetrack"
100249,"2026-09-21 21:34:12.613+00",0.00078345,15.752243,0.00118541,0.0001767,342.80505,345.18066,6722.13,"spacetrack"
100249,"2026-09-22 15:51:58.854+00",0.0013526,15.752898,0.00207495,0.0001499,342.79898,344.81424,6721.944,"spacetrack"
100249,"2026-09-23 16:15:39.01+00",0.0012211,15.752889,0.00186838,3.17e-05,343.59616,344.02234,6721.9463,"spacetrack"
100249,"2026-09-24 01:24:31.832+00",0.0010098,15.752453,0.00153607,0.0002196,342.45712,345.40945,6722.0703,"spacetrack"
100250,"2026-09-17 15:35:15.27+00",0.0011806,15.7525,0.00180196,0.0001321,343.03204,344.808,6722.057,"spacetrack"
100250,"2026-09-18 22:04:50.397+00",0.001349,15.753365,0.0020735,0.0001001,343.00107,344.34677,6721.811,"spacetrack"
100250,"2026-09-19 20:57:01.27+00",0.0015317,15.752371,0.00235214,0.0001255,343.11295,344.8002,6722.0938,"spacetrack"
100250,"2026-09-20 21:20:42.585+00",0.00096455,15.752254,0.00146455,0.0001377,343.06436,344.91565,6722.127,"spacetrack"
100250,"2026-09-21 15:38:28.307+00",0.000966,15.751963,0.00146498,0.0002105,342.65784,345.48788,6722.21,"spacetrack"
100250,"2026-09-22 02:18:49.355+00",0.0010254,15.752052,0.00155732,0.0001177,343.25592,344.83832,6722.184,"spacetrack"
100251,"2026-09-17 16:05:44.342+00",0.0011955,15.751862,0.00182005,0.000118,343.30817,344.8946,6722.2383,"spacetrack"
100251,"2026-09-18 16:29:24.732+00",0.0010996,15.751816,0.00167064,6.26e-05,343.69376,344.5354,6722.2515,"spacetrack"
100251,"2026-09-19 15:21:36.634+00",0.0012159,15.751734,0.00185078,0.000104,343.43875,344.837,6722.275,"spacetrack"
100251,"2026-09-20 20:19:43.723+00",0.0012476,15.752236,0.00190442,0.0001561,342.94553,345.0442,6722.132,"spacetrack"
100251,"2026-09-21 08:31:33.933+00",0.001034,15.752267,0.00157227,0.0001806,342.77225,345.2003,6722.123,"spacetrack"
100251,"2026-09-22 15:01:32.928+00",-0.007307,15.736024,-0.00914481,6.99e-05,348.14087,349.08127,6726.748,"spacetrack"
100252,"2026-09-17 16:03:12.134+00",0.0014004,15.751991,0.00214156,0.0001118,343.31305,344.81613,6722.2017,"spacetrack"
100252,"2026-09-18 21:01:18.986+00",0.0013313,15.75323,0.0020444,0.0001767,342.52438,344.8999,6721.849,"spacetrack"
100252,"2026-09-19 15:19:04.358+00",0.0011044,15.7516775,0.00167704,0.000129,343.2868,345.02115,6722.291,"spacetrack"
100252,"2026-09-20 20:17:11.165+00",0.00078099,15.752135,0.00118104,0.0001247,343.18533,344.86182,6722.1606,"spacetrack"
100252,"2026-09-21 16:06:25.613+00",0.0010447,15.752156,0.00158801,0.0001329,343.12436,344.91113,6722.155,"spacetrack"
100252,"2026-09-22 14:59:04.746+00",-0.0015878,15.73287,-0.00212988,4.57e-05,349.2027,349.8176,6727.647,"spacetrack"
100253,"2026-09-17 16:26:34.792+00",0.0013189,15.751953,0.00201341,0.0001624,342.9838,345.16718,6722.2124,"spacetrack"
100253,"2026-09-18 15:18:46.037+00",0.0016421,15.752647,0.00253013,5.34e-05,343.51907,344.237,6722.015,"spacetrack"
100253,"2026-09-19 21:48:22.006+00",0.001119,15.752402,0.00170525,0.0001344,343.0442,344.85107,6722.0845,"spacetrack"
100253,"2026-09-20 16:06:07.864+00",0.00032663,15.751685,0.00048824,0.0001647,343.04465,345.25897,6722.2886,"spacetrack"
100253,"2026-09-21 16:29:48.426+00",0.00090281,15.752078,0.00136821,0.000221,342.55432,345.5255,6722.177,"spacetrack"
100253,"2026-09-22 15:21:59.623+00",0.0014611,15.752364,0.00224067,7.61e-05,343.44687,344.46997,6722.095,"spacetrack"
100254,"2026-09-17 16:00:39.419+00",0.00059198,15.75221,0.00089213,8.96e-05,343.40018,344.6048,6722.1396,"spacetrack"
100254,"2026-09-18 14:52:51.255+00",0.0014995,15.752427,0.00230189,7.08e-05,343.46466,344.4165,6722.0776,"spacetrack"
100254,"2026-09-19 01:33:12.737+00",0.0012816,15.752624,0.00196095,0.0001197,343.08014,344.6894,6722.022,"spacetrack"
100254,"2026-09-20 21:46:07.679+00",0.00078065,15.752158,0.00118063,0.0001333,343.12097,344.91312,6722.154,"spacetrack"
100254,"2026-09-21 20:38:19.633+00",0.00085662,15.752219,0.00129785,0.0002092,342.59357,345.4061,6722.1367,"spacetrack"
100254,"2026-09-22 02:44:20.174+00",-0.0048982,15.745926,-0.00659617,0.0001286,344.92606,346.65546,6723.9277,"spacetrack"
100255,"2026-09-17 15:03:44.692+00",0.0020392,15.753108,0.00317252,0.0001832,342.51535,344.97824,6721.884,"spacetrack"
100255,"2026-09-18 16:58:53.95+00",0.00092747,15.751966,0.0014056,0.0002526,342.37363,345.76968,6722.2085,"spacetrack"
100255,"2026-09-19 14:19:35.75+00",0.0017168,15.753322,0.00265705,0.0001261,342.83862,344.53387,6721.823,"spacetrack"
100255,"2026-09-20 20:49:11.749+00",0.00074564,15.75221,0.00112715,9.98e-05,343.33157,344.6733,6722.1396,"spacetrack"
100255,"2026-09-21 13:36:06.137+00",-0.0047224,15.730256,-0.00599551,0.0004885,346.9685,353.54214,6728.392,"spacetrack"
100256,"2026-09-17 16:23:01.161+00",0.001285,15.751932,0.00196028,9.69e-05,343.43002,344.7328,6722.2183,"spacetrack"
100256,"2026-09-18 09:09:17.74+00",0.0019113,15.753654,0.00297347,0.0001306,342.71378,344.46948,6721.7285,"spacetrack"
100256,"2026-09-19 15:38:53.621+00",0.0012784,15.752815,0.00195758,0.0001229,343.004,344.65625,6721.9673,"spacetrack"
100256,"2026-09-20 20:37:01.361+00",0.00041294,15.751145,0.00061709,0.0001793,343.1,345.51068,6722.4424,"spacetrack"
100257,"2026-09-17 16:15:54.369+00",0.0011599,15.751918,0.00176517,0.0001062,343.37158,344.79938,6722.2227,"spacetrack"
100257,"2026-09-18 09:02:09.488+00",0.0011982,15.753043,0.00183397,0.0002117,342.34225,345.1883,6721.9023,"spacetrack"
100257,"2026-09-19 15:31:46.102+00",0.00041846,15.752693,0.00062969,0.0002244,342.3565,345.37332,6722.002,"spacetrack"
100257,"2026-09-20 20:29:53.38+00",0.00084746,15.7521,0.001283,0.0001347,343.12817,344.93915,6722.171,"spacetrack"
100257,"2026-09-21 07:10:15.436+00",0.0004971,15.751736,0.00074615,0.0001681,343.00726,345.2673,6722.2744,"spacetrack"
100257,"2026-09-22 16:43:08.429+00",-0.0054324,15.73995,-0.00710017,0.0005328,343.90897,351.0758,6725.6294,"spacetrack"
100258,"2026-09-17 21:46:46.029+00",0.0017311,15.752672,0.00267217,0.0002033,342.50427,345.23743,6722.008,"spacetrack"
100258,"2026-09-18 16:04:30.869+00",0.0012743,15.751758,0.00194202,9.74e-05,343.4763,344.7858,6722.268,"spacetrack"
100258,"2026-09-19 21:02:37.872+00",0.0011766,15.752287,0.00179407,0.0001479,342.9863,344.9747,6722.1177,"spacetrack"
100258,"2026-09-20 21:26:18.532+00",0.00091225,15.752899,0.00138767,8.76e-05,343.21753,344.39523,6721.9434,"spacetrack"
100258,"2026-09-21 15:44:03.862+00",0.0013576,15.751967,0.00207417,0.0001271,343.21698,344.92575,6722.2085,"spacetrack"
100258,"2026-09-22 14:36:30.756+00",0.00043614,15.742243,0.00062781,0.0005294,343.27924,350.39963,6724.9766,"spacetrack"
100259,"2026-09-17 21:57:56.454+00",0.0018069,15.752767,0.00279435,8.97e-05,343.24106,344.447,6721.981,"spacetrack"
100259,"2026-09-18 16:15:41.719+00",0.0010652,15.751741,0.00161678,8.48e-05,343.56564,344.70575,6722.2725,"spacetrack"
100259,"2026-09-19 16:39:22.278+00",0.0013608,15.75238,0.00208306,4.97e-05,343.61975,344.28793,6722.091,"spacetrack"
100259,"2026-09-20 18:34:31.691+00",0.0010531,15.752165,0.00160111,0.0001195,343.21194,344.81854,6722.1523,"spacetrack"
100259,"2026-09-21 22:01:09.491+00",0.0011535,15.752038,0.00175605,0.0001607,342.9711,345.13162,6722.1885,"spacetrack"
100259,"2026-09-22 14:48:27.582+00",-0.00088594,15.725694,-0.00116822,0.000663,347.09485,356.01843,6729.694,"spacetrack"
100260,"2026-09-17 16:19:58.352+00",0.0012496,15.751915,0.00190481,0.0001465,343.1015,345.0711,6722.223,"spacetrack"
100260,"2026-09-18 21:18:05.314+00",0.00094702,15.752888,0.00144147,0.0001266,342.95865,344.66064,6721.947,"spacetrack"
100260,"2026-09-19 15:35:50.786+00",0.0007019,15.752018,0.00105929,0.0002066,342.66827,345.4459,6722.194,"spacetrack"
100260,"2026-09-20 20:34:06.274+00",0.0010732,15.749491,0.00161388,0.0004653,341.64792,347.90427,6722.913,"spacetrack"
100261,"2026-09-17 15:57:36.992+00",0.0011511,15.751906,0.00175138,0.000188,342.82507,345.35263,6722.226,"spacetrack"
100261,"2026-09-18 08:43:53.146+00",0.0010438,15.752369,0.00158814,0.0001141,343.19012,344.7241,6722.094,"spacetrack"
100261,"2026-09-19 01:30:09.762+00",0.0012078,15.753058,0.00184893,0.0001649,342.65268,344.86957,6721.898,"spacetrack"
100261,"2026-09-20 21:43:04.773+00",0.0011129,15.752272,0.00169466,0.0001359,343.0712,344.8983,6722.1216,"spacetrack"
100261,"2026-09-21 16:00:49.997+00",0.00084618,15.752263,0.00128197,0.0001659,342.87204,345.10245,6722.124,"spacetrack"
100261,"2026-09-22 16:25:08.917+00",-0.007865,15.729829,-0.00955296,0.0004092,347.624,353.1306,6728.514,"spacetrack"
100262,"2026-09-17 15:46:26.059+00",0.0012141,15.751967,0.00184986,0.0001503,343.0611,345.0818,6722.2085,"spacetrack"
100262,"2026-09-18 02:26:47.089+00",0.00076426,15.752067,0.00115499,7.89e-05,343.51282,344.57358,6722.18,"spacetrack"
100262,"2026-09-19 11:59:20.769+00",0.00094945,15.752105,0.0014403,0.0001869,342.77597,345.28873,6722.1694,"spacetrack"
100262,"2026-09-20 21:31:54.399+00",0.0015575,15.751903,0.00238805,0.000262,342.32867,345.85114,6722.227,"spacetrack"
100262,"2026-09-21 15:49:39.482+00",0.0012527,15.751919,0.0019098,0.0001738,342.91687,345.2535,6722.222,"spacetrack"
100262,"2026-09-22 14:42:50.739+00",0.0010076,15.733496,0.00141078,8.12e-05,348.7856,349.87814,6727.4688,"spacetrack"
100263,"2026-09-17 15:11:52.372+00",0.0013018,15.751856,0.00198581,8.78e-05,343.513,344.69342,6722.24,"spacetrack"
100263,"2026-09-18 23:12:56.943+00",0.00091412,15.752184,0.00138622,0.0001422,343.05402,344.9658,6722.147,"spacetrack"
100263,"2026-09-19 15:59:13.685+00",0.0014685,15.752485,0.00225357,0.0001013,343.2432,344.6051,6722.061,"spacetrack"
100263,"2026-09-20 20:57:20.653+00",0.0015432,15.753017,0.0023772,0.00011,343.03314,344.51196,6721.9097,"spacetrack"
100263,"2026-09-21 15:15:05.942+00",0.0011578,15.751922,0.0017619,0.0001225,343.2609,344.90784,6722.221,"spacetrack"
100263,"2026-09-22 21:44:41.859+00",0.0013049,15.752485,0.00199624,0.0002062,342.53793,345.31012,6722.061,"spacetrack"
100263,"2026-09-23 22:08:22.275+00",0.0010666,15.752336,0.00162322,0.0001163,343.185,344.74857,6722.104,"spacetrack"
100264,"2026-09-17 15:28:38.918+00",0.0015696,15.75246,0.00241315,9e-05,343.32648,344.53647,6722.0684,"spacetrack"
100264,"2026-09-18 15:52:19.283+00",0.0014471,15.751801,0.00221307,0.0001337,343.2202,345.01773,6722.256,"spacetrack"
100264,"2026-09-19 16:15:59.725+00",0.0010967,15.751837,0.00166637,9.32e-05,343.48193,344.73495,6722.2456,"spacetrack"
100264,"2026-09-20 21:14:08.562+00",-8.599e-05,15.750064,-0.00012841,0.0003862,342.01657,347.20923,6722.75,"spacetrack"
100264,"2026-09-21 01:48:47.593+00",-0.0073924,15.740287,-0.00939561,9.56e-05,346.75375,348.03967,6725.5337,"spacetrack"
100265,"2026-09-17 16:37:46.314+00",0.0012425,15.751869,0.00189343,0.0001891,342.82806,345.37042,6722.2363,"spacetrack"
100265,"2026-09-18 23:07:21.856+00",0.00094715,15.752966,0.00144225,0.0002125,342.3588,345.2156,6721.9243,"spacetrack"
100265,"2026-09-19 15:53:37.814+00",0.00059904,15.7521925,0.00090283,6.4e-05,343.57703,344.43744,6722.144,"spacetrack"
100265,"2026-09-20 20:51:45.21+00",0.0016624,15.75482,0.0025874,0.0001294,342.39026,344.12976,6721.397,"spacetrack"
100265,"2026-09-21 16:40:58.445+00",0.00097905,15.751468,0.00148188,0.0001719,343.05792,345.36908,6722.3506,"spacetrack"
100265,"2026-09-22 15:33:11.34+00",0.00088066,15.751872,0.00133284,0.0001977,342.7696,345.42755,6722.2354,"spacetrack"
100265,"2026-09-23 15:56:51.657+00",0.0011988,15.751903,0.00182555,0.0001423,343.13333,345.04648,6722.227,"spacetrack"
100266,"2026-09-17 15:17:28.317+00",0.0011491,15.752093,0.00174973,0.0001924,342.74225,345.32892,6722.1724,"spacetrack"
100266,"2026-09-18 15:41:08.255+00",0.001221,15.751682,0.0018584,6.61e-05,343.70813,344.5968,6722.2896,"spacetrack"
100266,"2026-09-19 20:39:15.128+00",0.00093159,15.752187,0.00141319,8.57e-05,343.43298,344.58517,6722.146,"spacetrack"
100266,"2026-09-20 21:02:55.907+00",0.0010947,15.75222,0.0016661,0.0001313,343.11694,344.88217,6722.1367,"spacetrack"
100266,"2026-09-21 01:37:21.991+00",0.00081841,15.752445,0.00124024,0.0001838,342.69998,345.17102,6722.0723,"spacetrack"
100266,"2026-09-22 06:36:05.114+00",-0.0087642,15.731067,-0.01074481,0.0002006,348.6745,351.37384,6728.161,"spacetrack"
100267,"2026-09-17 15:32:13.565+00",0.0014091,15.751581,0.00215216,0.0004767,340.97668,347.38574,6722.3184,"spacetrack"
100267,"2026-09-18 15:55:52.827+00",0.0011187,15.751809,0.00170032,0.0001392,343.18063,345.0521,6722.2534,"spacetrack"
100267,"2026-09-19 16:19:33.282+00",0.001676,15.752468,0.00258207,9.35e-05,343.3004,344.55743,6722.066,"spacetrack"
100267,"2026-09-20 21:17:41.247+00",0.00042447,15.749649,0.0006311,0.0006596,340.29657,349.16537,6722.868,"spacetrack"
100267,"2026-09-21 03:23:59.242+00",-0.0040054,15.73726,-0.0052787,0.0002634,346.48724,350.0307,6726.396,"spacetrack"
100268,"2026-09-17 16:12:51.506+00",0.0012249,15.751946,0.00186662,0.0001439,343.11014,345.04477,6722.2144,"spacetrack"
100268,"2026-09-18 08:59:07.824+00",0.00086014,15.752403,0.00130435,0.0002285,342.4113,345.48328,6722.0845,"spacetrack"
100268,"2026-09-19 23:06:07.102+00",0.00096798,15.752342,0.00147051,0.0002185,342.496,345.43356,6722.1016,"spacetrack"
100268,"2026-09-20 20:26:50.487+00",0.0010636,15.752317,0.00161841,0.000127,343.11798,344.82538,6722.109,"spacetrack"
100268,"2026-09-21 08:38:40.943+00",0.00095508,15.752087,0.00144884,0.0001093,343.30267,344.77213,6722.1743,"spacetrack"
100268,"2026-09-22 15:09:22.148+00",-0.0011982,15.727491,-0.00158197,0.0003038,348.99966,353.08832,6729.181,"spacetrack"
100269,"2026-09-17 15:54:33.756+00",0.0013381,15.751868,0.00204269,0.0001165,343.31644,344.88272,6722.2363,"spacetrack"
100269,"2026-09-18 16:18:14.44+00",0.001722,15.753175,0.00266354,0.0001215,342.91122,344.54465,6721.8647,"spacetrack"
100269,"2026-09-19 09:04:30.882+00",0.00099643,15.75212,0.00151298,5.87e-05,343.63342,344.4226,6722.165,"spacetrack"
100269,"2026-09-20 21:40:01.227+00",0.00084561,15.752578,0.00128284,0.000104,343.19855,344.5967,6722.0347,"spacetrack"
100269,"2026-09-21 15:57:47.191+00",0.0008488,15.752293,0.00128618,0.0001608,342.89795,345.05975,6722.1157,"spacetrack"
100269,"2026-09-22 20:56:28.41+00",-0.0095947,15.73071,-0.01163133,9.25e-05,349.50372,350.74844,6728.263,"spacetrack"
100371,"2026-09-17 13:28:46.339+00",0.001021,15.752112,0.00155109,0.0001988,342.69385,345.36658,6722.167,"spacetrack"
100371,"2026-09-18 12:20:57.93+00",0.0013725,15.752618,0.00210379,0.0002536,342.1816,345.591,6722.0234,"spacetrack"
100371,"2026-09-19 21:53:30.824+00",0.00043881,15.75193,0.00065837,0.00015,343.07358,345.09027,6722.2188,"spacetrack"
100371,"2026-09-20 13:08:18.702+00",0.001564,15.753134,0.00241145,0.000118,342.94644,344.5328,6721.8765,"spacetrack"
100371,"2026-09-21 10:29:01.818+00",0.00091344,15.752155,0.001385,0.0001515,342.99954,345.03635,6722.155,"spacetrack"
100371,"2026-09-22 13:55:39.909+00",0.00066634,15.752185,0.0010056,0.0001308,343.13016,344.88867,6722.1465,"spacetrack"
100371,"2026-09-23 14:19:20.353+00",0.00094008,15.751835,0.00142411,0.0001427,343.14972,345.06824,6722.246,"spacetrack"
100373,"2026-09-17 13:33:50.95+00",0.00062479,15.751931,0.00094106,0.0001163,343.30002,344.86362,6722.2188,"spacetrack"
100373,"2026-09-18 23:07:09.485+00",-0.0085904,15.727212,-0.01039918,0.0002583,349.3854,352.86176,6729.2607,"spacetrack"
100382,"2026-09-17 03:13:49.043+00",0.0011564,15.7516365,0.00175745,0.0001484,343.16782,345.163,6722.3022,"spacetrack"
100382,"2026-09-18 02:06:00.512+00",0.0011744,15.751846,0.00178714,0.0001148,343.33408,344.8775,6722.2427,"spacetrack"
100384,"2026-09-17 23:02:35.964+00",0.0018564,15.752542,0.00287282,0.0006182,339.7524,348.06354,6722.045,"spacetrack"
100384,"2026-09-18 15:49:47.642+00",-0.0040308,15.731823,-0.00519271,0.0001126,349.0512,350.56635,6727.946,"spacetrack"
100502,"2026-09-17 19:08:02.714+00",0.0010385,15.776148,0.00177013,0.0003778,334.66373,339.73782,6715.338,"spacetrack"
100502,"2026-09-18 19:28:58.913+00",0.00088316,15.775966,0.00149892,0.0003637,334.81003,339.6948,6715.3896,"spacetrack"
100502,"2026-09-19 18:18:36.333+00",0.00091126,15.775894,0.00154721,0.0004085,334.5296,340.01608,6715.4097,"spacetrack"
100502,"2026-09-20 23:13:27.923+00",0.00084565,15.776126,0.00143519,0.0003906,334.58392,339.82996,6715.3438,"spacetrack"
100502,"2026-09-21 23:34:24.358+00",0.0014323,15.776177,0.00246226,0.0003673,334.72577,339.65884,6715.329,"spacetrack"
100502,"2026-09-22 16:18:48.002+00",0.00092533,15.775352,0.00156818,0.0005182,333.94666,340.90668,6715.5635,"spacetrack"
100502,"2026-09-23 22:44:57.934+00",0.0013852,15.77645,0.00238193,0.0003847,334.53156,339.69827,6715.252,"spacetrack"
100503,"2026-09-17 17:39:46.645+00",0.0011449,15.776332,0.00195787,0.0004608,334.05414,340.24295,6715.2856,"spacetrack"
100503,"2026-09-18 19:32:01.547+00",0.0010133,15.776055,0.00172538,0.0003478,334.8913,339.5625,6715.364,"spacetrack"
100503,"2026-09-19 21:24:15.88+00",0.0015246,15.776105,0.00262524,0.0003705,334.7249,339.701,6715.35,"spacetrack"
100503,"2026-09-20 23:16:30.615+00",0.0010623,15.775991,0.00181043,0.0004048,334.52686,339.96362,6715.3823,"spacetrack"
100503,"2026-09-21 23:37:26.979+00",0.00081453,15.776095,0.00138107,0.0003342,334.9715,339.46005,6715.3525,"spacetrack"
100503,"2026-09-22 23:58:23.239+00",0.0016232,15.776401,0.00280464,0.0003207,334.97556,339.2827,6715.266,"spacetrack"
100503,"2026-09-23 22:48:00.846+00",0.0011062,15.776,0.00188678,0.000329,335.03345,339.45218,6715.38,"spacetrack"
100503,"2026-09-24 00:19:19.15+00",0.0013015,15.776378,0.00223349,0.0004473,334.1317,340.1392,6715.2725,"spacetrack"
100504,"2026-09-17 13:57:17.022+00",-0.00367,15.79323,-0.00618323,0.0005529,328.64734,336.0678,6710.4946,"spacetrack"
100504,"2026-09-18 23:25:52.448+00",0.00083953,15.776098,0.00142433,0.0003565,334.82083,339.6089,6715.352,"spacetrack"
100504,"2026-09-19 17:41:34.617+00",0.0010512,15.776092,0.00179188,0.0004215,334.3862,340.04724,6715.3535,"spacetrack"
100504,"2026-09-20 21:05:07.678+00",0.0011607,15.776129,0.0019837,0.0004399,334.25208,340.16022,6715.3433,"spacetrack"
100504,"2026-09-21 22:57:21.206+00",0.00021003,15.775672,0.00034946,0.0003678,334.86584,339.80576,6715.4727,"spacetrack"
100504,"2026-09-22 17:13:04.555+00",0.00096258,15.77545,0.00163286,0.0004015,334.70267,340.09525,6715.536,"spacetrack"
100504,"2026-09-23 23:39:14.453+00",0.0011523,15.776359,0.00197087,0.0004265,334.27704,340.00516,6715.2783,"spacetrack"
100505,"2026-09-17 20:00:59.535+00",0.0011196,15.822352,0.00237023,0.0003888,321.51505,326.7267,6702.258,"spacetrack"
100505,"2026-09-18 18:46:39.297+00",0.00078484,15.821851,0.00164294,0.0003476,321.933,326.5925,6702.4,"spacetrack"
100505,"2026-09-19 22:05:26.07+00",0.0015927,15.822211,0.00341137,0.0004114,321.40338,326.91803,6702.298,"spacetrack"
100505,"2026-09-20 23:53:10.423+00",0.00088788,15.821663,0.00186214,0.000375,321.80215,326.829,6702.4526,"spacetrack"
100505,"2026-09-21 16:34:39.639+00",0.0015466,15.821835,0.00330228,0.0003835,321.6967,326.83743,6702.4043,"spacetrack"
100505,"2026-09-22 16:51:21.245+00",0.00085589,15.821985,0.00179681,0.0004863,320.96518,327.4839,6702.3613,"spacetrack"
100505,"2026-09-23 21:42:26.144+00",-0.0055556,15.7929535,-0.00905015,0.0006253,328.23984,336.63208,6710.5728,"spacetrack"
100506,"2026-09-17 18:37:46.763+00",0.0010013,15.821668,0.00210646,0.0004087,321.57504,327.05362,6702.451,"spacetrack"
100506,"2026-09-18 17:23:25.957+00",0.00079893,15.821856,0.00167338,0.0004168,321.4676,327.05472,6702.398,"spacetrack"
100506,"2026-09-19 17:40:07.738+00",0.00082658,15.821939,0.00173342,0.0004587,321.16333,327.31207,6702.3745,"spacetrack"
100506,"2026-09-20 20:58:55.179+00",0.00098843,15.821757,0.00207953,0.0004066,321.56378,327.0142,6702.426,"spacetrack"
100506,"2026-09-21 22:46:50.502+00",0.0016165,15.820242,0.00343797,0.0009073,318.63553,330.79852,6702.854,"spacetrack"
100506,"2026-09-22 21:35:19.337+00",-0.0015014,15.777054,-0.0024529,0.0003741,334.4316,339.45584,6715.0806,"spacetrack"
100506,"2026-09-23 14:19:44.629+00",0.0012489,15.775685,0.00213387,0.0003763,334.80508,339.85913,6715.469,"spacetrack"
100507,"2026-09-17 17:56:46.357+00",0.0019584,15.777005,0.00341835,0.0004327,334.0518,339.86304,6715.094,"spacetrack"
100507,"2026-09-18 22:51:37.93+00",0.0014264,15.776947,0.00246077,0.000436,334.04623,339.90182,6715.111,"spacetrack"
100507,"2026-09-19 23:12:33.938+00",0.00073181,15.776114,0.00123859,0.000313,335.10837,339.3122,6715.347,"spacetrack"
100507,"2026-09-20 23:33:30.403+00",0.0010665,15.775931,0.001817,0.0003569,334.8655,339.65897,6715.3994,"spacetrack"
100507,"2026-09-21 01:04:48.731+00",0.00061926,15.775887,0.00104433,0.0003377,335.0071,339.5427,6715.412,"spacetrack"
100507,"2026-09-22 16:38:49.899+00",0.0010647,15.775999,0.00181462,0.000399,334.56366,339.92255,6715.38,"spacetrack"
100507,"2026-09-23 16:59:46.533+00",0.0010913,15.775417,0.00185705,0.0005838,333.48743,341.3285,6715.545,"spacetrack"
100508,"2026-09-17 06:49:13.111+00",0.0018516,15.775437,0.00320066,0.0002978,335.40247,339.40225,6715.5396,"spacetrack"
100508,"2026-09-18 17:49:17.581+00",0.00017999,15.775445,0.00029865,0.0003509,335.04376,339.7567,6715.537,"spacetrack"
100508,"2026-09-19 18:10:14.077+00",0.00096129,15.775944,0.00163434,0.0004185,334.44824,340.06903,6715.3955,"spacetrack"
100508,"2026-09-20 23:05:06.002+00",0.0016152,15.776537,0.00279232,0.0003901,334.47067,339.70987,6715.227,"spacetrack"
100508,"2026-09-21 23:26:02.438+00",0.0016552,15.776251,0.00286112,0.0005443,333.5165,340.8268,6715.3086,"spacetrack"
100508,"2026-09-22 23:46:58+00",0.00080695,15.77602,0.00136775,0.0004129,334.4644,340.00995,6715.374,"spacetrack"
100508,"2026-09-23 22:36:33.927+00",0.00039828,15.775818,0.00066766,0.0003355,335.04147,339.54752,6715.4316,"spacetrack"
100509,"2026-09-17 17:59:33.841+00",0.00056018,15.775834,0.00094332,0.0004228,334.45053,340.12912,6715.427,"spacetrack"
100509,"2026-09-18 22:54:25.173+00",0.0014253,15.776772,0.00245741,0.0005186,333.5413,340.50626,6715.1606,"spacetrack"
100509,"2026-09-19 21:44:02.856+00",0.00099945,15.77619,0.00170231,0.0003611,334.76395,339.61377,6715.3257,"spacetrack"
100509,"2026-09-20 23:36:17.756+00",0.0009612,15.775976,0.00163428,0.000376,334.72443,339.77438,6715.386,"spacetrack"
100509,"2026-09-21 01:07:36.077+00",0.00043466,15.775923,0.0007298,0.0003685,334.79004,339.7393,6715.402,"spacetrack"
100509,"2026-09-22 22:46:51.391+00",0.0012236,15.776319,0.00209546,0.0003773,334.61877,339.68613,6715.2896,"spacetrack"
100509,"2026-09-23 23:07:47.967+00",0.00099443,15.775982,0.00169243,0.0004763,334.04947,340.44656,6715.3853,"spacetrack"
100510,"2026-09-17 23:22:16.368+00",-0.0046225,15.789062,-0.00751991,0.0004174,330.73737,336.34027,6711.676,"spacetrack"
100510,"2026-09-18 22:11:50.842+00",0.0010877,15.775941,0.00185412,0.0003521,334.8951,339.62408,6715.3965,"spacetrack"
100510,"2026-09-19 22:32:44.572+00",0.0011687,15.776422,0.00200011,0.0004073,334.38794,339.8582,6715.2603,"spacetrack"
100510,"2026-09-20 21:22:22.387+00",0.00081565,15.776126,0.00138316,0.0003182,335.07022,339.34387,6715.344,"spacetrack"
100510,"2026-09-21 14:06:46.203+00",0.001127,15.775878,0.00192212,0.000367,334.81296,339.74207,6715.4146,"spacetrack"
100510,"2026-09-22 17:30:19.119+00",0.00099784,15.77564,0.00169531,0.0003685,334.87027,339.81958,6715.482,"spacetrack"
100510,"2026-09-23 16:19:56.87+00",0.0008114,15.775982,0.00137541,0.0004728,334.07272,340.4228,6715.385,"spacetrack"
100511,"2026-09-17 23:27:45.925+00",0.0011113,15.776197,0.00189763,0.000398,334.51398,339.85938,6715.3237,"spacetrack"
100511,"2026-09-18 22:17:23.657+00",0.00092802,15.776058,0.0015774,0.0004021,334.52588,339.9264,6715.3633,"spacetrack"
100511,"2026-09-19 22:38:19.56+00",0.0010129,15.776201,0.00172596,0.0004182,334.37735,339.99405,6715.3228,"spacetrack"
100511,"2026-09-20 22:59:15.88+00",0.00067797,15.775912,0.00114515,0.000383,334.69577,339.83975,6715.405,"spacetrack"
100511,"2026-09-21 08:07:07.222+00",0.0015709,15.77633,0.00271012,0.0002914,335.19217,339.10587,6715.286,"spacetrack"
100511,"2026-09-22 23:41:08.001+00",0.0011313,15.7762985,0.00193337,0.0003908,334.53363,339.78232,6715.295,"spacetrack"
100511,"2026-09-23 16:25:31.664+00",0.00054844,15.776029,0.00092424,0.0004821,333.9971,340.47205,6715.3716,"spacetrack"
100511,"2026-09-24 00:02:04.336+00",0.0017816,15.776584,0.00309166,0.000385,334.49164,339.66235,6715.214,"spacetrack"
100512,"2026-09-17 23:39:10.888+00",0.00092555,15.7761135,0.00157331,0.0003366,334.95004,339.4708,6715.3477,"spacetrack"
100512,"2026-09-18 08:47:01.838+00",0.00072701,15.77595,0.00122949,0.0003511,334.89914,339.6147,6715.394,"spacetrack"
100512,"2026-09-19 21:18:25.948+00",0.0014166,15.775904,0.00243143,0.0003571,334.87213,339.66827,6715.407,"spacetrack"
100512,"2026-09-20 23:10:40.55+00",0.0011591,15.776294,0.00198212,0.0003978,334.4881,339.8308,6715.2964,"spacetrack"
100512,"2026-09-21 00:41:59.036+00",0.00010285,15.775647,0.00016953,0.0003701,334.85757,339.82837,6715.48,"spacetrack"
100512,"2026-09-22 17:47:18.832+00",0.0013097,15.775953,0.0022437,0.0004613,334.15826,340.35388,6715.393,"spacetrack"
100512,"2026-09-23 22:42:10.506+00",0.00097361,15.776161,0.00165698,0.0002926,335.23215,339.16196,6715.334,"spacetrack"
100512,"2026-09-24 00:13:28.996+00",0.0014695,15.776533,0.00253289,0.0004747,333.90375,340.2792,6715.2285,"spacetrack"
100513,"2026-09-17 17:42:34.244+00",0.0010503,15.776128,0.00179058,0.0004099,334.45392,339.95917,6715.3438,"spacetrack"
100513,"2026-09-18 16:32:11.91+00",0.0016501,15.776546,0.00285488,0.000387,334.48926,339.68683,6715.225,"spacetrack"
100513,"2026-09-19 21:27:03.281+00",0.0018428,15.777174,0.00321079,0.000394,334.26395,339.55542,6715.047,"spacetrack"
100513,"2026-09-20 23:19:18.276+00",0.0012083,15.776791,0.00207305,0.0003709,334.5278,339.5091,6715.1553,"spacetrack"
100513,"2026-09-21 00:50:36.665+00",0.00097798,15.775605,0.0016605,0.0003336,335.11444,339.59503,6715.4917,"spacetrack"
100513,"2026-09-22 16:24:37.691+00",0.00092983,15.775494,0.00157674,0.0004634,334.27435,340.4983,6715.5234,"spacetrack"
100513,"2026-09-23 22:50:48.036+00",0.0010442,15.776161,0.0017799,0.0003297,334.9829,339.411,6715.334,"spacetrack"
100513,"2026-09-24 00:22:06.471+00",0.00099132,15.776231,0.00168867,0.000412,334.41055,339.94397,6715.3145,"spacetrack"
100514,"2026-09-17 18:10:58.624+00",0.00094437,15.776065,0.00160593,0.0004357,334.2985,340.15024,6715.3613,"spacetrack"
100514,"2026-09-18 23:05:50.064+00",0.0017684,15.777528,0.00308191,0.0005079,333.3988,340.21985,6714.9463,"spacetrack"
100514,"2026-09-19 21:55:27.483+00",0.001191,15.776418,0.00203944,0.0004509,334.09616,340.152,6715.261,"spacetrack"
100514,"2026-09-20 23:47:42.517+00",0.00060555,15.77588,0.00102096,0.0003861,334.684,339.86963,6715.4136,"spacetrack"
100514,"2026-09-21 07:24:15.107+00",0.0011044,15.776172,0.00188519,0.0003627,334.75827,339.62958,6715.331,"spacetrack"
100514,"2026-09-22 16:53:02.133+00",0.0010708,15.7756,0.00182206,0.0004213,334.52698,340.18546,6715.493,"spacetrack"
100514,"2026-09-23 23:19:12.276+00",0.0010306,15.776167,0.00175686,0.0004893,333.9095,340.4811,6715.3325,"spacetrack"
100515,"2026-09-17 17:48:09.184+00",0.00076362,15.775694,0.00129126,0.0004436,334.35052,340.30847,6715.4663,"spacetrack"
100515,"2026-09-18 21:11:42.232+00",0.0013983,15.7759695,0.00239997,0.0004002,334.56396,339.93896,6715.3887,"spacetrack"
100515,"2026-09-19 23:03:56.566+00",0.0011177,15.775852,0.00190568,0.0003659,334.82742,339.74176,6715.4214,"spacetrack"
100515,"2026-09-20 23:24:53.025+00",0.0013034,15.776289,0.00223539,0.0003131,335.05826,339.26337,6715.298,"spacetrack"
100515,"2026-09-21 00:56:11.311+00",0.00052126,15.77572,0.00087635,0.0003512,334.9637,339.68066,6715.459,"spacetrack"
100515,"2026-09-22 16:30:12.954+00",0.00096716,15.776069,0.00164574,0.0004854,333.96368,340.48297,6715.3604,"spacetrack"
100515,"2026-09-23 22:56:22.791+00",0.00096155,15.776039,0.00163524,0.0003405,334.94495,339.51813,6715.3687,"spacetrack"
100516,"2026-09-17 18:57:05.209+00",0.001111,15.821722,0.00234467,0.0004332,321.39554,327.20255,6702.436,"spacetrack"
100516,"2026-09-18 23:47:05.136+00",0.00085888,15.817194,0.00176367,0.0006241,321.39426,329.7618,6703.715,"spacetrack"
100516,"2026-09-19 22:35:31.633+00",-0.0016616,15.777206,-0.00270861,0.0004069,334.16818,339.63287,6715.0376,"spacetrack"
100516,"2026-09-20 21:25:09.956+00",0.00036951,15.775732,0.00061871,0.0003614,334.89194,339.74588,6715.456,"spacetrack"
100516,"2026-09-21 21:46:06.08+00",0.00083825,15.776019,0.00142167,0.0003791,334.69162,339.78323,6715.3745,"spacetrack"
100516,"2026-09-22 22:07:02.203+00",0.00090109,15.775997,0.00153046,0.0004492,334.22714,340.26022,6715.381,"spacetrack"
100516,"2026-09-23 16:22:44.384+00",0.00072425,15.775942,0.00122518,0.0005074,333.85184,340.66663,6715.396,"spacetrack"
100517,"2026-09-17 19:22:14.62+00",0.0012608,15.776365,0.00216142,0.0003832,334.56586,339.71243,6715.2764,"spacetrack"
100517,"2026-09-18 22:45:47.995+00",0.0016592,15.776277,0.00286778,0.0004224,334.32767,340.00076,6715.3013,"spacetrack"
100517,"2026-09-19 21:35:25.508+00",0.0011149,15.77628,0.00190453,0.0003738,334.6529,339.67325,6715.3003,"spacetrack"
100517,"2026-09-20 23:27:40.215+00",0.00086504,15.776166,0.0014689,0.0003625,334.7612,339.62982,6715.3325,"spacetrack"
100517,"2026-09-21 00:58:58.794+00",0.0010544,15.775793,0.00179475,0.0003591,334.88995,339.71298,6715.4385,"spacetrack"
100517,"2026-09-22 16:32:59.833+00",0.0008177,15.776057,0.00138643,0.0003802,334.67334,339.77972,6715.364,"spacetrack"
100517,"2026-09-23 22:59:10.069+00",0.0011828,15.776134,0.00202181,0.000296,335.2172,339.1927,6715.342,"spacetrack"
100518,"2026-09-17 19:25:17.202+00",0.001282,15.776466,0.00219976,0.000403,334.40427,339.81674,6715.2476,"spacetrack"
100518,"2026-09-18 22:48:50.606+00",0.0010862,15.776233,0.00185387,0.0003722,334.67737,339.67624,6715.314,"spacetrack"
100518,"2026-09-19 21:38:28.167+00",0.0011558,15.776248,0.00197576,0.0003683,334.69907,339.64554,6715.309,"spacetrack"
100518,"2026-09-20 23:30:42.747+00",0.00084444,15.776091,0.00143283,0.0003747,334.70068,339.73315,6715.354,"spacetrack"
100518,"2026-09-22 16:36:02.39+00",0.00066111,15.775862,0.00111621,0.0004623,334.1773,340.38638,6715.419,"spacetrack"
100518,"2026-09-23 23:02:12.803+00",0.00092726,15.776089,0.00157621,0.0003789,334.6732,339.7621,6715.3545,"spacetrack"
100519,"2026-09-17 17:30:13.538+00",0.03695,15.851161,0.06447035,0.0021601,301.5379,330.45792,6694.135,"spacetrack"
100519,"2026-09-20 23:07:53.158+00",0.00097829,15.776149,0.00166535,0.0004018,334.50217,339.89862,6715.3374,"spacetrack"
100519,"2026-09-21 21:57:30.873+00",0.00087846,15.776009,0.00149109,0.0003665,334.77902,339.70142,6715.3774,"spacetrack"
100519,"2026-09-22 22:18:26.816+00",0.00089216,15.776099,0.00151548,0.0003862,334.62112,339.80807,6715.3516,"spacetrack"
100519,"2026-09-23 13:31:32.076+00",0.00066894,15.7757635,0.00112894,0.0003942,334.66266,339.95712,6715.447,"spacetrack"
100519,"2026-09-24 03:13:18.378+00",0.0010001,15.776338,0.00170453,0.0003611,334.72217,339.57196,6715.284,"spacetrack"
100520,"2026-09-17 23:34:20.207+00",0.0009249,15.82221,0.0019466,0.0003499,321.81607,326.50632,6702.2983,"spacetrack"
100520,"2026-09-18 22:19:59.536+00",0.0013181,15.82216,0.00280252,0.0004334,321.2705,327.08008,6702.3125,"spacetrack"
100520,"2026-09-19 19:34:36.315+00",0.00091675,15.822136,0.00192842,0.0003656,321.73175,326.63248,6702.3193,"spacetrack"
100520,"2026-09-20 15:18:10.187+00",0.0010058,15.822042,0.00211978,0.000379,321.66818,326.74857,6702.345,"spacetrack"
100520,"2026-09-21 23:10:05.106+00",0.0010858,15.822748,0.00230089,0.0004039,321.30222,326.71622,6702.146,"spacetrack"
100520,"2026-09-22 17:22:36.592+00",0.0012552,15.82142,0.00265479,0.0003902,321.76898,326.99963,6702.5215,"spacetrack"
100520,"2026-09-23 22:12:27.957+00",-0.0016694,15.819106,-0.00327198,0.0004031,322.33585,327.73993,6703.175,"spacetrack"
100520,"2026-09-24 02:45:44.417+00",-0.0031723,15.813119,-0.00588216,0.0007126,321.95184,331.50763,6704.8667,"spacetrack"
100521,"2026-09-17 22:04:32.271+00",0.0013666,15.8227,0.00291636,0.0003534,321.65445,326.39154,6702.16,"spacetrack"
100521,"2026-09-18 08:41:50.719+00",0.00099428,15.822116,0.00209545,0.0003401,321.90823,326.46716,6702.3247,"spacetrack"
100521,"2026-09-19 19:35:50.844+00",0.00094694,15.822125,0.0019934,0.0003629,321.75272,326.61728,6702.322,"spacetrack"
100521,"2026-09-20 22:54:38.188+00",0.0012853,15.822384,0.00273279,0.0003508,321.76096,326.46326,6702.249,"spacetrack"
100521,"2026-09-21 08:00:54.447+00",0.0017259,15.822579,0.00371537,0.0002676,322.26324,325.85025,6702.194,"spacetrack"
100521,"2026-09-23 22:22:08.102+00",0.00087264,15.776057,0.00148141,0.0003848,334.6425,339.81064,6715.364,"spacetrack"
100522,"2026-09-17 18:22:23.511+00",0.00097157,15.775913,0.00165208,0.000446,334.2722,340.26233,6715.4043,"spacetrack"
100522,"2026-09-18 23:17:15.126+00",0.0014405,15.775849,0.002473,0.0003446,334.97144,339.5997,6715.4224,"spacetrack"
100522,"2026-09-19 22:06:52.813+00",0.0012788,15.77626,0.00219184,0.0003302,334.95154,339.38635,6715.306,"spacetrack"
100522,"2026-09-20 23:59:07.377+00",0.0014454,15.776405,0.00248811,0.000389,334.51535,339.73984,6715.2646,"spacetrack"
100522,"2026-09-21 22:48:44.002+00",0.0010753,15.777266,0.00184387,0.0004677,333.74313,340.02435,6715.0205,"spacetrack"
100522,"2026-09-22 15:33:08.363+00",0.0018022,15.776832,0.00313226,0.0003833,334.43298,339.5808,6715.144,"spacetrack"
100522,"2026-09-23 23:30:37.247+00",0.00043926,15.775797,0.00073717,0.0003577,334.89838,339.7026,6715.4375,"spacetrack"
100523,"2026-09-17 23:42:37.395+00",0.00097201,15.822171,0.0020478,0.0003212,322.0194,326.32498,6702.309,"spacetrack"
100523,"2026-09-18 22:28:16.473+00",0.0011555,15.822661,0.00245209,0.0004075,321.30264,326.76492,6702.171,"spacetrack"
100523,"2026-09-19 19:42:53.042+00",0.0011665,15.822261,0.00247129,0.0003527,321.783,326.51077,6702.2837,"spacetrack"
100523,"2026-09-20 23:01:40.079+00",0.00088832,15.822195,0.00186785,0.0003908,321.54617,326.7847,6702.3022,"spacetrack"
100523,"2026-09-21 17:14:11.802+00",0.0017958,15.824091,0.00390177,0.0003263,321.44333,325.8169,6701.767,"spacetrack"
100523,"2026-09-22 17:30:53.738+00",0.0016121,15.821352,0.00344049,0.0004554,321.3512,327.45587,6702.5405,"spacetrack"
100523,"2026-09-23 22:20:43.595+00",0.001748,15.822546,0.00376656,0.0005572,320.3318,327.80072,6702.203,"spacetrack"
100524,"2026-09-17 19:09:55.753+00",0.0012109,15.822475,0.00257089,0.0003787,321.54816,326.62442,6702.223,"spacetrack"
100524,"2026-09-18 20:57:27.79+00",-0.0016447,15.816577,-0.00325911,0.0023548,309.96613,341.53876,6703.8896,"spacetrack"
100524,"2026-09-19 22:46:56.764+00",0.0005428,15.776105,0.00091484,0.0004496,334.19388,340.2323,6715.35,"spacetrack"
100524,"2026-09-20 18:33:57.593+00",0.00097335,15.77613,0.00165656,0.0003882,334.59897,339.81277,6715.343,"spacetrack"
100524,"2026-09-21 15:46:25.753+00",-0.0017218,15.776711,-0.00279731,0.0003805,334.48578,339.59604,6715.1777,"spacetrack"
100524,"2026-09-22 22:12:36.954+00",0.00094996,15.77609,0.00161556,0.0003615,334.78976,339.64496,6715.3545,"spacetrack"
100524,"2026-09-23 22:33:32.913+00",0.00078174,15.776145,0.00132497,0.0003968,334.53683,339.86612,6715.3384,"spacetrack"
100524,"2026-09-24 00:04:51.391+00",0.00092446,15.776284,0.00157302,0.0004553,334.10468,340.21964,6715.2993,"spacetrack"
100525,"2026-09-17 22:12:23.869+00",0.00084301,15.822233,0.00177066,0.0003567,321.76398,326.54538,6702.2915,"spacetrack"
100525,"2026-09-18 22:29:05.639+00",0.00092197,15.822145,0.0019398,0.0003756,321.66205,326.6968,6702.3164,"spacetrack"
100525,"2026-09-19 13:39:09.469+00",0.024697,15.85345,0.05076251,0.0021842,300.73364,329.9735,6693.4907,"spacetrack"
100525,"2026-09-20 23:02:29.254+00",0.0011656,15.822426,0.00247151,0.0004111,321.34494,326.8555,6702.2373,"spacetrack"
100525,"2026-09-21 21:48:08.906+00",0.0010222,15.821857,0.00215367,0.0004429,321.2921,327.2291,6702.3975,"spacetrack"
100525,"2026-09-22 23:35:53.214+00",0.00086075,15.822033,0.00180717,0.0003895,321.60074,326.82187,6702.348,"spacetrack"
100526,"2026-09-17 23:01:53.825+00",0.001318,15.77639,0.00226241,0.0003597,334.71655,339.54752,6715.269,"spacetrack"
100526,"2026-09-18 23:22:50.123+00",0.001425,15.7758875,0.00244624,0.0003862,334.6812,339.8682,6715.4116,"spacetrack"
100526,"2026-09-19 19:09:50.174+00",0.00069575,15.775989,0.00117615,0.0004131,334.47177,340.02002,6715.383,"spacetrack"
100526,"2026-09-20 21:02:04.992+00",0.0012687,15.776348,0.00217507,0.0003681,334.67206,339.61584,6715.281,"spacetrack"
100526,"2026-09-21 07:41:14.565+00",0.00065839,15.775872,0.00111132,0.0003597,334.86353,339.69458,6715.416,"spacetrack"
100526,"2026-09-22 17:10:01.846+00",0.001013,15.775577,0.00172136,0.0004064,334.63373,340.09207,6715.5,"spacetrack"
100526,"2026-09-23 17:30:57.93+00",0.0010313,15.775782,0.00175438,0.0003379,335.03558,339.57388,6715.442,"spacetrack"
100527,"2026-09-17 22:50:28.932+00",0.0011067,15.776225,0.00188982,0.0003771,334.64642,339.71112,6715.316,"spacetrack"
100527,"2026-09-18 21:40:06.597+00",0.0017279,15.777202,0.00300349,0.0003957,334.2447,339.559,6715.039,"spacetrack"
100527,"2026-09-19 18:58:25.552+00",0.0008814,15.776048,0.00149648,0.0003814,334.66788,339.79037,6715.366,"spacetrack"
100527,"2026-09-20 23:53:17.187+00",0.00098807,15.776175,0.00168249,0.0003868,334.5956,339.7906,6715.33,"spacetrack"
100527,"2026-09-22 16:58:36.873+00",0.00084231,15.775944,0.00142832,0.0004144,334.47583,340.04153,6715.3955,"spacetrack"
100527,"2026-09-23 23:24:47.276+00",0.0016598,15.776442,0.002871,0.0004008,334.426,339.80896,6715.2544,"spacetrack"
100528,"2026-09-17 21:39:28.036+00",0.0010611,15.776157,0.00180941,0.0003377,334.93036,339.4659,6715.335,"spacetrack"
100528,"2026-09-18 22:00:23.965+00",0.00099013,15.776136,0.0016858,0.0003907,334.58026,339.8276,6715.341,"spacetrack"
100528,"2026-09-19 20:50:01.753+00",0.00096522,15.776061,0.00164177,0.0003329,334.98975,339.46085,6715.3623,"spacetrack"
100528,"2026-09-20 16:37:02.316+00",0.0009275,15.775991,0.00157595,0.00038,334.69324,339.7969,6715.382,"spacetrack"
100528,"2026-09-21 20:00:35.455+00",0.0012493,15.777083,0.0021484,0.0004382,333.99274,339.87784,6715.0723,"spacetrack"
100528,"2026-09-22 17:18:54.686+00",0.0010586,15.775328,0.00179887,0.0004793,334.21484,340.65237,6715.571,"spacetrack"
100528,"2026-09-23 23:45:04.771+00",0.00044573,15.775761,0.00074797,0.0003092,335.2342,339.38702,6715.4478,"spacetrack"
100534,"2026-09-17 22:02:38.292+00",0.0011295,15.822325,0.0023912,0.000349,321.7897,326.46786,6702.2656,"spacetrack"
100534,"2026-09-18 22:19:20.071+00",0.0011925,15.822418,0.00252985,0.0003273,321.90872,326.296,6702.2393,"spacetrack"
100534,"2026-09-19 22:36:03.229+00",-8.588e-05,15.8206215,-0.00017798,0.000424,321.7679,327.45184,6702.747,"spacetrack"
100534,"2026-09-20 22:55:01.962+00",-0.0029332,15.781263,-0.00475608,0.0004536,332.70404,338.7949,6713.886,"spacetrack"
100534,"2026-09-21 21:44:40.245+00",0.0011255,15.776176,0.00192221,0.000379,334.6476,339.73785,6715.3296,"spacetrack"
100534,"2026-09-22 22:05:36.07+00",0.001103,15.776228,0.00188324,0.0003874,334.57654,339.77954,6715.315,"spacetrack"
100534,"2026-09-23 13:18:41.356+00",0.0015683,15.7767,0.00271029,0.000352,334.6804,339.40787,6715.181,"spacetrack"
100534,"2026-09-24 04:31:46.017+00",0.0013638,15.776549,0.00234523,0.0004202,334.2651,339.90857,6715.2236,"spacetrack"
100535,"2026-09-17 22:04:40.489+00",0.0007285,15.822019,0.00152401,0.0003733,321.7133,326.71725,6702.352,"spacetrack"
100535,"2026-09-18 22:21:22.253+00",0.0011985,15.822345,0.00254197,0.0003338,321.886,326.3604,6702.2603,"spacetrack"
100535,"2026-09-19 22:38:26.488+00",0.0012518,15.814445,0.00256097,0.0004111,323.59882,329.11127,6704.492,"spacetrack"
100535,"2026-09-20 22:57:49.274+00",-0.0030571,15.777566,-0.0048677,0.0003796,334.24933,339.34732,6714.9355,"spacetrack"
100535,"2026-09-21 14:10:55.135+00",0.0012565,15.776323,0.00215338,0.0003743,334.63745,339.6645,6715.288,"spacetrack"
100535,"2026-09-22 23:28:10.215+00",0.0016596,15.822478,0.003568,0.0006733,319.5729,328.59814,6702.2227,"spacetrack"
100536,"2026-09-17 22:04:58.135+00",0.0012149,15.822518,0.00258047,0.0004022,321.37833,326.7696,6702.211,"spacetrack"
100536,"2026-09-18 22:21:40.209+00",0.0011063,15.822267,0.00234032,0.000426,321.28998,327.0003,6702.282,"spacetrack"
100536,"2026-09-19 22:38:03.87+00",0.00064741,15.822041,0.00135179,0.0004373,321.27808,327.13992,6702.346,"spacetrack"
100536,"2026-09-20 22:54:46.204+00",0.001345,15.821897,0.00285761,0.0003625,321.82007,326.67932,6702.3867,"spacetrack"
100536,"2026-09-21 21:47:27.565+00",0.0010521,15.776149,0.00179384,0.0004039,334.48822,339.91284,6715.3374,"spacetrack"
100536,"2026-09-22 22:08:23.531+00",0.0010141,15.776159,0.00172757,0.0003648,334.7477,339.64725,6715.3345,"spacetrack"
100536,"2026-09-23 13:21:28.842+00",0.0014255,15.776564,0.00245453,0.000345,334.7661,339.39963,6715.2197,"spacetrack"
100537,"2026-09-17 23:46:22.985+00",0.0010832,15.776021,0.00184692,0.0003595,334.82257,339.6509,6715.3735,"spacetrack"
100537,"2026-09-18 22:36:00.031+00",0.00077331,15.77596,0.00130929,0.0003774,334.71982,339.78857,6715.391,"spacetrack"
100537,"2026-09-19 22:56:55.914+00",0.00094855,15.776178,0.00161377,0.0003674,334.72498,339.6594,6715.329,"spacetrack"
100537,"2026-09-20 23:17:52.081+00",0.00088193,15.776083,0.00149761,0.0003731,334.71375,339.72473,6715.3564,"spacetrack"
100537,"2026-09-21 22:07:29.748+00",0.001078,15.776325,0.00184043,0.0003687,334.6744,339.62625,6715.287,"spacetrack"
100537,"2026-09-22 23:59:44.413+00",0.001015,15.776104,0.00172859,0.0003455,334.893,339.53333,6715.35,"spacetrack"
100537,"2026-09-23 21:18:03.539+00",0.0010325,15.77587,0.00175715,0.0003094,335.2017,339.3572,6715.4165,"spacetrack"
100537,"2026-09-24 03:23:17.739+00",0.00092318,15.775736,0.00156637,0.000273,335.4843,339.15094,6715.4546,"spacetrack"
100538,"2026-09-17 19:15:14.323+00",0.00095552,15.776039,0.00162502,0.0004158,334.43936,340.02386,6715.3687,"spacetrack"
100538,"2026-09-18 22:38:47.386+00",0.0010373,15.77618,0.00176822,0.0003516,334.83035,339.55258,6715.3286,"spacetrack"
100538,"2026-09-19 22:59:43.241+00",0.0011405,15.776333,0.00194973,0.0003666,334.6865,339.61014,6715.285,"spacetrack"
100538,"2026-09-20 23:20:39.42+00",0.00084143,15.776134,0.00142794,0.0003903,334.5839,339.82587,6715.342,"spacetrack"
100538,"2026-09-21 08:28:30.591+00",0.00050622,15.775687,0.00085061,0.0003523,334.9657,339.69742,6715.4688,"spacetrack"
100538,"2026-09-22 17:57:17.828+00",0.0012568,15.775428,0.00214535,0.0004226,334.56726,340.24323,6715.5425,"spacetrack"
100538,"2026-09-23 21:20:50.944+00",0.0012879,15.775912,0.00220437,0.0003333,335.02927,339.50574,6715.4043,"spacetrack"
100538,"2026-09-24 00:23:27.98+00",0.00085007,15.775908,0.0014413,0.0003512,334.91037,339.6273,6715.406,"spacetrack"
100539,"2026-09-17 19:26:38.819+00",0.001154,15.776447,0.0019745,0.0003671,334.65057,339.5809,6715.253,"spacetrack"
100539,"2026-09-18 22:50:12.214+00",0.00085851,15.77606,0.00145691,0.0003613,334.79944,339.65195,6715.363,"spacetrack"
100539,"2026-09-19 21:39:49.694+00",0.0010004,15.776185,0.00170414,0.0003995,334.5074,339.87292,6715.327,"spacetrack"
100539,"2026-09-20 23:32:04.157+00",0.0007732,15.776051,0.00130962,0.0003716,334.7329,339.72375,6715.365,"spacetrack"
100539,"2026-09-21 22:21:41.911+00",0.0013244,15.776758,0.00227765,0.0003982,334.35364,339.7016,6715.1646,"spacetrack"
100539,"2026-09-22 18:08:42.701+00",0.0015558,15.77548,0.00267333,0.0004108,334.63144,340.1489,6715.5273,"spacetrack"
100539,"2026-09-23 21:32:15.814+00",0.0016006,15.777756,0.00278113,0.0002153,335.2989,338.1903,6714.882,"spacetrack"
100539,"2026-09-24 03:37:28.972+00",0.0011155,15.776663,0.00191027,0.0006241,332.86356,341.24548,6715.1914,"spacetrack"
100540,"2026-09-17 22:18:16.435+00",0.0011062,15.822328,0.00234052,0.0003753,321.6127,326.64343,6702.265,"spacetrack"
100540,"2026-09-18 22:34:58.272+00",0.00074709,15.822011,0.00156364,0.0003789,321.67783,326.75687,6702.3545,"spacetrack"
100540,"2026-09-19 22:51:39.971+00",0.0013528,15.8225565,0.00288417,0.0004266,321.2042,326.92252,6702.2,"spacetrack"
100540,"2026-09-20 23:08:21.87+00",0.0010495,15.822433,0.00221847,0.0003822,321.53638,326.65958,6702.235,"spacetrack"
100540,"2026-09-21 18:51:55.961+00",0.0014842,15.821688,0.00316182,0.0004103,321.55862,327.05865,6702.446,"spacetrack"
100540,"2026-09-22 17:37:35.566+00",0.0013133,15.822856,0.00280183,0.0005218,320.48148,327.4758,6702.1157,"spacetrack"
100540,"2026-09-23 17:54:17.602+00",0.0011224,15.821266,0.00236398,0.0003885,321.82385,327.03177,6702.565,"spacetrack"
100541,"2026-09-17 22:21:26.044+00",0.0011667,15.822403,0.00247337,0.0003733,321.6046,326.60852,6702.2437,"spacetrack"
100541,"2026-09-18 22:38:07.772+00",0.0012471,15.822385,0.00264925,0.0003847,321.53342,326.69012,6702.249,"spacetrack"
100541,"2026-09-19 18:21:41.992+00",0.0018903,15.823059,0.00409728,0.0004055,321.20364,326.639,6702.058,"spacetrack"
100541,"2026-09-20 23:11:33.338+00",0.00090148,15.821851,0.0018929,0.0003444,321.95425,326.57086,6702.3994,"spacetrack"
100541,"2026-09-21 21:57:10.896+00",0.0019455,15.824235,0.00424806,0.0004792,320.3778,326.80072,6701.726,"spacetrack"
100541,"2026-09-22 17:40:45.231+00",0.0014684,15.821282,0.00312102,0.0004184,321.6187,327.22742,6702.56,"spacetrack"
100541,"2026-09-23 17:57:27.069+00",0.0011189,15.821353,0.00235731,0.0003566,322.013,326.79324,6702.54,"spacetrack"
100542,"2026-09-17 22:23:09.378+00",0.0012049,15.822332,0.00255624,0.0004101,321.37805,326.87524,6702.2637,"spacetrack"
100542,"2026-09-18 22:39:51.138+00",0.0013998,15.822562,0.00298818,0.0004096,321.3164,326.80682,6702.1987,"spacetrack"
100542,"2026-09-19 18:23:25.156+00",0.001016,15.822101,0.00214268,0.0004144,321.41464,326.9695,6702.329,"spacetrack"
100542,"2026-09-20 23:13:14.979+00",0.00089022,15.822053,0.00187088,0.000433,321.30334,327.10757,6702.3423,"spacetrack"
100542,"2026-09-21 14:23:38.314+00",0.0013514,15.823962,0.00290016,0.0003468,321.34222,325.9906,6701.803,"spacetrack"
100542,"2026-09-22 17:42:28.374+00",0.00056804,15.821735,0.00118191,0.0004814,321.06866,327.52176,6702.432,"spacetrack"
100542,"2026-09-23 21:01:15.719+00",0.0011797,15.821795,0.00249441,0.0003492,321.93784,326.6188,6702.4155,"spacetrack"
100543,"2026-09-17 22:26:08.349+00",0.0011104,15.822296,0.00234959,0.0004094,321.39288,326.8807,6702.274,"spacetrack"
100543,"2026-09-18 22:42:50.492+00",0.00074923,15.821958,0.00156794,0.0004112,321.4764,326.98843,6702.3696,"spacetrack"
100543,"2026-09-19 18:26:24.242+00",0.00086302,15.821795,0.00181036,0.0004664,321.15222,327.40424,6702.415,"spacetrack"
100543,"2026-09-20 23:16:14.061+00",0.0012476,15.822086,0.00264662,0.0004141,321.4207,326.97156,6702.333,"spacetrack"
100543,"2026-09-21 05:20:24.392+00",0.00053263,15.8217125,0.00110667,0.0003666,321.84467,326.75888,6702.439,"spacetrack"
100543,"2026-09-22 17:45:27.517+00",0.00107,15.821454,0.00225274,0.0004407,321.42078,327.32837,6702.5117,"spacetrack"
100543,"2026-09-23 13:30:15.724+00",0.0011492,15.795515,0.00214714,0.0005854,327.7826,335.6385,6709.8477,"spacetrack"
100544,"2026-09-17 22:29:05.045+00",0.00093845,15.822304,0.00197679,0.0003732,321.63342,326.636,6702.2715,"spacetrack"
100544,"2026-09-18 22:45:47.484+00",0.001036,15.821799,0.00218319,0.000483,321.0399,327.51443,6702.414,"spacetrack"
100544,"2026-09-19 16:58:18.331+00",0.0011822,15.82218,0.00250498,0.0004491,321.1598,327.1798,6702.3066,"spacetrack"
100544,"2026-09-20 21:48:07.542+00",0.0014537,15.822339,0.00310442,0.0004354,321.20654,327.04288,6702.2617,"spacetrack"
100544,"2026-09-21 20:33:48.66+00",0.0018654,15.823184,0.00404304,0.0004094,321.1424,326.63,6702.0234,"spacetrack"
100544,"2026-09-22 17:48:23.939+00",0.0003284,15.821888,0.00067873,0.0004487,321.2447,327.25943,6702.389,"spacetrack"
100544,"2026-09-23 18:05:06.209+00",0.0013282,15.821444,0.0028147,0.0003732,321.87625,326.879,6702.5146,"spacetrack"
100544,"2026-09-24 06:13:27.084+00",0.0016054,15.823113,0.00345455,0.0004104,321.15564,326.65668,6702.043,"spacetrack"
100545,"2026-09-17 22:26:20.401+00",0.0011209,15.822414,0.00237369,0.0003867,321.51166,326.6952,6702.24,"spacetrack"
100545,"2026-09-18 22:44:40.157+00",-0.0046072,15.787269,-0.00744132,0.0004211,331.2202,336.8732,6712.1836,"spacetrack"
100545,"2026-09-19 23:05:33.307+00",0.0011293,15.776311,0.00193007,0.0003773,334.6209,339.68826,6715.2915,"spacetrack"
100545,"2026-09-20 23:26:29.386+00",0.00099016,15.776228,0.00168651,0.000382,334.61276,339.74326,6715.315,"spacetrack"
100545,"2026-09-21 22:16:07.229+00",0.00080981,15.775978,0.00137229,0.0003639,334.80515,339.6926,6715.3857,"spacetrack"
100545,"2026-09-22 21:05:44.688+00",0.00091944,15.7761,0.00156266,0.0003505,334.86066,339.5681,6715.3516,"spacetrack"
100545,"2026-09-23 18:24:03.976+00",0.0011537,15.775687,0.00196713,0.0003769,334.80038,339.86252,6715.4683,"spacetrack"
100546,"2026-09-17 22:29:14.927+00",0.00084942,15.822127,0.00178348,0.0003381,321.91846,326.45056,6702.3213,"spacetrack"
100546,"2026-09-18 22:45:57.346+00",0.0010154,15.822283,0.00214267,0.0002929,322.17746,326.10367,6702.2773,"spacetrack"
100546,"2026-09-19 18:29:31.164+00",0.00060182,15.822085,0.00125494,0.0003211,322.04437,326.3486,6702.3335,"spacetrack"
100546,"2026-09-20 23:19:06.513+00",0.0069891,15.835725,0.01733538,0.0006401,316.05966,324.63507,6698.4844,"spacetrack"
100546,"2026-09-21 20:33:57.929+00",0.0019838,15.823269,0.00431503,0.0004035,321.1579,326.5664,6701.999,"spacetrack"
100546,"2026-09-22 17:48:24.017+00",-0.0023861,15.823363,-0.00471665,0.001082,316.58398,331.08704,6701.9727,"spacetrack"
100546,"2026-09-23 13:33:19.267+00",0.00065818,15.7980795,0.00122944,0.0004621,327.88397,334.08453,6709.121,"spacetrack"
100547,"2026-09-17 22:32:06.098+00",0.0011195,15.82248,0.00237137,0.0003692,321.6103,326.5592,6702.2217,"spacetrack"
100547,"2026-09-18 22:48:48.309+00",0.0012178,15.822309,0.00258368,0.0002703,322.32162,325.9449,6702.27,"spacetrack"
100547,"2026-09-19 18:32:22.128+00",0.00071061,15.821912,0.00148518,0.00039,321.63138,326.85925,6702.3823,"spacetrack"
100547,"2026-09-20 23:22:11.808+00",0.0010778,15.8223505,0.00227933,0.0004167,321.3287,326.91437,6702.2583,"spacetrack"
100547,"2026-09-21 06:57:25.268+00",0.00050468,15.821656,0.0010474,0.0003354,322.06946,326.56546,6702.4546,"spacetrack"
100547,"2026-09-22 23:55:36.007+00",0.0011335,15.822201,0.00239865,0.0003824,321.60092,326.72684,6702.301,"spacetrack"
100547,"2026-09-23 18:08:07.146+00",0.0013068,15.821575,0.00276915,0.0002991,322.33588,326.3453,6702.4775,"spacetrack"
100547,"2026-09-24 06:16:27.943+00",0.001205,15.822175,0.0025545,0.0004114,321.41385,326.92853,6702.308,"spacetrack"
100548,"2026-09-17 22:52:05.651+00",0.0011411,15.776279,0.00195048,0.0003873,334.56265,339.76434,6715.3003,"spacetrack"
100548,"2026-09-18 23:13:01.681+00",0.00097965,15.776164,0.00166764,0.0003459,334.8733,339.51895,6715.333,"spacetrack"
100548,"2026-09-19 22:02:39.059+00",0.001056,15.776017,0.00179962,0.0003938,334.5933,339.88232,6715.375,"spacetrack"
100548,"2026-09-20 19:20:57.953+00",0.0010362,15.775694,0.00176247,0.0004011,334.63596,340.0231,6715.4663,"spacetrack"
100548,"2026-09-21 09:02:45.257+00",0.0012895,15.776118,0.00220942,0.000351,334.85217,339.56635,6715.346,"spacetrack"
100548,"2026-09-22 18:31:32.364+00",0.0012903,15.777173,0.00222128,0.0003346,334.66306,339.15677,6715.047,"spacetrack"
100548,"2026-09-23 17:21:09.814+00",0.00063371,15.775846,0.00106921,0.0004708,334.12488,340.44812,6715.4233,"spacetrack"
100548,"2026-09-24 00:57:42.289+00",0.0010697,15.776317,0.00182619,0.0004406,334.19412,340.11163,6715.29,"spacetrack"
100549,"2026-09-17 22:39:09.44+00",0.0013921,15.821938,0.00296197,0.0003957,321.58606,326.89032,6702.375,"spacetrack"
100549,"2026-09-18 22:55:51.024+00",0.00090263,15.822211,0.00189882,0.0003929,321.52747,326.79413,6702.298,"spacetrack"
100549,"2026-09-19 18:39:25.28+00",0.00063139,15.821685,0.0013155,0.000426,321.45435,327.16483,6702.447,"spacetrack"
100549,"2026-09-20 23:29:14.961+00",0.0015323,15.822301,0.00327845,0.0004551,321.08517,327.18558,6702.2725,"spacetrack"
100549,"2026-09-21 05:33:25.523+00",0.0011173,15.822415,0.0023658,0.0003672,321.64224,326.56436,6702.24,"spacetrack"
100549,"2026-09-22 17:58:28.343+00",0.00046748,15.821719,0.00096954,0.0003857,321.71454,326.8848,6702.4365,"spacetrack"
100549,"2026-09-23 22:48:18.636+00",0.00117,15.821992,0.00247737,0.0006094,320.13846,328.30728,6702.36,"spacetrack"
100549,"2026-09-24 03:21:25.946+00",0.0013271,15.82252,0.00282787,0.0005272,320.54013,327.60693,6702.2104,"spacetrack"
100550,"2026-09-17 22:39:21.836+00",0.00078611,15.8220005,0.00164692,0.0003732,321.71902,326.72168,6702.3574,"spacetrack"
100550,"2026-09-18 21:25:21.375+00",-0.006243,15.806983,-0.01062411,0.0003479,326.13153,330.79797,6706.6016,"spacetrack"
100550,"2026-09-19 21:45:24.283+00",0.00051669,15.7762165,0.00087046,0.0003292,334.97073,339.39212,6715.3184,"spacetrack"
100550,"2026-09-20 23:37:38.974+00",0.00064134,15.775968,0.0010826,0.0003711,334.75995,339.7441,6715.389,"spacetrack"
100550,"2026-09-21 22:27:16.838+00",0.0014069,15.77635,0.00241926,0.000383,334.5716,339.71548,6715.281,"spacetrack"
100550,"2026-09-22 21:16:54.191+00",0.00051773,15.775951,0.00087122,0.0003439,334.9471,339.56598,6715.3936,"spacetrack"
100550,"2026-09-23 17:03:55.085+00",0.00074726,15.77595,0.00126461,0.0004527,334.21677,340.29688,6715.394,"spacetrack"
100550,"2026-09-24 00:40:27.786+00",0.0014562,15.776368,0.00250675,0.0003568,334.74228,339.5343,6715.2754,"spacetrack"
100551,"2026-09-17 23:03:30.509+00",0.0013807,15.776425,0.00237366,0.000362,334.69116,339.553,6715.2593,"spacetrack"
100551,"2026-09-18 21:53:08.366+00",0.0012752,15.775898,0.0021823,0.0004426,334.2996,340.24405,6715.4087,"spacetrack"
100551,"2026-09-19 22:14:04.133+00",0.001548,15.777213,0.00268042,0.000345,334.58182,339.21518,6715.0356,"spacetrack"
100551,"2026-09-20 22:35:00.411+00",0.00085713,15.776051,0.0014547,0.0004366,334.29654,340.1604,6715.365,"spacetrack"
100551,"2026-09-21 04:40:14.166+00",0.00066788,15.776019,0.00112837,0.0003715,334.74243,339.73196,6715.374,"spacetrack"
100551,"2026-09-22 17:11:38.369+00",0.00074662,15.7759075,0.00126328,0.0004563,334.20474,340.33322,6715.406,"spacetrack"
100551,"2026-09-23 23:37:49.876+00",0.0010498,15.775839,0.00178709,0.0003095,335.21008,339.3669,6715.4253,"spacetrack"
100552,"2026-09-17 22:43:12.98+00",0.00088473,15.776092,0.00150252,0.000373,334.71185,339.7215,6715.3535,"spacetrack"
100552,"2026-09-18 23:04:09.25+00",0.00094448,15.7760725,0.00160589,0.000351,334.86514,339.5793,6715.3594,"spacetrack"
100552,"2026-09-19 21:53:46.71+00",0.00085321,15.776104,0.001448,0.0003474,334.88046,339.54626,6715.3506,"spacetrack"
100552,"2026-09-20 22:14:42.51+00",0.00094207,15.776198,0.00160266,0.0003697,334.7039,339.6692,6715.3237,"spacetrack"
100552,"2026-09-21 05:51:15.328+00",0.00045674,15.775833,0.00076699,0.0003533,334.91742,339.66254,6715.427,"spacetrack"
100552,"2026-09-22 16:51:20.998+00",0.0017504,15.777488,0.0030482,0.0004046,334.10382,339.53757,6714.9575,"spacetrack"
100552,"2026-09-23 23:17:31.434+00",0.00079394,15.775965,0.00134469,0.000309,335.17773,339.32785,6715.3896,"spacetrack"
100553,"2026-09-17 23:00:43.033+00",0.0012831,15.776388,0.00220075,0.0003277,334.93195,339.33313,6715.2695,"spacetrack"
100553,"2026-09-18 21:50:20.412+00",0.0009391,15.77623,0.00159779,0.0003833,334.60364,339.7516,6715.3145,"spacetrack"
100553,"2026-09-19 22:11:16.786+00",0.0016832,15.776386,0.0029119,0.0003415,334.83975,339.42627,6715.27,"spacetrack"
100553,"2026-09-20 19:29:35.554+00",0.0010445,15.776226,0.00178126,0.0004321,334.277,340.08038,6715.316,"spacetrack"
100553,"2026-09-21 04:37:26.874+00",0.00084452,15.77602,0.0014325,0.0003708,334.74704,339.72714,6715.374,"spacetrack"
100553,"2026-09-22 17:08:51.283+00",0.00017916,15.775512,0.00029733,0.0003328,335.1465,339.61636,6715.5186,"spacetrack"
100553,"2026-09-23 17:29:47.362+00",0.00094002,15.775447,0.00159378,0.000394,334.7538,340.0457,6715.5366,"spacetrack"
100554,"2026-09-17 23:06:17.989+00",0.0009344,15.776121,0.00158873,0.0003465,334.88156,339.53528,6715.345,"spacetrack"
100554,"2026-09-18 18:53:18.69+00",0.0010227,15.776046,0.00174162,0.0003548,334.84717,339.6124,6715.3667,"spacetrack"
100554,"2026-09-19 08:35:05.218+00",0.0013596,15.776003,0.00233161,0.0003399,334.9594,339.52454,6715.379,"spacetrack"
100554,"2026-09-20 07:24:42.686+00",0.0014444,15.776273,0.00248488,0.0003718,334.6687,339.6622,6715.3022,"spacetrack"
100554,"2026-09-21 22:58:43.851+00",0.0012307,15.776262,0.00210732,0.0003402,334.88376,339.45285,6715.305,"spacetrack"
100554,"2026-09-22 17:14:26.098+00",0.0009186,15.77541,0.00155637,0.0003658,334.95374,339.86685,6715.5474,"spacetrack"
100554,"2026-09-23 17:35:22.097+00",0.00090183,15.775481,0.0015277,0.0002914,335.43304,339.34686,6715.527,"spacetrack"
100555,"2026-09-17 22:44:59.463+00",0.001778,15.822061,0.00382385,0.0004119,321.44278,326.96417,6702.3403,"spacetrack"
100555,"2026-09-18 23:01:41.434+00",0.0012766,15.82242,0.00271477,0.0004315,321.20978,326.99384,6702.239,"spacetrack"
100555,"2026-09-19 23:19:38.623+00",-0.0014564,15.794411,-0.00257087,0.0005557,328.29434,335.752,6710.16,"spacetrack"
100555,"2026-09-20 22:09:08.771+00",0.0010178,15.7760515,0.00173341,0.0004063,334.4997,339.9566,6715.365,"spacetrack"
100555,"2026-09-21 14:53:31.722+00",0.0014678,15.776697,0.00253118,0.0003748,334.52817,339.56186,6715.182,"spacetrack"
100555,"2026-09-22 16:45:46.242+00",0.0015263,15.775866,0.00262533,0.0003542,334.9024,339.6596,6715.418,"spacetrack"
100555,"2026-09-23 15:35:24.066+00",0.0013324,15.775778,0.00228141,0.0003514,334.9459,339.6655,6715.443,"spacetrack"
100555,"2026-09-24 03:45:51.615+00",0.00099474,15.776319,0.00169522,0.000393,334.51315,339.79138,6715.289,"spacetrack"
100556,"2026-09-17 22:46:07.681+00",0.0010413,15.822217,0.00219836,0.0003696,321.68198,326.63632,6702.2964,"spacetrack"
100556,"2026-09-18 23:02:50.327+00",0.0014417,15.822288,0.00307748,0.0004939,320.82898,327.4495,6702.2764,"spacetrack"
100556,"2026-09-19 18:46:23.784+00",0.00081997,15.821938,0.00171915,0.0004366,321.3119,327.1644,6702.375,"spacetrack"
100556,"2026-09-20 23:36:13.514+00",0.00060164,15.821863,0.00125354,0.0004197,321.44608,327.07205,6702.396,"spacetrack"
100556,"2026-09-21 17:48:45.025+00",0.00063823,15.821799,0.0013306,0.0003903,321.6613,326.8932,6702.414,"spacetrack"
100556,"2026-09-22 18:05:26.933+00",0.0016668,15.823465,0.00359865,0.000426,320.95178,326.66183,6701.944,"spacetrack"
100556,"2026-09-23 22:55:17.157+00",0.0014878,15.822136,0.00317837,0.0006098,320.095,328.26913,6702.319,"spacetrack"
100557,"2026-09-17 22:49:29.622+00",0.0019926,15.8221,0.00431125,0.0004853,320.9397,327.44498,6702.329,"spacetrack"
100557,"2026-09-18 23:06:11.032+00",0.0012096,15.822472,0.00256836,0.0004227,321.25436,326.92044,6702.2246,"spacetrack"
100557,"2026-09-19 21:52:03.353+00",-0.003953,15.81199,-0.00717004,0.0003619,324.62222,329.47543,6705.186,"spacetrack"
100557,"2026-09-20 23:43:14.224+00",0.00029157,15.775883,0.00048729,0.0003735,334.7679,339.78433,6715.413,"spacetrack"
100557,"2026-09-21 22:32:51.425+00",0.00077687,15.776115,0.00131629,0.0003583,334.8039,339.61612,6715.347,"spacetrack"
100557,"2026-09-22 21:22:28.949+00",0.00091402,15.776195,0.0015543,0.0004623,334.08316,340.29214,6715.3247,"spacetrack"
100557,"2026-09-23 15:38:11.333+00",0.0012379,15.776047,0.00211801,0.0003739,334.71854,339.7403,6715.366,"spacetrack"
100557,"2026-09-24 03:48:39.201+00",0.0013368,15.776421,0.00229605,0.0003956,334.46677,339.77988,6715.2603,"spacetrack"
100558,"2026-09-17 23:20:29.984+00",0.00081956,15.776175,0.0013903,0.0003508,334.83752,339.54898,6715.33,"spacetrack"
100558,"2026-09-18 22:10:07.874+00",0.0010558,15.775811,0.00179739,0.0003784,334.75516,339.8374,6715.433,"spacetrack"
100558,"2026-09-19 22:31:03.739+00",0.0010968,15.776243,0.00187251,0.0003783,334.63327,339.71408,6715.3105,"spacetrack"
100558,"2026-09-20 19:49:22.6+00",0.0010856,15.7761545,0.00185264,0.0004577,334.12524,340.27246,6715.336,"spacetrack"
100558,"2026-09-21 07:59:51.106+00",0.0011093,15.77611,0.00189314,0.000346,334.88815,339.53516,6715.3486,"spacetrack"
100558,"2026-09-22 17:28:38.049+00",0.00062611,15.775979,0.00105683,0.0004687,334.10114,340.39612,6715.3857,"spacetrack"
100558,"2026-09-23 17:49:34.594+00",0.00099624,15.77542,0.00169157,0.0005373,333.799,341.01553,6715.5444,"spacetrack"
100559,"2026-09-17 22:51:16.85+00",0.001159,15.822292,0.00245534,0.0003833,321.56906,326.70703,6702.275,"spacetrack"
100559,"2026-09-18 23:07:58.314+00",0.00077518,15.822259,0.00162563,0.0003996,321.4692,326.82568,6702.2847,"spacetrack"
100559,"2026-09-19 20:22:37.093+00",0.0013001,15.82205,0.00276115,0.000385,321.62595,326.78674,6702.3433,"spacetrack"
100559,"2026-09-20 22:10:19.572+00",0.00095347,15.822224,0.00200852,0.000387,321.56354,326.75113,6702.2944,"spacetrack"
100559,"2026-09-21 17:53:54.042+00",0.00088905,15.821527,0.00186358,0.0004083,321.61746,327.09073,6702.491,"spacetrack"
100559,"2026-09-22 16:39:33.201+00",0.0018965,15.823487,0.00412006,0.0004036,321.0956,326.50543,6701.9375,"spacetrack"
100559,"2026-09-23 21:29:22.877+00",0.0011181,15.822617,0.00236973,0.0003305,321.83118,326.26132,6702.183,"spacetrack"
100559,"2026-09-24 00:31:28.372+00",0.00068753,15.821943,0.00143601,0.0002994,322.2298,326.24316,6702.3735,"spacetrack"
100560,"2026-09-17 22:52:55.379+00",0.0012522,15.82269,0.00266416,0.0003777,321.49423,326.55707,6702.1626,"spacetrack"
100560,"2026-09-18 23:09:36.567+00",0.00095502,15.822656,0.00201566,0.00029,322.09158,325.97885,6702.1724,"spacetrack"
100560,"2026-09-19 21:55:16.617+00",0.00095659,15.821902,0.00201195,0.0003256,322.0658,326.4304,6702.3853,"spacetrack"
100560,"2026-09-20 19:09:53.466+00",0.00074111,15.821757,0.00154885,0.000321,322.13757,326.44052,6702.4263,"spacetrack"
100560,"2026-09-21 20:57:37.71+00",0.00061621,15.822143,0.00128594,0.0003728,321.68155,326.6788,6702.3174,"spacetrack"
100560,"2026-09-22 18:12:14.542+00",0.0018519,15.82361,0.00402127,0.0004641,320.65533,326.87604,6701.903,"spacetrack"
100560,"2026-09-23 23:02:04.236+00",0.00076565,15.822066,0.00160363,0.0003596,321.7917,326.61203,6702.339,"spacetrack"
100560,"2026-09-24 00:33:07.025+00",0.00059342,15.821903,0.00123616,0.0003519,321.88916,326.6063,6702.385,"spacetrack"
100562,"2026-09-18 08:58:10.478+00",0.00096954,15.703406,0.00519862,0.0213583,214.05202,501.79358,6736.0596,"spacetrack"
100562,"2026-09-20 20:26:05.654+00",0.00094606,15.729794,0.0054086,0.0204915,212.50974,488.26483,6728.5244,"spacetrack"
100562,"2026-09-22 04:24:41.556+00",0.00092799,15.744614,0.00545259,0.0199429,212.06236,480.2665,6724.3013,"spacetrack"
100562,"2026-09-23 09:18:55.937+00",0.00094229,15.7588825,0.00572226,0.0194559,211.35631,472.853,6720.2417,"spacetrack"
100615,"2026-09-17 23:44:21.94+00",0.00099043,15.776164,0.00168633,0.0003273,334.99832,339.3942,6715.3335,"spacetrack"
100615,"2026-09-18 22:33:59.554+00",0.0010047,15.776109,0.00171081,0.0003647,334.76288,339.66104,6715.349,"spacetrack"
100615,"2026-09-19 22:54:55.478+00",0.00076595,15.776067,0.00129714,0.0003364,334.9647,339.4828,6715.361,"spacetrack"
100615,"2026-09-20 23:15:51.646+00",0.00061866,15.775946,0.00104364,0.0003575,334.85733,339.65884,6715.395,"spacetrack"
100615,"2026-09-21 14:28:56.8+00",0.00096117,15.776135,0.00163534,0.0003556,334.8163,339.59225,6715.3413,"spacetrack"
100615,"2026-09-22 14:49:53.164+00",0.0016758,15.776334,0.00289777,0.0003128,335.04752,339.2486,6715.285,"spacetrack"
100615,"2026-09-23 21:16:02.948+00",0.0015537,15.7765665,0.00268254,0.0003238,334.90753,339.25632,6715.2188,"spacetrack"
100615,"2026-09-24 06:23:53.964+00",0.0011044,15.776318,0.00188652,0.0003729,334.64847,339.65674,6715.2896,"spacetrack"
100616,"2026-09-17 23:47:56.679+00",0.00080755,15.775956,0.00136835,0.0003984,334.57977,339.9306,6715.392,"spacetrack"
100616,"2026-09-18 22:37:32.65+00",0.00064372,15.775884,0.00108632,0.0003941,334.6292,339.9223,6715.4126,"spacetrack"
100616,"2026-09-19 21:27:10.114+00",0.0017865,15.776828,0.00310404,0.00039,334.389,339.62683,6715.145,"spacetrack"
100616,"2026-09-20 21:48:06.236+00",0.00081376,15.77604,0.00137951,0.0003736,334.7226,339.74033,6715.3687,"spacetrack"
100616,"2026-09-21 22:09:02.416+00",0.0015227,15.776625,0.00262802,0.0003446,334.7515,339.3796,6715.2026,"spacetrack"
100616,"2026-09-22 07:16:53.511+00",0.0009071,15.776101,0.00154129,0.0003592,334.80194,339.62625,6715.351,"spacetrack"
100616,"2026-09-23 21:19:36.326+00",0.0015581,15.77654,0.00269012,0.0003272,334.8922,339.28665,6715.2266,"spacetrack"
100616,"2026-09-24 06:27:27.348+00",0.0010699,15.776171,0.00182475,0.0003236,335.0213,339.36746,6715.3315,"spacetrack"
100617,"2026-09-17 23:50:42.398+00",0.0008673,15.775836,0.0014705,0.0003135,335.18393,339.3945,6715.4263,"spacetrack"
100617,"2026-09-18 22:40:20.071+00",0.00097917,15.776074,0.0016661,0.0003382,334.95062,339.4929,6715.359,"spacetrack"
100617,"2026-09-19 23:01:15.855+00",0.0011797,15.775906,0.00201457,0.0003435,334.96283,339.57632,6715.4067,"spacetrack"
100617,"2026-09-20 23:22:12.082+00",0.00088584,15.776125,0.00150461,0.0003544,334.82727,339.5871,6715.344,"spacetrack"
100617,"2026-09-21 22:11:49.883+00",0.001143,15.776214,0.00195302,0.0003303,334.96417,339.4003,6715.3193,"spacetrack"
100617,"2026-09-22 07:19:40.754+00",0.0012358,15.776378,0.00211736,0.0003592,334.72342,339.5477,6715.2725,"spacetrack"
100617,"2026-09-23 10:43:15.328+00",0.0011785,15.777756,0.0020292,0.00027,334.93152,338.55756,6714.8813,"spacetrack"
100617,"2026-09-24 06:30:14.522+00",0.0012273,15.777263,0.00211091,0.0003585,334.47723,339.2919,6715.0215,"spacetrack"
100618,"2026-09-17 22:20:31.147+00",-0.029279,15.753855,-0.03761555,0.0009991,336.81894,350.25018,6721.6714,"spacetrack"
100618,"2026-09-18 22:41:20.863+00",0.0008726,15.776022,0.00148105,0.0003699,334.75253,339.72058,6715.3735,"spacetrack"
100618,"2026-09-19 23:02:16.805+00",0.0010489,15.775817,0.00178548,0.0003563,334.9019,339.68732,6715.4316,"spacetrack"
100618,"2026-09-20 21:51:54.555+00",0.0006948,15.775948,0.00117415,0.0003502,334.90588,339.60938,6715.3945,"spacetrack"
100618,"2026-09-21 11:33:40.964+00",0.0009663,15.776278,0.00164533,0.0003628,334.7278,339.60043,6715.3013,"spacetrack"
100618,"2026-09-22 07:20:41.821+00",0.0012408,15.776112,0.00212369,0.0003693,334.73102,339.69098,6715.348,"spacetrack"
100618,"2026-09-23 21:23:24.295+00",0.0011044,15.776161,0.00188591,0.0005233,333.68295,340.71124,6715.334,"spacetrack"
100618,"2026-09-24 04:59:56.789+00",0.0014222,15.776549,0.00244841,0.0003451,334.76932,339.40417,6715.2236,"spacetrack"
100619,"2026-09-17 23:56:47.656+00",0.0010551,15.776228,0.00179935,0.0002766,335.32053,339.03543,6715.315,"spacetrack"
100619,"2026-09-18 22:46:25.287+00",0.0009397,15.776136,0.00159798,0.0003244,335.02545,339.3824,6715.341,"spacetrack"
100619,"2026-09-19 21:36:02.739+00",0.00068059,15.775864,0.00114933,0.0003581,334.87656,339.68616,6715.4185,"spacetrack"
100619,"2026-09-20 23:28:17.382+00",0.00069095,15.775965,0.00116771,0.0003841,334.67337,339.83215,6715.3896,"spacetrack"
100619,"2026-09-21 13:10:04.02+00",0.00073289,15.776004,0.00123991,0.0003563,334.84903,339.63443,6715.379,"spacetrack"
100619,"2026-09-22 21:07:32.526+00",0.0011589,15.776007,0.00197894,0.0003268,335.04614,339.43533,6715.378,"spacetrack"
100619,"2026-09-23 21:28:28.755+00",0.0010111,15.776121,0.00172192,0.0003093,335.1314,339.28552,6715.3457,"spacetrack"
100619,"2026-09-24 06:36:19.653+00",0.00091794,15.776207,0.00156082,0.0003569,334.78735,339.58075,6715.3213,"spacetrack"
100620,"2026-09-17 22:25:44.323+00",0.00094127,15.775836,0.00159863,0.000359,334.87854,339.70023,6715.4263,"spacetrack"
100620,"2026-09-18 22:46:40.539+00",0.00052454,15.77581,0.00088227,0.0003348,335.04816,339.5448,6715.4336,"spacetrack"
100620,"2026-09-19 23:07:36.455+00",0.00089178,15.775901,0.00151329,0.0003254,335.0857,339.45605,6715.4077,"spacetrack"
100620,"2026-09-20 23:28:32.516+00",0.00084141,15.776062,0.00142741,0.0003782,334.68552,339.765,6715.3623,"spacetrack"
100620,"2026-09-21 13:10:19.1+00",0.00078609,15.776143,0.00133239,0.0003711,334.71002,339.69415,6715.339,"spacetrack"
100620,"2026-09-22 21:07:47.799+00",0.0013182,15.77674,0.00226638,0.000385,334.44754,339.6182,6715.17,"spacetrack"
100620,"2026-09-23 21:28:44.049+00",0.0014799,15.777011,0.00255627,0.0003032,334.91977,338.99182,6715.093,"spacetrack"
100620,"2026-09-24 06:36:35.178+00",0.0013017,15.776337,0.00223308,0.0003746,334.63168,339.66278,6715.284,"spacetrack"
100621,"2026-09-17 22:30:18.252+00",0.00096326,15.776129,0.00163888,0.0003411,334.91553,339.49673,6715.3433,"spacetrack"
100621,"2026-09-18 22:51:14.378+00",0.0009843,15.776148,0.00167556,0.0003316,334.97406,339.42767,6715.338,"spacetrack"
100621,"2026-09-19 21:40:51.95+00",0.00081972,15.775997,0.00138943,0.0003342,334.9992,339.48776,6715.3804,"spacetrack"
100621,"2026-09-20 23:33:06.366+00",0.00094983,15.776036,0.00161502,0.0003898,334.61493,339.85022,6715.3696,"spacetrack"
100621,"2026-09-21 13:14:53.381+00",0.00084768,15.775973,0.00143749,0.0003103,335.16647,339.33405,6715.387,"spacetrack"
100621,"2026-09-22 21:12:21.754+00",0.0012443,15.776104,0.00212994,0.0003945,334.56396,339.8624,6715.35,"spacetrack"
100621,"2026-09-23 13:56:45.595+00",0.0007633,15.775968,0.00129195,0.0003145,335.13992,339.36392,6715.389,"spacetrack"
100621,"2026-09-24 06:41:08.921+00",0.0005479,15.775815,0.00092212,0.0003409,335.00595,339.58453,6715.432,"spacetrack"
100622,"2026-09-17 22:31:34.258+00",0.0011311,15.77615,0.00193192,0.0004375,334.2624,340.1383,6715.3374,"spacetrack"
100622,"2026-09-18 22:52:30.556+00",0.00058535,15.77586,0.00098623,0.0003371,335.01877,339.5463,6715.4194,"spacetrack"
100622,"2026-09-19 21:42:07.962+00",0.0013791,15.776482,0.00237136,0.0003432,334.80136,339.4107,6715.243,"spacetrack"
100622,"2026-09-20 23:34:22.404+00",0.00096697,15.776183,0.00164584,0.0003774,334.6564,339.72513,6715.3276,"spacetrack"
100622,"2026-09-21 13:16:09.387+00",0.00059132,15.775786,0.00099608,0.0003187,335.16318,339.4436,6715.4404,"spacetrack"
100622,"2026-09-22 21:13:37.773+00",0.00089092,15.776028,0.00151282,0.0003807,334.67844,339.79153,6715.372,"spacetrack"
100622,"2026-09-23 13:58:01.43+00",0.00096691,15.776174,0.00164562,0.0003632,334.75436,339.6324,6715.3306,"spacetrack"
100622,"2026-09-24 06:42:24.985+00",0.00059778,15.775895,0.00100765,0.0003411,334.98184,339.5631,6715.4097,"spacetrack"
100623,"2026-09-17 22:33:05.656+00",0.001161,15.776341,0.00198579,0.0003671,334.68054,339.6109,6715.2827,"spacetrack"
100623,"2026-09-18 22:54:01.797+00",0.00073805,15.7759695,0.00124857,0.0003417,334.9567,339.546,6715.388,"spacetrack"
100623,"2026-09-19 21:43:39.289+00",0.0013586,15.776442,0.00233468,0.0003666,334.6557,339.5793,6715.2544,"spacetrack"
100623,"2026-09-20 23:35:53.845+00",0.0013456,15.776418,0.00231141,0.0003318,334.89612,339.3524,6715.261,"spacetrack"
100623,"2026-09-21 23:56:50.072+00",0.001834,15.777211,0.00319522,0.0003696,334.4173,339.38104,6715.036,"spacetrack"
100623,"2026-09-22 21:15:08.99+00",0.00095877,15.775877,0.00162947,0.0004168,334.47873,340.0767,6715.4146,"spacetrack"
100623,"2026-09-23 21:36:05.288+00",0.0018263,15.776739,0.00317437,0.0003495,334.68616,339.38007,6715.17,"spacetrack"
100623,"2026-09-24 06:43:56.325+00",0.00092742,15.77605,0.00157609,0.0003407,334.9408,339.51663,6715.3657,"spacetrack"
100624,"2026-09-17 22:35:52.973+00",0.0013807,15.776548,0.00237488,0.000368,334.61603,339.5584,6715.224,"spacetrack"
100624,"2026-09-18 22:56:49.128+00",0.00074295,15.775878,0.00125651,0.0003593,334.86462,339.6903,6715.4146,"spacetrack"
100624,"2026-09-19 21:46:26.736+00",0.0013564,15.776444,0.00233091,0.0003683,334.64328,339.58972,6715.2534,"spacetrack"
100624,"2026-09-20 23:38:41.176+00",0.0010582,15.776143,0.00180437,0.0004024,334.50003,339.9045,6715.3394,"spacetrack"
100624,"2026-09-21 13:20:28.213+00",0.00096996,15.776127,0.00165043,0.0003114,335.11572,339.29803,6715.3438,"spacetrack"
100624,"2026-09-22 21:17:56.468+00",0.00099568,15.775942,0.00169402,0.0004077,334.5214,339.99713,6715.3965,"spacetrack"
100624,"2026-09-23 12:31:01.603+00",0.00093841,15.776216,0.00159641,0.0003603,334.76215,339.60123,6715.319,"spacetrack"
100624,"2026-09-24 06:46:43.816+00",0.0013094,15.777027,0.00225386,0.0003906,334.3285,339.5743,6715.0884,"spacetrack"
100625,"2026-09-17 22:36:23.418+00",0.0011256,15.776338,0.00192377,0.0003688,334.6703,339.62347,6715.2837,"spacetrack"
100625,"2026-09-18 22:57:19.652+00",0.0010131,15.7761345,0.00172556,0.0003464,334.8783,339.53067,6715.3413,"spacetrack"
100625,"2026-09-19 21:46:56.918+00",0.00050547,15.775939,0.00085029,0.0003478,334.9245,339.59573,6715.397,"spacetrack"
100625,"2026-09-20 23:39:11.571+00",0.00096861,15.776006,0.00164739,0.0003823,334.6737,339.80826,6715.378,"spacetrack"
100625,"2026-09-21 13:20:58.033+00",0.00092308,15.7761545,0.00156963,0.0004349,334.27838,340.1194,6715.336,"spacetrack"
100625,"2026-09-22 21:18:26.926+00",0.00092319,15.775796,0.00156734,0.0004501,334.2781,340.32333,6715.4375,"spacetrack"
100625,"2026-09-23 21:39:23.129+00",0.0013417,15.7764225,0.00230449,0.0003398,334.84103,339.40472,6715.26,"spacetrack"
100625,"2026-09-24 06:47:13.875+00",0.00082203,15.776053,0.0013938,0.000349,334.88388,339.5712,6715.3647,"spacetrack"
100626,"2026-09-17 22:40:42.154+00",0.0011168,15.776327,0.00190816,0.0003669,334.68597,339.61365,6715.2866,"spacetrack"
100626,"2026-09-18 23:01:38.436+00",0.00076898,15.775969,0.00130177,0.0003368,334.9899,339.5134,6715.3887,"spacetrack"
100626,"2026-09-19 21:51:15.924+00",0.0008147,15.776,0.0013808,0.000347,334.9126,339.57306,6715.38,"spacetrack"
100626,"2026-09-20 23:43:30.251+00",0.0010073,15.77608,0.00171514,0.0003521,334.85553,339.58447,6715.357,"spacetrack"
100626,"2026-09-21 13:25:16.764+00",0.00090436,15.776188,0.0015373,0.0004095,334.43948,339.93933,6715.326,"spacetrack"
100626,"2026-09-22 21:22:45.487+00",0.0010908,15.7760725,0.0018614,0.0005545,333.49857,340.94592,6715.3594,"spacetrack"
100626,"2026-09-23 21:43:41.83+00",0.0011721,15.776237,0.00200427,0.0003726,334.67346,339.6777,6715.3125,"spacetrack"
100626,"2026-09-24 06:51:32.748+00",0.00096591,15.77608,0.00164308,0.0003301,335.00323,339.4367,6715.357,"spacetrack"
100627,"2026-09-17 22:41:12.569+00",0.0011452,15.77635,0.00195811,0.0003538,334.76752,339.51926,6715.2803,"spacetrack"
100627,"2026-09-18 23:02:09.089+00",0.0013806,15.776181,0.00237058,0.0003267,334.99738,339.38516,6715.328,"spacetrack"
100627,"2026-09-19 21:51:46.316+00",0.00075889,15.776012,0.00128468,0.000345,334.92245,339.55606,6715.3765,"spacetrack"
100627,"2026-09-20 23:44:00.708+00",0.0010131,15.7761965,0.00172608,0.000362,334.7561,339.61798,6715.324,"spacetrack"
100627,"2026-09-21 13:25:47.304+00",0.00076634,15.77604,0.00129786,0.0004171,334.43042,340.03238,6715.368,"spacetrack"
100627,"2026-09-22 21:23:16.265+00",0.0012877,15.775912,0.00220476,0.0004832,334.02267,340.51245,6715.405,"spacetrack"
100627,"2026-09-23 21:44:12.322+00",0.0011824,15.776247,0.00202245,0.0003476,334.83844,339.50693,6715.3096,"spacetrack"
100627,"2026-09-24 06:52:03.274+00",0.00085124,15.776012,0.00144402,0.0003585,334.8317,339.6466,6715.376,"spacetrack"
100628,"2026-09-17 22:44:15.18+00",0.0011226,15.776302,0.00191832,0.000411,334.39703,339.917,6715.294,"spacetrack"
100628,"2026-09-18 23:05:11.479+00",0.0010358,15.776122,0.00176502,0.0003435,334.90128,339.51474,6715.345,"spacetrack"
100628,"2026-09-19 21:54:50.369+00",0.0013065,15.776035,0.00223848,0.0003343,334.98773,339.47763,6715.3696,"spacetrack"
100628,"2026-09-20 23:47:03.83+00",0.0014091,15.776604,0.00242554,0.0002578,335.34036,338.80273,6715.2085,"spacetrack"
100628,"2026-09-21 13:28:51.608+00",0.0013396,15.775976,0.00229602,0.000283,335.34894,339.14984,6715.386,"spacetrack"
100628,"2026-09-22 21:26:18.624+00",0.00081787,15.775843,0.00138556,0.0004364,334.3567,340.2179,6715.4243,"spacetrack"
100628,"2026-09-23 12:39:23.686+00",0.00079031,15.77603,0.00133898,0.0003669,334.77042,339.69815,6715.371,"spacetrack"
100628,"2026-09-24 06:55:06.151+00",0.0012642,15.776378,0.00216732,0.0003444,334.82285,339.4483,6715.2725,"spacetrack"
100629,"2026-09-17 22:46:17.086+00",0.00096074,15.776177,0.00163497,0.0003758,334.66873,339.71597,6715.329,"spacetrack"
100629,"2026-09-18 23:07:13.123+00",0.0010637,15.776169,0.00181408,0.0003417,334.90012,339.48938,6715.3315,"spacetrack"
100629,"2026-09-19 21:56:50.643+00",0.00070532,15.776,0.00119247,0.000345,334.92593,339.55954,6715.38,"spacetrack"
100629,"2026-09-20 23:49:05.164+00",0.0014935,15.776811,0.00257809,0.0003104,334.92822,339.097,6715.1494,"spacetrack"
100629,"2026-09-21 13:30:51.621+00",0.00077597,15.776126,0.00131492,0.0003985,334.53088,339.88303,6715.3438,"spacetrack"
100629,"2026-09-22 21:28:20.451+00",0.0011518,15.776294,0.00196909,0.0003293,334.94806,339.37076,6715.2964,"spacetrack"
100629,"2026-09-23 12:41:25.966+00",0.00055974,15.776203,0.00094388,0.0002904,335.2349,339.13516,6715.3223,"spacetrack"
100629,"2026-09-24 06:57:07.833+00",0.0014335,15.7772,0.00247613,0.0003949,334.2506,339.55414,6715.0396,"spacetrack"
100630,"2026-09-17 22:47:02.644+00",0.00077469,15.776036,0.00131209,0.0003676,334.76398,339.7011,6715.3696,"spacetrack"
100630,"2026-09-18 23:07:58.865+00",0.00060429,15.775911,0.00101885,0.0003416,334.9739,339.56186,6715.405,"spacetrack"
100630,"2026-09-19 21:57:36.285+00",0.0014409,15.7764845,0.00248084,0.000344,334.7951,339.4152,6715.242,"spacetrack"
100630,"2026-09-20 23:49:50.925+00",0.0012374,15.7758875,0.00211551,0.0003476,334.94052,339.60907,6715.4116,"spacetrack"
100630,"2026-09-21 15:02:56.291+00",0.00078282,15.775998,0.00132572,0.0003086,335.17102,339.31577,6715.3804,"spacetrack"
100630,"2026-09-22 21:29:06.312+00",0.0016173,15.776689,0.00279767,0.0003116,334.9548,339.13968,6715.184,"spacetrack"
100630,"2026-09-23 08:08:16.148+00",0.00098874,15.776203,0.00168361,0.0002936,335.21347,339.1567,6715.3223,"spacetrack"
100630,"2026-09-24 06:57:53.523+00",0.0013051,15.777356,0.00224973,0.0003909,334.23303,339.4828,6714.995,"spacetrack"
100631,"2026-09-17 22:49:49.969+00",0.0010871,15.776302,0.00185605,0.0003653,334.70392,339.61014,6715.294,"spacetrack"
100631,"2026-09-18 23:10:46.226+00",0.00075111,15.775969,0.001271,0.0003305,335.03223,339.4711,6715.3887,"spacetrack"
100631,"2026-09-19 22:00:23.556+00",0.0010049,15.77617,0.0017116,0.0003645,334.74683,339.6423,6715.3315,"spacetrack"
100631,"2026-09-20 23:52:38.212+00",0.0015764,15.776645,0.00272415,0.0003533,334.68744,339.4324,6715.197,"spacetrack"
100631,"2026-09-21 13:34:25.363+00",0.00068685,15.775818,0.00115973,0.0003083,335.22403,339.36478,6715.4316,"spacetrack"
100631,"2026-09-22 21:31:53.469+00",0.0015079,15.776544,0.0026007,0.0003606,334.667,339.51,6715.2256,"spacetrack"
100631,"2026-09-23 08:11:03.239+00",0.0011248,15.776174,0.00192107,0.0004017,334.49594,339.89102,6715.3306,"spacetrack"
100631,"2026-09-24 07:00:40.979+00",0.0014055,15.777508,0.00242953,0.0003876,334.21222,339.41766,6714.952,"spacetrack"
100632,"2026-09-17 22:50:20.415+00",0.0011493,15.776366,0.00196543,0.0003449,334.82278,339.455,6715.276,"spacetrack"
100632,"2026-09-18 23:11:16.686+00",0.00076077,15.775946,0.0012875,0.0003294,335.04605,339.47015,6715.395,"spacetrack"
100632,"2026-09-19 22:00:54.066+00",0.0015664,15.77661,0.00270584,0.0003734,334.5622,339.57712,6715.2065,"spacetrack"
100632,"2026-09-20 22:21:50.223+00",0.0015374,15.776626,0.00265427,0.0003338,334.8237,339.30676,6715.202,"spacetrack"
100632,"2026-09-21 13:34:55.735+00",0.00081663,15.776038,0.00138431,0.0003183,335.09427,339.3693,6715.3687,"spacetrack"
100632,"2026-09-22 21:32:23.869+00",0.00067977,15.7757015,0.00114704,0.0003313,335.1027,339.55237,6715.4644,"spacetrack"
100632,"2026-09-23 14:16:47.392+00",0.0010404,15.776081,0.00177276,0.0003402,334.93512,339.50424,6715.3564,"spacetrack"
100632,"2026-09-24 07:01:11.186+00",0.0013724,15.776436,0.00235899,0.0003647,334.66998,339.56808,6715.256,"spacetrack"
100633,"2026-09-17 22:50:50.825+00",0.001181,15.77635,0.00202103,0.0003749,334.62592,339.66104,6715.2803,"spacetrack"
100633,"2026-09-18 23:11:47.099+00",0.0006913,15.775946,0.00116813,0.0003471,334.92715,339.58896,6715.395,"spacetrack"
100633,"2026-09-19 22:01:24.525+00",0.001337,15.776331,0.00229529,0.0003524,334.78235,339.5153,6715.2856,"spacetrack"
100633,"2026-09-20 22:22:20.646+00",0.0013556,15.77647,0.00232965,0.0003472,334.7779,339.44095,6715.2466,"spacetrack"
100633,"2026-09-21 13:35:25.741+00",0.0011196,15.776239,0.0019125,0.0003879,334.57,339.77975,6715.312,"spacetrack"
100633,"2026-09-22 21:32:54.533+00",0.0014913,15.776556,0.0025713,0.0003403,334.79977,339.37015,6715.222,"spacetrack"
100633,"2026-09-23 14:17:18.092+00",0.0011688,15.776008,0.00199647,0.0003674,334.77332,339.70776,6715.3774,"spacetrack"
100633,"2026-09-24 07:01:41.648+00",0.0009272,15.7761345,0.00157637,0.0003567,334.8092,339.59995,6715.342,"spacetrack"
100634,"2026-09-17 22:52:37.447+00",0.0010361,15.776259,0.00176664,0.0003507,334.81396,339.52408,6715.306,"spacetrack"
100634,"2026-09-18 23:13:33.644+00",0.00078559,15.776075,0.00133098,0.0003167,335.09454,339.34805,6715.3584,"spacetrack"
100634,"2026-09-19 22:03:11+00",0.0014631,15.776562,0.00252124,0.0003378,334.815,339.3518,6715.22,"spacetrack"
100634,"2026-09-20 22:24:07.16+00",0.0014782,15.7765875,0.00254834,0.0003563,334.68344,339.4687,6715.213,"spacetrack"
100634,"2026-09-21 13:37:12.373+00",0.00066798,15.7758,0.00112732,0.0003307,335.07874,339.52032,6715.4365,"spacetrack"
100634,"2026-09-22 21:34:41.016+00",0.0017153,15.776641,0.00297301,0.0003588,334.65134,339.47015,6715.1978,"spacetrack"
100634,"2026-09-23 08:13:50.667+00",0.0011282,15.776203,0.00192728,0.0004214,334.35538,340.01505,6715.3223,"spacetrack"
100634,"2026-09-24 07:03:28.185+00",0.0011606,15.775671,0.001979,0.0003574,334.9359,339.73615,6715.473,"spacetrack"
100635,"2026-09-17 23:51:27.761+00",0.00023198,15.776038,0.00038702,0.0003641,334.7868,339.67694,6715.3687,"spacetrack"
100635,"2026-09-18 22:41:05.665+00",0.00076358,15.7760515,0.00129301,0.0003611,334.80334,339.65317,6715.365,"spacetrack"
100635,"2026-09-19 21:30:43.179+00",0.0015616,15.776559,0.00269679,0.0003924,334.4492,339.7193,6715.221,"spacetrack"
100635,"2026-09-20 21:51:39.34+00",0.00057386,15.775817,0.00096647,0.0003661,334.8362,339.75327,6715.4316,"spacetrack"
100635,"2026-09-21 22:12:35.586+00",0.001068,15.776175,0.00182145,0.0003167,335.06656,339.32007,6715.33,"spacetrack"
100635,"2026-09-22 14:56:59.324+00",0.0012814,15.776266,0.00219643,0.0002755,335.3171,339.01724,6715.304,"spacetrack"
100635,"2026-09-23 09:12:54.516+00",-0.011395,15.761091,-0.01562266,0.0003581,339.0705,343.8831,6719.614,"spacetrack"
100636,"2026-09-17 23:52:59.023+00",0.00078194,15.77601,0.00132428,0.0003083,335.16974,339.31046,6715.377,"spacetrack"
100636,"2026-09-18 22:42:37.037+00",0.00098234,15.776119,0.00167195,0.0003364,334.94983,339.4679,6715.3457,"spacetrack"
100636,"2026-09-19 21:32:14.478+00",0.0017286,15.776689,0.00299759,0.0003779,334.50974,339.58508,6715.1846,"spacetrack"
100636,"2026-09-20 23:24:29.032+00",0.00074261,15.775957,0.00125638,0.0003578,334.8521,339.65762,6715.392,"spacetrack"
100636,"2026-09-21 22:14:06.835+00",0.0011726,15.776254,0.00200526,0.0003253,334.98615,339.35513,6715.3076,"spacetrack"
100636,"2026-09-22 07:21:57.89+00",0.00081456,15.776001,0.00138054,0.0003334,335.00345,339.48126,6715.3794,"spacetrack"
100636,"2026-09-23 15:19:27.247+00",0.001236,15.776165,0.00211538,0.0001673,336.0725,338.31946,6715.333,"spacetrack"
100636,"2026-09-24 06:32:31.711+00",0.0020335,15.776434,0.00354575,0.0004132,334.34482,339.8943,6715.2563,"spacetrack"
100637,"2026-09-17 23:53:59.981+00",0.00075107,15.776122,0.001272,0.0004042,334.4938,339.9225,6715.345,"spacetrack"
100637,"2026-09-18 22:43:37.878+00",0.00088796,15.775888,0.00150665,0.0003478,334.93866,339.6099,6715.411,"spacetrack"
100637,"2026-09-19 21:33:15.356+00",0.00091861,15.776062,0.00156092,0.0003429,334.9223,339.5277,6715.362,"spacetrack"
100637,"2026-09-20 23:25:29.976+00",0.00076868,15.776027,0.00130162,0.0003449,334.91898,339.55124,6715.372,"spacetrack"
100637,"2026-09-21 13:07:16.355+00",0.0008741,15.776186,0.00148485,0.0004018,334.49176,339.8882,6715.327,"spacetrack"
100637,"2026-09-22 13:28:12.318+00",0.0012254,15.776317,0.00209918,0.0004844,333.90002,340.4058,6715.29,"spacetrack"
100637,"2026-09-23 21:25:41.284+00",0.00099379,15.776176,0.0016924,0.0003688,334.716,339.66922,6715.3296,"spacetrack"
100637,"2026-09-24 06:33:32.333+00",0.0015169,15.776497,0.00261601,0.0003014,335.07773,339.12567,6715.239,"spacetrack"
100638,"2026-09-17 23:02:15.651+00",0.0010296,15.776279,0.00175564,0.0003734,334.65585,339.67084,6715.3003,"spacetrack"
100638,"2026-09-18 23:23:11.894+00",0.0005984,15.776057,0.0010094,0.0003213,335.06885,339.38412,6715.3633,"spacetrack"
100638,"2026-09-19 22:12:49.347+00",0.00099856,15.776202,0.00170069,0.0002958,335.19897,339.17175,6715.3223,"spacetrack"
100638,"2026-09-20 22:34:00.309+00",0.00068838,15.769927,0.0011318,0.0001124,338.21164,339.72165,6717.1035,"spacetrack"
100638,"2026-09-21 13:47:05.944+00",0.0012805,15.776339,0.00219564,0.000354,334.7694,339.52383,6715.2837,"spacetrack"
100638,"2026-09-22 21:44:19.22+00",0.001146,15.776247,0.00195857,0.0003478,334.83707,339.50824,6715.3096,"spacetrack"
100638,"2026-09-23 14:28:43.242+00",0.0013832,15.776331,0.00237688,0.0003117,335.05576,339.24207,6715.286,"spacetrack"
100639,"2026-09-17 23:02:30.849+00",0.00092145,15.77603,0.00156562,0.0003418,334.9389,339.52954,6715.371,"spacetrack"
100639,"2026-09-18 23:23:27.029+00",0.0010478,15.776036,0.0017852,0.0003511,334.87466,339.5902,6715.3696,"spacetrack"
100639,"2026-09-19 20:41:46.057+00",0.0011992,15.776286,0.00205236,0.0003824,334.5935,339.72934,6715.2983,"spacetrack"
100639,"2026-09-20 22:33:47.514+00",0.0029985,15.783383,0.00552106,0.0005773,331.2727,339.02383,6713.285,"spacetrack"
100639,"2026-09-21 13:46:51.602+00",0.00089989,15.776358,0.00153045,0.0003114,335.0501,339.2324,6715.2783,"spacetrack"
100639,"2026-09-22 21:44:34.491+00",0.0016584,15.776036,0.00286276,0.0003197,335.08557,339.3794,6715.3696,"spacetrack"
100639,"2026-09-23 12:57:39.504+00",0.00076262,15.776159,0.00129209,0.000394,334.55173,339.8434,6715.3345,"spacetrack"
100640,"2026-09-17 23:06:19.208+00",0.00097219,15.775851,0.00165263,0.0004312,334.38916,340.18054,6715.422,"spacetrack"
100640,"2026-09-18 23:27:15.428+00",0.0006789,15.775965,0.0011469,0.0003285,335.04672,339.45874,6715.3896,"spacetrack"
100640,"2026-09-19 22:16:52.831+00",0.0008074,15.775957,0.00136807,0.0003912,334.62793,339.88205,6715.392,"spacetrack"
100640,"2026-09-20 21:06:30.393+00",0.0014943,15.776362,0.00257438,0.0003492,334.795,339.48495,6715.277,"spacetrack"
100640,"2026-09-21 15:22:12.808+00",0.00070497,15.775932,0.00119153,0.0003492,334.91696,339.607,6715.399,"spacetrack"
100640,"2026-09-22 21:48:22.848+00",0.0019009,15.777452,0.00332029,0.0003493,334.48492,339.17603,6714.9673,"spacetrack"
100640,"2026-09-23 20:38:00.479+00",0.0010906,15.776178,0.00186106,0.0003455,334.872,339.5123,6715.329,"spacetrack"
100640,"2026-09-24 07:17:09.977+00",0.0014661,15.7763605,0.00252434,0.0003664,334.68005,339.601,6715.2773,"spacetrack"
100641,"2026-09-17 23:10:37.956+00",0.0010002,15.776223,0.00170385,0.0003569,334.78278,339.57614,6715.3164,"spacetrack"
100641,"2026-09-18 23:31:34.09+00",0.0011074,15.776051,0.00188929,0.0003516,334.8673,339.58957,6715.365,"spacetrack"
100641,"2026-09-19 22:21:11.58+00",0.0016398,15.776665,0.00283786,0.0003477,334.71915,339.38892,6715.191,"spacetrack"
100641,"2026-09-20 13:34:17.278+00",0.00059233,15.775743,0.00099752,0.0002691,335.50858,339.12283,6715.4526,"spacetrack"
100641,"2026-09-21 21:31:45.517+00",0.0011366,15.776276,0.00194229,0.0003151,335.04865,339.28064,6715.302,"spacetrack"
100641,"2026-09-22 21:52:41.589+00",0.0014752,15.776869,0.00254636,0.0003519,334.63327,339.35938,6715.1333,"spacetrack"
100641,"2026-09-23 07:00:32.72+00",0.0007759,15.775949,0.00131358,0.0003378,334.989,339.5259,6715.3945,"spacetrack"
100641,"2026-09-24 07:21:28.644+00",0.0015983,15.778001,0.00278118,0.0004771,333.47134,339.8786,6714.812,"spacetrack"
100657,"2026-09-17 19:43:23.283+00",0.00051761,15.532292,0.00058036,0.0158128,300.00815,514.6018,6785.442,"spacetrack"
100657,"2026-09-19 18:01:37.254+00",0.00044374,15.534079,0.00049772,0.0157394,299.99402,513.5752,6784.9214,"spacetrack"
100657,"2026-09-20 03:17:13.661+00",0.0004189,15.534441,0.0004699,0.0157316,299.94327,513.4153,6784.8164,"spacetrack"
100657,"2026-09-21 16:19:31.206+00",0.00041232,15.535876,0.00046409,0.0156905,299.8108,512.712,6784.3984,"spacetrack"
100657,"2026-09-22 17:00:55.608+00",0.00042048,15.536859,0.00047438,0.0156555,299.7667,512.184,6784.1123,"spacetrack"
100657,"2026-09-23 16:09:39.123+00",0.00042174,15.537826,0.00047683,0.0156227,299.71213,511.67563,6783.831,"spacetrack"
100683,"2026-09-17 09:43:11.294+00",0.0014893,15.951452,0.02253647,0.0154444,184.95654,390.86273,6666.0464,"spacetrack"
100683,"2026-09-18 09:43:01.128+00",0.0014298,15.998512,0.0252914,0.0139493,182.02675,367.63522,6652.968,"spacetrack"
100683,"2026-09-19 08:08:49.043+00",0.0015744,16.050714,0.03414845,0.0124023,178.06491,342.7311,6638.535,"spacetrack"
100683,"2026-09-20 15:24:46.174+00",0.0013698,16.144093,0.04427626,0.0096301,171.09198,298.45798,6612.912,"spacetrack"
100683,"2026-09-21 15:04:27.774+00",0.0012277,16.271982,0.08237006,0.0062198,159.1647,240.9951,6578.217,"spacetrack"
100683,"2026-09-22 04:15:59.588+00",0.00032012,16.44887,0.18904296,0.0028501,134.22057,171.44841,6530.9717,"spacetrack"
100684,"2026-09-17 11:32:50.518+00",0.0013745,15.669419,0.00380353,0.0178616,247.16888,488.15033,6745.7964,"spacetrack"
100684,"2026-09-18 16:35:38.264+00",0.0013539,15.678381,0.00381228,0.0175343,246.85095,483.32645,6743.2256,"spacetrack"
100684,"2026-09-19 07:52:30.131+00",0.0014344,15.683131,0.00407402,0.0173545,246.72546,480.72882,6741.8643,"spacetrack"
100684,"2026-09-20 15:57:01.741+00",0.0013974,15.692987,0.00403849,0.0169755,246.50522,475.3024,6739.041,"spacetrack"
100684,"2026-09-21 07:13:02.64+00",0.0012817,15.697444,0.00374773,0.0168396,246.167,473.08954,6737.765,"spacetrack"
100684,"2026-09-22 15:15:46.21+00",0.0013312,15.707462,0.00397807,0.0164884,245.71542,467.81088,6734.9004,"spacetrack"
100684,"2026-09-23 00:24:53.603+00",0.0011675,15.710136,0.00350619,0.0163874,245.64375,466.3537,6734.1357,"spacetrack"
100684,"2026-09-24 05:23:08.312+00",0.001293,15.719028,0.0039563,0.016066,245.30902,461.60864,6731.5957,"spacetrack"
100710,"2026-09-18 19:39:23.385+00",0.0002205,15.057501,0.00012404,0.0338378,314.79816,783.6101,6927.3413,"spacetrack"
100710,"2026-09-19 22:46:16.897+00",0.00022651,15.057777,0.0001275,0.0338318,314.75787,783.48096,6927.2563,"spacetrack"
100710,"2026-09-20 19:30:21.115+00",0.00021381,15.057976,0.00012044,0.0338267,314.7343,783.3826,6927.1953,"spacetrack"
100710,"2026-09-21 17:50:05.803+00",0.00021839,15.058206,0.00012305,0.0338192,314.7183,783.25793,6927.125,"spacetrack"
100710,"2026-09-22 22:32:35.461+00",0.00023169,15.058505,0.00013055,0.0338084,314.70435,783.08813,6927.033,"spacetrack"
100710,"2026-09-23 17:40:53.883+00",0.00023904,15.058705,0.0001347,0.0338001,314.7025,782.96716,6926.9717,"spacetrack"
100710,"2026-09-24 00:03:39.77+00",0.00026102,15.058792,0.00014704,0.0337972,314.69675,782.91943,6926.9453,"spacetrack"
100712,"2026-09-18 19:24:25.978+00",0.00021027,15.959816,0.00085996,0.0014216,276.10764,295.05392,6663.718,"spacetrack"
100713,"2026-09-18 22:47:13.632+00",0.00043398,16.366941,0.04235715,0.0013942,165.47575,183.74744,6552.7485,"spacetrack"
100713,"2026-09-19 04:38:38.638+00",0.00038631,16.392067,0.04992749,0.0011559,160.34683,175.47998,6546.0503,"spacetrack"
100743,"2026-09-20 21:59:37.55+00",0.00028043,13.898629,0.02429973,0.1090014,132.61098,1725.6116,7307.248,"spacetrack"
100743,"2026-09-21 22:07:04.553+00",0.00028442,13.948395,0.02537956,0.1069141,132.33174,1691.1088,7289.8574,"spacetrack"
100743,"2026-09-22 11:51:49.527+00",0.00029466,13.9786625,0.0266231,0.1056335,132.25218,1670.1344,7279.33,"spacetrack"
100743,"2026-09-23 22:05:48.899+00",0.00030491,14.056515,0.0290023,0.1023881,131.72853,1616.8531,7252.4277,"spacetrack"
100747,"2026-09-20 13:28:35.748+00",0.0011707,15.700862,0.01984983,0.0276716,172.2327,545.06805,6736.7876,"spacetrack"
100747,"2026-09-21 13:51:54.877+00",0.0011682,15.743115,0.02142185,0.0261091,171.01442,522.1676,6724.728,"spacetrack"
100747,"2026-09-22 18:44:13.863+00",0.0012187,15.799581,0.02499512,0.0240379,169.29633,491.82227,6708.6963,"spacetrack"
100747,"2026-09-23 12:54:57.985+00",0.0012022,15.839343,0.02681092,0.0225897,168.03352,470.62094,6697.4644,"spacetrack"
100747,"2026-09-24 07:02:48.478+00",0.0012874,15.884622,0.03164246,0.0209351,166.64844,446.53946,6684.731,"spacetrack"
100748,"2026-09-20 20:11:49.777+00",0.00078465,15.442293,0.000867,0.0209732,290.7786,576.5083,6811.7803,"spacetrack"
100748,"2026-09-21 05:30:30.444+00",0.00083151,15.443052,0.0009206,0.0209449,290.75302,576.08777,6811.5576,"spacetrack"
100748,"2026-09-23 18:01:17.038+00",0.00088117,15.447991,0.00097998,0.020714,290.90393,573.03296,6810.1055,"spacetrack"
100789,"2026-09-20 23:33:16.554+00",0.00060812,15.606073,0.00185158,0.022491,233.7716,538.0316,6764.0386,"spacetrack"
100789,"2026-09-21 22:38:04.029+00",0.00060074,15.609607,0.00183622,0.0223446,233.7638,535.9976,6763.0176,"spacetrack"
100789,"2026-09-22 20:10:14.94+00",0.00059122,15.613021,0.0018141,0.0222041,233.75003,534.0397,6762.0317,"spacetrack"
100789,"2026-09-23 23:51:13.591+00",0.00060316,15.617227,0.00186407,0.0220491,233.61082,531.75073,6760.818,"spacetrack"
