norad_id,epoch,bstar,mean_motion,mean_motion_dot,eccentricity,perigee_km,apogee_km,semi_major_axis_km,source_group,prev_epoch,prev_perigee,prev_sma,prev_bstar,hours_elapsed,perigee_rate_km_per_day,sma_rate_km_per_day,alt_band,phase,mean_ap
2150,2026-09-18 21:31:26.638000+00:00,0.00054125,12.644447,0.00010488,0.1381307,329.6103,2479.6946,7782.7896,spacetrack,2026-09-17 20:49:56.755000+00:00,329.61536,7782.8677,0.00053046,24.691634166666667,-0.004918264995367949,-0.07591235101497418,300-350,quiet_control_2,5.635504076431285
2150,2026-09-19 20:18:57.329000+00:00,0.00048389,12.644636,9.385e-05,0.1381242,329.59402,2479.5557,7782.712,spacetrack,2026-09-18 21:31:26.638000+00:00,329.6103,7782.7896,0.00054125,22.791858611111113,-0.017142963488260513,-0.08171338861688787,300-350,quiet_control_2,7.053007585274328
2150,2026-09-20 21:00:24.040000+00:00,0.00055946,12.644848,0.00010847,0.1381154,329.58752,2479.3882,7782.625,spacetrack,2026-09-19 20:18:57.329000+00:00,329.59402,7782.712,0.00048389,24.690753055555554,-0.006318154802706715,-0.08456607197490239,300-350,quiet_control_2,5.999459086746949
2150,2026-09-21 21:41:48.875000+00:00,0.00050542,12.645072,9.807e-05,0.1381074,329.5706,2479.2214,7782.533,spacetrack,2026-09-20 21:00:24.040000+00:00,329.58752,7782.625,0.00055946,24.690231944444445,-0.016446990085512925,-0.08942807847895759,300-350,quiet_control_2,3.0561817997412044
2150,2026-09-22 20:29:14.929000+00:00,0.00052748,12.64526,0.00010238,0.1381021,329.5455,2479.0925,7782.456,spacetrack,2026-09-21 21:41:48.875000+00:00,329.5706,7782.533,0.00050542,22.790570555555558,-0.026431984163440427,-0.08108616655737627,300-350,quiet_control_2,3.3337424369001343
2150,2026-09-23 21:10:36.450000+00:00,0.0006019,12.645484,0.00011679,0.1380929,329.5376,2478.916,7782.364,spacetrack,2026-09-22 20:29:14.929000+00:00,329.5455,7782.456,0.00052748,24.689311388888886,-0.007679436538901691,-0.08943141285856009,300-350,quiet_control_2,3.1429920399314497
2150,2026-09-24 06:40:21.118000+00:00,0.00057482,12.64557,0.00011157,0.1380896,329.5331,2478.8503,7782.3286,spacetrack,2026-09-23 21:10:36.450000+00:00,329.5376,7782.364,0.0006019,9.49574111111111,-0.011373519848156158,-0.08947168947139554,300-350,secondary_active_sep2,10.428595357427488
2389,2026-09-18 23:34:37.854000+00:00,0.00028558,13.473701,6.348e-05,0.1001953,334.48465,1829.416,7460.0874,spacetrack,2026-09-17 22:37:35.865000+00:00,334.47113,7460.132,0.00033682,24.9505525,0.01300492243605876,-0.04290085359762387,300-350,quiet_control_2,5.443704202542208
2389,2026-09-19 22:44:43.652000+00:00,0.00027031,13.47381,6.007e-05,0.1001874,334.50735,1829.3127,7460.047,spacetrack,2026-09-18 23:34:37.854000+00:00,334.48465,7460.0874,0.00028558,23.168277222222223,0.02351491199687107,-0.041850327960014984,300-350,quiet_control_2,7.0358992069112505
2389,2026-09-20 21:54:49.140000+00:00,0.00024397,13.473914,5.422e-05,0.1001821,334.51218,1829.2308,7460.0083,spacetrack,2026-09-19 22:44:43.652000+00:00,334.50735,7460.047,0.00027031,23.16819111111111,0.005003411765929741,-0.04008944830976621,300-350,quiet_control_2,5.9211289309883295
2389,2026-09-21 22:51:50.105000+00:00,0.00025352,13.474036,5.634e-05,0.1001764,334.51416,1829.1387,7459.9634,spacetrack,2026-09-20 21:54:49.140000+00:00,334.51218,7460.0083,0.00024397,24.950268055555554,0.0019045887560913714,-0.043189916742348414,300-350,quiet_control_2,3.1127918187029056
2389,2026-09-22 22:01:55.003000+00:00,0.00025637,13.474145,5.698e-05,0.1001715,334.5146,1829.058,7459.9233,spacetrack,2026-09-21 22:51:50.105000+00:00,334.51416,7459.9634,0.00025352,23.16802722222222,0.0004558005693782274,-0.04154000643865967,300-350,quiet_control_2,3.227562055168511
2389,2026-09-23 22:58:55.381000+00:00,0.00029327,13.474275,6.518e-05,0.1001651,334.5192,1828.9575,7459.8755,spacetrack,2026-09-22 22:01:55.003000+00:00,334.5146,7459.9233,0.00025637,24.950105,0.004424831077902735,-0.04597976641808543,300-350,quiet_control_2,3.358561650675752
2389,2026-09-24 06:06:38.272000+00:00,0.00027933,13.474304,6.208e-05,0.1001641,334.51688,1828.9381,7459.8643,spacetrack,2026-09-23 22:58:55.381000+00:00,334.5192,7459.8755,0.00029327,7.128580833333333,-0.00781081133843332,-0.03770736508185432,300-350,secondary_active_sep2,11.189767902610816
4221,2026-09-18 21:15:06.492000+00:00,0.00043661,15.437257,0.00038248,0.0186917,307.7736,562.4765,6813.262,spacetrack,2026-09-17 21:55:06.377000+00:00,307.81903,6813.4653,0.00048664,23.33336527777778,-0.04672793602724103,-0.2091082851495017,300-350,quiet_control_2,5.496201511152694
4221,2026-09-19 22:08:22.347000+00:00,0.00043908,15.438041,0.00038527,0.0186656,307.72498,562.0636,6813.0312,spacetrack,2026-09-18 21:15:06.492000+00:00,307.7736,6813.262,0.00043661,24.8877375,-0.04688574041731634,-0.22256743908459747,300-350,quiet_control_2,6.964330325325876
4221,2026-09-20 21:28:14.453000+00:00,0.00041959,15.43876,0.00036853,0.0186435,307.66812,561.69775,6812.82,spacetrack,2026-09-19 22:08:22.347000+00:00,307.72498,6813.0312,0.00043908,23.331140555555557,-0.058490068102381984,-0.2172547024842513,300-350,quiet_control_2,5.959652089209431
4221,2026-09-21 19:14:43.472000+00:00,0.0004272,15.43946,0.00037589,0.0186224,307.60962,561.34406,6812.614,spacetrack,2026-09-20 21:28:14.453000+00:00,307.66812,6812.82,0.00041959,21.7747275,-0.06447841884586347,-0.2270522099531736,300-350,quiet_control_2,3.2201217877213133
4221,2026-09-22 15:27:50.251000+00:00,0.00043068,15.4401045,0.00037951,0.0186017,307.56464,561.00995,6812.4243,spacetrack,2026-09-21 19:14:43.472000+00:00,307.60962,6812.614,0.0004272,20.21854972222222,-0.053392553611979816,-0.22517935571776815,300-350,quiet_control_2,3.1847920210894345
4221,2026-09-23 22:34:03.952000+00:00,0.00049241,15.441155,0.00043557,0.0185683,307.48874,560.4675,6812.115,spacetrack,2026-09-22 15:27:50.251000+00:00,307.56464,6812.4243,0.00043068,31.103805833333332,-0.058565180407845446,-0.2386588972350822,300-350,quiet_control_2,3.247664011748616
4221,2026-09-24 06:20:36.194000+00:00,0.00050332,15.441432,0.00044557,0.0185588,307.47372,560.32007,6812.0337,spacetrack,2026-09-23 22:34:03.952000+00:00,307.48874,6812.115,0.00049241,7.7756227777777776,-0.046360273678663175,-0.2509380992056715,300-350,secondary_active_sep2,11.027312424635369
5118,2026-09-18 22:08:03.818000+00:00,0.0003867,15.803199,0.00073171,0.0006764,324.99826,334.0724,6707.6724,spacetrack,2026-09-17 21:49:07.238000+00:00,325.3487,6708.073,0.00043734,24.315716666666667,-0.34588986684194534,-0.39539858651086035,300-350,quiet_control_2,5.528863087865667
5118,2026-09-19 20:55:42.156000+00:00,0.00042107,15.80462,0.00080242,0.0006579,324.72064,333.54605,6707.2705,spacetrack,2026-09-18 22:08:03.818000+00:00,324.99826,6707.6724,0.0003867,22.793982777777778,-0.29230872309406425,-0.42316431025040835,300-350,quiet_control_2,7.052909455709424
5118,2026-09-20 22:45:32.730000+00:00,0.00036237,15.806186,0.00069469,0.0006421,324.38367,332.99658,6706.827,spacetrack,2026-09-19 20:55:42.156000+00:00,324.72064,6707.2705,0.00042107,25.830714999999998,-0.31308773295668324,-0.4120675714933048,300-350,quiet_control_2,5.863798453378727
5118,2026-09-21 23:04:04.738000+00:00,0.00037588,15.807654,0.00072565,0.0006385,323.99286,332.55695,6706.412,spacetrack,2026-09-20 22:45:32.730000+00:00,324.38367,6706.827,0.00036237,24.308891111111112,-0.3858440089730193,-0.4097266286016069,300-350,quiet_control_2,3.097777964368044
5118,2026-09-22 20:20:11.205000+00:00,0.00037155,15.808935,0.00072145,0.000626,323.71466,332.11063,6706.05,spacetrack,2026-09-21 23:04:04.738000+00:00,323.99286,6706.412,0.00037588,21.268463055555557,-0.3139295953149086,-0.4084921405607877,300-350,quiet_control_2,3.22869703521778
5118,2026-09-23 22:09:36.531000+00:00,0.00039315,15.81047,0.0007691,0.0006137,323.3636,331.59406,6705.6157,spacetrack,2026-09-22 20:20:11.205000+00:00,323.71466,6706.05,0.00037155,25.82370166666667,-0.3262677097480049,-0.40362919826679056,300-350,quiet_control_2,3.2509494023610483
5118,2026-09-24 02:43:01.174000+00:00,0.00041313,15.810818,0.00080984,0.00062,323.22296,331.5378,6705.5176,spacetrack,2026-09-23 22:09:36.531000+00:00,323.3636,6705.6157,0.00039315,4.556845277777778,-0.7407229770255677,-0.5166732369618592,300-350,secondary_active_sep2,11.366198215956299
7003,2026-09-18 22:06:44.156000+00:00,0.00043447,15.925544,0.0017153,0.0056062,257.7258,332.54922,6673.2744,spacetrack,2026-09-17 21:59:11.317000+00:00,258.18643,6674.186,0.00048543,24.125788611111112,-0.4582283372452376,-0.9068470404283816,250-300,quiet_control_2,5.504288501150779
7003,2026-09-19 22:13:58.702000+00:00,0.00043328,15.928969,0.00173756,0.005542,257.20276,331.15872,6672.318,spacetrack,2026-09-18 22:06:44.156000+00:00,257.7258,6673.2744,0.00043447,24.120707222222222,-0.5204225516420424,-0.9516138887857217,250-300,quiet_control_2,6.994995701365215
7003,2026-09-20 22:20:54.425000+00:00,0.00038441,15.932392,0.00156647,0.0054906,256.5954,329.85495,6671.3623,spacetrack,2026-09-19 22:13:58.702000+00:00,257.20276,6672.318,0.00043328,24.11547861111111,-0.6044516152909589,-0.9511235654863748,250-300,quiet_control_2,5.888167146865781
7003,2026-09-21 17:56:18.300000+00:00,0.00042795,15.935323,0.00176868,0.0054404,256.1167,328.69757,6670.544,spacetrack,2026-09-20 22:20:54.425000+00:00,256.5954,6671.3623,0.00038441,19.58996527777778,-0.5864635203326575,-1.0025132623525308,250-300,quiet_control_2,3.393728719529379
7003,2026-09-22 18:02:39.855000+00:00,0.00040427,15.938803,0.00169844,0.0053838,255.52849,327.34378,6669.573,spacetrack,2026-09-21 17:56:18.300000+00:00,256.1167,6670.544,0.00042795,24.105987499999998,-0.5856237998961631,-0.9667307759115522,250-300,quiet_control_2,2.9974453096628664
7003,2026-09-23 16:38:19.618000+00:00,0.00040915,15.942261,0.00174705,0.0053211,254.98747,325.95615,6668.609,spacetrack,2026-09-22 18:02:39.855000+00:00,255.52849,6669.573,0.00040427,22.594378611111114,-0.5746774551088902,-1.0239715107111262,250-300,quiet_control_2,2.7344472223259366
7003,2026-09-24 06:11:34.949000+00:00,0.00050219,15.944491,0.00216821,0.005282,254.6294,325.07,6667.987,spacetrack,2026-09-23 16:38:19.618000+00:00,254.98747,6668.609,0.00040915,13.554258611111111,-0.634020660706243,-1.1013512747772072,250-300,secondary_active_sep2,8.482889090351698
12139,2026-09-18 19:47:16.764000+00:00,0.00026603,15.172903,0.00011355,0.0238991,349.31744,678.75085,6892.1714,spacetrack,2026-09-17 02:38:02.990000+00:00,349.33868,6892.2876,0.00029326,41.153826111111115,-0.012386697621371205,-0.0677652666475787,300-350,quiet_control_2,6.678638115556879
12139,2026-09-19 21:06:46.611000+00:00,0.00028533,15.173151,0.00012184,0.0238939,349.28003,678.6381,6892.096,spacetrack,2026-09-18 19:47:16.764000+00:00,349.31744,6892.1714,0.00026603,25.3249575,-0.03545277420501804,-0.07145520382472714,300-350,quiet_control_2,6.804106778856391
12139,2026-09-20 16:06:23.107000+00:00,0.00028874,15.173339,0.00012339,0.023894,349.22385,678.5806,6892.039,spacetrack,2026-09-19 21:06:46.611000+00:00,349.28003,6892.096,0.00028533,18.99347111111111,-0.07098860403724946,-0.07202474955694965,300-350,quiet_control_2,7.030581795241452
12139,2026-09-21 12:40:56.767000+00:00,0.00028848,15.173541,0.0001234,0.0238972,349.14203,678.54,6891.978,spacetrack,2026-09-20 16:06:23.107000+00:00,349.22385,6892.039,0.00028874,20.576016666666668,-0.09543538148384102,-0.07115079773260288,300-350,quiet_control_2,3.3453738751399618
12139,2026-09-22 23:30:09.841000+00:00,0.000339,15.173942,0.00014525,0.0239049,348.97064,678.46893,6891.857,spacetrack,2026-09-21 12:40:56.767000+00:00,349.14203,6891.978,0.00028848,34.820298333333334,-0.1181310958516881,-0.08339963007216059,300-350,quiet_control_2,2.9138433573635374
12139,2026-09-23 20:04:40.623000+00:00,0.00038478,15.174202,0.00016495,0.0239019,348.91418,678.3674,6891.778,spacetrack,2026-09-22 23:30:09.841000+00:00,348.97064,6891.857,0.000339,20.575217222222225,-0.06585787092137543,-0.09214969540859054,300-350,quiet_control_2,3.0113657366274333
16719,2026-09-18 08:49:41.613000+00:00,0.00042563,15.766007,0.00068063,0.0001847,338.83905,341.32077,6718.217,spacetrack,2026-09-17 08:27:16.513000+00:00,339.32632,6718.6167,0.00044537,24.37363888888889,-0.4798003307307421,-0.3935727465122806,300-350,quiet_control_2,7.8392094031461586
16719,2026-09-19 15:17:32.975000+00:00,0.00041432,15.767464,0.00066669,0.000185,338.42358,340.90915,6717.803,spacetrack,2026-09-18 08:49:41.613000+00:00,338.83905,6718.217,0.00042563,30.46426722222222,-0.32731067933666647,-0.32615260125956363,300-350,quiet_control_2,6.005638545822017
16719,2026-09-20 09:34:10.657000+00:00,0.00039672,15.768449,0.00064099,0.0001906,338.1061,340.6668,6717.5234,spacetrack,2026-09-19 15:17:32.975000+00:00,338.42358,6717.803,0.00041432,18.27713388888889,-0.4168881207699544,-0.36714728035535765,300-350,quiet_control_2,8.040315477982945
16719,2026-09-21 20:35:50.923000+00:00,0.00040771,15.770407,0.00066461,0.0002075,337.43674,340.22427,6716.9673,spacetrack,2026-09-20 09:34:10.657000+00:00,338.1061,6717.5234,0.00039672,35.02785166666667,-0.45862475817460574,-0.3810225110863893,300-350,quiet_control_2,2.948828268133868
16719,2026-09-22 14:52:16.141000+00:00,0.00040724,15.771411,0.0006668,0.0002089,337.14212,339.94836,6716.682,spacetrack,2026-09-21 20:35:50.923000+00:00,337.43674,6716.9673,0.00040771,18.273671666666665,-0.3869435835874372,-0.3747030221901804,300-350,quiet_control_2,3.4334807859115104
16719,2026-09-23 21:19:29.043000+00:00,0.00046974,15.77316,0.00077598,0.0002312,336.49606,339.60162,6716.186,spacetrack,2026-09-22 14:52:16.141000+00:00,337.14212,6716.682,0.00040724,30.45358388888889,-0.5091499265430193,-0.3908899538206895,300-350,quiet_control_2,3.1262693018926018
20453,2026-09-18 13:37:33.443000+00:00,0.00069495,15.955658,0.00300151,0.0023835,270.85272,302.62418,6664.8755,spacetrack,2026-09-17 15:05:53.472000+00:00,271.90573,6666.425,0.00077326,22.527769722222224,-1.1218260978170076,-1.6507626124799342,250-300,quiet_control_2,6.578128431143335
20453,2026-09-19 13:38:50.222000+00:00,0.00068763,15.961304,0.0030592,0.0023167,269.7296,300.60336,6663.3037,spacetrack,2026-09-18 13:37:33.443000+00:00,270.85272,6664.8755,0.00069495,24.021327499999998,-1.1221228302224064,-1.5704044666138077,250-300,quiet_control_2,6.2030640965478145
20453,2026-09-20 19:39:39.312000+00:00,0.00065088,15.969342,0.00302243,0.0022337,268.0514,297.80905,6661.0674,spacetrack,2026-09-19 13:38:50.222000+00:00,269.7296,6663.3037,0.00068763,30.01363611111111,-1.3419500340076935,-1.7882271845143882,250-300,quiet_control_2,6.178462882010391
20453,2026-09-21 12:09:43.266000+00:00,0.00070439,15.973772,0.00334989,0.0021875,267.13046,296.26724,6659.836,spacetrack,2026-09-20 19:39:39.312000+00:00,268.0514,6661.0674,0.00065088,16.50109833333333,-1.3394599288794429,-1.7910080530998194,250-300,quiet_control_2,3.646073357339143
20453,2026-09-22 12:09:18.377000+00:00,0.00073201,15.980714,0.00361225,0.0020878,265.86957,293.67032,6657.9067,spacetrack,2026-09-21 12:09:43.266000+00:00,267.13046,6659.836,0.00070439,23.99308638888889,-1.2612533256252663,-1.9298559280584884,250-300,quiet_control_2,2.993535441013789
20453,2026-09-23 10:38:19.646000+00:00,0.00074877,15.987729,0.00383774,0.0019972,264.52908,291.11563,6655.9595,spacetrack,2026-09-22 12:09:18.377000+00:00,265.86957,6657.9067,0.00073201,22.483685833333332,-1.4308935037823414,-2.0785204145979774,250-300,quiet_control_2,2.546066210056578
20453,2026-09-24 06:06:59.235000+00:00,0.00077141,15.994125,0.00409347,0.0019077,263.3533,288.74167,6654.1846,spacetrack,2026-09-23 10:38:19.646000+00:00,264.52908,6655.9595,0.00074877,19.47766361111111,-1.4487733520514892,-2.186997416656702,250-300,secondary_active_sep2,6.838173866078994
20775,2026-09-18 21:43:00.024000+00:00,0.00033961,14.950501,0.00012509,0.0341234,344.70602,819.7279,6960.354,spacetrack,2026-09-17 20:00:56.352000+00:00,344.68942,6960.434,0.00039038,25.701020000000003,0.015501330297433613,-0.07470520625244653,300-350,quiet_control_2,5.649819345691339
20775,2026-09-19 21:48:39.323000+00:00,0.00030622,14.950728,0.00011287,0.0341146,344.69946,819.59406,6960.2837,spacetrack,2026-09-18 21:43:00.024000+00:00,344.70602,6960.354,0.00033961,24.094249722222223,-0.006534339181172069,-0.07002500677377255,300-350,quiet_control_2,6.996088289807368
20775,2026-09-20 21:54:17.155000+00:00,0.0002624,14.95093,9.682e-05,0.0341061,344.69833,819.47034,6960.221,spacetrack,2026-09-19 21:48:39.323000+00:00,344.69946,6960.2837,0.00030622,24.09384222222222,-0.0011255988044417166,-0.06245579207046531,300-350,quiet_control_2,5.924896554942716
20775,2026-09-21 20:23:31.275000+00:00,0.00025358,14.951105,9.362e-05,0.0341017,344.67627,819.3833,6960.167,spacetrack,2026-09-20 21:54:17.155000+00:00,344.69833,6960.221,0.0002624,22.487255555555553,-0.023544002454734845,-0.05763264426725859,300-350,quiet_control_2,3.0408752513151893
20775,2026-09-22 22:05:28.903000+00:00,0.00025617,14.951304,9.456e-05,0.0340911,344.69028,819.24554,6960.105,spacetrack,2026-09-21 20:23:31.275000+00:00,344.67627,6960.167,0.00025358,25.69934111111111,0.013083603915987589,-0.05790031711653675,300-350,quiet_control_2,3.2792313806402387
20775,2026-09-23 20:34:40.677000+00:00,0.00029483,14.951487,0.00010873,0.0340805,344.70953,819.1134,6960.0483,spacetrack,2026-09-22 22:05:28.903000+00:00,344.69028,6960.105,0.00025617,22.48660388888889,0.02054556580810645,-0.06051603019755121,300-350,quiet_control_2,3.0771080198934246
22913,2026-09-18 22:10:11.187000+00:00,0.0012486,13.370421,0.00235874,0.1205222,216.58754,2024.0481,7498.4546,spacetrack,2026-09-17 21:05:53.505000+00:00,216.61813,7500.238,0.0013559,25.071578333333335,-0.029282560126034973,-1.7071761271248038,200-250,quiet_control_2,5.629277926725395
22913,2026-09-19 01:45:03.417000+00:00,0.0012403,13.370997,0.00234255,0.1204942,216.60808,2023.5968,7498.2393,spacetrack,2026-09-18 22:10:11.187000+00:00,216.58754,7498.4546,0.0012486,3.581175,0.13765314456854708,-1.4428783848865883,200-250,quiet_control_2,7.466794418033188
22913,2026-09-20 04:36:21.064000+00:00,0.0012984,13.376247,0.00246174,0.1202844,216.45528,2019.8258,7496.2773,spacetrack,2026-09-19 01:45:03.417000+00:00,216.60808,7498.2393,0.0012403,26.854901944444443,-0.13655607484945467,-1.753422898263529,200-250,quiet_control_2,7.571400729270956
22913,2026-09-21 21:46:12.989000+00:00,0.0012489,13.383826,0.00237411,0.1199513,216.46153,2014.159,7493.4473,spacetrack,2026-09-20 04:36:21.064000+00:00,216.45528,7496.2773,0.0012984,41.16442361111111,0.0036439232434693353,-1.6499684446368699,200-250,quiet_control_2,3.6624734107475834
22913,2026-09-22 01:20:56.373000+00:00,0.0011818,13.384337,0.00224029,0.1199051,216.63954,2013.5988,7493.2563,spacetrack,2026-09-21 21:46:12.989000+00:00,216.46153,7493.4473,0.0012489,3.578717777777778,1.1937906997105758,-1.2809056999296944,200-250,quiet_control_2,5.753897112746155
22913,2026-09-23 00:36:28.091000+00:00,0.0011932,13.388561,0.00226505,0.1197235,216.61304,2010.4734,7491.68,spacetrack,2026-09-22 01:20:56.373000+00:00,216.63954,7493.2563,0.0011818,23.258810555555552,-0.027344476557854484,-1.6265320150241722,200-250,quiet_control_2,2.8708543995239655
22913,2026-09-24 01:38:57.176000+00:00,0.0013078,13.393341,0.00247411,0.1195019,216.70384,2006.8179,7489.898,spacetrack,2026-09-23 00:36:28.091000+00:00,216.61304,7491.68,0.0011932,25.041412500000003,0.08702384500075772,-1.7078908787594815,200-250,secondary_active_sep2,4.293792421742273
23198,2026-09-18 19:07:35.529000+00:00,0.00036135,14.342683,0.00010659,0.0619661,334.09222,1220.906,7155.636,spacetrack,2026-09-17 21:22:03.164000+00:00,334.0968,7155.6953,0.00042245,21.75899027777778,-0.005051705000837283,-0.06540744684512999,300-350,quiet_control_2,5.794004955678282
23198,2026-09-19 23:34:48.675000+00:00,0.00036127,14.342933,0.00010661,0.0619594,334.06226,1220.7698,7155.553,spacetrack,2026-09-18 19:07:35.529000+00:00,334.09222,7155.636,0.00036135,28.453651666666666,-0.025270570133630935,-0.07000858882188896,300-350,quiet_control_2,6.645948988035572
23198,2026-09-20 21:20:18.752000+00:00,0.00034007,14.343118,0.00010028,0.0619535,334.04666,1220.6621,7155.491,spacetrack,2026-09-19 23:34:48.675000+00:00,334.06226,7155.553,0.00036127,21.758354722222222,-0.017207183391387985,-0.06838752373486368,300-350,quiet_control_2,5.968881634062482
23198,2026-09-21 20:46:13.087000+00:00,0.00035208,14.34333,0.00010389,0.061944,334.04825,1220.519,7155.4204,spacetrack,2026-09-20 21:20:18.752000+00:00,334.04666,7155.491,0.00034007,23.431759722222225,0.0016285588642463863,-0.07231211057500639,300-350,quiet_control_2,3.0149605470779894
23198,2026-09-22 20:12:06.288000+00:00,0.00035942,14.343536,0.00010609,0.0619338,334.05695,1220.3733,7155.352,spacetrack,2026-09-21 20:46:13.087000+00:00,334.04825,7155.4204,0.00035208,23.431444722222224,0.00891110225915364,-0.07005970052054758,300-350,quiet_control_2,3.3546902861457504
23198,2026-09-23 22:58:48.474000+00:00,0.00041857,14.3438015,0.00012388,0.0619245,334.04086,1220.2131,7155.264,spacetrack,2026-09-22 20:12:06.288000+00:00,334.05695,7155.352,0.00035942,26.778385,-0.014420585856806096,-0.07886958082026656,300-350,quiet_control_2,3.333866101335088
23198,2026-09-24 05:40:28.752000+00:00,0.00041254,14.343865,0.00012209,0.0619227,334.03387,1220.1777,7155.2427,spacetrack,2026-09-23 22:58:48.474000+00:00,334.04086,7155.264,0.00041857,6.694521666666666,-0.025059295996611063,-0.07636094488325693,300-350,secondary_active_sep2,11.231734505303216
24285,2026-09-18 11:57:03.172000+00:00,0.00020222,11.837936,2.617e-05,0.1730881,346.62756,3161.8652,8132.3833,spacetrack,2026-09-17 05:31:34.458000+00:00,346.63248,8132.413,0.00020761,30.42464277777778,-0.003881064466779123,-0.023428376963556503,300-350,quiet_control_2,7.47906420228763
24285,2026-09-19 22:25:55.978000+00:00,0.00019109,11.838005,2.473e-05,0.1730853,346.6243,3161.8054,8132.352,spacetrack,2026-09-18 11:57:03.172000+00:00,346.62756,8132.3833,0.00020222,34.481335,-0.0022690536778891563,-0.021785699422987574,300-350,quiet_control_2,6.0
24285,2026-09-20 06:32:43.742000+00:00,0.00019187,11.838022,2.483e-05,0.1730828,346.638,3161.7756,8132.3438,spacetrack,2026-09-19 22:25:55.978000+00:00,346.6243,8132.352,0.00019109,8.113267777777777,0.040526210770449544,-0.024256564111467344,300-350,quiet_control_2,10.504409923334086
24285,2026-09-21 12:58:13.006000+00:00,0.00019871,11.838088,2.572e-05,0.1730789,346.64505,3161.709,8132.314,spacetrack,2026-09-20 06:32:43.742000+00:00,346.638,8132.3438,0.00019187,30.424795555555555,0.00556125347472671,-0.0235071423463874,300-350,quiet_control_2,3.618510793608546
24285,2026-09-22 05:11:48.713000+00:00,0.00020254,11.838124,2.621e-05,0.173076,346.65472,3161.6658,8132.2974,spacetrack,2026-09-21 12:58:13.006000+00:00,346.64505,8132.314,0.00019871,16.22658527777778,0.014302454646274004,-0.024552300633690655,300-350,quiet_control_2,3.369763563762054
24285,2026-09-23 05:32:12.379000+00:00,0.0002208,11.838183,2.857e-05,0.1730714,346.6697,3161.5964,8132.27,spacetrack,2026-09-22 05:11:48.713000+00:00,346.65472,8132.2974,0.00020254,24.339907222222223,0.014770804042805888,-0.027017358529544934,300-350,quiet_control_2,2.402759763555202
24285,2026-09-24 05:52:36.149000+00:00,0.00025579,11.838251,3.311e-05,0.1730682,346.6702,3161.5342,8132.2393,spacetrack,2026-09-23 05:32:12.379000+00:00,346.6697,8132.27,0.0002208,24.33993611111111,0.0004930169063016774,-0.030271238044445602,300-350,secondary_active_sep2,5.9086773257986955
24286,2026-09-19 17:52:44.599000+00:00,0.00056138,12.03158,7.987e-05,0.16459,342.64398,2990.8606,8044.889,spacetrack,2026-09-17 23:58:24.952000+00:00,342.61877,8045.015,0.00057857,41.9054575,0.014438214879299957,-0.0721624385082752,300-350,quiet_control_2,6.145069569200305
24286,2026-09-20 07:50:50.476000+00:00,0.00055228,12.031673,7.856e-05,0.1645841,342.65668,2990.7646,8044.8477,spacetrack,2026-09-19 17:52:44.599000+00:00,342.64398,8044.889,0.00056138,13.968299166666666,0.02182083848313099,-0.07096067947643248,300-350,quiet_control_2,8.709517743918436
24286,2026-09-21 17:46:11.970000+00:00,0.00053757,12.031892,7.643e-05,0.1645704,342.68546,2990.541,8044.75,spacetrack,2026-09-20 07:50:50.476000+00:00,342.65668,8044.8477,0.00055228,33.92263722222222,0.020361624465538915,-0.06912198437420344,300-350,quiet_control_2,3.3195680360739774
24286,2026-09-22 23:42:04.704000+00:00,0.00053238,12.0320835,7.566e-05,0.1645578,342.71548,2990.34,8044.665,spacetrack,2026-09-21 17:46:11.970000+00:00,342.68546,8044.75,0.00053757,29.931314999999998,0.024071110808224154,-0.06815604326107534,300-350,quiet_control_2,2.9923154618053593
24286,2026-09-23 17:39:35.669000+00:00,0.00056251,12.032203,7.992e-05,0.1645506,342.729,2990.2205,8044.612,spacetrack,2026-09-22 23:42:04.704000+00:00,342.71548,8044.665,0.00053238,17.958601388888887,0.018068222183497542,-0.07082956921045096,300-350,quiet_control_2,2.6658982584405355
28485,2026-09-18 23:58:59.324000+00:00,0.00069927,15.821165,0.0015442,0.000311,322.37164,326.54068,6702.5933,spacetrack,2026-09-17 01:03:58.861000+00:00,324.1061,6704.2,0.00081396,46.91679527777777,-0.8872524168273068,-0.8218975693390792,300-350,quiet_control_2,6.818530917822291
28485,2026-09-19 22:40:43.411000+00:00,0.00070289,15.824009,0.00157352,0.0003372,321.39334,325.91302,6701.79,spacetrack,2026-09-18 23:58:59.324000+00:00,322.37164,6702.5933,0.00069927,22.695579722222224,-1.0345274404693996,-0.8494693784417708,300-350,quiet_control_2,7.057474640160902
28485,2026-09-20 22:52:58.089000+00:00,0.00066001,15.827078,0.00149841,0.0003523,320.42603,325.1475,6700.924,spacetrack,2026-09-19 22:40:43.411000+00:00,321.39334,6701.79,0.00070289,24.20407722222222,-0.9591541039492887,-0.8586983014959756,300-350,quiet_control_2,5.844422699306927
28485,2026-09-21 21:34:11.132000+00:00,0.00070435,15.830099,0.0016236,0.0003711,319.44772,324.42053,6700.0713,spacetrack,2026-09-20 22:52:58.089000+00:00,320.42603,6700.924,0.00066001,22.68695638888889,-1.0349312440826022,-0.9020513659572083,300-350,quiet_control_2,2.967237353945537
28485,2026-09-22 23:16:35.249000+00:00,0.00068751,15.833488,0.00161044,0.0003876,318.3815,323.57465,6699.115,spacetrack,2026-09-21 21:34:11.132000+00:00,319.44772,6700.0713,0.00070435,25.706699166666667,-0.9954323514697199,-0.892810074572165,300-350,quiet_control_2,3.3057756334743567
28485,2026-09-23 23:27:57.494000+00:00,0.00077021,15.8366785,0.0018351,0.0004196,317.26788,322.889,6698.2153,spacetrack,2026-09-22 23:16:35.249000+00:00,318.3815,6699.115,0.00068751,24.1895125,-1.1048953549601557,-0.8926513091158217,300-350,quiet_control_2,3.4298520553759264
28738,2026-09-18 08:16:02.386000+00:00,0.00038618,15.819725,0.0007859,0.0003372,322.60287,327.12338,6703.0,spacetrack,2026-09-17 12:31:51.883000+00:00,322.88748,6703.326,0.00037793,19.736250833333333,-0.34609612827088404,-0.3964278760982436,300-350,quiet_control_2,8.000766117025238
28738,2026-09-19 00:57:57.983000+00:00,0.00036351,15.820723,0.00074273,0.000327,322.3895,326.77307,6702.7183,spacetrack,2026-09-18 08:16:02.386000+00:00,322.60287,6703.0,0.00038618,16.698776944444443,-0.3066619799184527,-0.4048679746116599,300-350,quiet_control_2,4.780209452132698
28738,2026-09-20 19:28:01.870000+00:00,0.00037924,15.823378,0.00078483,0.0002787,321.96356,325.69925,6701.9683,spacetrack,2026-09-19 00:57:57.983000+00:00,322.3895,6702.7183,0.00036351,42.50107972222222,-0.24052471294407185,-0.423518652176464,300-350,quiet_control_2,6.640758695234979
28738,2026-09-21 13:40:47.068000+00:00,0.00034089,15.824503,0.00070839,0.0002703,321.7022,325.3251,6701.651,spacetrack,2026-09-20 19:28:01.870000+00:00,321.96356,6701.9683,0.00037924,18.212555000000002,-0.344412961278592,-0.41812914223263775,300-350,quiet_control_2,3.5747236514103107
28738,2026-09-22 15:28:42.789000+00:00,0.00035891,15.826223,0.00075226,0.0002672,321.2376,324.8187,6701.165,spacetrack,2026-09-21 13:40:47.068000+00:00,321.7022,6701.651,0.00034089,25.79881138888889,-0.43220595832576736,-0.4521138522304372,300-350,quiet_control_2,2.883715572985969
28738,2026-09-23 14:14:23.035000+00:00,0.00038558,15.82789,0.00081514,0.0002559,320.84286,324.27228,6700.6943,spacetrack,2026-09-22 15:28:42.789000+00:00,321.2376,6701.165,0.00035891,22.761179444444444,-0.4162244765533304,-0.4963187442711263,300-350,quiet_control_2,2.7363932737033765
28738,2026-09-24 00:51:38.953000+00:00,0.00045828,15.828706,0.00097456,0.0002468,320.6738,323.98114,6700.4644,spacetrack,2026-09-23 14:14:23.035000+00:00,320.84286,6700.6943,0.00038558,10.621088333333333,-0.3820173481906526,-0.5194947849826278,300-350,secondary_active_sep2,5.667320188310896
28980,2026-09-18 09:07:24.975000+00:00,0.00078192,12.229584,0.00021245,0.1611504,297.27618,2862.0876,7957.819,spacetrack,2026-09-17 09:33:46.301000+00:00,297.267,7958.0146,0.00084244,23.560742777777776,0.009351148309643257,-0.19924668947313573,250-300,quiet_control_2,7.909956762587448
28980,2026-09-19 10:38:48.463000+00:00,0.0007408,12.230008,0.00020074,0.1611279,297.30084,2861.6948,7957.635,spacetrack,2026-09-18 09:07:24.975000+00:00,297.27618,7957.819,0.00078192,25.52319111111111,0.02318832302054678,-0.17301911742855228,250-300,quiet_control_2,6.053018633772371
28980,2026-09-20 08:14:33.346000+00:00,0.0007659,12.230374,0.00020775,0.1611058,297.34354,2861.3347,7957.476,spacetrack,2026-09-19 10:38:48.463000+00:00,297.30084,7957.635,0.0007408,21.595800833333335,0.04745366971614254,-0.17670101838147217,250-300,quiet_control_2,7.708174273025788
28980,2026-09-21 17:36:59.299000+00:00,0.00074403,12.230978,0.00020152,0.161075,297.36896,2860.7854,7957.2144,spacetrack,2026-09-20 08:14:33.346000+00:00,297.34354,7957.476,0.0007659,33.37387583333333,0.01828016629074249,-0.18812319046638354,250-300,quiet_control_2,3.2820512564414055
28980,2026-09-22 17:10:24.309000+00:00,0.00073751,12.231416,0.0001995,0.1610466,297.43564,2860.339,7957.0244,spacetrack,2026-09-21 17:36:59.299000+00:00,297.36896,7957.2144,0.00074403,23.55694722222222,0.06793409964808406,-0.19357346930287994,250-300,quiet_control_2,2.983719110462931
28980,2026-09-23 18:41:33.050000+00:00,0.00078045,12.231834,0.00021154,0.1610218,297.48065,2859.931,7956.843,spacetrack,2026-09-22 17:10:24.309000+00:00,297.43564,7957.0244,0.00073751,25.51909472222222,0.0423306552117015,-0.1706016630840089,250-300,quiet_control_2,2.846293202167645
28980,2026-09-24 02:32:39.696000+00:00,0.00085244,12.231971,0.00023177,0.1610109,297.51773,2859.7756,7956.7837,spacetrack,2026-09-23 18:41:33.050000+00:00,297.48065,7956.843,0.00078045,7.8518461111111115,0.11333895079010636,-0.18125673629587402,250-300,secondary_active_sep2,8.916414773793822
28982,2026-09-18 21:05:39.472000+00:00,0.00063879,14.355058,0.00062412,0.0724139,255.51628,1291.2556,7151.523,spacetrack,2026-09-17 21:40:39.096000+00:00,255.51761,7151.928,0.00069978,23.416771111111114,-0.0013631255926977134,-0.4150871165744029,250-300,quiet_control_2,5.52885989500213
28982,2026-09-19 20:30:32.317000+00:00,0.00065773,14.356347,0.00064401,0.0723658,255.46315,1290.4525,7151.0947,spacetrack,2026-09-18 21:05:39.472000+00:00,255.51628,7151.523,0.00063879,23.414679166666666,-0.05445814529096056,-0.43900665590350374,250-300,quiet_control_2,7.024998029192157
28982,2026-09-20 19:55:17.441000+00:00,0.00062993,14.35765,0.00061701,0.0723167,255.4131,1289.6377,7150.6626,spacetrack,2026-09-19 20:30:32.317000+00:00,255.46315,7151.0947,0.00065773,23.412534444444443,-0.05130585084032568,-0.4429422207411031,250-300,quiet_control_2,6.184258327721034
28982,2026-09-21 19:19:54.745000+00:00,0.00064837,14.358952,0.00063632,0.0722665,255.37097,1288.8152,7150.23,spacetrack,2026-09-20 19:55:17.441000+00:00,255.4131,7150.6626,0.00062993,23.410362222222222,-0.043191130081697816,-0.4434959143924211,250-300,quiet_control_2,3.1676988385864835
28982,2026-09-22 20:24:43.334000+00:00,0.00066418,14.360343,0.00065265,0.072208,255.36066,1287.9016,7149.768,spacetrack,2026-09-21 19:19:54.745000+00:00,255.37097,7150.23,0.00064837,25.080163611111114,-0.009865964346838434,-0.44210237907206373,250-300,quiet_control_2,3.159313985956741
28982,2026-09-23 21:29:22.433000+00:00,0.00080333,14.3619,0.00079446,0.0721537,255.26952,1286.9595,7149.2515,spacetrack,2026-09-22 20:24:43.334000+00:00,255.36066,7149.768,0.00066418,25.077527500000002,-0.08722390993290302,-0.49430710423877966,250-300,quiet_control_2,3.1781951656385052
28982,2026-09-24 05:50:53.263000+00:00,0.00083445,14.362442,0.00082692,0.0721385,255.21141,1286.6581,7149.072,spacetrack,2026-09-23 21:29:22.433000+00:00,255.26952,7149.2515,0.00080333,8.35856388888889,-0.16685162888494376,-0.5153995419872547,250-300,secondary_active_sep2,10.25245129496262
28983,2026-09-18 08:55:41.038000+00:00,0.00054727,12.431129,0.00016581,0.152593,292.28787,2694.5813,7871.572,spacetrack,2026-09-17 15:32:49.135000+00:00,292.35577,7871.6714,0.00057874,17.381084166666668,-0.09375709733489733,-0.13725265795424432,250-300,quiet_control_2,6.999999999999999
28983,2026-09-19 08:06:08.316000+00:00,0.00050052,12.431423,0.00015088,0.1525819,292.27026,2694.351,7871.4478,spacetrack,2026-09-18 08:55:41.038000+00:00,292.28787,7871.572,0.00054727,23.174243888888892,-0.0182374882229669,-0.12862555578065665,250-300,quiet_control_2,6.132558106474479
28983,2026-09-20 09:12:25.487000+00:00,0.00051299,12.431745,0.00015497,0.1525724,292.22992,2694.1199,7871.312,spacetrack,2026-09-19 08:06:08.316000+00:00,292.27026,7871.4478,0.00050052,25.104769722222223,-0.038564783135348085,-0.12982393529447286,250-300,quiet_control_2,7.409244586777341
28983,2026-09-21 16:06:15.381000+00:00,0.00046556,12.432129,0.00013978,0.1525563,292.2191,2693.806,7871.1494,spacetrack,2026-09-20 09:12:25.487000+00:00,292.22992,7871.312,0.00051299,30.89719277777778,-0.008404647045668729,-0.1263027365644197,250-300,quiet_control_2,3.255548378028662
28983,2026-09-22 21:04:10.159000+00:00,0.00046586,12.432484,0.00013993,0.1525437,292.19153,2693.5344,7871.0,spacetrack,2026-09-21 16:06:15.381000+00:00,292.2191,7871.1494,0.00046556,28.96521611111111,-0.022843951775205068,-0.12378985836844333,250-300,quiet_control_2,2.9345515844684895
28983,2026-09-23 20:14:27.701000+00:00,0.00050223,12.432776,0.00015167,0.152534,292.16327,2693.316,7870.8765,spacetrack,2026-09-22 21:04:10.159000+00:00,292.19153,7871.0,0.00046586,23.171539444444445,-0.02927039015365661,-0.12791554083400822,250-300,quiet_control_2,3.0312057025127883
28983,2026-09-24 07:49:35.726000+00:00,0.00049085,12.43291,0.00014805,0.15253,292.14688,2693.2192,7870.82,spacetrack,2026-09-23 20:14:27.701000+00:00,292.16327,7870.8765,0.00050223,11.5855625,-0.03395260264661554,-0.11704222388980415,250-300,secondary_active_sep2,10.526264046307636
32203,2026-09-21 04:01:09.741000+00:00,0.00050036,15.695832,0.00070844,0.0078481,307.20715,412.9717,6738.2266,celestrak:debris,2026-09-20 23:25:44.441000+00:00,307.06906,6738.3125,0.00048179,4.590361111111111,0.7219824148428724,-0.44911499337399435,300-350,quiet_control_2,5.307086709469722
32203,2026-09-24 03:55:28.550000+00:00,0.00058758,15.700126,0.00084741,0.0077976,306.3286,411.39343,6736.998,celestrak:debris,2026-09-23 23:20:07.778000+00:00,306.38547,6737.088,0.00059064,4.589103333333334,-0.29741757830689175,-0.47068018371130427,300-350,secondary_active_sep2,12.487932283067645
34861,2026-09-18 12:28:36.731000+00:00,0.0048186,15.811812,0.0108062,0.0023041,311.64954,342.5486,6705.236,celestrak:debris,2026-09-17 04:21:54.822000+00:00,318.9632,6712.6284,0.0046591,32.11164138888889,-5.466174645956732,-5.525024331561655,300-350,quiet_control_2,7.356809834342789
34861,2026-09-19 12:45:17.434000+00:00,0.005252,15.833005,0.01303171,0.0023174,305.5896,336.63928,6699.2515,celestrak:debris,2026-09-18 12:28:36.731000+00:00,311.64954,6705.236,0.0048186,24.277973055555552,-5.990556117151582,-5.915979874898294,300-350,quiet_control_2,6.058926219392079
34861,2026-09-21 20:19:30.674000+00:00,0.0053145,15.896565,0.01570501,0.0022297,288.3476,318.14255,6681.382,celestrak:debris,2026-09-19 12:45:17.434000+00:00,305.5896,6699.2515,0.005252,55.570344444444444,-7.446561725268742,-7.717569582977313,300-350,quiet_control_2,4.777205287952348
34861,2026-09-23 19:01:34.154000+00:00,0.0057789,15.978733,0.02495242,0.0020541,266.64316,293.99744,6658.4575,celestrak:debris,2026-09-21 20:19:30.674000+00:00,288.3476,6681.382,0.0053145,46.700966666666666,-11.154085175967081,-11.781083760578404,250-300,quiet_control_2,3.0868081245998478
37363,2026-09-18 22:53:22.631000+00:00,0.00030847,15.741003,0.00054876,0.008686,288.77628,405.6087,6725.3296,spacetrack,2026-09-17 22:28:41.614000+00:00,288.9083,6725.62,0.00033089,24.411393611111112,-0.1297951297036194,-0.2855060268588856,250-300,quiet_control_2,5.449655413068331
37363,2026-09-19 21:46:25.721000+00:00,0.00032326,15.742034,0.00057775,0.0086641,288.63248,405.16525,6725.0356,spacetrack,2026-09-18 22:53:22.631000+00:00,288.77628,6725.3296,0.00030847,22.884191666666666,-0.15081153183256296,-0.3083351207145627,250-300,quiet_control_2,7.048758913995578
37363,2026-09-20 22:10:55.028000+00:00,0.00027845,15.743115,0.00049828,0.0086439,288.463,404.71878,6724.728,spacetrack,2026-09-19 21:46:25.721000+00:00,288.63248,6725.0356,0.00032326,24.408140833333334,-0.16664603944124579,-0.302456465259343,250-300,quiet_control_2,5.9031509830844575
37363,2026-09-21 21:03:47.133000+00:00,0.00030152,15.744108,0.00054235,0.0086211,288.33615,404.2804,6724.4453,spacetrack,2026-09-20 22:10:55.028000+00:00,288.463,6724.728,0.00027845,22.881140277777778,-0.13305280956464666,-0.2965236835938377,250-300,quiet_control_2,2.9538586272622265
37363,2026-09-22 19:56:33.967000+00:00,0.00031844,15.745145,0.00057555,0.0085993,288.19022,403.83618,6724.1504,spacetrack,2026-09-21 21:03:47.133000+00:00,288.33615,6724.4453,0.00030152,22.879676111111113,-0.15307559350887423,-0.3093400433478942,250-300,quiet_control_2,3.3878470550415964
37363,2026-09-23 21:52:16.250000+00:00,0.00035395,15.74641,0.00064396,0.0085745,287.9998,403.30606,6723.79,spacetrack,2026-09-22 19:56:33.967000+00:00,288.19022,6724.1504,0.00031844,25.928411944444445,-0.17625761306911145,-0.3335954403433824,250-300,quiet_control_2,3.216501561248507
37363,2026-09-24 05:29:48.367000+00:00,0.00032768,15.74681,0.00059644,0.0085709,287.91113,403.16705,6723.6763,spacetrack,2026-09-23 21:52:16.250000+00:00,287.9998,6723.79,0.00035395,7.625588055555555,-0.2790709364963802,-0.357847811882402,250-300,secondary_active_sep2,10.522969977142381
38248,2026-09-18 21:36:51.526000+00:00,0.0004656,15.788891,0.00082405,0.0003512,331.22998,335.9443,6711.724,spacetrack,2026-09-17 16:42:43.239000+00:00,331.81058,6712.306,0.00047698,28.902301944444442,-0.4821207676393592,-0.48328330479818793,300-350,quiet_control_2,5.733169667656325
38248,2026-09-20 16:12:02.622000+00:00,0.00046366,15.791754,0.00083131,0.0003598,330.36124,335.1904,6710.9126,spacetrack,2026-09-18 21:36:51.526000+00:00,331.22998,6711.724,0.0004656,42.586415555555554,-0.48958710725021637,-0.45727257732241056,300-350,quiet_control_2,7.014339575264663
38248,2026-09-21 15:00:41.888000+00:00,0.00047356,15.793326,0.00085536,0.0003605,329.9113,334.74954,6710.4673,spacetrack,2026-09-20 16:12:02.622000+00:00,330.36124,6710.9126,0.00046366,22.810907222222223,-0.4733945868439969,-0.4685127117423176,300-350,quiet_control_2,3.315160318164559
38248,2026-09-22 16:51:40.039000+00:00,0.00046611,15.795211,0.000849,0.0003499,329.44873,334.14435,6709.9336,spacetrack,2026-09-21 15:00:41.888000+00:00,329.9113,6710.4673,0.00047356,25.849486388888888,-0.4294739103509321,-0.49551468092242645,300-350,quiet_control_2,2.8843936626249964
38248,2026-09-23 17:11:14.048000+00:00,0.0004495,15.796983,0.00082501,0.0003306,329.07678,333.51306,6709.432,spacetrack,2026-09-22 16:51:40.039000+00:00,329.44873,6709.9336,0.00046611,24.32611361111111,-0.3669636729774733,-0.49487559716540874,300-350,quiet_control_2,2.7533514766921314
38248,2026-09-24 02:18:31.816000+00:00,0.00053154,15.797696,0.00098076,0.0003369,328.83264,333.3533,6709.23,spacetrack,2026-09-23 17:11:14.048000+00:00,329.07678,6709.432,0.0004495,9.12160222222222,-0.6423608328067991,-0.5314855747814373,300-350,secondary_active_sep2,8.010748355369342
39265,2026-09-18 21:52:57.421000+00:00,0.00031544,15.318515,0.00031945,0.0268666,286.2946,654.2824,6848.4253,spacetrack,2026-09-17 22:21:59.274000+00:00,286.37057,6848.6,0.00036713,23.516151944444445,-0.0775330931823798,-0.17829447649074892,250-300,quiet_control_2,5.442961797876346
39265,2026-09-19 22:57:55.617000+00:00,0.00032686,15.319164,0.00033134,0.0268466,286.2431,653.9466,6848.232,spacetrack,2026-09-18 21:52:57.421000+00:00,286.2946,6848.4253,0.00031544,25.082832222222223,-0.04927673195152113,-0.18495519002386357,250-300,quiet_control_2,6.956829746631926
39265,2026-09-20 22:28:46.465000+00:00,0.00030722,15.319773,0.0003118,0.0268213,286.24008,653.58734,6848.051,spacetrack,2026-09-19 22:57:55.617000+00:00,286.2431,6848.232,0.00032686,23.514124444444445,-0.003082402671314548,-0.184740027648207,250-300,quiet_control_2,5.874154479822813
39265,2026-09-21 18:51:27.641000+00:00,0.00029815,15.320298,0.00030274,0.0267959,286.2615,653.2525,6847.894,spacetrack,2026-09-20 22:28:46.465000+00:00,286.24008,6848.051,0.00030722,20.378104444444446,0.025227076512554708,-0.1849043423187927,250-300,quiet_control_2,3.2427798049475105
39265,2026-09-22 19:56:14.974000+00:00,0.00029186,15.320891,0.00029691,0.0267829,286.17853,652.982,6847.7173,spacetrack,2026-09-21 18:51:27.641000+00:00,286.2615,6847.894,0.00029815,25.07981472222222,-0.07939771573493085,-0.16909215825434218,250-300,quiet_control_2,3.1025938267552986
39265,2026-09-23 17:52:53.325000+00:00,0.0003037,15.321423,0.00030919,0.0267679,286.12726,652.7168,6847.559,spacetrack,2026-09-22 19:56:14.974000+00:00,286.17853,6847.7173,0.00029186,21.943986388888888,-0.056073676778441724,-0.17313171511649217,250-300,quiet_control_2,2.7265765711995686
39265,2026-09-24 06:25:13.875000+00:00,0.00033685,15.32177,0.00034277,0.0267542,286.1202,652.5166,6847.4556,spacetrack,2026-09-23 17:52:53.325000+00:00,286.12726,6847.559,0.0003037,12.539041666666668,-0.013512994414050478,-0.19790986153241336,250-300,secondary_active_sep2,9.144508651312401
39267,2026-09-18 22:25:55.749000+00:00,0.00017906,14.820358,9.73e-05,0.0452805,305.89453,939.91595,7001.042,spacetrack,2026-09-17 22:07:40.370000+00:00,305.8402,7001.096,0.00018029,24.304271944444444,0.05364982760974616,-0.05332395897078135,300-350,quiet_control_2,5.490474691240551
39267,2026-09-19 21:06:57.191000+00:00,0.0001707,14.8205185,9.273e-05,0.0452695,305.92343,939.78625,7000.9917,spacetrack,2026-09-18 22:25:55.749000+00:00,305.89453,7001.042,0.00017906,22.683733888888888,0.030576976585863558,-0.053218751636398304,300-350,quiet_control_2,7.058026871482383
39267,2026-09-20 21:25:10.633000+00:00,0.00013901,14.820676,7.554e-05,0.0452574,305.96085,939.6497,7000.9424,spacetrack,2026-09-19 21:06:57.191000+00:00,305.92343,7000.9917,0.0001707,24.30373388888889,0.03695234666844825,-0.048683877358167746,300-350,quiet_control_2,5.965468657639506
39267,2026-09-21 21:43:23.255000+00:00,0.00014169,14.820836,7.695e-05,0.0452452,305.99808,939.5116,7000.8916,spacetrack,2026-09-20 21:25:10.633000+00:00,305.96085,7000.9424,0.00013901,24.303506111111112,0.036765065744651326,-0.05016560139206212,300-350,quiet_control_2,3.0422421561443205
39267,2026-09-22 22:01:35.105000+00:00,0.00016435,14.821,8.915e-05,0.045232,306.04123,939.36523,7000.8403,spacetrack,2026-09-21 21:43:23.255000+00:00,305.99808,7000.8916,0.00014169,24.303291666666667,0.0426115118150696,-0.05065980431328365,300-350,quiet_control_2,3.3108116927462388
39267,2026-09-23 22:19:46.019000+00:00,0.00017284,14.821179,9.369e-05,0.045219,306.0783,939.2152,7000.7837,spacetrack,2026-09-22 22:01:35.105000+00:00,306.04123,7000.8403,0.00016435,24.30303166666667,0.03660777849460402,-0.05589426120283124,300-350,quiet_control_2,3.2875505106736003
39267,2026-09-24 04:48:36.752000+00:00,0.00016654,14.821224,9.027e-05,0.0452159,306.08667,939.1789,7000.7695,spacetrack,2026-09-23 22:19:46.019000+00:00,306.0783,7000.7837,0.00017284,6.480759166666667,0.030996368609643304,-0.05258643180936745,300-350,secondary_active_sep2,11.004140075667573
39269,2026-09-18 14:53:42.992000+00:00,0.0002024,14.939707,0.00012194,0.0405362,303.2874,867.8518,6963.7065,spacetrack,2026-09-17 19:36:21.115000+00:00,303.27667,6963.762,0.00021095,19.289410277777776,0.013350330377693183,-0.06905343298763895,300-350,quiet_control_2,6.327338847710007
39269,2026-09-19 15:00:24.303000+00:00,0.0002112,14.939951,0.00012724,0.040525,303.2926,867.6949,6963.631,spacetrack,2026-09-18 14:53:42.992000+00:00,303.2874,6963.7065,0.0002024,24.111475277777778,0.00517595869030343,-0.07515093867641105,300-350,quiet_control_2,6.360236218091222
39269,2026-09-20 15:07:04.356000+00:00,0.00022942,14.940218,0.00013828,0.0405176,303.26437,867.5568,6963.5474,spacetrack,2026-09-19 15:00:24.303000+00:00,303.2926,6963.631,0.0002112,24.111125833333332,-0.02809989067634175,-0.08321469573289565,300-350,quiet_control_2,6.975835533187981
39269,2026-09-22 15:20:20.343000+00:00,0.00025182,14.940787,0.0001521,0.0405123,303.1315,867.3358,6963.3706,spacetrack,2026-09-20 15:07:04.356000+00:00,303.26437,6963.5474,0.00022942,48.221107499999995,-0.06613037661980793,-0.08799466084441208,300-350,quiet_control_2,3.064657923227223
39269,2026-09-23 07:24:44.313000+00:00,0.0002499,14.940992,0.00015104,0.0405089,303.09412,867.2459,6963.307,spacetrack,2026-09-22 15:20:20.343000+00:00,303.1315,6963.3706,0.00025182,16.073325,-0.05581421392281907,-0.094964794154896,300-350,quiet_control_2,2.538844068251798
39269,2026-09-24 07:31:18.932000+00:00,0.00028659,14.941333,0.0001733,0.0404986,303.06427,867.0641,6963.201,spacetrack,2026-09-23 07:24:44.313000+00:00,303.09412,6963.307,0.0002499,24.10961638888889,-0.029714284476506363,-0.10551806212755979,300-350,secondary_active_sep2,6.8024419117503125
39270,2026-09-21 08:07:22.765000+00:00,0.00017288,14.575243,7.417e-05,0.0546164,314.5323,1087.8258,7079.316,spacetrack,2026-09-19 23:10:10.060000+00:00,314.54962,7079.381,0.00017556,32.95352916666667,-0.012614126939098285,-0.04733939093813974,300-350,quiet_control_2,5.378155796076637
39270,2026-09-22 22:01:07.886000+00:00,0.00017914,14.575472,7.689e-05,0.0546115,314.49713,1087.7131,7079.242,spacetrack,2026-09-21 08:07:22.765000+00:00,314.5323,7079.316,0.00017288,37.89586694444445,-0.022273669084738844,-0.04686526904357066,300-350,quiet_control_2,2.897693072231176
39270,2026-09-23 21:05:07.910000+00:00,0.00019165,14.575619,8.227e-05,0.0546099,314.46338,1087.6516,7079.1943,spacetrack,2026-09-22 22:01:07.886000+00:00,314.49713,7079.242,0.00017914,23.066673333333334,-0.03511559678745654,-0.049630043459605255,300-350,quiet_control_2,3.141181678849226
39270,2026-09-24 00:22:50.691000+00:00,0.0001951,14.575641,8.374e-05,0.0546098,314.4572,1087.6432,7079.187,spacetrack,2026-09-23 21:05:07.910000+00:00,314.46338,7079.1943,0.00019165,3.295216944444445,-0.04501069352941685,-0.053167971322953866,300-350,secondary_active_sep2,7.039909528802731
39473,2026-09-19 17:07:30.816000+00:00,0.0012997,16.22144,0.03042574,0.0008167,208.35378,219.12094,6591.8745,spacetrack,2026-09-17 13:11:14.949000+00:00,231.20303,6616.861,0.0013105,51.937740833333336,-10.558449235590393,-11.546054764383031,200-250,quiet_control_2,6.660649210948705
40969,2026-09-18 03:31:26.293000+00:00,0.0012746,15.656422,0.00134916,0.0033157,349.01306,393.77188,6749.5293,spacetrack,2026-09-17 02:59:37.296000+00:00,349.5996,6750.2236,0.001321,24.530276944444445,-0.5738606226045255,-0.6792911485565811,300-350,quiet_control_2,7.613546001434033
40969,2026-09-20 03:02:30.053000+00:00,0.00099267,15.660417,0.00106307,0.0032879,348.05664,392.43265,6748.382,spacetrack,2026-09-18 03:31:26.293000+00:00,349.01306,6749.5293,0.0012746,47.51771111111111,-0.4830636716976072,-0.5794723558049161,300-350,quiet_control_2,6.312539511583283
40969,2026-09-21 20:25:03.895000+00:00,0.00096968,15.6640835,0.00105389,0.0032885,347.0027,391.37988,6747.328,spacetrack,2026-09-20 03:02:30.053000+00:00,348.05664,6748.382,0.00099267,41.376067222222225,-0.611333113515803,-0.6113679162429992,300-350,quiet_control_2,4.117713224208074
40969,2026-09-22 17:52:05.612000+00:00,0.00094981,15.665957,0.00104,0.0032903,346.4543,390.85223,6746.79,spacetrack,2026-09-21 20:25:03.895000+00:00,347.0027,6747.328,0.00096968,21.450476944444446,-0.6135807625204875,-0.6019446576154248,300-350,quiet_control_2,3.338139140314634
40969,2026-09-23 21:26:36.818000+00:00,0.0010443,15.668415,0.00115676,0.0032829,345.801,390.09442,6746.0845,spacetrack,2026-09-22 17:52:05.612000+00:00,346.4543,6746.79,0.00094981,27.575335000000003,-0.568595086877459,-0.6140269918751919,300-350,quiet_control_2,3.1570491044502873
40969,2026-09-24 02:02:20.445000+00:00,0.0011494,15.668933,0.00127791,0.003278,345.68607,389.9124,6745.936,spacetrack,2026-09-23 21:26:36.818000+00:00,345.801,6746.0845,0.0010443,4.595451944444444,-0.600228232902091,-0.775549400383649,300-350,secondary_active_sep2,9.993320509462647
41892,2026-09-18 15:41:24.836000+00:00,0.00048125,16.010378,0.0027553,0.0005575,267.8365,275.2509,6649.6807,spacetrack,2026-09-17 15:44:38.860000+00:00,269.53864,6651.1587,0.00049329,23.946104444444444,-1.705971010640826,-1.4813265381973713,250-300,quiet_control_2,6.28712009478322
41892,2026-09-19 23:06:26.552000+00:00,0.00045561,16.017458,0.00272014,0.0006067,265.55087,273.61722,6647.721,spacetrack,2026-09-18 15:41:24.836000+00:00,267.8365,6649.6807,0.00048125,31.417143333333332,-1.746025073571848,-1.497042538240793,250-300,quiet_control_2,6.330407648280066
41892,2026-09-20 23:02:04.562000+00:00,0.00042036,16.023115,0.00259613,0.000653,263.67902,272.3589,6646.156,spacetrack,2026-09-19 23:06:26.552000+00:00,265.55087,6647.721,0.00045561,23.927225,-1.877543258777392,-1.569759970075527,250-300,quiet_control_2,5.829934264792048
41892,2026-09-21 22:57:11.182000+00:00,0.00046454,16.029192,0.00297571,0.0006797,261.82306,270.85556,6644.476,spacetrack,2026-09-20 23:02:04.562000+00:00,263.67902,6646.156,0.00042036,23.918505555555555,-1.862283573551005,-1.6857240476983668,250-300,quiet_control_2,3.078249523671931
41892,2026-09-22 21:22:06.227000+00:00,0.00045968,16.035023,0.00305065,0.0007129,259.9926,269.46402,6642.865,spacetrack,2026-09-21 22:57:11.182000+00:00,261.82306,6644.476,0.00046454,22.41529027777778,-1.9598693327452934,-1.7248940130089685,250-300,quiet_control_2,3.227246121493581
41892,2026-09-23 22:45:43.916000+00:00,0.00048411,16.042046,0.00335345,0.0007381,257.88803,267.69138,6640.927,spacetrack,2026-09-22 21:22:06.227000+00:00,259.9926,6642.865,0.00045968,25.3938025,-1.9890554004269037,-1.8316280123861894,250-300,quiet_control_2,3.3263235849245767
41892,2026-09-24 06:13:43.916000+00:00,0.00053118,16.044153,0.00372739,0.0007505,257.22418,267.19135,6640.3447,spacetrack,2026-09-23 22:45:43.916000+00:00,257.88803,6640.927,0.00048411,7.466666666666667,-2.1338035714286514,-1.8716785714286743,250-300,secondary_active_sep2,11.097293303571428
43879,2026-09-19 02:33:49.224000+00:00,0.0011229,16.007116,0.00593785,0.0009429,266.17584,278.7175,6650.5835,spacetrack,2026-09-17 19:02:28.663000+00:00,270.5428,6654.7363,0.0011554,31.522378055555556,-3.324845600648736,-3.1617919125372183,250-300,quiet_control_2,5.958474579624258
43879,2026-09-24 06:48:23.648000+00:00,0.0013451,16.089575,0.01161182,0.001089,242.48718,256.92264,6627.842,spacetrack,2026-09-21 19:00:30.920000+00:00,255.47984,6640.436,0.0011826,59.79798,-5.214621631031684,-5.054618901842524,250-300,secondary_active_sep2,4.316174782715625
44408,2026-09-18 02:47:15.699000+00:00,0.00044619,15.757037,0.00068518,0.0005228,339.11584,346.14307,6720.7666,spacetrack,2026-09-17 02:24:01.506000+00:00,339.35696,6721.104,0.00044019,24.387275833333334,-0.23729095613421758,-0.33204200646880677,300-350,quiet_control_2,7.8204671691668715
44408,2026-09-19 09:16:09.482000+00:00,0.0004012,15.758384,0.00061907,0.0005166,338.7748,345.71832,6720.384,spacetrack,2026-09-18 02:47:15.699000+00:00,339.11584,6720.7666,0.00044619,30.48160638888889,-0.2685212811809914,-0.30124396604455284,300-350,quiet_control_2,6.286425175007407
44408,2026-09-20 15:44:53.233000+00:00,0.00035705,15.759861,0.00055391,0.0004995,338.46988,345.18314,6719.9634,spacetrack,2026-09-19 09:16:09.482000+00:00,338.7748,6720.384,0.0004012,30.478819722222223,-0.24010378573371327,-0.3311939271929608,300-350,quiet_control_2,6.599656404382311
44408,2026-09-21 10:02:02.693000+00:00,0.0003612,15.760676,0.0005624,0.0004875,338.31894,344.87067,6719.732,spacetrack,2026-09-20 15:44:53.233000+00:00,338.46988,6719.9634,0.00035705,18.285961111111114,-0.19810607591189805,-0.30370840046342784,300-350,quiet_control_2,3.3690328463882273
44408,2026-09-22 16:30:30.707000+00:00,0.00036166,15.762121,0.0005667,0.0004785,337.96902,344.3994,6719.3213,spacetrack,2026-09-21 10:02:02.693000+00:00,338.31894,6719.732,0.0003612,30.47444833333333,-0.27557775314390226,-0.3234447394155835,300-350,quiet_control_2,2.901556872590912
44408,2026-09-23 16:53:09.818000+00:00,0.00036172,15.76328,0.00056967,0.0004667,337.71918,343.9907,6718.9917,spacetrack,2026-09-22 16:30:30.707000+00:00,337.96902,6719.3213,0.00036166,24.377530833333335,-0.24597076877864593,-0.32449553870255576,300-350,quiet_control_2,2.753871709115194
44408,2026-09-24 03:33:02.264000+00:00,0.00041729,15.763905,0.00065989,0.0004528,337.635,343.71957,6718.8145,spacetrack,2026-09-23 16:53:09.818000+00:00,337.71918,6718.9917,0.00036172,10.664568333333335,-0.1894422668459389,-0.3987784471958028,300-350,secondary_active_sep2,8.37328577606126
44499,2026-09-19 09:47:07.024000+00:00,0.00048886,15.753822,0.00076371,0.0008449,337.8647,349.223,6721.6807,spacetrack,2026-09-17 21:15:36.479000+00:00,338.5357,6722.3013,0.00059329,36.525151388888894,-0.4409016633097028,-0.4077847574517,300-350,quiet_control_2,6.4499451956792795
44499,2026-09-20 16:13:07.745000+00:00,0.00051775,15.755822,0.00081698,0.0008771,337.07986,348.87006,6721.112,spacetrack,2026-09-19 09:47:07.024000+00:00,337.8647,6721.6807,0.00048886,30.433533611111113,-0.6189277998636271,-0.4484789763293307,300-350,quiet_control_2,6.555637489826305
44499,2026-09-21 13:31:11.977000+00:00,0.00046576,15.757227,0.00073823,0.0008649,336.7628,348.38828,6720.7124,spacetrack,2026-09-20 16:13:07.745000+00:00,337.07986,6721.112,0.00051775,21.301175555555556,-0.3572309885035735,-0.45022867282516754,300-350,quiet_control_2,3.3388929421631293
44499,2026-09-22 19:56:49.306000+00:00,0.00052196,15.759206,0.00083617,0.0008554,336.26434,347.76117,6720.15,spacetrack,2026-09-21 13:31:11.977000+00:00,336.7628,6720.7124,0.00046576,30.42703583333333,-0.3931713909146166,-0.4436054853963174,300-350,quiet_control_2,2.9014034749742708
44499,2026-09-23 08:07:00.220000+00:00,0.0004565,15.760026,0.0007324,0.0008633,335.97836,347.58096,6719.9165,spacetrack,2026-09-22 19:56:49.306000+00:00,336.26434,6720.15,0.00052196,12.169698333333333,-0.5639843989559216,-0.46048799620901104,300-350,quiet_control_2,2.3330378818392146
44741,2026-09-18 20:00:01.999000+00:00,0.00034755,15.910408,0.0010922,0.0006303,295.16028,303.57794,6677.506,spacetrack,2026-09-17 14:00:03+00:00,296.30667,6678.6465,0.00066368,29.999721944444442,-0.9171205003483387,-0.9124084566742932,250-300,quiet_control_2,6.199696323111291
44741,2026-09-19 20:00:01.999000+00:00,0.00038393,15.913381,0.00122934,0.0006287,294.3398,302.73508,6676.6743,spacetrack,2026-09-18 20:00:01.999000+00:00,295.16028,6677.506,0.00034755,24.0,-0.820479999999975,-0.8317000000006374,250-300,quiet_control_2,6.875069409722222
44741,2026-09-20 16:00:02+00:00,0.00051145,15.91594,0.00167192,0.0006606,293.41165,302.23193,6675.959,spacetrack,2026-09-19 20:00:01.999000+00:00,294.3398,6676.6743,0.00038393,20.00000027777778,-1.1137799845308531,-0.8583599880781447,250-300,quiet_control_2,6.9998888750015436
44741,2026-09-21 16:00:02+00:00,0.00046016,15.919228,0.00152726,0.0006656,292.4598,301.34564,6675.0396,spacetrack,2026-09-20 16:00:02+00:00,293.41165,6675.959,0.00051145,24.0,-0.9518500000000358,-0.9193999999997686,250-300,quiet_control_2,3.25
44741,2026-09-22 16:00:02+00:00,0.00044497,15.922665,0.00150297,0.000667,291.49045,300.39368,6674.079,spacetrack,2026-09-21 16:00:02+00:00,292.4598,6675.0396,0.00046016,24.0,-0.9693499999999631,-0.9606000000003405,250-300,quiet_control_2,2.916689814814815
44741,2026-09-23 16:00:02+00:00,0.00044544,15.926091,0.00153228,0.0006555,290.6105,299.35895,6673.1216,spacetrack,2026-09-22 16:00:02+00:00,291.49045,6674.079,0.00044497,24.0,-0.879950000000008,-0.9573999999993248,250-300,quiet_control_2,2.75
44741,2026-09-24 08:00:02+00:00,0.0005275,15.928418,0.00184387,0.0006691,289.87024,298.79935,6672.4717,spacetrack,2026-09-23 16:00:02+00:00,290.6105,6673.1216,0.00044544,16.0,-1.110389999999967,-0.9748500000005151,250-300,secondary_active_sep2,9.000416666666666
44748,2026-09-18 18:03:17.998000+00:00,0.00036025,15.735767,0.00051082,0.0001779,347.48764,349.88107,6726.8213,spacetrack,2026-09-17 11:34:04.596000+00:00,347.99408,6727.1475,0.00042285,30.487056111111112,-0.398679359387874,-0.2567909466718566,300-350,quiet_control_2,6.978612088944633
44748,2026-09-19 21:29:28.853000+00:00,0.00034122,15.736845,0.00048562,0.0001981,347.04477,349.7098,6726.514,spacetrack,2026-09-18 18:03:17.998000+00:00,347.48764,6726.8213,0.00036025,27.43634861111111,-0.3874014049994553,-0.2688112804121785,300-350,quiet_control_2,6.552733840362119
44748,2026-09-20 11:12:31.713000+00:00,0.00034105,15.7373905,0.00048653,0.0002078,346.82394,349.61942,6726.359,spacetrack,2026-09-19 21:29:28.853000+00:00,347.04477,6726.514,0.00034122,13.717461111111112,-0.3863630417517944,-0.2711872094888388,300-350,quiet_control_2,8.36002655577259
44748,2026-09-21 17:41:25.179000+00:00,0.00032866,15.738615,0.00047105,0.0002287,346.33447,349.41095,6726.01,spacetrack,2026-09-20 11:12:31.713000+00:00,346.82394,6726.359,0.00034105,30.481518333333334,-0.38539025095588003,-0.27478946122064374,300-350,quiet_control_2,3.206999941111858
44748,2026-09-22 18:04:25.759000+00:00,0.00032482,15.739597,0.00046746,0.0002467,345.9339,349.25238,6725.73,spacetrack,2026-09-21 17:41:25.179000+00:00,346.33447,6726.01,0.00032866,24.383494444444445,-0.39426998545693576,-0.2755962651426611,300-350,quiet_control_2,2.9872999130331563
44748,2026-09-23 09:18:45.793000+00:00,0.00033063,15.740222,0.00047728,0.0002569,345.68732,349.1429,6725.5522,spacetrack,2026-09-22 18:04:25.759000+00:00,345.9339,6725.73,0.00032482,15.238898333333333,-0.38834303310857454,-0.2800202420573598,300-350,quiet_control_2,2.429927312841257
44748,2026-09-24 05:07:20.458000+00:00,0.0004294,15.741186,0.00062547,0.0002667,345.34668,348.93396,6725.2773,spacetrack,2026-09-23 09:18:45.793000+00:00,345.68732,6725.5522,0.00033063,19.809629166666664,-0.4126962666094086,-0.3330501517469047,300-350,secondary_active_sep2,6.50442584284733
44753,2026-09-18 03:26:51.326000+00:00,0.00046201,15.79553,0.00086148,0.0007024,326.99326,336.41925,6709.8433,spacetrack,2026-09-17 09:13:28.704000+00:00,327.45743,6710.166,0.00038872,18.222950555555556,-0.6113214194395642,-0.42500252505113634,300-350,quiet_control_2,8.164720275967017
44753,2026-09-19 17:24:29.154000+00:00,0.00038549,15.797655,0.00072351,0.0007035,326.38464,335.82452,6709.2417,spacetrack,2026-09-18 03:26:51.326000+00:00,326.99326,6709.8433,0.00046201,37.96050777777778,-0.3847914808071048,-0.3803531840128127,300-350,quiet_control_2,6.146268049862464
44753,2026-09-20 19:13:05.399000+00:00,0.00041073,15.799247,0.00077744,0.0006902,326.02347,335.28427,6708.791,spacetrack,2026-09-19 17:24:29.154000+00:00,326.38464,6709.2417,0.00038549,25.810068055555554,-0.3358410361934164,-0.4190922696020428,300-350,quiet_control_2,6.276145511476492
44753,2026-09-21 16:28:17.643000+00:00,0.00039028,15.800556,0.00074257,0.0006995,325.59058,334.97568,6708.42,spacetrack,2026-09-20 19:13:05.399000+00:00,326.02347,6708.791,0.00041073,21.253401111111113,-0.4888328200124258,-0.41894471164651986,300-350,quiet_control_2,3.4115387858706643
44753,2026-09-22 18:16:36.938000+00:00,0.00039661,15.802147,0.0007605,0.0007153,325.03473,334.63116,6707.9697,spacetrack,2026-09-21 16:28:17.643000+00:00,325.59058,6708.42,0.00039028,25.80535972222222,-0.5169623730728731,-0.41879671960951603,300-350,quiet_control_2,2.940770734589536
44753,2026-09-23 14:00:30.956000+00:00,0.00037689,15.803441,0.0007264,0.0007224,324.6212,334.31235,6707.604,spacetrack,2026-09-22 18:16:36.938000+00:00,325.03473,6707.9697,0.00039661,19.731671666666667,-0.5029842462241569,-0.44480772578493755,300-350,quiet_control_2,2.6959203405894905
44753,2026-09-24 00:37:57.714000+00:00,0.00046839,15.804156,0.00090939,0.0007293,324.3726,334.156,6707.4014,spacetrack,2026-09-23 14:00:30.956000+00:00,324.6212,6707.604,0.00037689,10.624099444444445,-0.5615911288481208,-0.45767643887740145,300-350,secondary_active_sep2,5.408898762085927
44772,2026-09-18 11:39:51.682000+00:00,0.00057046,16.093365,0.0052689,0.0004056,245.97621,251.35187,6626.8013,spacetrack,2026-09-17 22:14:54.102000+00:00,247.5091,6628.3433,0.00061979,13.415994444444445,-2.7422014933253034,-2.7584984589296617,200-250,quiet_control_2,6.838917684902639
44772,2026-09-19 14:28:54.443000+00:00,0.00053772,16.105186,0.00536749,0.0003893,242.84238,247.99948,6623.558,spacetrack,2026-09-18 11:39:51.682000+00:00,245.97621,6626.8013,0.00057046,26.81743361111111,-2.804590517149199,-2.9025596232948816,200-250,quiet_control_2,6.0
44772,2026-09-20 12:48:49.063000+00:00,0.00057594,16.116396,0.006195,0.0003655,239.92964,244.76921,6620.4863,spacetrack,2026-09-19 14:28:54.443000+00:00,242.84238,6623.558,0.00053772,22.33183888888889,-3.130318123277388,-3.3011522412822676,200-250,quiet_control_2,7.270506334876638
44772,2026-09-21 12:36:59.656000+00:00,0.00046778,16.128683,0.00547059,0.0003393,236.74124,241.23163,6617.1235,spacetrack,2026-09-20 12:48:49.063000+00:00,239.92964,6620.4863,0.00057594,23.802942499999997,-3.2147958177859755,-3.39063962365145,200-250,quiet_control_2,3.3439226637164245
44772,2026-09-22 13:53:08.530000+00:00,0.00055956,16.143951,0.00726848,0.0003124,232.74785,236.87961,6612.9507,spacetrack,2026-09-21 12:36:59.656000+00:00,236.74124,6617.1235,0.00046778,25.269131666666667,-3.7928236420734462,-3.9632228491686683,200-250,quiet_control_2,2.9253752442841052
44772,2026-09-23 04:44:18.971000+00:00,0.00056944,16.153465,0.00790581,0.0003028,230.21521,234.21844,6610.354,spacetrack,2026-09-22 13:53:08.530000+00:00,232.74785,6612.9507,0.00055956,14.852900277777778,-4.092356298314406,-4.195867395221311,200-250,quiet_control_2,2.6059422625670883
44772,2026-09-24 04:29:03.013000+00:00,0.00060534,16.17032,0.0094631,0.0002821,225.75911,229.48607,6605.76,spacetrack,2026-09-23 04:44:18.971000+00:00,230.21521,6610.354,0.00056944,23.745567222222224,-4.503846928529676,-4.643224521367443,200-250,secondary_active_sep2,5.596005567916407
44927,2026-09-18 21:48:17.472000+00:00,0.00041684,15.83487,0.00093274,0.0003629,318.1573,323.01923,6698.725,spacetrack,2026-09-17 23:04:57.020000+00:00,318.46817,6699.1978,0.00045754,22.722347777777777,-0.32834987268770893,-0.4993850156226677,300-350,quiet_control_2,5.328963854625155
44927,2026-09-19 22:02:21.415000+00:00,0.00040923,15.836745,0.0009237,0.0003645,317.61807,322.50104,6698.197,spacetrack,2026-09-18 21:48:17.472000+00:00,318.1573,6698.725,0.00041684,24.23442861111111,-0.5340138283296383,-0.5228924602825594,300-350,quiet_control_2,6.990326629322563
44927,2026-09-20 22:16:15.409000+00:00,0.00036546,15.838568,0.00083037,0.0003258,317.36368,321.72787,6697.6826,spacetrack,2026-09-19 22:02:21.415000+00:00,317.61807,6698.197,0.00040923,24.231665000000003,-0.251957923650728,-0.5094821177166553,300-350,quiet_control_2,5.895100320638765
44927,2026-09-21 22:29:58.511000+00:00,0.00039346,15.84057,0.00090386,0.0002967,316.99408,320.96817,6697.118,spacetrack,2026-09-20 22:16:15.409000+00:00,317.36368,6697.6826,0.00036546,24.228639444444443,-0.3661121797754825,-0.5592720148840167,300-350,quiet_control_2,3.07132987542681
44927,2026-09-22 21:12:40.467000+00:00,0.00042625,15.842375,0.00098926,0.000277,316.61777,320.3277,6696.61,spacetrack,2026-09-21 22:29:58.511000+00:00,316.99408,6697.118,0.00039346,22.711654444444445,-0.39765663140445284,-0.5368169029623292,300-350,quiet_control_2,3.2642179695407485
44927,2026-09-23 21:26:01.274000+00:00,0.0010079,15.845503,0.0024245,0.0003182,315.46072,319.7219,6695.7285,spacetrack,2026-09-22 21:12:40.467000+00:00,316.61777,6696.61,0.00042625,24.22244638888889,-1.146424252702183,-0.8734047610357236,300-350,quiet_control_2,3.1775651227631414
44927,2026-09-24 03:29:20.943000+00:00,0.00047371,15.8449745,0.00111564,0.0002755,315.8955,319.58493,6695.8774,spacetrack,2026-09-23 21:26:01.274000+00:00,315.46072,6695.7285,0.0010079,6.0554636111111115,1.723190934688228,0.59014474027161,300-350,secondary_active_sep2,10.701118581204145
44961,2026-09-18 21:34:56.189000+00:00,0.00047617,15.805129,0.00092753,0.000107,328.27148,329.70682,6707.126,spacetrack,2026-09-17 22:49:01.748000+00:00,328.34476,6707.567,0.00049282,22.7651225,-0.07725502026181791,-0.4649217240098438,300-350,quiet_control_2,5.365193107717006
44961,2026-09-19 23:22:48.779000+00:00,0.00043781,15.806809,0.00085818,8.4e-05,327.95038,329.0771,6706.651,spacetrack,2026-09-18 21:34:56.189000+00:00,328.27148,6707.126,0.00047617,25.797941666666667,-0.2987215065284613,-0.4418957197169954,300-350,quiet_control_2,6.9303067783508565
44961,2026-09-20 22:08:26.159000+00:00,0.00037259,15.808335,0.00073344,0.0001963,326.76584,329.3987,6706.219,spacetrack,2026-09-19 23:22:48.779000+00:00,327.95038,6706.651,0.00043781,22.760383333333333,-1.2490545340844117,-0.4555283559223125,300-350,quiet_control_2,5.899773241468058
44961,2026-09-21 22:24:48.681000+00:00,0.0003722,15.812578,0.00074734,0.0001274,326.0283,327.73672,6705.0195,spacetrack,2026-09-20 22:08:26.159000+00:00,326.76584,6706.219,0.00037259,24.272922777777776,-0.7292471599755622,-1.1860129191507598,300-350,quiet_control_2,3.069478459319359
44961,2026-09-22 21:09:55.744000+00:00,0.0004244,15.814274,0.00086103,0.0001191,325.60468,327.2017,6704.54,spacetrack,2026-09-21 22:24:48.681000+00:00,326.0283,6705.0195,0.0003722,22.751961944444442,-0.44685728750892256,-0.5058025337818799,300-350,quiet_control_2,3.2713152832741663
44961,2026-09-23 22:56:53.570000+00:00,0.00047877,15.816148,0.00098216,9.57e-05,325.23203,326.51517,6704.0107,spacetrack,2026-09-22 21:09:55.744000+00:00,325.60468,6704.54,0.0004244,25.782729444444445,-0.3468833669945786,-0.4927019083598534,300-350,quiet_control_2,3.3430452034073714
45044,2026-09-18 21:00:09.948000+00:00,0.00038771,15.734421,0.0005472,0.0001322,348.1787,349.95737,6727.205,spacetrack,2026-09-17 20:36:39.453000+00:00,348.6474,6727.519,0.00044265,24.391804166666667,-0.46117129848773863,-0.30895623581243226,300-350,quiet_control_2,5.63102360372755
45044,2026-09-19 22:55:01.982000+00:00,0.00039293,15.735551,0.00055744,0.000147,347.75702,349.7347,6726.883,spacetrack,2026-09-18 21:00:09.948000+00:00,348.1787,6727.205,0.00038771,25.91445388888889,-0.3905280058530864,-0.29821195666084477,300-350,quiet_control_2,6.9261240890085
45044,2026-09-20 23:18:19.915000+00:00,0.00035211,15.736654,0.00050096,0.0002153,346.98334,349.8798,6726.5684,spacetrack,2026-09-19 22:55:01.982000+00:00,347.75702,6726.883,0.00039293,24.388314722222223,-0.7613613409327202,-0.3095908875209408,300-350,quiet_control_2,5.8109314259140925
45044,2026-09-21 22:10:04.565000+00:00,0.0003758,15.737702,0.00053774,0.0001735,346.9659,349.29993,6726.27,spacetrack,2026-09-20 23:18:19.915000+00:00,346.98334,6726.5684,0.00035211,22.862402777777778,-0.01830778698411196,-0.31324791491090526,300-350,quiet_control_2,3.0013269602628774
45044,2026-09-22 21:01:43.837000+00:00,0.00037732,15.738786,0.00054253,0.0002046,346.4482,349.20047,6725.9614,spacetrack,2026-09-21 22:10:04.565000+00:00,346.9659,6726.27,0.0003758,22.86090888888889,-0.5434954515757952,-0.32397662035243335,300-350,quiet_control_2,3.29150768186625
45044,2026-09-23 21:24:43.627000+00:00,0.0004148,15.739917,0.00060042,0.0002368,345.90945,349.0947,6725.639,spacetrack,2026-09-22 21:01:43.837000+00:00,346.4482,6725.9614,0.00037732,24.383274999999998,-0.530281514685777,-0.3173322697627938,300-350,quiet_control_2,3.173740231094196
45044,2026-09-24 06:33:19.390000+00:00,0.00044473,15.740384,0.00064587,0.0002607,345.61563,349.1223,6725.506,spacetrack,2026-09-23 21:24:43.627000+00:00,345.90945,6725.639,0.0004148,9.1432675,-0.7712428844501791,-0.34910933099085856,300-350,secondary_active_sep2,10.484006948281891
45060,2026-09-18 22:42:22.307000+00:00,0.00043537,15.7891,0.00078634,0.0003328,331.29437,335.76166,6711.665,spacetrack,2026-09-17 22:23:55.743000+00:00,331.89038,6712.079,0.00046905,24.307378888888888,-0.5884731572822142,-0.4087647642064801,300-350,quiet_control_2,5.457100966734336
45060,2026-09-19 23:00:40.667000+00:00,0.00040754,15.790585,0.00074026,0.0003546,330.72742,335.48703,6711.244,spacetrack,2026-09-18 22:42:22.307000+00:00,331.29437,6711.665,0.00043537,24.3051,-0.5598331214436671,-0.41571522026268715,300-350,quiet_control_2,6.98744707900811
45060,2026-09-20 23:18:50.561000+00:00,0.00036376,15.792122,0.00066407,0.0003602,330.25436,335.08884,6710.8086,spacetrack,2026-09-19 23:00:40.667000+00:00,330.72742,6711.244,0.00040754,24.302748333333334,-0.4671669164440624,-0.4299760610059411,300-350,quiet_control_2,5.809565182465531
45060,2026-09-21 22:05:44.942000+00:00,0.00026278,15.793267,0.00047936,0.0004224,329.51248,335.18152,6710.484,spacetrack,2026-09-20 23:18:50.561000+00:00,330.25436,6710.8086,0.00036376,22.7817725,-0.7815511282101031,-0.3419575891207782,300-350,quiet_control_2,2.9946268325795202
45060,2026-09-22 20:52:31.142000+00:00,0.00043308,15.795056,0.00080401,0.0004187,329.03082,334.64975,6709.9775,spacetrack,2026-09-21 22:05:44.942000+00:00,329.51248,6710.484,0.00026278,22.7795,-0.5074668012906096,-0.5336377005645406,300-350,quiet_control_2,3.29888125531972
45060,2026-09-23 22:41:22.507000+00:00,0.00041633,15.796719,0.00077841,0.0004564,328.30743,334.4319,6709.507,spacetrack,2026-09-22 20:52:31.142000+00:00,329.03082,6709.9775,0.00043308,25.81426805555556,-0.6725489935502351,-0.43743250731365885,300-350,quiet_control_2,3.312569615220868
45060,2026-09-24 07:47:59.317000+00:00,0.00048882,15.797403,0.00091948,0.000442,328.2103,334.14133,6709.313,spacetrack,2026-09-23 22:41:22.507000+00:00,328.30743,6709.507,0.00041633,9.110225,-0.25587951998988256,-0.511074095314674,300-350,secondary_active_sep2,11.72963812639095
45062,2026-09-18 20:00:01.999000+00:00,0.0014232,15.986528,0.00689711,0.0006275,273.97864,282.3323,6656.2925,spacetrack,2026-09-17 14:00:03+00:00,275.86423,6658.0674,0.0004808,29.999721944444442,-1.5084859814302827,-1.4199331606770695,250-300,quiet_control_2,6.199696323111291
45062,2026-09-19 20:00:01.999000+00:00,0.0020719,16.004396,0.01105011,0.0003305,271.00192,275.39847,6651.3374,spacetrack,2026-09-18 20:00:01.999000+00:00,273.97864,6656.2925,0.0014232,24.0,-2.9767200000000003,-4.95509999999922,250-300,quiet_control_2,6.875069409722222
45062,2026-09-20 12:19:58.579000+00:00,0.0021314,16.020063,0.01240917,0.0002265,267.35776,270.36887,6647.0005,spacetrack,2026-09-19 20:00:01.999000+00:00,271.00192,6651.3374,0.0020719,16.332383333333333,-5.354995545659287,-6.372958427174181,250-300,quiet_control_2,7.796071166044012
45062,2026-09-21 12:16:20.057000+00:00,0.0018286,16.042576,0.01217187,0.0001688,261.52228,263.76422,6640.7803,spacetrack,2026-09-20 12:19:58.579000+00:00,267.35776,6647.0005,0.0021314,23.939299444444444,-5.850276459635523,-6.235971956758253,250-300,quiet_control_2,3.362043233930149
45062,2026-09-22 13:40:48.848000+00:00,0.00053492,16.052479,0.00380521,0.0001693,258.7881,261.0357,6638.049,spacetrack,2026-09-21 12:16:20.057000+00:00,261.52228,6640.7803,0.0018286,25.4079975,-2.5826639820789064,-2.5799435787888823,250-300,quiet_control_2,2.9338698157713705
45062,2026-09-23 18:03:40.714000+00:00,0.00055039,16.062254,0.00416226,0.0002132,255.8036,258.63293,6635.3555,spacetrack,2026-09-22 13:40:48.848000+00:00,258.7881,6638.049,0.00053492,28.38107388888889,-2.5237945639555974,-2.277715080588105,250-300,quiet_control_2,2.7485706094474187
45062,2026-09-24 04:30:47.236000+00:00,0.0006036,16.066084,0.00467797,0.0002246,254.67355,257.6537,6634.301,spacetrack,2026-09-23 18:03:40.714000+00:00,255.8036,6635.3555,0.00055039,10.451811666666666,-2.594880281520533,-2.421398395523715,250-300,secondary_active_sep2,9.017597746610754
45100,2026-09-19 19:05:48.010000+00:00,0.00040924,15.806931,0.00080221,0.0005122,325.04443,331.9147,6706.6167,spacetrack,2026-09-17 13:58:51.853000+00:00,326.36786,6707.5815,0.000451,53.11559916666667,-0.5979847822169264,-0.43593973076268966,300-350,quiet_control_2,6.5115327309919735
45100,2026-09-20 22:24:31.684000+00:00,0.0003693,15.808666,0.00072847,0.0005252,324.46667,331.51077,6706.1255,spacetrack,2026-09-19 19:05:48.010000+00:00,325.04443,6706.6167,0.00040924,27.312131666666666,-0.5076952677744337,-0.4316323655679823,300-350,quiet_control_2,5.896836971327984
45100,2026-09-21 22:41:01.236000+00:00,0.00039819,15.810249,0.00079247,0.0005474,323.8703,331.2117,6705.678,spacetrack,2026-09-20 22:24:31.684000+00:00,324.46667,6706.1255,0.0003693,24.274875555555553,-0.5896170288183089,-0.44243275214431654,300-350,quiet_control_2,3.0806822765266038
45100,2026-09-22 19:55:19.974000+00:00,0.00038362,15.811631,0.00076792,0.0005546,323.43155,330.86905,6705.287,spacetrack,2026-09-21 22:41:01.236000+00:00,323.8703,6705.678,0.00039819,21.238538333333334,-0.495796830965186,-0.4418383154580358,300-350,quiet_control_2,3.265208771821476
45100,2026-09-23 18:40:32.560000+00:00,0.00038106,15.813124,0.00076809,0.0005618,322.96152,330.49512,6704.865,spacetrack,2026-09-22 19:55:19.974000+00:00,323.43155,6705.287,0.00038362,22.75349611111111,-0.49577963513446793,-0.445118409520626,300-350,quiet_control_2,2.82539533057838
45198,2026-09-22 05:22:37.285000+00:00,0.00033337,15.727821,0.000456,0.0001413,349.99905,351.9007,6729.087,spacetrack,2026-09-21 21:45:05.334000+00:00,349.75394,6728.998,0.00076265,7.6255419444444446,0.7714389407150317,0.2801112387266592,300-350,quiet_control_2,5.163392029950803
45198,2026-09-23 21:01:35.816000+00:00,0.00038147,15.729436,0.00052678,0.0001025,349.7995,351.17886,6728.626,spacetrack,2026-09-22 05:22:37.285000+00:00,349.99905,6729.087,0.00033337,39.64959194444444,-0.12078812832954654,-0.279044485893026,300-350,quiet_control_2,2.8506881649216362
45198,2026-09-24 04:39:03.854000+00:00,0.00039943,15.729787,0.00055287,0.0001115,349.6391,351.13956,6728.5264,spacetrack,2026-09-23 21:01:35.816000+00:00,349.7995,6728.626,0.00038147,7.624455,-0.504901661823818,-0.31351749075981705,300-350,secondary_active_sep2,10.190884681812229
45206,2026-09-18 20:00:01.999000+00:00,0.00038691,15.860959,0.00098184,0.0003552,310.86392,315.61746,6691.378,spacetrack,2026-09-17 14:00:03+00:00,311.3649,6692.16,0.00054101,29.999721944444442,-0.40078771470833174,-0.6256057984390504,300-350,quiet_control_2,6.199696323111291
45206,2026-09-19 20:00:01.999000+00:00,0.00043386,15.862965,0.00111439,0.0003352,310.43387,314.91937,6690.8135,spacetrack,2026-09-18 20:00:01.999000+00:00,310.86392,6691.378,0.00038691,24.0,-0.43004999999999427,-0.564499999999498,300-350,quiet_control_2,6.875069409722222
45206,2026-09-20 16:00:02+00:00,0.0003802,15.865115,0.00098447,0.0003164,309.95538,314.18893,6690.209,spacetrack,2026-09-19 20:00:01.999000+00:00,310.43387,6690.8135,0.00043386,20.00000027777778,-0.5741879920251932,-0.7253999899254453,300-350,quiet_control_2,6.9998888750015436
45206,2026-09-21 21:58:04.079000+00:00,0.00047088,15.867791,0.00124071,0.0002464,309.67166,312.96823,6689.457,spacetrack,2026-09-20 16:00:02+00:00,309.95538,6690.209,0.0003802,29.967244166666667,-0.22722409715520442,-0.602257581631854,300-350,quiet_control_2,2.8977602016735324
45206,2026-09-22 22:09:04.780000+00:00,0.0004501,15.870277,0.00119985,0.0003228,308.46207,312.78033,6688.7583,spacetrack,2026-09-21 21:58:04.079000+00:00,309.67166,6689.457,0.00047088,24.183528055555556,-1.2004104584455306,-0.6933975870466841,300-350,quiet_control_2,3.292116209815494
45206,2026-09-23 17:47:52.032000+00:00,0.00046963,15.872285,0.00126559,0.0002931,308.09695,312.01755,6688.1943,spacetrack,2026-09-22 22:09:04.780000+00:00,308.46207,6688.7583,0.0004501,19.646458888888887,-0.4460284700443214,-0.688979122220476,300-350,quiet_control_2,2.694601452916621
45206,2026-09-24 04:22:32.254000+00:00,0.00052902,15.873429,0.00143741,0.0002419,308.11798,311.35358,6687.8726,spacetrack,2026-09-23 17:47:52.032000+00:00,308.09695,6688.1943,0.00046963,10.577839444444445,0.04771484788086749,-0.7299033078125492,300-350,secondary_active_sep2,8.88529982834659
45223,2026-09-18 21:52:05.458000+00:00,0.0004162,15.841926,0.00096361,0.0003871,316.00684,321.19147,6696.7363,spacetrack,2026-09-17 21:38:29.881000+00:00,316.425,6697.2812,0.00050262,24.22654916666667,-0.4142496701019363,-0.5398044892836905,300-350,quiet_control_2,5.549052539089434
45223,2026-09-19 22:05:30.075000+00:00,0.00043144,15.843944,0.00100943,0.0003929,315.3997,320.66153,6696.1675,spacetrack,2026-09-18 21:52:05.458000+00:00,316.00684,6696.7363,0.0004162,24.223504722222224,-0.6015380584723091,-0.563551812858726,300-350,quiet_control_2,6.990773229357798
45223,2026-09-20 22:18:43.455000+00:00,0.00041029,15.846034,0.00096869,0.0003442,315.1371,319.74634,6695.5786,spacetrack,2026-09-19 22:05:30.075000+00:00,315.3997,6696.1675,0.00043144,24.220383333333334,-0.260210580206912,-0.583541548681534,300-350,quiet_control_2,5.8916556509221225
45223,2026-09-21 21:00:56.557000+00:00,0.00040025,15.848053,0.00095387,0.0003349,314.6308,319.1151,6695.01,spacetrack,2026-09-20 22:18:43.455000+00:00,315.1371,6695.5786,0.00041029,22.703639444444445,-0.5352093451683257,-0.6010666278145901,300-350,quiet_control_2,2.9435927318652366
45223,2026-09-22 21:13:47.340000+00:00,0.00046043,15.850213,0.00111183,0.0002899,314.3239,318.20535,6694.402,spacetrack,2026-09-21 21:00:56.557000+00:00,314.6308,6695.01,0.00040025,24.214106388888887,-0.3041863235300248,-0.6026239319201148,300-350,quiet_control_2,3.3703865548620806
45223,2026-09-23 21:26:25.735000+00:00,0.0004278,15.852445,0.0010429,0.0002894,313.6992,317.57355,6693.7734,spacetrack,2026-09-22 21:13:47.340000+00:00,314.3239,6694.402,0.00046043,24.210665277777778,-0.6192642716745379,-0.6231303364409189,300-350,quiet_control_2,3.17849347730646
45223,2026-09-24 01:58:46.650000+00:00,0.00048287,15.852886,0.00118247,0.000263,313.75186,317.27274,6693.6494,spacetrack,2026-09-23 21:26:25.735000+00:00,313.6992,6693.7734,0.0004278,4.539143055555556,0.2784314097466551,-0.6556303609670816,300-350,secondary_active_sep2,9.925107620962473
45237,2026-09-18 00:34:50.743000+00:00,0.00050211,15.819232,0.00104664,0.0004443,322.02402,327.98044,6703.139,spacetrack,2026-09-17 01:50:08.460000+00:00,322.37915,6703.605,0.00065089,22.74507861111111,-0.3747236993868108,-0.49171076482994003,300-350,quiet_control_2,8.175365090882968
45237,2026-09-19 22:03:49.042000+00:00,0.00042368,15.8223715,0.00089338,0.0003749,321.60297,326.6283,6702.2524,spacetrack,2026-09-18 00:34:50.743000+00:00,322.02402,6703.139,0.00050211,45.48286083333333,-0.22217599805405483,-0.4678333686609518,300-350,quiet_control_2,6.131917823330997
45237,2026-09-20 22:19:02.280000+00:00,0.00053488,15.824006,0.00114162,0.0003369,321.39615,325.9118,6701.791,spacetrack,2026-09-19 22:03:49.042000+00:00,321.60297,6702.2524,0.00042368,24.253677222222223,-0.20465680129746575,-0.4565740649775475,300-350,quiet_control_2,5.891373172988957
45237,2026-09-21 22:34:05.586000+00:00,0.00045096,15.825788,0.00096755,0.0003461,320.83167,325.47028,6701.288,spacetrack,2026-09-20 22:19:02.280000+00:00,321.39615,6701.791,0.00053488,24.25091833333333,-0.5586394632065855,-0.4977955817624228,300-350,quiet_control_2,3.0750131043147433
45237,2026-09-22 21:18:02.935000+00:00,0.00046099,15.827901,0.00099957,0.0003696,320.07806,325.03122,6700.6914,spacetrack,2026-09-21 22:34:05.586000+00:00,320.83167,6701.288,0.00045096,22.732596944444445,-0.7956257722864204,-0.6298620450179453,300-350,quiet_control_2,3.257936361061744
45237,2026-09-23 18:30:56.988000+00:00,0.00041812,15.829325,0.00091098,0.0002894,320.2137,324.09183,6700.2896,spacetrack,2026-09-22 21:18:02.935000+00:00,320.07806,6700.6914,0.00046099,21.21501472222222,0.15344604011001003,-0.4545459961378352,300-350,quiet_control_2,2.7901245858983024
45369,2026-09-19 16:21:11.468000+00:00,0.00040911,15.799068,0.00077326,0.0005531,326.99356,334.4149,6708.8413,spacetrack,2026-09-17 17:17:06.979000+00:00,328.543,6709.657,0.00044944,47.06791361111111,-0.7900617883181811,-0.41592665784491334,300-350,quiet_control_2,6.333873478765073
45369,2026-09-20 13:36:24.095000+00:00,0.00041894,15.800483,0.00079716,0.0004657,327.17978,333.428,6708.441,spacetrack,2026-09-19 16:21:11.468000+00:00,326.99356,6708.8413,0.00040911,21.253507499999998,0.21028434953617886,-0.4520289180506245,300-350,quiet_control_2,7.260338505956669
45369,2026-09-22 00:31:09.081000+00:00,0.00040758,15.802756,0.00078341,0.0004718,326.49582,332.82532,6707.7974,spacetrack,2026-09-20 13:36:24.095000+00:00,327.17978,6708.441,0.00041894,34.91249611111111,-0.4701766366907273,-0.4424318430520429,300-350,quiet_control_2,3.0993931685682807
45369,2026-09-23 09:54:32.047000+00:00,0.0003991,15.805045,0.000775,0.0004612,325.9196,332.10623,6707.15,spacetrack,2026-09-22 00:31:09.081000+00:00,326.49582,6707.7974,0.00040758,33.38971277777778,-0.41417786645961874,-0.4653409301070345,300-350,quiet_control_2,2.7853274519033087
45375,2026-09-19 14:18:06.998000+00:00,0.00038278,15.791786,0.00069913,0.0006984,328.07968,337.45346,6710.904,spacetrack,2026-09-17 09:08:09.744000+00:00,329.17728,6711.7617,0.0003932,53.165903888888884,-0.495475447103332,-0.38718047647623344,300-350,quiet_control_2,6.846407127659209
45375,2026-09-20 13:05:02.980000+00:00,0.00039779,15.793178,0.00073171,0.0006955,327.7053,337.0396,6710.5093,spacetrack,2026-09-19 14:18:06.998000+00:00,328.07968,6710.904,0.00038278,22.782217222222222,-0.3943918150001268,-0.41579798434973164,300-350,quiet_control_2,7.221640435884801
45375,2026-09-21 13:22:58.902000+00:00,0.00037373,15.794606,0.00069122,0.0006956,327.30045,336.63553,6710.105,spacetrack,2026-09-20 13:05:02.980000+00:00,327.7053,6710.5093,0.00039779,24.298867222222224,-0.3998704923624685,-0.3993272571624089,300-350,quiet_control_2,3.325769872994308
45375,2026-09-22 13:40:46.683000+00:00,0.00037713,15.796084,0.00070239,0.0006933,326.8975,336.20114,6709.6865,spacetrack,2026-09-21 13:22:58.902000+00:00,327.30045,6710.105,0.00037373,24.296605833333334,-0.3980309046596576,-0.41339107482308124,300-350,quiet_control_2,2.9308695964288836
45375,2026-09-23 00:18:31.279000+00:00,0.00041063,15.796742,0.00076835,0.0007062,326.62466,336.10114,6709.5,spacetrack,2026-09-22 13:40:46.683000+00:00,326.8975,6709.6865,0.00037713,10.629054444444444,-0.6160623256024377,-0.4211098949008216,300-350,quiet_control_2,2.8467357136084748
45376,2026-09-19 18:06:31.792000+00:00,0.00037421,15.744992,0.00055322,0.0005388,342.43353,349.67953,6724.1934,spacetrack,2026-09-17 08:12:54.595000+00:00,343.22095,6724.904,0.00037438,57.89366583333333,-0.3264274204781661,-0.2945814495337898,300-350,quiet_control_2,6.7772871064953435
45376,2026-09-20 13:54:44.661000+00:00,0.00038447,15.745942,0.00057105,0.0005402,342.15384,349.41837,6723.923,spacetrack,2026-09-19 18:06:31.792000+00:00,342.43353,6724.1934,0.00037421,19.803574722222223,-0.33895698600657265,-0.3276984125863842,300-350,quiet_control_2,7.321740579692479
45376,2026-09-21 15:48:27.484000+00:00,0.00037418,15.7471285,0.00055842,0.0005494,341.75443,349.1423,6723.5854,spacetrack,2026-09-20 13:54:44.661000+00:00,342.15384,6723.923,0.00038447,25.89522861111111,-0.37017784797183245,-0.3128916188258539,300-350,quiet_control_2,3.2425141641548443
45376,2026-09-22 13:07:54.097000+00:00,0.00036203,15.748118,0.0005424,0.0005956,341.16217,349.17096,6723.3037,spacetrack,2026-09-21 15:48:27.484000+00:00,341.75443,6723.5854,0.00037418,21.324059166666665,-0.6665822810236645,-0.31705033019967643,300-350,quiet_control_2,2.9848031200751297
45376,2026-09-23 13:30:01.039000+00:00,0.00040975,15.749393,0.00061882,0.0006329,340.54883,349.05872,6722.941,spacetrack,2026-09-22 13:07:54.097000+00:00,341.16217,6723.3037,0.00036203,24.368595,-0.6040627290986555,-0.35721386481305445,300-350,quiet_control_2,2.6771128417995014
45376,2026-09-24 06:15:09.506000+00:00,0.00054854,15.750237,0.00083578,0.0006119,340.44995,348.6772,6722.7007,spacetrack,2026-09-23 13:30:01.039000+00:00,340.54883,6722.941,0.00040975,16.752351944444445,-0.14165891499116892,-0.3442621083363798,300-350,secondary_active_sep2,7.47887478220927
45377,2026-09-18 20:00:01.999000+00:00,0.00067649,15.9387,0.00250765,0.0006006,287.45908,295.4706,6669.602,spacetrack,2026-09-17 14:00:03+00:00,288.55222,6670.8276,0.00051066,29.999721944444442,-0.874520105505797,-0.9804890876810732,250-300,quiet_control_2,6.199696323111291
45377,2026-09-19 20:00:01.999000+00:00,0.00064999,15.942511,0.00245803,0.0005912,286.4595,294.3444,6668.539,spacetrack,2026-09-18 20:00:01.999000+00:00,287.45908,6669.602,0.00067649,24.0,-0.9995799999999804,-1.0630000000001019,250-300,quiet_control_2,6.875069409722222
45377,2026-09-20 16:00:02+00:00,0.00049356,15.946357,0.00189749,0.0005825,285.44598,293.2136,6667.467,spacetrack,2026-09-19 20:00:01.999000+00:00,286.4595,6668.539,0.00064999,20.00000027777778,-1.2162239831079658,-1.286399982133473,250-300,quiet_control_2,6.9998888750015436
45377,2026-09-21 16:00:02+00:00,0.00049709,15.950464,0.0019546,0.0005696,284.38782,291.9821,6666.322,spacetrack,2026-09-20 16:00:02+00:00,285.44598,6667.467,0.00049356,24.0,-1.0581600000000435,-1.144999999999527,250-300,quiet_control_2,3.25
45377,2026-09-22 16:00:02+00:00,0.00050074,15.954662,0.00201509,0.0005621,283.26904,290.762,6665.1523,spacetrack,2026-09-21 16:00:02+00:00,284.38782,6666.322,0.00049709,24.0,-1.1187799999999584,-1.1697000000003754,250-300,quiet_control_2,2.916689814814815
45377,2026-09-23 16:00:02+00:00,0.00057603,15.959132,0.0023809,0.0005471,282.1252,289.41687,6663.908,spacetrack,2026-09-22 16:00:02+00:00,283.26904,6665.1523,0.00050074,24.0,-1.1438400000000115,-1.2442999999993845,250-300,quiet_control_2,2.75
45377,2026-09-24 08:00:02+00:00,0.00070352,15.961955,0.00296076,0.0005362,281.41257,288.5581,6663.1226,spacetrack,2026-09-23 16:00:02+00:00,282.1252,6663.908,0.00057603,16.0,-1.0689449999999852,-1.1781000000009954,250-300,secondary_active_sep2,9.000416666666666
45383,2026-09-18 17:23:44.447000+00:00,0.00040276,15.766737,0.00065623,0.0001961,338.55533,341.19012,6718.01,spacetrack,2026-09-17 07:55:31.461000+00:00,339.069,6718.497,0.00040405,33.47027388888889,-0.36832922374418686,-0.34920538860251094,300-350,quiet_control_2,6.932428597960051
45383,2026-09-19 17:44:07.780000+00:00,0.00039932,15.767951,0.00065409,0.0002099,338.11777,340.93787,6717.665,spacetrack,2026-09-18 17:23:44.447000+00:00,338.55533,6718.01,0.00040276,24.339814722222222,-0.43145110675031784,-0.3401833618908562,300-350,quiet_control_2,6.566617273049862
45383,2026-09-20 13:30:36.531000+00:00,0.00038545,15.769001,0.00063395,0.0002071,337.8386,340.6209,6717.3667,spacetrack,2026-09-19 17:44:07.780000+00:00,338.11777,6717.665,0.00039932,19.774653055555557,-0.3388216208485227,-0.36203922161849617,300-350,quiet_control_2,7.364357944698314
45383,2026-09-21 16:53:17.858000+00:00,0.00037481,15.770412,0.00062006,0.00019,337.5525,340.10495,6716.966,spacetrack,2026-09-20 13:30:36.531000+00:00,337.8386,6717.3667,0.00038545,27.37814638888889,-0.2507985713300912,-0.3512582577133295,300-350,quiet_control_2,3.2045996296295813
45383,2026-09-22 14:10:50.508000+00:00,0.00037319,15.771538,0.00062047,0.0002097,337.1009,339.91785,6716.6465,spacetrack,2026-09-21 16:53:17.858000+00:00,337.5525,6716.966,0.00037481,21.292402777777777,-0.5090266285640314,-0.3601284495714712,300-350,quiet_control_2,2.986267271907755
45383,2026-09-23 05:23:18.980000+00:00,0.0003606,15.77236,0.0006014,0.0002089,336.87302,339.67914,6716.413,spacetrack,2026-09-22 14:10:50.508000+00:00,337.1009,6716.6465,0.00037319,15.20790888888889,-0.359623406476118,-0.36849247591830303,300-350,quiet_control_2,2.5917973381978583
45383,2026-09-24 07:14:24.698000+00:00,0.00043888,15.773857,0.00073951,0.0002045,336.47742,339.22424,6715.988,spacetrack,2026-09-23 05:23:18.980000+00:00,336.87302,6716.413,0.0003606,25.851588333333332,-0.3672656348065799,-0.39455989583551204,300-350,secondary_active_sep2,6.337161767773607
45384,2026-09-18 20:00:01.999000+00:00,0.00075792,15.850799,0.00185743,0.0005777,312.23276,319.96725,6694.237,spacetrack,2026-09-17 07:15:20.054000+00:00,313.0585,6695.089,0.00048555,36.74498472222223,-0.5393323782773202,-0.5564841067311798,300-350,quiet_control_2,6.653105025028171
45384,2026-09-19 20:00:01.999000+00:00,0.0004355,15.853131,0.0010665,0.0005754,311.59183,319.2948,6693.58,spacetrack,2026-09-18 20:00:01.999000+00:00,312.23276,6694.237,0.00075792,24.0,-0.6409299999999689,-0.6570000000001528,300-350,quiet_control_2,6.875069409722222
45384,2026-09-20 16:00:02+00:00,0.00047473,15.85512,0.00117602,0.0005799,311.0022,318.76477,6693.0205,spacetrack,2026-09-19 20:00:01.999000+00:00,311.59183,6693.58,0.0004355,20.00000027777778,-0.707555990172833,-0.671399990675358,300-350,quiet_control_2,6.9998888750015436
45384,2026-09-21 03:33:20.251000+00:00,0.00045888,15.856104,0.00114143,0.0005655,310.82172,318.3912,6692.7437,spacetrack,2026-09-20 16:00:02+00:00,311.0022,6693.0205,0.00047473,11.555069722222221,-0.37485883721406993,-0.5749164790598725,300-350,quiet_control_2,3.653927757683851
45384,2026-09-22 02:14:41.566000+00:00,0.00044117,15.858168,0.00110769,0.0005557,310.307,317.74466,6692.1626,spacetrack,2026-09-21 03:33:20.251000+00:00,310.82172,6692.7437,0.00045888,22.689254166666668,-0.5444550935547617,-0.6146698299363665,300-350,quiet_control_2,3.106829976965969
45384,2026-09-23 06:58:48.483000+00:00,0.00042211,15.860948,0.00107351,0.0005405,309.62732,316.8607,6691.381,spacetrack,2026-09-22 02:14:41.566000+00:00,310.307,6692.1626,0.00044117,28.735254722222223,-0.567676192805259,-0.652800894974408,300-350,quiet_control_2,2.5489981881238664
45386,2026-09-18 20:00:01.999000+00:00,0.0015546,15.972935,0.00697687,0.0004733,278.7793,285.0837,6660.0684,spacetrack,2026-09-17 14:00:03+00:00,279.88434,6662.0586,0.00047642,29.999721944444442,-0.8840401937429315,-1.59217475710137,250-300,quiet_control_2,6.199696323111291
45386,2026-09-19 20:00:01.999000+00:00,0.0023782,15.991385,0.01176049,0.0002323,275.26175,278.35364,6654.945,spacetrack,2026-09-18 20:00:01.999000+00:00,278.7793,6660.0684,0.0015546,24.0,-3.5175499999999715,-5.123400000000402,250-300,quiet_control_2,6.875069409722222
45386,2026-09-20 08:00:02+00:00,0.0021601,16.002712,0.01139712,0.000152,272.65573,274.6779,6651.8037,spacetrack,2026-09-19 20:00:01.999000+00:00,275.26175,6654.945,0.0023782,12.000000277777778,-5.212039879350931,-6.282599854568087,250-300,quiet_control_2,9.166712889659424
45386,2026-09-21 02:40:59.780000+00:00,0.0021144,16.02176,0.01243137,0.0001838,267.17194,269.6152,6646.531,spacetrack,2026-09-20 08:00:02+00:00,272.65573,6651.8037,0.0021601,18.682716666666668,-7.0445301049187155,-6.773361832639109,250-300,quiet_control_2,3.644852387337197
45386,2026-09-22 05:36:37.531000+00:00,0.0015884,16.046507,0.01085781,0.0001517,260.55115,262.56564,6639.6953,spacetrack,2026-09-21 02:40:59.780000+00:00,267.17194,6646.531,0.0021144,26.927153055555557,-5.901067954423659,-6.092615868506876,250-300,quiet_control_2,3.258110588928352
45386,2026-09-23 21:56:29.757000+00:00,0.00077851,16.065727,0.00602113,0.000101,255.59196,256.93213,6634.399,spacetrack,2026-09-22 05:36:37.531000+00:00,260.55115,6639.6953,0.0015884,40.331173888888884,-2.9510809759194725,-3.1516860964718436,250-300,quiet_control_2,2.9212717559685326
45386,2026-09-24 05:24:21.633000+00:00,0.00071176,16.068336,0.00559546,9.54e-05,254.91096,256.17667,6633.6807,spacetrack,2026-09-23 21:56:29.757000+00:00,255.59196,6634.399,0.00077851,7.46441,-2.1895903360078397,-2.309519439582083,250-300,secondary_active_sep2,10.584157019777852
45387,2026-09-18 20:00:01.999000+00:00,0.00091197,15.865634,0.00242066,0.0007271,307.06174,316.79044,6690.063,spacetrack,2026-09-17 14:00:03+00:00,308.0949,6691.166,0.00064193,29.999721944444442,-0.8265356607610856,-0.8824081786165969,300-350,quiet_control_2,6.199696323111291
45387,2026-09-19 20:00:01.999000+00:00,0.00091792,15.868991,0.00247849,0.0007202,306.16507,315.80008,6689.1196,spacetrack,2026-09-18 20:00:01.999000+00:00,307.06174,6690.063,0.00091197,24.0,-0.8966699999999719,-0.9434000000001106,300-350,quiet_control_2,6.875069409722222
45387,2026-09-20 16:00:02+00:00,0.00055807,15.871737,0.00150774,0.0007163,305.4204,315.00214,6688.348,spacetrack,2026-09-19 20:00:01.999000+00:00,306.16507,6689.1196,0.00091792,20.00000027777778,-0.8936039875888837,-0.925919987140042,300-350,quiet_control_2,6.9998888750015436
45387,2026-09-21 16:00:02+00:00,0.0005468,15.874158,0.00149463,0.0007057,304.81168,314.25064,6687.668,spacetrack,2026-09-20 16:00:02+00:00,305.4204,6688.348,0.00055807,24.0,-0.6087199999999484,-0.680000000000291,300-350,quiet_control_2,3.25
45387,2026-09-22 16:00:02+00:00,0.00062259,15.876695,0.00172894,0.0007049,304.105,313.5323,6686.9556,spacetrack,2026-09-21 16:00:02+00:00,304.81168,6687.668,0.0005468,24.0,-0.7066800000000057,-0.7123999999994339,300-350,quiet_control_2,2.916689814814815
45387,2026-09-23 00:00:02+00:00,0.000443,15.87791,0.0012285,0.0007092,303.73532,313.21964,6686.6143,spacetrack,2026-09-22 16:00:02+00:00,304.105,6686.9556,0.00062259,8.0,-1.10904000000005,-1.0239000000001397,300-350,quiet_control_2,2.9999305555555558
45389,2026-09-18 20:00:01.999000+00:00,0.0006022,15.892862,0.00181321,0.0005264,300.76514,307.80038,6682.42,spacetrack,2026-09-17 22:37:29.960000+00:00,301.12396,6682.99,0.00054239,21.375566388888892,-0.40287493876547176,-0.6399830419045147,300-350,quiet_control_2,5.491165178871999
45389,2026-09-19 20:00:01.999000+00:00,0.0005481,15.895599,0.00166989,0.0005233,300.01926,307.01227,6681.653,spacetrack,2026-09-18 20:00:01.999000+00:00,300.76514,6682.42,0.0006022,24.0,-0.7458799999999997,-0.7669999999998254,300-350,quiet_control_2,6.875069409722222
45389,2026-09-20 16:00:02+00:00,0.00051545,15.898047,0.00153347,0.0005173,299.3738,306.28595,6680.967,spacetrack,2026-09-19 20:00:01.999000+00:00,300.01926,6681.653,0.0005481,20.00000027777778,-0.7745519892422822,-0.8231999885673914,300-350,quiet_control_2,6.9998888750015436
45389,2026-09-21 16:00:02+00:00,0.00056624,15.900762,0.0017118,0.0005087,298.67133,305.46777,6680.2065,spacetrack,2026-09-20 16:00:02+00:00,299.3738,6680.967,0.00051545,24.0,-0.7024700000000053,-0.7604999999994106,250-300,quiet_control_2,3.25
45389,2026-09-22 20:18:34.301000+00:00,0.0004644,15.904385,0.00142431,0.000497,297.73557,304.3747,6679.192,spacetrack,2026-09-21 16:00:02+00:00,298.67133,6680.2065,0.00056624,28.308972500000003,-0.7933258616150898,-0.86008066877049,250-300,quiet_control_2,2.9293706458457844
45389,2026-09-23 16:00:02+00:00,0.00057625,15.906614,0.00179645,0.0004992,297.09683,303.7647,6678.568,spacetrack,2026-09-22 20:18:34.301000+00:00,297.73557,6679.192,0.0004644,19.691027499999997,-0.7785149860767614,-0.7605494431407966,250-300,quiet_control_2,2.6952926910492607
45389,2026-09-24 05:29:01.453000+00:00,0.00050825,15.908674,0.00159761,0.0005123,296.43314,303.27542,6677.991,spacetrack,2026-09-23 16:00:02+00:00,297.09683,6678.568,0.00057625,13.48318138888889,-1.1813651052063292,-1.0270573094430935,250-300,secondary_active_sep2,8.110249553080049
45390,2026-09-18 20:00:01.999000+00:00,0.00068068,15.856112,0.00170819,0.0006176,310.471,318.73788,6692.741,spacetrack,2026-09-17 05:25:37.615000+00:00,311.29092,6693.633,0.00046736,38.57344,-0.5101458412835513,-0.5549932803503086,300-350,quiet_control_2,6.6221465901580645
45390,2026-09-19 20:00:01.999000+00:00,0.00071374,15.858247,0.00181228,0.0006104,309.91885,318.08862,6692.1406,spacetrack,2026-09-18 20:00:01.999000+00:00,310.471,6692.741,0.00068068,24.0,-0.5521499999999833,-0.6004000000002634,300-350,quiet_control_2,6.875069409722222
45390,2026-09-20 06:02:13.034000+00:00,0.00044834,15.859478,0.00113364,0.000611,309.5686,317.74597,6691.7944,spacetrack,2026-09-19 20:00:01.999000+00:00,309.91885,6692.1406,0.00071374,10.036398611111112,-0.837551429124614,-0.8278666802652062,300-350,quiet_control_2,9.590626008914498
45390,2026-09-21 07:44:44.358000+00:00,0.00042397,15.861881,0.00108358,0.0005982,308.97867,316.98392,6691.118,spacetrack,2026-09-20 06:02:13.034000+00:00,309.5686,6691.7944,0.00044834,25.70870111111111,-0.5507209383627875,-0.6314438030075731,300-350,quiet_control_2,3.8598851162842363
45390,2026-09-22 15:29:53.255000+00:00,0.00044618,15.864857,0.00115843,0.0005859,308.22488,316.06454,6690.2817,spacetrack,2026-09-21 07:44:44.358000+00:00,308.97867,6691.118,0.00042397,31.75247138888889,-0.5697496669922663,-0.6321145763489711,300-350,quiet_control_2,2.8660153111266573
45390,2026-09-23 21:43:58.179000+00:00,0.000487,15.86788,0.00128585,0.0005761,307.44125,315.1488,6689.432,spacetrack,2026-09-22 15:29:53.255000+00:00,308.22488,6690.2817,0.00044618,30.23470111111111,-0.6220375697078581,-0.6744832675888405,300-350,quiet_control_2,3.171937618331196
45390,2026-09-24 05:17:26.036000+00:00,0.0004935,15.868746,0.0013089,0.0005556,307.335,314.768,6689.1885,spacetrack,2026-09-23 21:43:58.179000+00:00,307.44125,6689.432,0.000487,7.557738055555555,-0.3374025378038384,-0.7732472278123252,300-350,secondary_active_sep2,10.481724084333434
45395,2026-09-18 20:00:01.999000+00:00,0.00066936,15.930022,0.00236907,0.0006669,289.43723,298.3364,6672.024,spacetrack,2026-09-17 14:00:03+00:00,290.4244,6673.206,0.0005065,29.999721944444442,-0.7897433197505774,-0.9456087643921753,250-300,quiet_control_2,6.199696323111291
45395,2026-09-19 20:00:01.999000+00:00,0.00066802,15.933622,0.00240995,0.000651,288.539,297.22467,6671.019,spacetrack,2026-09-18 20:00:01.999000+00:00,289.43723,6672.024,0.00066936,24.0,-0.8982300000000123,-1.0050000000001091,250-300,quiet_control_2,6.875069409722222
45395,2026-09-20 16:00:02+00:00,0.00055525,15.937233,0.0020365,0.0006429,287.58597,296.1623,6670.011,spacetrack,2026-09-19 20:00:01.999000+00:00,288.539,6671.019,0.00066802,20.00000027777778,-1.1436359841161816,-1.209599983199773,250-300,quiet_control_2,6.9998888750015436
45395,2026-09-21 16:00:02+00:00,0.00050246,15.941083,0.00187812,0.0006231,286.6447,294.95554,6668.937,spacetrack,2026-09-20 16:00:02+00:00,287.58597,6670.011,0.00055525,24.0,-0.9412699999999745,-1.0740000000005239,250-300,quiet_control_2,3.25
45395,2026-09-22 16:00:02+00:00,0.00056244,15.94519,0.00215379,0.000612,285.5741,293.73547,6667.792,spacetrack,2026-09-21 16:00:02+00:00,286.6447,6668.937,0.00050246,24.0,-1.070600000000013,-1.144999999999527,250-300,quiet_control_2,2.916689814814815
45395,2026-09-23 16:00:02+00:00,0.00057467,15.949304,0.00225107,0.0006,284.5084,292.50836,6666.6455,spacetrack,2026-09-22 16:00:02+00:00,285.5741,6667.792,0.00056244,24.0,-1.0656999999999925,-1.1465000000007421,250-300,quiet_control_2,2.75
45395,2026-09-24 08:00:02+00:00,0.00077566,15.952043,0.00309579,0.0005964,283.76965,291.72073,6665.8823,spacetrack,2026-09-23 16:00:02+00:00,284.5084,6666.6455,0.00057467,16.0,-1.1081249999999727,-1.1447999999991225,250-300,secondary_active_sep2,9.000416666666666
45399,2026-09-19 22:31:16.446000+00:00,0.00039869,15.768448,0.00065505,0.0005886,335.43286,343.34073,6717.524,spacetrack,2026-09-17 23:21:45.257000+00:00,336.1085,6718.2085,0.00047933,47.158663611111116,-0.3438468938330807,-0.3483559274592062,300-350,quiet_control_2,6.167780111382739
45399,2026-09-20 12:12:39.821000+00:00,0.00041387,15.769224,0.00068283,0.000588,335.2164,343.11594,6717.303,spacetrack,2026-09-19 22:31:16.446000+00:00,335.43286,6717.524,0.00039869,13.68982638888889,-0.3794818029406182,-0.38744099810614846,300-350,quiet_control_2,8.160573580847498
45399,2026-09-21 14:04:04.213000+00:00,0.00038435,15.770605,0.00063724,0.0005959,334.77148,342.7767,6716.911,spacetrack,2026-09-20 12:12:39.821000+00:00,335.2164,6717.303,0.00041387,25.856775555555558,-0.4129702861463834,-0.363850472375486,300-350,quiet_control_2,3.3399085316043107
45399,2026-09-22 09:50:20.813000+00:00,0.00039368,15.771728,0.0006563,0.000595,334.45905,342.45178,6716.5923,spacetrack,2026-09-21 14:04:04.213000+00:00,334.77148,6716.911,0.00038435,19.77127777777778,-0.3792531815231486,-0.3868642222301065,300-350,quiet_control_2,3.1092941640932557
45399,2026-09-23 08:39:01.365000+00:00,0.00035435,15.772982,0.00059296,0.0005927,334.11862,342.08005,6716.2363,spacetrack,2026-09-22 09:50:20.813000+00:00,334.45905,6716.5923,0.00039368,22.811264444444443,-0.3581704126878903,-0.3745517930768228,300-350,quiet_control_2,2.3945419168638806
45399,2026-09-24 05:56:21.149000+00:00,0.00045811,15.774267,0.0007746,0.0005842,333.81116,341.658,6715.8716,spacetrack,2026-09-23 08:39:01.365000+00:00,334.11862,6716.2363,0.00035435,21.28882888888889,-0.3466155906703,-0.4111452088634372,300-350,secondary_active_sep2,6.489418224351989
45408,2026-09-18 20:00:01.999000+00:00,0.0015659,15.955235,0.00638165,0.0005491,283.1964,290.5159,6664.993,spacetrack,2026-09-17 14:00:03+00:00,284.04404,6666.878,0.00050337,29.999721944444442,-0.6781182851518938,-1.5080139770549197,250-300,quiet_control_2,6.199696323111291
45408,2026-09-19 20:00:01.999000+00:00,0.0026326,15.973176,0.01176232,0.0002403,280.26392,283.46472,6660.0015,spacetrack,2026-09-18 20:00:01.999000+00:00,283.1964,6664.993,0.0015659,24.0,-2.932479999999998,-4.991500000000087,250-300,quiet_control_2,6.875069409722222
45408,2026-09-20 16:00:02+00:00,0.0021988,15.992015,0.01092575,0.0001571,275.58768,277.67862,6654.77,spacetrack,2026-09-19 20:00:01.999000+00:00,280.26392,6660.0015,0.0026326,20.00000027777778,-5.611487922062675,-6.277799912808177,250-300,quiet_control_2,6.9998888750015436
45408,2026-09-21 08:00:03+00:00,0.0021142,16.006962,0.01142886,0.0001125,271.74173,273.2381,6650.627,spacetrack,2026-09-20 16:00:02+00:00,275.58768,6654.77,0.0021988,16.00027777777778,-5.7688248467907925,-6.214392111248111,250-300,quiet_control_2,3.499973958785438
45408,2026-09-22 21:43:37.240000+00:00,0.002359,16.042618,0.01554618,0.0001024,261.95148,263.31152,6640.7686,spacetrack,2026-09-21 08:00:03+00:00,271.74173,6650.627,0.0021142,37.72617777777778,-6.228195217232017,-6.271549728511579,250-300,quiet_control_2,2.8939949154079865
45408,2026-09-23 09:41:25.906000+00:00,0.0011412,16.042631,0.00765145,4.4e-05,262.33597,262.92038,6640.765,spacetrack,2026-09-22 21:43:37.240000+00:00,261.95148,6640.7686,0.002359,11.963518333333333,0.7713249349305944,-0.007221955748536603,250-300,quiet_control_2,2.305432538820682
45408,2026-09-24 08:06:48.011000+00:00,0.001482,16.052994,0.01054373,7.62e-05,259.26422,260.27582,6637.907,spacetrack,2026-09-23 09:41:25.906000+00:00,262.33597,6640.765,0.0011412,22.422806944444442,-3.287813170877988,-3.0590282550240127,250-300,secondary_active_sep2,7.445005813463363
45414,2026-09-18 20:00:01.999000+00:00,0.00061593,15.898672,0.00184585,0.0006073,298.59763,306.71213,6680.792,spacetrack,2026-09-17 14:00:03+00:00,299.29855,6681.6704,0.00036993,29.999721944444442,-0.5607411972401679,-0.7027265132333824,250-300,quiet_control_2,6.199696323111291
45414,2026-09-19 20:00:01.999000+00:00,0.00061605,15.901341,0.00187177,0.0005944,297.93646,305.87772,6680.044,spacetrack,2026-09-18 20:00:01.999000+00:00,298.59763,6680.792,0.00061593,24.0,-0.6611699999999701,-0.748000000000502,250-300,quiet_control_2,6.875069409722222
45414,2026-09-20 09:42:18.945000+00:00,0.00046555,15.90327,0.00142027,0.0005897,297.4282,305.306,6679.504,spacetrack,2026-09-19 20:00:01.999000+00:00,297.93646,6680.044,0.00061605,13.704707222222224,-0.8900766577647632,-0.945660479268353,250-300,quiet_control_2,8.691353554798466
45414,2026-09-21 16:00:02+00:00,0.00049572,15.907062,0.00154469,0.0005701,296.49817,304.11295,6678.4424,spacetrack,2026-09-20 09:42:18.945000+00:00,297.4282,6679.504,0.00046555,30.295293055555554,-0.7367718793499684,-0.8410019323225439,250-300,quiet_control_2,3.2640490860997797
45414,2026-09-22 16:00:02+00:00,0.00051935,15.910102,0.00164591,0.000562,295.7021,303.2077,6677.592,spacetrack,2026-09-21 16:00:02+00:00,296.49817,6678.4424,0.00049572,24.0,-0.7960700000000429,-0.8504000000002634,250-300,quiet_control_2,2.916689814814815
45414,2026-09-23 16:00:02+00:00,0.00060612,15.91329,0.00195894,0.0005475,294.90738,302.21835,6676.6997,spacetrack,2026-09-22 16:00:02+00:00,295.7021,6677.592,0.00051935,24.0,-0.7947199999999839,-0.8922999999995227,250-300,quiet_control_2,2.75
45414,2026-09-24 08:00:02+00:00,0.00069381,15.915437,0.00227266,0.0005429,294.33813,301.58704,6676.0996,spacetrack,2026-09-23 16:00:02+00:00,294.90738,6676.6997,0.00060612,16.0,-0.8538750000000164,-0.9001500000008491,250-300,secondary_active_sep2,9.000416666666666
45417,2026-09-18 20:00:01.999000+00:00,0.00057612,15.787472,0.00103814,0.0003247,331.8098,336.16867,6712.1265,spacetrack,2026-09-17 07:14:18.211000+00:00,332.59937,6712.938,0.00056198,36.76216333333333,-0.5154669443193076,-0.5297838384373764,300-350,quiet_control_2,6.652799835229138
45417,2026-09-19 16:58:22.428000+00:00,0.00067565,15.789853,0.00123475,0.0003422,331.01767,335.611,6711.451,spacetrack,2026-09-18 20:00:01.999000+00:00,331.8098,6712.1265,0.00057612,20.97234138888889,-0.9064853393084533,-0.7730181241754868,300-350,quiet_control_2,7.001398243710641
45417,2026-09-20 14:14:19.474000+00:00,0.00059728,15.791574,0.00109753,0.0003383,330.5566,335.09723,6710.964,spacetrack,2026-09-19 16:58:22.428000+00:00,331.01767,6711.451,0.00067565,21.265846111111113,-0.5203498578040819,-0.54961368284778,300-350,quiet_control_2,7.2001645413539075
45417,2026-09-21 11:30:07.919000+00:00,0.0005041,15.793299,0.00093072,0.0003351,330.0896,334.58694,6710.475,spacetrack,2026-09-20 14:14:19.474000+00:00,330.5566,6710.964,0.00059728,21.263456944444446,-0.527101497620215,-0.5519328315547565,300-350,quiet_control_2,3.3179754467905913
45417,2026-09-22 13:19:08.395000+00:00,0.00053078,15.79542,0.00099056,0.0003347,329.49158,333.98315,6709.8745,spacetrack,2026-09-21 11:30:07.919000+00:00,330.0896,6710.475,0.0005041,25.816798888888886,-0.5559356937229555,-0.5582411693269167,300-350,quiet_control_2,2.9489092889948187
45417,2026-09-23 21:12:19.542000+00:00,0.00052932,15.798034,0.00099979,0.0003247,328.81888,333.17578,6709.1343,spacetrack,2026-09-22 13:19:08.395000+00:00,329.49158,6709.8745,0.00053078,31.88642972222222,-0.506321972721483,-0.5571272843890662,300-350,quiet_control_2,3.060693016683595
45417,2026-09-24 06:18:53.133000+00:00,0.00055811,15.798966,0.0010598,0.0003204,328.58365,332.8827,6708.87,spacetrack,2026-09-23 21:12:19.542000+00:00,328.81888,6709.1343,0.00052932,9.109330833333333,-0.6197513410471003,-0.6963409405204979,300-350,secondary_active_sep2,10.26297312179078
45419,2026-09-19 18:43:19.338000+00:00,0.00039574,15.767975,0.00064907,0.0007209,334.67834,344.36386,6717.658,spacetrack,2026-09-17 08:54:43.305000+00:00,335.51318,6718.4814,0.00039845,57.81000916666667,-0.3465863487797634,-0.34183699820926533,300-350,quiet_control_2,6.778411916010334
45419,2026-09-20 14:29:48.063000+00:00,0.00038456,15.769028,0.00063344,0.0007334,334.29553,344.14856,6717.359,spacetrack,2026-09-19 18:43:19.338000+00:00,334.67834,6717.658,0.00039574,19.774645833333334,-0.4646070568057027,-0.36288892658209726,300-350,quiet_control_2,7.264580507657639
45419,2026-09-21 17:52:29.219000+00:00,0.00039617,15.7704735,0.00065719,0.0007397,333.8431,343.78015,6716.9487,spacetrack,2026-09-20 14:29:48.063000+00:00,334.29553,6717.359,0.00038456,27.37809888888889,-0.3966060625344061,-0.35967435284586,300-350,quiet_control_2,3.1325341395143536
45419,2026-09-22 12:07:31.606000+00:00,0.00037441,15.77147,0.00062324,0.0007358,333.58655,343.4708,6716.6655,spacetrack,2026-09-21 17:52:29.219000+00:00,333.8431,6716.9487,0.00039617,18.250663055555556,-0.33736856470679477,-0.37241386678975874,300-350,quiet_control_2,3.1506431265579438
45419,2026-09-23 23:06:09.600000+00:00,0.00045308,15.7733965,0.00076343,0.0007437,332.98676,342.97632,6716.1187,spacetrack,2026-09-22 12:07:31.606000+00:00,333.58655,6716.6655,0.00037441,34.977220555555554,-0.4115524267325817,-0.37519276236251464,300-350,quiet_control_2,3.1839324568655374
45531,2026-09-18 20:00:01.999000+00:00,0.0014796,15.955374,0.00602898,0.0003624,284.40213,289.23288,6664.9546,spacetrack,2026-09-17 14:00:03+00:00,286.1143,6667.0273,0.00050489,29.999721944444442,-1.369748695541162,-1.6581753688288838,250-300,quiet_control_2,6.199696323111291
45531,2026-09-19 20:00:01.999000+00:00,0.0024661,15.973001,0.01101856,0.0001495,280.9175,282.90884,6660.0503,spacetrack,2026-09-18 20:00:01.999000+00:00,284.40213,6664.9546,0.0014796,24.0,-3.4846299999999815,-4.904300000000148,250-300,quiet_control_2,6.875069409722222
45531,2026-09-20 16:00:02+00:00,0.0022683,15.990715,0.0111831,0.0001076,276.27753,277.70972,6655.131,spacetrack,2026-09-19 20:00:01.999000+00:00,280.9175,6660.0503,0.0024661,20.00000027777778,-5.5679639226671735,-5.903159918011147,250-300,quiet_control_2,6.9998888750015436
45531,2026-09-21 08:00:03+00:00,0.0020288,16.005898,0.01090977,6.22e-05,272.3706,273.19797,6650.9214,spacetrack,2026-09-20 16:00:02+00:00,276.27753,6655.131,0.0022683,16.00027777777778,-5.860293258797572,-6.314290376903384,250-300,quiet_control_2,3.499973958785438
45531,2026-09-22 17:24:57.251000+00:00,0.0018113,16.029821,0.01120394,0.0003917,263.56296,268.76813,6644.3027,spacetrack,2026-09-21 08:00:03+00:00,272.3706,6650.9214,0.0020288,33.41506972222222,-6.325988895346331,-4.753807228909046,250-300,quiet_control_2,2.8803184700821656
45531,2026-09-23 18:50:53.950000+00:00,0.0016736,16.04458,0.01129735,0.0001538,261.06882,263.11133,6640.227,spacetrack,2026-09-22 17:24:57.251000+00:00,263.56296,6644.3027,0.0018113,25.432416388888885,-2.3536638864622725,-3.8461465282843816,250-300,quiet_control_2,2.8641481165676366
45531,2026-09-24 05:18:35.055000+00:00,0.0011912,16.053345,0.00852121,0.0002355,258.10968,261.2361,6637.81,spacetrack,2026-09-23 18:50:53.950000+00:00,261.06882,6640.227,0.0016736,10.461418055555557,-6.788693427874705,-5.544946171918042,250-300,secondary_active_sep2,9.243270875881096
45532,2026-09-18 20:00:01.999000+00:00,0.00064391,15.87351,0.0017593,0.00048,306.5028,312.92313,6687.85,spacetrack,2026-09-17 14:00:03+00:00,307.18045,6688.603,0.00031635,29.999721944444442,-0.5421250246958534,-0.6024055834070668,300-350,quiet_control_2,6.199696323111291
45532,2026-09-19 20:00:01.999000+00:00,0.00060244,15.875911,0.00166329,0.0004703,305.89386,312.18384,6687.176,spacetrack,2026-09-18 20:00:01.999000+00:00,306.5028,6687.85,0.00064391,24.0,-0.6089399999999614,-0.6739999999999782,300-350,quiet_control_2,6.875069409722222
45532,2026-09-20 16:00:02+00:00,0.00072687,15.877879,0.00203662,0.0004524,305.4611,311.51114,6686.623,spacetrack,2026-09-19 20:00:01.999000+00:00,305.89386,6687.176,0.00060244,20.00000027777778,-0.5193119927873697,-0.6635999907842851,300-350,quiet_control_2,6.9998888750015436
45532,2026-09-21 07:32:14.864000+00:00,0.00043785,15.879795,0.00122405,0.0004334,305.05054,310.84604,6686.0854,spacetrack,2026-09-20 16:00:02+00:00,305.4611,6686.623,0.00072687,15.536906666666667,-0.6341957386626559,-0.8304355736185856,300-350,quiet_control_2,3.5447090283093674
45532,2026-09-22 21:17:38.937000+00:00,0.00053789,15.88339,0.00153846,0.0004835,303.70694,310.17142,6685.076,spacetrack,2026-09-21 07:32:14.864000+00:00,305.05054,6686.0854,0.00043785,37.756686944444446,-0.8540579857403423,-0.641624092591697,300-350,quiet_control_2,2.8818080149790686
45532,2026-09-23 04:50:39.694000+00:00,0.00054406,15.884704,0.00156705,0.0004986,303.2377,309.9037,6684.7075,spacetrack,2026-09-22 21:17:38.937000+00:00,303.70694,6685.076,0.00053789,7.550210277777778,-1.4915822984619687,-1.1713581045577268,300-350,quiet_control_2,2.358380857457355
45532,2026-09-24 03:29:32.342000+00:00,0.00049041,15.887251,0.00142735,0.0004336,302.95807,308.75446,6683.993,spacetrack,2026-09-23 04:50:39.694000+00:00,303.2377,6684.7075,0.00054406,22.647957777777776,-0.29632340654506617,-0.7571543610358856,300-350,secondary_active_sep2,5.463721600210998
45542,2026-09-18 20:00:01.999000+00:00,0.00058419,15.812315,0.0011827,0.0005967,322.95593,330.9578,6705.0938,spacetrack,2026-09-17 04:50:29.741000+00:00,324.71515,6706.0845,0.00073632,39.15896055555556,-1.078202265867072,-0.6071866991023502,300-350,quiet_control_2,6.612844003676242
45542,2026-09-19 06:54:07.982000+00:00,0.00041415,15.813245,0.00083665,0.0005944,322.70868,330.67938,6704.831,spacetrack,2026-09-18 20:00:01.999000+00:00,322.95593,6705.0938,0.00058419,10.901661944444445,-0.5443206760804209,-0.5785539885689226,300-350,quiet_control_2,8.201652000919431
45542,2026-09-20 11:43:11.773000+00:00,0.00043398,15.8152685,0.00088584,0.0005865,322.19022,330.05432,6704.2593,spacetrack,2026-09-19 06:54:07.982000+00:00,322.70868,6704.831,0.00041415,28.817719722222222,-0.43178433685732964,-0.47612372291307736,300-350,quiet_control_2,6.966078837431342
45542,2026-09-21 13:30:03.716000+00:00,0.00041092,15.817091,0.00084519,0.000592,321.63852,329.57574,6703.744,spacetrack,2026-09-20 11:43:11.773000+00:00,322.19022,6704.2593,0.00043398,25.781095277777776,-0.513585627659993,-0.479700333393539,300-350,quiet_control_2,3.3490930041190934
45542,2026-09-22 21:20:38.222000+00:00,0.00035347,15.819771,0.00073547,0.0009117,318.7389,330.96112,6702.987,spacetrack,2026-09-21 13:30:03.716000+00:00,321.63852,6703.744,0.00041092,31.84291833333333,-2.185442906693403,-0.5705507205654645,300-350,quiet_control_2,2.9057875296291678
45542,2026-09-23 08:00:02+00:00,0.00043512,15.820421,0.00091013,0.000593,320.6916,328.6411,6702.803,spacetrack,2026-09-22 21:20:38.222000+00:00,318.7389,6702.987,0.00035347,10.656604999999999,4.397723289922056,-0.4143908871544657,300-350,quiet_control_2,2.2492397385888325
45542,2026-09-24 05:10:56.182000+00:00,0.00048045,15.821924,0.00101421,0.0006357,319.98114,328.50253,6702.379,spacetrack,2026-09-23 08:00:02+00:00,320.6916,6702.803,0.00043512,21.181717222222222,-0.8049885578734688,-0.4804143069818534,300-350,secondary_active_sep2,6.261973120372599
45544,2026-09-18 20:00:01.999000+00:00,0.0006489,15.841435,0.00151307,0.0005258,315.21606,322.25848,6696.8745,spacetrack,2026-09-17 03:15:55.310000+00:00,316.0538,6697.755,0.00049702,40.73519138888889,-0.49357224833081437,-0.5187652071709455,300-350,quiet_control_2,6.589130266691529
45544,2026-09-19 00:00:02+00:00,0.00038647,15.842063,0.00089452,0.0005332,314.9898,322.13116,6696.6973,spacetrack,2026-09-18 20:00:01.999000+00:00,315.21606,6696.8745,0.0006489,4.000000277777778,-1.357559905725155,-1.0631999261671783,300-350,quiet_control_2,5.2508331770254735
45544,2026-09-20 11:30:45.571000+00:00,0.00044895,15.84494,0.00105668,0.0005117,314.32355,321.17612,6695.8867,spacetrack,2026-09-19 00:00:02+00:00,314.9898,6696.6973,0.00038647,35.512103055555556,-0.4502690244783542,-0.5478244971738334,300-350,quiet_control_2,7.56173114876461
45544,2026-09-22 02:52:00.428000+00:00,0.00048042,15.848483,0.00115218,0.0005583,313.01428,320.48978,6694.889,spacetrack,2026-09-20 11:30:45.571000+00:00,314.32355,6695.8867,0.00044895,39.35412694444444,-0.7984545062925478,-0.608444446850516,300-350,quiet_control_2,3.367614360817742
45555,2026-09-18 20:00:01.999000+00:00,0.00047429,15.880355,0.00133245,0.0005451,304.1467,311.4357,6685.928,spacetrack,2026-09-17 19:37:26.182000+00:00,304.80624,6686.6196,0.00051822,24.376615833333332,-0.6493501849569627,-0.6809148617465359,300-350,quiet_control_2,5.7537941331000315
45555,2026-09-19 00:00:02+00:00,0.00033839,15.880984,0.00094727,0.0005478,303.95215,311.27704,6685.7515,spacetrack,2026-09-18 20:00:01.999000+00:00,304.1467,6685.928,0.00047429,4.000000277777778,-1.1672999189374602,-1.0589999264558063,300-350,quiet_control_2,5.2508331770254735
45555,2026-09-20 03:30:26.595000+00:00,0.00044642,15.883632,0.0012733,0.0004963,303.5539,310.18945,6685.009,spacetrack,2026-09-19 00:00:02+00:00,303.95215,6685.7515,0.00033839,27.506831944444446,-0.3474773110660196,-0.6478390545300907,300-350,quiet_control_2,7.365654209441605
45555,2026-09-21 00:38:49.360000+00:00,0.00044292,15.885988,0.00127834,0.0004968,302.88962,309.5312,6684.347,spacetrack,2026-09-20 03:30:26.595000+00:00,303.5539,6685.009,0.00044642,21.139656944444443,-0.7541617180400958,-0.7515732181350131,300-350,quiet_control_2,5.074417926865075
45555,2026-09-22 20:25:36.365000+00:00,0.00046229,15.890685,0.00136835,0.0005829,300.99783,308.7889,6683.0303,spacetrack,2026-09-21 00:38:49.360000+00:00,302.88962,6684.347,0.00044292,43.77972361111111,-1.0370773557939024,-0.7218136021298559,300-350,quiet_control_2,3.0927111076059086
45555,2026-09-23 16:00:02+00:00,0.00061168,15.892912,0.00184259,0.0004737,301.1035,307.4344,6682.406,spacetrack,2026-09-22 20:25:36.365000+00:00,300.99783,6683.0303,0.00046229,19.573787499999998,0.1295651135478712,-0.7654727016940219,300-350,quiet_control_2,2.693467603037991
45555,2026-09-24 08:00:02+00:00,0.00048532,15.89512,0.00147051,0.0004632,300.55515,306.74515,6681.787,spacetrack,2026-09-23 16:00:02+00:00,301.1035,6682.406,0.00061168,16.0,-0.8225249999999562,-0.9284999999995307,300-350,secondary_active_sep2,9.000416666666666
45564,2026-09-18 20:00:01.999000+00:00,1.2249e-05,15.750534,1.221e-05,0.0003334,342.23795,346.72058,6722.616,spacetrack,2026-09-17 06:54:34.036000+00:00,342.26962,6723.1787,0.00050623,37.09110083333333,-0.02049224700594575,-0.36409811778552303,300-350,quiet_control_2,6.647010566618169
45564,2026-09-19 13:44:05.940000+00:00,0.00040362,15.751102,0.00061352,0.0003285,342.10922,346.52585,6722.4546,spacetrack,2026-09-18 20:00:01.999000+00:00,342.23795,6722.616,1.2249e-05,17.734428055555554,-0.17421029820201125,-0.2184226064615334,300-350,quiet_control_2,7.184231358775299
45564,2026-09-20 11:03:12.895000+00:00,0.00040014,15.752149,0.00061098,0.0003461,341.69333,346.3464,6722.1567,spacetrack,2026-09-19 13:44:05.940000+00:00,342.10922,6722.4546,0.00040362,21.31859861111111,-0.46819963085179295,-0.33536913614411956,300-350,quiet_control_2,7.54040398084849
45564,2026-09-21 12:56:18.481000+00:00,0.00037753,15.753435,0.00057912,0.0003261,341.462,345.84595,6721.791,spacetrack,2026-09-20 11:03:12.895000+00:00,341.69333,6722.1567,0.00040014,25.884884999999997,-0.21448501702829031,-0.3390704652535674,300-350,quiet_control_2,3.347693258053879
45564,2026-09-22 10:15:13.787000+00:00,0.00038957,15.754522,0.00060079,0.0003048,341.2958,345.39322,6721.4814,spacetrack,2026-09-21 12:56:18.481000+00:00,341.462,6721.791,0.00037753,21.31536277777778,-0.18713263487866064,-0.348593644756473,300-350,quiet_control_2,3.0819207393269528
45564,2026-09-23 07:34:03.801000+00:00,0.00035676,15.755628,0.00055202,0.000307,340.9667,345.0935,6721.167,spacetrack,2026-09-22 10:15:13.787000+00:00,341.2958,6721.4814,0.00038957,21.313892777777777,-0.37057519629800273,-0.35402261232402676,300-350,quiet_control_2,2.4222597952347567
45564,2026-09-24 06:24:08.513000+00:00,0.00044757,15.75689,0.00069927,0.0003022,340.6401,344.70218,6720.808,spacetrack,2026-09-23 07:34:03.801000+00:00,340.9667,6721.167,0.00035676,22.83464222222222,-0.3432679138879374,-0.37732143627037695,300-350,secondary_active_sep2,6.4332089990169905
45565,2026-09-19 10:41:16.475000+00:00,0.00045899,15.844289,0.00107803,0.0006629,313.4945,322.37216,6696.0703,spacetrack,2026-09-17 01:09:10.982000+00:00,314.6673,6697.464,0.00054716,57.534859166666664,-0.48921993392672136,-0.5813658099535227,300-350,quiet_control_2,7.09385225217062
45565,2026-09-21 20:12:18.193000+00:00,0.0004359,15.8492155,0.00104743,0.0006231,312.37418,320.7171,6694.6826,spacetrack,2026-09-19 10:41:16.475000+00:00,313.4945,6696.0703,0.00045899,57.51714388888889,-0.46747244703146595,-0.579041269231714,300-350,quiet_control_2,4.808313359980911
45565,2026-09-22 16:00:02+00:00,0.00027739,15.851163,0.00066727,0.0006449,311.68033,320.31442,6694.1343,spacetrack,2026-09-21 20:12:18.193000+00:00,312.37418,6694.6826,0.0004359,19.795501944444446,-0.8412214071022025,-0.6647570764782877,300-350,quiet_control_2,3.3341749480209493
45565,2026-09-23 20:37:35.422000+00:00,0.00045889,15.85342,0.00112654,0.0005778,311.49445,319.22946,6693.499,spacetrack,2026-09-22 16:00:02+00:00,311.68033,6694.1343,0.00027739,28.62595055555556,-0.15584181183235898,-0.5326355877827396,300-350,quiet_control_2,3.065657848800014
45565,2026-09-24 08:00:02+00:00,0.00042824,15.854642,0.0010563,0.0005969,311.02295,319.01324,6693.1553,spacetrack,2026-09-23 20:37:35.422000+00:00,311.49445,6693.499,0.00045889,11.374049444444445,-0.994896325646536,-0.725229834833865,300-350,secondary_active_sep2,10.748089083292868
45567,2026-09-18 22:32:19.235000+00:00,0.00042286,15.812383,0.00085097,0.0005484,323.26065,330.61478,6705.0747,spacetrack,2026-09-17 22:16:01.261000+00:00,323.68234,6705.5317,0.00047587,24.271659444444445,-0.41697025385368935,-0.45188504828402565,300-350,quiet_control_2,5.472592681080016
45567,2026-09-19 22:48:28.002000+00:00,0.00044133,15.814078,0.00089596,0.0005461,322.79727,330.12003,6704.5957,spacetrack,2026-09-18 22:32:19.235000+00:00,323.26065,6705.0747,0.00042286,24.269101944444447,-0.4582419252866142,-0.4736887267737595,300-350,quiet_control_2,6.988911746917522
45567,2026-09-20 23:04:27.291000+00:00,0.00041454,15.8158245,0.00084751,0.0005373,322.36307,329.5673,6704.102,spacetrack,2026-09-19 22:48:28.002000+00:00,322.79727,6704.5957,0.00044133,24.266469166666667,-0.42943206646293575,-0.48827869924627154,300-350,quiet_control_2,5.829044144349664
45567,2026-09-21 21:49:17.738000+00:00,0.00040412,15.8174715,0.00083224,0.0005249,321.98096,329.01843,6703.6367,spacetrack,2026-09-20 23:04:27.291000+00:00,322.36307,6704.102,0.00041454,22.74734638888889,-0.4031520795093595,-0.490923196450331,300-350,quiet_control_2,2.9810501095445234
45567,2026-09-22 22:04:58.388000+00:00,0.00014716,15.818786,0.00029852,0.0005667,321.32974,328.92722,6703.2656,spacetrack,2026-09-21 21:49:17.738000+00:00,321.98096,6703.6367,0.00040412,24.261291666666665,-0.6442064262173125,-0.36710329039256806,300-350,quiet_control_2,3.3032325039944177
45567,2026-09-23 22:20:28.414000+00:00,0.00024417,15.820775,0.00050594,0.0005495,320.88327,328.24954,6702.7036,spacetrack,2026-09-22 22:04:58.388000+00:00,321.32974,6703.2656,0.00014716,24.258340555555556,-0.4417152927448217,-0.556014949543141,300-350,quiet_control_2,3.289536636574458
45567,2026-09-24 07:26:14.283000+00:00,0.00050845,15.821873,0.00107372,0.0005162,320.79666,327.71622,6702.3936,spacetrack,2026-09-23 22:20:28.414000+00:00,320.88327,6702.7036,0.00024417,9.096074722222221,-0.22852055017995215,-0.8179352332948012,300-350,secondary_active_sep2,11.379870877758657
45573,2026-09-18 12:43:22.934000+00:00,0.00045173,15.821391,0.00094978,0.0005596,320.6416,328.14307,6702.5293,spacetrack,2026-09-17 04:53:02.137000+00:00,321.11078,6703.21,0.0004572,31.83911027777778,-0.3536631489309877,-0.5131047902239793,300-350,quiet_control_2,7.345228806950278
45573,2026-09-20 11:42:53.437000+00:00,0.00051058,15.8251295,0.00109507,0.0004964,320.0103,326.66354,6701.474,spacetrack,2026-09-18 12:43:22.934000+00:00,320.6416,6702.5293,0.00045173,46.99180638888889,-0.32242216599663875,-0.5389705556411273,300-350,quiet_control_2,6.702773171987317
45573,2026-09-21 07:25:04.169000+00:00,0.00047806,15.826719,0.00103217,0.000587,318.95462,326.82162,6701.025,spacetrack,2026-09-20 11:42:53.437000+00:00,320.0103,6701.474,0.00051058,19.70298111111111,-1.2859130228629192,-0.5469223128847065,300-350,quiet_control_2,3.5370849831353777
45573,2026-09-22 06:08:58.339000+00:00,0.00042917,15.828396,0.00093197,0.0005352,318.82883,326.0011,6700.552,spacetrack,2026-09-21 07:25:04.169000+00:00,318.95462,6701.025,0.00047806,22.731713888888887,-0.13280828778491388,-0.4993904135643611,300-350,quiet_control_2,3.187767896955514
45573,2026-09-23 07:54:32.765000+00:00,0.00039968,15.830391,0.00087511,0.0005422,318.21924,325.4847,6699.989,spacetrack,2026-09-22 06:08:58.339000+00:00,318.82883,6700.552,0.00042917,25.75956277777778,-0.5679506335651152,-0.5245430645142377,300-350,quiet_control_2,2.3493848120653706
45573,2026-09-24 06:38:07.085000+00:00,0.00048356,15.832312,0.0010723,0.000512,317.8798,324.74002,6699.447,spacetrack,2026-09-23 07:54:32.765000+00:00,318.21924,6699.989,0.00039968,22.726200000000002,-0.3584655595744379,-0.5723790162890002,300-350,secondary_active_sep2,6.5876089295859215
45578,2026-09-18 22:52:34.547000+00:00,0.0004142,15.816993,0.00085131,0.0004795,322.42053,328.84943,6703.772,spacetrack,2026-09-17 22:36:41.870000+00:00,322.85535,6704.25,0.00047517,24.264632499999998,-0.43007780975046905,-0.4727868843676727,300-350,quiet_control_2,5.429833043353669
45578,2026-09-19 21:37:19.081000+00:00,0.00043829,15.818639,0.0009088,0.0004763,321.97702,328.36258,6703.3066,spacetrack,2026-09-18 22:52:34.547000+00:00,322.42053,6703.772,0.0004142,22.74570388888889,-0.4679670522396854,-0.49106416115165163,300-350,quiet_control_2,7.055144308447795
45578,2026-09-20 21:52:53.038000+00:00,0.00037638,15.820397,0.00078473,0.0004732,321.50137,327.8449,6702.81,spacetrack,2026-09-19 21:37:19.081000+00:00,321.97702,6703.3066,0.00043829,24.2594325,-0.47056335716012154,-0.4912893160212112,300-350,quiet_control_2,5.9273355265466785
45578,2026-09-21 22:08:16.971000+00:00,0.00040195,15.822183,0.00084623,0.0004813,320.94305,327.39468,6702.3057,spacetrack,2026-09-20 21:52:53.038000+00:00,321.50137,6702.81,0.00037638,24.25664805555556,-0.5524126816413356,-0.4989642415675924,300-350,quiet_control_2,3.057497456052512
45578,2026-09-22 20:52:33.964000+00:00,0.00042102,15.823963,0.00089445,0.0003985,320.99545,326.3368,6701.803,spacetrack,2026-09-21 22:08:16.971000+00:00,320.94305,6702.3057,0.00040195,22.738053611111113,0.05530816408071627,-0.5305995054081742,300-350,quiet_control_2,3.295711546599323
45578,2026-09-23 22:38:34.566000+00:00,0.00033954,15.825889,0.00072514,0.0004279,320.25507,325.99002,6701.26,spacetrack,2026-09-22 20:52:33.964000+00:00,320.99545,6701.803,0.00042102,25.76683388888889,-0.6896120833713583,-0.5057664459742411,300-350,quiet_control_2,3.307713591595708
45578,2026-09-24 06:13:14.579000+00:00,0.00046487,15.826583,0.00100196,0.0004323,320.02975,325.8235,6701.0635,spacetrack,2026-09-23 22:38:34.566000+00:00,320.25507,6701.26,0.00033954,7.577781388888889,-0.713623120340922,-0.622345744483379,300-350,secondary_active_sep2,11.012871914687137
45582,2026-09-18 20:00:01.999000+00:00,0.00050394,15.990783,0.00248363,0.0004741,273.81964,280.13,6655.112,spacetrack,2026-09-17 14:00:03+00:00,275.61975,6657.0312,0.00055929,29.999721944444442,-1.4401013476060232,-1.5353742306447085,250-300,quiet_control_2,6.199696323111291
45582,2026-09-19 20:00:01.999000+00:00,0.00046246,15.996031,0.0023461,0.0004553,272.48984,278.54868,6653.6562,spacetrack,2026-09-18 20:00:01.999000+00:00,273.81964,6655.112,0.00050394,24.0,-1.3297999999999774,-1.4557999999997264,250-300,quiet_control_2,6.875069409722222
45582,2026-09-20 16:00:02+00:00,0.00055671,16.000303,0.00290162,0.0004386,271.41666,277.2522,6652.471,spacetrack,2026-09-19 20:00:01.999000+00:00,272.48984,6653.6562,0.00046246,20.00000027777778,-1.2878159821137103,-1.4222399802476324,250-300,quiet_control_2,6.9998888750015436
45582,2026-09-21 20:16:36.104000+00:00,0.00056191,16.007565,0.00305423,0.0003511,269.98764,274.6576,6650.4595,spacetrack,2026-09-20 16:00:02+00:00,271.41666,6652.471,0.00055671,28.27614,-1.2129123706418032,-1.7073051696586146,250-300,quiet_control_2,2.8999322003954178
45582,2026-09-22 21:44:38.854000+00:00,0.0006678,16.014383,0.00378467,0.0004091,267.71487,273.15472,6648.572,spacetrack,2026-09-21 20:16:36.104000+00:00,269.98764,6650.4595,0.00056191,25.467430555555556,-2.141813241858455,-1.7787424570050996,250-300,quiet_control_2,3.26818907591668
45582,2026-09-23 21:42:14.923000+00:00,0.0005527,16.020113,0.00323455,0.0003794,266.3277,271.37143,6646.9863,spacetrack,2026-09-22 21:44:38.854000+00:00,267.71487,6648.572,0.0006678,23.96001916666667,-1.3894846981723945,-1.5883459748211672,250-300,quiet_control_2,3.213373612006362
45582,2026-09-24 05:11:22.813000+00:00,0.00056589,16.022308,0.0033561,0.0003827,265.69855,270.78568,6646.379,spacetrack,2026-09-23 21:42:14.923000+00:00,266.3277,6646.9863,0.0005527,7.485525,-2.0171731441681855,-1.9471179376185423,250-300,secondary_active_sep2,10.484523240966176
45586,2026-09-18 23:46:19.101000+00:00,0.00046479,15.827853,0.00100803,0.0004775,319.36835,325.76752,6700.705,spacetrack,2026-09-17 03:49:12.496000+00:00,320.24414,6701.7017,0.00048709,43.95183472222222,-0.47822713506366116,-0.5442503174480255,300-350,quiet_control_2,6.47779575375456
45586,2026-09-20 01:31:56.704000+00:00,0.00043167,15.829838,0.0009438,0.0004756,318.8214,325.19458,6700.145,spacetrack,2026-09-18 23:46:19.101000+00:00,319.36835,6700.705,0.00046479,25.76044527777778,-0.509571937070697,-0.5217301120016655,300-350,quiet_control_2,7.110122632779284
45586,2026-09-21 22:59:02.325000+00:00,0.00051564,15.833319,0.00115015,0.0004288,318.1532,323.8984,6699.1626,spacetrack,2026-09-20 01:31:56.704000+00:00,318.8214,6700.145,0.00043167,45.45156138888889,-0.3528327632748677,-0.518741255075618,300-350,quiet_control_2,4.271099383635035
45586,2026-09-22 20:11:28.342000+00:00,0.00046902,15.835161,0.00105318,0.0002927,318.5456,322.46698,6698.643,spacetrack,2026-09-21 22:59:02.325000+00:00,318.1532,6699.1626,0.00051564,21.207226944444447,0.44407503275509286,-0.5880259608037942,300-350,quiet_control_2,3.237279568887006
45586,2026-09-23 21:56:22.538000+00:00,0.00046771,15.837245,0.00106097,0.0003736,317.41632,322.4211,6698.0557,spacetrack,2026-09-22 20:11:28.342000+00:00,318.5456,6698.643,0.00046902,25.748387777777776,-1.0525987193416027,-0.5474206820890081,300-350,quiet_control_2,3.225986252688356
45586,2026-09-24 08:00:02+00:00,0.00033887,15.838319,0.00076807,0.000405,316.9034,322.32858,6697.753,spacetrack,2026-09-23 21:56:22.538000+00:00,317.41632,6698.0557,0.00046771,10.060961666666666,-1.2235490411205092,-0.7220780916076582,300-350,secondary_active_sep2,11.367777135949726
45589,2026-09-18 04:39:20.262000+00:00,0.00044393,15.832238,0.00098196,0.0003203,319.18478,323.47647,6699.468,spacetrack,2026-09-17 19:33:55.631000+00:00,319.34647,6699.669,0.00050035,9.090175277777778,-0.4268960588127595,-0.53068283642379,300-350,quiet_control_2,7.172213737108296
45589,2026-09-22 01:02:57.186000+00:00,0.00042296,15.83958,0.00096831,0.0002995,317.25452,321.26627,6697.3975,spacetrack,2026-09-21 11:25:12.384000+00:00,317.58774,6697.701,0.00042073,13.629111666666667,-0.5867792557279357,-0.534444223376235,300-350,quiet_control_2,2.8677003526886753
45589,2026-09-23 16:00:02+00:00,0.00044081,15.842904,0.00102637,0.0003031,316.29382,320.3532,6696.4604,spacetrack,2026-09-22 01:02:57.186000+00:00,317.25452,6697.3975,0.00042296,38.95133722222223,-0.591938599397983,-0.5773973784697526,300-350,quiet_control_2,2.8152342423502876
45589,2026-09-24 08:00:02+00:00,0.00046793,15.8444,0.00109869,0.0002775,316.04367,319.75998,6696.039,spacetrack,2026-09-23 16:00:02+00:00,316.29382,6696.4604,0.00044081,16.0,-0.3752249999999435,-0.6321000000002641,300-350,secondary_active_sep2,9.000416666666666
45590,2026-09-18 08:09:14.184000+00:00,0.00040753,15.753412,0.00062606,0.0004227,340.81912,346.5017,6721.7974,spacetrack,2026-09-17 23:01:05.900000+00:00,340.9287,6721.9243,0.00047154,9.135634444444444,-0.28787491618594285,-0.33337586114067697,300-350,quiet_control_2,6.886531021198916
45590,2026-09-19 22:12:58.946000+00:00,0.00039663,15.755222,0.00061393,0.000425,340.28906,346.00217,6721.2827,spacetrack,2026-09-18 08:09:14.184000+00:00,340.81912,6721.7974,0.00040753,38.06243388888888,-0.33422560515010635,-0.32454046517558954,300-350,quiet_control_2,6.022228215948297
45590,2026-09-20 11:55:03.873000+00:00,0.00040885,15.755935,0.00063518,0.0004202,340.11884,345.76724,6721.08,spacetrack,2026-09-19 22:12:58.946000+00:00,340.28906,6721.2827,0.00039663,13.701368611111112,-0.2981658340822784,-0.35505942056406203,300-350,quiet_control_2,8.207573079631725
45590,2026-09-21 21:24:26.792000+00:00,0.00039126,15.757594,0.00061187,0.0004194,339.65247,345.2897,6720.608,spacetrack,2026-09-20 11:55:03.873000+00:00,340.11884,6721.08,0.00040885,33.48969972222222,-0.334218583410365,-0.3382532567909925,300-350,quiet_control_2,2.9347526083040503
45590,2026-09-22 11:06:24.228000+00:00,0.00038934,15.75832,0.00061079,0.0004197,339.4441,345.0852,6720.402,spacetrack,2026-09-21 21:24:26.792000+00:00,339.65247,6720.608,0.00039126,13.699287777777778,-0.3650467149184355,-0.3608946742489069,300-350,quiet_control_2,3.8816798180667784
45590,2026-09-23 11:27:34.111000+00:00,0.00037367,15.759579,0.00058906,0.0004169,339.10538,344.70853,6720.044,spacetrack,2026-09-22 11:06:24.228000+00:00,339.4441,6720.402,0.00038934,24.352745277777778,-0.33381369973993363,-0.3528144322950116,300-350,quiet_control_2,2.5715557074485886
45590,2026-09-24 05:43:21.863000+00:00,0.00045234,15.760603,0.00071878,0.0004074,338.87817,344.35342,6719.753,spacetrack,2026-09-23 11:27:34.111000+00:00,339.10538,6720.044,0.00037367,18.26326444444444,-0.29857969896828085,-0.3824069908886689,300-350,secondary_active_sep2,6.8808485345628245
45665,2026-09-18 20:00:01.999000+00:00,0.0014162,15.940762,0.0053347,0.0004168,288.11017,293.66946,6669.027,spacetrack,2026-09-17 14:00:03+00:00,289.2965,6671.0474,0.00057207,29.999721944444442,-0.9490727964987884,-1.6163349810309726,250-300,quiet_control_2,6.199696323111291
45665,2026-09-19 20:00:01.999000+00:00,0.0025746,15.957816,0.01059402,0.0001727,284.98657,287.28842,6664.2744,spacetrack,2026-09-18 20:00:01.999000+00:00,288.11017,6669.027,0.0014162,24.0,-3.1236000000000104,-4.752599999999802,250-300,quiet_control_2,6.875069409722222
45665,2026-09-20 16:00:02+00:00,0.0024171,15.975103,0.01092668,0.0001281,280.47556,282.1817,6659.466,spacetrack,2026-09-19 20:00:01.999000+00:00,284.98657,6664.2744,0.0025746,20.00000027777778,-5.413211924816499,-5.770079919859871,250-300,quiet_control_2,6.9998888750015436
45665,2026-09-21 16:00:02+00:00,0.00221,15.99662,0.0112648,0.000133,274.4707,276.24054,6653.4927,spacetrack,2026-09-20 16:00:02+00:00,280.47556,6659.466,0.0024171,24.0,-6.004859999999951,-5.973300000000563,250-300,quiet_control_2,3.25
45665,2026-09-22 05:41:16.879000+00:00,0.0016965,16.009047,0.00931192,0.0001693,270.78635,273.03806,6650.0493,spacetrack,2026-09-21 16:00:02+00:00,274.4707,6653.4927,0.00221,13.68746638888889,-6.460246000807015,-6.0377572921084095,250-300,quiet_control_2,3.5114573695858287
45665,2026-09-23 04:09:12.039000+00:00,0.0005465,16.018356,0.0031624,0.0001557,268.3003,270.3703,6647.472,spacetrack,2026-09-22 05:41:16.879000+00:00,270.78635,6650.0493,0.0016965,22.465322222222223,-2.655880000732029,-2.7533635791260673,250-300,quiet_control_2,2.4145045400837533
45665,2026-09-24 05:36:01.984000+00:00,0.00068236,16.02778,0.00418335,0.0001099,265.99908,267.45963,6644.866,spacetrack,2026-09-23 04:09:12.039000+00:00,268.3003,6647.472,0.0005465,25.447206944444446,-2.170347422433231,-2.4577942929665535,250-300,secondary_active_sep2,5.662636059873194
45670,2026-09-18 22:34:09.955000+00:00,0.00060229,16.059916,0.00449063,0.0002013,256.52646,259.1981,6635.9995,spacetrack,2026-09-17 22:40:00.499000+00:00,259.2063,6638.46,0.00064829,23.902626666666666,-2.6907569990913265,-2.4705234626934995,250-300,quiet_control_2,5.414272915333712
45670,2026-09-19 22:27:30.033000+00:00,0.00064481,16.069546,0.00510925,0.0002588,253.49416,256.92758,6633.3477,spacetrack,2026-09-18 22:34:09.955000+00:00,256.52646,6635.9995,0.00060229,23.888910555555555,-3.0464009579154023,-2.664131537182662,250-300,quiet_control_2,7.004650251596283
45670,2026-09-20 22:19:56.824000+00:00,0.00060155,16.079775,0.00508691,0.0003141,250.31479,254.48009,6630.5347,spacetrack,2026-09-19 22:27:30.033000+00:00,253.49416,6633.3477,0.00064481,23.87410861111111,-3.1961352460500883,-2.827833327715619,250-300,quiet_control_2,5.888376891232623
45670,2026-09-21 19:12:33.392000+00:00,0.00068987,16.089636,0.00621833,0.0003778,247.18387,252.19186,6627.8247,spacetrack,2026-09-20 22:19:56.824000+00:00,250.31479,6630.5347,0.00060155,20.876824444444445,-3.5993060247242505,-3.1154163399265804,250-300,quiet_control_2,3.1935027155577407
45670,2026-09-22 20:32:31.345000+00:00,0.00063864,16.10233,0.00625748,0.0004495,243.22687,249.18214,6624.3413,spacetrack,2026-09-21 19:12:33.392000+00:00,247.18387,6627.8247,0.00068987,25.33276472222222,-3.748820985049982,-3.3001372300539074,200-250,quiet_control_2,3.1432068985144874
45670,2026-09-23 12:55:21.869000+00:00,0.00062101,16.111101,0.0064517,0.0004951,240.52138,247.07843,6621.937,spacetrack,2026-09-22 20:32:31.345000+00:00,243.22687,6624.3413,0.00063864,16.38070111111111,-3.963918244986254,-3.5226331039556786,200-250,quiet_control_2,2.6337153117377756
45670,2026-09-24 02:19:05.072000+00:00,0.000659,16.119165,0.00722777,0.0005514,237.94081,245.24104,6619.728,spacetrack,2026-09-23 12:55:21.869000+00:00,240.52138,6621.937,0.00062101,13.395334166666666,-4.623526313671025,-3.9577960012317215,200-250,secondary_active_sep2,6.420363097822432
45671,2026-09-18 20:00:01.999000+00:00,0.00052841,15.911893,0.00169097,0.0005486,295.29053,302.61664,6677.091,spacetrack,2026-09-17 14:00:03+00:00,296.4918,6678.3813,0.00062728,29.999721944444442,-0.9610249072771678,-1.0322495674239602,250-300,quiet_control_2,6.199696323111291
45671,2026-09-19 20:00:01.999000+00:00,0.00050292,15.915427,0.00163774,0.0005245,294.4636,301.46683,6676.102,spacetrack,2026-09-18 20:00:01.999000+00:00,295.29053,6677.091,0.00052841,24.0,-0.8269300000000044,-0.9890000000004875,250-300,quiet_control_2,6.875069409722222
45671,2026-09-20 16:00:02+00:00,0.00045495,15.918473,0.00150199,0.0004861,293.86868,300.35837,6675.2505,spacetrack,2026-09-19 20:00:01.999000+00:00,294.4636,6676.102,0.00050292,20.00000027777778,-0.713903990084669,-1.0217999858080453,250-300,quiet_control_2,6.9998888750015436
45671,2026-09-21 16:00:02+00:00,0.00045432,15.922071,0.00152872,0.0004689,292.97812,299.23724,6674.2446,spacetrack,2026-09-20 16:00:02+00:00,293.86868,6675.2505,0.00045495,24.0,-0.8905599999999936,-1.0059000000001106,250-300,quiet_control_2,3.25
45671,2026-09-22 16:00:02+00:00,0.00063561,15.925586,0.00219288,0.0004586,292.06543,298.18616,6673.2627,spacetrack,2026-09-21 16:00:02+00:00,292.97812,6674.2446,0.00045432,24.0,-0.9126899999999978,-0.9818999999997686,250-300,quiet_control_2,2.916689814814815
45671,2026-09-23 16:00:02+00:00,0.00062302,15.930015,0.00219972,0.000424,291.05997,296.71786,6672.026,spacetrack,2026-09-22 16:00:02+00:00,292.06543,6673.2627,0.00063561,24.0,-1.005459999999971,-1.2367000000003827,250-300,quiet_control_2,2.75
45671,2026-09-24 08:00:02+00:00,0.00050589,15.932927,0.00180751,0.0003921,290.46002,295.6916,6671.213,spacetrack,2026-09-23 16:00:02+00:00,291.05997,6672.026,0.00062302,16.0,-0.8999250000000529,-1.2195000000001528,250-300,secondary_active_sep2,9.000416666666666
45673,2026-09-19 07:36:24.318000+00:00,0.00045666,15.818384,0.00094677,0.000565,321.4544,329.0292,6703.379,spacetrack,2026-09-17 04:02:42.405000+00:00,322.64264,6704.5186,0.00048351,51.5616425,-0.5530809069939697,-0.5304408213917986,300-350,quiet_control_2,6.9309245724668305
45673,2026-09-20 06:21:01.436000+00:00,0.00041823,15.8200655,0.00087247,0.0005225,321.26447,328.269,6702.904,spacetrack,2026-09-19 07:36:24.318000+00:00,321.4544,6703.379,0.00045666,22.74364388888889,-0.20042171000694403,-0.501238941995404,300-350,quiet_control_2,7.466361285457067
45673,2026-09-21 21:45:59.801000+00:00,0.00041067,15.822765,0.00086911,0.000911,317.8986,330.1099,6702.141,spacetrack,2026-09-20 06:21:01.436000+00:00,321.26447,6702.904,0.00041823,39.4162125,-2.049432831731377,-0.4645804058423905,300-350,quiet_control_2,3.231671858939319
45673,2026-09-22 16:00:02+00:00,0.00060891,15.824563,0.0013071,0.0005041,320.1185,326.8751,6701.634,spacetrack,2026-09-21 21:45:59.801000+00:00,317.8986,6702.141,0.00041067,18.233944166666664,2.9218911450544134,-0.6673268212718781,300-350,quiet_control_2,3.4094987433312522
45673,2026-09-23 20:45:10.263000+00:00,0.00044172,15.8268795,0.00095261,0.0004688,319.7013,325.98413,6700.9795,spacetrack,2026-09-22 16:00:02+00:00,320.1185,6701.634,0.00060891,28.75229527777778,-0.3482435020670597,-0.5463216013968778,300-350,quiet_control_2,3.078552076562236
45673,2026-09-24 04:19:48.759000+00:00,0.00027642,15.827173,0.00059184,0.0005221,319.2615,326.25858,6700.897,spacetrack,2026-09-23 20:45:10.263000+00:00,319.7013,6700.9795,0.00044172,7.57736,-1.3929917543840846,-0.2613047288251419,300-350,secondary_active_sep2,10.089898394691556
45675,2026-09-18 04:59:45.182000+00:00,0.00049173,15.769084,0.00081303,0.0005024,335.8313,342.58087,6717.3433,spacetrack,2026-09-17 19:52:09.502000+00:00,336.00928,6717.503,0.00056192,9.126577777777777,-0.4680308549389091,-0.41996026257666863,300-350,quiet_control_2,7.20482004937959
45675,2026-09-19 22:03:41.365000+00:00,0.00045533,15.771641,0.00076049,0.0004845,335.22586,341.73425,6716.617,spacetrack,2026-09-18 04:59:45.182000+00:00,335.8313,6717.3433,0.00049173,41.06560638888889,-0.35383770697055206,-0.4244719981712656,300-350,quiet_control_2,6.097505344818055
45675,2026-09-20 22:23:36.263000+00:00,0.00041522,15.773197,0.00069723,0.0004836,334.79034,341.28622,6716.1753,spacetrack,2026-09-19 22:03:41.365000+00:00,335.22586,6716.617,0.00045533,24.331916111111113,-0.4295789921463202,-0.4356746896380515,300-350,quiet_control_2,5.885466776843555
45675,2026-09-21 21:12:08.820000+00:00,6.0387e-05,15.7743635,9.552e-05,0.0006411,333.4017,342.01276,6715.844,spacetrack,2026-09-20 22:23:36.263000+00:00,334.79034,6716.1753,0.00041522,22.80904361111111,-1.4611467524997523,-0.3485985706179527,300-350,quiet_control_2,2.9566616467685933
45675,2026-09-22 23:02:59.163000+00:00,0.00044964,15.776594,0.00076807,0.0005838,333.15378,340.99448,6715.211,spacetrack,2026-09-21 21:12:08.820000+00:00,333.4017,6715.844,6.0387e-05,25.8473175,-0.23020106438513493,-0.5877592519995725,300-350,quiet_control_2,3.3325335404728174
45675,2026-09-23 08:10:18.291000+00:00,8.7995e-05,15.776621,0.00014377,0.0004383,334.12326,340.0098,6715.2036,spacetrack,2026-09-22 23:02:59.163000+00:00,333.15378,6715.211,0.00044964,9.121979999999999,2.550709385462453,-0.019469457289973062,300-350,quiet_control_2,2.104169544331384
45675,2026-09-24 06:58:29.581000+00:00,0.00053276,15.778772,0.00092152,0.0004498,333.43582,339.47626,6714.5933,spacetrack,2026-09-23 08:10:18.291000+00:00,334.12326,6715.2036,8.7995e-05,22.803136111111108,-0.7235215331614752,-0.6423327005818226,300-350,secondary_active_sep2,6.765725486833013
45679,2026-09-20 19:41:41.724000+00:00,0.00018412,15.793452,0.0003336,0.0005088,328.88043,335.70895,6710.4316,spacetrack,2026-09-19 22:25:55.627000+00:00,329.2829,6710.756,0.00043206,21.26280472222222,-0.4542806147255225,-0.36616053722551767,300-350,quiet_control_2,6.245513549828674
45679,2026-09-21 16:00:02+00:00,0.00040642,15.794896,0.00075325,0.0004907,328.59323,335.17844,6710.023,spacetrack,2026-09-20 19:41:41.724000+00:00,328.88043,6710.4316,0.00018412,20.305632222222222,-0.3394526171145872,-0.48293990025398126,300-350,quiet_control_2,3.47742260234421
45679,2026-09-22 16:00:02+00:00,0.00020662,15.796553,0.00038077,0.0004791,328.20215,334.63123,6709.5537,spacetrack,2026-09-21 16:00:02+00:00,328.59323,6710.023,0.00040642,24.0,-0.3910799999999881,-0.46929999999974825,300-350,quiet_control_2,2.916689814814815
45679,2026-09-23 20:34:56.334000+00:00,0.00042999,15.798132,0.00080963,0.0004294,328.08865,333.85043,6709.1064,spacetrack,2026-09-22 16:00:02+00:00,328.20215,6709.5537,0.00020662,28.581759444444444,-0.09530553937016445,-0.3755961917209405,300-350,quiet_control_2,3.0611209748439596
45685,2026-09-18 11:01:24.939000+00:00,0.00042649,15.743668,0.00062822,0.0004755,343.2362,349.6313,6724.571,spacetrack,2026-09-17 01:30:15.282000+00:00,343.61786,6725.0454,0.00047591,33.51934916666667,-0.27327022235590614,-0.3396724662937025,300-350,quiet_control_2,7.744120827326128
45685,2026-09-19 23:35:10.937000+00:00,0.00038782,15.745304,0.0005744,0.0004742,342.77917,349.1563,6724.105,spacetrack,2026-09-18 11:01:24.939000+00:00,343.2362,6724.571,0.00042649,36.56277722222222,-0.299996904866756,-0.30588486022366324,300-350,quiet_control_2,6.0
45685,2026-09-20 20:54:46.193000+00:00,0.00035423,15.746318,0.00052611,0.0004648,342.55392,348.80438,6723.816,spacetrack,2026-09-19 23:35:10.937000+00:00,342.77917,6724.105,0.00038782,21.326459999999997,-0.25348792063945,-0.32522978497107524,300-350,quiet_control_2,6.016349382149895
45685,2026-09-21 21:17:03.437000+00:00,0.00036785,15.747433,0.00054939,0.0004532,342.31482,348.409,6723.499,spacetrack,2026-09-20 20:54:46.193000+00:00,342.55392,6723.816,0.00035423,24.371456666666667,-0.23545576608265312,-0.3121684560777932,300-350,quiet_control_2,3.0197529227154662
45685,2026-09-22 23:10:37.356000+00:00,0.00036569,15.748622,0.00054895,0.0004318,342.12015,347.92627,6723.16,spacetrack,2026-09-21 21:17:03.437000+00:00,342.31482,6723.499,0.00036785,25.892755277777777,-0.1804396615917171,-0.31421916720393417,300-350,quiet_control_2,3.325628686419675
45685,2026-09-23 20:29:56.312000+00:00,0.000405,15.749651,0.00061183,0.0004198,341.90826,347.55276,6722.8677,spacetrack,2026-09-22 23:10:37.356000+00:00,342.12015,6723.16,0.00036569,21.321932222222223,-0.23850371284366356,-0.32901333363635,300-350,quiet_control_2,3.07020595746508
45685,2026-09-24 01:04:04.028000+00:00,0.0004344,15.749876,0.00065772,0.0004217,341.8315,347.5015,6722.8037,spacetrack,2026-09-23 20:29:56.312000+00:00,341.90826,6722.8677,0.000405,4.56881,-0.4032209700117738,-0.3361925753063722,300-350,secondary_active_sep2,8.103407670706376
45695,2026-09-18 20:00:01.999000+00:00,0.00047124,15.869746,0.00125483,0.0005335,307.20187,314.33896,6688.907,spacetrack,2026-09-17 02:22:05.123000+00:00,308.29755,6690.1304,0.00056875,41.632465555555555,-0.6316301388614569,-0.7052572939936882,300-350,quiet_control_2,6.713037920539524
45695,2026-09-19 23:53:47.982000+00:00,0.00046654,15.872406,0.00125864,0.0005213,306.53665,313.50974,6688.16,spacetrack,2026-09-18 20:00:01.999000+00:00,307.20187,6688.907,0.00047124,27.896106388888885,-0.5723121276293406,-0.6426703336329382,300-350,quiet_control_2,6.752852944441679
45695,2026-09-20 16:00:02+00:00,0.00061148,15.8740015,0.0016729,0.0005105,306.16095,312.9891,6687.712,spacetrack,2026-09-19 23:53:47.982000+00:00,306.53665,6688.16,0.00046654,16.103893888888887,-0.5599142705616774,-0.6676646079619509,300-350,quiet_control_2,7.241797661842241
45695,2026-09-21 16:00:02+00:00,0.00047051,15.876532,0.00129601,0.0004849,305.6219,312.10693,6687.0015,spacetrack,2026-09-20 16:00:02+00:00,306.16095,6687.712,0.00061148,24.0,-0.5390500000000316,-0.7105000000001382,300-350,quiet_control_2,3.25
45695,2026-09-22 21:23:38.971000+00:00,0.00046733,15.87946,0.00130602,0.0004321,305.15314,310.93134,6686.179,spacetrack,2026-09-21 16:00:02+00:00,305.6219,6687.0015,0.00047051,29.393603055555555,-0.38274450324228065,-0.6715746947625146,300-350,quiet_control_2,2.9319768848798367
45695,2026-09-23 16:00:02+00:00,0.00042082,15.881748,0.00118719,0.0004387,304.46704,310.33295,6685.537,spacetrack,2026-09-22 21:23:38.971000+00:00,305.15314,6686.179,0.00046733,18.606396944444445,-0.8849859566667386,-0.8281022943884027,300-350,quiet_control_2,2.6775302591944596
45695,2026-09-24 00:34:48.190000+00:00,0.00051788,15.882655,0.00147395,0.0003691,304.67798,309.61304,6685.2827,spacetrack,2026-09-23 16:00:02+00:00,304.46704,6685.537,0.00042082,8.579497222222221,0.5900765358239218,-0.7113703567854843,300-350,secondary_active_sep2,5.909335207741712
45697,2026-09-18 02:23:30.207000+00:00,0.00048956,15.778599,0.00084511,0.0005528,332.7936,340.21732,6714.6426,spacetrack,2026-09-17 02:04:05.180000+00:00,333.2513,6715.064,0.00049886,24.32361861111111,-0.4516104357507821,-0.41579339660359166,300-350,quiet_control_2,7.948190799964007
45697,2026-09-19 04:13:59.567000+00:00,0.000445,15.779939,0.00077153,0.0005455,332.46274,339.788,6714.262,spacetrack,2026-09-18 02:23:30.207000+00:00,332.7936,6714.6426,0.00048956,25.84148888888889,-0.3072826041155455,-0.3534780847684613,300-350,quiet_control_2,5.938056136256339
45697,2026-09-20 21:16:14.978000+00:00,0.0003815,15.782074,0.00066592,0.0004865,332.25348,338.7859,6713.6567,spacetrack,2026-09-19 04:13:59.567000+00:00,332.46274,6714.262,0.000445,41.037614166666664,-0.12238138356685241,-0.3539971875802661,300-350,quiet_control_2,6.172014561898094
45697,2026-09-21 23:06:22.241000+00:00,0.00038156,15.7836895,0.00067104,0.0005243,331.54172,338.58118,6713.198,spacetrack,2026-09-20 21:16:14.978000+00:00,332.25348,6713.6567,0.0003815,25.835350833333337,-0.6611963626969894,-0.4261138186587977,300-350,quiet_control_2,3.152563397118782
45697,2026-09-22 23:25:10.901000+00:00,0.00041182,15.785083,0.00072984,0.0005079,331.25705,338.0759,6712.8037,spacetrack,2026-09-21 23:06:22.241000+00:00,331.54172,6713.198,0.00038156,24.31351666666667,-0.280999252130679,-0.3892156009242454,300-350,quiet_control_2,3.196912851173547
45697,2026-09-23 23:43:51.950000+00:00,0.00037702,15.786367,0.00067096,0.0004753,331.11197,337.4928,6712.4395,spacetrack,2026-09-22 23:25:10.901000+00:00,331.25705,6712.8037,0.00041182,24.3114025,-0.14322168373462504,-0.3595349959756366,300-350,quiet_control_2,3.460413242990266
45700,2026-09-18 20:00:01.999000+00:00,0.00040013,15.864988,0.00103678,0.0004515,309.0871,315.1284,6690.2446,spacetrack,2026-09-17 14:38:45.444000+00:00,309.79688,6691.061,0.0004817,29.354598611111108,-0.5803083947995572,-0.6674797451523128,300-350,quiet_control_2,6.0062928527524395
45700,2026-09-19 22:35:09.541000+00:00,0.0004346,15.867229,0.00114054,0.0004337,308.57654,314.3791,6689.6147,spacetrack,2026-09-18 20:00:01.999000+00:00,309.0871,6690.2446,0.00040013,26.585428333333333,-0.46090812780459706,-0.5686423333282549,300-350,quiet_control_2,6.789969060118585
45700,2026-09-20 22:46:14.295000+00:00,0.00041101,15.869511,0.00108967,0.0004069,308.11484,313.55832,6688.9736,spacetrack,2026-09-19 22:35:09.541000+00:00,308.57654,6689.6147,0.0004346,24.18465388888889,-0.45817484305992123,-0.6362050939693091,300-350,quiet_control_2,5.853573467858187
45700,2026-09-21 21:26:26.003000+00:00,0.00043829,15.871614,0.00117571,0.000376,307.7306,312.76025,6688.3823,spacetrack,2026-09-20 22:46:14.295000+00:00,308.11484,6688.9736,0.00041101,22.669918888888887,-0.4067839874151749,-0.6259925352867757,300-350,quiet_control_2,2.9607618921540033
45700,2026-09-22 21:37:06.341000+00:00,0.00042715,15.874005,0.001159,0.0003631,307.14563,312.00226,6687.711,spacetrack,2026-09-21 21:26:26.003000+00:00,307.7306,6688.3823,0.00043829,24.177871666666668,-0.5806664951140225,-0.6663613829256698,300-350,quiet_control_2,3.3357982594231195
45700,2026-09-23 21:47:33.651000+00:00,0.00050688,15.876423,0.001397,0.0003105,306.81866,310.9713,6687.032,spacetrack,2026-09-22 21:37:06.341000+00:00,307.14563,6687.711,0.00042715,24.174252777777777,-0.32461313580755935,-0.6741056341969842,300-350,quiet_control_2,3.222469854577833
45700,2026-09-24 03:50:08.346000+00:00,0.00045969,15.877095,0.00126865,0.0003277,306.51498,310.89755,6686.8433,spacetrack,2026-09-23 21:47:33.651000+00:00,306.81866,6687.032,0.00050688,6.042970833333333,-1.2060822732749725,-0.7494327086623818,300-350,secondary_active_sep2,10.88285576975453
45703,2026-09-20 03:47:23.948000+00:00,0.00055369,16.019121,0.00322247,0.0004383,266.21036,272.03735,6647.2607,spacetrack,2026-09-17 17:22:02.346000+00:00,271.12534,6651.4175,0.00056741,58.42266722222222,-2.0190711175735587,-1.707611184893781,250-300,quiet_control_2,6.54332595850045
45703,2026-09-21 17:12:37.400000+00:00,0.00056406,16.02969,0.00349936,0.0005355,262.6435,269.75958,6644.3384,spacetrack,2026-09-20 03:47:23.948000+00:00,266.21036,6647.2607,0.00055369,37.42040333333333,-2.287646106789668,-1.874250241913594,250-300,quiet_control_2,4.2108310014949355
45703,2026-09-22 15:39:02.035000+00:00,0.00055443,16.036362,0.00358188,0.0005895,260.443,268.27448,6642.4956,spacetrack,2026-09-21 17:12:37.400000+00:00,262.6435,6644.3384,0.00056406,22.440176388888887,-2.353457436553411,-1.9708935987635752,250-300,quiet_control_2,2.9648126156663337
45703,2026-09-23 15:34:34.092000+00:00,0.00054855,16.043802,0.00371007,0.0006573,257.94003,266.66956,6640.442,spacetrack,2026-09-22 15:39:02.035000+00:00,260.443,6642.4956,0.00055443,23.92557138888889,-2.5107563377941897,-2.0599884198750322,250-300,quiet_control_2,2.749222290139895
45710,2026-09-20 19:55:15.910000+00:00,0.00041801,15.841685,0.0009674,0.0005932,314.6945,322.63956,6696.804,spacetrack,2026-09-19 22:43:21.424000+00:00,315.08,6697.301,0.00044403,21.198468333333334,-0.4364466269221573,-0.5626821623358084,300-350,quiet_control_2,6.203583366859078
45710,2026-09-22 16:00:02+00:00,0.00022886,15.84567,0.00053379,0.0005788,313.66885,321.41977,6695.681,spacetrack,2026-09-20 19:55:15.910000+00:00,314.6945,6696.804,0.00041801,44.07946944444444,-0.5584368484975506,-0.6114411162316961,300-350,quiet_control_2,3.179700123684439
45710,2026-09-23 20:35:00.387000+00:00,0.00046223,15.847849,0.00110417,0.000531,313.37546,320.48563,6695.0674,spacetrack,2026-09-22 16:00:02+00:00,313.66885,6695.681,0.00022886,28.582885277777777,-0.24634881788772722,-0.5152174056914246,300-350,quiet_control_2,3.0612367325058263
45711,2026-09-18 20:00:01.999000+00:00,0.0013921,15.961983,0.00587979,0.0003704,282.50958,287.44562,6663.1147,spacetrack,2026-09-17 14:00:03+00:00,284.1032,6665.2627,0.00064331,29.999721944444442,-1.2749078165066965,-1.7184159271699542,250-300,quiet_control_2,6.199696323111291
45711,2026-09-19 20:00:01.999000+00:00,0.0023575,15.979859,0.01094208,0.0001489,279.01593,280.99872,6658.1445,spacetrack,2026-09-18 20:00:01.999000+00:00,282.50958,6663.1147,0.0013921,24.0,-3.4936500000000024,-4.97019999999975,250-300,quiet_control_2,6.875069409722222
45711,2026-09-20 16:00:02+00:00,0.0021537,15.998008,0.01106779,9.94e-05,274.30966,275.63232,6653.108,spacetrack,2026-09-19 20:00:01.999000+00:00,279.01593,6658.1445,0.0023575,20.00000027777778,-5.647523921562189,-6.043799916058527,250-300,quiet_control_2,6.9998888750015436
45711,2026-09-21 21:21:25.284000+00:00,0.00080169,16.025644,0.00485889,0.0002926,265.37518,269.2641,6645.4565,spacetrack,2026-09-20 16:00:02+00:00,274.30966,6653.108,0.0021537,29.356467777777777,-7.304268402560245,-6.255384721012218,250-300,quiet_control_2,2.854022023009807
45711,2026-09-22 18:17:52.986000+00:00,0.00062913,16.042988,0.00422668,0.0002041,261.174,263.88474,6640.6665,spacetrack,2026-09-21 21:21:25.284000+00:00,265.37518,6645.4565,0.00080169,20.941028333333335,-4.814869565861046,-5.489701755334004,250-300,quiet_control_2,3.39568034584739
45711,2026-09-23 19:42:28.358000+00:00,0.00055072,16.051245,0.00388811,8.93e-05,259.6591,260.8447,6638.3887,spacetrack,2026-09-22 18:17:52.986000+00:00,261.174,6640.6665,0.00062913,25.409825555555557,-1.4308480756984083,-2.1514197285799113,250-300,quiet_control_2,2.9655106513259106
45711,2026-09-24 06:10:00.480000+00:00,0.0006153,16.055035,0.00444974,4.06e-05,258.93774,259.47668,6637.344,spacetrack,2026-09-23 19:42:28.358000+00:00,259.6591,6638.3887,0.00055072,10.45892277777778,-1.6552985778597114,-2.397264090455046,250-300,secondary_active_sep2,9.585570024446431
45731,2026-09-18 20:00:01.999000+00:00,0.00049519,15.835244,0.00111369,0.0003531,318.11768,322.84824,6698.62,spacetrack,2026-09-17 14:00:03+00:00,319.06354,6699.3535,0.00051528,29.999721944444442,-0.7566950134417306,-0.5868054388172976,300-350,quiet_control_2,6.199696323111291
45731,2026-09-19 19:17:33.218000+00:00,0.0004458,15.83704,0.00100932,0.0003688,317.50623,322.44675,6698.1133,spacetrack,2026-09-18 20:00:01.999000+00:00,318.11768,6698.62,0.00049519,23.292005277777776,-0.6300359211235701,-0.5221018909694349,300-350,quiet_control_2,6.9016684301274145
45731,2026-09-20 11:57:06.429000+00:00,0.00042946,15.838414,0.00097814,0.0003913,316.96817,322.2098,6697.726,spacetrack,2026-09-19 19:17:33.218000+00:00,317.50623,6698.1133,0.0004458,16.65922527777778,-0.7751524926688116,-0.5579611203413456,300-350,quiet_control_2,7.809486455544291
45731,2026-09-21 19:45:06.073000+00:00,0.00043662,15.841048,0.00100763,0.0004332,315.9454,321.74765,6696.9834,spacetrack,2026-09-20 11:57:06.429000+00:00,316.96817,6697.726,0.00042946,31.79990111111111,-0.7719042871936104,-0.5604545730415098,300-350,quiet_control_2,3.0234258328056995
45731,2026-09-22 10:53:33.504000+00:00,0.0004198,15.842301,0.00097401,0.0004456,315.50928,321.47733,6696.6304,spacetrack,2026-09-21 19:45:06.073000+00:00,315.9454,6696.9834,0.00043662,15.140953055555554,-0.6912959812764143,-0.559542055834656,300-350,quiet_control_2,3.6183508263304502
45731,2026-09-23 18:41:04.858000+00:00,0.0004275,15.844967,0.00100523,0.000466,314.62195,320.86252,6695.8794,spacetrack,2026-09-22 10:53:33.504000+00:00,315.50928,6696.6304,0.0004198,31.79204277777778,-0.6698506336587055,-0.5669343151678012,300-350,quiet_control_2,2.746687819874984
45741,2026-09-18 06:52:19.212000+00:00,0.00043605,15.770026,0.00072255,0.0005312,335.37027,342.5065,6717.075,spacetrack,2026-09-17 11:05:54.766000+00:00,335.77402,6717.401,0.0004333,19.77345722222222,-0.4900508743160016,-0.3956819443393841,300-350,quiet_control_2,8.168159207139155
45741,2026-09-19 19:22:23.579000+00:00,0.00040349,15.772,0.00067364,0.0005388,334.75916,341.99686,6716.515,spacetrack,2026-09-18 06:52:19.212000+00:00,335.37027,6717.075,0.00043605,36.50121305555555,-0.4018123994311369,-0.3682069409455471,300-350,quiet_control_2,6.058299340995267
45741,2026-09-20 12:06:05.037000+00:00,0.00043648,15.772932,0.00073299,0.0006035,334.06024,342.16675,6716.2505,spacetrack,2026-09-19 19:22:23.579000+00:00,334.75916,6716.515,0.00040349,16.72818277777778,-1.0027437064044324,-0.37947935435272073,300-350,quiet_control_2,7.78125753780322
45741,2026-09-21 20:02:03.261000+00:00,0.00038698,15.774734,0.00065399,0.0006879,332.98242,342.22195,6715.7393,spacetrack,2026-09-20 12:06:05.037000+00:00,334.06024,6716.2505,0.00043648,31.93284,-0.8100651241793949,-0.38420635308347173,300-350,quiet_control_2,2.9936079388282826
45741,2026-09-22 18:50:28.115000+00:00,0.00036635,15.776016,0.00062204,0.0006628,332.7872,341.6891,6715.375,spacetrack,2026-09-21 20:02:03.261000+00:00,332.98242,6715.7393,0.00038698,22.80690388888889,-0.2054325314310958,-0.3833576027066069,300-350,quiet_control_2,3.267582023835034
45741,2026-09-23 20:41:12.026000+00:00,0.00047076,15.777526,0.00080827,0.0006087,332.72235,340.89713,6714.947,spacetrack,2026-09-22 18:50:28.115000+00:00,332.7872,6715.375,0.00036635,25.84553083333333,-0.06021930870896157,-0.3974381515410497,300-350,quiet_control_2,3.079705140511559
45751,2026-09-22 19:42:11.566000+00:00,0.00036746,15.7279215,0.00050381,0.0002694,349.10837,352.73398,6729.058,spacetrack,2026-09-21 19:18:05.476000+00:00,349.8749,6729.3564,0.00036961,24.401691666666665,-0.7539116652773499,-0.29348784903200403,300-350,quiet_control_2,3.1600119937039888
45751,2026-09-23 10:57:12.221000+00:00,0.00036042,15.728604,0.00049545,0.0002739,348.8834,352.56946,6728.8633,spacetrack,2026-09-22 19:42:11.566000+00:00,349.10837,6729.058,0.00036746,15.250181944444444,-0.354046923483858,-0.3064094590492774,300-350,quiet_control_2,2.5379330355894663
45751,2026-09-24 03:43:40.036000+00:00,0.0004448,15.729438,0.00061597,0.0002594,348.74344,352.23425,6728.626,spacetrack,2026-09-23 10:57:12.221000+00:00,348.8834,6728.8633,0.00036042,16.774393055555556,-0.20024807984852117,-0.3395175003430868,300-350,secondary_active_sep2,6.541906508788237
45755,2026-09-18 20:00:01.999000+00:00,0.00026361,15.887085,0.00075734,0.000509,302.5007,309.30505,6684.04,spacetrack,2026-09-17 14:00:03+00:00,303.49344,6685.028,0.00059255,29.999721944444442,-0.7941993610515063,-0.7904073259051644,300-350,quiet_control_2,6.199696323111291
45755,2026-09-19 20:00:01.999000+00:00,0.0003996,15.889675,0.0011729,0.0005344,301.60492,308.74805,6683.3135,spacetrack,2026-09-18 20:00:01.999000+00:00,302.5007,6684.04,0.00026361,24.0,-0.895780000000002,-0.7264999999997599,300-350,quiet_control_2,6.875069409722222
45755,2026-09-20 09:20:25.879000+00:00,0.00044799,15.891011,0.00132702,0.0005226,301.3094,308.29437,6682.939,spacetrack,2026-09-19 20:00:01.999000+00:00,301.60492,6683.3135,0.0003996,13.339966666666665,-0.5316714934320363,-0.6737648020108162,300-350,quiet_control_2,8.846966196817085
45755,2026-09-21 09:29:19.263000+00:00,0.00045533,15.893727,0.00136825,0.0005364,300.45612,307.62476,6682.1772,spacetrack,2026-09-20 09:20:25.879000+00:00,301.3094,6682.939,0.00044799,24.148162222222222,-0.8480446591150599,-0.7571259390985989,300-350,quiet_control_2,3.37269916928576
45755,2026-09-22 09:37:57.741000+00:00,0.00045123,15.89646,0.0013273,0.0005473,299.6179,306.93137,6681.4116,spacetrack,2026-09-21 09:29:19.263000+00:00,300.45612,6682.1772,0.00045533,24.144021666666667,-0.8332199282182338,-0.7610331142703164,300-350,quiet_control_2,3.098048875177037
45755,2026-09-23 16:00:02+00:00,0.00041698,15.900284,0.00124879,0.0005803,298.32666,306.07986,6680.3403,spacetrack,2026-09-22 09:37:57.741000+00:00,299.6179,6681.4116,0.00045123,30.367849722222225,-1.020479233250521,-0.8466585627627705,250-300,quiet_control_2,2.6256799783111266
45755,2026-09-24 02:21:57.233000+00:00,0.00052437,15.901403,0.00158834,0.0005603,298.14706,305.63272,6680.027,spacetrack,2026-09-23 16:00:02+00:00,298.32666,6680.3403,0.00041698,10.3653425,-0.4158473296950723,-0.7254174186714216,250-300,secondary_active_sep2,7.475566211793452
45759,2026-09-18 16:21:36.289000+00:00,0.00042103,15.768829,0.00069369,0.0006207,335.10876,343.44778,6717.415,spacetrack,2026-09-17 23:37:39.106000+00:00,335.43878,6717.6724,0.00050172,16.73255083333333,-0.47335759376395764,-0.369196547588156,300-350,quiet_control_2,5.724922461928539
45759,2026-09-19 19:44:18.573000+00:00,0.00041688,15.770331,0.00069149,0.0006556,334.44827,343.25558,6716.989,spacetrack,2026-09-18 16:21:36.289000+00:00,335.10876,6717.415,0.00042103,27.378412222222224,-0.5789875567413121,-0.37343290461930967,300-350,quiet_control_2,6.428080359826076
45759,2026-09-20 15:30:36.505000+00:00,0.00041235,15.771463,0.00068736,0.0006587,334.1061,342.95465,6716.6675,spacetrack,2026-09-19 19:44:18.573000+00:00,334.44827,6716.989,0.00041688,19.77164777777778,-0.41534626209702125,-0.39025578883074685,300-350,quiet_control_2,7.1106529478827785
45759,2026-09-21 18:53:02.159000+00:00,0.00038901,15.772983,0.0006524,0.0007245,333.2333,342.96512,6716.2363,spacetrack,2026-09-20 15:30:36.505000+00:00,334.1061,6716.6675,0.00041235,27.373792777777776,-0.7652282666874739,-0.37805502818012776,300-350,quiet_control_2,3.0313563092290194
45759,2026-09-22 17:41:35.971000+00:00,0.0003949,15.774322,0.00066638,0.0006913,333.0765,342.36185,6715.856,spacetrack,2026-09-21 18:53:02.159000+00:00,333.2333,6716.2363,0.00038901,22.809392222222225,-0.1649846678655948,-0.4001509514621398,300-350,quiet_control_2,3.116259089274774
45759,2026-09-23 18:01:16.713000+00:00,0.00039294,15.775691,0.00066745,0.0007922,332.01038,342.65036,6715.4673,spacetrack,2026-09-22 17:41:35.971000+00:00,333.0765,6715.856,0.0003949,24.327983888888888,-1.0517468326541588,-0.38345964230307916,300-350,quiet_control_2,2.7559981736624244
45759,2026-09-24 06:11:03.642000+00:00,0.0004585,15.77655,0.00078369,0.0007041,332.35828,341.81464,6715.2236,spacetrack,2026-09-23 18:01:16.713000+00:00,332.01038,6715.4673,0.00039294,12.163035833333332,0.6864733537261405,-0.48086679017839146,300-350,secondary_active_sep2,9.09619288441078
45764,2026-09-18 22:12:16.330000+00:00,0.00042884,15.762925,0.00068773,0.0002796,339.07703,342.83432,6719.093,spacetrack,2026-09-17 18:48:48.057000+00:00,339.7717,6719.5073,0.00054594,27.391186944444446,-0.6086658469315513,-0.36300727019153534,300-350,quiet_control_2,5.671427163114398
45764,2026-09-19 19:30:25.303000+00:00,0.00042957,15.76411,0.00069259,0.0002951,338.63638,342.60178,6718.756,spacetrack,2026-09-18 22:12:16.330000+00:00,339.07703,6719.093,0.00042884,21.3024925,-0.49644894840357867,-0.37967388088454085,300-350,quiet_control_2,7.126628726661916
45764,2026-09-20 21:22:19.788000+00:00,0.00038041,15.765532,0.00061593,0.0003131,338.1115,342.31854,6718.352,spacetrack,2026-09-19 19:30:25.303000+00:00,338.63638,6718.756,0.00042957,25.865134722222223,-0.48703090609371524,-0.3748675622277133,300-350,quiet_control_2,5.97122278021513
45764,2026-09-21 18:40:15.904000+00:00,0.0004037,15.766753,0.00065794,0.0003277,337.6665,342.06946,6718.005,spacetrack,2026-09-20 21:22:19.788000+00:00,338.1115,6718.352,0.00038041,21.29892111111111,-0.5014338493618979,-0.391005720738106,300-350,quiet_control_2,3.310559548947419
45764,2026-09-22 19:00:38.576000+00:00,0.0004068,15.768129,0.00066722,0.0003438,337.16776,341.7868,6717.6143,spacetrack,2026-09-21 18:40:15.904000+00:00,337.6665,6718.005,0.0004037,24.339631111111114,-0.4917806660814888,-0.38524823803585284,300-350,quiet_control_2,3.082715030648689
45764,2026-09-23 20:52:09.220000+00:00,0.00046813,15.769635,0.000775,0.0003682,336.5764,341.52292,6717.1865,spacetrack,2026-09-22 19:00:38.576000+00:00,337.16776,6717.6143,0.0004068,25.858512222222224,-0.5488575629576776,-0.3970530056708338,300-350,quiet_control_2,3.100844291076126
45780,2026-09-18 20:00:01.999000+00:00,0.00042504,15.856144,0.00105527,0.0003952,311.95023,317.24017,6692.7324,spacetrack,2026-09-17 14:00:03+00:00,312.89432,6693.6567,0.00079078,29.999721944444442,-0.7552790003174148,-0.7394468535765962,300-350,quiet_control_2,6.199696323111291
45780,2026-09-19 16:13:25.914000+00:00,0.00046203,15.857842,0.00115865,0.0003916,311.49673,316.7381,6692.2544,spacetrack,2026-09-18 20:00:01.999000+00:00,311.95023,6692.7324,0.00042504,20.223309722222222,-0.5381908376767482,-0.5672661971544478,300-350,quiet_control_2,7.038488067571641
45780,2026-09-20 16:00:02+00:00,0.00039943,15.860245,0.00101079,0.0004182,310.6433,316.24014,6691.5786,spacetrack,2026-09-19 16:13:25.914000+00:00,311.49673,6692.2544,0.00046203,23.776690555555554,-0.8614453702941542,-0.6821470785474744,300-350,quiet_control_2,6.841066494559109
45780,2026-09-21 00:00:02+00:00,0.00049065,15.860929,0.00125088,0.0003968,310.5941,315.90436,6691.386,spacetrack,2026-09-20 16:00:02+00:00,310.6433,6691.5786,0.00039943,8.0,-0.14759999999995443,-0.5777999999982057,300-350,quiet_control_2,2.750277777777778
45780,2026-09-24 02:04:02.183000+00:00,0.00053773,15.868551,0.00142676,0.0004132,308.34232,313.8703,6689.243,spacetrack,2026-09-23 16:00:02+00:00,308.41333,6689.421,8.589e-05,10.0667175,-0.16929450935719884,-0.42436871800536835,300-350,secondary_active_sep2,7.252357003826389
46141,2026-09-18 20:00:01.999000+00:00,3.9881e-05,15.770979,5.979e-05,0.000385,336.082,341.25394,6716.805,spacetrack,2026-09-17 00:00:04+00:00,337.64395,6717.8667,0.0003415,43.99944416666667,-0.8519834900187223,-0.5791164066405836,300-350,quiet_control_2,7.1588404156544945
46141,2026-09-19 21:28:29.402000+00:00,0.00060254,15.772553,0.00101543,0.0003836,335.64447,340.79727,6716.358,spacetrack,2026-09-18 20:00:01.999000+00:00,336.082,6716.805,3.9881e-05,25.474278611111114,-0.41220872866717606,-0.4211306692439002,300-350,quiet_control_2,6.824426322485655
46141,2026-09-20 21:48:18.186000+00:00,0.00053,15.774517,0.00089914,0.0004403,334.70676,340.6207,6715.801,spacetrack,2026-09-19 21:28:29.402000+00:00,335.64447,6716.358,0.00060254,24.33021777777778,-0.9249830891590332,-0.549440211431429,300-350,quiet_control_2,5.933822896776373
46141,2026-09-21 06:55:41.017000+00:00,0.00056512,15.775285,0.00096314,0.0004212,334.61722,340.2744,6715.583,spacetrack,2026-09-20 21:48:18.186000+00:00,334.70676,6715.801,0.00053,9.12300861111111,-0.2355538717109971,-0.5734950193564428,300-350,quiet_control_2,4.454222901795525
46141,2026-09-22 20:56:09.487000+00:00,0.00057885,15.778462,0.00100143,0.000464,333.42838,339.6596,6714.681,spacetrack,2026-09-21 06:55:41.017000+00:00,334.61722,6715.583,0.00056512,38.00790833333333,-0.7506900866464228,-0.5695656759152812,300-350,quiet_control_2,2.866555673683993
46141,2026-09-23 19:44:13.133000+00:00,0.00062416,15.780447,0.00109122,0.0004818,332.7461,339.21582,6714.118,spacetrack,2026-09-22 20:56:09.487000+00:00,333.42838,6714.681,0.00057885,22.801012777777775,-0.7181575730688093,-0.5926052553748675,300-350,quiet_control_2,2.9653938252206777
46174,2026-09-18 20:00:01.999000+00:00,0.0010041,15.86701,0.0026883,0.0002763,309.69116,313.38788,6689.6763,spacetrack,2026-09-17 14:00:03+00:00,310.945,6690.907,0.00075574,29.999721944444442,-1.0030812970775522,-0.9845691254972284,300-350,quiet_control_2,6.199696323111291
46174,2026-09-19 20:00:01.999000+00:00,0.00070793,15.870886,0.00191255,0.0002929,308.49115,312.40933,6688.5874,spacetrack,2026-09-18 20:00:01.999000+00:00,309.69116,6689.6763,0.0010041,24.0,-1.2000100000000202,-1.0888999999997395,300-350,quiet_control_2,6.875069409722222
46174,2026-09-20 16:00:02+00:00,0.0005531,15.874656,0.0015138,0.0003151,307.284,311.4985,6687.5283,spacetrack,2026-09-19 20:00:01.999000+00:00,308.49115,6688.5874,0.00070793,20.00000027777778,-1.448579979880849,-1.2709199823488118,300-350,quiet_control_2,6.9998888750015436
46174,2026-09-21 16:00:02+00:00,0.00057847,15.878535,0.00161632,0.0003364,306.05255,310.55118,6686.439,spacetrack,2026-09-20 16:00:02+00:00,307.284,6687.5283,0.0005531,24.0,-1.2314499999999953,-1.0892999999996391,300-350,quiet_control_2,3.25
46174,2026-09-22 16:00:02+00:00,0.00046225,15.881886,0.00130737,0.0003983,304.69882,310.02448,6685.4985,spacetrack,2026-09-21 16:00:02+00:00,306.05255,6686.439,0.00057847,24.0,-1.3537299999999846,-0.9405000000006112,300-350,quiet_control_2,2.916689814814815
46174,2026-09-23 16:00:02+00:00,0.00045799,15.886322,0.0013248,0.0004492,303.1143,309.11942,6684.254,spacetrack,2026-09-22 16:00:02+00:00,304.69882,6685.4985,0.00046225,24.0,-1.5845199999999977,-1.244499999999789,300-350,quiet_control_2,2.75
46174,2026-09-24 08:00:02+00:00,0.00087992,15.888972,0.00262475,0.0004505,302.36264,308.3845,6683.5107,spacetrack,2026-09-23 16:00:02+00:00,303.1143,6684.254,0.00045799,16.0,-1.127490000000023,-1.1149500000001353,300-350,secondary_active_sep2,9.000416666666666
46278,2026-09-18 22:57:40.700000+00:00,0.00062097,15.83698,0.00137948,0.0002247,318.48834,321.4985,6698.1304,spacetrack,2026-09-17 22:41:45.103000+00:00,319.19955,6698.831,0.0006596,24.26544361111111,-0.7034299588153407,-0.6929360233209849,300-350,quiet_control_2,5.419438356079234
46278,2026-09-19 12:36:32.229000+00:00,0.00060313,15.83835,0.00134799,0.0002215,318.12338,321.09048,6697.744,spacetrack,2026-09-18 22:57:40.700000+00:00,318.48834,6698.1304,0.00062097,13.647646944444444,-0.6417985485450634,-0.6795017513097911,300-350,quiet_control_2,7.758544905044579
46278,2026-09-20 21:57:52.372000+00:00,0.00059869,15.842014,0.00136163,0.0002404,316.96436,320.18414,6696.7114,spacetrack,2026-09-19 12:36:32.229000+00:00,318.12338,6697.744,0.00060313,33.35559527777777,-0.8339374479259227,-0.742975797421901,300-350,quiet_control_2,5.942165758413529
46278,2026-09-21 14:38:21.912000+00:00,0.00059395,15.843845,0.0013626,0.0002457,316.41315,319.70364,6696.1953,spacetrack,2026-09-20 21:57:52.372000+00:00,316.96436,6696.7114,0.00059869,16.674872222222223,-0.7933518064606564,-0.742818285797039,300-350,quiet_control_2,3.6618013064901054
46278,2026-09-22 16:24:20.716000+00:00,0.00057998,15.846805,0.00134916,0.0002623,315.46848,318.98087,6695.362,spacetrack,2026-09-21 14:38:21.912000+00:00,316.41315,6696.1953,0.00059395,25.766334444444446,-0.8799109570235265,-0.7761755962271826,300-350,quiet_control_2,2.8835690033260883
46278,2026-09-23 21:11:52.039000+00:00,0.00058567,15.850052,0.00138419,0.0002714,314.49332,318.12708,6694.4473,spacetrack,2026-09-22 16:24:20.716000+00:00,315.46848,6695.362,0.00057998,28.792034166666667,-0.8128581629392366,-0.7624608901521017,300-350,quiet_control_2,3.1248041667543407
46278,2026-09-24 04:46:24.976000+00:00,0.00057178,15.851087,0.00135759,0.0002671,314.2308,317.80682,6694.156,spacetrack,2026-09-23 21:11:52.039000+00:00,314.49332,6694.4473,0.00058567,7.575815833333333,-0.8316569645579267,-0.9228313034268479,300-350,secondary_active_sep2,10.266314552041095
46320,2026-09-18 23:19:32.926000+00:00,0.00061312,15.856448,0.00149592,0.000232,312.957,316.06238,6692.6465,spacetrack,2026-09-17 23:05:23.947000+00:00,313.78308,6693.425,0.0006986,24.235827500000003,-0.8180418019562059,-0.7709247806788682,300-350,quiet_control_2,5.369942873486234
46320,2026-09-19 23:33:26.618000+00:00,0.00061001,15.859319,0.00150922,0.0002296,312.1656,315.2385,6691.839,spacetrack,2026-09-18 23:19:32.926000+00:00,312.957,6692.6465,0.00061312,24.231581111111108,-0.7838365937784781,-0.7997827261511594,300-350,quiet_control_2,6.990443004521693
46320,2026-09-20 10:09:26.291000+00:00,0.00060729,15.860591,0.00151175,0.0002247,311.8408,314.84793,6691.4814,spacetrack,2026-09-19 23:33:26.618000+00:00,312.1656,6691.839,0.00061001,10.599909166666666,-0.7354025282134479,-0.8096673155460155,300-350,quiet_control_2,9.351735404021937
46320,2026-09-22 06:03:41.622000+00:00,0.00063949,15.866329,0.0016391,0.0002315,310.18198,313.2794,6689.8677,spacetrack,2026-09-20 10:09:26.291000+00:00,311.8408,6691.4814,0.00060729,43.90425861111111,-0.9067840173008734,-0.8821194395524039,300-350,quiet_control_2,3.340250326640358
46320,2026-09-23 19:53:49.773000+00:00,0.00067886,15.871432,0.00178675,0.0002417,308.68018,311.9134,6688.4336,spacetrack,2026-09-22 06:03:41.622000+00:00,310.18198,6689.8677,0.00063949,37.835597500000006,-0.9526266897199143,-0.9096830042128378,300-350,quiet_control_2,2.7556015645495395
46375,2026-09-18 20:41:56.984000+00:00,0.00096137,16.213541,0.02157815,0.0012269,207.78767,223.96806,6594.0146,spacetrack,2026-09-17 20:59:59.111000+00:00,218.4782,6604.353,0.00088903,23.69940916666667,-10.82612305630263,-10.469526824701415,200-250,quiet_control_2,5.658325378083441
46384,2026-09-18 07:48:14.635000+00:00,0.00042443,15.740482,0.00061632,0.0003683,344.8639,349.81787,6725.478,spacetrack,2026-09-17 08:56:44.838000+00:00,345.04184,6725.785,0.0004457,22.858276944444444,-0.1868277302956297,-0.3223340069727207,300-350,quiet_control_2,7.916332774523675
46384,2026-09-19 21:53:52.016000+00:00,0.00039034,15.74225,0.00057034,0.0003516,344.4727,349.2017,6724.974,spacetrack,2026-09-18 07:48:14.635000+00:00,344.8639,6725.478,0.00042443,38.093716944444445,-0.24646584143241193,-0.3175326791459714,300-350,quiet_control_2,6.031394540048858
46384,2026-09-20 13:08:02.637000+00:00,0.00038477,15.742953,0.00056378,0.000339,344.35757,348.91696,6724.7744,spacetrack,2026-09-19 21:53:52.016000+00:00,344.4727,6724.974,0.00039034,15.23628361111111,-0.1813513104983257,-0.31440737927092854,300-350,quiet_control_2,7.820120249869185
46384,2026-09-21 21:07:40.784000+00:00,0.00023065,15.744694,0.00033705,0.0002883,344.20285,348.08008,6724.2783,spacetrack,2026-09-20 13:08:02.637000+00:00,344.35757,6724.7744,0.00038477,31.993929722222223,-0.1160620165212398,-0.37214559459812846,300-350,quiet_control_2,2.878787171319921
46384,2026-09-22 19:58:43.575000+00:00,0.00041606,15.745616,0.00061762,0.0002936,343.90482,347.85315,6724.016,spacetrack,2026-09-21 21:07:40.784000+00:00,344.20285,6724.2783,0.00023065,22.850775277777778,-0.31301870124979636,-0.2754917469312208,300-350,quiet_control_2,3.3826569900843744
46384,2026-09-23 18:49:40.646000+00:00,0.00039362,15.746775,0.00058671,0.0002877,343.61475,347.48355,6723.686,spacetrack,2026-09-22 19:58:43.575000+00:00,343.90482,6724.016,0.00041606,22.84918638888889,-0.3046795575786588,-0.3466206570860481,300-350,quiet_control_2,2.846115819027886
46457,2026-09-18 21:48:21.260000+00:00,0.00058575,15.779972,0.00100081,0.0009152,329.97095,342.2607,6714.253,spacetrack,2026-09-17 21:27:11.813000+00:00,330.54562,6714.8267,0.00072936,24.352624166666665,-0.5663488216139579,-0.5653928671409646,300-350,quiet_control_2,5.574590233242831
46457,2026-09-19 22:09:19.395000+00:00,0.000619,15.782058,0.00106843,0.0009208,329.34232,341.7062,6713.661,spacetrack,2026-09-18 21:48:21.260000+00:00,329.97095,6714.253,0.00058575,24.34948194444444,-0.6196074328983133,-0.5835031740062597,300-350,quiet_control_2,6.985647253389545
46457,2026-09-20 20:58:48.218000+00:00,0.00058224,15.784063,0.00101333,0.0009232,328.75787,341.15292,6713.0923,spacetrack,2026-09-19 22:09:19.395000+00:00,329.34232,6713.661,0.000619,22.824673055555557,-0.614545494950018,-0.5979844691213771,300-350,quiet_control_2,6.00349436671376
46457,2026-09-21 01:32:40.771000+00:00,0.00057878,15.784452,0.001009,0.0009251,328.63513,341.05548,6712.9824,spacetrack,2026-09-20 20:58:48.218000+00:00,328.75787,6713.0923,0.00058224,4.564598055555556,-0.6453492649621678,-0.5778383918818223,300-350,quiet_control_2,4.668062838440259
46457,2026-09-22 21:39:46.145000+00:00,0.00063928,15.788511,0.00113661,0.0009097,327.5888,339.80032,6711.8315,spacetrack,2026-09-21 01:32:40.771000+00:00,328.63513,6712.9824,0.00057878,44.118159444444444,-0.5691969093049389,-0.6260823286332616,300-350,quiet_control_2,3.030962854839555
46457,2026-09-23 17:26:10.530000+00:00,0.00063093,15.7903185,0.00113077,0.0009064,327.09927,339.26556,6711.3193,spacetrack,2026-09-22 21:39:46.145000+00:00,327.5888,6711.8315,0.00063928,19.773440277777777,-0.594166712264216,-0.6216824097027802,300-350,quiet_control_2,2.6965626660959425
46457,2026-09-24 02:33:42.172000+00:00,0.00070591,15.791207,0.00127244,0.0009087,326.83243,339.0291,6711.068,spacetrack,2026-09-23 17:26:10.530000+00:00,327.09927,6711.3193,0.00063093,9.125456111111111,-0.7017906745726794,-0.6609203886975101,300-350,secondary_active_sep2,8.341165717074354
46458,2026-09-18 21:52:49.363000+00:00,0.00055631,15.72238,0.00073906,0.0010768,345.25485,359.74994,6730.639,spacetrack,2026-09-17 21:26:20.629000+00:00,345.67358,6731.041,0.00064539,24.441315,-0.41116936629641,-0.39474144496730423,300-350,quiet_control_2,5.577879061198902
46458,2026-09-19 22:19:10.095000+00:00,0.00056879,15.723853,0.0007606,0.0010812,344.80515,359.35855,6730.2188,spacetrack,2026-09-18 21:52:49.363000+00:00,345.25485,6730.639,0.00055631,24.43909222222222,-0.44162033114245636,-0.41265035167065034,300-350,quiet_control_2,6.982033202451645
46458,2026-09-20 22:45:22.288000+00:00,0.00051743,15.725385,0.00069577,0.0010791,344.3828,358.907,6729.7817,spacetrack,2026-09-19 22:19:10.095000+00:00,344.80515,6730.2188,0.00056879,24.436720277777777,-0.41480198180355055,-0.4292883775218458,300-350,quiet_control_2,5.856266218121902
46458,2026-09-21 21:39:48.372000+00:00,0.00050464,15.726798,0.0006825,0.0010766,343.99673,358.48642,6729.3784,spacetrack,2026-09-20 22:45:22.288000+00:00,344.3828,6729.7817,0.00051743,22.907245555555555,-0.4044868675951272,-0.4225387978892659,300-350,quiet_control_2,2.981258428616545
46458,2026-09-22 22:05:44.104000+00:00,0.00055607,15.728326,0.00075774,0.0010795,343.54202,358.0698,6728.943,spacetrack,2026-09-21 21:39:48.372000+00:00,343.99673,6729.3784,0.00050464,24.43214777777778,-0.44666723937904296,-0.42769878829440383,300-350,quiet_control_2,3.3140586221259576
46458,2026-09-23 20:59:54.782000+00:00,0.00062888,15.72981,0.00086354,0.0010699,343.18393,357.5816,6728.5195,spacetrack,2026-09-22 22:05:44.104000+00:00,343.54202,6728.943,0.00055607,22.902966111111112,-0.3752422266315429,-0.4437853136876487,300-350,quiet_control_2,3.130797541774004
46459,2026-09-18 21:22:03.707000+00:00,0.00086125,16.120386,0.00907954,0.0005222,237.79999,244.71329,6619.3936,spacetrack,2026-09-17 11:04:28.208000+00:00,245.06366,6626.3335,0.00091953,34.293194166666666,-5.08345997613277,-4.856870409636009,200-250,quiet_control_2,6.612366404189092
46459,2026-09-19 22:40:42.228000+00:00,0.0009398,16.142033,0.01139967,0.0005774,231.51929,239.15654,6613.475,spacetrack,2026-09-18 21:22:03.707000+00:00,237.79999,6619.3936,0.00086125,25.310700277777777,-5.955457507919819,-5.612108651324547,200-250,quiet_control_2,6.948215566404991
46459,2026-09-20 22:27:59.957000+00:00,0.00089188,16.166079,0.01272909,0.0006063,224.7724,232.78395,6606.915,spacetrack,2026-09-19 22:40:42.228000+00:00,231.51929,6613.475,0.0009398,23.78825805555556,-6.806944822182295,-6.618391293398666,200-250,quiet_control_2,5.876690868343788
46459,2026-09-21 19:14:59.882000+00:00,0.00087084,16.190754,0.01528101,0.0006451,217.8055,226.32108,6600.2,spacetrack,2026-09-20 22:27:59.957000+00:00,224.7724,6606.915,0.00089188,20.7833125,-8.045185289881015,-7.754298069665434,200-250,quiet_control_2,3.1820423770807036
46459,2026-09-22 23:23:57.053000+00:00,0.0008732,16.233526,0.0214145,0.0007073,205.80475,215.12498,6588.602,spacetrack,2026-09-21 19:14:59.882000+00:00,217.8055,6600.2,0.00087084,28.149214166666667,-10.231830924113705,-9.888446560245857,200-250,quiet_control_2,3.1332151457040376
46460,2026-09-18 22:08:34.863000+00:00,0.00067307,15.896625,0.00196115,0.0001723,302.07718,304.37958,6681.365,spacetrack,2026-09-17 21:58:02.752000+00:00,303.29065,6682.4946,0.0007821,24.17558638888889,-1.2046566123163729,-1.1213957570214297,300-350,quiet_control_2,5.507673024270319
46460,2026-09-19 22:18:44.406000+00:00,0.00071728,15.900878,0.00213569,0.0001866,300.79044,303.28348,6680.174,spacetrack,2026-09-18 22:08:34.863000+00:00,302.07718,6681.365,0.00067307,24.169317500000002,-1.277725777734527,-1.1826564817146898,300-350,quiet_control_2,6.9929945270486025
46460,2026-09-20 17:56:42.098000+00:00,0.00075934,15.904551,0.00230369,0.0001965,299.69608,302.32098,6679.1455,spacetrack,2026-09-19 22:18:44.406000+00:00,300.79044,6680.174,0.00071728,19.63269222222222,-1.337801240029167,-1.2572906313922954,300-350,quiet_control_2,6.622425644572548
46460,2026-09-21 21:07:16.883000+00:00,0.00071436,15.909538,0.00222262,0.0002226,298.12607,301.099,6677.7495,spacetrack,2026-09-20 17:56:42.098000+00:00,299.69608,6679.1455,0.00075934,27.17632916666667,-1.3865095528139324,-1.2328375843006834,250-300,quiet_control_2,2.896518032926632
46460,2026-09-22 21:16:14.531000+00:00,0.0007357,15.914246,0.00234507,0.0002551,296.59256,299.99887,6676.4326,spacetrack,2026-09-21 21:07:16.883000+00:00,298.12607,6677.7495,0.00071436,24.149346666666666,-1.5240263228653603,-1.3087559028510083,250-300,quiet_control_2,3.362630399202886
46460,2026-09-23 22:55:17.241000+00:00,0.00077614,15.919439,0.00254135,0.0002825,294.95782,298.7292,6674.9805,spacetrack,2026-09-22 21:16:14.531000+00:00,296.59256,6676.4326,0.0007357,25.65075277777778,-1.529536397621393,-1.358650184730738,250-300,quiet_control_2,3.341680713074156
46460,2026-09-24 06:27:50.939000+00:00,0.00080773,15.921149,0.00266846,0.0002897,294.43176,298.29898,6674.5024,spacetrack,2026-09-23 22:55:17.241000+00:00,294.95782,6674.9805,0.00077614,7.542693888888889,-1.6738635010230483,-1.521260198148501,250-300,secondary_active_sep2,11.326657569808722
46537,2026-09-18 20:00:01.999000+00:00,0.0016655,15.946526,0.0064865,0.0007775,284.09888,294.46674,6667.42,spacetrack,2026-09-17 14:00:03+00:00,286.0311,6670.0957,0.00082755,29.999721944444442,-1.5457903271862512,-2.140579840003711,250-300,quiet_control_2,6.199696323111291
46537,2026-09-19 20:00:01.999000+00:00,0.0028324,15.964983,0.01209577,0.0003416,281.86703,286.4187,6662.28,spacetrack,2026-09-18 20:00:01.999000+00:00,284.09888,6667.42,0.0016655,24.0,-2.2318500000000085,-5.140000000000327,250-300,quiet_control_2,6.875069409722222
46537,2026-09-20 16:00:02+00:00,0.0023269,15.984367,0.01107399,0.0002011,277.41672,280.09412,6656.8926,spacetrack,2026-09-19 20:00:01.999000+00:00,281.86703,6662.28,0.0028324,20.00000027777778,-5.340371925828169,-6.46487991020954,250-300,quiet_control_2,6.9998888750015436
46537,2026-09-21 16:07:25.303000+00:00,0.00076904,16.001577,0.00404528,0.0001313,273.1082,274.855,6652.1187,spacetrack,2026-09-20 16:00:02+00:00,277.41672,6656.8926,0.0023269,24.123139722222223,-4.286526596069232,-4.749531002983754,250-300,quiet_control_2,3.2436192114894573
46537,2026-09-22 22:05:28.983000+00:00,0.00079203,16.013285,0.00446052,0.0001283,269.8857,271.59183,6648.876,spacetrack,2026-09-21 16:07:25.303000+00:00,273.1082,6652.1187,0.00076904,29.967688888888887,-2.5807795952084893,-2.5969570188927698,250-300,quiet_control_2,2.937389074974083
46537,2026-09-23 22:02:59.902000+00:00,0.00082466,16.022774,0.00491225,0.0001532,267.09546,269.13187,6646.2505,spacetrack,2026-09-22 22:05:28.983000+00:00,269.8857,6648.876,0.00079203,23.95858861111111,-2.7950628097075527,-2.6300380637104728,250-300,quiet_control_2,3.256689508432948
46537,2026-09-24 07:01:50.445000+00:00,0.00092546,16.026785,0.00564749,0.0001924,265.72614,268.2832,6645.1416,spacetrack,2026-09-23 22:02:59.902000+00:00,267.09546,6646.2505,0.00082466,8.980706388888889,-3.6593647066181783,-2.9634194513842598,250-300,secondary_active_sep2,11.041486776142301
46563,2026-09-18 20:00:01.999000+00:00,0.00076133,15.809226,0.00152682,0.000418,325.02728,330.63345,6705.9673,spacetrack,2026-09-17 14:00:03+00:00,325.7405,6706.8237,0.00049211,29.999721944444442,-0.570581288443221,-0.685126350105997,300-350,quiet_control_2,6.199696323111291
46563,2026-09-19 20:00:01.999000+00:00,0.00041882,15.812145,0.00084141,0.0004001,324.32214,329.68762,6705.142,spacetrack,2026-09-18 20:00:01.999000+00:00,325.02728,6705.9673,0.00076133,24.0,-0.7051400000000285,-0.8253000000004249,300-350,quiet_control_2,6.875069409722222
46563,2026-09-20 13:03:45.258000+00:00,0.00070232,15.813967,0.00143766,0.0004001,323.80743,329.1725,6704.627,spacetrack,2026-09-19 20:00:01.999000+00:00,324.32214,6705.142,0.00041882,17.06201638888889,-0.7240082132404964,-0.7244161368896057,300-350,quiet_control_2,7.6337375390648035
46563,2026-09-21 11:48:42.798000+00:00,0.00065726,15.816591,0.00136022,0.0003824,323.18478,328.3119,6703.8853,spacetrack,2026-09-20 13:03:45.258000+00:00,323.80743,6704.627,0.00070232,22.749316666666665,-0.6568812689612149,-0.7824762502029059,300-350,quiet_control_2,3.34890842875134
46563,2026-09-22 13:35:23.392000+00:00,0.00067248,15.819625,0.00141254,0.000373,322.39117,327.39163,6703.0283,spacetrack,2026-09-21 11:48:42.798000+00:00,323.18478,6703.8853,0.00065726,25.777942777777778,-0.7388735464344128,-0.7978914445310284,300-350,quiet_control_2,2.9383259120087097
46563,2026-09-23 16:00:02+00:00,0.00029245,15.8232155,0.00061492,0.0003761,321.35666,326.39792,6702.014,spacetrack,2026-09-22 13:35:23.392000+00:00,322.39117,6703.0283,0.00067248,26.410724444444444,-0.9400817479364129,-0.9217164811666629,300-350,quiet_control_2,2.719425761891676
46563,2026-09-24 00:00:02+00:00,0.00017936,15.824437,0.00037545,0.0003698,321.05402,326.0106,6701.6694,spacetrack,2026-09-23 16:00:02+00:00,321.35666,6702.014,0.00029245,8.0,-0.9079199999999901,-1.0338000000010652,300-350,secondary_active_sep2,5.2508333333333335
46698,2026-09-18 20:00:01.999000+00:00,0.0013022,15.977382,0.00601606,0.0010012,274.02872,287.36237,6658.8325,spacetrack,2026-09-17 14:00:03+00:00,276.24005,6661.414,0.00082281,29.999721944444442,-1.7690803967543984,-2.065219141521317,250-300,quiet_control_2,6.199696323111291
46698,2026-09-19 20:00:01.999000+00:00,0.0022504,15.995529,0.01142494,0.0006658,271.22818,280.08838,6653.7954,spacetrack,2026-09-18 20:00:01.999000+00:00,274.02872,6658.8325,0.0013022,24.0,-2.8005400000000122,-5.037100000000464,250-300,quiet_control_2,6.875069409722222
46698,2026-09-20 15:43:27.622000+00:00,0.0017396,16.014254,0.00983878,0.0003014,268.46655,272.47433,6648.6074,spacetrack,2026-09-19 20:00:01.999000+00:00,271.22818,6653.7954,0.0022504,19.72378416666667,-3.360365305153398,-6.312784552288328,250-300,quiet_control_2,7.069908393029661
46698,2026-09-21 09:41:16.439000+00:00,0.0015025,16.030155,0.00933537,0.0002587,264.35428,267.792,6644.21,spacetrack,2026-09-20 15:43:27.622000+00:00,268.46655,6648.6074,0.0017396,17.963560277777777,-5.494149181668147,-5.87509371015687,250-300,quiet_control_2,3.3743322225919172
46698,2026-09-23 12:32:00.501000+00:00,0.0013519,16.050226,0.00948081,0.0003512,258.20157,262.86456,6638.67,spacetrack,2026-09-21 09:41:16.439000+00:00,264.35428,6644.21,0.0015025,50.84557277777778,-2.9041867744390477,-2.614976933805134,250-300,quiet_control_2,2.822993438596222
46698,2026-09-24 04:58:06.370000+00:00,0.00098095,16.058289,0.00724599,0.0003477,256.00308,260.61807,6636.4478,spacetrack,2026-09-23 12:32:00.501000+00:00,258.20157,6638.67,0.0013519,16.43496361111111,-3.21045797535737,-3.24508172101746,250-300,secondary_active_sep2,7.004305590441002
46709,2026-09-18 20:00:01.999000+00:00,0.0008568,15.917923,0.00285882,0.0009151,291.15857,303.37592,6675.4043,spacetrack,2026-09-17 14:00:03+00:00,293.24164,6677.154,0.00072173,29.999721944444442,-1.666471445721472,-1.399772973821972,250-300,quiet_control_2,6.199696323111291
46709,2026-09-19 20:00:01.999000+00:00,0.0007841,15.922699,0.00268092,0.0009485,289.60202,302.26276,6674.0693,spacetrack,2026-09-18 20:00:01.999000+00:00,291.15857,6675.4043,0.0008568,24.0,-1.5565500000000156,-1.3350000000000364,250-300,quiet_control_2,6.875069409722222
46709,2026-09-20 16:00:02+00:00,0.00090966,15.926744,0.00318373,0.0009803,288.26062,301.3436,6672.939,spacetrack,2026-09-19 20:00:01.999000+00:00,289.60202,6674.0693,0.0007841,20.00000027777778,-1.609679977643291,-1.3563599811614346,250-300,quiet_control_2,6.9998888750015436
46709,2026-09-21 16:00:02+00:00,0.00092838,15.931978,0.00334246,0.0010085,286.61243,300.06882,6671.4775,spacetrack,2026-09-20 16:00:02+00:00,288.26062,6672.939,0.00090966,24.0,-1.6481899999999996,-1.461500000000342,250-300,quiet_control_2,3.25
46709,2026-09-22 16:00:02+00:00,0.00092236,15.937476,0.00342051,0.0010333,284.91415,298.69827,6669.9434,spacetrack,2026-09-21 16:00:02+00:00,286.61243,6671.4775,0.00092838,24.0,-1.6982800000000111,-1.534099999999853,250-300,quiet_control_2,2.916689814814815
46709,2026-09-23 16:00:02+00:00,0.00091606,15.943198,0.00350415,0.0010591,283.14786,297.27274,6668.347,spacetrack,2026-09-22 16:00:02+00:00,284.91415,6669.9434,0.00092236,24.0,-1.7662900000000263,-1.596400000000358,250-300,quiet_control_2,2.75
46709,2026-09-24 08:00:02+00:00,0.00081942,15.94749,0.00320458,0.0010508,282.00818,296.01987,6667.151,spacetrack,2026-09-23 16:00:02+00:00,283.14786,6668.347,0.00091606,16.0,-1.7095199999999977,-1.793999999999869,250-300,secondary_active_sep2,9.000416666666666
46725,2026-09-18 20:00:01.999000+00:00,0.0013447,15.937405,0.00498614,0.0007944,286.52762,297.12488,6669.9634,spacetrack,2026-09-17 14:00:03+00:00,288.21365,6671.9097,0.00070676,29.999721944444442,-1.3488365017160626,-1.5570544315882495,250-300,quiet_control_2,6.199696323111291
46725,2026-09-19 20:00:01.999000+00:00,0.0018895,15.950312,0.007498,0.0005834,284.33847,292.11676,6666.3647,spacetrack,2026-09-18 20:00:01.999000+00:00,286.52762,6669.9634,0.0013447,24.0,-2.1891500000000406,-3.5986999999995533,250-300,quiet_control_2,6.875069409722222
46725,2026-09-20 16:00:02+00:00,0.0018831,15.962533,0.00797298,0.0003317,282.61447,287.03467,6662.9614,spacetrack,2026-09-19 20:00:01.999000+00:00,284.33847,6666.3647,0.0018895,20.00000027777778,-2.068799971266654,-4.083959943278268,250-300,quiet_control_2,6.9998888750015436
46725,2026-09-21 16:00:02+00:00,0.00183,15.977933,0.00842872,0.0002105,279.1408,281.9441,6658.6797,spacetrack,2026-09-20 16:00:02+00:00,282.61447,6662.9614,0.0018831,24.0,-3.47366999999997,-4.2817000000004555,250-300,quiet_control_2,3.25
46725,2026-09-22 16:00:02+00:00,0.001669,15.993974,0.00841188,0.0002038,274.7335,277.44577,6654.2266,spacetrack,2026-09-21 16:00:02+00:00,279.1408,6658.6797,0.00183,24.0,-4.407300000000021,-4.453099999999722,250-300,quiet_control_2,2.916689814814815
46725,2026-09-23 10:58:49.644000+00:00,0.0016621,16.00806,0.00907593,0.0002566,270.4788,273.89172,6650.3223,spacetrack,2026-09-22 16:00:02+00:00,274.7335,6654.2266,0.001669,18.97990111111111,-5.380049105747027,-4.936969874155368,250-300,quiet_control_2,2.630159119784666
46955,2026-09-18 19:55:01.460000+00:00,0.00023573,15.784677,0.00040664,0.0002374,333.188,336.37527,6712.9185,spacetrack,2026-09-17 13:29:11.317000+00:00,333.50867,6713.2227,0.00027702,30.430595277777776,-0.2529059957502803,-0.2399164371701687,300-350,quiet_control_2,6.357222418230892
46955,2026-09-19 20:15:36.422000+00:00,0.00025002,15.78552,0.00043315,0.0002321,332.98453,336.10056,6712.6797,spacetrack,2026-09-18 19:55:01.460000+00:00,333.188,6712.9185,0.00023573,24.343045,-0.2006026772739219,-0.23543480283596363,300-350,quiet_control_2,6.852449505255676
46955,2026-09-20 12:59:42.688000+00:00,0.0002561,15.786129,0.00044498,0.0002328,332.8073,335.93265,6712.507,spacetrack,2026-09-19 20:15:36.422000+00:00,332.98453,6712.6797,0.00025002,16.73507388888889,-0.25416798445236005,-0.2476714490489197,300-350,quiet_control_2,7.673707446034912
46955,2026-09-21 13:20:09.328000+00:00,0.00026074,15.787053,0.000455,0.0002404,332.4943,335.72153,6712.245,spacetrack,2026-09-20 12:59:42.688000+00:00,332.8073,6712.507,0.0002561,24.340733333333333,-0.3086184749295303,-0.25833239754457643,300-350,quiet_control_2,3.328864737938143
46955,2026-09-22 13:40:30.864000+00:00,0.00024857,15.787961,0.00043539,0.0002504,332.16998,335.53134,6711.988,spacetrack,2026-09-21 13:20:09.328000+00:00,332.4943,6712.245,0.00026074,24.339315555555554,-0.31979863945777,-0.25341715077861743,300-350,quiet_control_2,2.9311714416875776
46955,2026-09-23 12:29:31.570000+00:00,0.0002333,15.788767,0.0004099,0.0002546,331.91327,335.33087,6711.7593,spacetrack,2026-09-22 13:40:30.864000+00:00,332.16998,6711.988,0.00024857,22.81686277777778,-0.27002134605465705,-0.24055892580287064,300-350,quiet_control_2,2.6789760243843044
46955,2026-09-24 00:39:38.224000+00:00,0.00027058,15.789255,0.00047707,0.0002558,331.767,335.20065,6711.6206,spacetrack,2026-09-23 12:29:31.570000+00:00,331.91327,6711.7593,0.0002333,12.168515000000001,-0.2884887761571868,-0.2735584416001792,300-350,secondary_active_sep2,5.130696583217699
47122,2026-09-19 14:07:02.903000+00:00,0.00076115,16.079485,0.0064259,0.0003493,250.1611,254.79324,6630.6143,spacetrack,2026-09-17 15:50:28.861000+00:00,257.57623,6637.038,0.0008524,46.27612277777777,-3.8456791389934613,-3.3314977734914777,250-300,quiet_control_2,6.3707884043056
47122,2026-09-20 19:56:07.217000+00:00,0.00076515,16.096909,0.0072306,0.0004528,244.69122,250.69157,6625.8286,spacetrack,2026-09-19 14:07:02.903000+00:00,250.1611,6630.6143,0.00076115,29.817865,-4.402633119440323,-3.8519458049732487,250-300,quiet_control_2,6.142822022226533
47122,2026-09-21 13:48:35.734000+00:00,0.00075139,16.108162,0.00764813,0.0005102,241.22635,247.98419,6622.742,spacetrack,2026-09-20 19:56:07.217000+00:00,244.69122,6625.8286,0.00076515,17.874588055555556,-4.652240361654321,-4.144341663693173,200-250,quiet_control_2,3.6117812629621286
47122,2026-09-22 15:06:34.312000+00:00,0.00078933,16.126167,0.00906074,0.0006023,235.6886,243.66042,6617.8115,spacetrack,2026-09-21 13:48:35.734000+00:00,241.22635,6622.742,0.00075139,25.299605,-5.25328359869649,-4.677227174100522,200-250,quiet_control_2,2.881421073570121
47122,2026-09-23 23:48:17.563000+00:00,0.00080036,16.153316,0.01106316,0.0007191,227.50394,237.011,6610.3945,spacetrack,2026-09-22 15:06:34.312000+00:00,235.6886,6617.8115,0.00078933,32.695347500000004,-6.007944708341155,-5.444444350988686,200-250,quiet_control_2,3.349121104564903
47143,2026-09-18 20:00:01.999000+00:00,0.00089343,15.988254,0.00437191,0.0007462,272.71,282.64313,6655.8135,spacetrack,2026-09-17 14:00:03+00:00,275.65265,6658.26,0.00072348,29.999721944444442,-2.3541418194070607,-1.957218140512592,250-300,quiet_control_2,6.199696323111291
47143,2026-09-19 20:00:01.999000+00:00,0.000887,15.99566,0.00452988,0.0008012,270.29092,280.95288,6653.759,spacetrack,2026-09-18 20:00:01.999000+00:00,272.71,6655.8135,0.00089343,24.0,-2.4190799999999513,-2.054500000000189,250-300,quiet_control_2,6.875069409722222
47143,2026-09-20 16:00:02+00:00,0.00087551,16.002579,0.00465426,0.0008373,268.13455,279.2737,6651.8413,spacetrack,2026-09-19 20:00:01.999000+00:00,270.29092,6653.759,0.000887,20.00000027777778,-2.587643964060546,-2.301239968038295,250-300,quiet_control_2,6.9998888750015436
47143,2026-09-21 16:00:02+00:00,0.00078539,16.01084,0.00438144,0.0009047,265.40002,277.43173,6649.5527,spacetrack,2026-09-20 16:00:02+00:00,268.13455,6651.8413,0.00087551,24.0,-2.7345300000000066,-2.2885999999998603,250-300,quiet_control_2,3.25
47143,2026-09-22 16:33:50.611000+00:00,0.0011071,16.024982,0.00672018,0.0009521,261.17572,273.83032,6645.64,spacetrack,2026-09-21 16:00:02+00:00,265.40002,6649.5527,0.00078539,24.563503055555557,-4.127391755593645,-3.822940066309396,250-300,quiet_control_2,2.9186010057310523
47143,2026-09-23 13:30:33.353000+00:00,0.00094932,16.037264,0.00620593,0.0009975,257.48373,270.73502,6642.2466,spacetrack,2026-09-22 16:33:50.611000+00:00,261.17572,6645.64,0.0011071,20.945206111111112,-4.230455385826722,-3.8883169527176324,250-300,quiet_control_2,2.7135382689398746
47171,2026-09-18 21:24:16.603000+00:00,0.00084946,16.224821,0.02062121,0.000666,208.43196,217.21112,6590.9585,spacetrack,2026-09-17 21:43:24.465000+00:00,219.54112,6600.866,0.00085947,23.681149444444447,-11.258737276477454,-10.040897742646898,200-250,quiet_control_2,5.528300451538236
47596,2026-09-18 23:49:48.597000+00:00,0.0007923,16.236822,0.02124774,0.0007014,204.95277,214.19402,6587.7104,spacetrack,2026-09-17 21:12:16.107000+00:00,216.83072,6598.8867,0.0008381,26.62569166666667,-10.706606369850196,-10.074149560434028,200-250,quiet_control_2,5.638941867863839
47625,2026-09-18 20:00:01.999000+00:00,0.00079235,15.861288,0.00204899,0.0006969,308.48492,317.81122,6691.285,spacetrack,2026-09-17 14:00:03+00:00,309.73633,6692.5225,0.00077961,29.999721944444442,-1.0011372790594275,-0.9900091759185261,300-350,quiet_control_2,6.199696323111291
47625,2026-09-19 20:00:01.999000+00:00,0.00059597,15.865303,0.00156113,0.0006868,307.42444,316.61404,6690.1562,spacetrack,2026-09-18 20:00:01.999000+00:00,308.48492,6691.285,0.00079235,24.0,-1.060479999999984,-1.1287999999995009,300-350,quiet_control_2,6.875069409722222
47625,2026-09-20 16:00:02+00:00,0.00083605,15.868236,0.00224182,0.0006757,306.67505,315.715,6689.332,spacetrack,2026-09-19 20:00:01.999000+00:00,307.42444,6690.1562,0.00059597,20.00000027777778,-0.8992679875101732,-0.9890399862633561,300-350,quiet_control_2,6.9998888750015436
47625,2026-09-21 16:00:02+00:00,0.00081455,15.872605,0.00223097,0.0006517,305.60852,314.3258,6688.104,spacetrack,2026-09-20 16:00:02+00:00,306.67505,6689.332,0.00083605,24.0,-1.0665300000000002,-1.2280000000000655,300-350,quiet_control_2,3.25
47625,2026-09-22 16:00:02+00:00,0.00079126,15.876663,0.0022102,0.0006374,304.56512,313.0897,6686.9644,spacetrack,2026-09-21 16:00:02+00:00,305.60852,6688.104,0.00081455,24.0,-1.0434000000000196,-1.1396000000004278,300-350,quiet_control_2,2.916689814814815
47625,2026-09-23 16:00:02+00:00,0.00074699,15.880944,0.00212897,0.0006315,303.40366,311.84778,6685.7627,spacetrack,2026-09-22 16:00:02+00:00,304.56512,6686.9644,0.00079126,24.0,-1.1614599999999768,-1.2016999999996187,300-350,quiet_control_2,2.75
47625,2026-09-24 08:00:02+00:00,0.00079362,15.883944,0.00230064,0.0006101,302.70557,310.8625,6684.921,spacetrack,2026-09-23 16:00:02+00:00,303.40366,6685.7627,0.00074699,16.0,-1.0471349999999688,-1.2625499999999192,300-350,secondary_active_sep2,9.000416666666666
47627,2026-09-18 20:00:01.999000+00:00,0.00058536,15.89927,0.00181936,0.000298,300.4965,304.47815,6680.6245,spacetrack,2026-09-17 14:00:03+00:00,301.58585,6682.0073,0.00066343,29.999721944444442,-0.8714880774033583,-1.1062502533012115,300-350,quiet_control_2,6.199696323111291
47627,2026-09-19 20:00:01.999000+00:00,0.00069371,15.903304,0.00213082,0.0002646,299.59018,303.12497,6679.4946,spacetrack,2026-09-18 20:00:01.999000+00:00,300.4965,6680.6245,0.00058536,24.0,-0.9063200000000506,-1.1298999999999069,300-350,quiet_control_2,6.875069409722222
47627,2026-09-20 16:00:02+00:00,0.00061857,15.907107,0.00193424,0.000269,298.49634,302.08932,6678.4297,spacetrack,2026-09-19 20:00:01.999000+00:00,299.59018,6679.4946,0.00069371,20.00000027777778,-1.3126079817693337,-1.2778799822520353,250-300,quiet_control_2,6.9998888750015436
47627,2026-09-21 16:00:02+00:00,0.00060085,15.911349,0.00191984,0.0002522,297.42175,300.78976,6677.2427,spacetrack,2026-09-20 16:00:02+00:00,298.49634,6678.4297,0.00061857,24.0,-1.0745900000000006,-1.1869999999998981,250-300,quiet_control_2,3.25
47627,2026-09-22 16:00:02+00:00,0.00062411,15.9157715,0.00204223,0.0002378,296.28134,299.45645,6676.006,spacetrack,2026-09-21 16:00:02+00:00,297.42175,6677.2427,0.00060085,24.0,-1.1404099999999744,-1.2366999999994732,250-300,quiet_control_2,2.916689814814815
47627,2026-09-23 16:00:02+00:00,0.00060493,15.920434,0.00202769,0.0002405,294.96017,298.17072,6674.7026,spacetrack,2026-09-22 16:00:02+00:00,296.28134,6676.006,0.00062411,24.0,-1.321169999999995,-1.3034000000006927,250-300,quiet_control_2,2.75
47627,2026-09-24 08:00:02+00:00,0.00071914,15.923549,0.00245712,0.0002656,293.92252,297.46765,6673.832,spacetrack,2026-09-23 16:00:02+00:00,294.96017,6674.7026,0.00060493,16.0,-1.5564749999999776,-1.3058999999989283,250-300,secondary_active_sep2,9.000416666666666
47728,2026-09-18 20:00:01.999000+00:00,0.00061238,15.880642,0.00173529,0.0008164,302.25232,313.16898,6685.8477,spacetrack,2026-09-17 14:00:03+00:00,303.8162,6687.228,0.00076043,29.999721944444442,-1.2511155959880569,-1.1042502347635952,300-350,quiet_control_2,6.199696323111291
47728,2026-09-19 20:00:01.999000+00:00,0.00039027,15.884989,0.00111983,0.0008482,300.82098,312.1608,6684.628,spacetrack,2026-09-18 20:00:01.999000+00:00,302.25232,6685.8477,0.00061238,24.0,-1.4313399999999774,-1.2197000000005573,300-350,quiet_control_2,6.875069409722222
47728,2026-09-20 16:00:02+00:00,0.00078573,15.88804,0.00224309,0.0008875,299.70328,311.56696,6683.772,spacetrack,2026-09-19 20:00:01.999000+00:00,300.82098,6684.628,0.00039027,20.00000027777778,-1.341239981371683,-1.027199985733054,300-350,quiet_control_2,6.9998888750015436
47728,2026-09-21 16:00:02+00:00,0.00087987,15.891977,0.00256703,0.0008976,298.5327,310.52945,6682.668,spacetrack,2026-09-20 16:00:02+00:00,299.70328,6683.772,0.00078573,24.0,-1.1705800000000295,-1.1040000000002692,250-300,quiet_control_2,3.25
47728,2026-09-22 16:00:02+00:00,0.00070155,15.896519,0.00208869,0.0009293,297.049,309.46707,6681.395,spacetrack,2026-09-21 16:00:02+00:00,298.5327,6682.668,0.00087987,24.0,-1.483699999999999,-1.2729999999992287,250-300,quiet_control_2,2.916689814814815
47728,2026-09-23 16:00:02+00:00,0.00082226,15.900664,0.00250704,0.0009413,295.80865,308.38486,6680.234,spacetrack,2026-09-22 16:00:02+00:00,297.049,6681.395,0.00070155,24.0,-1.240349999999978,-1.1610000000000582,250-300,quiet_control_2,2.75
47728,2026-09-24 08:00:02+00:00,0.00070747,15.904003,0.00218976,0.0009342,294.92215,307.40173,6679.299,spacetrack,2026-09-23 16:00:02+00:00,295.80865,6680.234,0.00082226,16.0,-1.3297500000000184,-1.4025000000006003,250-300,secondary_active_sep2,9.000416666666666
47736,2026-09-18 21:02:45.645000+00:00,0.00056725,15.756224,0.00088774,0.0005105,339.4296,346.29175,6720.9976,spacetrack,2026-09-17 17:38:33.747000+00:00,340.14844,6721.5156,0.00062742,27.403305,-0.6295649375139241,-0.4536679061157294,300-350,quiet_control_2,5.6846107613661925
47736,2026-09-19 19:52:46.733000+00:00,0.00054354,15.757768,0.00085591,0.0005372,338.81146,346.03204,6720.5586,spacetrack,2026-09-18 21:02:45.645000+00:00,339.4296,6720.9976,0.00056725,22.833635555555556,-0.6497151959837624,-0.4614245495138437,300-350,quiet_control_2,7.051080978392889
47736,2026-09-20 20:13:58.897000+00:00,0.00048205,15.759425,0.00076311,0.00055,338.2543,345.64642,6720.0874,spacetrack,2026-09-19 19:52:46.733000+00:00,338.81146,6720.5586,0.00054354,24.35337888888889,-0.5490753484766372,-0.4643626681781914,300-350,quiet_control_2,6.1259739864525296
47736,2026-09-21 20:35:01.719000+00:00,0.00052967,15.761113,0.00084639,0.0005991,337.44492,345.49634,6719.6074,spacetrack,2026-09-20 20:13:58.897000+00:00,338.2543,6720.0874,0.00048205,24.350783888888888,-0.797720520564555,-0.4730853861861858,300-350,quiet_control_2,3.0197773692478207
47736,2026-09-22 22:27:13.203000+00:00,0.00051333,15.762877,0.00082631,0.0005992,336.94327,344.99545,6719.1064,spacetrack,2026-09-21 20:35:01.719000+00:00,337.44492,6719.6074,0.00052967,25.869856666666667,-0.4653910593758337,-0.46478804095957066,300-350,quiet_control_2,3.29963183019826
47736,2026-09-23 22:47:56.467000+00:00,0.00053812,15.764598,0.00087363,0.0005919,336.50372,344.45724,6718.6177,spacetrack,2026-09-22 22:27:13.203000+00:00,336.94327,6719.1064,0.00051333,24.34535111111111,-0.43331476107507527,-0.4817675434816039,300-350,quiet_control_2,3.344914139665086
47736,2026-09-24 06:24:23.028000+00:00,0.0006056,15.76524,0.00098822,0.0006149,336.167,344.42932,6718.435,spacetrack,2026-09-23 22:47:56.467000+00:00,336.50372,6718.6177,0.00053812,7.607378055555556,-1.0622950431783384,-0.5763878129841472,300-350,secondary_active_sep2,11.213040512826712
47746,2026-09-18 18:30:00.506000+00:00,4.3734e-05,15.780404,6.926e-05,0.0006465,331.65268,340.33405,6714.1304,spacetrack,2026-09-17 13:37:09.020000+00:00,332.48297,6714.414,0.00099322,28.880968333333335,-0.6899685554172431,-0.2356707684256672,300-350,quiet_control_2,6.482221654502466
47746,2026-09-19 18:49:02.529000+00:00,0.00061275,15.782963,0.00108382,0.0006707,330.76498,339.77036,6713.405,spacetrack,2026-09-18 18:30:00.506000+00:00,331.65268,6714.1304,4.3734e-05,24.317228611111112,-0.8761195751667699,-0.715936847838469,300-350,quiet_control_2,6.67854860973455
47746,2026-09-20 17:36:44.021000+00:00,0.00039348,15.7846,0.00069552,0.0006605,330.36935,339.23715,6712.9404,spacetrack,2026-09-19 18:49:02.529000+00:00,330.76498,6713.405,0.00061275,22.79485888888889,-0.4165465575497764,-0.48916293162135865,300-350,quiet_control_2,6.594480002873942
47746,2026-09-21 19:26:35.639000+00:00,0.0005155,15.786799,0.0009252,0.0007267,329.30197,339.05765,6712.317,spacetrack,2026-09-20 17:36:44.021000+00:00,330.36935,6712.9404,0.00039348,25.831005,-0.9917198343618586,-0.5792109133968902,300-350,quiet_control_2,3.0496507545443503
47746,2026-09-22 15:11:38.713000+00:00,0.00050472,15.788375,0.00091211,0.0007401,328.7658,338.7007,6711.87,spacetrack,2026-09-21 19:26:35.639000+00:00,329.30197,6712.317,0.0005155,19.750853888888887,-0.6515201860329896,-0.5431663896839406,300-350,quiet_control_2,3.219215796492849
47746,2026-09-23 20:03:25.907000+00:00,0.00060007,15.7907095,0.00110066,0.0009029,327.0123,339.1314,6711.209,spacetrack,2026-09-22 15:11:38.713000+00:00,328.7658,6711.87,0.00050472,28.863109444444444,-1.458054963932552,-0.5496289313712488,300-350,quiet_control_2,3.0059449300497905
47746,2026-09-24 08:00:02+00:00,0.00039598,15.791971,0.00072446,0.0007754,327.51068,337.91788,6710.851,spacetrack,2026-09-23 20:03:25.907000+00:00,327.0123,6711.209,0.00060007,11.943359166666667,1.0014870886059293,-0.7193955971770525,300-350,secondary_active_sep2,10.521759686397552
47767,2026-09-18 17:14:26.653000+00:00,0.00071654,16.005404,0.00388053,0.001134,265.37927,280.46387,6651.0586,spacetrack,2026-09-17 14:00:03+00:00,268.07184,6653.693,0.00081208,27.239903611111114,-2.3723167644998813,-2.321065481825285,250-300,quiet_control_2,6.496001245232013
47767,2026-09-19 23:12:09.719000+00:00,0.0007903,16.016321,0.00456739,0.0011613,262.1779,277.61862,6648.035,spacetrack,2026-09-18 17:14:26.653000+00:00,265.37927,6651.0586,0.00071654,29.961962777777778,-2.564347355006576,-2.421950809371933,250-300,quiet_control_2,6.449952961656032
47767,2026-09-20 15:40:21.957000+00:00,0.00079245,16.02287,0.00476258,0.0011838,260.21927,275.9549,6646.224,spacetrack,2026-09-19 23:12:09.719000+00:00,262.1779,6648.035,0.0007903,16.47006611111111,-2.8540941902041617,-2.6389693706615294,250-300,quiet_control_2,7.293797882953922
47767,2026-09-21 17:06:46.206000+00:00,0.00078394,16.03351,0.00501929,0.0011581,257.45248,272.83966,6643.283,spacetrack,2026-09-20 15:40:21.957000+00:00,260.21927,6646.224,0.00079245,25.440069166666664,-2.6101721487065017,-2.7745207584765263,250-300,quiet_control_2,3.179242076877215
47767,2026-09-22 20:01:49.500000+00:00,0.00081597,16.045706,0.00562816,0.0011787,253.95335,269.6063,6639.917,spacetrack,2026-09-21 17:06:46.206000+00:00,257.45248,6643.283,0.00078394,26.917581666666663,-3.1198612505370384,-3.001161136999107,250-300,quiet_control_2,2.9670414299848256
47767,2026-09-23 12:28:10.299000+00:00,0.00082061,16.053753,0.00594619,0.0011677,251.80963,267.3113,6637.6973,spacetrack,2026-09-22 20:01:49.500000+00:00,253.95335,6639.917,0.00081597,16.439110833333334,-3.129687519088753,-3.240613226598177,250-300,quiet_control_2,2.6350167560258857
47767,2026-09-24 04:54:00.688000+00:00,0.00088856,16.062492,0.00679499,0.0011543,249.49344,264.81168,6635.2896,spacetrack,2026-09-23 12:28:10.299000+00:00,251.80963,6637.6973,0.00082061,16.43066361111111,-3.383220624297171,-3.5168877756658268,250-300,secondary_active_sep2,6.980432453284458
47778,2026-09-19 13:13:11.733000+00:00,0.00059466,15.732945,0.00084089,0.0005802,345.58527,353.39203,6727.6255,spacetrack,2026-09-17 12:25:42.098000+00:00,346.8027,6728.5713,0.00060739,48.79156527777778,-0.5988395706031674,-0.4652279522240823,300-350,quiet_control_2,6.843275979480401
47778,2026-09-20 22:45:29.559000+00:00,0.00056401,15.735208,0.0008048,0.0006233,344.6508,353.03662,6726.9805,spacetrack,2026-09-19 13:13:11.733000+00:00,345.58527,6727.6255,0.00059466,33.538285,-0.668706822665483,-0.4615620625804354,300-350,quiet_control_2,5.895152013089916
47778,2026-09-21 12:28:37.197000+00:00,0.00056283,15.736158,0.00080646,0.0006315,344.32498,352.82083,6726.71,spacetrack,2026-09-20 22:45:29.559000+00:00,344.6508,6726.9805,0.00056401,13.718788333333332,-0.5699978605982708,-0.4732196344349965,300-350,quiet_control_2,3.746552021783265
47778,2026-09-22 11:20:23.589000+00:00,0.00055905,15.73774,0.00080684,0.0007415,343.13477,353.10983,6726.2593,spacetrack,2026-09-21 12:28:37.197000+00:00,344.32498,6726.71,0.00056283,22.862886666666668,-1.2494065345495668,-0.473116109864566,300-350,quiet_control_2,3.028872739312883
47778,2026-09-23 11:43:27.674000+00:00,0.00053592,15.739414,0.0007785,0.000722,342.78906,352.5011,6725.782,spacetrack,2026-09-22 11:20:23.589000+00:00,343.13477,6726.2593,0.00055905,24.38446805555556,-0.3402592166905849,-0.4697744471559041,300-350,quiet_control_2,2.5925373374911866
47778,2026-09-24 04:29:13.794000+00:00,0.00066442,15.740655,0.00097418,0.0007301,342.38144,352.2019,6725.4287,spacetrack,2026-09-23 11:43:27.674000+00:00,342.78906,6725.782,0.00053592,16.762811111111112,-0.5836061705375711,-0.5058340121946449,300-350,secondary_active_sep2,6.770169316602293
47993,2026-09-18 20:00:01.999000+00:00,0.0014703,15.954853,0.00597584,0.0004714,283.82043,290.1043,6665.0996,spacetrack,2026-09-17 14:00:03+00:00,286.04605,6667.642,0.00081414,29.999721944444442,-1.7805125027130977,-2.033938851600128,250-300,quiet_control_2,6.199696323111291
47993,2026-09-19 20:00:01.999000+00:00,0.0022157,15.9707985,0.00979459,0.0001549,281.4937,283.5572,6660.6626,spacetrack,2026-09-18 20:00:01.999000+00:00,283.82043,6665.0996,0.0014703,24.0,-2.3267299999999977,-4.436999999999898,250-300,quiet_control_2,6.875069409722222
47993,2026-09-20 16:00:02+00:00,0.0020038,15.987087,0.00969824,8.11e-05,277.4605,278.54016,6656.137,spacetrack,2026-09-19 20:00:01.999000+00:00,281.4937,6660.6626,0.0022157,20.00000027777778,-4.839839932779959,-5.430719924573262,250-300,quiet_control_2,6.9998888750015436
47993,2026-09-21 22:38:27.205000+00:00,0.0017981,16.015505,0.01023391,0.0002403,268.527,271.72217,6648.2617,spacetrack,2026-09-20 16:00:02+00:00,277.4605,6656.137,0.0020038,30.640334722222224,-6.99744313969593,-6.168574909950749,250-300,quiet_control_2,2.9439410860076825
47993,2026-09-22 22:35:04.014000+00:00,0.00085535,16.036835,0.00554253,0.0002693,262.43918,266.01675,6642.3647,spacetrack,2026-09-21 22:38:27.205000+00:00,268.527,6648.2617,0.0017981,23.943558055555552,-6.102170765973449,-5.910900947620862,250-300,quiet_control_2,3.238820789758006
47993,2026-09-23 21:00:42.661000+00:00,0.00085686,16.047733,0.00593013,0.0001963,259.91705,262.52365,6639.3574,spacetrack,2026-09-22 22:35:04.014000+00:00,262.43918,6642.3647,0.00085535,22.427401944444444,-2.698980477094202,-3.2181703515544235,250-300,quiet_control_2,3.1353500882916703
48022,2026-09-18 20:00:01.999000+00:00,0.00028945,15.828751,0.00062464,0.0003667,319.85773,324.77185,6700.4517,spacetrack,2026-09-17 14:00:03+00:00,320.6682,6701.452,0.00058859,29.999721944444442,-0.64838200954067,-0.8002474171084905,300-350,quiet_control_2,6.199696323111291
48022,2026-09-19 20:00:01.999000+00:00,0.00028068,15.831116,0.00061224,0.0003504,319.2998,323.995,6699.784,spacetrack,2026-09-18 20:00:01.999000+00:00,319.85773,6700.4517,0.00028945,24.0,-0.5579299999999989,-0.667699999999968,300-350,quiet_control_2,6.875069409722222
48022,2026-09-20 16:00:02+00:00,0.00039714,15.833447,0.00088169,0.0003429,318.69235,323.28662,6699.1265,spacetrack,2026-09-19 20:00:01.999000+00:00,319.2998,6699.784,0.00028068,20.00000027777778,-0.7289399898758675,-0.788999989040881,300-350,quiet_control_2,6.9998888750015436
48022,2026-09-21 14:03:58.122000+00:00,0.0005932,15.835547,0.00134089,0.0003502,318.0514,322.74307,6698.534,spacetrack,2026-09-20 16:00:02+00:00,318.69235,6699.1265,0.00039714,22.065589444444445,-0.697139772256227,-0.6444423356927793,300-350,quiet_control_2,3.317261207690879
48022,2026-09-22 14:17:56.182000+00:00,0.00060487,15.8383875,0.00138659,0.0002997,317.58917,321.6038,6697.7334,spacetrack,2026-09-21 14:03:58.122000+00:00,318.0514,6698.534,0.0005932,24.232794444444444,-0.4577895473603838,-0.792908966567613,300-350,quiet_control_2,2.9051310632079628
48022,2026-09-23 22:05:51.711000+00:00,0.0009165,15.8426075,0.00216691,0.0003158,316.29245,320.52197,6696.5444,spacetrack,2026-09-22 14:17:56.182000+00:00,317.58917,6697.7334,0.00060487,31.798758055555552,-0.9786948265598698,-0.8973935381423431,300-350,quiet_control_2,3.17585692921323
48022,2026-09-24 04:09:13.836000+00:00,0.00078947,15.843077,0.00186309,0.00026,316.53378,320.0159,6696.4116,spacetrack,2026-09-23 22:05:51.711000+00:00,316.29245,6696.5444,0.0009165,6.056145833333333,0.9563706290098064,-0.5262753057304599,300-350,secondary_active_sep2,11.029854108257796
48376,2026-09-18 20:00:01.999000+00:00,0.00059345,15.903249,0.00181825,0.0004468,298.38852,304.35733,6679.51,spacetrack,2026-09-17 14:00:03+00:00,300.0455,6681.233,0.00092922,29.999721944444442,-1.3255962863137085,-1.3784127758443043,300-350,quiet_control_2,6.199696323111291
48376,2026-09-19 20:00:01.999000+00:00,0.00063553,15.9069,0.00198681,0.0004249,297.51303,303.1884,6678.488,spacetrack,2026-09-18 20:00:01.999000+00:00,298.38852,6679.51,0.00059345,24.0,-0.8754900000000134,-1.0219999999999345,250-300,quiet_control_2,6.875069409722222
48376,2026-09-20 16:00:02+00:00,0.00069087,15.910558,0.00220438,0.0004259,296.48337,302.1712,6677.4644,spacetrack,2026-09-19 20:00:01.999000+00:00,297.51303,6678.488,0.00063553,20.00000027777778,-1.2355919828390425,-1.228319982940531,250-300,quiet_control_2,6.9998888750015436
48376,2026-09-21 16:00:02+00:00,0.00065222,15.914874,0.00212659,0.0004153,295.3473,300.89258,6676.257,spacetrack,2026-09-20 16:00:02+00:00,296.48337,6677.4644,0.00069087,24.0,-1.136069999999961,-1.2074000000002343,250-300,quiet_control_2,3.25
48376,2026-09-22 16:00:02+00:00,0.00064923,15.91941,0.0021677,0.0004004,294.17902,299.52435,6674.989,spacetrack,2026-09-21 16:00:02+00:00,295.3473,6676.257,0.00065222,24.0,-1.1682800000000384,-1.268000000000029,250-300,quiet_control_2,2.916689814814815
48376,2026-09-23 16:00:02+00:00,0.00059202,15.924008,0.00202216,0.0003802,293.02908,298.10376,6673.7036,spacetrack,2026-09-22 16:00:02+00:00,294.17902,6674.989,0.00064923,24.0,-1.1499399999999582,-1.285399999999754,250-300,quiet_control_2,2.75
48376,2026-09-24 08:00:02+00:00,0.0007446,15.927136,0.00259476,0.0003863,292.1149,297.27032,6672.8296,spacetrack,2026-09-23 16:00:02+00:00,293.02908,6673.7036,0.00059202,16.0,-1.3712700000000666,-1.3109999999996944,250-300,secondary_active_sep2,9.000416666666666
48442,2026-09-20 16:02:28.188000+00:00,0.0006085,15.775401,0.00104031,0.0007891,332.11334,342.71182,6715.55,spacetrack,2026-09-19 18:45:11.908000+00:00,332.73465,6716.0684,0.00060527,21.287855555555556,-0.7004669850885179,-0.5844459047332913,300-350,quiet_control_2,6.931768191253542
48442,2026-09-21 19:24:27.491000+00:00,0.00058112,15.777706,0.00100319,0.000811,331.31277,342.2043,6714.8955,spacetrack,2026-09-20 16:02:28.188000+00:00,332.11334,6715.55,0.0006085,27.366473055555556,-0.7020882801007984,-0.5739870084144605,300-350,quiet_control_2,2.9933588141605103
48442,2026-09-22 18:12:35.930000+00:00,0.00053173,15.779609,0.00092468,0.0008663,330.40213,342.0354,6714.356,spacetrack,2026-09-21 19:24:27.491000+00:00,331.31277,6714.8955,0.00058112,22.802344166666668,-0.9584698766168529,-0.5678363551289854,300-350,quiet_control_2,3.185196273497173
48442,2026-09-23 20:02:56.536000+00:00,0.00065537,15.781965,0.00115638,0.0008419,329.8983,341.2028,6713.6875,spacetrack,2026-09-22 18:12:35.930000+00:00,330.40213,6714.356,0.00053173,25.839057222222223,-0.4679706343774996,-0.6209204872303227,300-350,quiet_control_2,3.0056934481807183
48442,2026-09-24 05:10:04.047000+00:00,0.00074797,15.782943,0.0013292,0.0008385,329.6441,340.9025,6713.41,spacetrack,2026-09-23 20:02:56.536000+00:00,329.8983,6713.6875,0.00065537,9.118753055555555,-0.6690388436699397,-0.7303630177753219,300-350,secondary_active_sep2,9.67411775446515
48562,2026-09-18 20:00:01.999000+00:00,0.00075895,15.873368,0.0020833,0.0007529,304.71765,314.78827,6687.89,spacetrack,2026-09-17 14:00:03+00:00,305.60474,6688.998,0.00072762,29.999721944444442,-0.7096785776690399,-0.8864082156903743,300-350,quiet_control_2,6.199696323111291
48562,2026-09-19 20:00:01.999000+00:00,0.0007459,15.876837,0.00208257,0.000736,303.85733,313.70047,6686.916,spacetrack,2026-09-18 20:00:01.999000+00:00,304.71765,6687.89,0.00075895,24.0,-0.8603200000000015,-0.9740000000001601,300-350,quiet_control_2,6.875069409722222
48562,2026-09-20 16:00:02+00:00,0.00058955,15.880125,0.00166376,0.0007404,302.90543,312.80606,6685.9927,spacetrack,2026-09-19 20:00:01.999000+00:00,303.85733,6686.916,0.0007459,20.00000027777778,-1.1422799841349598,-1.1079599846121244,300-350,quiet_control_2,6.9998888750015436
48562,2026-09-21 16:00:02+00:00,0.00058091,15.883618,0.00166804,0.0007267,302.0174,311.7334,6685.012,spacetrack,2026-09-20 16:00:02+00:00,302.90543,6685.9927,0.00058955,24.0,-0.8880300000000148,-0.9807000000000698,300-350,quiet_control_2,3.25
48562,2026-09-22 16:00:02+00:00,0.00064002,15.887305,0.0018771,0.000713,301.07532,310.60666,6683.978,spacetrack,2026-09-21 16:00:02+00:00,302.0174,6685.012,0.00058091,24.0,-0.9420800000000327,-1.0339999999996508,300-350,quiet_control_2,2.916689814814815
48562,2026-09-23 16:00:02+00:00,0.00050347,15.890986,0.00149596,0.0006938,300.1722,309.44547,6682.946,spacetrack,2026-09-22 16:00:02+00:00,301.07532,6683.978,0.00064002,24.0,-0.9031200000000013,-1.0320000000001528,300-350,quiet_control_2,2.75
48562,2026-09-24 08:00:02+00:00,0.00081049,15.89332,0.00237463,0.0007029,299.4577,308.85168,6682.2915,spacetrack,2026-09-23 16:00:02+00:00,300.1722,6682.946,0.00050347,16.0,-1.0717499999999802,-0.9817499999994652,300-350,secondary_active_sep2,9.000416666666666
48582,2026-09-18 20:00:01.999000+00:00,0.00067326,15.81283,0.00137334,0.0010048,320.07422,333.54846,6704.948,spacetrack,2026-09-17 14:00:03+00:00,321.02887,6706.1113,0.00065127,29.999721944444442,-0.763727078618538,-0.9306486257334248,300-350,quiet_control_2,6.199696323111291
48582,2026-09-19 20:00:01.999000+00:00,0.00091189,15.816227,0.0019035,0.0009856,319.24396,332.45886,6703.9883,spacetrack,2026-09-18 20:00:01.999000+00:00,320.07422,6704.948,0.00067326,24.0,-0.8302600000000098,-0.9597000000003391,300-350,quiet_control_2,6.875069409722222
48582,2026-09-20 16:00:02+00:00,0.00033206,15.819629,0.00068999,0.0009876,318.27036,331.5102,6703.0273,spacetrack,2026-09-19 20:00:01.999000+00:00,319.24396,6703.9883,0.00091189,20.00000027777778,-1.168319983773373,-1.1531999839836216,300-350,quiet_control_2,6.9998888750015436
48582,2026-09-21 16:00:02+00:00,0.00044636,15.822941,0.00094727,0.0009719,317.44095,330.46848,6702.092,spacetrack,2026-09-20 16:00:02+00:00,318.27036,6703.0273,0.00033206,24.0,-0.8294099999999958,-0.9353000000000975,300-350,quiet_control_2,3.25
48582,2026-09-22 16:00:02+00:00,0.00043123,15.826419,0.00092978,0.0009579,316.55374,329.39172,6701.11,spacetrack,2026-09-21 16:00:02+00:00,317.44095,6702.092,0.00044636,24.0,-0.8872099999999818,-0.9819999999999709,300-350,quiet_control_2,2.916689814814815
48582,2026-09-23 16:00:02+00:00,0.00049821,15.830005,0.00109568,0.0009471,315.61514,328.30646,6700.0977,spacetrack,2026-09-22 16:00:02+00:00,316.55374,6701.11,0.00043123,24.0,-0.9386000000000081,-1.0122999999994136,300-350,quiet_control_2,2.75
48582,2026-09-24 08:00:02+00:00,0.00089233,15.8324,0.0020116,0.0009606,314.84937,327.7203,6699.422,spacetrack,2026-09-23 16:00:02+00:00,315.61514,6700.0977,0.00049821,16.0,-1.1486549999999625,-1.0135500000010325,300-350,secondary_active_sep2,9.000416666666666
48909,2026-09-19 01:04:18.665000+00:00,0.00054869,16.20297,0.0105429,0.0004679,215.6588,221.83217,6596.8823,spacetrack,2026-09-17 13:27:55.297000+00:00,223.9675,6604.7974,0.00058731,35.60649111111111,-5.6003496491057945,-5.335049707853006,200-250,quiet_control_2,6.309699476768313
48909,2026-09-20 21:28:28.197000+00:00,0.00061784,16.255583,0.01813421,0.0004858,201.30573,207.70142,6582.6406,spacetrack,2026-09-19 01:04:18.665000+00:00,215.6588,6596.8823,0.00054869,44.40264777777778,-7.757953573489349,-7.697757163280544,200-250,quiet_control_2,6.446717673217835
48931,2026-09-18 07:10:36.703000+00:00,0.00031565,15.77845,0.0005309,0.0002992,334.53857,338.55664,6714.6846,spacetrack,2026-09-17 08:20:41.968000+00:00,334.86102,6714.962,0.00031843,22.831870833333333,-0.33894725738820497,-0.2915923994410795,300-350,quiet_control_2,7.891078583074695
48931,2026-09-19 19:42:17.901000+00:00,0.0003083,15.779949,0.00052191,0.0002848,334.2101,338.03458,6714.2593,spacetrack,2026-09-18 07:10:36.703000+00:00,334.53857,6714.6846,0.00031565,36.52811055555556,-0.21581406429467215,-0.2794341082732156,300-350,quiet_control_2,6.0499105491038945
48931,2026-09-20 20:03:18.434000+00:00,0.00029113,15.780946,0.00049479,0.000278,333.973,337.70596,6713.9766,spacetrack,2026-09-19 19:42:17.901000+00:00,334.2101,6714.2593,0.0003083,24.350148055555554,-0.23369057087526307,-0.2786348561213788,300-350,quiet_control_2,6.155215392085284
48931,2026-09-21 12:47:41.948000+00:00,0.00028122,15.781601,0.0004792,0.0002702,333.83966,337.4678,6713.7905,spacetrack,2026-09-20 20:03:18.434000+00:00,333.973,6713.9766,0.00029113,16.739865,-0.19117000047496072,-0.2668121875533357,300-350,quiet_control_2,3.660406792740297
48931,2026-09-22 13:08:33.467000+00:00,0.00028926,15.782581,0.00049519,0.000265,333.59677,337.15494,6713.5127,spacetrack,2026-09-21 12:47:41.948000+00:00,333.83966,6713.7905,0.00028122,24.347644166666665,-0.23942193175224957,-0.2738334745800175,300-350,quiet_control_2,2.95307021433365
48931,2026-09-23 13:29:19.087000+00:00,0.0003234,15.783712,0.000557,0.0002627,333.29156,336.81866,6713.192,spacetrack,2026-09-22 13:08:33.467000+00:00,333.59677,6713.5127,0.00028926,24.346005555555553,-0.3008723539179594,-0.3161422099589074,300-350,quiet_control_2,2.677262446200962
48948,2026-09-18 02:36:09.677000+00:00,0.00028185,15.778256,0.00047316,0.0003005,334.58478,338.62036,6714.7397,spacetrack,2026-09-17 12:54:12.928000+00:00,334.63657,6714.892,0.00028798,13.699096944444445,-0.090732988096975,-0.266820507571933,300-350,quiet_control_2,8.253263855652774
48948,2026-09-21 12:47:13.478000+00:00,0.00027824,15.781648,0.00047419,0.0002956,333.65594,337.62512,6713.7773,spacetrack,2026-09-20 20:02:50.187000+00:00,333.84076,6713.966,0.00031116,16.739803055555555,-0.2649780278345597,-0.2705408172954337,300-350,quiet_control_2,3.659940510052795
48948,2026-09-22 13:08:04.701000+00:00,0.00028423,15.782619,0.00048659,0.000282,333.4718,337.2582,6713.502,spacetrack,2026-09-21 12:47:13.478000+00:00,333.65594,6713.7773,0.00027824,24.347561944444443,-0.18151139773601527,-0.2713700868719472,300-350,quiet_control_2,2.953398242942942
48948,2026-09-23 13:28:50.358000+00:00,0.00028658,15.783633,0.00049288,0.0002678,333.27963,336.8752,6713.2144,spacetrack,2026-09-22 13:08:04.701000+00:00,333.4718,6713.502,0.00028423,24.346015833333336,-0.18943879900401595,-0.283512507642551,300-350,quiet_control_2,2.6769343745121335
48957,2026-09-19 09:02:27.251000+00:00,0.00031285,15.77953,0.00052869,0.0003002,334.22556,338.25687,6714.3784,spacetrack,2026-09-17 12:54:04.078000+00:00,334.61716,6714.886,0.00030061,44.13977027777778,-0.21292362739668774,-0.275995999148934,300-350,quiet_control_2,6.902789065137171
48957,2026-09-20 20:02:40.805000+00:00,0.00029569,15.780988,0.00050272,0.0003099,333.747,337.90833,6713.965,spacetrack,2026-09-19 09:02:27.251000+00:00,334.22556,6714.3784,0.00031285,35.003765,-0.3281201322200345,-0.2834437952599367,300-350,quiet_control_2,6.024632516911633
48957,2026-09-21 12:47:04.054000+00:00,0.0002813,15.781667,0.00047951,0.000303,333.60074,337.66928,6713.772,spacetrack,2026-09-20 20:02:40.805000+00:00,333.747,6713.965,0.00029569,16.73979138888889,-0.2096943694490072,-0.2767059572247462,300-350,quiet_control_2,3.659785286385737
48957,2026-09-22 13:07:55.263000+00:00,0.00028822,15.782633,0.00049353,0.0002966,333.36996,337.35242,6713.498,spacetrack,2026-09-21 12:47:04.054000+00:00,333.60074,6713.772,0.0002813,24.347558055555556,-0.22748564711752473,-0.2700886875391479,300-350,quiet_control_2,2.953505912280115
48957,2026-09-23 19:33:51.257000+00:00,0.00031818,15.783955,0.00054855,0.0002811,333.09924,336.87335,6713.1235,spacetrack,2026-09-22 13:07:55.263000+00:00,333.36996,6713.498,0.00028822,30.432220555555556,-0.21350002994814254,-0.2953448626461387,300-350,quiet_control_2,2.895660971320291
48964,2026-09-18 09:13:03.811000+00:00,0.00055582,16.146301,0.0070086,0.0003,232.1884,236.15579,6612.309,spacetrack,2026-09-17 12:23:09.647000+00:00,235.63889,6615.562,0.00057322,20.831712222222222,-3.975273809306017,-3.7477476247348287,200-250,quiet_control_2,7.993397472902024
48964,2026-09-19 09:00:22.582000+00:00,0.00054459,16.1605,0.00758004,0.0003197,228.1856,232.41103,6608.4355,spacetrack,2026-09-18 09:13:03.811000+00:00,232.1884,6612.309,0.00055582,23.788547499999996,-4.038380233177339,-3.9079309066690393,200-250,quiet_control_2,6.125847415535658
48964,2026-09-20 13:13:30.730000+00:00,0.00057595,16.181158,0.0093838,0.0003687,222.23811,227.10703,6602.8096,spacetrack,2026-09-19 09:00:22.582000+00:00,228.1856,6608.4355,0.00054459,28.21893,-5.058298099892508,-4.784788083743786,200-250,quiet_control_2,6.870191294362409
48964,2026-09-21 12:57:35.499000+00:00,0.00054895,16.199959,0.01029711,0.0003516,217.2433,221.8828,6597.7,spacetrack,2026-09-20 13:13:30.730000+00:00,222.23811,6602.8096,0.00057595,23.734658055555556,-5.050649548833119,-5.166722845256687,200-250,quiet_control_2,3.3275714865587616
48964,2026-09-22 12:39:51.243000+00:00,0.0005746,16.222828,0.01288121,0.0003835,210.83348,215.88916,6591.4985,spacetrack,2026-09-21 12:57:35.499000+00:00,217.2433,6597.7,0.00054895,23.704373333333336,-6.489759414296541,-6.278841372731344,200-250,quiet_control_2,2.9719784127035913
48964,2026-09-23 19:43:09.381000+00:00,0.00056503,16.260843,0.01733239,0.0004468,200.1435,206.02446,6581.221,spacetrack,2026-09-22 12:39:51.243000+00:00,210.83348,6591.4985,0.0005746,31.055038333333336,-8.261445928553853,-7.942672533598122,200-250,quiet_control_2,2.897667222328873
49158,2026-09-18 09:09:43.694000+00:00,0.00055581,16.074717,0.00445456,0.0007539,248.78868,258.7883,6631.9253,spacetrack,2026-09-17 15:14:11.905000+00:00,250.62993,6633.6978,0.00056381,17.925496944444443,-2.4652036223573504,-2.373155965039233,250-300,quiet_control_2,6.990954938503253
49158,2026-09-19 13:31:46.392000+00:00,0.00051544,16.08486,0.00440656,0.0007729,245.87605,256.12335,6629.1367,spacetrack,2026-09-18 09:09:43.694000+00:00,248.78868,6631.9253,0.00055581,28.367416111111112,-2.464204696197907,-2.3592702182622314,200-250,quiet_control_2,6.0
49158,2026-09-20 13:24:12.995000+00:00,0.00054401,16.094122,0.00493654,0.0007892,243.22644,253.68585,6626.5933,spacetrack,2026-09-19 13:31:46.392000+00:00,245.87605,6629.1367,0.00051544,23.87405638888889,-2.663587576579375,-2.5568172834005134,200-250,quiet_control_2,7.1390096476529745
49158,2026-09-21 13:15:48.857000+00:00,0.00052099,16.103828,0.00503725,0.000802,240.48103,251.10582,6623.9307,spacetrack,2026-09-20 13:24:12.995000+00:00,243.22644,6626.5933,0.00054401,23.859961666666663,-2.761523296663574,-2.6782272701337924,200-250,quiet_control_2,3.3183739514716084
49158,2026-09-22 20:33:25.567000+00:00,0.00052162,16.117617,0.00552574,0.000811,236.64607,247.38396,6620.152,spacetrack,2026-09-21 13:15:48.857000+00:00,240.48103,6623.9307,0.00052099,31.293530555555556,-2.9411523201769305,-2.8980047437918834,200-250,quiet_control_2,2.904133539848625
49158,2026-09-23 12:56:16.244000+00:00,0.00052977,16.125484,0.00591593,0.0008091,234.50674,245.216,6617.9985,spacetrack,2026-09-22 20:33:25.567000+00:00,236.64607,6620.152,0.00052162,16.38074361111111,-3.134407156288881,-3.155168118555433,200-250,quiet_control_2,2.6337162620669927
49158,2026-09-24 05:18:37.376000+00:00,0.00057642,16.13405,0.00681788,0.0008133,232.13849,242.89952,6615.6562,spacetrack,2026-09-23 12:56:16.244000+00:00,234.50674,6617.9985,0.00052977,16.372536666666665,-3.471545134219708,-3.433505824081273,200-250,secondary_active_sep2,7.1448857141053885
49176,2026-09-18 12:24:03.549000+00:00,0.00053067,16.168144,0.00794953,0.0006385,223.99716,232.43347,6606.3525,spacetrack,2026-09-17 23:02:00.888000+00:00,226.48666,6608.7026,0.00056121,13.367405833333333,-4.469678017181954,-4.219397593162405,200-250,quiet_control_2,6.57575139080526
49176,2026-09-19 12:08:48.309000+00:00,0.00052982,16.185017,0.00906989,0.0006811,219.12653,228.11945,6601.76,spacetrack,2026-09-18 12:24:03.549000+00:00,223.99716,6606.3525,0.00053067,23.745766666666665,-4.922777252927896,-4.64166946248639,200-250,quiet_control_2,6.050659872005255
49176,2026-09-20 14:49:43.605000+00:00,0.00054462,16.207405,0.0110746,0.0007348,212.69548,222.38849,6595.679,spacetrack,2026-09-19 12:08:48.309000+00:00,219.12653,6601.76,0.00052982,26.68202666666667,-5.784613062875782,-5.469749424331702,200-250,quiet_control_2,6.912316068444576
49176,2026-09-21 23:23:06.109000+00:00,0.0005055,16.240406,0.01342419,0.000811,203.26233,213.94603,6586.741,spacetrack,2026-09-20 14:49:43.605000+00:00,212.69548,6595.679,0.00054462,32.55625111111111,-6.953982484879342,-6.588965027573206,200-250,quiet_control_2,2.9674803278947013
50163,2026-09-18 20:00:01.999000+00:00,0.00082321,15.861278,0.00212813,0.0004012,310.46664,315.83575,6691.288,spacetrack,2026-09-17 14:00:03+00:00,311.5734,6692.2134,0.0006228,29.999721944444442,-0.8854162064965134,-0.740326861733293,300-350,quiet_control_2,6.199696323111291
50163,2026-09-19 20:00:01.999000+00:00,0.00071846,15.864453,0.00188028,0.0004431,309.29358,315.22263,6690.395,spacetrack,2026-09-18 20:00:01.999000+00:00,310.46664,6691.288,0.00082321,24.0,-1.173059999999964,-0.8929999999991196,300-350,quiet_control_2,6.875069409722222
50163,2026-09-20 16:00:02+00:00,0.00057232,15.86687,0.00150777,0.000455,308.5349,314.62253,6689.716,spacetrack,2026-09-19 20:00:01.999000+00:00,309.29358,6690.395,0.00071846,20.00000027777778,-0.9104159873553654,-0.8147999886834382,300-350,quiet_control_2,6.9998888750015436
50163,2026-09-21 16:00:02+00:00,0.00046546,15.870181,0.00124133,0.000486,307.39746,313.89896,6688.785,spacetrack,2026-09-20 16:00:02+00:00,308.5349,6689.716,0.00057232,24.0,-1.1374399999999696,-0.9310000000004948,300-350,quiet_control_2,3.25
50163,2026-09-22 16:00:02+00:00,0.00054975,15.87281,0.00149104,0.0005157,306.4605,313.35855,6688.0464,spacetrack,2026-09-21 16:00:02+00:00,307.39746,6688.785,0.00046546,24.0,-0.9369599999999991,-0.7385999999996784,300-350,quiet_control_2,2.916689814814815
50163,2026-09-23 16:00:02+00:00,0.00088333,15.877329,0.00248283,0.000574,304.80237,312.4788,6686.7773,spacetrack,2026-09-22 16:00:02+00:00,306.4605,6688.0464,0.00054975,24.0,-1.6581300000000283,-1.269100000000435,300-350,quiet_control_2,2.75
50163,2026-09-24 08:00:02+00:00,0.00093108,15.880607,0.00266577,0.0005662,303.93497,311.50604,6685.8574,spacetrack,2026-09-23 16:00:02+00:00,304.80237,6686.7773,0.00088333,16.0,-1.3010999999999626,-1.3798499999998057,300-350,secondary_active_sep2,9.000416666666666
51053,2026-09-18 19:41:24.849000+00:00,0.00055311,15.885329,0.00155496,0.0004456,303.41678,309.37402,6684.532,spacetrack,2026-09-17 22:31:21.150000+00:00,304.1378,6685.251,0.0005903,21.167694166666664,-0.8174948042876615,-0.8152045217648084,300-350,quiet_control_2,5.544667811991647
51053,2026-09-19 22:54:03.081000+00:00,0.00058079,15.888681,0.00162663,0.0004536,302.42337,308.48672,6683.592,spacetrack,2026-09-18 19:41:24.849000+00:00,303.41678,6684.532,0.00055311,27.210620000000002,-0.8761961322454598,-0.8290880545908996,300-350,quiet_control_2,6.7376056664640505
51053,2026-09-20 03:26:07.399000+00:00,0.00057886,15.889293,0.00162615,0.0004525,302.25943,308.30795,6683.421,spacetrack,2026-09-19 22:54:03.081000+00:00,302.42337,6683.592,0.00058079,4.534532777777778,-0.8676880712564687,-0.9050546552661685,300-350,quiet_control_2,8.848914790804736
51053,2026-09-23 22:05:26.533000+00:00,0.00057777,15.901127,0.00172281,0.0004918,298.68204,305.2526,6680.1045,spacetrack,2026-09-22 15:52:47.239000+00:00,299.73343,6681.247,0.00048604,30.210915,-0.8352398462608839,-0.9076189847278129,250-300,quiet_control_2,3.2076107537071725
51103,2026-09-18 22:11:04.035000+00:00,0.00026014,14.649006,7.764e-05,0.0471322,344.85193,1009.9374,7055.5317,spacetrack,2026-09-17 05:12:09.337000+00:00,344.82092,7055.618,0.00031005,40.981860555555556,0.0181602296701643,-0.05053943310388702,300-350,quiet_control_2,6.5124218304225625
51103,2026-09-19 21:08:02.081000+00:00,0.00023709,14.649139,7.063e-05,0.0471223,344.8808,1009.8225,7055.489,spacetrack,2026-09-18 22:11:04.035000+00:00,344.85193,7055.5317,0.00026014,22.94945722222222,0.03019156371724753,-0.04465465087369936,300-350,quiet_control_2,7.045776367066343
51103,2026-09-20 21:43:20.384000+00:00,0.00021526,14.649277,6.4e-05,0.0471123,344.9095,1009.70593,7055.445,spacetrack,2026-09-19 21:08:02.081000+00:00,344.8808,7055.489,0.00023709,24.5884175,0.02801318954336901,-0.04294705017095374,300-350,quiet_control_2,5.941246410925885
51103,2026-09-21 22:18:37.682000+00:00,0.00021804,14.649414,6.482e-05,0.0471031,344.93222,1009.59467,7055.4004,spacetrack,2026-09-20 21:43:20.384000+00:00,344.9095,7055.445,0.00021526,24.588138333333333,0.02217654678071346,-0.043533186021294745,300-350,quiet_control_2,3.0772163199107143
51103,2026-09-22 21:15:32.946000+00:00,0.00021746,14.649538,6.463e-05,0.0470941,344.9578,1009.4895,7055.361,spacetrack,2026-09-21 22:18:37.682000+00:00,344.93222,7055.4004,0.00021804,22.948684444444442,0.026751860285819815,-0.041204976359443216,300-350,quiet_control_2,3.2779708602032667
51103,2026-09-23 21:50:48.372000+00:00,0.00023983,14.649679,7.137e-05,0.0470829,344.99377,1009.3632,7055.3154,spacetrack,2026-09-22 21:15:32.946000+00:00,344.9578,7055.361,0.00021746,24.587618333333335,0.0351103546628905,-0.044510207745641794,300-350,quiet_control_2,3.2253292663360176
51103,2026-09-24 06:02:33.286000+00:00,0.00024187,14.649727,7.198e-05,0.0470803,344.99747,1009.32874,7055.3003,spacetrack,2026-09-23 21:50:48.372000+00:00,344.99377,7055.3154,0.00023983,8.195809444444444,0.010834805348127616,-0.044217719124541935,300-350,secondary_active_sep2,10.439246086262107
51659,2026-09-18 18:46:32.623000+00:00,0.00050481,15.980504,0.00228949,0.0004447,276.86758,282.78918,6657.9653,spacetrack,2026-09-17 17:13:23.677000+00:00,278.1269,6659.3467,0.00051557,25.552484999999997,-1.182807856065665,-1.297470676531269,250-300,quiet_control_2,5.939323731353547
51659,2026-09-19 03:47:32.513000+00:00,0.00051184,15.982281,0.00234423,0.0004252,276.50403,282.16556,6657.4717,spacetrack,2026-09-18 18:46:32.623000+00:00,276.86758,6657.9653,0.00050481,9.016636111111112,-0.9676779557785887,-1.3138380937206393,250-300,quiet_control_2,6.7853676337165645
51659,2026-09-20 21:51:24.070000+00:00,0.00050261,15.990772,0.0024131,0.0003811,274.44156,279.51407,6655.1147,spacetrack,2026-09-19 03:47:32.513000+00:00,276.50403,6657.4717,0.00051184,42.06432138888889,-1.1767521349595689,-1.344797636862424,250-300,quiet_control_2,6.202842674331086
51659,2026-09-21 21:52:59.228000+00:00,0.00051262,15.995878,0.00253256,0.0003352,273.3311,277.79172,6653.698,spacetrack,2026-09-20 21:51:24.070000+00:00,274.44156,6655.1147,0.00050261,24.026432777777778,-1.1092383229128162,-1.4151414117305807,250-300,quiet_control_2,3.037856292487494
51659,2026-09-22 21:54:06.045000+00:00,0.00053994,16.001247,0.00274995,0.0003113,272.0019,276.14355,6652.21,spacetrack,2026-09-21 21:52:59.228000+00:00,273.3311,6653.698,0.00051262,24.018560277777777,-1.3281728642792674,-1.486850152007151,250-300,quiet_control_2,3.3011738479976653
51659,2026-09-23 21:54:43.738000+00:00,0.00053745,16.006723,0.00282361,0.0002706,270.75626,274.35562,6650.693,spacetrack,2026-09-22 21:54:06.045000+00:00,272.0019,6652.21,0.00053994,24.010470277777777,-1.245096812104857,-1.516338479787804,250-300,quiet_control_2,3.238914451360936
51659,2026-09-24 06:54:50.038000+00:00,0.00054291,16.00894,0.00288869,0.00026,270.21286,273.6709,6650.079,spacetrack,2026-09-23 21:54:43.738000+00:00,270.75626,6650.693,0.00053745,9.00175,-1.448784958480348,-1.6370150248575777,250-300,secondary_active_sep2,10.912944149748661
51775,2026-09-18 22:11:27.622000+00:00,0.00042145,15.869417,0.00111729,0.0004558,307.81393,313.91165,6689.0,spacetrack,2026-09-17 14:26:51.151000+00:00,308.4496,6689.802,0.00047387,31.74346416666667,-0.4806053907632087,-0.6063610417228612,300-350,quiet_control_2,5.967619239834594
51775,2026-09-19 22:22:21.514000+00:00,0.00044739,15.871637,0.00120068,0.0004391,307.3023,313.17606,6688.376,spacetrack,2026-09-18 22:11:27.622000+00:00,307.81393,6689.0,0.00042145,24.18163666666667,-0.5077869694786554,-0.6193129194037917,300-350,quiet_control_2,6.992488652891017
51775,2026-09-20 22:33:03.239000+00:00,0.00039026,15.873885,0.00105626,0.0004134,306.84305,312.37247,6687.7446,spacetrack,2026-09-19 22:22:21.514000+00:00,307.3023,6688.376,0.00044739,24.178256944444446,-0.45586412723322944,-0.6267449318130857,300-350,quiet_control_2,5.871711205172003
51775,2026-09-21 21:12:53.394000+00:00,0.00044726,15.876029,0.00122689,0.0003782,306.47653,311.5347,6687.1426,spacetrack,2026-09-20 22:33:03.239000+00:00,306.84305,6687.7446,0.00039026,22.663931944444442,-0.3881268273114357,-0.6374886774021702,300-350,quiet_control_2,2.9505277199191497
51775,2026-09-22 21:23:10.586000+00:00,0.00046412,15.878445,0.00128964,0.0003471,306.0066,310.64832,6686.4644,spacetrack,2026-09-21 21:12:53.394000+00:00,306.47653,6687.1426,0.00044726,24.171442222222222,-0.46659689961039996,-0.673389690626019,300-350,quiet_control_2,3.35456455547313
51775,2026-09-23 21:33:14.601000+00:00,0.00047348,15.880861,0.00133238,0.0003448,305.34372,309.95422,6685.786,spacetrack,2026-09-22 21:23:10.586000+00:00,306.0066,6686.4644,0.00046412,24.167781944444446,-0.6582780346400985,-0.6736902888904754,300-350,quiet_control_2,3.1929083732515107
51775,2026-09-24 02:05:06.411000+00:00,0.00053714,15.881365,0.00151955,0.0003343,305.27267,309.7427,6685.6445,spacetrack,2026-09-23 21:33:14.601000+00:00,305.34372,6685.786,0.00047348,4.531058333333333,-0.376335918576859,-0.7494937716891081,300-350,secondary_active_sep2,10.141643324683159
52295,2026-09-18 20:00:01.999000+00:00,0.0019016,15.981856,0.00894509,0.0001058,278.74823,280.15698,6657.5894,spacetrack,2026-09-17 14:00:03+00:00,283.89325,6662.8896,0.0017431,29.999721944444442,-4.116054149724146,-4.240199300366207,250-300,quiet_control_2,6.199696323111291
52295,2026-09-19 20:00:01.999000+00:00,0.001781,15.9992285,0.00923788,0.0001067,273.92282,275.34253,6652.7695,spacetrack,2026-09-18 20:00:01.999000+00:00,278.74823,6657.5894,0.0019016,24.0,-4.825409999999977,-4.819899999999507,250-300,quiet_control_2,6.875069409722222
52295,2026-09-20 22:43:51.523000+00:00,0.0015842,16.01972,0.0092511,9.93e-05,268.29816,269.6183,6647.095,spacetrack,2026-09-19 20:00:01.999000+00:00,273.92282,6652.7695,0.001781,26.730423333333334,-5.050119794835528,-5.094868805544616,250-300,quiet_control_2,5.8704862553409285
52295,2026-09-21 12:12:07.987000+00:00,0.0010743,16.028849,0.00663429,0.0001264,265.5944,267.27414,6644.5713,spacetrack,2026-09-20 22:43:51.523000+00:00,268.29816,6647.095,0.0015842,13.47124,-4.816946324169098,-4.496156255846936,250-300,quiet_control_2,3.762292215778866
52295,2026-09-22 12:07:47.742000+00:00,0.0012042,16.047726,0.00832115,8.44e-05,260.66193,261.78265,6639.3594,spacetrack,2026-09-21 12:12:07.987000+00:00,265.5944,6644.5713,0.0010743,23.927709722222225,-4.947371953867317,-5.227646166394857,250-300,quiet_control_2,2.9945699636596363
52295,2026-09-23 09:02:38.593000+00:00,0.0011198,16.06397,0.00855091,0.0001546,255.72005,257.77155,6634.883,spacetrack,2026-09-22 12:07:47.742000+00:00,260.66193,6639.3594,0.0012042,20.914125277777778,-5.671053339535235,-5.136891864856732,250-300,quiet_control_2,2.43454397932094
52295,2026-09-24 05:56:18.735000+00:00,0.00073274,16.076296,0.00605574,4.95e-05,253.02571,253.68222,6631.491,spacetrack,2026-09-23 09:02:38.593000+00:00,255.72005,6634.883,0.0011198,20.894483888888892,-3.0947957529779524,-3.896147922719753,250-300,secondary_active_sep2,6.569706329456279
52794,2026-09-19 15:48:11.247000+00:00,0.00035938,15.689755,0.00043068,0.0029921,341.6625,381.99582,6739.9663,spacetrack,2026-09-18 22:59:21.514000+00:00,341.8845,6740.14,0.0003498,16.813814722222222,-0.31688228329039997,-0.247938975710074,300-350,quiet_control_2,7.427397672479408
52794,2026-09-20 14:43:47.910000+00:00,0.00039603,15.690654,0.0004773,0.0029933,341.39798,381.7459,6739.709,spacetrack,2026-09-19 15:48:11.247000+00:00,341.6625,6739.9663,0.00035938,22.926850833333333,-0.27690152677968566,-0.26934357644212586,300-350,quiet_control_2,7.070362876192366
52794,2026-09-21 15:11:01.686000+00:00,0.00037455,15.691619,0.00045278,0.0029929,341.12518,381.46606,6739.4326,spacetrack,2026-09-20 14:43:47.910000+00:00,341.39798,6739.709,0.00039603,24.453826666666664,-0.26773723758028456,-0.27127042693224357,300-350,quiet_control_2,3.248886336535196
52794,2026-09-22 15:38:10.110000+00:00,0.0003932,15.692597,0.00047774,0.0029929,340.846,381.1852,6739.153,spacetrack,2026-09-21 15:11:01.686000+00:00,341.12518,6739.4326,0.00037455,24.45234,-0.27401549299575906,-0.27442772348152766,300-350,quiet_control_2,2.8848290865686743
52794,2026-09-23 14:33:31.718000+00:00,0.00037858,15.693518,0.00046143,0.0029914,340.59335,380.9108,6738.889,spacetrack,2026-09-22 15:38:10.110000+00:00,340.846,6739.153,0.0003932,22.922668888888886,-0.26452417165697334,-0.276407604660475,300-350,quiet_control_2,2.738250374374673
52794,2026-09-24 07:22:04.424000+00:00,0.00043687,15.694271,0.00053556,0.0029883,340.39917,380.67352,6738.6733,spacetrack,2026-09-23 14:33:31.718000+00:00,340.59335,6738.889,0.00037858,16.809085,-0.2772500704231698,-0.3079763116192118,300-350,secondary_active_sep2,8.259938102916767
52908,2026-09-18 22:50:00.368000+00:00,0.0010128,15.812398,0.0021284,0.0008553,321.1988,332.6685,6705.071,spacetrack,2026-09-17 22:35:15.482000+00:00,322.281,6706.156,0.0010641,24.245801666666665,-1.0712287577485067,-1.0740003716107638,300-350,quiet_control_2,5.432359389230342
52908,2026-09-19 20:02:37.160000+00:00,0.0007723,15.815515,0.00163729,0.0008576,320.30316,331.8022,6704.1895,spacetrack,2026-09-18 22:50:00.368000+00:00,321.1988,6705.071,0.0010128,21.21022,-1.0134435192091522,-0.9974436851663078,300-350,quiet_control_2,7.131529988845001
52908,2026-09-20 23:18:25.818000+00:00,0.00091017,15.820249,0.00198051,0.0008471,319.03705,330.393,6702.852,spacetrack,2026-09-19 20:02:37.160000+00:00,320.30316,6704.1895,0.0007723,27.26351611111111,-1.1145532320981641,-1.177397657337782,300-350,quiet_control_2,5.830750248261164
52908,2026-09-21 23:32:04.506000+00:00,0.001004,15.824535,0.00223562,0.0008448,317.8431,329.1662,6701.6416,spacetrack,2026-09-20 23:18:25.818000+00:00,319.03705,6702.852,0.00091017,24.22741333333333,-1.1827428543754583,-1.199038444604836,300-350,quiet_control_2,3.1140030219211736
52908,2026-09-22 23:45:18.860000+00:00,0.00099989,15.829007,0.00227463,0.000822,316.73462,327.75003,6700.3794,spacetrack,2026-09-21 23:32:04.506000+00:00,317.8431,6701.6416,0.001004,24.22065388888889,-1.0983815764034306,-1.2507011635181153,300-350,quiet_control_2,3.162292480542949
52908,2026-09-23 23:58:07.875000+00:00,0.0010941,15.83374,0.00255347,0.0008224,315.3978,326.41638,6699.044,spacetrack,2026-09-22 23:45:18.860000+00:00,316.73462,6700.3794,0.00099989,24.213615277777777,-1.325026421372308,-1.3236189487743377,300-350,quiet_control_2,3.4917300602742847
52989,2026-09-18 20:00:01.999000+00:00,0.00093211,15.995417,0.00473694,0.0002118,274.28012,277.09866,6653.826,spacetrack,2026-09-17 14:00:03+00:00,277.17786,6656.812,0.00089973,29.999721944444442,-2.3182134864046278,-2.388822140842151,250-300,quiet_control_2,6.199696323111291
52989,2026-09-19 22:43:17.447000+00:00,0.0010078,16.005997,0.00544451,0.0002301,271.22647,274.2872,6650.894,spacetrack,2026-09-18 20:00:01.999000+00:00,274.28012,6653.826,0.00093211,26.72095777777778,-2.742701089140937,-2.633438538588455,250-300,quiet_control_2,6.785962314973574
52989,2026-09-20 22:41:31.137000+00:00,0.00086792,16.01489,0.00493538,0.0001971,268.98413,271.60495,6648.4316,spacetrack,2026-09-19 22:43:17.447000+00:00,271.22647,6650.894,0.0010078,23.970469444444443,-2.2451024634593924,-2.4654335676227275,250-300,quiet_control_2,5.858827754381577
52989,2026-09-21 22:38:55.248000+00:00,0.00077596,16.02412,0.00465712,0.0001872,266.4969,268.9851,6645.878,spacetrack,2026-09-20 22:41:31.137000+00:00,268.98413,6648.4316,0.00086792,23.9566975,-2.491725748091959,-2.55821571399833,250-300,quiet_control_2,3.06701163630755
52989,2026-09-22 22:35:28.251000+00:00,0.00083292,16.033903,0.00530065,0.0001798,263.84338,266.23227,6643.175,spacetrack,2026-09-21 22:38:55.248000+00:00,266.4969,6645.878,0.00077596,23.942500833333334,-2.6598925669174833,-2.7094913957222087,250-300,quiet_control_2,3.2381806328293257
52989,2026-09-23 22:31:09.857000+00:00,0.0006777,16.043217,0.00455947,0.000174,261.31073,263.62167,6640.603,spacetrack,2026-09-22 22:35:28.251000+00:00,263.84338,6643.175,0.00083292,23.92822388888889,-2.540247043919799,-2.5797150798420225,250-300,quiet_control_2,3.3158702543809087
52989,2026-09-24 05:59:37.972000+00:00,0.00076307,16.04695,0.00525377,0.0001368,260.52835,262.34494,6639.5737,spacetrack,2026-09-23 22:31:09.857000+00:00,261.31073,6640.603,0.0006777,7.474476388888889,-2.5121652705884103,-3.305007429915207,250-300,secondary_active_sep2,10.813934978351327
53152,2026-09-18 11:12:10.426000+00:00,0.00055699,16.113884,0.00588588,0.0002481,241.39474,244.68018,6621.1743,spacetrack,2026-09-17 15:50:47.972000+00:00,243.95706,6623.669,0.00057053,19.356237222222223,-3.177047237745099,-3.0932044959268614,200-250,quiet_control_2,6.88619192429704
53152,2026-09-19 13:59:07.456000+00:00,0.00053543,16.127054,0.0061869,0.0002731,237.62476,241.23926,6617.569,spacetrack,2026-09-18 11:12:10.426000+00:00,241.39474,6621.1743,0.00055699,26.782508333333332,-3.3783064257424273,-3.2307354831396085,200-250,quiet_control_2,6.000000000000001
53152,2026-09-20 12:17:11.031000+00:00,0.00056243,16.139507,0.00707942,0.000278,234.18867,237.86615,6614.1646,spacetrack,2026-09-19 13:59:07.456000+00:00,237.62476,6617.569,0.00053543,22.300993055555555,-3.6978694085309556,-3.663765097655782,200-250,quiet_control_2,7.319546843797128
53152,2026-09-21 13:32:20.123000+00:00,0.00053259,16.154987,0.00747635,0.00029,229.88449,233.71825,6609.9385,spacetrack,2026-09-20 12:17:11.031000+00:00,234.18867,6614.1646,0.00056243,25.252525555555557,-4.09069262291169,-4.016485391802042,200-250,quiet_control_2,3.345058654859296
53152,2026-09-22 19:12:52.124000+00:00,0.00055814,16.17615,0.0091127,0.000291,224.11386,227.95749,6604.173,spacetrack,2026-09-21 13:32:20.123000+00:00,229.88449,6609.9385,0.00053259,29.675555833333334,-4.666976442760825,-4.662827573547341,200-250,quiet_control_2,2.8989066955696168
53152,2026-09-23 14:28:52.641000+00:00,0.00055739,16.192078,0.01022089,0.0002644,219.95897,223.44896,6599.841,spacetrack,2026-09-22 19:12:52.124000+00:00,224.11386,6604.173,0.00055814,19.26681027777778,-5.175602944251404,-5.396222753067863,200-250,quiet_control_2,2.688583636134085
53152,2026-09-24 05:17:17.984000+00:00,0.00059955,16.206223,0.01246586,0.0002242,216.38393,219.34157,6595.9995,spacetrack,2026-09-23 14:28:52.641000+00:00,219.95897,6599.841,0.00055739,14.807039722222223,-5.794605917834542,-6.226497782783969,200-250,secondary_active_sep2,7.5741738121823925
53206,2026-09-18 20:00:01.999000+00:00,0.0015127,16.00077,0.00766326,0.0001137,273.44858,274.9613,6652.342,spacetrack,2026-09-17 22:00:02+00:00,276.9421,6655.955,0.0014603,21.99999972222222,-3.811112775392827,-3.941454595220696,250-300,quiet_control_2,5.590757608469162
53206,2026-09-19 22:08:17.622000+00:00,0.0014321,16.019823,0.00808747,0.000176,267.7597,270.0995,6647.0664,spacetrack,2026-09-18 20:00:01.999000+00:00,273.44858,6652.342,0.0015127,26.137673055555556,-5.223614195104469,-4.844134354687197,250-300,quiet_control_2,6.803501742052337
53206,2026-09-20 20:36:46.955000+00:00,0.001044,16.036554,0.00651527,0.000207,262.93042,265.6804,6642.4424,spacetrack,2026-09-19 22:08:17.622000+00:00,267.7597,6647.0664,0.0014321,22.47481472222222,-5.157004470670875,-4.937793764780912,250-300,quiet_control_2,6.068869434382806
53206,2026-09-21 19:03:45.847000+00:00,0.0014114,16.055998,0.00984826,0.0001155,258.17545,259.70862,6637.079,spacetrack,2026-09-20 20:36:46.955000+00:00,262.93042,6642.4424,0.001044,22.449692222222225,-5.08333383239158,-5.733780166152435,250-300,quiet_control_2,3.2416441690390903
53206,2026-09-22 20:29:05.219000+00:00,0.00055924,16.064217,0.00413151,0.0002154,255.24887,258.10715,6634.815,spacetrack,2026-09-21 19:03:45.847000+00:00,258.17545,6637.079,0.0014114,25.422047777777777,-2.762874203288896,-2.137357323649584,250-300,quiet_control_2,3.1254110550496352
53206,2026-09-23 20:23:59.128000+00:00,0.00051611,16.071894,0.00400021,0.0003138,252.48357,256.64627,6632.702,spacetrack,2026-09-22 20:29:05.219000+00:00,255.24887,6634.815,0.00055924,23.914974722222222,-2.775131513659139,-2.120512381426959,250-300,quiet_control_2,3.050147380344874
53206,2026-09-24 20:17:58.998000+00:00,0.0013096,16.086842,0.01103149,0.0001561,249.42068,251.49013,6628.5923,spacetrack,2026-09-23 20:23:59.128000+00:00,252.48357,6632.702,0.00051611,23.899963888888887,-3.075710086498253,-4.1269016329289885,250-300,secondary_active_sep2,15.133893368272172
53480,2026-09-18 12:19:29.690000+00:00,0.0005241,16.118042,0.00546664,0.0003973,239.26855,244.52884,6620.0356,spacetrack,2026-09-17 22:54:43.386000+00:00,241.11755,6621.6904,0.00055702,13.412862222222222,-3.3084661025204807,-2.9609787487570314,200-250,quiet_control_2,6.617996606242632
53480,2026-09-19 13:38:46.748000+00:00,0.00052031,16.129974,0.0058797,0.0004465,235.67911,241.58788,6616.7705,spacetrack,2026-09-18 12:19:29.690000+00:00,239.26855,6620.0356,0.0005241,25.321405000000002,-3.4021240132607136,-3.0947097919729454,200-250,quiet_control_2,6.0384947702019955
53480,2026-09-20 11:58:20.407000+00:00,0.0005388,16.141785,0.00659732,0.0004873,232.18242,238.62798,6613.542,spacetrack,2026-09-19 13:38:46.748000+00:00,235.67911,6616.7705,0.00052031,22.32601638888889,-3.7588685118839757,-3.47056987911843,200-250,quiet_control_2,7.347441193388994
53480,2026-09-21 11:46:04.763000+00:00,0.00051745,16.155386,0.00696724,0.0005578,228.00609,235.38002,6609.83,spacetrack,2026-09-20 11:58:20.407000+00:00,232.18242,6613.542,0.0005388,23.795654444444445,-4.212194299341965,-3.7438768581887,200-250,quiet_control_2,3.378220318378393
53480,2026-09-22 14:30:46.277000+00:00,0.00051038,16.172453,0.00782133,0.0006447,222.7834,231.30013,6605.1787,spacetrack,2026-09-21 11:46:04.763000+00:00,228.00609,6609.83,0.00051745,26.744864999999997,-4.686677610823612,-4.17393021052785,200-250,quiet_control_2,2.9060434695698696
53480,2026-09-23 14:15:38.815000+00:00,0.00051986,16.18974,0.0090625,0.0007191,217.59274,227.08554,6600.476,spacetrack,2026-09-22 14:30:46.277000+00:00,222.7834,6605.1787,0.00051038,23.747927222222224,-5.245756348934227,-4.752616889208076,200-250,quiet_control_2,2.7268332003431692
53480,2026-09-24 05:05:23.225000+00:00,0.00057733,16.202244,0.01107498,0.0007648,213.89735,223.98825,6597.0796,spacetrack,2026-09-23 14:15:38.815000+00:00,217.59274,6600.476,0.00051986,14.829002777777779,-5.980804058713026,-5.49690368405248,200-250,secondary_active_sep2,7.48706560585759
53490,2026-09-18 22:00:03+00:00,0.0024656,15.930827,0.00854297,0.0001504,292.65866,294.66556,6671.7993,spacetrack,2026-09-17 14:00:03+00:00,299.23697,6678.367,0.0027369,32.0,-4.933732499999991,-4.925775000000385,250-300,quiet_control_2,6.093515625
53490,2026-09-19 20:00:01.999000+00:00,0.0025643,15.9463825,0.00962742,0.0001349,288.42303,290.22192,6667.4595,spacetrack,2026-09-18 22:00:03+00:00,292.65866,6671.7993,0.0024656,21.999721944444442,-4.620745673818445,-4.734387110119632,250-300,quiet_control_2,7.090922878962145
53490,2026-09-20 22:00:03+00:00,0.0019775,15.966591,0.00828675,0.0001629,282.61035,284.78076,6661.8325,spacetrack,2026-09-19 20:00:01.999000+00:00,288.42303,6667.4595,0.0025643,26.000278055555558,-5.365493388259811,-5.1940982981576935,250-300,quiet_control_2,5.92301364383913
53490,2026-09-21 16:00:02+00:00,0.0021352,15.979411,0.00958012,0.0001557,279.09528,281.16867,6658.269,spacetrack,2026-09-20 22:00:03+00:00,282.61035,6661.8325,0.0019775,17.99972222222222,-4.686832327659351,-4.751406657510419,250-300,quiet_control_2,3.5554869673914724
53490,2026-09-22 12:00:03+00:00,0.0017243,15.995376,0.00846769,0.0001722,274.55508,276.84665,6653.838,spacetrack,2026-09-21 16:00:02+00:00,279.09528,6658.269,0.0021352,20.00027777777778,-5.4481643310509895,-5.317126151026274,250-300,quiet_control_2,3.04998541686921
53490,2026-09-23 22:07:19.707000+00:00,0.0012982,16.020958,0.00738842,0.00024,267.0207,270.21112,6646.753,spacetrack,2026-09-22 12:00:03+00:00,274.55508,6653.838,0.0017243,34.1213075,-5.299478046086011,-4.983396371900486,250-300,quiet_control_2,3.0986848418201247
53490,2026-09-24 14:36:15.478000+00:00,0.0013356,16.03407,0.00819914,0.0002399,263.39792,266.5853,6643.1284,spacetrack,2026-09-23 22:07:19.707000+00:00,267.0207,6646.753,0.0012982,16.48215861111111,-5.27520223846081,-5.277852376773004,250-300,secondary_active_sep2,17.082819636741554
53499,2026-09-18 22:00:03+00:00,0.00026749,15.9061,0.0008131,0.00014,299.63968,301.5097,6678.712,spacetrack,2026-09-17 22:00:02+00:00,302.19604,6681.261,0.0015336,24.00027777777778,-2.556330412842428,-2.548970498026621,300-350,quiet_control_2,5.4999363433293595
53499,2026-09-19 20:00:01.999000+00:00,0.00062229,15.909925,0.00193871,0.0001406,298.5652,300.44296,6677.641,spacetrack,2026-09-18 22:00:03+00:00,299.63968,6678.712,0.00026749,21.999721944444442,-1.1721748149872386,-1.1683784033693536,250-300,quiet_control_2,7.090922878962145
53499,2026-09-20 22:00:03+00:00,0.0012757,15.918082,0.00414908,0.0001333,296.3329,298.11252,6675.36,spacetrack,2026-09-19 20:00:01.999000+00:00,298.5652,6677.641,0.00062229,26.000278055555558,-2.0605625788126005,-2.105515944215122,250-300,quiet_control_2,5.92301364383913
53499,2026-09-21 16:00:02+00:00,0.001573,15.92454,0.0052875,0.0001174,294.63455,296.2015,6673.555,spacetrack,2026-09-20 22:00:03+00:00,296.3329,6675.36,0.0012757,17.99972222222222,-2.2645016126792146,-2.4067038071566933,250-300,quiet_control_2,3.5554869673914724
53499,2026-09-22 14:00:03+00:00,0.0012312,15.933974,0.00434781,0.000126,291.943,293.62405,6670.9204,spacetrack,2026-09-21 16:00:02+00:00,294.63455,6673.555,0.001573,22.00027777777778,-2.9361992904130068,-2.874072802111432,250-300,quiet_control_2,2.9545334023560312
53499,2026-09-23 16:00:02+00:00,0.0013947,15.942245,0.00514272,0.000125,289.64264,291.3098,6668.6133,spacetrack,2026-09-22 14:00:03+00:00,291.943,6670.9204,0.0012312,25.99972222222222,-2.1234319170076716,-2.1296535219393293,250-300,quiet_control_2,2.7307984059658756
53499,2026-09-24 08:00:02+00:00,0.0011415,15.94927,0.00436944,0.0001453,287.54904,289.48636,6666.655,spacetrack,2026-09-23 16:00:02+00:00,289.64264,6668.6133,0.0013947,16.0,-3.140399999999971,-2.9374500000003536,250-300,secondary_active_sep2,9.000416666666666
53505,2026-09-18 12:01:49.919000+00:00,0.00050905,16.08015,0.00416467,0.0006412,248.04276,256.54562,6630.431,spacetrack,2026-09-17 22:35:11.939000+00:00,249.3138,6631.7075,0.00054557,13.443883333333334,-2.269058667324544,-2.2788058509895155,200-250,quiet_control_2,6.754875017511061
53505,2026-09-19 13:24:49.798000+00:00,0.00049925,16.08914,0.00432425,0.0006425,245.56558,254.0825,6627.961,spacetrack,2026-09-18 12:01:49.919000+00:00,248.04276,6630.431,0.00050905,25.383299722222223,-2.3421824841768273,-2.3353937686866866,200-250,quiet_control_2,6.003608639052804
53505,2026-09-20 11:47:54.835000+00:00,0.00052271,16.097858,0.00478778,0.0006477,243.13927,251.72203,6625.568,spacetrack,2026-09-19 13:24:49.798000+00:00,245.56558,6627.961,0.00049925,22.3847325,-2.601390925712426,-2.5656772981316935,200-250,quiet_control_2,7.367195438527875
53505,2026-09-21 11:39:43.073000+00:00,0.00048583,16.10747,0.00473768,0.0006464,240.514,249.07613,6622.932,spacetrack,2026-09-20 11:47:54.835000+00:00,243.13927,6625.568,0.00052271,23.863399444444443,-2.640297755845022,-2.651089177268849,200-250,quiet_control_2,3.37714660147028
53505,2026-09-22 05:32:54.022000+00:00,0.00099229,16.119991,0.01041295,0.0006375,237.14514,245.585,6619.502,spacetrack,2026-09-21 11:39:43.073000+00:00,240.514,6622.932,0.00048583,17.88637472222222,-4.520348100476063,-4.6023859657658805,200-250,quiet_control_2,3.335450872140431
53505,2026-09-23 15:46:02.472000+00:00,0.00072625,16.155392,0.00972797,0.00065,227.39519,235.98796,6609.8286,spacetrack,2026-09-22 05:32:54.022000+00:00,237.14514,6619.502,0.00099229,34.21901388888889,-6.8382683603860475,-6.784578911416212,200-250,quiet_control_2,2.5616472161148223
53505,2026-09-24 03:39:28.428000+00:00,0.00060712,16.162605,0.00858489,0.0006559,225.39014,234.05832,6607.8613,spacetrack,2026-09-23 15:46:02.472000+00:00,227.39519,6609.8286,0.00072625,11.890543333333333,-4.047014392109383,-3.970819387844571,200-250,secondary_active_sep2,7.873400514638664
53509,2026-09-18 22:00:03+00:00,0.0012704,15.744396,0.00187444,0.0001674,345.10062,347.35196,6724.3633,spacetrack,2026-09-17 22:00:02+00:00,346.46524,6725.6245,0.0014496,24.00027777777778,-1.3646042059698404,-1.261185402946642,300-350,quiet_control_2,5.4999363433293595
53509,2026-09-19 20:00:01.999000+00:00,0.00091162,15.746993,0.00135135,0.000146,344.5053,346.4686,6723.624,spacetrack,2026-09-18 22:00:03+00:00,345.10062,6724.3633,0.0012704,21.999721944444442,-0.6494482083037605,-0.8065192844169151,300-350,quiet_control_2,7.090922878962145
53509,2026-09-20 22:00:03+00:00,0.0006822,15.7499075,0.00101972,0.0001455,343.67932,345.63565,6722.7944,spacetrack,2026-09-19 20:00:01.999000+00:00,344.5053,6723.624,0.00091162,26.000278055555558,-0.7624349231051111,-0.7657764258311979,300-350,quiet_control_2,5.92301364383913
53509,2026-09-21 16:00:02+00:00,0.0017802,15.751968,0.00274217,0.0001463,343.0878,345.05472,6722.208,spacetrack,2026-09-20 22:00:03+00:00,343.67932,6722.7944,0.0006822,17.99972222222222,-0.7887055047145826,-0.7818787326966785,300-350,quiet_control_2,3.5554869673914724
53509,2026-09-22 14:00:03+00:00,0.0013875,15.757042,0.00216975,0.00015,341.61993,343.63617,6720.765,spacetrack,2026-09-21 16:00:02+00:00,343.0878,6722.208,0.0017802,22.00027777777778,-1.601292508932973,-1.5741619423989552,300-350,quiet_control_2,2.9545334023560312
53509,2026-09-23 16:00:02+00:00,0.0019164,15.76231,0.00310072,0.0001494,340.1266,342.1343,6719.2676,spacetrack,2026-09-22 14:00:03+00:00,341.61993,6720.765,0.0013875,25.99972222222222,-1.3784731888161332,-1.3822301520317215,300-350,quiet_control_2,2.7307984059658756
53509,2026-09-24 08:00:02+00:00,0.0019149,15.765965,0.00314996,0.0001598,339.01816,341.1653,6718.2285,spacetrack,2026-09-23 16:00:02+00:00,340.1266,6719.2676,0.0019164,16.0,-1.6626599999999598,-1.5586499999999432,300-350,secondary_active_sep2,9.000416666666666
53649,2026-09-18 23:14:07.106000+00:00,0.00050275,16.061674,0.00365718,0.0002173,255.93625,258.82004,6635.515,spacetrack,2026-09-17 18:48:58.448000+00:00,258.3015,6638.347,0.00088164,28.419071666666664,-1.9974614465180243,-2.391633364988038,250-300,quiet_control_2,5.683311259932664
53649,2026-09-19 21:39:33.813000+00:00,0.00052439,16.06879,0.00398612,0.0002516,253.74998,257.08798,6633.556,spacetrack,2026-09-18 23:14:07.106000+00:00,255.93625,6635.515,0.00050275,22.424085277777777,-2.3399161816423484,-2.0966741527071595,250-300,quiet_control_2,7.070277770651539
53649,2026-09-20 21:34:01.362000+00:00,0.00049359,16.076889,0.00394716,0.0002936,251.2437,255.1376,6631.3276,spacetrack,2026-09-19 21:39:33.813000+00:00,253.74998,6633.556,0.00052439,23.9076525,-2.5159609459774472,-2.2370075857510123,250-300,quiet_control_2,5.952563724104656
53649,2026-09-21 19:58:09.240000+00:00,0.0005581,16.08496,0.00469567,0.0003296,248.78708,253.157,6629.109,spacetrack,2026-09-20 21:34:01.362000+00:00,251.2437,6631.3276,0.00049359,22.40218833333333,-2.63183574402291,-2.376839226940782,250-300,quiet_control_2,3.112723585858018
53649,2026-09-22 19:51:08.394000+00:00,0.00052291,16.093966,0.00466129,0.0003784,245.99178,251.00682,6626.636,spacetrack,2026-09-21 19:58:09.240000+00:00,248.78708,6629.109,0.0005581,23.883098333333333,-2.808982279588373,-2.48510470340283,200-250,quiet_control_2,3.24735902844543
53649,2026-09-23 12:15:50.366000+00:00,0.00053784,16.100517,0.00500116,0.0003972,244.06992,249.33269,6624.8384,spacetrack,2026-09-22 19:51:08.394000+00:00,245.99178,6626.636,0.00052291,16.41165888888889,-2.8104800564206083,-2.628765336405287,200-250,quiet_control_2,2.634406244937119
53649,2026-09-24 06:09:34.944000+00:00,0.00058676,16.10837,0.00574026,0.0004173,241.78442,247.31172,6622.685,spacetrack,2026-09-23 12:15:50.366000+00:00,244.06992,6624.8384,0.00053784,17.89571611111111,-3.0650910899253185,-2.887931373022484,200-250,secondary_active_sep2,7.13040079207038
53653,2026-09-18 12:01:29.033000+00:00,0.00062683,16.067053,0.00471153,0.0001694,254.77318,257.02078,6634.034,spacetrack,2026-09-17 19:34:45.422000+00:00,256.14066,6635.369,0.00076106,16.4454475,-1.9956598931102785,-1.9482595411283805,250-300,quiet_control_2,6.907594994501264
53653,2026-09-19 10:26:29.292000+00:00,0.00051155,16.074093,0.00401823,0.0001855,252.72984,255.19034,6632.097,spacetrack,2026-09-18 12:01:29.033000+00:00,254.77318,6634.034,0.00062683,22.416738611111114,-2.1876581090030953,-2.0738074706797556,250-300,quiet_control_2,6.072835045052333
53653,2026-09-20 11:50:03.094000+00:00,0.00055481,16.083292,0.00461692,0.0002114,250.02924,252.83223,6629.568,spacetrack,2026-09-19 10:26:29.292000+00:00,252.72984,6632.097,0.00051155,25.392722777777777,-2.5524793291061316,-2.390291129122497,250-300,quiet_control_2,7.139652959626382
53653,2026-09-21 11:43:10.693000+00:00,0.00052902,16.092266,0.00466161,0.0002398,247.3764,250.55476,6627.1025,spacetrack,2026-09-20 11:50:03.094000+00:00,250.02924,6629.568,0.00055481,23.885444166666666,-2.6655631587061737,-2.4773246663163766,250-300,quiet_control_2,3.37679851951675
53653,2026-09-22 20:32:23.492000+00:00,0.00051847,16.105387,0.00497317,0.0002676,243.59355,247.13846,6623.503,spacetrack,2026-09-21 11:43:10.693000+00:00,247.3764,6627.1025,0.00052902,32.82022194444444,-2.7662335786052745,-2.632157702840562,200-250,quiet_control_2,2.9085929398930284
53653,2026-09-23 20:23:29.595000+00:00,0.00053777,16.115913,0.00552658,0.0002854,240.592,244.37103,6620.6187,spacetrack,2026-09-22 20:32:23.492000+00:00,243.59355,6623.503,0.00051847,23.85169527777778,-3.0202129937118296,-2.902233958375578,200-250,quiet_control_2,3.049248595805029
53653,2026-09-24 06:49:17.951000+00:00,0.00058145,16.120987,0.00617816,0.0003337,238.8833,243.30098,6619.229,spacetrack,2026-09-23 20:23:29.595000+00:00,240.592,6620.6187,0.00053777,10.430098888888889,-3.9317748026039245,-3.1977453287162785,200-250,secondary_active_sep2,10.160543247219666
53669,2026-09-18 22:00:03+00:00,0.00045086,15.992499,0.00218468,0.0003326,274.28522,278.71188,6654.6357,spacetrack,2026-09-17 14:00:03+00:00,276.47617,6656.536,0.00068109,32.0,-1.6432125000000326,-1.4252250000001823,250-300,quiet_control_2,6.093515625
53669,2026-09-19 20:00:01.999000+00:00,0.00025084,15.997006,0.00124373,0.0003457,272.94846,277.5486,6653.3857,spacetrack,2026-09-18 22:00:03+00:00,274.28522,6654.6357,0.00045086,21.999721944444442,-1.4583020676814034,-1.3636535987026808,250-300,quiet_control_2,7.090922878962145
53669,2026-09-20 22:00:03+00:00,0.00041688,16.002108,0.00213286,0.0003758,271.33456,276.3342,6651.971,spacetrack,2026-09-19 20:00:01.999000+00:00,272.94846,6653.3857,0.00025084,26.000278055555558,-1.4897379142344864,-1.3058629575983167,250-300,quiet_control_2,5.92301364383913
53669,2026-09-21 20:27:36.042000+00:00,0.00071719,16.007572,0.00378863,0.0003724,269.8441,274.79733,6650.4575,spacetrack,2026-09-20 22:00:03+00:00,271.33456,6651.971,0.00041688,22.459178333333334,-1.592713654484375,-1.6173343236723647,250-300,quiet_control_2,3.0275669776283745
53669,2026-09-22 20:27:35.806000+00:00,0.00065743,16.014647,0.00361669,0.0003561,267.99445,272.7295,6648.499,spacetrack,2026-09-21 20:27:36.042000+00:00,269.8441,6650.4575,0.00071719,23.999934444444442,-1.8496550522985764,-1.9585053496217344,250-300,quiet_control_2,3.3075022982701667
53669,2026-09-23 23:26:47.444000+00:00,0.00059592,16.022924,0.00343851,0.0002832,266.18945,269.9539,6646.2085,spacetrack,2026-09-22 20:27:35.806000+00:00,267.99445,6648.499,0.00065743,26.986566111111113,-1.6052431354785357,-2.037013519010412,250-300,quiet_control_2,3.3831364325529956
53669,2026-09-24 03:56:34.411000+00:00,0.00065279,16.02449,0.00380121,0.0002739,265.81842,269.45895,6645.776,spacetrack,2026-09-23 23:26:47.444000+00:00,266.18945,6646.2085,0.00059592,4.496379722222223,-1.9804199267226297,-2.3085238883844372,250-300,secondary_active_sep2,12.633931668607218
53740,2026-09-22 14:00:03+00:00,0.0025866,15.739604,0.00392496,0.0001229,346.76447,348.41766,6725.728,spacetrack,2026-09-21 16:00:02+00:00,348.9612,6727.9067,0.0026576,22.00027777777778,-2.3964024696657895,-2.3767336271001014,300-350,quiet_control_2,2.9545334023560312
53740,2026-09-23 16:00:02+00:00,0.0025033,15.748544,0.00394906,0.0001262,344.1971,345.89404,6723.1826,spacetrack,2026-09-22 14:00:03+00:00,346.76447,6725.728,0.0025866,25.99972222222222,-2.369905319501313,-2.34962510283227,300-350,quiet_control_2,2.7307984059658756
53740,2026-09-24 08:00:02+00:00,0.003042,15.753688,0.00496948,0.000124,342.74835,344.41534,6721.7188,spacetrack,2026-09-23 16:00:02+00:00,344.1971,6723.1826,0.0025033,16.0,-2.173124999999942,-2.19570000000067,300-350,secondary_active_sep2,9.000416666666666
53891,2026-09-18 22:00:03+00:00,0.00086228,15.9070425,0.00270737,0.0001395,299.37924,301.24252,6678.4478,spacetrack,2026-09-17 22:00:02+00:00,301.42896,6680.366,0.0012564,24.00027777777778,-2.0496962766635005,-1.9181777988681383,300-350,quiet_control_2,5.4999363433293595
53891,2026-09-19 20:00:01.999000+00:00,0.0011114,15.912089,0.00359133,0.0001074,298.18155,299.61578,6677.0356,spacetrack,2026-09-18 22:00:03+00:00,299.37924,6678.4478,0.00086228,21.999721944444442,-1.3065874229041339,-1.5406012896700756,250-300,quiet_control_2,7.090922878962145
53891,2026-09-20 22:00:03+00:00,0.0011089,15.920841,0.00375037,9.61e-05,295.81006,297.0929,6674.5884,spacetrack,2026-09-19 20:00:01.999000+00:00,298.18155,6677.0356,0.0011114,26.000278055555558,-2.18904428169523,-2.258929688156273,250-300,quiet_control_2,5.92301364383913
53891,2026-09-21 22:00:03+00:00,0.001229,15.928841,0.00433837,0.0001357,293.31143,295.12228,6672.354,spacetrack,2026-09-20 22:00:03+00:00,295.81006,6674.5884,0.0011089,24.0,-2.4986300000000483,-2.2343999999993684,250-300,quiet_control_2,3.041701388888889
53891,2026-09-22 14:00:03+00:00,0.0010529,15.934843,0.00383318,0.000141,291.60043,293.48157,6670.678,spacetrack,2026-09-21 22:00:03+00:00,293.31143,6672.354,0.001229,16.0,-2.566499999999934,-2.5140000000005784,250-300,quiet_control_2,3.49984375
53891,2026-09-23 16:00:02+00:00,0.00097661,15.943963,0.00373112,0.0001449,289.0309,290.96335,6668.1343,spacetrack,2026-09-22 14:00:03+00:00,291.60043,6670.678,0.0010529,25.99972222222222,-2.3718991869571653,-2.348055855297758,250-300,quiet_control_2,2.7307984059658756
53891,2026-09-24 08:00:02+00:00,0.001135,15.949321,0.00446797,0.0001376,287.58618,289.42087,6666.6406,spacetrack,2026-09-23 16:00:02+00:00,289.0309,6668.1343,0.00097661,16.0,-2.1670799999999417,-2.2405499999999847,250-300,secondary_active_sep2,9.000416666666666
54039,2026-09-19 00:26:58.583000+00:00,0.00041789,15.852142,0.00099815,0.0012304,307.48535,323.9576,6693.8584,spacetrack,2026-09-17 19:39:43.591000+00:00,307.94815,6694.5415,0.00046305,28.787497777777777,-0.3858341591805339,-0.5694972215563722,300-350,quiet_control_2,5.73421862183383
54039,2026-09-20 23:24:33.609000+00:00,0.00037459,15.856012,0.00091025,0.0012044,306.57144,322.693,6692.769,spacetrack,2026-09-19 00:26:58.583000+00:00,307.48535,6693.8584,0.00041789,46.95972944444445,-0.46707764843382343,-0.5567664104821485,300-350,quiet_control_2,6.379740457997386
54039,2026-09-21 23:38:31.936000+00:00,0.00038962,15.857971,0.00095606,0.0011811,306.1769,321.98526,6692.2183,spacetrack,2026-09-20 23:24:33.609000+00:00,306.57144,6692.769,0.00037459,24.232868611111112,-0.39074862130265914,-0.5454079833509518,300-350,quiet_control_2,3.1186435292368686
54039,2026-09-22 23:52:19.101000+00:00,0.00042355,15.8601055,0.00105111,0.0011608,305.7132,321.24844,6691.6177,spacetrack,2026-09-21 23:38:31.936000+00:00,306.1769,6692.2183,0.00038962,24.229768055555553,-0.45930278715353734,-0.5949045804716652,300-350,quiet_control_2,3.1533481914722317
54039,2026-09-23 13:29:58.988000+00:00,0.00041277,15.861364,0.00103028,0.0011555,305.39502,320.85852,6691.2637,spacetrack,2026-09-22 23:52:19.101000+00:00,305.7132,6691.6177,0.00042355,13.62774638888889,-0.5603509033764918,-0.6234339675495926,300-350,quiet_control_2,2.5597217743285876
54776,2026-09-18 22:00:03+00:00,0.003931,15.797133,0.00808554,0.0001214,330.43753,332.06656,6709.389,spacetrack,2026-09-17 22:00:02+00:00,334.59543,6713.5405,0.0046561,24.00027777777778,-4.157851876714431,-4.151451950787548,300-350,quiet_control_2,5.4999363433293595
54776,2026-09-19 22:00:02+00:00,0.0040817,15.812609,0.00912028,0.0001235,326.04602,327.70215,6705.011,spacetrack,2026-09-18 22:00:03+00:00,330.43753,6709.389,0.003931,23.99972222222222,-4.391560828250309,-4.3780506718824785,300-350,quiet_control_2,7.0000115742080355
54776,2026-09-20 22:00:03+00:00,0.0035697,15.8286,0.00852833,0.0001271,321.50555,323.20883,6700.494,spacetrack,2026-09-19 22:00:02+00:00,326.04602,6705.011,0.0040817,24.00027777777778,-4.54041744887209,-4.516947720513229,300-350,quiet_control_2,5.916598187520978
54776,2026-09-21 22:00:03+00:00,0.0033425,15.844698,0.00862343,0.0001278,316.9624,318.6739,6695.955,spacetrack,2026-09-20 22:00:03+00:00,321.50555,6700.494,0.0035697,24.0,-4.543150000000026,-4.53899999999976,300-350,quiet_control_2,3.041701388888889
54776,2026-09-22 14:00:03+00:00,0.0029636,15.85561,0.00799605,9.84e-05,314.08698,315.40414,6692.8823,spacetrack,2026-09-21 22:00:03+00:00,316.9624,6695.955,0.0033425,16.0,-4.313130000000029,-4.60904999999957,300-350,quiet_control_2,3.49984375
54776,2026-09-23 16:00:02+00:00,0.0030829,15.872741,0.00916057,0.0001052,309.22565,310.6328,6688.0664,spacetrack,2026-09-22 14:00:03+00:00,314.08698,6692.8823,0.0029636,25.99972222222222,-4.487429481084209,-4.445493648436886,300-350,quiet_control_2,2.7307984059658756
54776,2026-09-24 08:00:02+00:00,0.0030791,15.883471,0.00970592,9.27e-05,306.29703,307.53644,6685.0537,spacetrack,2026-09-23 16:00:02+00:00,309.22565,6688.0664,0.0030829,16.0,-4.39292999999995,-4.51904999999897,300-350,secondary_active_sep2,9.000416666666666
55010,2026-09-18 21:43:27.459000+00:00,0.00081215,15.77853,0.00138226,0.0003092,334.44855,338.6009,6714.6616,spacetrack,2026-09-17 22:53:29.034000+00:00,335.0787,6715.327,0.00083306,22.832895833333335,-0.662360136462484,-0.6994119412870523,300-350,quiet_control_2,5.357322211465731
55010,2026-09-19 00:46:06.377000+00:00,0.00080427,15.778825,0.00137044,0.0003112,334.35162,338.5308,6714.578,spacetrack,2026-09-18 21:43:27.459000+00:00,334.44855,6714.6616,0.00081215,3.0441438888888888,-0.7641951513825367,-0.6591015645882392,300-350,quiet_control_2,6.757294743878912
55010,2026-09-20 22:25:21.275000+00:00,0.00070111,15.78388,0.00121947,0.0002883,333.0719,336.94272,6713.1445,spacetrack,2026-09-19 00:46:06.377000+00:00,334.35162,6714.578,0.00080427,45.65413833333333,-0.672738137685436,-0.7535790019474089,300-350,quiet_control_2,6.412876767445044
55010,2026-09-21 22:45:55.755000+00:00,0.00074472,15.786535,0.00131225,0.0002797,332.3773,336.1322,6712.3916,spacetrack,2026-09-20 22:25:21.275000+00:00,333.0719,6713.1445,0.00070111,24.34291111111111,-0.6848153831688529,-0.7422941289779472,300-350,quiet_control_2,3.0866124269807957
55010,2026-09-22 21:34:59.811000+00:00,0.00074129,15.788853,0.00132006,0.0003371,331.33542,335.86047,6711.735,spacetrack,2026-09-21 22:45:55.755000+00:00,332.3773,6712.3916,0.00074472,22.81779333333333,-1.0958605696314692,-0.6906189292627806,300-350,quiet_control_2,3.2396824671038886
55010,2026-09-23 20:23:51.642000+00:00,0.00088948,15.791544,0.00160865,0.0002703,331.0213,334.64923,6710.972,spacetrack,2026-09-22 21:34:59.811000+00:00,331.33542,6711.735,0.00074129,22.814397500000002,-0.33044396635940365,-0.8026510452444812,300-350,quiet_control_2,3.0522930750198425
55010,2026-09-24 07:02:34.880000+00:00,0.00085433,15.792849,0.00155315,0.0002864,330.54376,334.3876,6710.6025,spacetrack,2026-09-23 20:23:51.642000+00:00,331.0213,6710.972,0.00088948,10.645343888888888,-1.076617168935411,-0.83304025614907,300-350,secondary_active_sep2,10.263572926692678
55041,2026-09-18 12:19:52.019000+00:00,0.00050987,15.778607,0.00086227,0.0002457,334.85306,338.15265,6714.6396,spacetrack,2026-09-17 22:37:55.563000+00:00,335.05405,6714.8867,0.00051459,13.699015555555555,-0.352124572779503,-0.43290701991977426,300-350,quiet_control_2,6.665036717155831
55041,2026-09-19 21:48:51.687000+00:00,0.00047605,15.780811,0.00081242,0.0002195,334.4039,337.35135,6714.0146,spacetrack,2026-09-18 12:19:52.019000+00:00,334.85306,6714.6396,0.00050987,33.48324111111111,-0.32194732774608714,-0.44798530555103233,300-350,quiet_control_2,6.029667055329869
55041,2026-09-20 19:07:09.989000+00:00,0.00048118,15.782231,0.00082652,0.0002137,334.04022,336.90964,6713.612,spacetrack,2026-09-19 21:48:51.687000+00:00,334.4039,6714.0146,0.00047605,21.305083888888888,-0.40968249857739847,-0.45352555523367455,300-350,quiet_control_2,6.353072275315822
55041,2026-09-21 22:30:32.418000+00:00,0.00044421,15.783905,0.00076811,0.0002089,333.59796,336.4027,6713.137,spacetrack,2026-09-20 19:07:09.989000+00:00,334.04022,6713.612,0.00048118,27.38956361111111,-0.3875286277176593,-0.4162169270701377,300-350,quiet_control_2,3.0415286422609324
55041,2026-09-22 22:51:09.905000+00:00,0.00046604,15.785477,0.00081201,0.0002025,333.19537,335.91403,6712.692,spacetrack,2026-09-21 22:30:32.418000+00:00,333.59796,6713.137,0.00044421,24.34374638888889,-0.396905219338362,-0.43871636803066766,300-350,quiet_control_2,3.2457300492881545
55041,2026-09-23 18:37:48.989000+00:00,0.00050501,15.786766,0.00088586,0.0001925,332.89713,335.48135,6712.326,spacetrack,2026-09-22 22:51:09.905000+00:00,333.19537,6712.692,0.00046604,19.777523333333335,-0.3619138695661004,-0.44414054540362824,300-350,quiet_control_2,2.7922300095883252
55041,2026-09-24 05:16:44.430000+00:00,0.0004911,15.787533,0.00086416,0.0001776,332.7799,335.16403,6712.109,spacetrack,2026-09-23 18:37:48.989000+00:00,332.89713,6712.326,0.00050501,10.64873361111111,-0.2642116990385099,-0.4890722399663851,300-350,secondary_active_sep2,9.177563289281059
55056,2026-09-22 16:27:56.132000+00:00,0.00065745,15.719105,0.00086113,0.0006614,348.985,357.8895,6731.574,spacetrack,2026-09-21 17:32:49.140000+00:00,349.40335,6732.0405,0.00062118,22.918608888888887,-0.4380894167126814,-0.48851132519822055,300-350,quiet_control_2,2.980233675225973
55056,2026-09-23 16:54:34.063000+00:00,0.00063174,15.720843,0.00083319,0.0006561,348.5246,357.35712,6731.0776,spacetrack,2026-09-22 16:27:56.132000+00:00,348.985,6731.574,0.00065745,24.44386972222222,-0.4520397189792949,-0.4873860045641243,300-350,quiet_control_2,2.7545396834386935
55056,2026-09-24 03:36:09.913000+00:00,0.00074728,15.721775,0.00099153,0.0006608,348.22733,357.12277,6730.812,spacetrack,2026-09-23 16:54:34.063000+00:00,348.5246,6731.0776,0.00063174,10.693291666666667,-0.6671921259045387,-0.5961120484409614,300-350,secondary_active_sep2,8.388099704253834
57047,2026-09-18 08:37:47.626000+00:00,0.00020458,16.008541,0.00109413,0.0013692,262.94662,281.1575,6650.189,spacetrack,2026-09-17 22:07:42.655000+00:00,265.13437,6650.1377,3.8741e-06,10.501380833333332,-4.9999139002116815,0.1172417246400524,250-300,quiet_control_2,7.070749690563179
57047,2026-09-19 08:37:59.112000+00:00,0.00026387,16.0097,0.00141695,0.0011014,264.4068,279.05515,6649.868,spacetrack,2026-09-18 08:37:47.626000+00:00,262.94662,6650.189,0.00020458,24.003190555555555,1.4599859097435064,-0.32095733199163423,250-300,quiet_control_2,6.14040233031058
57047,2026-09-20 13:08:07.375000+00:00,0.00029054,16.009857,0.00156287,0.0011359,264.13422,279.2413,6649.8247,spacetrack,2026-09-19 08:37:59.112000+00:00,264.4068,6649.868,0.00026387,28.50229527777778,-0.2295225677876987,-0.036460221532290345,250-300,quiet_control_2,6.867622620217244
57047,2026-09-21 22:08:19.264000+00:00,0.00024773,16.00967,0.00132991,0.0011141,264.33084,279.1481,6649.8765,spacetrack,2026-09-20 13:08:07.375000+00:00,264.13422,6649.8247,0.00029054,33.0033025,0.14298205459892688,0.037668957523400444,250-300,quiet_control_2,2.9437022081182462
57047,2026-09-22 20:38:25.443000+00:00,3.7121e-06,16.009886,1.355e-05,0.0010933,264.40973,278.95023,6649.817,spacetrack,2026-09-21 22:08:19.264000+00:00,264.33084,6649.8765,0.00024773,22.50171638888889,0.08414291457939407,-0.06346182554821866,250-300,quiet_control_2,3.2987608142830687
57047,2026-09-23 22:08:30.932000+00:00,4.3726e-06,16.009993,1.713e-05,0.0010779,264.48227,278.81787,6649.787,spacetrack,2026-09-22 20:38:25.443000+00:00,264.40973,6649.817,3.7121e-06,25.50152472222222,0.06826885917464381,-0.02823360594460749,250-300,quiet_control_2,3.2519761754114724
57412,2026-09-18 21:02:20.626000+00:00,0.0035004,15.829513,0.00849963,0.0001341,321.20123,322.99823,6700.237,spacetrack,2026-09-17 22:00:02+00:00,325.33047,6704.653,0.0040496,23.038507222222222,-4.301570368431211,-4.600298056541406,300-350,quiet_control_2,5.479060576672683
57412,2026-09-19 22:46:18.680000+00:00,0.0016709,15.840131,0.00404583,0.0001709,317.9605,320.24963,6697.242,spacetrack,2026-09-18 21:02:20.626000+00:00,321.20123,6700.237,0.0035004,25.732792777777778,-3.022505977942916,-2.793322925371366,300-350,quiet_control_2,6.9326620785881365
57412,2026-09-20 21:28:09.740000+00:00,0.00087271,15.842951,0.0020912,0.0001735,317.14853,319.4722,6696.4473,spacetrack,2026-09-19 22:46:18.680000+00:00,317.9605,6697.242,0.0016709,22.697516666666665,-0.8585644097629215,-0.8403033812072985,300-350,quiet_control_2,5.958641094608246
57412,2026-09-21 21:40:31.811000+00:00,0.00032524,15.845296,0.0007728,0.0001861,316.40356,318.89575,6695.7866,spacetrack,2026-09-20 21:28:09.740000+00:00,317.14853,6696.4473,0.00087271,24.206130833333333,-0.7386260994416476,-0.6550737129021481,300-350,quiet_control_2,3.0364219252948446
57412,2026-09-22 20:21:50.996000+00:00,0.0010068,15.849695,0.00250483,6.54e-05,315.9728,316.84845,6694.548,spacetrack,2026-09-21 21:40:31.811000+00:00,316.40356,6695.7866,0.00032524,22.6886625,-0.4556566523037881,-1.310187411885302,300-350,quiet_control_2,3.3371284617984376
57412,2026-09-23 20:33:36.209000+00:00,0.00048316,15.852357,0.00119647,0.0001796,314.45886,316.86328,6693.798,spacetrack,2026-09-22 20:21:50.996000+00:00,315.9728,6694.548,0.0010068,24.1958925,-1.5016829819358712,-0.7439279208237514,300-350,quiet_control_2,3.0694404708016734
57412,2026-09-24 05:37:55.292000+00:00,0.00083524,15.854146,0.00211278,0.0002672,313.3692,316.9461,6693.2944,spacetrack,2026-09-23 20:33:36.209000+00:00,314.45886,6693.798,0.00048316,9.0719675,-2.882708739862759,-1.332279905103291,300-350,secondary_active_sep2,9.84658307766939
57422,2026-09-23 12:59:47.778000+00:00,-9.1401e-05,16.039957,-0.00059022,0.0005208,259.90698,266.82477,6641.503,spacetrack,2026-09-22 02:33:33.680000+00:00,259.89514,6641.4883,-9.2543e-05,34.43724944444445,0.008251530089742224,0.010244720634917305,250-300,quiet_control_2,2.6156074472911266
57707,2026-09-20 22:00:03+00:00,0.0031398,15.657131,0.00350923,0.0035441,347.26828,395.10886,6749.3257,spacetrack,2026-09-19 22:00:02+00:00,349.3279,6751.3784,0.0035774,24.00027777777778,-2.0595961620814527,-2.0526762421724,300-350,quiet_control_2,5.916598187520978
57707,2026-09-21 22:00:03+00:00,0.00062499,15.658975,0.00067783,0.0035232,346.88165,394.43637,6748.796,spacetrack,2026-09-20 22:00:03+00:00,347.26828,6749.3257,0.0031398,24.0,-0.3866300000000251,-0.529700000000048,300-350,quiet_control_2,3.041701388888889
57707,2026-09-22 22:00:02+00:00,0.00080462,15.659993,0.00087937,0.0035098,346.68036,394.05215,6748.5034,spacetrack,2026-09-21 22:00:03+00:00,346.88165,6748.796,0.00062499,23.99972222222222,-0.2012923297723071,-0.29260338661394625,300-350,quiet_control_2,3.291600597229135
57707,2026-09-23 22:00:02+00:00,0.00017659,15.661472,0.00018902,0.0034893,346.39542,393.48755,6748.0786,spacetrack,2026-09-22 22:00:02+00:00,346.68036,6748.5034,0.00080462,24.0,-0.28494000000000597,-0.42479999999977736,300-350,quiet_control_2,3.2500694444444442
58136,2026-09-18 22:00:03+00:00,0.0033666,15.678832,0.00410558,0.0030491,344.39902,385.51978,6743.096,spacetrack,2026-09-17 22:00:02+00:00,346.71066,6745.1567,0.0036787,24.00027777777778,-2.3116132452170803,-2.060676149581599,300-350,quiet_control_2,5.4999363433293595
58136,2026-09-19 22:00:02+00:00,0.0037623,15.686808,0.00478106,0.0030717,341.9678,383.3793,6740.8105,spacetrack,2026-09-18 22:00:03+00:00,344.39902,6743.096,0.0033666,23.99972222222222,-2.431248139446055,-2.28552645285242,300-350,quiet_control_2,7.0000115742080355
58136,2026-09-20 22:00:03+00:00,0.003393,15.6955385,0.00445511,0.0030766,339.44263,380.9048,6738.3105,spacetrack,2026-09-19 22:00:02+00:00,341.9678,6740.8105,0.0037623,24.00027777777778,-2.525140773833639,-2.4999710651497087,300-350,quiet_control_2,5.916598187520978
58136,2026-09-21 22:00:03+00:00,0.0012489,15.696198,0.00158979,0.0030945,339.1337,380.83594,6738.1216,spacetrack,2026-09-20 22:00:03+00:00,339.44263,6738.3105,0.003393,24.0,-0.3089300000000321,-0.18889999999919382,300-350,quiet_control_2,3.041701388888889
58136,2026-09-22 22:00:02+00:00,0.00080461,15.69796,0.00102346,0.003085,338.69513,380.26624,6737.6177,spacetrack,2026-09-21 22:00:03+00:00,339.1337,6738.1216,0.0012489,23.99972222222222,-0.438575076100388,-0.5039058322440414,300-350,quiet_control_2,3.291600597229135
58136,2026-09-23 22:00:02+00:00,0.0005427,15.699536,0.00069072,0.0030795,338.2826,379.7768,6737.1665,spacetrack,2026-09-22 22:00:02+00:00,338.69513,6737.6177,0.00080461,24.0,-0.41253000000000384,-0.4511999999995169,300-350,quiet_control_2,3.2500694444444442
58136,2026-09-24 00:00:02+00:00,4.8611e-05,15.700029,5.718e-05,0.0030761,338.16483,379.61237,6737.0254,spacetrack,2026-09-23 22:00:02+00:00,338.2826,6737.1665,0.0005427,2.0,-1.413240000000087,-1.693199999997887,300-350,secondary_active_sep2,6.0024999999999995
58274,2026-09-18 12:10:00.541000+00:00,0.0015386,15.870746,0.00414882,0.0005238,306.9862,313.9932,6688.6265,spacetrack,2026-09-17 05:53:33.190000+00:00,309.73224,6691.4175,0.0015655,30.274264166666665,-2.1769302017442325,-2.212572356217153,300-350,quiet_control_2,7.469880454292352
58274,2026-09-19 00:16:17.046000+00:00,0.0014776,15.874409,0.00405162,0.0005319,305.90338,313.01764,6687.5977,spacetrack,2026-09-18 12:10:00.541000+00:00,306.9862,6688.6265,0.0015386,12.10458472222222,-2.14692867176928,-2.0398221472787696,300-350,quiet_control_2,4.125888273967819
58274,2026-09-20 12:33:59.551000+00:00,0.0016138,15.8871565,0.00449556,0.0005316,302.32953,309.43597,6684.0195,spacetrack,2026-09-19 00:16:17.046000+00:00,305.90338,6687.5977,0.0014776,36.295140277777776,-2.3631924093297028,-2.366068827472682,300-350,quiet_control_2,7.434150983099551
58274,2026-09-21 18:47:22.697000+00:00,0.0015669,15.898317,0.00461424,0.000511,299.34018,306.16803,6680.891,spacetrack,2026-09-20 12:33:59.551000+00:00,302.32953,6684.0195,0.0016138,30.223096111111108,-2.3738269479818186,-2.4843252234642335,300-350,quiet_control_2,3.10139741731365
58274,2026-09-22 20:27:42.928000+00:00,0.0015603,15.908622,0.00484013,0.0005118,296.45108,303.28668,6678.006,spacetrack,2026-09-21 18:47:22.697000+00:00,299.34018,6680.891,0.0015669,25.67228638888889,-2.7009047402186077,-2.6970718132044085,250-300,quiet_control_2,3.09227515347803
58274,2026-09-23 19:05:58.767000+00:00,0.00173,15.918552,0.0056451,0.0005438,293.46136,300.72134,6675.2285,spacetrack,2026-09-22 20:27:42.928000+00:00,296.45108,6678.006,0.0015603,22.637733055555557,-3.169631863045155,-2.944641136831692,250-300,quiet_control_2,2.8806847181486157
58274,2026-09-24 05:39:33.048000+00:00,0.0017018,15.923115,0.00568525,0.000552,292.13214,299.50018,6673.953,spacetrack,2026-09-23 19:05:58.767000+00:00,293.46136,6675.2285,0.00173,10.5595225,-3.021091152559266,-2.8989947225353907,250-300,secondary_active_sep2,9.312416825666123
58285,2026-09-18 13:08:35.492000+00:00,0.0014201,15.872437,0.00384862,0.0005972,306.02032,314.00864,6688.1514,spacetrack,2026-09-17 12:55:42.031000+00:00,307.95404,6690.2134,0.0014646,24.214850277777778,-1.91656274838049,-2.0437045627910906,300-350,quiet_control_2,7.371693215209156
58285,2026-09-19 11:50:04.301000+00:00,0.0014224,15.879341,0.00399401,0.0006206,303.9263,312.22522,6686.213,spacetrack,2026-09-18 13:08:35.492000+00:00,306.02032,6688.1514,0.0014201,22.69133583333333,-2.2147871931882377,-2.05019221176306,300-350,quiet_control_2,6.158432656301795
58285,2026-09-20 19:35:06.368000+00:00,0.0014429,15.889852,0.00407524,0.0006046,301.0862,309.1676,6683.2637,spacetrack,2026-09-19 11:50:04.301000+00:00,303.9263,6686.213,0.0014224,31.750574166666667,-2.1468084212335423,-2.2293518104089975,300-350,quiet_control_2,6.173039994106143
58285,2026-09-21 19:45:41.134000+00:00,0.0014521,15.898329,0.0042786,0.0006063,298.70035,306.8016,6680.888,spacetrack,2026-09-20 19:35:06.368000+00:00,301.0862,6683.2637,0.0014429,24.17632388888889,-2.3684494079067253,-2.3583734343589056,300-350,quiet_control_2,3.095168475549185
58285,2026-09-23 20:04:24.891000+00:00,0.0015469,15.916855,0.00500705,0.0006199,293.4278,301.70435,6675.703,spacetrack,2026-09-21 19:45:41.134000+00:00,298.70035,6680.888,0.0014521,48.312154722222225,-2.6192414875214665,-2.575749326757908,250-300,quiet_control_2,3.1139469118068788
58285,2026-09-24 05:07:33.092000+00:00,0.0015501,15.920236,0.00510729,0.0006852,292.04736,301.19446,6674.758,spacetrack,2026-09-23 20:04:24.891000+00:00,293.4278,6675.703,0.0015469,9.052278055555556,-3.6599140897650946,-2.50544667992116,250-300,secondary_active_sep2,9.687201880214252
58286,2026-09-18 18:41:47.120000+00:00,0.0016338,16.052744,0.01120779,0.0009235,253.7087,265.96902,6637.976,spacetrack,2026-09-17 12:44:57.555000+00:00,261.71622,6645.285,0.0016784,29.94710138888889,-6.417331597618471,-5.857528504080477,250-300,quiet_control_2,6.706807832867149
58286,2026-09-19 05:09:57.089000+00:00,0.0017501,16.0633,0.01274922,0.0009317,250.74869,263.1125,6635.0674,spacetrack,2026-09-18 18:41:47.120000+00:00,253.7087,6637.976,0.0016338,10.469435833333332,-6.785488839218694,-6.6676372166816735,250-300,quiet_control_2,7.440804952638725
58286,2026-09-20 06:33:41.234000+00:00,0.0016875,16.091682,0.01458187,0.0009826,242.61415,255.63805,6627.263,spacetrack,2026-09-19 05:09:57.089000+00:00,250.74869,6635.0674,0.0017501,25.395595833333335,-7.68751248370987,-7.3755150786479735,250-300,quiet_control_2,7.5186218039009285
58286,2026-09-21 19:48:33.624000+00:00,0.0018492,16.150934,0.02200737,0.0011536,225.28104,240.53404,6611.0444,spacetrack,2026-09-20 06:33:41.234000+00:00,242.61415,6627.263,0.0016875,37.247886111111114,-11.1682751273208,-10.45016081822401,200-250,quiet_control_2,3.2772282006458378
58286,2026-09-22 10:39:53.706000+00:00,0.0014844,16.18198,0.02470469,0.0012762,216.02286,232.87529,6602.586,spacetrack,2026-09-21 19:48:33.624000+00:00,225.28104,6611.0444,0.0018492,14.855578333333334,-14.957096587847385,-13.66500821745111,200-250,quiet_control_2,3.657201049168174
58286,2026-09-23 22:09:15.839000+00:00,0.0012507,16.324953,0.07149687,0.0015246,175.83482,195.84972,6563.9795,spacetrack,2026-09-22 10:39:53.706000+00:00,216.02286,6602.586,0.0014844,35.48948138888889,-27.17743179819955,-26.107904757663903,200-250,quiet_control_2,3.059964739317557
58304,2026-09-18 06:10:14.012000+00:00,0.0013292,15.801262,0.00254015,0.0004297,327.20102,332.96606,6708.2207,spacetrack,2026-09-17 05:50:54.479000+00:00,328.58228,6709.632,0.0013558,24.3220925,-1.36296825612352,-1.3926104425428911,300-350,quiet_control_2,7.733837616516296
58304,2026-09-19 00:24:25.862000+00:00,0.0012778,15.804841,0.00248036,0.0004479,326.06644,332.07474,6707.2075,spacetrack,2026-09-18 06:10:14.012000+00:00,327.20102,6708.2207,0.0013292,18.236625,-1.4931447019391295,-1.3334046184524802,300-350,quiet_control_2,4.9061020214967295
58304,2026-09-20 18:56:34.181000+00:00,0.0013138,15.813668,0.00266039,0.0004199,323.75916,329.38977,6704.7114,spacetrack,2026-09-19 00:24:25.862000+00:00,326.06644,6707.2075,0.0012778,42.535644166666664,-1.3018427505888006,-1.4083811629906657,300-350,quiet_control_2,6.728968297496951
58304,2026-09-21 19:14:16.690000+00:00,0.0013041,15.818906,0.00270647,0.0004072,322.36487,327.82397,6703.2314,spacetrack,2026-09-20 18:56:34.181000+00:00,323.75916,6704.7114,0.0013138,24.29514138888889,-1.3773519348730443,-1.4620207156421827,300-350,quiet_control_2,3.132903928013316
58304,2026-09-22 16:29:21.793000+00:00,0.0012895,15.823754,0.0027376,0.0004056,321.0067,326.44327,6701.862,spacetrack,2026-09-21 19:14:16.690000+00:00,322.36487,6703.2314,0.0013041,21.251417500000002,-1.5338308609295987,-1.5465133090529173,300-350,quiet_control_2,3.1747604993094383
58304,2026-09-23 19:48:10.245000+00:00,0.0014216,15.830364,0.00312632,0.0004028,319.16055,324.55807,6699.996,spacetrack,2026-09-22 16:29:21.793000+00:00,321.0067,6701.862,0.0012895,27.31345888888889,-1.6221892723380003,-1.6396312229139816,300-350,quiet_control_2,2.978345382677234
58306,2026-09-18 05:14:20.814000+00:00,0.0018347,16.112175,0.01777873,0.0010735,236.39734,250.61401,6621.6426,spacetrack,2026-09-17 05:21:52.397000+00:00,245.75726,6630.5,0.0018446,23.87456027777778,-9.40909811055623,-8.90393781190861,200-250,quiet_control_2,7.7273245881887505
58306,2026-09-19 13:58:43.368000+00:00,0.0015951,16.168358,0.02402435,0.0012895,219.63808,236.6757,6606.294,spacetrack,2026-09-18 05:14:20.814000+00:00,236.39734,6621.6426,0.0018347,32.73959833333333,-12.285497088413686,-11.251402544696449,200-250,quiet_control_2,6.114872667700718
58306,2026-09-20 22:33:43.756000+00:00,0.0014363,16.276123,0.05165632,0.0014379,189.50705,208.42148,6577.101,spacetrack,2026-09-19 13:58:43.368000+00:00,219.63808,6606.294,0.0015951,32.583441111111114,-22.193626435404465,-21.502701252787144,200-250,quiet_control_2,5.904113599351436
58308,2026-09-21 19:42:22.541000+00:00,0.0014099,15.864289,0.00366359,0.0003903,309.6929,314.91547,6690.4414,spacetrack,2026-09-20 22:30:29.573000+00:00,311.3925,6692.1724,0.0012908,21.198046666666666,-1.9242527692016624,-1.9598032145736812,300-350,quiet_control_2,3.111944329042477
58308,2026-09-23 18:36:48.600000+00:00,0.0013383,15.879035,0.00373916,0.0003907,305.54938,310.77405,6686.299,spacetrack,2026-09-21 19:42:22.541000+00:00,309.6929,6690.4414,0.0014099,46.90723861111111,-2.1200241784525926,-2.119451132568779,300-350,quiet_control_2,3.0204506638009474
58308,2026-09-24 05:11:56.518000+00:00,0.0015502,15.883379,0.0044608,0.0003967,304.2904,309.59433,6685.0796,spacetrack,2026-09-23 18:36:48.600000+00:00,305.54938,6686.299,0.0013383,10.585532777777777,-2.854416554585866,-2.7646789835119234,300-350,secondary_active_sep2,9.173869378012203
58309,2026-09-18 11:53:13.692000+00:00,0.0013025,15.807824,0.00256582,0.0005189,324.74698,331.70685,6706.364,spacetrack,2026-09-17 05:29:45.172000+00:00,326.39886,6708.1797,0.0013543,30.391255555555556,-1.3044910213573906,-1.4338598127459283,300-350,quiet_control_2,7.480689072478085
58309,2026-09-20 18:33:40.213000+00:00,0.0013172,15.819312,0.00274009,0.000461,321.8894,328.0697,6703.1167,spacetrack,2026-09-18 11:53:13.692000+00:00,324.74698,6706.364,0.0013025,54.67403361111111,-1.2543782755780084,-1.4254518068731175,300-350,quiet_control_2,6.178426910263784
58309,2026-09-21 18:50:51.192000+00:00,0.0013325,15.8247595,0.00284574,0.0004069,320.71445,326.16818,6701.578,spacetrack,2026-09-20 18:33:40.213000+00:00,321.8894,6703.1167,0.0013172,24.286383055555557,-1.161095085072787,-1.5205557746291143,300-350,quiet_control_2,3.165463513796409
58309,2026-09-22 17:36:29.754000+00:00,0.0013396,15.830107,0.00293571,0.0003792,319.39142,324.47275,6700.0693,spacetrack,2026-09-21 18:50:51.192000+00:00,320.71445,6701.578,0.0013325,22.76071166666667,-1.3950670991761054,-1.5908465662361442,300-350,quiet_control_2,3.1117126756508124
58309,2026-09-23 19:23:40.240000+00:00,0.0014024,15.836166,0.00317045,0.0004117,317.46515,322.98056,6698.36,spacetrack,2026-09-22 17:36:29.754000+00:00,319.39142,6700.0693,0.0013396,25.78624611111111,-1.792834823680649,-1.5908946119277882,300-350,quiet_control_2,2.9295567622041747
58309,2026-09-24 06:00:33.880000+00:00,0.0015279,15.839005,0.00351431,0.0004155,316.63934,322.20502,6697.559,spacetrack,2026-09-23 19:23:40.240000+00:00,317.46515,6698.36,0.0014024,10.6149,-1.867133934375242,-1.8110391996144501,300-350,secondary_active_sep2,9.399438525092087
58401,2026-09-21 18:12:46.252000+00:00,0.00029485,15.700127,0.00035558,0.0014015,349.4188,368.30258,6736.9976,spacetrack,2026-09-20 05:29:57.572000+00:00,349.87238,6737.331,0.00032678,36.71352222222222,-0.2965098236587056,-0.21794694476813908,300-350,quiet_control_2,3.636537945298387
58401,2026-09-22 17:09:27.287000+00:00,0.00027831,15.700716,0.00033636,0.0014181,349.13876,368.24576,6736.829,spacetrack,2026-09-21 18:12:46.252000+00:00,349.4188,6736.9976,0.00029485,22.944731944444445,-0.29291952576621755,-0.17635420669967827,300-350,quiet_control_2,3.027829627074286
58401,2026-09-23 17:37:51.417000+00:00,0.00028878,15.701401,0.00035013,0.0014259,348.8906,368.1021,6736.6333,spacetrack,2026-09-22 17:09:27.287000+00:00,349.13876,6736.829,0.00027831,24.473369444444447,-0.24336003317890603,-0.19191472635777715,300-350,quiet_control_2,2.754835556517044
58401,2026-09-24 05:52:01.873000+00:00,0.00033567,15.701835,0.00040821,0.0014311,348.7315,368.01276,6736.5093,spacetrack,2026-09-23 17:37:51.417000+00:00,348.8906,6736.6333,0.00028878,12.236237777777777,-0.31205670152431647,-0.24321201124594438,300-350,secondary_active_sep2,8.819037105994997
58412,2026-09-18 22:00:03+00:00,0.00073302,15.8612585,0.00191437,0.0027943,294.45895,331.8539,6691.2935,spacetrack,2026-09-17 22:00:02+00:00,295.57565,6692.2803,0.00084604,24.00027777777778,-1.1166870753810523,-0.986788578836478,250-300,quiet_control_2,5.4999363433293595
58412,2026-09-19 22:00:02+00:00,0.00048245,15.86515,0.00127598,0.0027902,293.39523,330.72922,6690.199,spacetrack,2026-09-18 22:00:03+00:00,294.45895,6691.2935,0.00073302,23.99972222222222,-1.06373231171656,-1.094512667970847,250-300,quiet_control_2,7.0000115742080355
58412,2026-09-20 22:00:03+00:00,0.00053925,15.868982,0.00145817,0.002814,292.16202,329.80838,6689.122,spacetrack,2026-09-19 22:00:02+00:00,293.39523,6690.199,0.00048245,24.00027777777778,-1.2331957269013514,-1.0769875348658107,250-300,quiet_control_2,5.916598187520978
58412,2026-09-21 22:00:03+00:00,0.00066702,15.872628,0.00184408,0.0028246,291.06964,328.85205,6688.0977,spacetrack,2026-09-20 22:00:03+00:00,292.16202,6689.122,0.00053925,24.0,-1.0923799999999915,-1.0243000000000393,250-300,quiet_control_2,3.041701388888889
58412,2026-09-22 22:00:02+00:00,0.00066721,15.876763,0.00188458,0.0028375,289.8252,327.77356,6686.9365,spacetrack,2026-09-21 22:00:03+00:00,291.06964,6688.0977,0.00066702,23.99972222222222,-1.244454403407444,-1.1612134399708327,250-300,quiet_control_2,3.291600597229135
58412,2026-09-23 22:00:02+00:00,0.0006797,15.881019,0.0019629,0.002842,288.60397,326.60574,6685.7417,spacetrack,2026-09-22 22:00:02+00:00,289.8252,6686.9365,0.00066721,24.0,-1.2212299999999914,-1.194800000000214,250-300,quiet_control_2,3.2500694444444442
58412,2026-09-24 06:00:02+00:00,0.00094143,15.882131,0.00274302,0.0028292,288.3784,326.2072,6685.4297,spacetrack,2026-09-23 22:00:02+00:00,288.60397,6685.7417,0.0006797,8.0,-0.6767100000000141,-0.9359999999996944,250-300,secondary_active_sep2,10.500625000000001
58435,2026-09-18 23:33:13.516000+00:00,0.00038464,16.006296,0.00201441,0.0002398,271.07907,274.2688,6650.811,spacetrack,2026-09-17 23:32:36.585000+00:00,272.13004,6651.9116,0.0004106,24.01025861111111,-1.0505209630823262,-1.1001297581939569,250-300,quiet_control_2,5.307359084741219
58435,2026-09-19 22:03:28.640000+00:00,0.00039884,16.010092,0.00213486,0.0002312,270.0854,273.16025,6649.76,spacetrack,2026-09-18 23:33:13.516000+00:00,271.07907,6650.811,0.00038464,22.50420111111111,-1.0597168005322162,-1.1208573846033332,250-300,quiet_control_2,7.066467540060791
58435,2026-09-20 23:33:21.141000+00:00,0.00039475,16.01478,0.00217078,0.0002264,268.81967,271.83008,6648.462,spacetrack,2026-09-19 22:03:28.640000+00:00,270.0854,6649.76,0.00039884,25.497916944444444,-1.1913726155037616,-1.2217468614345797,250-300,quiet_control_2,5.79952303511155
58435,2026-09-21 22:02:52.903000+00:00,0.00039655,16.01877,0.00223165,0.0002159,267.78592,270.65625,6647.358,spacetrack,2026-09-20 23:33:21.141000+00:00,268.81967,6648.462,0.00039475,22.49215611111111,-1.103051209383338,-1.1780106748822294,250-300,quiet_control_2,2.9795566385229457
58435,2026-09-22 23:31:55.073000+00:00,0.00039498,16.023706,0.00228754,0.0001844,266.6301,269.08115,6645.9927,spacetrack,2026-09-21 22:02:52.903000+00:00,267.78592,6647.358,0.00039655,25.48393611111111,-1.0885163060781706,-1.2857982321546741,250-300,quiet_control_2,3.270913517742168
58435,2026-09-23 23:30:35.016000+00:00,0.00041624,16.028374,0.00247798,0.0002143,265.14157,267.9895,6644.7026,spacetrack,2026-09-22 23:31:55.073000+00:00,266.6301,6645.9927,0.00039498,23.977761944444445,-1.4899105297138833,-1.291296496801606,250-300,quiet_control_2,3.439122718141739
58435,2026-09-24 07:00:04.666000+00:00,0.00043263,16.030039,0.00260105,0.0002087,264.71844,267.49176,6644.242,spacetrack,2026-09-23 23:30:35.016000+00:00,265.14157,6644.7026,0.00041624,7.491569444444445,-1.3555397270636165,-1.4755786597138205,250-300,secondary_active_sep2,12.008309117841723
58507,2026-09-18 22:21:17.055000+00:00,0.00027069,15.266587,0.00014742,0.0220384,334.53876,637.0795,6863.9463,spacetrack,2026-09-17 22:45:26.400000+00:00,334.56235,6864.026,0.0003116,23.597404166666667,-0.023992469510637694,-0.08105976345938551,300-350,quiet_control_2,5.395187712207751
58507,2026-09-19 04:38:50.324000+00:00,0.00026809,15.26666,0.00014602,0.0220352,334.5393,637.03516,6863.9243,spacetrack,2026-09-18 22:21:17.055000+00:00,334.53876,6863.9463,0.00027069,6.292574722222223,0.0020595702986653023,-0.08390841957486762,300-350,quiet_control_2,9.00097720995588
58507,2026-09-20 13:40:58.428000+00:00,0.00025383,15.267036,0.00013842,0.0220275,334.4819,636.8671,6863.8115,spacetrack,2026-09-19 04:38:50.324000+00:00,334.5393,6863.9243,0.00026809,33.035584444444446,-0.04170048822103951,-0.08194799775828902,300-350,quiet_control_2,6.961094948591798
58507,2026-09-21 21:08:40.957000+00:00,0.00023289,15.267372,0.00012714,0.0220192,334.44043,636.7073,6863.711,spacetrack,2026-09-20 13:40:58.428000+00:00,334.4819,6863.8115,0.00025383,31.46181361111111,-0.03163453996334778,-0.07666436619971334,300-350,quiet_control_2,2.8603552813128514
58507,2026-09-22 19:10:03.440000+00:00,0.00023541,15.267604,0.00012861,0.0220171,334.38678,636.62177,6863.641,spacetrack,2026-09-21 21:08:40.957000+00:00,334.44043,6863.711,0.00023289,22.02291194444444,-0.05846638279480225,-0.07628419004048392,300-350,quiet_control_2,3.3955235105338466
58507,2026-09-23 20:20:10.651000+00:00,0.00026453,15.267894,0.00014463,0.0220162,334.30817,636.5269,6863.5547,spacetrack,2026-09-22 19:10:03.440000+00:00,334.38678,6863.641,0.00023541,25.16866972222222,-0.07495986163835613,-0.08229278793268005,300-350,quiet_control_2,3.040084591059755
58507,2026-09-24 05:46:27.967000+00:00,0.00027178,15.268003,0.00014864,0.0220162,334.2759,636.4932,6863.5215,spacetrack,2026-09-23 20:20:10.651000+00:00,334.30817,6863.5547,0.00026453,9.438143333333333,-0.08205851221454387,-0.0844233841186036,300-350,secondary_active_sep2,9.742611717770764
58598,2026-09-18 16:48:53.123000+00:00,0.0027764,15.925991,0.0102125,0.0029552,275.29205,314.73303,6673.1494,spacetrack,2026-09-17 22:00:02+00:00,280.8711,6679.9897,0.00099357,18.814200833333334,-7.116815706717273,-8.72570679213434,250-300,quiet_control_2,5.966451966254864
58598,2026-09-19 19:51:54.628000+00:00,0.0052769,15.975917,0.02423738,0.0029377,261.5399,300.6656,6659.2397,spacetrack,2026-09-18 16:48:53.123000+00:00,275.29205,6673.1494,0.0027764,27.050418055555557,-12.201349321927221,-12.341132743840973,250-300,quiet_control_2,6.466887896218076
58598,2026-09-20 13:50:47.551000+00:00,0.0051949,16.01926,0.02867737,0.0028205,250.33653,287.8335,6647.222,spacetrack,2026-09-19 19:51:54.628000+00:00,261.5399,6659.2397,0.0052769,17.9813675,-14.95330541461874,-16.040203838779668,250-300,quiet_control_2,7.463009757801297
58598,2026-09-21 19:40:23.763000+00:00,0.0022304,16.11928,0.02376844,0.0025415,224.73573,258.38364,6619.697,spacetrack,2026-09-20 13:50:47.551000+00:00,250.33653,6647.222,0.0051949,29.826725555555555,-20.59961958799591,-22.14792229772427,250-300,quiet_control_2,2.970954088043262
58598,2026-09-22 13:29:07.957000+00:00,0.0041513,16.205877,0.09201701,0.001976,204.92249,230.99025,6596.0933,spacetrack,2026-09-21 19:40:23.763000+00:00,224.73573,6619.697,0.0022304,17.81227611111111,-26.69606944299367,-31.803279741808073,200-250,quiet_control_2,3.3668401976327376
58672,2026-09-18 15:52:02.440000+00:00,0.00060783,15.718273,0.00083668,0.002855,334.45532,372.89398,6731.8115,spacetrack,2026-09-17 09:21:53.124000+00:00,334.84012,6732.3745,0.00062177,30.50258777777778,-0.30276775424048313,-0.4429788088290141,300-350,quiet_control_2,7.123357511852638
58672,2026-09-19 08:38:31.863000+00:00,0.00055338,15.719298,0.00076399,0.0028511,334.1898,372.57428,6731.519,spacetrack,2026-09-18 15:52:02.440000+00:00,334.45532,6731.8115,0.00060783,16.77483972222222,-0.3798832123300524,-0.4184838792045137,300-350,quiet_control_2,6.818767220213381
58672,2026-09-20 15:08:20.137000+00:00,0.000596,15.721291,0.00083055,0.0028253,333.79626,371.83017,6730.95,spacetrack,2026-09-19 08:38:31.863000+00:00,334.1898,6731.519,0.00055338,30.49674277777778,-0.30970389424281936,-0.44778552580247166,300-350,quiet_control_2,6.67037625530027
58672,2026-09-21 09:26:06.380000+00:00,0.0005353,15.722501,0.00074876,0.0028315,333.41016,371.52557,6730.605,spacetrack,2026-09-20 15:08:20.137000+00:00,333.79626,6730.95,0.000596,18.296178611111113,-0.5064664155810421,-0.45255351819629364,300-350,quiet_control_2,3.335530553943999
58672,2026-09-22 08:18:12.153000+00:00,0.00054014,15.72399,0.00076043,0.0028223,333.0481,371.03726,6730.1797,spacetrack,2026-09-21 09:26:06.380000+00:00,333.41016,6730.605,0.0005353,22.86827027777778,-0.3799780173336927,-0.44634770693242765,300-350,quiet_control_2,3.1616486127618866
58672,2026-09-23 13:15:59.943000+00:00,0.00054893,15.725925,0.00077903,0.0027837,332.75745,370.22397,6729.628,spacetrack,2026-09-22 08:18:12.153000+00:00,333.0481,6730.1797,0.00054014,28.963275,-0.24084292953746783,-0.45715824608921407,300-350,quiet_control_2,2.5616302311576757
58672,2026-09-24 07:33:26.626000+00:00,0.00063152,15.727248,0.00090326,0.0027746,332.44223,369.78418,6729.25,spacetrack,2026-09-23 13:15:59.943000+00:00,332.75745,6729.628,0.00054893,18.29074527777778,-0.4136124518223784,-0.4959885374935928,300-350,secondary_active_sep2,7.958177042873975
58706,2026-09-18 20:25:36.828000+00:00,0.00046668,15.797159,0.00087561,0.0001952,329.93527,332.55463,6709.382,spacetrack,2026-09-17 09:30:05.363000+00:00,330.75912,6710.109,0.0005284,34.92540694444445,-0.5661322724586038,-0.49957900355385687,300-350,quiet_control_2,6.650509528382573
58706,2026-09-19 23:45:21.447000+00:00,0.00048414,15.799123,0.0009173,0.0002105,329.27667,332.10107,6708.8257,spacetrack,2026-09-18 20:25:36.828000+00:00,329.93527,6709.382,0.00046668,27.329060833333337,-0.5783733329291862,-0.4885348999515667,300-350,quiet_control_2,6.81527463149499
58706,2026-09-21 15:13:30.528000+00:00,0.00045813,15.802,0.00087884,0.0002463,328.22247,331.52686,6708.0117,spacetrack,2026-09-19 23:45:21.447000+00:00,329.27667,6708.8257,0.00048414,39.469189166666666,-0.6410265965475785,-0.4949683642476821,300-350,quiet_control_2,4.913061363244372
58706,2026-09-22 13:59:33.255000+00:00,0.00043879,15.803661,0.0008476,0.0002616,327.64978,331.15915,6707.5415,spacetrack,2026-09-21 15:13:30.528000+00:00,328.22247,6708.0117,0.00045813,22.767424166666668,-0.6036941157411351,-0.49565554352502655,300-350,quiet_control_2,2.9223704818898963
58706,2026-09-23 14:16:30.616000+00:00,0.00043956,15.805432,0.00085618,0.0002756,327.05496,330.75186,6707.0405,spacetrack,2026-09-22 13:59:33.255000+00:00,327.64978,6707.5415,0.00043879,24.282600277777778,-0.587897500131608,-0.49516937487986623,300-350,quiet_control_2,2.7114217964095255
58706,2026-09-24 06:58:04.308000+00:00,0.00050936,15.806739,0.00100096,0.0002961,326.54803,330.5197,6706.671,spacetrack,2026-09-23 14:16:30.616000+00:00,327.05496,6707.0405,0.00043956,16.692692222222224,-0.7288410903427429,-0.5312504347375057,300-350,secondary_active_sep2,8.009039817357204
58720,2026-09-18 11:58:41.389000+00:00,0.00083651,16.066956,0.00658066,0.0011669,248.18227,263.66483,6634.0605,spacetrack,2026-09-17 22:32:21.967000+00:00,250.28156,6635.998,0.00085365,13.438728333333334,-3.7490868741673293,-3.4601488211248164,250-300,quiet_control_2,6.772520577033765
58720,2026-09-19 11:51:16.926000+00:00,0.00081055,16.079704,0.00691552,0.0011889,244.53354,260.29968,6630.5537,spacetrack,2026-09-18 11:58:41.389000+00:00,248.18227,6634.0605,0.00083651,23.876538055555553,-3.6675970275190077,-3.524933129088952,200-250,quiet_control_2,6.006085402037567
58720,2026-09-20 13:12:05.305000+00:00,0.00083838,16.09502,0.0078949,0.0012041,240.23085,256.18842,6626.3467,spacetrack,2026-09-19 11:51:16.926000+00:00,244.53354,6630.5537,0.00081055,25.346771944444445,-4.074071452819985,-3.9834658323084176,200-250,quiet_control_2,7.083047360216668
58720,2026-09-21 15:59:50.929000+00:00,0.0039663,16.149717,0.03704639,0.0011269,225.78934,240.69006,6611.3765,spacetrack,2026-09-20 13:12:05.305000+00:00,240.23085,6626.3467,0.00083838,26.796006666666667,-12.934622845543398,-13.40814713436134,200-250,quiet_control_2,3.2538081959641914
58929,2026-09-18 19:37:28.887000+00:00,0.00013901,15.729218,0.00018958,0.0019328,337.54648,363.5569,6728.6885,spacetrack,2026-09-17 22:17:01.133000+00:00,341.43893,6721.2856,8.3224e-06,21.341042777777776,-4.377424335481741,8.325253918004735,300-350,quiet_control_2,5.591162589498581
58992,2026-09-18 22:04:17.264000+00:00,0.0011138,15.667473,0.00159222,0.0106283,296.5161,439.9207,6746.3555,spacetrack,2026-09-17 21:32:36.382000+00:00,296.82758,6747.275,0.0011443,24.528022777777778,-0.304774668049199,-0.8997056224194622,250-300,quiet_control_2,5.566605167092216
58992,2026-09-19 22:35:40.183000+00:00,0.0011086,15.670701,0.00160058,0.010545,296.1611,438.42218,6745.4287,spacetrack,2026-09-18 22:04:17.264000+00:00,296.5161,6746.3555,0.0011138,24.523033055555555,-0.34742847594336534,-0.907032990152233,250-300,quiet_control_2,6.978671763220697
58992,2026-09-20 21:34:48.924000+00:00,0.0010153,15.67368,0.00147964,0.0104774,295.77118,437.1024,6744.5737,spacetrack,2026-09-19 22:35:40.183000+00:00,296.1611,6745.4287,0.0011086,22.985761388888886,-0.4071250824226635,-0.8927265733268482,250-300,quiet_control_2,5.949511642720944
58992,2026-09-21 22:05:36.448000+00:00,0.0010939,15.676982,0.00161128,0.010393,295.40347,435.5765,6743.627,spacetrack,2026-09-20 21:34:48.924000+00:00,295.77118,6744.5737,0.0010153,24.513201111111112,-0.36001173245380774,-0.926880169464671,250-300,quiet_control_2,3.0655425981130078
58992,2026-09-22 21:04:11.388000+00:00,0.001113,15.680156,0.00165583,0.010311,295.05563,434.10394,6742.717,spacetrack,2026-09-21 22:05:36.448000+00:00,295.40347,6743.627,0.0010939,22.976372222222224,-0.36333673215505763,-0.9505417038332616,250-300,quiet_control_2,3.2965256820593716
58992,2026-09-23 21:34:22.565000+00:00,0.001181,15.683475,0.00177643,0.0102319,294.64758,432.60974,6741.7656,spacetrack,2026-09-22 21:04:11.388000+00:00,295.05563,6742.717,0.001113,24.503104722222222,-0.39967180122764095,-0.9318655843351145,250-300,quiet_control_2,3.192579847336126
58992,2026-09-24 06:45:36.757000+00:00,0.0012252,15.684842,0.00185171,0.0102023,294.45923,432.01428,6741.3735,spacetrack,2026-09-23 21:34:22.565000+00:00,294.64758,6741.7656,0.001181,9.187275555555557,-0.4920283464521585,-1.0242862471138336,250-300,secondary_active_sep2,10.66317704752999
59313,2026-09-19 22:47:47.050000+00:00,0.0040221,15.683213,0.00500422,0.0024509,347.18005,380.22723,6741.841,spacetrack,2026-09-18 22:20:03.262000+00:00,349.9935,6744.477,0.0036136,24.462163333333333,-2.7602955257840947,-2.58619808632304,300-350,quiet_control_2,6.981107013021062
59313,2026-09-20 21:42:57.658000+00:00,0.0036369,15.692445,0.00468496,0.0024758,344.37442,377.74423,6739.1963,spacetrack,2026-09-19 22:47:47.050000+00:00,347.18005,6741.841,0.0040221,22.91961333333333,-2.9378820236059915,-2.7693660916916754,300-350,quiet_control_2,5.937519355087045
59313,2026-09-21 22:08:52.615000+00:00,0.0040586,15.703188,0.00552363,0.0025044,341.11526,374.85516,6736.122,spacetrack,2026-09-20 21:42:57.658000+00:00,344.37442,6739.1963,0.0036369,24.4319325,-3.2015412616255476,-3.019949404329088,300-350,quiet_control_2,3.0646645987218206
59313,2026-09-22 21:02:14.287000+00:00,0.0041693,15.713996,0.00597076,0.0025203,337.92673,371.86523,6733.033,spacetrack,2026-09-21 22:08:52.615000+00:00,341.11526,6736.122,0.0040586,22.889353333333336,-3.3432451710445426,-3.238885735231136,300-350,quiet_control_2,3.2928917510314597
59313,2026-09-23 21:26:04.880000+00:00,0.0044056,15.726275,0.0067075,0.0025567,334.1854,368.59616,6729.528,spacetrack,2026-09-22 21:02:14.287000+00:00,337.92673,6733.033,0.0041693,24.397386944444442,-3.680390863352141,-3.447910228728724,300-350,quiet_control_2,3.17641506758357
59313,2026-09-24 03:31:51.692000+00:00,0.0049239,15.729671,0.00769354,0.0025647,333.16562,367.67908,6728.5596,spacetrack,2026-09-23 21:26:04.880000+00:00,334.1854,6729.528,0.0044056,6.096336666666667,-4.014660170233482,-3.8123878766563775,300-350,secondary_active_sep2,10.690206304223137
59322,2026-09-18 14:12:51.231000+00:00,0.0051566,16.003685,0.026691,0.0025961,256.12936,290.66547,6651.534,spacetrack,2026-09-17 22:00:02+00:00,265.15732,6661.231,0.00080653,16.213675277777778,-13.363474738942521,-14.353809115628234,250-300,quiet_control_2,6.330316275710399
59322,2026-09-19 23:03:39.697000+00:00,0.0057046,16.122849,0.04580271,0.0023106,225.28935,255.87578,6618.7197,spacetrack,2026-09-18 14:12:51.231000+00:00,256.12936,6651.534,0.0051566,32.84679611111111,-22.533711887645126,-23.976256233209824,250-300,quiet_control_2,6.202232585410453
59322,2026-09-20 18:21:08.950000+00:00,0.0039599,16.200527,0.08415706,0.0019936,206.25583,232.56157,6597.546,spacetrack,2026-09-19 23:03:39.697000+00:00,225.28935,6618.7197,0.0057046,19.291459166666666,-23.67910462622256,-26.34164661209453,200-250,quiet_control_2,6.548950468912891
59586,2026-09-20 08:46:11.094000+00:00,0.00059748,15.721966,0.00083253,0.002643,334.83115,370.4099,6730.7573,spacetrack,2026-09-19 17:31:21.553000+00:00,335.1476,6731.055,0.00057638,15.247094722222222,-0.49811456794660997,-0.46860074854709866,300-350,quiet_control_2,8.54276300106062
59586,2026-09-21 16:47:06.858000+00:00,0.00057746,15.724183,0.00081134,0.0025917,334.5452,369.43015,6730.1245,spacetrack,2026-09-20 08:46:11.094000+00:00,334.83115,6730.7573,0.00059748,32.01549,-0.21435873697385138,-0.4743703750905446,300-350,quiet_control_2,3.2541197505749038
59586,2026-09-22 22:00:02+00:00,0.00076906,15.726077,0.00109615,0.0026818,333.4001,369.49487,6729.5845,spacetrack,2026-09-21 16:47:06.858000+00:00,334.5452,6730.1245,0.00057746,29.215317222222225,-0.9406846343977474,-0.4436029190243152,300-350,quiet_control_2,2.958420384162638
59586,2026-09-23 08:25:02.575000+00:00,0.00056516,15.726917,0.00080438,0.0026713,333.23154,369.18375,6729.3447,spacetrack,2026-09-22 22:00:02+00:00,333.4001,6729.5845,0.00076906,10.416826388888888,-0.3883562852036582,-0.5524907284761573,300-350,quiet_control_2,2.1919437235295725
59586,2026-09-24 07:16:43.514000+00:00,0.00070488,15.728653,0.00101463,0.0026832,332.65784,368.76755,6728.8496,spacetrack,2026-09-23 08:25:02.575000+00:00,333.23154,6729.3447,0.00056516,22.861371944444443,-0.6022735657973204,-0.519758832885346,300-350,secondary_active_sep2,6.926379782860073
59878,2026-09-18 15:29:06.077000+00:00,0.00064842,15.755601,0.00104763,0.0025194,326.10452,359.9712,6721.175,spacetrack,2026-09-17 22:44:56.109000+00:00,326.586,6721.5444,0.00071575,16.73610222222222,-0.6904546737685051,-0.5297290780297891,300-350,quiet_control_2,5.987045951626065
59878,2026-09-19 23:25:54.483000+00:00,0.00060761,15.758183,0.00099219,0.0025253,325.3327,359.27496,6720.441,spacetrack,2026-09-18 15:29:06.077000+00:00,326.10452,6721.175,0.00064842,31.946779444444445,-0.5798293387354593,-0.5514170851131759,300-350,quiet_control_2,6.312082875055237
59878,2026-09-20 22:00:03+00:00,0.00028169,15.760283,0.0004591,0.0025662,324.46198,358.9509,6719.8433,spacetrack,2026-09-19 23:25:54.483000+00:00,325.3327,6720.441,0.00060761,22.569032500000002,-0.9259271526149886,-0.6355965857191436,300-350,quiet_control_2,5.911309150418094
59878,2026-09-21 07:22:23.494000+00:00,0.00061568,15.760824,0.00101821,0.0025581,324.36304,358.7423,6719.6895,spacetrack,2026-09-20 22:00:03+00:00,324.46198,6719.8433,0.00028169,9.372359444444443,-0.2533577605590912,-0.3938389283809545,300-350,quiet_control_2,4.347149985415151
59878,2026-09-22 21:23:29.412000+00:00,0.00059983,15.764091,0.00100674,0.0025816,323.2793,357.9696,6718.761,spacetrack,2026-09-21 07:22:23.494000+00:00,324.36304,6719.6895,0.00061568,38.01831055555556,-0.6841377120635903,-0.5861386177967165,300-350,quiet_control_2,2.8783005568997826
59878,2026-09-23 06:30:52.972000+00:00,0.00058656,15.764837,0.00098779,0.0026008,322.93875,357.88596,6718.5493,spacetrack,2026-09-22 21:23:29.412000+00:00,323.2793,6718.761,0.00059983,9.123211111111111,-0.8958687791456144,-0.556909177935172,300-350,quiet_control_2,2.2859187006524264
59878,2026-09-24 05:19:14.756000+00:00,0.00073847,15.766967,0.0012603,0.0025825,322.4584,357.1566,6717.9443,spacetrack,2026-09-23 06:30:52.972000+00:00,322.93875,6718.5493,0.00058656,22.80605111111111,-0.5054974201291875,-0.6366731324615588,300-350,secondary_active_sep2,6.000927580331263
59907,2026-09-19 15:49:34.625000+00:00,0.00062717,15.7543545,0.00101288,0.0028452,324.26816,362.51633,6721.5293,spacetrack,2026-09-18 09:23:35.886000+00:00,324.7993,6722.2046,0.0006258,30.432983055555557,-0.418866595388611,-0.5325537746467633,300-350,quiet_control_2,5.999999999999999
59907,2026-09-20 14:38:52.405000+00:00,0.00061582,15.756263,0.0010023,0.0028167,323.9185,361.7805,6720.9863,spacetrack,2026-09-19 15:49:34.625000+00:00,324.26816,6721.5293,0.00062717,22.821605555555553,-0.3677147069943037,-0.5710378250246011,300-350,quiet_control_2,7.082492613602753
59907,2026-09-22 13:48:13.788000+00:00,0.00059991,15.760203,0.00099297,0.002788,322.99417,360.46414,6719.866,spacetrack,2026-09-20 14:38:52.405000+00:00,323.9185,6720.9863,0.00061582,47.15593972222222,-0.4704374492519291,-0.5701763162471669,300-350,quiet_control_2,3.09645189448062
59907,2026-09-23 14:08:15.709000+00:00,0.00055024,15.762174,0.00091619,0.0027025,323.01035,359.3282,6719.306,spacetrack,2026-09-22 13:48:13.788000+00:00,322.99417,6719.866,0.00059991,24.333866944444445,0.015958006217714274,-0.5523166552481718,300-350,quiet_control_2,2.7042734713545835
59907,2026-09-24 06:00:02+00:00,0.0002933,15.763923,0.00048797,0.0027627,322.11017,359.23428,6718.809,spacetrack,2026-09-23 14:08:15.709000+00:00,323.01035,6719.306,0.00055024,15.862858611111111,-1.3619436779741652,-0.7519451753563752,300-350,secondary_active_sep2,7.5393247479511505
60210,2026-09-18 22:24:20.537000+00:00,0.00040585,15.746043,0.00059789,0.0016253,334.829,356.6857,6723.8945,spacetrack,2026-09-17 22:00:04.717000+00:00,335.19333,6724.2114,0.00046138,24.404394444444446,-0.35829284844190856,-0.31164879002874424,300-350,quiet_control_2,5.508124208504342
60210,2026-09-19 21:16:59.750000+00:00,0.00037992,15.747075,0.00056195,0.0016363,334.4619,356.46558,6723.6006,spacetrack,2026-09-18 22:24:20.537000+00:00,334.829,6723.8945,0.00040585,22.877559166666668,-0.38511101362757605,-0.30831960475447706,300-350,quiet_control_2,7.049062962755606
60210,2026-09-20 21:41:03.747000+00:00,0.00035017,15.748147,0.00052006,0.0016452,334.09738,356.21973,6723.2954,spacetrack,2026-09-19 21:16:59.750000+00:00,334.4619,6723.6006,0.00037992,24.40111027777778,-0.35852794813062017,-0.30018306202507516,300-350,quiet_control_2,5.943906309272334
60210,2026-09-21 22:05:01.514000+00:00,0.00039757,15.74928,0.00059407,0.0016511,333.73575,355.93634,6722.973,spacetrack,2026-09-20 21:41:03.747000+00:00,334.09738,6723.2954,0.00035017,24.399379722222225,-0.355710681943898,-0.31712281574736956,300-350,quiet_control_2,3.0607857096367215
60210,2026-09-22 20:57:23.522000+00:00,0.00039042,15.750404,0.00058622,0.00166,333.35648,355.6757,6722.6533,spacetrack,2026-09-21 22:05:01.514000+00:00,333.73575,6722.973,0.00039757,22.87278,-0.39796124476344674,-0.3354555065016268,300-350,quiet_control_2,3.298717174834989
60210,2026-09-23 21:21:08.682000+00:00,0.00041903,15.75156,0.00063285,0.0016717,332.94965,355.42508,6722.324,spacetrack,2026-09-22 20:57:23.522000+00:00,333.35648,6722.6533,0.00039042,24.39587777777778,-0.4002282717161717,-0.3239563696784445,300-350,quiet_control_2,3.16630821964913
60210,2026-09-24 04:58:32.714000+00:00,0.00043403,15.751979,0.00065693,0.0016726,332.82468,355.3118,6722.205,spacetrack,2026-09-23 21:21:08.682000+00:00,332.94965,6722.324,0.00041903,7.623342222222222,-0.3934337345183694,-0.3746388285793053,300-350,secondary_active_sep2,10.31926846609128
60246,2026-09-18 08:53:59.297000+00:00,0.00079289,15.723388,0.001066,0.0015246,341.95346,362.47565,6730.3516,spacetrack,2026-09-17 02:20:56.235000+00:00,342.70917,6731.0923,0.0008209,30.550850555555556,-0.5936672685108274,-0.5818757801089853,300-350,quiet_control_2,7.6614665810995515
60246,2026-09-20 12:49:29.809000+00:00,0.0007543,15.727745,0.00103268,0.0015362,340.6342,361.3087,6729.1084,spacetrack,2026-09-18 08:53:59.297000+00:00,341.95346,6730.3516,0.00079289,51.92514222222222,-0.6097670347150109,-0.5746118108315582,300-350,quiet_control_2,6.54790993671488
60246,2026-09-21 01:02:25.975000+00:00,0.00068379,15.728666,0.00093868,0.0015345,340.38333,361.03415,6728.8457,spacetrack,2026-09-20 12:49:29.809000+00:00,340.6342,6729.1084,0.0007543,12.215601666666666,-0.4928844410856953,-0.5161268492578284,300-350,quiet_control_2,3.188013570805604
60246,2026-09-22 13:40:57.118000+00:00,0.00072689,15.731881,0.00101252,0.001535,339.46457,360.1193,6727.9287,spacetrack,2026-09-21 01:02:25.975000+00:00,340.38333,6728.8457,0.00068379,36.64198416666667,-0.6017752723134371,-0.600622496311426,300-350,quiet_control_2,3.1145085749124317
60246,2026-09-23 20:12:42.473000+00:00,0.00084916,15.734608,0.0011994,0.0015308,338.71698,359.31284,6727.152,spacetrack,2026-09-22 13:40:57.118000+00:00,339.46457,6727.9287,0.00072689,30.529265277777778,-0.5877036291816737,-0.6105879008354954,300-350,quiet_control_2,2.9776583861632586
60246,2026-09-24 00:47:26.657000+00:00,0.00088646,15.735032,0.00125516,0.0015265,338.6251,359.16272,6727.031,spacetrack,2026-09-23 20:12:42.473000+00:00,338.71698,6727.152,0.00084916,4.57894,-0.4815787059887395,-0.6342079171166841,300-350,secondary_active_sep2,7.55421178263965
60398,2026-09-18 22:00:03+00:00,0.003578,15.754224,0.00592774,0.0001427,342.4703,344.38864,6721.5664,spacetrack,2026-09-17 22:00:02+00:00,349.57065,6728.5264,0.0090562,24.00027777777778,-7.100267820974286,-6.959919445376826,300-350,quiet_control_2,5.4999363433293595
60398,2026-09-19 22:00:02+00:00,0.0028845,15.764686,0.00494269,0.0001013,339.77493,341.1361,6718.5923,spacetrack,2026-09-18 22:00:03+00:00,342.4703,6721.5664,0.003578,23.99972222222222,-2.695401196773136,-2.974134422851569,300-350,quiet_control_2,7.0000115742080355
60398,2026-09-20 22:00:03+00:00,0.010745,15.772537,0.02042841,7.74e-05,337.70578,338.74548,6716.363,spacetrack,2026-09-19 22:00:02+00:00,339.77493,6718.5923,0.0028845,24.00027777777778,-2.069126051781787,-2.229274198215265,300-350,quiet_control_2,5.916598187520978
60398,2026-09-21 22:00:03+00:00,0.0064713,15.800821,0.01384907,0.0001103,329.46823,330.94812,6708.345,spacetrack,2026-09-20 22:00:03+00:00,337.70578,6716.363,0.010745,24.0,-8.237549999999999,-8.018000000000029,300-350,quiet_control_2,3.041701388888889
60398,2026-09-22 22:00:02+00:00,0.0060872,15.82565,0.0147041,0.0001271,322.33798,324.04144,6701.3267,spacetrack,2026-09-21 22:00:03+00:00,329.46823,6708.345,0.0064713,23.99972222222222,-7.130332526996829,-7.018381231264887,300-350,quiet_control_2,3.291600597229135
60398,2026-09-23 22:00:02+00:00,0.0048649,15.851229,0.01336936,0.0001091,315.24835,316.70898,6694.1157,spacetrack,2026-09-22 22:00:02+00:00,322.33798,6701.3267,0.0060872,24.0,-7.08963,-7.210999999999331,300-350,quiet_control_2,3.2500694444444442
60398,2026-09-24 06:00:02+00:00,0.005606,15.858816,0.01601467,8.61e-05,313.26743,314.41977,6691.9805,spacetrack,2026-09-23 22:00:02+00:00,315.24835,6694.1157,0.0048649,8.0,-5.942760000000078,-6.4056000000018685,300-350,secondary_active_sep2,10.500625000000001
60491,2026-09-18 23:50:01.628000+00:00,0.0012625,15.885687,0.00349208,0.0005764,302.44214,310.14795,6684.432,spacetrack,2026-09-17 05:29:11.658000+00:00,306.39642,6687.878,0.0013433,42.34721388888889,-2.2410617201170884,-1.9529974325347026,300-350,quiet_control_2,6.495900392764918
60491,2026-09-20 04:33:02.706000+00:00,0.0013091,15.894375,0.00378156,0.0005985,299.85986,307.85822,6681.996,spacetrack,2026-09-18 23:50:01.628000+00:00,302.44214,6684.432,0.0012625,28.71696611111111,-2.158122127532829,-2.0358696588554976,300-350,quiet_control_2,7.635157586574983
60491,2026-09-21 12:16:15.525000+00:00,0.001298,15.905011,0.00395543,0.0005878,296.9536,304.80545,6679.0166,spacetrack,2026-09-20 04:33:02.706000+00:00,299.85986,6681.996,0.0013091,31.7202275,-2.1989199163215574,-2.254258737583268,250-300,quiet_control_2,4.210299642396953
60491,2026-09-22 04:52:40.285000+00:00,0.0012929,15.910659,0.00405417,0.0005773,295.4442,303.15396,6677.436,spacetrack,2026-09-21 12:16:15.525000+00:00,296.9536,6679.0166,0.001298,16.60687777777778,-2.1813612699958567,-2.284258396287281,250-300,quiet_control_2,3.361296089505085
60491,2026-09-23 18:35:55.258000+00:00,0.001287,15.923875,0.00431901,0.0005944,291.63687,299.57062,6673.7407,spacetrack,2026-09-22 04:52:40.285000+00:00,295.4442,6677.436,0.0012929,37.720825833333336,-2.4224262852499194,-2.3511468277986154,250-300,quiet_control_2,2.6499559228897223
60491,2026-09-24 05:09:16.726000+00:00,0.0014509,15.928174,0.00497898,0.0006252,290.23135,298.5747,6672.54,spacetrack,2026-09-23 18:35:55.258000+00:00,291.63687,6673.7407,0.001287,10.555963333333333,-3.195585181077667,-2.7299071709552916,250-300,secondary_active_sep2,9.17014537438396
60508,2026-09-18 06:27:04.764000+00:00,0.00092678,16.140131,0.01115426,0.0009081,229.85088,241.8632,6613.994,spacetrack,2026-09-17 15:33:53.400000+00:00,233.92892,6617.8916,0.0009707,14.88649,-6.574616313180634,-6.283710935217483,200-250,quiet_control_2,7.0
60508,2026-09-19 12:11:00.439000+00:00,0.00079679,16.171034,0.01214922,0.0009747,220.9898,233.8667,6605.5654,spacetrack,2026-09-18 06:27:04.764000+00:00,229.85088,6613.994,0.00092678,29.732131944444447,-7.152730264932686,-6.803629163827271,200-250,quiet_control_2,6.085721288719859
60508,2026-09-20 23:46:17.979000+00:00,0.00090198,16.224087,0.02068127,0.0011085,205.71407,220.32666,6591.157,spacetrack,2026-09-19 12:11:00.439000+00:00,220.9898,6605.5654,0.00079679,35.588205555555554,-10.301657930678351,-9.716747293149886,200-250,quiet_control_2,5.844237112264254
60520,2026-09-19 00:04:41.057000+00:00,0.00071865,15.875247,0.00193138,0.0004816,306.00446,312.4457,6687.3623,spacetrack,2026-09-17 05:42:38.034000+00:00,308.0426,6689.228,0.0007676,42.367506388888884,-1.1545489496362782,-1.0568665426990975,300-350,quiet_control_2,6.5011910300256766
60520,2026-09-20 06:19:46.181000+00:00,0.00074004,15.880363,0.00204211,0.0005055,304.40903,311.1685,6685.926,spacetrack,2026-09-19 00:04:41.057000+00:00,306.00446,6687.3623,0.00071865,30.25142333333333,-1.2657361466298123,-1.1394901859709323,300-350,quiet_control_2,7.9865273740471565
60520,2026-09-21 20:07:48.032000+00:00,0.00074114,15.886809,0.00205868,0.0005132,302.5499,309.41046,6684.117,spacetrack,2026-09-20 06:19:46.181000+00:00,304.40903,6685.926,0.00074004,37.800514166666666,-1.1803839440720088,-1.1485558055792242,300-350,quiet_control_2,3.2722712817890756
60520,2026-09-23 18:58:51.385000+00:00,0.0007974,15.895205,0.0023103,0.0005114,300.20923,307.04333,6681.763,spacetrack,2026-09-21 20:07:48.032000+00:00,302.5499,6684.117,0.00074114,46.85093138888889,-1.1990387028532452,-1.2058671690229192,300-350,quiet_control_2,3.0711372730743705
61642,2026-09-18 00:00:02+00:00,0.00083835,15.779934,0.00152761,0.002774,317.50125,354.752,6714.2637,spacetrack,2026-09-17 22:00:02+00:00,317.60782,6714.266,0.00058737,2.0,-1.2788399999997182,-0.02759999999034335,300-350,quiet_control_2,8.999166666666666
61642,2026-09-19 22:30:08.542000+00:00,0.0006712,15.78444,0.00124367,0.0027806,316.18253,353.51477,6712.986,spacetrack,2026-09-18 00:00:02+00:00,317.50125,6714.2637,0.00083835,46.50181722222222,-0.6806030794185068,-0.6594322938708543,300-350,quiet_control_2,6.129027215674761
61642,2026-09-20 22:00:03+00:00,0.00093847,15.786561,0.00176876,0.0027999,315.45334,353.04135,6712.3843,spacetrack,2026-09-19 22:30:08.542000+00:00,316.18253,6712.986,0.0006712,23.498460555555557,-0.7447534683654636,-0.6145423852708437,300-350,quiet_control_2,5.914817114851662
61642,2026-09-21 00:00:02+00:00,0.00092155,15.786858,0.00173877,0.0028066,315.32474,353.0022,6712.3003,spacetrack,2026-09-20 22:00:03+00:00,315.45334,6712.3843,0.00093847,1.9997222222222222,-1.5434143631060566,-1.008140019445137,300-350,quiet_control_2,4.000555632726767
61745,2026-09-18 23:57:11.263000+00:00,0.00061777,15.739635,0.0008819,9e-05,346.97675,348.18738,6725.719,spacetrack,2026-09-17 22:00:45.025000+00:00,347.539,6726.2085,0.00069477,25.940621666666665,-0.5201879960085822,-0.45288043405252437,300-350,quiet_control_2,5.535958660204302
61745,2026-09-19 22:50:22.381000+00:00,0.00062802,15.741206,0.00090283,0.0001019,346.4494,347.82,6725.2715,spacetrack,2026-09-18 23:57:11.263000+00:00,346.97675,6725.719,0.00061777,22.886421666666667,-0.5530091241145214,-0.4692738845954106,300-350,quiet_control_2,7.0486567253523615
61745,2026-09-20 21:43:25.052000+00:00,0.00058154,15.742836,0.00084116,0.0001193,345.86826,347.4728,6724.8076,spacetrack,2026-09-19 22:50:22.381000+00:00,346.4494,6725.2715,0.00062802,22.88407527777778,-0.6094788550859248,-0.486521734649481,300-350,quiet_control_2,5.936757282365851
61745,2026-09-21 22:07:50.245000+00:00,0.00058234,15.7446165,0.00084888,0.0001466,345.1777,347.1493,6724.3003,spacetrack,2026-09-20 21:43:25.052000+00:00,345.86826,6724.8076,0.00058154,24.406998055555555,-0.6790445905012743,-0.49884053632043446,300-350,quiet_control_2,3.062999212896511
61745,2026-09-22 22:32:05.743000+00:00,0.00060996,15.746362,0.00089642,0.0001599,344.5916,346.74188,6723.8037,spacetrack,2026-09-21 22:07:50.245000+00:00,345.1777,6724.3003,0.00058234,24.404305,-0.5763901082206481,-0.48837285060925684,300-350,quiet_control_2,3.2761296737513224
61745,2026-09-23 19:53:11.278000+00:00,0.0006535,15.747946,0.0009679,0.0001783,344.0169,346.41446,6723.3525,spacetrack,2026-09-22 22:32:05.743000+00:00,344.5916,6723.8037,0.00060996,21.351537500000003,-0.645986266796954,-0.5071672239064859,300-350,quiet_control_2,2.984047909118176
61745,2026-09-24 03:30:41.332000+00:00,0.00060292,15.748556,0.00089448,0.0002008,343.69208,346.39212,6723.179,spacetrack,2026-09-23 19:53:11.278000+00:00,344.0169,6723.3525,0.0006535,7.625015,-1.0223822510514515,-0.5460972863656047,300-350,secondary_active_sep2,9.742214714768869
61785,2026-09-18 21:32:44.023000+00:00,0.00068366,15.740467,0.00098079,0.0002169,345.8865,348.80402,6725.4824,spacetrack,2026-09-17 22:39:28.821000+00:00,346.38016,6725.96,0.00076045,22.887556111111113,-0.517654219720197,-0.5008136274732882,300-350,quiet_control_2,5.389449121078676
61785,2026-09-19 21:57:22.488000+00:00,0.00065575,15.7423115,0.00094781,0.000222,345.327,348.3129,6724.957,spacetrack,2026-09-18 21:32:44.023000+00:00,345.8865,6725.4824,0.00068366,24.41068472222222,-0.550086986612718,-0.5165606841216434,300-350,quiet_control_2,6.983176026117435
61785,2026-09-20 22:21:50.590000+00:00,0.00058852,15.7441225,0.00085622,0.0002218,344.81265,347.7956,6724.441,spacetrack,2026-09-19 21:57:22.488000+00:00,345.327,6724.957,0.00065575,24.40780611111111,-0.5057562299456313,-0.507378661713279,300-350,quiet_control_2,5.888228153602316
61785,2026-09-21 22:46:08.462000+00:00,0.00063309,15.745971,0.0009293,0.0002223,344.28333,347.2728,6723.915,spacetrack,2026-09-20 22:21:50.590000+00:00,344.81265,6724.441,0.00058852,24.404964444444445,-0.5205367141148552,-0.517271804625386,300-350,quiet_control_2,3.08907948510294
61785,2026-09-22 23:10:15.757000+00:00,0.00069145,15.747926,0.00102484,0.0002357,343.63678,346.80615,6723.3584,spacetrack,2026-09-21 22:46:08.462000+00:00,344.28333,6723.915,0.00063309,24.40202638888889,-0.6358980091532607,-0.5474299464769,300-350,quiet_control_2,3.2238324583585642
61785,2026-09-23 22:02:42.762000+00:00,0.00070416,15.749766,0.00105238,0.0002534,342.9941,346.40125,6722.8345,spacetrack,2026-09-22 23:10:15.757000+00:00,343.63678,6723.3584,0.00069145,22.874168055555558,-0.6743117372635307,-0.549685565370739,300-350,quiet_control_2,3.268234236327113
61785,2026-09-24 05:40:09.548000+00:00,0.00074246,15.750482,0.00111393,0.0002576,342.76248,346.22598,6722.6313,spacetrack,2026-09-23 22:02:42.762000+00:00,342.9941,6722.8345,0.00070416,7.624107222222222,-0.7291188119440213,-0.639655222290634,300-350,secondary_active_sep2,10.591745058966103
62204,2026-09-18 22:00:03+00:00,0.000445,15.799174,0.00087783,0.0028195,311.7589,349.5899,6708.8115,spacetrack,2026-09-17 22:00:02+00:00,312.59714,6709.5215,0.00057919,24.00027777777778,-0.8382302982604785,-0.7099917825025537,300-350,quiet_control_2,5.4999363433293595
62204,2026-09-19 22:00:02+00:00,0.00051554,15.801584,0.00103126,0.0028282,311.02026,348.96414,6708.1294,spacetrack,2026-09-18 22:00:03+00:00,311.7589,6708.8115,0.000445,23.99972222222222,-0.7386485491729982,-0.6821078947672918,300-350,quiet_control_2,7.0000115742080355
62204,2026-09-20 22:00:03+00:00,0.00027949,15.804613,0.00056183,0.0028467,310.04156,348.22876,6707.272,spacetrack,2026-09-19 22:00:02+00:00,311.02026,6708.1294,0.00051554,24.00027777777778,-0.9786886725848114,-0.8573900765036147,300-350,quiet_control_2,5.916598187520978
62204,2026-09-21 22:00:03+00:00,3.1121e-05,15.807503,5.803e-05,0.0028659,309.0978,347.53787,6706.4546,spacetrack,2026-09-20 22:00:03+00:00,310.04156,6707.272,0.00027949,24.0,-0.9437599999999975,-0.8173999999999069,300-350,quiet_control_2,3.041701388888889
62204,2026-09-22 22:00:02+00:00,0.00043518,15.81003,0.00090456,0.0028827,308.27228,346.93353,6705.7397,spacetrack,2026-09-21 22:00:03+00:00,309.0978,6706.4546,3.1121e-05,23.99972222222222,-0.8255295547402,-0.7149082744012674,300-350,quiet_control_2,3.291600597229135
62204,2026-09-23 22:00:02+00:00,0.0003421,15.81303,0.00071884,0.002899,307.31726,346.1922,6704.8916,spacetrack,2026-09-22 22:00:02+00:00,308.27228,6705.7397,0.00043518,24.0,-0.9550200000000473,-0.8481000000001586,300-350,quiet_control_2,3.2500694444444442
62204,2026-09-24 02:05:51.260000+00:00,0.0010754,15.8138075,0.00232397,0.0029875,306.50488,346.56528,6704.672,spacetrack,2026-09-23 22:00:02+00:00,307.31726,6704.8916,0.0003421,4.097016666666667,-4.7588578681233304,-1.2863994532627858,300-350,secondary_active_sep2,10.607779644538098
62459,2026-09-18 23:21:07.548000+00:00,0.00060992,15.937359,0.00224029,0.0008726,286.0189,297.65933,6669.976,spacetrack,2026-09-17 21:45:37.365000+00:00,287.12982,6671.2603,0.00063133,25.5917175,-1.0418245668740487,-1.204420922511597,250-300,quiet_control_2,5.559187948210197
62459,2026-09-19 23:25:53.892000+00:00,0.00061791,15.941796,0.00232471,0.000854,284.90628,296.29648,6668.7383,spacetrack,2026-09-18 23:21:07.548000+00:00,286.0189,6669.976,0.00060992,24.079539999999998,-1.1089447722007906,-1.2336116055369932,250-300,quiet_control_2,6.996696780752456
62459,2026-09-20 23:30:15.433000+00:00,0.00057238,15.946378,0.00220487,0.000839,283.7299,294.9179,6667.461,spacetrack,2026-09-19 23:25:53.892000+00:00,284.90628,6668.7383,0.00061791,24.072650277777775,-1.1728297330877089,-1.2734451606391077,250-300,quiet_control_2,5.791939240960416
62459,2026-09-21 22:03:57.231000+00:00,0.00060366,15.950904,0.00238494,0.0008187,282.605,293.52026,6666.1997,spacetrack,2026-09-20 23:30:15.433000+00:00,283.7299,6667.461,0.00057238,22.561610555555554,-1.1966167013441056,-1.3417127259360881,250-300,quiet_control_2,2.9834900108958435
62459,2026-09-22 22:07:27.234000+00:00,0.00065293,15.956233,0.00265807,0.0007896,281.31583,291.84073,6664.7153,spacetrack,2026-09-21 22:03:57.231000+00:00,282.605,6666.1997,0.00060366,24.058334166666665,-1.2860441535835199,-1.4808007800210332,250-300,quiet_control_2,3.2854813202119386
62459,2026-09-23 22:10:27.304000+00:00,0.0007081,15.961978,0.00297768,0.0007718,279.8362,290.1214,6663.1157,spacetrack,2026-09-22 22:07:27.234000+00:00,281.31583,6664.7153,0.00065293,24.050019444444445,-1.476552652359819,-1.5962731376858617,250-300,quiet_control_2,3.2712161355378897
62459,2026-09-24 07:11:26.534000+00:00,0.00077974,15.964422,0.00332653,0.0007677,279.184,289.4135,6662.4355,spacetrack,2026-09-23 22:10:27.304000+00:00,279.8362,6663.1157,0.0007081,9.016452777777777,-1.7360263937252802,-1.8105568123476774,250-300,secondary_active_sep2,11.181232148760152
62460,2026-09-18 23:28:18.594000+00:00,0.00060584,15.935436,0.00220229,0.0008785,286.5155,298.2356,6670.5127,spacetrack,2026-09-17 21:52:37.446000+00:00,287.61404,6671.785,0.00062808,25.594763333333333,-1.0300919628220957,-1.1930252920222808,250-300,quiet_control_2,5.545563096305247
62460,2026-09-19 23:33:15.371000+00:00,0.00061698,15.939866,0.00229724,0.0008612,285.39587,296.88306,6669.2764,spacetrack,2026-09-18 23:28:18.594000+00:00,286.5155,6670.5127,0.00060584,24.082438055555556,-1.1157973265834047,-1.2320679464248336,250-300,quiet_control_2,6.99657683929819
62460,2026-09-20 23:37:47.167000+00:00,0.00058569,15.944519,0.00223431,0.0008431,284.22034,295.46387,6667.979,spacetrack,2026-09-19 23:33:15.371000+00:00,285.39587,6669.2764,0.00061698,24.07549888888889,-1.1718436295008623,-1.293331454674762,250-300,quiet_control_2,5.7815398448648745
62460,2026-09-21 22:11:38.317000+00:00,0.00060699,15.949082,0.0023745,0.0008179,283.1175,294.0229,6666.707,spacetrack,2026-09-20 23:37:47.167000+00:00,284.22034,6667.979,0.00058569,22.564208333333333,-1.1730152287638582,-1.3529391126432944,250-300,quiet_control_2,2.9892832614089544
62460,2026-09-22 22:15:17.982000+00:00,0.00065455,15.954445,0.00263877,0.0007906,281.8067,292.34576,6665.2134,spacetrack,2026-09-21 22:11:38.317000+00:00,283.1175,6666.707,0.00060699,24.061018055555554,-1.3074758485847586,-1.4898122729989804,250-300,quiet_control_2,3.2748032562813534
62460,2026-09-23 22:18:28.054000+00:00,0.000698,15.960084,0.00290415,0.0007694,280.3791,290.6331,6663.643,spacetrack,2026-09-22 22:15:17.982000+00:00,281.8067,6665.2134,0.00065455,24.052797777777776,-1.4244663060217646,-1.5669528488204305,250-300,quiet_control_2,3.287840873951462
62460,2026-09-24 07:19:31.119000+00:00,0.00077577,15.962508,0.00327443,0.0007611,279.7602,289.9026,6662.9683,spacetrack,2026-09-23 22:18:28.054000+00:00,280.3791,6663.643,0.000698,9.017518055555556,-1.647193818575039,-1.7957047493809746,250-300,secondary_active_sep2,11.31496551542499
62607,2026-09-18 15:13:01.007000+00:00,0.00097124,15.718281,0.00134516,0.0027504,335.1572,372.18753,6731.8096,spacetrack,2026-09-17 22:00:02+00:00,335.4761,6732.083,4.048e-05,17.21639083333333,-0.44455310489241484,-0.3811251767877351,300-350,quiet_control_2,6.148953435152647
62607,2026-09-19 23:14:25.211000+00:00,0.00091552,15.720437,0.00127893,0.0027682,334.42355,371.69016,6731.194,spacetrack,2026-09-18 15:13:01.007000+00:00,335.1572,6731.8096,0.00097124,32.02339,-0.5498356045378168,-0.4613627726477501,300-350,quiet_control_2,6.294593819635516
62607,2026-09-20 22:06:41.403000+00:00,0.00089837,15.722345,0.00126513,0.0027729,333.8488,371.17563,6730.6494,spacetrack,2026-09-19 23:14:25.211000+00:00,334.42355,6731.194,0.00091552,22.871164444444442,-0.6031175209074466,-0.5714794291192744,300-350,quiet_control_2,5.902803301857826
62607,2026-09-21 13:21:27.495000+00:00,0.0010014,15.723262,0.00141893,0.0027776,333.55615,370.9448,6730.3877,spacetrack,2026-09-20 22:06:41.403000+00:00,333.8488,6730.6494,0.00089837,15.246136666666667,-0.4606806401883799,-0.4119601009305168,300-350,quiet_control_2,3.714180871175889
62607,2026-09-22 06:07:38.243000+00:00,0.00092188,15.724239,0.00130874,0.0027309,333.59232,370.3508,6730.1084,spacetrack,2026-09-21 13:21:27.495000+00:00,333.55615,6730.3877,0.0010014,16.769652222222224,0.051764937548850865,-0.3997220640700496,300-350,quiet_control_2,3.3501986922540694
62607,2026-09-23 00:25:12.517000+00:00,0.0018147,15.726119,0.00264218,0.0027551,332.89462,369.9759,6729.5723,spacetrack,2026-09-22 06:07:38.243000+00:00,333.59232,6730.1084,0.00092188,18.29285388888889,-0.9153738449838471,-0.7033566264814112,300-350,quiet_control_2,2.4919954018474186
62607,2026-09-24 03:51:21.084000+00:00,0.00068926,15.727403,0.00098911,0.0028445,331.9281,370.21054,6729.2065,spacetrack,2026-09-23 00:25:12.517000+00:00,332.89462,6729.5723,0.0018147,27.435713055555553,-0.8454848595707605,-0.3199916831836164,300-350,secondary_active_sep2,4.9520281285441765
62618,2026-09-18 19:28:28.324000+00:00,0.0013867,16.040424,0.00889956,0.0011336,255.70836,270.7657,6641.374,spacetrack,2026-09-17 18:00:24.939000+00:00,260.9631,6646.4004,0.0014729,25.467606944444444,-4.951928160156825,-4.736746576275037,250-300,quiet_control_2,5.826304711589782
62618,2026-09-19 05:57:09.652000+00:00,0.0013719,16.048437,0.00923369,0.0011366,253.48001,268.57214,6639.163,spacetrack,2026-09-18 19:28:28.324000+00:00,255.70836,6641.374,0.0013867,10.478146666666667,-5.103994217806979,-5.064254365594465,250-300,quiet_control_2,8.112939502023893
62618,2026-09-20 22:18:34.688000+00:00,0.0017887,16.09193,0.01550008,0.0013023,240.42746,257.68866,6627.195,spacetrack,2026-09-19 05:57:09.652000+00:00,253.48001,6639.163,0.0013719,40.35695444444444,-7.762260663926874,-7.117286325344525,250-300,quiet_control_2,5.8677958272316495
62618,2026-09-21 19:10:44.784000+00:00,0.0020904,16.130806,0.02197482,0.0013172,229.69072,247.12134,6616.543,spacetrack,2026-09-20 22:18:34.688000+00:00,240.42746,6627.195,0.0017887,20.869471111111114,-12.347306677206959,-12.249855237773204,200-250,quiet_control_2,3.1990009436431444
62618,2026-09-22 18:57:24.457000+00:00,0.0019891,16.19496,0.03659356,0.0013638,211.92087,229.92046,6599.0576,spacetrack,2026-09-21 19:10:44.784000+00:00,229.69072,6616.543,0.0020904,23.777686944444444,-17.935991881651223,-17.648882373650693,200-250,quiet_control_2,3.148766362693932
62618,2026-09-23 15:39:19.420000+00:00,0.0016634,16.307384,0.07987597,0.00146,180.96597,200.14656,6568.6934,spacetrack,2026-09-22 18:57:24.457000+00:00,211.92087,6599.0576,0.0019891,20.698600833333334,-35.89216517493273,-35.20724931447659,200-250,quiet_control_2,2.7101253341560403
62628,2026-09-19 12:26:22.279000+00:00,0.00037924,14.544177,0.00018388,0.0574817,303.746,1118.7668,7089.3936,spacetrack,2026-09-17 20:48:30.086000+00:00,303.86423,7089.5874,0.00046722,39.63116472222222,-0.07159819853616058,-0.11736218283264827,300-350,quiet_control_2,6.378490011715177
62628,2026-09-20 08:15:16.055000+00:00,0.00039312,14.544477,0.00019078,0.0574735,303.7121,1118.6053,7089.296,spacetrack,2026-09-19 12:26:22.279000+00:00,303.746,7089.3936,0.00037924,19.81493777777778,-0.041059932114017775,-0.11821384585059541,300-350,quiet_control_2,7.930586921404523
62628,2026-09-21 12:19:29.538000+00:00,0.00038438,14.544916,0.00018671,0.0574622,303.65784,1118.3745,7089.1533,spacetrack,2026-09-20 08:15:16.055000+00:00,303.7121,7089.296,0.00039312,28.07041194444444,-0.046391909124002595,-0.12200747202378634,300-350,quiet_control_2,3.426860893057986
62628,2026-09-22 14:44:35.791000+00:00,0.00037095,14.545318,0.00018037,0.0574551,303.58524,1118.1863,7089.023,spacetrack,2026-09-21 12:19:29.538000+00:00,303.65784,7089.1533,0.00038438,26.41840361111111,-0.06595402302309142,-0.11837202754674056,300-350,quiet_control_2,2.8961604448868363
62628,2026-09-23 15:30:35.394000+00:00,0.00037644,14.54569,0.00018327,0.0574486,303.51727,1118.0122,7088.902,spacetrack,2026-09-22 14:44:35.791000+00:00,303.58524,7089.023,0.00037095,24.76655638888889,-0.0658662421365898,-0.11725489625619095,300-350,quiet_control_2,2.7473720357413436
62628,2026-09-24 01:24:58.527000+00:00,0.00040531,14.545862,0.00019754,0.0574458,303.48438,1117.9332,7088.8457,spacetrack,2026-09-23 15:30:35.394000+00:00,303.51727,7088.902,0.00037644,9.906425833333333,-0.07968161406348609,-0.1363963171720386,300-350,secondary_active_sep2,6.532564679609052
62636,2026-09-19 11:42:56.026000+00:00,0.0010619,15.770005,0.00174846,0.0003345,336.69757,341.1913,6717.0815,spacetrack,2026-09-17 18:35:22.931000+00:00,338.65213,6718.751,0.001018,41.12585972222222,-1.1406312309783275,-0.9742775049721012,300-350,quiet_control_2,6.371650278570673
62636,2026-09-20 18:10:10.532000+00:00,0.0010657,15.774261,0.00178892,0.0003498,335.387,340.08542,6715.873,spacetrack,2026-09-19 11:42:56.026000+00:00,336.69757,6717.0815,0.0010619,30.454029444444444,-1.0328249027728427,-0.9523862861210441,300-350,quiet_control_2,6.36242146245453
62636,2026-09-21 18:31:36.145000+00:00,0.0010783,15.777834,0.00183986,0.0003351,334.47232,338.9726,6714.8594,spacetrack,2026-09-20 18:10:10.532000+00:00,335.387,6715.873,0.0010657,24.35711472222222,-0.9012693108503205,-0.9987389835541297,300-350,quiet_control_2,3.1884242629403756
62636,2026-09-22 17:21:22.733000+00:00,0.0010928,15.781347,0.00189522,0.0003735,333.218,338.23325,6713.863,spacetrack,2026-09-21 18:31:36.145000+00:00,334.47232,6714.8594,0.0010783,22.829607777777777,-1.3186244938164438,-1.0474818592055373,300-350,quiet_control_2,3.069213665373236
62636,2026-09-23 19:13:25.629000+00:00,0.0011359,15.785327,0.00200813,0.0004022,331.8973,337.29703,6712.7344,spacetrack,2026-09-22 17:21:22.733000+00:00,333.218,6713.863,0.0010928,25.867471111111108,-1.2253536445001012,-1.0471220740385965,300-350,quiet_control_2,2.90997796073696
62636,2026-09-24 04:21:06.904000+00:00,0.0012317,15.786848,0.00219717,0.0004106,331.41006,336.9222,6712.303,spacetrack,2026-09-23 19:13:25.629000+00:00,331.8973,6712.7344,0.0011359,9.128131944444444,-1.2810682482648272,-1.1342517902921927,300-350,secondary_active_sep2,9.402202501272395
62756,2026-09-18 21:58:22.480000+00:00,0.00083253,15.777258,0.00146026,0.0001512,335.8704,337.90103,6715.023,spacetrack,2026-09-17 21:39:47.618000+00:00,334.31274,6714.585,0.0020872,24.309683888888888,1.5378167881930715,0.43242026708570713,300-350,quiet_control_2,5.547929881898231
62756,2026-09-19 22:16:57.414000+00:00,0.0014254,15.777499,0.00253863,0.000166,335.7027,337.93207,6714.9546,spacetrack,2026-09-18 21:58:22.480000+00:00,335.8704,6715.023,0.00083253,24.309703888888887,-0.16556351399410466,-0.06752858889214904,300-350,quiet_control_2,6.98726007152105
62756,2026-09-20 14:59:44.585000+00:00,0.0014233,15.77755,0.00253544,6.31e-05,336.37918,337.22662,6714.94,spacetrack,2026-09-19 22:16:57.414000+00:00,335.7027,6714.9546,0.0014254,16.713103055555557,0.9714246328783229,-0.02096558603423392,300-350,quiet_control_2,7.436511449075775
62756,2026-09-21 04:40:11.769000+00:00,0.0020702,15.777172,0.00373704,9.04e-05,336.303,337.5171,6715.047,spacetrack,2026-09-20 14:59:44.585000+00:00,336.37918,6714.94,0.0014233,13.674217777777779,-0.13370563711306155,0.18779867643856057,300-350,quiet_control_2,3.561218045704178
62756,2026-09-22 23:12:43.019000+00:00,0.0012078,15.777821,0.00214348,0.0002443,335.0856,338.3665,6714.8633,spacetrack,2026-09-21 04:40:11.769000+00:00,336.303,6715.047,0.0020702,42.54201388888889,-0.6867940026607672,-0.10363402192254091,300-350,quiet_control_2,2.8902276736232975
62756,2026-09-23 14:24:20.435000+00:00,0.0010575,15.777144,0.0018642,0.0001029,336.22702,337.60898,6715.055,spacetrack,2026-09-22 23:12:43.019000+00:00,335.0856,6714.8633,0.0012078,15.193726666666667,1.802986232475744,0.3028091857214385,300-350,quiet_control_2,2.605100175116134
62756,2026-09-24 07:07:06.677000+00:00,0.0015053,15.77767,0.00268801,0.0001665,335.6509,337.887,6714.906,spacetrack,2026-09-23 14:24:20.435000+00:00,336.22702,6715.055,0.0010575,16.712844999999998,-0.8273205429715931,-0.21396716118699166,300-350,secondary_active_sep2,8.111173870556847
62757,2026-09-22 15:37:15.989000+00:00,0.0013066,15.77738,0.00231946,1.5e-05,336.7504,336.95184,6714.9883,spacetrack,2026-09-21 22:54:28.448000+00:00,334.98315,6714.598,0.0020709,16.713205833333333,2.5377537034461675,0.5604669800283535,300-350,quiet_control_2,3.310185586610561
62757,2026-09-23 22:00:29.247000+00:00,0.0017308,15.777699,0.00310732,0.0001379,335.8344,337.68637,6714.8975,spacetrack,2026-09-22 15:37:15.989000+00:00,336.7504,6714.9883,0.0013066,30.387016111111112,-0.7234668886084343,-0.07171484004978827,300-350,quiet_control_2,3.1982548229800414
62757,2026-09-24 07:07:27.266000+00:00,0.00092803,15.777452,0.0016331,0.0001566,335.77914,337.88226,6714.968,spacetrack,2026-09-23 22:00:29.247000+00:00,335.8344,6714.8975,0.0017308,9.116116388888889,-0.14548300432158345,0.18560535296123923,300-350,secondary_active_sep2,11.05897062220605
63212,2026-09-21 17:08:58.260000+00:00,0.0012986,15.718804,0.00171856,0.0008609,347.72778,359.31836,6731.66,spacetrack,2026-09-20 12:06:59.142000+00:00,348.9772,6732.84,0.0013965,29.033088333333335,-1.0328243298034607,-0.9754387709244268,300-350,quiet_control_2,3.231944150160165
63212,2026-09-22 17:35:32.704000+00:00,0.0013475,15.722508,0.00181337,0.0008583,346.68866,358.2424,6730.6025,spacetrack,2026-09-21 17:08:58.260000+00:00,347.72778,6731.66,0.0012986,24.442901111111112,-1.0202913265750877,-1.0383382841761073,300-350,quiet_control_2,2.9652053031893693
63212,2026-09-23 16:30:08.740000+00:00,0.0012615,15.725853,0.00171971,0.0008513,345.78238,357.24026,6729.6484,spacetrack,2026-09-22 17:35:32.704000+00:00,346.68866,6730.6025,0.0013475,22.91001,-0.9493981015285856,-0.999493234616581,300-350,quiet_control_2,2.738105745043324
64093,2026-09-18 22:12:54.721000+00:00,0.0003501,15.629661,0.00034466,0.0057658,340.13382,418.0555,6757.2314,spacetrack,2026-09-17 21:37:47.330000+00:00,340.21042,6757.4194,0.00036955,24.58538638888889,-0.07477612801849165,-0.18352365623350939,300-350,quiet_control_2,5.557076651372539
64093,2026-09-19 21:15:46.909000+00:00,0.00032863,15.630286,0.00032405,0.0057505,340.058,417.77087,6757.0513,spacetrack,2026-09-18 22:12:54.721000+00:00,340.13382,6757.2314,0.0003501,23.047829999999998,-0.07895233520902042,-0.18754043222247002,300-350,quiet_control_2,7.04131278302556
64093,2026-09-20 21:50:46.842000+00:00,0.00029558,15.630932,0.00029185,0.0057346,339.98047,417.4763,6756.865,spacetrack,2026-09-19 21:15:46.909000+00:00,340.058,6757.0513,0.00032863,24.583314722222223,-0.07569036238702224,-0.18187945972824662,300-350,quiet_control_2,5.931144761431627
64093,2026-09-21 20:53:32.129000+00:00,0.00033801,15.631582,0.00033481,0.0057188,339.90073,417.1809,6756.6777,spacetrack,2026-09-20 21:50:46.842000+00:00,339.98047,6756.865,0.00029558,23.045913055555555,-0.08304118805737774,-0.1950541073878892,300-350,quiet_control_2,2.9773010005979974
64093,2026-09-22 19:56:13.896000+00:00,0.0003092,15.63223,0.00030675,0.0057044,339.81244,416.8959,6756.491,spacetrack,2026-09-21 20:53:32.129000+00:00,339.90073,6756.6777,0.00033801,23.04493527777778,-0.09194905407454149,-0.19443751722425767,300-350,quiet_control_2,3.3765154495805274
64093,2026-09-23 22:03:13.228000+00:00,0.00034263,15.632939,0.00034097,0.0056863,339.7315,416.56805,6756.2866,spacetrack,2026-09-22 19:56:13.896000+00:00,339.81244,6756.491,0.0003092,26.11648111111111,-0.07438061780740846,-0.18783541240186047,300-350,quiet_control_2,3.235905568867475
64093,2026-09-24 05:44:05.137000+00:00,0.00038404,15.633189,0.00038285,0.0056819,339.68964,416.4659,6756.215,spacetrack,2026-09-23 22:03:13.228000+00:00,339.7315,6756.2866,0.00034263,7.681085833333333,-0.1307940077482084,-0.2237183696799644,300-350,secondary_active_sep2,10.583242733801852
64230,2026-09-18 20:55:19.555000+00:00,0.00096957,15.870164,0.00261414,0.0002234,309.15878,312.14734,6688.79,spacetrack,2026-09-17 22:14:24.209000+00:00,310.65097,6690.1255,0.0010913,22.682040555555556,-1.5788949813524698,-1.4131003743467323,300-350,quiet_control_2,5.449499705751047
64230,2026-09-19 22:37:11.673000+00:00,0.0010749,15.876029,0.00299682,0.0002694,307.20398,310.807,6687.1426,spacetrack,2026-09-18 20:55:19.555000+00:00,309.15878,6688.79,0.00096957,25.697810555555556,-1.8256496948864371,-1.538559089091287,300-350,quiet_control_2,6.924837381844398
64230,2026-09-20 21:17:10.988000+00:00,0.00097517,15.881344,0.00278389,0.0003017,305.49664,309.5308,6685.651,spacetrack,2026-09-19 22:37:11.673000+00:00,307.20398,6687.1426,0.0010749,22.66647638888889,-1.807786940368298,-1.5793544345320183,300-350,quiet_control_2,5.97473047414675
64230,2026-09-21 21:27:18.979000+00:00,0.0010064,15.887333,0.00296666,0.0003789,303.3006,308.36572,6683.97,spacetrack,2026-09-20 21:17:10.988000+00:00,305.49664,6685.651,0.00097517,24.168886388888886,-2.180694598499618,-1.6692535746511399,300-350,quiet_control_2,3.025824869350219
64230,2026-09-22 21:36:53.117000+00:00,0.0010759,15.893788,0.00328867,0.0004372,301.10184,306.9447,6682.16,spacetrack,2026-09-21 21:27:18.979000+00:00,303.3006,6683.97,0.0010064,24.15948277777778,-2.184245436269795,-1.7980517380929324,300-350,quiet_control_2,3.3348356496502443
64230,2026-09-23 21:45:51.310000+00:00,0.0011097,15.900527,0.00336029,0.0005452,298.49326,305.77744,6680.2725,spacetrack,2026-09-22 21:36:53.117000+00:00,301.10184,6682.16,0.0010759,24.149498055555554,-2.5924315220123866,-1.8758153853046415,300-350,quiet_control_2,3.2191663910014787
64230,2026-09-24 00:46:55.996000+00:00,0.0010944,15.901339,0.00332745,0.0005549,298.20105,305.61456,6680.045,spacetrack,2026-09-23 21:45:51.310000+00:00,298.49326,6680.2725,0.0011097,3.017968333333333,-2.3237619568573806,-1.8091641120596451,250-300,secondary_active_sep2,8.332691805359124
64243,2026-09-18 22:00:03+00:00,0.00071039,16.037127,0.00478318,0.0017563,252.48146,275.81314,6642.284,spacetrack,2026-09-17 22:00:02+00:00,255.2741,6644.811,0.0007406,24.00027777777778,-2.792607678151879,-2.5269707526533693,250-300,quiet_control_2,5.4999363433293595
64243,2026-09-19 22:00:02+00:00,0.00075687,16.04697,0.00541757,0.0017824,249.59648,273.26523,6639.568,spacetrack,2026-09-18 22:00:03+00:00,252.48146,6642.284,0.00071039,23.99972222222222,-2.885013391358681,-2.7160314355484623,250-300,quiet_control_2,7.0000115742080355
64243,2026-09-20 22:00:03+00:00,0.0007842,16.057863,0.00601008,0.0018056,246.44469,270.41064,6636.5645,spacetrack,2026-09-19 22:00:02+00:00,249.59648,6639.568,0.00075687,24.00027777777778,-3.1517535213712855,-3.003465237670664,200-250,quiet_control_2,5.916598187520978
64243,2026-09-21 23:06:55.292000+00:00,0.00069791,16.070261,0.00578693,0.0018125,242.99144,267.03662,6633.151,spacetrack,2026-09-20 22:00:03+00:00,246.44469,6636.5645,0.0007842,25.114525555555556,-3.3000026146887165,-3.262016629332315,200-250,quiet_control_2,3.128606229781234
64243,2026-09-22 18:29:57.794000+00:00,0.00069797,16.080673,0.0061877,0.0018105,240.1461,264.15436,6630.287,spacetrack,2026-09-21 23:06:55.292000+00:00,242.99144,6633.151,0.00069791,19.384028333333333,-3.5229085939051292,-3.5460121507245974,200-250,quiet_control_2,3.2460418515805007
64243,2026-09-23 15:21:35.038000+00:00,0.00073924,16.093033,0.00710564,0.0018317,236.617,260.89398,6626.8926,spacetrack,2026-09-22 18:29:57.794000+00:00,240.1461,6630.287,0.00069797,20.860345555555558,-4.060258722676959,-3.9052852592035388,200-250,quiet_control_2,2.7123729334195006
64243,2026-09-24 03:16:20.698000+00:00,0.00093826,16.101532,0.0095146,0.0018451,234.19986,258.6458,6624.56,spacetrack,2026-09-23 15:21:35.038000+00:00,236.617,6626.8926,0.00073924,11.912683333333334,-4.869713932349393,-4.699394622817431,200-250,secondary_active_sep2,7.67019017545725
65015,2026-09-18 21:22:19.989000+00:00,0.00086797,15.752657,0.00134705,8.32e-05,343.31595,344.43448,6722.012,spacetrack,2026-09-17 22:31:53.874000+00:00,343.23355,6721.993,0.00076579,22.8405875,0.08658271158743905,0.019964460195420107,300-350,quiet_control_2,5.4047922366270145
65015,2026-09-19 23:15:29.211000+00:00,0.00089119,15.753047,0.00138627,8.59e-05,343.18677,344.34158,6721.9014,spacetrack,2026-09-18 21:22:19.989000+00:00,343.31595,6722.012,0.00086797,25.885894999999998,-0.11976870029021988,-0.10254233048536437,300-350,quiet_control_2,6.927145845256655
65015,2026-09-20 22:05:55.414000+00:00,0.00086143,15.752708,0.001337,7.6e-05,343.3496,344.37137,6721.9976,spacetrack,2026-09-19 23:15:29.211000+00:00,343.18677,6721.9014,0.00089119,22.840611944444444,0.171095240771348,0.10108310607503032,300-350,quiet_control_2,5.903791884929917
65015,2026-09-21 22:27:43.027000+00:00,0.00066344,15.752761,0.00102463,8.83e-05,343.25217,344.43927,6721.983,spacetrack,2026-09-20 22:05:55.414000+00:00,343.3496,6721.9976,0.00086143,24.36322583333333,-0.09597743812732308,-0.014382331895845622,300-350,quiet_control_2,3.0749152755987104
65015,2026-09-22 21:18:09.111000+00:00,0.001322,15.753203,0.00207807,8.88e-05,343.12292,344.3167,6721.857,spacetrack,2026-09-21 22:27:43.027000+00:00,343.25217,6721.983,0.00066344,22.84057888888889,-0.1358109185887562,-0.13239594384693792,300-350,quiet_control_2,3.266021983972872
65015,2026-09-23 21:39:56.722000+00:00,0.0010763,15.753231,0.00168289,9.11e-05,343.09952,344.32425,6721.849,spacetrack,2026-09-22 21:18:09.111000+00:00,343.12292,6721.857,0.001322,24.36322527777778,-0.023051135208816357,-0.007880729985721025,300-350,quiet_control_2,3.205115220844403
65015,2026-09-24 02:14:02.148000+00:00,0.0010979,15.752864,0.00171468,0.0001039,343.11804,344.51486,6721.9536,spacetrack,2026-09-23 21:39:56.722000+00:00,343.09952,6721.849,0.0010763,4.5681738888888885,0.09729927336646929,0.5495412523805073,300-350,secondary_active_sep2,10.401183161810463
65267,2026-09-18 06:10:50.015000+00:00,0.00015934,15.964569,0.00065973,0.000758,279.20773,289.30792,6662.395,spacetrack,2026-09-17 22:39:30.888000+00:00,279.31302,6662.498,0.00017176,7.521979722222222,-0.33594347410081743,-0.328636886998871,250-300,quiet_control_2,6.957835568332761
65267,2026-09-19 01:44:18.936000+00:00,0.00016319,15.964213,0.00067464,0.0007801,279.1594,289.5542,6662.4937,spacetrack,2026-09-18 06:10:50.015000+00:00,279.20773,6662.395,0.00015934,19.55803361111111,-0.059306575653983395,0.12111647045352963,250-300,quiet_control_2,5.183722656394636
65267,2026-09-20 21:22:03.441000+00:00,0.00014989,15.963845,0.00061805,0.0008067,279.08463,289.83408,6662.596,spacetrack,2026-09-19 01:44:18.936000+00:00,279.1594,6662.4937,0.00016319,43.62902916666667,-0.041130413265556574,0.05627445870065871,250-300,quiet_control_2,6.413691877741568
65267,2026-09-21 12:24:42.037000+00:00,0.00015023,15.964643,0.00062221,0.0008097,278.8429,289.63193,6662.3745,spacetrack,2026-09-20 21:22:03.441000+00:00,279.08463,6662.596,0.00014989,15.044054444444443,-0.38563540310390576,-0.35336218833977573,250-300,quiet_control_2,3.7732209121521536
65267,2026-09-22 21:30:35.032000+00:00,0.00015701,15.963072,0.00064459,0.000737,279.76398,289.58496,6662.8115,spacetrack,2026-09-21 12:24:42.037000+00:00,278.8429,6662.3745,0.00015023,33.098054166666664,0.6678918310026662,0.3168766341122286,250-300,quiet_control_2,2.9093602305170756
65267,2026-09-23 21:34:51.528000+00:00,0.00016406,15.964372,0.00067928,0.0008548,278.61792,290.00806,6662.45,spacetrack,2026-09-22 21:30:35.032000+00:00,279.76398,6662.8115,0.00015701,24.07124888888889,-1.1426677579947153,-0.36042999015328425,250-300,quiet_control_2,3.197037553884016
65268,2026-09-18 14:04:42.746000+00:00,0.00018597,15.964384,0.00077015,0.000751,279.30594,289.31293,6662.4463,spacetrack,2026-09-17 21:31:47.733000+00:00,279.60526,6662.5117,0.00017521,16.548614722222222,-0.43409554942098066,-0.09484781816221055,250-300,quiet_control_2,6.433546913367858
65268,2026-09-19 21:40:20.162000+00:00,0.000169,15.964046,0.00069814,0.0007673,279.2915,289.51584,6662.5405,spacetrack,2026-09-18 14:04:42.746000+00:00,279.30594,6662.4463,0.00018597,31.593726666666665,-0.010969266261536211,0.0715585098226546,250-300,quiet_control_2,6.197368981901259
65268,2026-09-20 05:11:39.597000+00:00,0.00013519,15.9643345,0.0005582,0.0007644,279.2304,289.41595,6662.46,spacetrack,2026-09-19 21:40:20.162000+00:00,279.2915,6662.5405,0.000169,7.522065277777778,-0.1949464602936101,-0.25684435439670417,250-300,quiet_control_2,9.821954667813417
65268,2026-09-21 23:19:07.319000+00:00,0.00014339,15.964186,0.00059134,0.0006389,280.10803,288.62137,6662.5015,spacetrack,2026-09-20 05:11:39.597000+00:00,279.2304,6662.46,0.00013519,42.124367222222226,0.5000222291502731,0.023644272084899894,250-300,quiet_control_2,3.5532524517578974
65268,2026-09-22 21:53:08.023000+00:00,0.00016818,15.964032,0.00069431,0.000703,279.72357,289.0911,6662.5444,spacetrack,2026-09-21 23:19:07.319000+00:00,280.10803,6662.5015,0.00014339,22.566862222222223,-0.4088756296351043,0.0456244199946077,250-300,quiet_control_2,3.1933188811362343
65269,2026-09-18 12:56:03.939000+00:00,0.00016985,15.961249,0.00069049,0.0006594,280.78793,289.5755,6663.319,spacetrack,2026-09-17 17:22:22.262000+00:00,280.5327,6663.276,0.00017857,19.561576944444443,0.31314039851682973,0.052756482922860004,250-300,quiet_control_2,6.655564067297061
65269,2026-09-19 17:31:27.471000+00:00,0.00014459,15.961391,0.00058737,0.0006594,280.7485,289.53604,6663.2793,spacetrack,2026-09-18 12:56:03.939000+00:00,280.78793,6663.319,0.00016985,28.58987,-0.03309983571107262,-0.033326489417629085,250-300,quiet_control_2,6.09805160009472
65269,2026-09-20 17:36:00.022000+00:00,0.00017613,15.961484,0.00071713,0.0006568,280.74002,289.49286,6663.2534,spacetrack,2026-09-19 17:31:27.471000+00:00,280.7485,6663.2793,0.00014459,24.075708611111114,-0.008453333743422633,-0.025818554712290328,250-300,quiet_control_2,6.564883708107311
65269,2026-09-21 22:11:21.492000+00:00,0.0001453,15.961624,0.00059105,0.0006553,280.7111,289.44388,6663.2144,spacetrack,2026-09-20 17:36:00.022000+00:00,280.74002,6663.2534,0.00017613,28.58929722222222,-0.02427761671109442,-0.03273952461016399,250-300,quiet_control_2,2.9642737904928875
65269,2026-09-22 20:45:29.479000+00:00,0.00015249,15.962892,0.00062489,0.0006561,280.3532,289.09622,6662.862,spacetrack,2026-09-21 22:11:21.492000+00:00,280.7111,6663.2144,0.0001453,22.568885277777778,-0.38059478322826157,-0.3747460229381361,250-300,quiet_control_2,3.2933859272107258
65269,2026-09-23 22:20:03.024000+00:00,0.00015026,15.964217,0.00062012,0.0006562,279.984,288.72784,6662.493,spacetrack,2026-09-22 20:45:29.479000+00:00,280.3532,6662.862,0.00015249,25.575984722222223,-0.34645000363571327,-0.3462623275770795,250-300,quiet_control_2,3.273792781629077
65269,2026-09-24 05:51:21.872000+00:00,0.0001788,15.964711,0.000741,0.0006551,279.85382,288.58286,6662.3555,spacetrack,2026-09-23 22:20:03.024000+00:00,279.984,6662.493,0.00015026,7.521902222222223,-0.4153630169200562,-0.43871881108320654,250-300,secondary_active_sep2,10.728621247107704
65270,2026-09-18 22:20:57.546000+00:00,0.00015185,15.966523,0.00063454,0.0006096,279.6534,287.7755,6661.8516,spacetrack,2026-09-17 20:46:37.173000+00:00,280.03558,6662.221,0.00017466,25.572325833333334,-0.3586814926331056,-0.3466872766197058,250-300,quiet_control_2,5.648057041871859
65270,2026-09-19 19:24:26.086000+00:00,0.00015227,15.967683,0.00064036,0.0006141,279.3008,287.4825,6661.529,spacetrack,2026-09-18 22:20:57.546000+00:00,279.6534,6661.8516,0.00015185,21.057927777777778,-0.4018629035726001,-0.3676715050831708,250-300,quiet_control_2,7.139713282962579
65270,2026-09-20 14:57:57.920000+00:00,0.00015626,15.960591,0.00063234,0.0006165,281.2567,289.4728,6663.502,spacetrack,2026-09-19 19:24:26.086000+00:00,279.3008,6661.529,0.00015227,19.55884277777778,2.400019292211642,2.421002128704618,250-300,quiet_control_2,7.23053406051034
65270,2026-09-21 12:01:54.700000+00:00,0.00014884,15.961694,0.0006058,0.0006559,280.68765,289.42844,6663.195,spacetrack,2026-09-20 14:57:57.920000+00:00,281.2567,6663.502,0.00015626,21.065772222222222,-0.6483123360459182,-0.3497616855575929,250-300,quiet_control_2,3.2864319924975716
65270,2026-09-22 21:08:05.984000+00:00,0.00014606,15.962051,0.00059564,0.0006738,280.46902,289.4482,6663.0957,spacetrack,2026-09-21 12:01:54.700000+00:00,280.68765,6663.195,0.00014884,33.10313444444444,-0.15850825270961771,-0.07199318251859801,250-300,quiet_control_2,2.909374140837486
65270,2026-09-23 19:42:11.887000+00:00,0.00016846,15.963324,0.00069272,0.000688,280.02042,289.18835,6662.741,spacetrack,2026-09-22 21:08:05.984000+00:00,280.46902,6663.0957,0.00014606,22.56830638888889,-0.4770583939475682,-0.3772015433195251,250-300,quiet_control_2,2.9605599927912674
65270,2026-09-24 06:14:04.536000+00:00,0.00017737,15.963894,0.00073199,0.0006937,279.82394,289.06763,6662.583,spacetrack,2026-09-23 19:42:11.887000+00:00,280.02042,6662.741,0.00016846,10.531291388888889,-0.4477627506324,-0.3600698015069009,250-300,secondary_active_sep2,9.61886672703878
66052,2026-09-19 01:54:35.575000+00:00,0.00055611,15.964836,0.00237527,0.0004853,280.9504,287.41687,6662.321,spacetrack,2026-09-17 10:50:29.102000+00:00,283.07986,6664.4946,0.00061647,39.068464722222224,-1.3081404750192316,-1.3352559505705257,250-300,quiet_control_2,6.684174462021525
66052,2026-09-20 22:57:54.147000+00:00,0.00051865,15.97403,0.00233005,0.0004979,278.31134,284.9431,6659.764,spacetrack,2026-09-19 01:54:35.575000+00:00,280.9504,6662.321,0.00055611,45.05515888888888,-1.405775532968333,-1.3620637794516575,250-300,quiet_control_2,6.318282586359638
66052,2026-09-21 21:28:56.865000+00:00,0.00056259,15.979039,0.00260296,0.0005073,276.85745,283.61304,6658.372,spacetrack,2026-09-20 22:57:54.147000+00:00,278.31134,6659.764,0.00051865,22.517421666666664,-1.5496161379636952,-1.48365121435954,250-300,quiet_control_2,2.9555847979338665
66052,2026-09-23 21:29:45.077000+00:00,0.00058064,15.990054,0.00286195,0.0005402,273.5818,280.7722,6655.314,spacetrack,2026-09-21 21:28:56.865000+00:00,276.85745,6658.372,0.00056259,48.01339222222222,-1.6373681667010747,-1.5285735209109328,250-300,quiet_control_2,3.2608155472270663
66052,2026-09-24 00:29:44.025000+00:00,0.00060403,15.9908495,0.00299227,0.0005471,273.31528,280.5973,6655.0933,spacetrack,2026-09-23 21:29:45.077000+00:00,273.5818,6655.314,0.00058064,2.999707777777778,-2.1323677084102277,-1.765771999271334,250-300,secondary_active_sep2,7.486832328482366
66515,2026-09-19 18:57:53.447000+00:00,0.00026788,15.859049,0.00068397,0.001148,306.09573,321.4604,6691.915,spacetrack,2026-09-18 21:48:20.248000+00:00,306.35925,6692.234,0.00026194,21.159221944444443,-0.2988994593754363,-0.3618280492596331,300-350,quiet_control_2,7.134257207708973
66515,2026-09-21 17:48:43.500000+00:00,0.0002572,15.861542,0.00066429,0.0011231,305.56192,320.5917,6691.214,spacetrack,2026-09-19 18:57:53.447000+00:00,306.09573,6691.915,0.00026788,46.84723694444445,-0.2734726920008821,-0.3591247018463841,300-350,quiet_control_2,4.86336234949182
66515,2026-09-22 16:28:38.479000+00:00,0.00025224,15.862803,0.00065525,0.001103,305.342,320.10205,6690.859,spacetrack,2026-09-21 17:48:43.500000+00:00,305.56192,6691.214,0.0002572,22.665271944444445,-0.23287079956231327,-0.3759054831053058,300-350,quiet_control_2,2.9917090486658493
66515,2026-09-23 16:39:06.232000+00:00,0.00026066,15.864145,0.00068185,0.0010772,305.13766,319.55164,6690.4814,spacetrack,2026-09-22 16:28:38.479000+00:00,305.342,6690.859,0.00025224,24.174375833333333,-0.20286604435254313,-0.37487627653745675,300-350,quiet_control_2,2.7518033126742916
67481,2026-09-18 22:46:21.459000+00:00,0.00018447,15.73837,0.00026786,0.0015057,337.81516,358.07007,6726.0796,spacetrack,2026-09-17 22:24:19.161000+00:00,337.86218,6726.2236,0.00021327,24.367304999999998,-0.046311235485449194,-0.14182938983221938,300-350,quiet_control_2,5.457635241156131
67481,2026-09-19 21:36:58.457000+00:00,0.00018492,15.73887,0.00026907,0.0014912,337.77048,357.82993,6725.937,spacetrack,2026-09-18 22:46:21.459000+00:00,337.81516,6726.0796,0.00018447,22.843610555555557,-0.04694179133335473,-0.1498186983918259,300-350,quiet_control_2,7.050622008356871
67481,2026-09-20 21:58:55.001000+00:00,0.00017524,15.739408,0.00025529,0.0014741,337.7325,357.56146,6725.784,spacetrack,2026-09-19 21:36:58.457000+00:00,337.77048,6725.937,0.00018492,24.365706666666664,-0.03740995541274853,-0.15070361185253006,300-350,quiet_control_2,5.91939944647158
67481,2026-09-21 19:18:04.452000+00:00,0.00018018,15.739897,0.00026315,0.0014574,337.70575,357.30966,6725.6445,spacetrack,2026-09-20 21:58:55.001000+00:00,337.7325,6725.784,0.00017524,21.319291944444444,-0.03011357045406581,-0.1570408627410365,300-350,quiet_control_2,3.1929869570011644
67481,2026-09-22 18:08:33.398000+00:00,0.00018563,15.740419,0.00027185,0.0014436,337.6499,357.06775,6725.4956,spacetrack,2026-09-21 19:18:04.452000+00:00,337.70575,6725.6445,0.00018018,22.84137388888889,-0.05868298494306129,-0.15645293568534943,300-350,quiet_control_2,3.1709052187048585
67481,2026-09-23 18:30:21.212000+00:00,0.00020803,15.74101,0.00030602,0.0014231,337.62,356.7616,6725.3276,spacetrack,2026-09-22 18:08:33.398000+00:00,337.6499,6725.4956,0.00018563,24.363281666666666,-0.02945416015042641,-0.16549494666518155,300-350,quiet_control_2,2.816021363843363
67559,2026-09-19 22:45:15.726000+00:00,0.00072299,14.976733,0.00057393,0.0415174,285.4491,862.72565,6952.224,spacetrack,2026-09-17 11:24:46.909000+00:00,285.89005,6953.0527,0.00071742,59.34133805555556,-0.17833773802154623,-0.33515927769240167,250-300,quiet_control_2,6.758324659917019
67559,2026-09-20 22:48:30.985000+00:00,0.00066734,14.977875,0.00053158,0.0414908,285.29538,862.1728,6951.871,spacetrack,2026-09-19 22:45:15.726000+00:00,285.4491,6952.224,0.00072299,24.054238611111113,-0.15337338502558112,-0.35220403925353067,250-300,quiet_control_2,5.849622598853824
67559,2026-09-21 22:51:39.490000+00:00,0.00071055,14.979049,0.0005674,0.0414599,285.162,861.5796,6951.508,spacetrack,2026-09-20 22:48:30.985000+00:00,285.29538,6951.871,0.00066734,24.0523625,-0.13308962892942774,-0.36220974135105477,250-300,quiet_control_2,3.079548607520132
67559,2026-09-22 11:41:17.242000+00:00,0.00072056,14.9797,0.0005763,0.0414434,285.08365,861.2552,6951.3066,spacetrack,2026-09-21 22:51:39.490000+00:00,285.162,6951.508,0.00071055,12.827153333333333,-0.1465952695142031,-0.3768256194020274,250-300,quiet_control_2,3.6696683285925222
67559,2026-09-23 21:21:24.406000+00:00,0.0008414,14.981406,0.00067467,0.0413908,284.9432,860.3398,6950.7783,spacetrack,2026-09-22 11:41:17.242000+00:00,285.08365,6951.3066,0.00072056,33.66865666666667,-0.10011685447898841,-0.376587641304727,250-300,quiet_control_2,3.022527216295565
67559,2026-09-24 05:22:21.183000+00:00,0.00088361,14.98183,0.00070902,0.0413788,284.9011,860.12,6950.6475,spacetrack,2026-09-23 21:21:24.406000+00:00,284.9432,6950.7783,0.0008414,8.015771388888888,-0.12605149909847607,-0.3916279354410258,250-300,secondary_active_sep2,10.25631556150571
67674,2026-09-18 22:02:03.230000+00:00,0.00019839,15.828543,0.0004184,0.000487,319.11035,325.63666,6700.5103,spacetrack,2026-09-17 23:16:27.482000+00:00,318.96225,6700.519,0.00021875,22.75993,0.1561691973569333,-0.009174017670863378,300-350,quiet_control_2,5.304791285972027
67674,2026-09-20 22:35:17.409000+00:00,0.00019446,15.828769,0.00041052,0.0005039,318.9333,325.686,6700.447,spacetrack,2026-09-18 22:02:03.230000+00:00,319.11035,6700.5103,0.00019839,48.553938611111114,-0.08751504247747702,-0.031288913802917026,300-350,quiet_control_2,6.428876879246649
67674,2026-09-22 17:04:24.567000+00:00,0.0001836,15.828292,0.00038653,0.0004934,319.13806,325.75018,6700.581,spacetrack,2026-09-20 22:35:17.409000+00:00,318.9333,6700.447,0.00019446,42.485321666666664,0.1156691254112866,0.0756967318085195,300-350,quiet_control_2,3.1744562720152016
67685,2026-09-19 11:31:25.618000+00:00,0.00059955,15.735048,0.00085832,0.0008977,342.85028,354.92798,6727.0264,spacetrack,2026-09-17 04:38:42.450000+00:00,343.9845,6728.1143,0.00062481,54.87865777777778,-0.49602670878411087,-0.4757696535825871,300-350,quiet_control_2,6.828668540079293
67685,2026-09-21 21:26:13.182000+00:00,0.00056212,15.739082,0.00081822,0.0009195,341.5552,353.9241,6725.8765,spacetrack,2026-09-19 11:31:25.618000+00:00,342.85028,6727.0264,0.00059955,57.91321222222223,-0.5366982560168367,-0.47653374663608755,300-350,quiet_control_2,4.740991745675537
67685,2026-09-23 20:40:15.773000+00:00,0.00060397,15.742352,0.00089301,0.0009259,340.58194,353.03522,6724.946,spacetrack,2026-09-21 21:26:13.182000+00:00,341.5552,6725.8765,0.00056212,47.23405305555555,-0.4945211873418429,-0.47279448947019376,300-350,quiet_control_2,3.214657720664819
67685,2026-09-24 04:17:18.697000+00:00,0.00064755,15.742904,0.000961,0.000929,340.40387,352.89853,6724.788,spacetrack,2026-09-23 20:40:15.773000+00:00,340.58194,6724.946,0.00060397,7.617478888888889,-0.5610360149778058,-0.49780249546076133,300-350,secondary_active_sep2,10.05194176230077
67686,2026-09-18 03:58:08.213000+00:00,0.00085816,15.853373,0.00214356,0.0008132,309.93207,320.81842,6693.512,spacetrack,2026-09-17 03:45:37.123000+00:00,311.2081,6694.708,0.00085661,24.20863611111111,-1.26503285271589,-1.185692571372228,300-350,quiet_control_2,7.651020233940849
67686,2026-09-19 01:08:46.929000+00:00,0.0008018,15.856863,0.00203393,0.0008125,308.9552,319.83057,6692.53,spacetrack,2026-09-18 03:58:08.213000+00:00,309.93207,6693.512,0.00085816,21.177421111111112,-1.107069641624102,-1.1128833806697043,300-350,quiet_control_2,5.266679333896442
67686,2026-09-21 03:02:44.175000+00:00,0.00074532,15.865397,0.0019691,0.0008135,306.55026,317.4351,6690.13,spacetrack,2026-09-19 01:08:46.929000+00:00,308.9552,6692.53,0.0008018,49.899235000000004,-1.1567023021495269,-1.1543263138200668,300-350,quiet_control_2,6.289978076150199
67686,2026-09-24 00:33:20.189000+00:00,0.00082595,15.878115,0.00233438,0.0008522,302.7218,314.11838,6686.557,spacetrack,2026-09-23 23:02:42.396000+00:00,302.84372,6686.6216,0.00082789,1.5104980555555554,-1.9371623745155317,-1.0264164156400732,300-350,secondary_active_sep2,9.310479269806704
67687,2026-09-18 12:08:36.442000+00:00,0.0010051,15.751209,0.00156047,0.0008527,338.55496,350.01938,6722.4243,spacetrack,2026-09-17 04:09:48.818000+00:00,339.72583,6723.557,0.0010482,31.979895555555554,-0.8787045583429935,-0.8500590614117931,300-350,quiet_control_2,7.393676586255268
67687,2026-09-19 03:22:09.134000+00:00,0.00095417,15.753025,0.00149197,0.0008795,337.85867,349.68253,6721.9077,spacetrack,2026-09-18 12:08:36.442000+00:00,338.55496,6722.4243,0.0010051,15.225747777777778,-1.0975460938863932,-0.8143048329024523,300-350,quiet_control_2,5.188584461423642
67687,2026-09-20 00:40:55.940000+00:00,0.00098877,15.755676,0.00156559,0.0008612,337.22818,348.8047,6721.1533,spacetrack,2026-09-19 03:22:09.134000+00:00,337.85867,6721.9077,0.00095417,21.313001666666665,-0.7099778922115013,-0.8495096224907781,300-350,quiet_control_2,6.6958847733085625
67687,2026-09-21 07:07:22.822000+00:00,0.0009219,15.759547,0.00148296,0.0008687,336.07794,347.75336,6720.0527,spacetrack,2026-09-20 00:40:55.940000+00:00,337.22818,6721.1533,0.00098877,30.440800555555555,-0.9068670828685472,-0.8677301358020126,300-350,quiet_control_2,5.390993641008967
67687,2026-09-22 05:56:55.704000+00:00,0.00093992,15.762396,0.00153231,0.0008963,335.08356,347.12845,6719.243,spacetrack,2026-09-21 07:07:22.822000+00:00,336.07794,6720.0527,0.0009219,22.825800555555556,-1.045532661249523,-0.8513523962805898,300-350,quiet_control_2,3.1806292007623638
67687,2026-09-23 01:43:39.269000+00:00,0.00097563,15.765081,0.00161128,0.0008953,334.32788,346.358,6718.48,spacetrack,2026-09-22 05:56:55.704000+00:00,335.08356,6719.243,0.00093992,19.778768055555556,-0.916959031475441,-0.9258412833693321,300-350,quiet_control_2,2.457621693520542
67687,2026-09-24 02:03:57.885000+00:00,0.0011283,15.768482,0.0018991,0.000898,333.34473,345.4094,6717.514,spacetrack,2026-09-23 01:43:39.269000+00:00,334.32788,6718.48,0.00097563,24.338504444444442,-0.9694761670282159,-0.9525646924159542,300-350,secondary_active_sep2,4.582698920969032
67688,2026-09-19 11:34:15.247000+00:00,0.0007326,15.791946,0.00135849,0.0007936,327.39566,338.04712,6710.8584,spacetrack,2026-09-17 01:50:52.918000+00:00,329.46426,6712.611,0.00077089,57.72286916666667,-0.86008198685781,-0.7286955864675746,300-350,quiet_control_2,6.966632529898161
67688,2026-09-21 21:16:17.169000+00:00,0.00067899,15.798151,0.00129394,0.0008167,325.48477,336.44342,6709.101,spacetrack,2026-09-19 11:34:15.247000+00:00,327.39566,6710.8584,0.0007326,57.700533888888884,-0.7948169091175634,-0.7309741722880648,300-350,quiet_control_2,4.740037067440576
67688,2026-09-23 09:42:07.223000+00:00,0.00064362,15.80208,0.00124794,0.0008353,324.24875,335.45514,6707.989,spacetrack,2026-09-21 21:16:17.169000+00:00,325.48477,6709.101,0.00067899,36.430570555555555,-0.8142743730780667,-0.7325715626469121,300-350,quiet_control_2,3.0043681644233255
67688,2026-09-24 00:52:43.534000+00:00,0.00078401,15.803846,0.00153919,0.0008292,323.7902,334.9139,6707.4893,spacetrack,2026-09-23 09:42:07.223000+00:00,324.24875,6707.989,0.00064362,15.176753055555556,-0.7251353408540943,-0.790208548303116,300-350,secondary_active_sep2,5.032259919598159
67690,2026-09-18 21:53:26.496000+00:00,0.00025188,15.411735,0.00015881,0.015388,337.6867,547.6031,6820.7817,spacetrack,2026-09-17 22:32:55.529000+00:00,337.6669,6820.869,0.00028925,23.34193527777778,0.020358209134947295,-0.08976119482252531,300-350,quiet_control_2,5.415375203286664
67690,2026-09-19 22:47:17.687000+00:00,0.00025704,15.412065,0.00016223,0.01537,337.71356,547.3814,6820.6846,spacetrack,2026-09-18 21:53:26.496000+00:00,337.6867,6820.7817,0.00025188,24.89755305555556,0.02589170102626364,-0.09359955955506719,300-350,quiet_control_2,6.963950149898153
67690,2026-09-20 20:34:23.310000+00:00,0.00025501,15.412365,0.00016096,0.015356,337.72174,547.19586,6820.5957,spacetrack,2026-09-19 22:47:17.687000+00:00,337.71356,6820.6846,0.00025704,21.78489527777778,0.0090117486220457,-0.09793941962026231,300-350,quiet_control_2,6.078376935558421
67690,2026-09-21 19:54:49.033000+00:00,0.00025264,15.412689,0.0001595,0.0153432,337.71506,547.01166,6820.5005,spacetrack,2026-09-20 20:34:23.310000+00:00,337.72174,6820.5957,0.00025501,23.34047861111111,-0.0068687537505803895,-0.09789002351075723,300-350,quiet_control_2,3.1213463048690464
67690,2026-09-22 22:21:55.906000+00:00,0.00025224,15.413071,0.00015937,0.0153317,337.68246,546.8187,6820.3877,spacetrack,2026-09-21 19:54:49.033000+00:00,337.71506,6820.5005,0.00025264,26.451909166666667,-0.029578205303456603,-0.10234421957748802,300-350,quiet_control_2,3.2170301129178105
67690,2026-09-23 23:15:39.105000+00:00,0.00026829,15.413422,0.00017001,0.0153177,337.6761,546.6182,6820.284,spacetrack,2026-09-22 22:21:55.906000+00:00,337.68246,6820.3877,0.00025224,24.895333055555554,-0.006131269650368253,-0.09997054445746142,300-350,quiet_control_2,3.3929486493781598
68128,2026-09-20 03:38:28.802000+00:00,0.00041318,15.732604,0.00057913,0.0007122,344.79437,354.37735,6727.7227,spacetrack,2026-09-19 04:45:58.373000+00:00,345.18134,6728.0312,0.00040777,22.875119166666668,-0.4059991964340193,-0.3236704449955953,300-350,quiet_control_2,6.838234613204018
68128,2026-09-21 05:33:52.229000+00:00,0.00037925,15.733837,0.00053349,0.0006819,344.64697,353.82178,6727.3716,spacetrack,2026-09-20 03:38:28.802000+00:00,344.79437,6727.7227,0.00041318,25.923174166666666,-0.13646476998750165,-0.32505278658474396,300-350,quiet_control_2,5.000854565702993
68128,2026-09-22 22:43:56.452000+00:00,0.00041967,15.735894,0.00059689,0.0007176,343.82098,353.47525,6726.785,spacetrack,2026-09-21 05:33:52.229000+00:00,344.64697,6727.3716,0.00037925,41.16783972222222,-0.48153510443490644,-0.34197568040991,300-350,quiet_control_2,2.8648336154361806
68128,2026-09-23 12:27:14.120000+00:00,0.00037744,15.736362,0.00053707,0.000816,343.02567,354.00354,6726.6514,spacetrack,2026-09-22 22:43:56.452000+00:00,343.82098,6726.785,0.00041967,13.721574444444444,-1.3910531970861966,-0.23367580833997936,300-350,quiet_control_2,2.5627323945737683
68128,2026-09-24 00:39:01.180000+00:00,0.00048148,15.737081,0.00069041,0.00082,342.79425,353.82562,6726.447,spacetrack,2026-09-23 12:27:14.120000+00:00,343.02567,6726.6514,0.00037744,12.196405555555556,-0.4553866280275023,-0.40221686443973786,300-350,secondary_active_sep2,5.115699844170846
68205,2026-09-18 03:03:21.391000+00:00,0.00050027,14.793828,0.0004194,0.0508466,274.8683,987.6776,7009.41,spacetrack,2026-09-17 10:49:19.180000+00:00,274.91812,7009.585,0.00048286,16.2339475,-0.073653065589886,-0.2587171111650056,250-300,quiet_control_2,8.405819160401032
68205,2026-09-19 09:53:55.618000+00:00,0.00041924,14.794738,0.00035131,0.0508176,274.79874,987.1723,7009.1226,spacetrack,2026-09-18 03:03:21.391000+00:00,274.8683,7009.41,0.00050027,30.842840833333334,-0.05412730977086161,-0.22363698717886293,250-300,quiet_control_2,6.260847414194184
68205,2026-09-20 21:36:32.266000+00:00,0.00041051,14.795809,0.0003443,0.0507765,274.76593,986.529,7008.7847,spacetrack,2026-09-19 09:53:55.618000+00:00,274.79874,7009.1226,0.00041924,35.71018,-0.022050854966275884,-0.22709490683017725,250-300,quiet_control_2,5.907053317071553
68205,2026-09-21 17:05:09.915000+00:00,0.00040923,14.796393,0.00034377,0.0507629,274.68582,986.2395,7008.5996,spacetrack,2026-09-20 21:36:32.266000+00:00,274.76593,7008.7847,0.00041051,19.477124722222225,-0.09871272209945453,-0.22808294670649965,250-300,quiet_control_2,3.4777373382841175
68205,2026-09-22 17:25:52.717000+00:00,0.00041078,14.797138,0.00034549,0.0507373,274.64203,985.813,7008.3647,spacetrack,2026-09-21 17:05:09.915000+00:00,274.68582,7008.5996,0.00040923,24.345222777777778,-0.04316904427587921,-0.23156904545286255,250-300,quiet_control_2,2.962460294229297
68205,2026-09-23 16:09:08.425000+00:00,0.00039156,14.79781,0.00032915,0.0507065,274.65662,985.3744,7008.1523,spacetrack,2026-09-22 17:25:52.717000+00:00,274.64203,7008.3647,0.00041078,22.72103,0.015411273168512159,-0.22435602611361555,250-300,quiet_control_2,2.735927464555964
68293,2026-09-18 22:35:54.507000+00:00,0.00086156,15.649668,0.00111217,0.0095796,308.65805,438.01083,6751.4717,spacetrack,2026-09-17 05:13:02.686000+00:00,309.40295,6752.597,0.00097151,41.38106138888889,-0.4320237180963079,-0.6526463820293493,300-350,quiet_control_2,6.507478525082942
68293,2026-09-19 21:35:00.359000+00:00,0.00093809,15.651839,0.00121952,0.0094997,308.57877,436.84082,6750.8467,spacetrack,2026-09-18 22:35:54.507000+00:00,308.65805,6751.4717,0.00086156,22.98495888888889,-0.08278109215672254,-0.6526006886725875,300-350,quiet_control_2,7.044161101876139
68293,2026-09-20 22:05:49.563000+00:00,0.00071896,15.654131,0.00093716,0.0094401,308.32846,435.77338,6750.188,spacetrack,2026-09-19 21:35:00.359000+00:00,308.57877,6750.8467,0.00093809,24.513667777777776,-0.24506491865922253,-0.6448973749383164,300-350,quiet_control_2,5.910490682726159
68293,2026-09-21 19:32:36.176000+00:00,0.0009508,15.656482,0.00125554,0.0093941,307.9696,434.7808,6749.512,spacetrack,2026-09-20 22:05:49.563000+00:00,308.32846,6750.188,0.00071896,21.446281388888888,-0.4015912989214976,-0.7564947836791303,300-350,quiet_control_2,3.1526023295439733
68293,2026-09-22 07:47:49.553000+00:00,0.00083741,15.657556,0.00110719,0.0093675,307.8435,434.28983,6749.2036,spacetrack,2026-09-21 19:32:36.176000+00:00,307.9696,6749.512,0.0009508,12.253715833333333,-0.24697814452066771,-0.6040290227608441,300-350,quiet_control_2,3.965670231957077
68293,2026-09-23 22:05:00.817000+00:00,0.00095833,15.661521,0.0012859,0.009261,307.4337,432.42133,6748.0645,spacetrack,2026-09-22 07:47:49.553000+00:00,307.8435,6749.2036,0.00083741,38.28646222222222,-0.2568845338311748,-0.7140487371569747,300-350,quiet_control_2,2.9751290389385097
68293,2026-09-24 04:12:30.547000+00:00,0.0010038,15.662235,0.00135161,0.0092491,307.31058,432.13382,6747.8594,spacetrack,2026-09-23 22:05:00.817000+00:00,307.4337,6748.0645,0.00095833,6.124925,-0.48243529512595185,-0.8036669836778587,300-350,secondary_active_sep2,11.0001356479195
68373,2026-09-18 23:24:08.516000+00:00,0.00018819,15.715887,0.00024296,0.0011934,346.32135,362.39047,6732.4927,spacetrack,2026-09-17 22:57:06.769000+00:00,346.486,6732.6226,0.00021062,24.45048527777778,-0.16161642417753347,-0.12750667173183866,300-350,quiet_control_2,5.3924193869953525
68373,2026-09-19 17:44:22.976000+00:00,0.00019981,15.716276,0.00025839,0.0011992,346.17145,362.3184,6732.382,spacetrack,2026-09-18 23:24:08.516000+00:00,346.32135,6732.4927,0.00018819,18.33735,-0.19618974388338864,-0.1448846207333282,300-350,quiet_control_2,7.3088041619972355
68373,2026-09-20 13:36:16.813000+00:00,0.00020644,15.7167015,0.00026746,0.0012023,346.02914,362.21753,6732.2603,spacetrack,2026-09-19 17:44:22.976000+00:00,346.17145,6732.382,0.00019981,19.864954722222222,-0.17193293655884778,-0.14703280429454996,300-350,quiet_control_2,7.348639340943207
68373,2026-09-21 14:03:11.365000+00:00,0.00018564,15.717175,0.00024099,0.0012113,345.83374,362.143,6732.1255,spacetrack,2026-09-20 13:36:16.813000+00:00,346.02914,6732.2603,0.00020644,24.448486666666664,-0.19181555340985615,-0.13232720880047094,300-350,quiet_control_2,3.302486195691821
68373,2026-09-22 20:36:45.755000+00:00,0.00018184,15.717762,0.00023667,0.0012256,345.56998,362.07135,6731.9575,spacetrack,2026-09-21 14:03:11.365000+00:00,345.83374,6732.1255,0.00018564,30.55955277777778,-0.20714439265626244,-0.13193910360245675,300-350,quiet_control_2,2.9018310241051193
68373,2026-09-23 21:03:34.347000+00:00,0.00032369,15.718349,0.00042276,0.0012298,345.37402,361.93155,6731.7896,spacetrack,2026-09-22 20:36:45.755000+00:00,345.56998,6731.9575,0.00018184,24.446831111111113,-0.1923783077906891,-0.16483117921068643,300-350,quiet_control_2,3.1300218619563873
68373,2026-09-24 01:38:35.569000+00:00,0.00036072,15.718501,0.00047161,0.0012294,345.33353,361.88556,6731.7466,spacetrack,2026-09-23 21:03:34.347000+00:00,345.37402,6731.7896,0.00032369,4.583672777777778,-0.21200466244245525,-0.22514696184143707,300-350,secondary_active_sep2,9.226435048264909
68826,2026-09-18 22:28:04.359000+00:00,0.00014371,15.866649,0.00036421,0.0010858,304.37732,318.90485,6689.778,spacetrack,2026-09-17 11:39:10.229000+00:00,304.49973,6690.0723,0.00014732,34.81503611111111,-0.0843842295789677,-0.2028778593664992,300-350,quiet_control_2,6.6031876552699575
68826,2026-09-19 12:05:25.900000+00:00,0.00014645,15.867056,0.00037192,0.0010724,304.35263,318.70062,6689.6636,spacetrack,2026-09-18 22:28:04.359000+00:00,304.37732,6689.778,0.00014371,13.622650277777778,-0.04349814374719204,-0.20154668467765813,300-350,quiet_control_2,7.761771719204337
68826,2026-09-20 12:18:27.729000+00:00,0.00013984,15.867778,0.00035618,0.001046,304.32648,318.32083,6689.4604,spacetrack,2026-09-19 12:05:25.900000+00:00,304.35263,6689.6636,0.00014645,24.21717472222222,-0.025915492091794154,-0.2013777435203093,300-350,quiet_control_2,7.2133783291011255
68826,2026-09-21 17:03:51.123000+00:00,0.00012985,15.868592,0.00033179,0.0010207,304.26694,317.92233,6689.2314,spacetrack,2026-09-20 12:18:27.729000+00:00,304.32648,6689.4604,0.00013984,28.756498333333333,-0.04969172475162778,-0.19112201827563013,300-350,quiet_control_2,3.230490395243417
68826,2026-09-22 17:16:44.820000+00:00,0.000133,15.869251,0.00034097,0.0010077,304.16904,317.65015,6689.0464,spacetrack,2026-09-21 17:03:51.123000+00:00,304.26694,6689.2314,0.00012985,24.214915833333333,-0.09703110331546907,-0.18335806040159103,300-350,quiet_control_2,2.961354432404077
68826,2026-09-23 17:29:34.758000+00:00,0.00013566,15.869945,0.00034901,0.0009993,304.03064,317.399,6688.852,spacetrack,2026-09-22 17:16:44.820000+00:00,304.16904,6689.0464,0.000133,24.213871666666666,-0.13717756688090274,-0.19268294076367426,300-350,quiet_control_2,2.7522081523104904
68826,2026-09-24 05:35:57.919000+00:00,0.00017647,15.870474,0.00045608,0.00099,303.94412,317.18774,6688.703,spacetrack,2026-09-23 17:29:34.758000+00:00,304.03064,6688.852,0.00013566,12.106433611111111,-0.1715187202690651,-0.2953801354599077,300-350,secondary_active_sep2,8.748722861106838
68827,2026-09-18 19:03:13.346000+00:00,0.00013584,15.867225,0.00034087,0.0014857,301.54044,321.41794,6689.616,spacetrack,2026-09-17 20:20:57.668000+00:00,301.64468,6689.7915,0.00015074,22.704355,-0.11018855193200175,-0.1855150696862699,300-350,quiet_control_2,5.860770250171535
68827,2026-09-19 11:42:10.663000+00:00,0.00013786,15.867702,0.00034676,0.0014718,301.49957,321.19073,6689.482,spacetrack,2026-09-18 19:03:13.346000+00:00,301.54044,6689.616,0.00013584,16.649254722222224,-0.05891434880207626,-0.19316179935116642,300-350,quiet_control_2,7.108647806173906
68827,2026-09-20 22:30:48.001000+00:00,0.00014303,15.868785,0.00036178,0.0014401,301.4074,320.67358,6689.1777,spacetrack,2026-09-19 11:42:10.663000+00:00,301.49957,6689.482,0.00013786,34.81037166666667,-0.06354657804812985,-0.20979954106574936,300-350,quiet_control_2,5.904519684259491
68827,2026-09-21 16:40:27.473000+00:00,0.00014645,15.869372,0.00037156,0.0014197,301.3792,320.372,6689.0127,spacetrack,2026-09-20 22:30:48.001000+00:00,301.4074,6689.1777,0.00014303,18.160964444444446,-0.0372667432982235,-0.21805009376638673,300-350,quiet_control_2,3.4852368033807304
68827,2026-09-22 16:53:16.510000+00:00,0.00013531,15.870102,0.00034399,0.0013934,301.35043,319.9908,6688.8076,spacetrack,2026-09-21 16:40:27.473000+00:00,301.3792,6689.0127,0.00014645,24.21362138888889,-0.02851618057912863,-0.20329053308241998,300-350,quiet_control_2,2.9452497450442183
68827,2026-09-23 20:07:37.051000+00:00,0.00013716,15.870892,0.00035003,0.001368,301.29868,319.59863,6688.5854,spacetrack,2026-09-22 16:53:16.510000+00:00,301.35043,6688.8076,0.00013531,27.239039166666664,-0.04559632197014208,-0.19577783075879196,300-350,quiet_control_2,3.0139827191041095
68827,2026-09-24 05:12:22.812000+00:00,0.0001473,15.871183,0.00037687,0.0013628,301.25156,319.48172,6688.5034,spacetrack,2026-09-23 20:07:37.051000+00:00,301.29868,6688.5854,0.00013716,9.079378055555555,-0.12455478702180378,-0.21675493497088588,300-350,secondary_active_sep2,9.702787767431818
68828,2026-09-18 23:11:11.081000+00:00,2.8179e-05,15.867545,6.618e-05,0.0014239,301.8639,320.91434,6689.526,spacetrack,2026-09-17 12:22:26.327000+00:00,301.80264,6689.73,3.5901e-05,34.81243166666667,0.04223318882397624,-0.14063941430099364,300-350,quiet_control_2,6.506548426977164
68828,2026-09-19 15:50:06.091000+00:00,2.9722e-05,15.868216,7.037e-05,0.001415,301.73523,320.66608,6689.338,spacetrack,2026-09-18 23:11:11.081000+00:00,301.8639,6689.526,2.8179e-05,16.64861388888889,-0.18548571194031613,-0.27101355284680523,300-350,quiet_control_2,7.441561451312013
68828,2026-09-20 11:30:36.048000+00:00,3.2497e-05,15.869075,7.777e-05,0.0013642,301.8337,320.08426,6689.096,spacetrack,2026-09-19 15:50:06.091000+00:00,301.73523,6689.338,2.9722e-05,19.674988055555556,0.12011595602128844,-0.2951971296554132,300-350,quiet_control_2,7.599490678781577
68828,2026-09-21 17:46:34.353000+00:00,3.9376e-05,15.870469,9.618e-05,0.0014006,301.1991,319.9355,6688.704,spacetrack,2026-09-20 11:30:36.048000+00:00,301.8337,6689.096,3.2497e-05,30.26619583333333,-0.5032148765530354,-0.3108418399128448,300-350,quiet_control_2,3.2056350546202053
68828,2026-09-22 17:59:15.864000+00:00,4.2246e-05,15.87147,0.00010411,0.001369,301.12955,319.44244,6688.423,spacetrack,2026-09-21 17:46:34.353000+00:00,301.1991,6688.704,3.9376e-05,24.211530833333335,-0.06894235690796305,-0.27854496464609935,300-350,quiet_control_2,2.990756849086748
68829,2026-09-18 12:14:29.460000+00:00,0.00014504,15.866852,0.00036334,0.0014119,302.13864,321.02908,6689.7207,spacetrack,2026-09-17 22:37:07.332000+00:00,302.12823,6689.8325,0.00016244,13.622813333333333,0.018339824079474924,-0.19696372066176537,300-350,quiet_control_2,6.691438674928625
68829,2026-09-19 12:27:32.486000+00:00,0.00012813,15.867524,0.00032129,0.0013905,302.0931,320.6967,6689.5317,spacetrack,2026-09-18 12:14:29.460000+00:00,302.13864,6689.7207,0.00014504,24.21750722222222,-0.04513098685059923,-0.1873025145975824,300-350,quiet_control_2,6.029918438481362
68829,2026-09-20 12:40:31.859000+00:00,0.00013473,15.868205,0.0003392,0.0013758,302.00043,320.40683,6689.341,spacetrack,2026-09-19 12:27:32.486000+00:00,302.0931,6689.5317,0.00012813,24.2164925,-0.09184154146187595,-0.18899516517434228,300-350,quiet_control_2,7.183035372369562
68829,2026-09-21 17:25:52.457000+00:00,0.0001376,15.86904,0.00034794,0.0013591,301.8779,320.06024,6689.106,spacetrack,2026-09-20 12:40:31.859000+00:00,302.00043,6689.341,0.00013473,28.755721666666666,-0.10226556071477257,-0.19613487936043694,300-350,quiet_control_2,3.20494166774423
68829,2026-09-22 17:38:43.499000+00:00,0.00014177,15.869752,0.00035985,0.0013412,301.79767,319.74,6688.906,spacetrack,2026-09-21 17:25:52.457000+00:00,301.8779,6689.106,0.0001376,24.214178333333333,-0.0795203526419069,-0.19823096757274378,300-350,quiet_control_2,2.976511201965442
68829,2026-09-23 17:51:30.442000+00:00,0.00014374,15.870503,0.00036619,0.0013188,301.7367,319.37878,6688.695,spacetrack,2026-09-22 17:38:43.499000+00:00,301.79767,6688.906,0.00014177,24.213039722222224,-0.06043355220108827,-0.20914350523937436,300-350,quiet_control_2,2.7521996383422556
68829,2026-09-24 05:57:52.288000+00:00,0.00016244,15.870938,0.00041541,0.0013039,301.71414,319.1566,6688.5723,spacetrack,2026-09-23 17:51:30.442000+00:00,301.7367,6688.695,0.00014374,12.106068333333333,-0.04472467733468374,-0.24324990731211676,300-350,secondary_active_sep2,8.929848129884174
69537,2026-09-18 23:16:30.888000+00:00,0.0003679,15.735954,0.00055508,0.0044688,318.57053,378.69168,6726.768,spacetrack,2026-09-17 09:09:46.856000+00:00,318.9063,6727.248,0.00039735,38.112231111111115,-0.2114407833145694,-0.3022651695830796,300-350,quiet_control_2,6.551004215386323
69537,2026-09-19 14:31:08.301000+00:00,0.00037363,15.736646,0.00056546,0.0044577,318.4489,378.41898,6726.571,spacetrack,2026-09-18 23:16:30.888000+00:00,318.57053,6726.768,0.0003679,15.243725833333334,-0.1914964905507362,-0.31016039331172657,300-350,quiet_control_2,7.574418240160119
69537,2026-09-20 22:31:42.903000+00:00,0.00034047,15.738148,0.00051763,0.004442,318.12833,377.8834,6726.143,spacetrack,2026-09-19 14:31:08.301000+00:00,318.4489,6726.571,0.00037363,32.009611666666665,-0.24035530577870917,-0.3209036119202281,300-350,quiet_control_2,5.9044921767508685
69537,2026-09-21 03:06:04.122000+00:00,0.0003582,15.738361,0.00054549,0.0044331,318.12775,377.7625,6726.082,spacetrack,2026-09-20 22:31:42.903000+00:00,318.12833,6726.143,0.00034047,4.572560833333333,-0.0030442459942469887,-0.32017069938584725,300-350,quiet_control_2,5.312174997489554
69537,2026-09-22 12:37:52.451000+00:00,0.00036744,15.7399845,0.00056364,0.0044156,317.785,377.1803,6725.6196,spacetrack,2026-09-21 03:06:04.122000+00:00,318.12775,6726.082,0.0003582,33.53009138888889,-0.24533186935258733,-0.33097434394961817,300-350,quiet_control_2,2.978157489032923
69537,2026-09-23 05:23:41.906000+00:00,0.00034766,15.740834,0.00053471,0.0044109,317.57574,376.90567,6725.378,spacetrack,2026-09-22 12:37:52.451000+00:00,317.785,6725.6196,0.00036744,16.7637375,-0.2995895157628597,-0.34588945335173316,300-350,quiet_control_2,2.5368731167497702
69537,2026-09-24 04:15:11.430000+00:00,0.00042385,15.742026,0.00065762,0.0044014,317.3016,376.50076,6725.038,spacetrack,2026-09-23 05:23:41.906000+00:00,317.57574,6725.378,0.00034766,22.85820111111111,-0.2878336737006646,-0.35698347216120213,300-350,secondary_active_sep2,5.664865165582924
69684,2026-09-18 13:00:31.709000+00:00,0.0012013,15.752643,0.0018354,0.0001854,342.63315,345.12567,6722.0166,spacetrack,2026-09-17 12:36:51.469000+00:00,343.04492,6722.0435,0.0012948,24.39451111111111,-0.4051108036142823,-0.026464969806348694,300-350,quiet_control_2,7.493979656625853
69684,2026-09-19 08:49:46.473000+00:00,0.0010111,15.752354,0.00153747,0.0002501,342.28036,345.64276,6722.0986,spacetrack,2026-09-18 13:00:31.709000+00:00,342.63315,6722.0166,0.0012013,19.820767777777778,-0.4271761868626228,0.09928979654433329,300-350,quiet_control_2,6.304045949896212
69684,2026-09-20 19:53:47.940000+00:00,0.0011958,15.752424,0.00182517,0.0001712,342.79047,345.0921,6722.078,spacetrack,2026-09-19 08:49:46.473000+00:00,342.28036,6722.0986,0.0010111,35.067074166666664,0.3491206577946745,-0.014098695478446995,300-350,quiet_control_2,6.040305615269823
69684,2026-09-21 14:11:33.432000+00:00,0.00033008,15.751971,0.00049406,0.0001751,342.8932,345.2473,6722.207,spacetrack,2026-09-20 19:53:47.940000+00:00,342.79047,6722.078,0.0011958,18.29597,0.13475754496748915,0.1692175927265802,300-350,quiet_control_2,3.5955765122046
69684,2026-09-22 13:03:45.230000+00:00,0.0010786,15.752544,0.00164333,0.0001378,342.98093,344.83353,6722.0444,spacetrack,2026-09-21 14:11:33.432000+00:00,342.8932,6722.207,0.00033008,22.869943888888887,0.09206493947820607,-0.17063443701361786,300-350,quiet_control_2,2.9535388502022024
69684,2026-09-23 13:27:25.782000+00:00,0.00093224,15.752024,0.00141318,6.11e-05,343.64453,344.46597,6722.1924,spacetrack,2026-09-22 13:03:45.230000+00:00,342.98093,6722.0444,0.0010786,24.394597777777776,0.6528658576411335,0.14560600803342644,300-350,quiet_control_2,2.674623202095109
69726,2026-09-18 23:00:42.091000+00:00,0.00099834,15.752228,0.00151669,0.0001773,342.80557,345.18924,6722.1343,spacetrack,2026-09-17 14:59:37.554000+00:00,343.1702,6722.258,0.00086121,32.01792694444444,-0.2733193818320974,-0.0927230549671019,300-350,quiet_control_2,5.814357593784462
69726,2026-09-19 15:46:58.485000+00:00,0.00058828,15.752089,0.00088601,9.32e-05,343.41034,344.66336,6722.174,spacetrack,2026-09-18 23:00:42.091000+00:00,342.80557,6722.1343,0.00099834,16.771220555555555,0.8654396948582692,0.05681160753030412,300-350,quiet_control_2,7.431022859695795
69726,2026-09-20 20:45:05.392000+00:00,0.00096667,15.752077,0.00146668,0.0001028,343.3492,344.7313,6722.1772,spacetrack,2026-09-19 15:46:58.485000+00:00,343.41034,6722.174,0.00058828,28.96858527777778,-0.050653491909602735,0.0026511477611391634,300-350,quiet_control_2,6.034313339065661
69726,2026-09-21 15:02:51.248000+00:00,0.0013817,15.752809,0.00211992,0.0001186,343.03494,344.6294,6721.969,spacetrack,2026-09-20 20:45:05.392000+00:00,343.3492,6722.1772,0.00096667,18.29607111111111,-0.41223276594172187,-0.2731078147682905,300-350,quiet_control_2,3.6396962942377913
69726,2026-09-22 15:26:31.875000+00:00,0.0011714,15.751952,0.00178334,0.0002301,342.5289,345.62244,6722.213,spacetrack,2026-09-21 15:02:51.248000+00:00,343.03494,6721.969,0.0013817,24.39461861111111,-0.49785406337395727,0.24005294337027416,300-350,quiet_control_2,2.878972032390522
69726,2026-09-23 20:24:38.504000+00:00,0.00092358,15.752144,0.00140057,0.0001201,343.21387,344.82852,6722.158,spacetrack,2026-09-22 15:26:31.875000+00:00,342.5289,6722.213,0.0011714,28.968508055555557,0.567487975855437,-0.045566723610814625,300-350,quiet_control_2,3.042531933791819
69726,2026-09-24 02:30:33.579000+00:00,0.00098217,15.752057,0.00149052,2.9e-05,343.85095,344.24084,6722.183,spacetrack,2026-09-23 20:24:38.504000+00:00,343.21387,6722.158,0.00092358,6.098631944444445,2.5071065345940395,0.09838272016691212,300-350,secondary_active_sep2,9.703116978648444
69727,2026-09-18 16:08:01.317000+00:00,0.0011776,15.751788,0.00179164,0.0001207,343.31107,344.9338,6722.2593,spacetrack,2026-09-17 15:44:20.890000+00:00,343.24637,6722.217,0.001389,24.394563055555555,0.06365352789729077,0.041615830449172254,300-350,quiet_control_2,6.245688579947352
69727,2026-09-19 08:54:17.730000+00:00,0.001781,15.753515,0.00276226,8.07e-05,343.08853,344.17343,6721.768,spacetrack,2026-09-18 16:08:01.317000+00:00,343.31107,6722.2593,0.0011776,16.771225833333332,-0.3184597269797785,-0.7030613097199496,300-350,quiet_control_2,6.850706947429952
69727,2026-09-20 15:23:53.550000+00:00,0.00069522,15.752161,0.00104967,0.0001188,343.21762,344.81482,6722.1533,spacetrack,2026-09-19 08:54:17.730000+00:00,343.08853,6721.768,0.001781,30.493283333333334,0.10160139090741169,0.30325366733760406,300-350,quiet_control_2,6.636440702515363
69727,2026-09-21 02:04:14.849000+00:00,0.00042838,15.752086,0.000643,0.0001227,343.2129,344.86252,6722.175,spacetrack,2026-09-20 15:23:53.550000+00:00,343.21762,6722.1533,0.00069522,10.672583055555556,-0.010614112760782782,0.04879793366748203,300-350,quiet_control_2,3.338304464927123
69727,2026-09-22 16:11:14.764000+00:00,0.0012044,15.752199,0.00183661,0.0001355,343.09454,344.91623,6722.1426,spacetrack,2026-09-21 02:04:14.849000+00:00,343.2129,6722.175,0.00042838,38.116643055555556,-0.07452492591909576,-0.020400537341861247,300-350,quiet_control_2,2.9944283087480414
69727,2026-09-23 15:03:26.711000+00:00,0.0010784,15.752026,0.00163947,0.0002151,342.60898,345.50085,6722.192,spacetrack,2026-09-22 16:11:14.764000+00:00,343.09454,6722.1426,0.0012044,22.86998527777778,-0.5095517053665912,0.051840872899427945,300-350,quiet_control_2,2.737647404354472
69792,2026-09-18 02:21:43.888000+00:00,0.0021995,15.9682255,0.01002297,0.0005169,279.7976,286.68414,6661.378,spacetrack,2026-09-17 23:21:48.733000+00:00,280.40414,6662.0195,0.0022708,2.998654166666667,-4.854497781643673,-5.134303305515733,250-300,quiet_control_2,6.6367487081009955
69792,2026-09-19 23:16:44.127000+00:00,0.0023192,16.01198,0.01342099,0.0002787,269.24686,272.95316,6649.237,spacetrack,2026-09-18 02:21:43.888000+00:00,279.7976,6661.378,0.0021995,44.916733055555554,-5.637492817805895,-6.487203769686248,250-300,quiet_control_2,6.133580507571174
69792,2026-09-21 23:02:17.149000+00:00,0.0022106,16.07141,0.01796538,0.0001713,253.56194,255.83435,6632.835,spacetrack,2026-09-19 23:16:44.127000+00:00,269.24686,6649.237,0.0023192,47.75917277777778,-7.882005866214595,-8.242353816127327,250-300,quiet_control_2,4.449761739196325
69792,2026-09-22 21:21:18.794000+00:00,0.002567,16.112532,0.02515641,0.0003885,240.83519,245.98012,6621.5444,spacetrack,2026-09-21 23:02:17.149000+00:00,253.56194,6632.835,0.0022106,22.31712361111111,-13.686441197463637,-12.141994852109676,250-300,quiet_control_2,3.2206290647895
69792,2026-09-23 21:05:07.852000+00:00,0.0024265,16.173979,0.0312989,0.0004999,223.3248,229.92824,6604.7637,spacetrack,2026-09-22 21:21:18.794000+00:00,240.83519,6621.5444,0.002567,23.73029388888889,-17.709403936070558,-16.971420661105068,200-250,quiet_control_2,3.137231479246793
69793,2026-09-18 23:07:32.381000+00:00,0.0004522,15.723293,0.00064924,0.0017973,340.14505,364.33807,6730.3784,spacetrack,2026-09-17 21:14:24.408000+00:00,340.47375,6730.739,0.00051467,25.885548055555557,-0.30475692394336495,-0.3343332728140571,300-350,quiet_control_2,5.624487765175449
69793,2026-09-19 21:57:50.623000+00:00,0.00045118,15.724467,0.00065101,0.0017909,339.85388,363.95953,6730.044,spacetrack,2026-09-18 23:07:32.381000+00:00,340.14505,6730.3784,0.0004522,22.838400555555555,-0.3059793956674716,-0.3514081461383821,300-350,quiet_control_2,7.0508616810366735
69793,2026-09-20 01:00:32.601000+00:00,0.00046833,15.724607,0.00067592,0.0017861,339.84625,363.88718,6730.004,spacetrack,2026-09-19 21:57:50.623000+00:00,339.85388,6730.044,0.00045118,3.0449938888888886,-0.06013805172757328,-0.3152715686892327,300-350,quiet_control_2,6.99414567334472
69793,2026-09-21 01:22:04.405000+00:00,0.00043838,15.725851,0.00063641,0.0017853,339.4974,363.5263,6729.649,spacetrack,2026-09-20 01:00:32.601000+00:00,339.84625,6730.004,0.00046833,24.358834444444444,-0.3437110268594479,-0.3497704300844613,300-350,quiet_control_2,5.629408889797728
69793,2026-09-22 23:02:07.423000+00:00,0.00047089,15.728331,0.00069063,0.0017982,338.70456,362.90454,6728.9414,spacetrack,2026-09-21 01:22:04.405000+00:00,339.4974,6729.649,0.00043838,45.667505000000006,-0.4166673874563609,-0.37187054558849514,300-350,quiet_control_2,3.0415246939079914
69793,2026-09-23 23:23:18.696000+00:00,0.00052571,15.729662,0.00077517,0.0018197,338.18082,362.66873,6728.562,spacetrack,2026-09-22 23:02:07.423000+00:00,338.70456,6728.9414,0.00047089,24.35313138888889,-0.5161455337828021,-0.37389852888280917,300-350,quiet_control_2,3.417423937713326
69998,2026-09-18 04:35:46.634000+00:00,0.0009916,15.752438,0.00150765,0.0001752,342.75983,345.11523,6722.0747,spacetrack,2026-09-17 22:29:52.431000+00:00,341.78427,6722.0166,0.0012512,6.0983897222222225,3.839282346072986,0.2286505230919495,300-350,quiet_control_2,7.000689526283418
69998,2026-09-19 08:02:22.186000+00:00,0.001238,15.752115,0.00188841,0.0001281,343.1682,344.89044,6722.1665,spacetrack,2026-09-18 04:35:46.634000+00:00,342.75983,6722.0747,0.0009916,27.443208888888886,0.35713316324199706,0.0802821568324536,300-350,quiet_control_2,6.269783056629918
69998,2026-09-20 20:37:53.762000+00:00,0.00097436,15.752332,0.00148024,0.0001508,342.95404,344.98145,6722.105,spacetrack,2026-09-19 08:02:22.186000+00:00,343.1682,6722.1665,0.001238,36.592104444444445,-0.14046308836386623,-0.04033657048224321,300-350,quiet_control_2,5.95828602247953
69998,2026-09-21 13:24:10.530000+00:00,0.00062815,15.752137,0.00094708,0.0001791,342.81918,345.22705,6722.16,spacetrack,2026-09-20 20:37:53.762000+00:00,342.95404,6722.105,0.00097436,16.771324444444442,-0.19298654740843843,0.07870576974284457,300-350,quiet_control_2,3.6935409659556466
69998,2026-09-22 12:16:22.336000+00:00,0.00048101,15.752196,0.00072321,0.0001752,342.82855,345.184,6722.143,spacetrack,2026-09-21 13:24:10.530000+00:00,342.81918,6722.16,0.00062815,22.869946111111112,0.00983299212456394,-0.017840007056141978,300-350,quiet_control_2,2.9880685721870357
69998,2026-09-23 12:40:02.988000+00:00,0.0013437,15.752323,0.00205571,7.31e-05,343.4788,344.46155,6722.107,spacetrack,2026-09-22 12:16:22.336000+00:00,342.82855,6722.143,0.00048101,24.394625555555557,0.6397310737342001,-0.03541763730022215,300-350,quiet_control_2,2.6422519841915997
69998,2026-09-24 00:51:53.376000+00:00,0.0019264,15.753187,0.00299162,0.0001156,342.94742,344.5015,6721.8613,spacetrack,2026-09-23 12:40:02.988000+00:00,343.4788,6722.107,0.0013437,12.19733,-1.0455665297240415,-0.4834500665317356,300-350,secondary_active_sep2,5.3265681915632355
100083,2026-09-18 22:24:38.588000+00:00,0.00027278,15.993878,0.0013707,0.0020499,262.47543,289.75656,6654.253,spacetrack,2026-09-17 22:22:59.470000+00:00,263.37537,6655.0034,0.00029409,24.02753277777778,-0.8989087726882531,-0.7495401282587797,250-300,quiet_control_2,5.452729564248273
100083,2026-09-19 22:26:02.251000+00:00,0.00028133,15.9969635,0.00143864,0.0020531,261.60046,288.92065,6653.3975,spacetrack,2026-09-18 22:24:38.588000+00:00,262.47543,6654.253,0.00027278,24.023239722222222,-0.8741235671296859,-0.8546724021156583,250-300,quiet_control_2,6.999032614980704
100083,2026-09-20 11:56:42.392000+00:00,0.00028344,15.998502,0.00146168,0.0020393,261.26654,288.40137,6652.971,spacetrack,2026-09-19 22:26:02.251000+00:00,261.60046,6653.3975,0.00028133,13.511150277777778,-0.593145648981529,-0.7575964880538096,250-300,quiet_control_2,8.232576258362409
100083,2026-09-21 22:28:02.737000+00:00,0.000277,16.002651,0.00146304,0.0020447,260.08307,287.28503,6651.821,spacetrack,2026-09-20 11:56:42.392000+00:00,261.26654,6652.971,0.00028344,34.52231805555556,-0.8227512403509982,-0.7994828144383455,250-300,quiet_control_2,2.9981129276717082
100083,2026-09-22 19:28:35.726000+00:00,0.00034743,16.005344,0.00186435,0.0020841,259.0762,286.7992,6651.0747,spacetrack,2026-09-21 22:28:02.737000+00:00,260.08307,6651.821,0.000277,21.009163611111113,-1.1502066644490836,-0.852542268294884,250-300,quiet_control_2,3.28869050778887
100083,2026-09-23 19:28:58.377000+00:00,0.0004969,16.008741,0.00271344,0.0020316,258.48648,285.5073,6650.134,spacetrack,2026-09-22 19:28:35.726000+00:00,259.0762,6651.0747,0.00034743,24.006291944444445,-0.589565436959345,-0.9404534466318231,250-300,quiet_control_2,2.9353772542802465
100089,2026-09-18 22:17:27.197000+00:00,0.00025113,15.992121,0.00124802,0.0019904,263.35806,289.84924,6654.7407,spacetrack,2026-09-17 22:15:39.161000+00:00,264.16788,6655.434,0.00028149,24.030009999999997,-0.8088086521811706,-0.6924341687747031,250-300,quiet_control_2,5.468055395454822
100089,2026-09-19 23:49:07.029000+00:00,0.00026525,15.994884,0.00133911,0.0020021,262.51532,289.15918,6653.974,spacetrack,2026-09-18 22:17:27.197000+00:00,263.35806,6654.7407,0.00025113,25.52773111111111,-0.7923054309827708,-0.7208161163995498,250-300,quiet_control_2,6.94015405817064
100089,2026-09-20 23:50:26.439000+00:00,0.00024937,15.997531,0.00127833,0.002005,261.76355,288.44305,6653.24,spacetrack,2026-09-19 23:49:07.029000+00:00,262.51532,6653.974,0.00026525,24.022058333333334,-0.7510796847480455,-0.7333260021088568,250-300,quiet_control_2,5.763494246780824
100089,2026-09-21 22:21:27.842000+00:00,0.00025941,16.000023,0.00134859,0.0020025,261.09076,287.73422,6652.5493,spacetrack,2026-09-20 23:50:26.439000+00:00,261.76355,6653.24,0.00024937,22.51705638888889,-0.7170990613128392,-0.7361885902716139,250-300,quiet_control_2,2.9944393387812447
100089,2026-09-22 20:52:15.634000+00:00,0.00045598,16.00345,0.00242336,0.002161,259.08832,287.83652,6651.5996,spacetrack,2026-09-21 22:21:27.842000+00:00,261.09076,6652.5493,0.00025941,22.513275555555555,-2.134676488163899,-1.0124159829056225,250-300,quiet_control_2,3.279147839092273
100089,2026-09-23 19:22:52.101000+00:00,0.00026802,16.005165,0.00143466,0.001996,259.71158,286.26288,6651.124,spacetrack,2026-09-22 20:52:15.634000+00:00,259.08832,6651.5996,0.00045598,22.510129722222224,0.6645114970276454,-0.5070783749738142,250-300,quiet_control_2,2.9175223544728324
100089,2026-09-24 05:53:04.172000+00:00,0.00028939,16.006495,0.00156062,0.0019962,259.3431,285.8956,6650.7563,spacetrack,2026-09-23 19:22:52.101000+00:00,259.71158,6651.124,0.00026802,10.503353055555557,-0.8419711260989355,-0.8401888381089075,250-300,secondary_active_sep2,9.394485216109954
100092,2026-09-18 22:13:10.911000+00:00,0.00025191,15.924267,0.00085879,0.0014033,286.1293,304.85953,6673.6313,spacetrack,2026-09-17 22:05:16.718000+00:00,286.75357,6674.1035,0.0002754,24.131720277777777,-0.6208624925011054,-0.4696225494723568,250-300,quiet_control_2,5.491792067639696
100092,2026-09-19 22:20:55.981000+00:00,0.0002522,15.925969,0.00086762,0.0014241,285.5154,304.52188,6673.156,spacetrack,2026-09-18 22:13:10.911000+00:00,286.1293,6673.6313,0.00025191,24.129186111111114,-0.6106132188692196,-0.472755274358327,250-300,quiet_control_2,6.994646064292586
100092,2026-09-20 22:28:31.630000+00:00,0.00023893,15.927704,0.00082974,0.0014375,284.94223,304.12616,6672.6714,spacetrack,2026-09-19 22:20:55.981000+00:00,285.5154,6673.156,0.0002522,24.12656916666667,-0.5701631220325162,-0.48205776460182087,250-300,quiet_control_2,5.877690626662637
100092,2026-09-21 10:32:15.942000+00:00,0.00024078,15.928526,0.00083963,0.001431,284.75638,303.8529,6672.4414,spacetrack,2026-09-20 22:28:31.630000+00:00,284.94223,6672.6714,0.00023893,12.062308888888888,-0.36977995183899304,-0.4576238306329612,250-300,quiet_control_2,3.8725151477356743
100092,2026-09-22 21:12:59.976000+00:00,0.00019779,15.928476,0.00069045,0.0014566,284.59943,304.03763,6672.4556,spacetrack,2026-09-21 10:32:15.942000+00:00,284.75638,6672.4414,0.00024078,34.678898333333336,-0.10861936742607621,0.009827301799985406,250-300,quiet_control_2,2.9134920616230646
100092,2026-09-23 22:50:49.682000+00:00,0.00028118,15.930295,0.00098917,0.0014444,284.17377,303.44766,6671.9478,spacetrack,2026-09-22 21:12:59.976000+00:00,284.59943,6672.4556,0.00019779,25.63047388888889,-0.3985817837113238,-0.4754964755174063,250-300,quiet_control_2,3.333251804227056
100092,2026-09-24 06:23:05.644000+00:00,0.00028131,15.930935,0.00099305,0.0014513,283.9492,303.31467,6671.769,spacetrack,2026-09-23 22:50:49.682000+00:00,284.17377,6671.9478,0.00028118,7.5377672222222225,-0.7150234069460127,-0.5692932500411296,250-300,secondary_active_sep2,11.235517207755525
100102,2026-09-20 23:56:07.491000+00:00,5.8385e-06,15.751805,7.41e-06,0.0001097,343.38004,344.85492,6722.2544,spacetrack,2026-09-18 18:34:20.234000+00:00,343.01846,6722.2607,3.0351e-06,53.363126944444446,0.16262015546867292,-0.002833417167581962,300-350,quiet_control_2,6.203249583642747
100102,2026-09-22 14:03:06.757000+00:00,8.9275e-06,15.751855,1.202e-05,0.0001063,343.3889,344.81802,6722.24,spacetrack,2026-09-20 23:56:07.491000+00:00,343.38004,6722.2544,5.8385e-06,38.11646277777778,0.005578691843442873,-0.009066948368620566,300-350,quiet_control_2,3.1839811036447316
100102,2026-09-23 23:35:40.461000+00:00,1.6837e-06,15.751786,1.22e-06,0.0001153,343.34793,344.8981,6722.2603,spacetrack,2026-09-22 14:03:06.757000+00:00,343.3889,6722.24,8.9275e-06,33.542695555555554,-0.029314280910144562,0.014524771844775602,300-350,quiet_control_2,3.2932261191756074
100103,2026-09-21 00:47:57.084000+00:00,7.4421e-06,15.7518635,9.8e-06,0.0001273,343.2453,344.95676,6722.238,spacetrack,2026-09-20 14:07:35.888000+00:00,343.62204,6722.253,2.9079e-06,10.672554444444446,-0.8471973647047196,-0.03373138097912695,300-350,quiet_control_2,3.025386091572996
100103,2026-09-22 14:54:56.985000+00:00,3.2997e-06,15.75181,3.63e-06,8.85e-05,343.52136,344.71118,6722.2534,spacetrack,2026-09-21 00:47:57.084000+00:00,343.2453,6722.238,7.4421e-06,38.11663916666667,0.1738201516411424,0.00969655268838179,300-350,quiet_control_2,3.0967189372917563
100103,2026-09-23 22:56:01.269000+00:00,7.8628e-06,15.751856,1.043e-05,0.000129,343.23605,344.9704,6722.24,spacetrack,2026-09-22 14:54:56.985000+00:00,343.52136,6722.2534,3.2997e-06,32.01785666666667,-0.21386315990132118,-0.01004439501818629,300-350,quiet_control_2,3.2722507867224504
100104,2026-09-18 23:35:11.903000+00:00,0.001092,15.752371,0.00166293,9.17e-05,343.3403,344.57312,6722.0938,spacetrack,2026-09-17 14:02:39.189000+00:00,342.57098,6722.1924,0.0011046,33.54242055555556,0.5504575905432604,-0.0705494702174769,300-350,quiet_control_2,6.077574231582074
100104,2026-09-19 23:58:52.229000+00:00,0.0010082,15.752448,0.00153334,5.32e-05,343.57712,344.29233,6722.072,spacetrack,2026-09-18 23:35:11.903000+00:00,343.3403,6722.0938,0.001092,24.394535,0.23298988892385875,-0.021447426646530435,300-350,quiet_control_2,6.9838269104125175
100104,2026-09-20 18:16:37.685000+00:00,0.0011038,15.752309,0.00168095,0.0001713,342.82285,345.12582,6722.1113,spacetrack,2026-09-19 23:58:52.229000+00:00,343.57712,6722.072,0.0010082,18.29596,-0.9894249878114679,0.05155236456501725,300-350,quiet_control_2,6.5952932292763595
100104,2026-09-21 18:40:18.459000+00:00,0.0011215,15.752062,0.00170657,0.0001118,343.2931,344.79617,6722.1816,spacetrack,2026-09-20 18:16:37.685000+00:00,342.82285,6722.1113,0.0011038,24.394659444444446,0.46264224453313213,0.06916267898102654,300-350,quiet_control_2,3.174700213869671
100104,2026-09-22 14:29:32.623000+00:00,0.0011002,15.752195,0.00167443,0.0001952,342.6944,345.31873,6722.1436,spacetrack,2026-09-21 18:40:18.459000+00:00,343.2931,6722.1816,0.0011215,19.820601111111113,-0.7249426957058972,-0.04601273164606977,300-350,quiet_control_2,3.127291155706064
100104,2026-09-23 19:27:39.050000+00:00,0.0011435,15.752264,0.00174245,0.0002437,342.3489,345.62527,6722.124,spacetrack,2026-09-22 14:29:32.623000+00:00,342.6944,6722.1436,0.0011002,28.968451944444443,-0.286242427310281,-0.01623835477694901,300-350,quiet_control_2,2.926642160249674
100104,2026-09-24 00:02:05.820000+00:00,0.001467,15.75254,0.00225171,0.0001518,342.88828,344.92908,6722.046,spacetrack,2026-09-23 19:27:39.050000+00:00,342.3489,6722.124,0.0011435,4.574102777777778,2.8300894468070847,-0.4092605896577477,300-350,secondary_active_sep2,6.0687675846568565
100105,2026-09-18 14:02:57.739000+00:00,0.0012522,15.75162,0.00190732,0.0004725,340.9939,347.3465,6722.307,spacetrack,2026-09-17 13:39:16.480000+00:00,343.01135,6721.9595,0.0013829,24.394794166666667,-1.9848005139621114,0.3418762192874897,300-350,quiet_control_2,6.982204809885498
100105,2026-09-19 14:26:36.900000+00:00,0.0011166,15.75178,0.00169679,9.05e-05,343.51636,344.73306,6722.2617,spacetrack,2026-09-18 14:02:57.739000+00:00,340.9939,6722.307,0.0012522,24.394211388888888,2.4816969499401393,-0.0445679502674836,300-350,quiet_control_2,6.2520317519316775
100105,2026-09-20 14:50:17.768000+00:00,0.00058419,15.75201,0.0008795,0.0001437,343.09314,345.0251,6722.1963,spacetrack,2026-09-19 14:26:36.900000+00:00,343.51636,6722.2617,0.0011166,24.394685555555554,-0.4163726553010303,-0.06434188284309977,300-350,quiet_control_2,6.997080375019752
100105,2026-09-21 13:42:29.657000+00:00,0.0010106,15.752121,0.00153488,0.0001019,343.34268,344.71268,6722.1646,spacetrack,2026-09-20 14:50:17.768000+00:00,343.09314,6722.1963,0.00058419,22.869969166666664,0.26187005134787095,-0.03326633256235349,300-350,quiet_control_2,3.2694245482452127
100105,2026-09-22 14:06:09.845000+00:00,0.001226,15.75183,0.0018674,0.0002111,342.69144,345.52957,6722.2476,spacetrack,2026-09-21 13:42:29.657000+00:00,343.34268,6722.1646,0.0010106,24.394496666666665,-0.6407084439399933,0.08165776188008092,300-350,quiet_control_2,2.9138029060015214
100105,2026-09-23 14:29:50.443000+00:00,0.0011295,15.751799,0.001717,0.0001687,342.9854,345.2535,6722.2563,spacetrack,2026-09-22 14:06:09.845000+00:00,342.69144,6722.2476,0.001226,24.394610555555555,0.28920486285008357,0.008559267610856042,300-350,quiet_control_2,2.71726274284764
100106,2026-09-18 18:51:36.722000+00:00,0.0013542,15.752059,0.00206968,8.46e-05,343.47678,344.61417,6722.1826,spacetrack,2026-09-17 23:02:22.548000+00:00,342.83493,6722.0254,0.001223,19.82060388888889,0.7771912544317716,0.19034737897701082,300-350,quiet_control_2,5.561093510801484
100106,2026-09-19 19:15:17.586000+00:00,0.0011129,15.753344,0.00170278,0.0001576,342.62064,344.73935,6721.817,spacetrack,2026-09-18 18:51:36.722000+00:00,343.47678,6722.1826,0.0013542,24.394684444444444,-0.8422884111001614,-0.35968491496516614,300-350,quiet_control_2,6.720673460921542
100106,2026-09-20 19:38:57.858000+00:00,0.0013547,15.7522745,0.00207249,0.0001416,343.03226,344.93594,6722.121,spacetrack,2026-09-19 19:15:17.586000+00:00,342.62064,6721.817,0.0011129,24.39452,0.4049630818725133,0.299083564669528,300-350,quiet_control_2,6.221458753851275
100106,2026-09-21 20:02:38.666000+00:00,0.0014092,15.752541,0.00216071,0.000189,342.63794,345.17886,6722.0454,spacetrack,2026-09-20 19:38:57.858000+00:00,343.03226,6722.121,0.0013547,24.39466888888889,-0.3879404981106461,-0.0743769062112314,300-350,quiet_control_2,3.0621932332938684
100106,2026-09-22 20:26:19.063000+00:00,0.00087602,15.752358,0.00132852,0.0001802,342.74878,345.17142,6722.097,spacetrack,2026-09-21 20:02:38.666000+00:00,342.63794,6722.0454,0.0014092,24.39455472222222,0.10904728658878256,0.05076542753480168,300-350,quiet_control_2,3.251376659114853
100106,2026-09-23 23:52:56.926000+00:00,0.0011788,15.752577,0.00179971,0.000152,342.87628,344.91977,6722.035,spacetrack,2026-09-22 20:26:19.063000+00:00,342.74878,6722.097,0.00087602,27.443850833333332,0.11150038741222372,-0.054219796231738324,300-350,quiet_control_2,3.424409766838783
100107,2026-09-18 12:05:32.232000+00:00,0.0015226,15.75238,0.00233786,7.17e-05,343.47192,344.43588,6722.091,spacetrack,2026-09-17 23:53:41.898000+00:00,342.9414,6721.9004,0.0019311,12.197315000000001,1.043875639843734,0.37503335775108654,300-350,quiet_control_2,6.495045425981046
100107,2026-09-19 14:00:41.089000+00:00,0.00094157,15.751848,0.00142651,0.0001764,342.9195,345.2911,6722.242,spacetrack,2026-09-18 12:05:32.232000+00:00,343.47192,6722.091,0.0015226,25.919126944444447,-0.5115172292808022,0.13981952431360473,300-350,quiet_control_2,6.010681686948539
100107,2026-09-20 23:33:14.934000+00:00,0.00091629,15.752438,0.00139122,0.0002363,342.34912,345.52597,6722.0747,spacetrack,2026-09-19 14:00:41.089000+00:00,342.9195,6722.242,0.00094157,33.54273472222222,-0.4081098369993933,-0.11970401439395914,300-350,quiet_control_2,5.847707805908789
100107,2026-09-21 23:56:54.581000+00:00,0.0015608,15.753066,0.0024057,0.0002011,342.4072,345.11075,6721.896,spacetrack,2026-09-20 23:33:14.934000+00:00,342.34912,6722.0747,0.00091629,24.394346388888888,0.057141108754361694,-0.1758112282099437,300-350,quiet_control_2,3.137033436265122
100107,2026-09-22 19:46:09.278000+00:00,0.00094964,15.752272,0.00144163,0.0001447,343.01224,344.9576,6722.122,spacetrack,2026-09-21 23:56:54.581000+00:00,342.4072,6721.896,0.0015608,19.820749166666666,0.7326140842557662,0.27365262303684135,300-350,quiet_control_2,3.1565536463563153
100107,2026-09-23 18:38:21.426000+00:00,0.00067648,15.751964,0.00102012,0.0001272,343.21735,344.92746,6722.2095,spacetrack,2026-09-22 19:46:09.278000+00:00,343.01224,6722.122,0.00094964,22.87004111111111,0.21524403808824694,0.09182318430424732,300-350,quiet_control_2,2.8215068796698954
100108,2026-09-18 19:57:10.727000+00:00,0.0011956,15.752336,0.00182409,0.0001504,342.95578,344.97778,6722.104,spacetrack,2026-09-17 13:27:35.180000+00:00,343.29462,6722.0493,0.0011799,30.4932075,-0.26668758935904374,0.04305221089038433,300-350,quiet_control_2,6.360838092658286
100108,2026-09-19 18:49:22.086000+00:00,0.00095384,15.752204,0.00144767,7.72e-05,343.48505,344.52295,6722.141,spacetrack,2026-09-18 19:57:10.727000+00:00,342.95578,6722.104,0.0011956,22.869821944444443,0.555425399937826,0.038828461460766746,300-350,quiet_control_2,6.912072652657173
100108,2026-09-20 23:47:29.010000+00:00,0.0014763,15.752878,0.00226982,0.0001573,342.755,344.86975,6721.949,spacetrack,2026-09-19 18:49:22.086000+00:00,343.48505,6722.141,0.00095384,28.96859,-0.6048344085783994,-0.15906883973297198,300-350,quiet_control_2,5.807281495808621
100108,2026-09-21 07:24:53.074000+00:00,0.00096078,15.752262,0.0014588,0.0001718,342.83273,345.14246,6722.1245,spacetrack,2026-09-20 23:47:29.010000+00:00,342.755,6721.949,0.0014763,7.623351111111111,0.24471127891272493,0.5525129222852898,300-350,quiet_control_2,4.415895109412368
100108,2026-09-22 20:00:23.984000+00:00,0.0013188,15.75245,0.00201773,0.0001208,343.12198,344.74603,6722.071,spacetrack,2026-09-21 07:24:53.074000+00:00,342.83273,6722.1245,0.00096078,36.59191944444444,0.18971401624719963,-0.03508971432747821,300-350,quiet_control_2,2.8746920825188256
100108,2026-09-23 18:52:35.795000+00:00,0.00080662,15.75233,0.00122144,0.0001332,343.07303,344.8638,6722.1055,spacetrack,2026-09-22 20:00:23.984000+00:00,343.12198,6722.071,0.0013188,22.869947500000002,-0.05136872308079313,0.0362047180035749,300-350,quiet_control_2,2.852637578930457
100108,2026-09-24 00:58:30.865000+00:00,0.0013821,15.7524805,0.00211743,0.0001057,343.21484,344.6359,6722.0625,spacetrack,2026-09-23 18:52:35.795000+00:00,343.07303,6722.1055,0.00080662,6.098630555555555,0.5580662689755438,-0.16921831722563774,300-350,secondary_active_sep2,7.439202197943343
100109,2026-09-18 16:45:04.435000+00:00,0.0010032,15.75222,0.00152435,0.0002574,342.26917,345.72974,6722.136,spacetrack,2026-09-17 13:18:26.274000+00:00,343.17654,6722.038,0.0012187,27.44393361111111,-0.7935043244377924,0.08570200006126438,300-350,quiet_control_2,6.755425639957003
100109,2026-09-19 14:05:46.755000+00:00,0.0011478,15.751677,0.00174449,0.000132,343.2669,345.0416,6722.291,spacetrack,2026-09-18 16:45:04.435000+00:00,342.26917,6722.136,0.0010032,21.345088888888892,1.121828075987347,0.17427896502835932,300-350,quiet_control_2,6.585730233027842
100109,2026-09-20 23:38:20.191000+00:00,0.0014628,15.75281,0.00224772,0.0001396,342.89355,344.77032,6721.9688,spacetrack,2026-09-19 14:05:46.755000+00:00,343.2669,6722.291,0.0011478,33.54262111111111,-0.26713475879892484,-0.2305365455608651,300-350,quiet_control_2,5.842651417389067
100109,2026-09-21 07:15:44.281000+00:00,0.0012205,15.752278,0.00186246,0.0001879,342.71997,345.24612,6722.12,spacetrack,2026-09-20 23:38:20.191000+00:00,342.89355,6721.9688,0.0014628,7.623358333333333,-0.5464678187544688,0.47601068208204833,300-350,quiet_control_2,4.455888244062748
100109,2026-09-22 13:45:19.673000+00:00,0.0013868,15.752356,0.00212378,0.000245,342.31393,345.6078,6722.0977,spacetrack,2026-09-21 07:15:44.281000+00:00,342.71997,6722.12,0.0012205,30.493164444444446,-0.3195785080867367,-0.017551474559691763,300-350,quiet_control_2,2.885444344393687
100109,2026-09-23 18:43:27.026000+00:00,0.0011401,15.752447,0.00173839,0.0001553,342.89108,344.97894,6722.072,spacetrack,2026-09-22 13:45:19.673000+00:00,342.31393,6722.0977,0.0013868,28.968709166666667,0.4781573082979351,-0.021291939397601944,300-350,quiet_control_2,2.824914062206565
100109,2026-09-24 06:55:17.128000+00:00,0.0019555,15.753147,0.00303801,0.0001287,342.87057,344.60077,6721.8726,spacetrack,2026-09-23 18:43:27.026000+00:00,342.89108,6722.072,0.0011401,12.197250555555556,-0.04035663592856461,-0.3923507169269747,300-350,secondary_active_sep2,9.631377399214422
100110,2026-09-18 13:25:50.266000+00:00,0.0010849,15.751801,0.00164783,0.0001039,343.42038,344.8173,6722.256,spacetrack,2026-09-17 23:42:31.218000+00:00,342.92224,6722.0063,0.0015725,13.721957777777778,0.8712575999440924,0.4367306835554028,300-350,quiet_control_2,6.188172614176694
100110,2026-09-19 21:26:54.740000+00:00,0.0011323,15.752244,0.00172469,0.0001428,343.03278,344.9526,6722.13,spacetrack,2026-09-18 13:25:50.266000+00:00,343.42038,6722.256,0.0010849,32.01790944444444,-0.29053739489586156,-0.09444714075576835,300-350,quiet_control_2,6.1340464885997745
100110,2026-09-20 23:22:04.440000+00:00,0.0011125,15.752533,0.00169646,0.0003376,341.64117,346.1799,6722.0474,spacetrack,2026-09-19 21:26:54.740000+00:00,343.03278,6722.13,0.0011323,25.91936111111111,-1.2885595388260944,-0.07648336668081254,300-350,quiet_control_2,5.817287163070935
100110,2026-09-21 06:59:28.074000+00:00,0.00083347,15.752044,0.00126122,0.000186,342.79935,345.3,6722.1865,spacetrack,2026-09-20 23:22:04.440000+00:00,341.64117,6722.0474,0.0011125,7.623231666666666,3.6462646309887883,0.43792451101590935,300-350,quiet_control_2,4.527038511007689
100110,2026-09-22 15:00:33.113000+00:00,0.0013328,15.751983,0.00203565,0.0003008,342.04504,346.08914,6722.204,spacetrack,2026-09-21 06:59:28.074000+00:00,342.79935,6722.1865,0.00083347,32.01806638888889,-0.5654132819926672,0.013117594138789242,300-350,quiet_control_2,2.843561185972444
100110,2026-09-23 13:52:44.761000+00:00,0.0010259,15.751921,0.00155733,0.0002576,342.35297,345.81625,6722.2217,spacetrack,2026-09-22 15:00:33.113000+00:00,342.04504,6722.204,0.0013328,22.869902222222223,0.3231461126589476,0.01857463122842708,300-350,quiet_control_2,2.7376464515808063
100110,2026-09-24 06:39:01.049000+00:00,0.0016966,15.752524,0.00261534,0.0001645,342.80725,345.0188,6722.05,spacetrack,2026-09-23 13:52:44.761000+00:00,342.35297,6722.2217,0.0010259,16.77119111111111,0.6500862060284085,-0.24570705638592855,300-350,secondary_active_sep2,7.758367854612063
100111,2026-09-18 13:22:48.925000+00:00,0.0018647,15.754051,0.00290365,0.0001031,342.78564,344.17166,6721.6157,spacetrack,2026-09-17 14:30:36.115000+00:00,343.39267,6722.4097,0.0010897,22.870224999999998,-0.6370169073544407,-0.8332231099605211,300-350,quiet_control_2,6.798809004575455
100111,2026-09-19 13:46:27.667000+00:00,0.00080512,15.752527,0.00122019,0.0001256,343.06787,344.75644,6722.0493,spacetrack,2026-09-18 13:22:48.925000+00:00,342.78564,6721.6157,0.0018647,24.394095,0.2776704772200258,0.4265950427751182,300-350,quiet_control_2,6.169744802311105
100111,2026-09-20 23:19:01.428000+00:00,0.0012481,15.752776,0.00191017,0.0003638,341.3958,346.2867,6721.978,spacetrack,2026-09-19 13:46:27.667000+00:00,343.06787,6722.0493,0.00080512,33.54271138888889,-1.1963755563688128,-0.05101555387551287,300-350,quiet_control_2,5.8618440050078435
100111,2026-09-21 06:56:25.113000+00:00,0.00080952,15.752116,0.00122476,0.000129,343.162,344.8963,6722.166,spacetrack,2026-09-20 23:19:01.428000+00:00,341.3958,6721.978,0.0012481,7.623245833333334,5.56046609629856,0.5918738682508854,300-350,quiet_control_2,4.540371090835652
100111,2026-09-22 14:57:29.743000+00:00,0.00094117,15.752109,0.00142752,0.0001657,342.91748,345.1452,6722.1685,spacetrack,2026-09-21 06:56:25.113000+00:00,343.162,6722.166,0.00080952,32.01795277777778,-0.18328717144189896,0.0018739486689492227,300-350,quiet_control_2,2.8432769011621346
100111,2026-09-23 21:27:05.237000+00:00,0.0010928,15.752534,0.0016654,0.0001716,342.7567,345.06372,6722.0474,spacetrack,2026-09-22 14:57:29.743000+00:00,342.91748,6722.1685,0.00094117,30.49319277777778,-0.12654365281197455,-0.09531307597620164,300-350,quiet_control_2,3.1414291426463543
100111,2026-09-24 06:35:58.122000+00:00,0.0018539,15.752775,0.00286979,0.0001048,343.137,344.54593,6721.9785,spacetrack,2026-09-23 21:27:05.237000+00:00,342.7567,6722.0474,0.0010928,9.148023611111112,0.9977237038297133,-0.18076035549325106,300-350,secondary_active_sep2,10.525054455447798
100112,2026-09-19 07:15:07.929000+00:00,8.9103e-06,15.751849,1.199e-05,0.000141,343.1571,345.05276,6722.2417,spacetrack,2026-09-17 14:05:11.546000+00:00,342.6574,6722.2627,2.1888e-06,41.165661944444444,0.29133018718818254,-0.012243213790550614,300-350,quiet_control_2,6.709842466263161
100112,2026-09-20 13:44:43.981000+00:00,3.0024e-06,15.751807,3.18e-06,0.0001268,343.2646,344.96936,6722.254,spacetrack,2026-09-19 07:15:07.929000+00:00,343.1571,6722.2417,8.9103e-06,30.493347777777778,0.08460861755163561,0.009680799961979975,300-350,quiet_control_2,6.770951737269619
100112,2026-09-21 00:25:05.222000+00:00,4.9836e-06,15.751833,6.14e-06,0.0001217,343.2915,344.9277,6722.2466,spacetrack,2026-09-20 13:44:43.981000+00:00,343.2646,6722.254,3.0024e-06,10.672566944444444,0.0604915390421936,-0.01664079512573209,300-350,quiet_control_2,2.9539755886594086
100112,2026-09-22 19:06:30.660000+00:00,7.4092e-06,15.751835,9.75e-06,0.0001125,343.35275,344.86526,6722.246,spacetrack,2026-09-21 00:25:05.222000+00:00,343.2915,6722.2466,4.9836e-06,42.690399444444445,0.0344339715517,-0.00033731237455481803,300-350,quiet_control_2,3.111164299118567
100112,2026-09-23 13:24:17.204000+00:00,-8.3886e-07,15.751756,-2.55e-06,0.0001131,343.37146,344.89203,6722.2686,spacetrack,2026-09-22 19:06:30.660000+00:00,343.35275,6722.246,7.4092e-06,18.29626222222222,0.024542717771861317,0.029645399339923155,300-350,quiet_control_2,2.6720641665972336
100113,2026-09-18 07:42:17.394000+00:00,1.1259e-05,15.751817,1.549e-05,0.0001516,343.09512,345.1333,6722.251,spacetrack,2026-09-17 01:12:41.380000+00:00,343.14334,6722.235,1.9308e-05,30.49333722222222,-0.03795189721500801,0.012592914878890492,300-350,quiet_control_2,7.961129450373376
100113,2026-09-19 18:46:19.012000+00:00,1.426e-05,15.751874,1.998e-05,9.28e-05,343.47424,344.7219,6722.235,spacetrack,2026-09-18 07:42:17.394000+00:00,343.09512,6722.251,1.1259e-05,35.06711611111111,0.25947043866310415,-0.010950429992475943,300-350,quiet_control_2,6.0369339847973125
100113,2026-09-20 19:09:59.598000+00:00,1.2579e-05,15.751851,1.747e-05,0.0001019,343.4196,344.78958,6722.2417,spacetrack,2026-09-19 18:46:19.012000+00:00,343.47424,6722.235,1.426e-05,24.39460722222222,-0.05375614323503306,0.00659162078458694,300-350,quiet_control_2,6.300631198247754
100113,2026-09-23 14:15:06.292000+00:00,1.6472e-05,15.751853,2.327e-05,0.0001053,343.39615,344.81186,6722.241,spacetrack,2026-09-22 13:51:25.973000+00:00,343.2913,6722.2456,2.6654e-05,24.394533055555556,0.10315425977899162,-0.00452560414883149,300-350,quiet_control_2,2.707197294512219
100113,2026-09-24 00:55:27.750000+00:00,1.2869e-05,15.751843,1.79e-05,0.0001081,343.38004,344.83337,6722.2437,spacetrack,2026-09-23 14:15:06.292000+00:00,343.39615,6722.241,1.6472e-05,10.672627222222221,-0.036227256133729735,0.0060716071732722175,300-350,secondary_active_sep2,5.725898637162599
100114,2026-09-18 13:17:42.783000+00:00,0.0011237,15.752543,0.00171359,0.0001708,342.75934,345.05557,6722.0444,spacetrack,2026-09-17 23:34:23.730000+00:00,341.3757,6721.9272,0.0014977,13.721959166666666,2.420015946459565,0.20498530609428317,300-350,quiet_control_2,6.247382495368889
100114,2026-09-19 19:47:18.188000+00:00,0.0012938,15.7521105,0.00197559,0.0001146,343.26028,344.801,6722.1675,spacetrack,2026-09-18 13:17:42.783000+00:00,342.75934,6722.0444,0.0011237,30.493168055555554,0.3942706109806766,0.0968872763437518,300-350,quiet_control_2,6.127426986035715
100114,2026-09-20 14:05:03.501000+00:00,0.0013566,15.751806,0.00207114,0.00013,343.2434,344.99118,6722.2544,spacetrack,2026-09-19 19:47:18.188000+00:00,343.26028,6722.1675,0.0012938,18.295920277777775,-0.022142641301974332,0.1139926261341971,300-350,quiet_control_2,7.411866030303385
100114,2026-09-21 20:34:40.056000+00:00,0.0011507,15.752704,0.00175709,0.0002863,341.93738,345.7864,6721.999,spacetrack,2026-09-20 14:05:03.501000+00:00,343.2434,6722.2544,0.0013566,30.493487499999997,-1.0279073523485875,-0.20101341310993734,300-350,quiet_control_2,2.8748032400907464
100114,2026-09-22 13:20:56.071000+00:00,0.0013082,15.752771,0.00200403,0.0001208,343.03052,344.65454,6721.9795,spacetrack,2026-09-21 20:34:40.056000+00:00,341.93738,6721.999,0.0011507,16.771115277777778,1.5643181485230593,-0.027905120931719943,300-350,quiet_control_2,3.559561557681474
100114,2026-09-23 22:53:29.450000+00:00,0.0015627,15.753046,0.00240847,0.0001275,342.9076,344.62167,6721.902,spacetrack,2026-09-22 13:20:56.071000+00:00,343.03052,6721.9795,0.0013082,33.54260527777778,-0.08795023450235617,-0.05545186441555634,300-350,quiet_control_2,3.2093889314683275
100115,2026-09-18 21:48:59.655000+00:00,0.00095866,15.752575,0.00145777,0.0003211,341.7401,346.05698,6722.0356,spacetrack,2026-09-17 22:56:47.867000+00:00,342.31577,6722.0137,0.0011324,22.86994111111111,-0.6041152416123916,0.022982131761511922,300-350,quiet_control_2,5.351118173213972
100115,2026-09-19 14:35:15.743000+00:00,0.00088825,15.752161,0.00134617,6.55e-05,343.57608,344.45667,6722.1533,spacetrack,2026-09-18 21:48:59.655000+00:00,341.7401,6722.0356,0.00095866,16.771135555555556,2.6273426658580554,0.1684322442351932,300-350,quiet_control_2,7.431030112451141
100115,2026-09-20 14:58:56.782000+00:00,0.0008164,15.751754,0.00123336,0.0001217,343.31403,344.95023,6722.269,spacetrack,2026-09-19 14:35:15.743000+00:00,343.57608,6722.1533,0.00088825,24.394733055555555,-0.2578097487550672,0.11382784938384632,300-350,quiet_control_2,6.985258623505923
100115,2026-09-21 07:45:13.407000+00:00,0.0010982,15.752131,0.00167086,0.0001698,342.88342,345.16626,6722.1616,spacetrack,2026-09-20 14:58:56.782000+00:00,343.31403,6722.269,0.0008164,16.771284722222223,-0.6162103959934846,-0.15369126710856743,300-350,quiet_control_2,3.433111506315566
100115,2026-09-22 14:14:48.651000+00:00,0.0012045,15.751755,0.00183322,0.0001606,343.05222,345.21143,6722.269,spacetrack,2026-09-21 07:45:13.407000+00:00,342.88342,6722.1616,0.0010982,30.493123333333337,0.13285618385870251,0.08453053404271012,300-350,quiet_control_2,2.8854455381579474
100115,2026-09-23 23:47:22.204000+00:00,0.0011262,15.752553,0.00171751,8.66e-05,343.3226,344.48688,6722.0415,spacetrack,2026-09-22 14:14:48.651000+00:00,343.05222,6722.269,0.0012045,33.54265361111111,0.19345875479128916,-0.16277781905097943,300-350,quiet_control_2,3.316473197273127
100116,2026-09-18 18:40:25.080000+00:00,1.39e-05,15.751912,1.944e-05,0.0001118,343.33557,344.83865,6722.224,spacetrack,2026-09-17 13:42:18.943000+00:00,343.50034,6722.2524,6.0014e-06,28.96837138888889,-0.1365102631042697,-0.023529110106098747,300-350,quiet_control_2,6.436052905095142
100116,2026-09-21 00:02:13.266000+00:00,3.2856e-06,15.751801,3.6e-06,9.45e-05,343.48358,344.75406,6722.256,spacetrack,2026-09-20 13:21:51.834000+00:00,343.4852,6722.2583,2.7892e-06,10.67262,-0.003642966769177846,-0.005172113314492089,300-350,quiet_control_2,2.882564606129204
100116,2026-09-22 18:43:39.501000+00:00,7.8385e-06,15.751833,1.039e-05,0.0001807,342.89496,345.32437,6722.2466,spacetrack,2026-09-21 00:02:13.266000+00:00,343.48358,6722.256,3.2856e-06,42.69062083333333,-0.3309129669290115,-0.005284533126812444,300-350,quiet_control_2,3.137944702725003
100116,2026-09-23 13:01:25.187000+00:00,-2.1847e-07,15.751786,-1.63e-06,0.0002308,342.5714,345.6744,6722.26,spacetrack,2026-09-22 18:43:39.501000+00:00,342.89496,6722.2466,7.8385e-06,18.29602388888889,-0.4244332018344685,0.017577589641811515,300-350,quiet_control_2,2.672059894737906
100117,2026-09-18 22:54:02.491000+00:00,0.0010845,15.752467,0.00165213,0.000258,342.195,345.6636,6722.0664,spacetrack,2026-09-17 07:15:34.078000+00:00,343.36218,6722.191,0.0013002,39.64122583333334,-0.7066461596766731,-0.0754366177417212,300-350,quiet_control_2,6.5297515290846935
100117,2026-09-19 18:43:16.080000+00:00,0.0012435,15.752171,0.00189748,7.78e-05,343.49063,344.5366,6722.1504,spacetrack,2026-09-18 22:54:02.491000+00:00,342.195,6722.0664,0.0010845,19.82044138888889,1.5688409450574579,0.10171317381195949,300-350,quiet_control_2,7.210871116798344
100117,2026-09-20 23:41:23.140000+00:00,0.0014368,15.752767,0.00220627,0.0001503,342.83377,344.85437,6721.981,spacetrack,2026-09-19 18:43:16.080000+00:00,343.49063,6722.1504,0.0012435,28.968627777777776,-0.544196988581321,-0.140344928700249,300-350,quiet_control_2,5.814298341520032
100117,2026-09-21 14:56:11.431000+00:00,0.0011151,15.751939,0.0016957,0.0001708,342.9313,345.22763,6722.2163,spacetrack,2026-09-20 23:41:23.140000+00:00,342.83377,6721.981,0.0014368,15.2467475,0.15352257915992554,0.37038719241639606,300-350,quiet_control_2,3.610637704132563
100117,2026-09-22 13:48:23.002000+00:00,0.0010835,15.75185,0.00164592,0.0001645,342.999,345.2106,6722.2417,spacetrack,2026-09-21 14:56:11.431000+00:00,342.9313,6722.2163,0.0011151,22.869880833333333,0.07104540735655561,0.026655145447909555,300-350,quiet_control_2,2.921014479366609
100117,2026-09-23 18:46:29.786000+00:00,0.00077912,15.752145,0.0011782,0.000107,343.30157,344.7401,6722.1577,spacetrack,2026-09-22 13:48:23.002000+00:00,342.999,6722.2417,0.0010835,28.96855111111111,0.25067460129943453,-0.06959271080778118,300-350,quiet_control_2,2.831928463725567
100117,2026-09-24 06:58:19.965000+00:00,0.0017696,15.7526,0.00273268,5.81e-05,343.50107,344.28217,6722.029,spacetrack,2026-09-23 18:46:29.786000+00:00,343.30157,6722.1577,0.00077912,12.197271944444443,0.39254679421826183,-0.25323695446423483,300-350,secondary_active_sep2,9.668846009486776
100118,2026-09-18 23:49:25.635000+00:00,2.4516e-06,15.751795,2.36e-06,4.78e-05,343.79932,344.44196,6722.258,spacetrack,2026-09-17 23:25:44.758000+00:00,343.2724,6722.245,6.4237e-06,24.394688055555555,0.518394823135296,0.012789669590672443,300-350,quiet_control_2,5.332342422406007
100118,2026-09-20 20:02:19.748000+00:00,1.11e-05,15.7518835,1.526e-05,7.61e-05,343.5838,344.6069,6722.2324,spacetrack,2026-09-18 23:49:25.635000+00:00,343.79932,6722.258,2.4516e-06,44.21503138888889,-0.11698465063852612,-0.013895726876108587,300-350,quiet_control_2,6.629756975620778
100118,2026-09-21 00:36:46.020000+00:00,1.2515e-05,15.751888,1.737e-05,0.0001257,343.24896,344.9389,6722.231,spacetrack,2026-09-20 20:02:19.748000+00:00,343.5838,6722.2324,1.11e-05,4.573964444444445,-1.7569353888966943,-0.007345925052672925,300-350,quiet_control_2,3.8476604783402095
100118,2026-09-22 23:52:39.224000+00:00,1.5623e-06,15.751788,1.03e-06,0.0001234,343.29297,344.95203,6722.2593,spacetrack,2026-09-21 00:36:46.020000+00:00,343.24896,6722.231,1.2515e-05,47.26477888888889,0.022347295911049884,0.014370108481737564,300-350,quiet_control_2,3.0880497084262952
100118,2026-09-23 13:35:58.267000+00:00,9.9204e-07,15.751779,1.8e-07,0.0001206,343.3144,344.9358,6722.262,spacetrack,2026-09-22 23:52:39.224000+00:00,343.29297,6722.2593,1.5623e-06,13.721956388888888,0.037481535826430885,0.004722358690235704,300-350,quiet_control_2,2.562744565719623
100118,2026-09-24 00:16:19.303000+00:00,5.9615e-06,15.751842,7.59e-06,0.000119,343.30716,344.90704,6722.244,spacetrack,2026-09-23 13:35:58.267000+00:00,343.3144,6722.262,9.9204e-07,10.67251,-0.016281081020230466,-0.040477825741151656,300-350,secondary_active_sep2,4.992440703577072
100119,2026-09-20 12:18:50.398000+00:00,6.6314e-06,15.751834,8.59e-06,0.0001117,343.35858,344.86032,6722.2466,spacetrack,2026-09-18 23:43:19.941000+00:00,343.42365,6722.2617,1.404e-06,36.59179361111111,-0.04267842174114121,-0.009903859970418117,300-350,quiet_control_2,7.458578436420364
100119,2026-09-21 06:36:36.068000+00:00,2.6941e-06,15.751793,2.72e-06,0.0001077,343.39706,344.84503,6722.258,spacetrack,2026-09-20 12:18:50.398000+00:00,343.35858,6722.2466,6.6314e-06,18.296019444444443,0.05047655326362539,0.014954072431802572,300-350,quiet_control_2,3.605376579331843
100119,2026-09-22 14:37:40.257000+00:00,4.7589e-06,15.751822,5.8e-06,0.000117,343.32608,344.89908,6722.2495,spacetrack,2026-09-21 06:36:36.068000+00:00,343.39706,6722.258,2.6941e-06,32.017830277777776,-0.053205354179880884,-0.006371449852412151,300-350,quiet_control_2,2.8432801275338
100119,2026-09-23 13:29:52.113000+00:00,4.67e-06,15.751821,5.67e-06,0.0001294,343.24326,344.98297,6722.25,spacetrack,2026-09-22 14:37:40.257000+00:00,343.32608,6722.2495,4.7589e-06,22.86996,-0.08691226394795937,0.0005247057713456745,300-350,quiet_control_2,2.7213746402121677
100120,2026-09-18 23:46:22.782000+00:00,2.6945e-06,15.751782,2.72e-06,9.04e-05,343.5163,344.73166,6722.2607,spacetrack,2026-09-17 23:22:42.137000+00:00,343.40173,6722.262,1.2216e-06,24.39462361111111,0.1127166396921962,-0.0012789703376859787,300-350,quiet_control_2,5.338579089233517
100120,2026-09-20 13:53:22.165000+00:00,4.4121e-06,15.751812,5.28e-06,7.5e-05,343.61136,344.61972,6722.2524,spacetrack,2026-09-18 23:46:22.782000+00:00,343.5163,6722.2607,2.6945e-06,38.11649527777778,0.0598544011817856,-0.005226083839463873,300-350,quiet_control_2,7.317566556905448
100120,2026-09-21 20:22:57.781000+00:00,4.0055e-06,15.75181,4.68e-06,6.93e-05,343.6503,344.582,6722.253,spacetrack,2026-09-20 13:53:22.165000+00:00,343.61136,6722.2524,4.4121e-06,30.493226666666665,0.030648117702224198,0.00047223601958832945,300-350,quiet_control_2,2.900383086896092
100120,2026-09-22 23:49:36.225000+00:00,4.3748e-07,15.751775,-6.4e-07,9.57e-05,343.4828,344.76944,6722.263,spacetrack,2026-09-21 20:22:57.781000+00:00,343.6503,6722.253,4.0055e-06,27.444012222222224,-0.1464800397059044,0.008745076997557362,300-350,quiet_control_2,3.260463039276206
100120,2026-09-23 15:04:24.089000+00:00,4.9503e-07,15.751772,-5.6e-07,0.0001213,343.3115,344.94232,6722.2637,spacetrack,2026-09-22 23:49:36.225000+00:00,343.4828,6722.263,4.3748e-07,15.246628888888889,-0.26964649234660937,0.0011018829234045895,300-350,quiet_control_2,2.606470384783055
100120,2026-09-24 00:13:16.520000+00:00,4.4168e-06,15.751812,5.29e-06,0.0001162,343.33447,344.89673,6722.2524,spacetrack,2026-09-23 15:04:24.089000+00:00,343.3115,6722.2637,4.9503e-07,9.1478975,0.060263027651947215,-0.02964615639854555,300-350,secondary_active_sep2,5.257903159350733
100121,2026-09-18 20:00:13.552000+00:00,0.0011864,15.75237,0.00180991,0.0001359,343.04337,344.87042,6722.0938,spacetrack,2026-09-17 13:30:37.619000+00:00,342.9246,6722.0005,0.0011979,30.493314722222223,0.09347885023212313,0.07343248906807877,300-350,quiet_control_2,6.34088321526723
100121,2026-09-19 18:52:24.995000+00:00,0.00087533,15.752161,0.00132626,9.48e-05,343.37906,344.65356,6722.1533,spacetrack,2026-09-18 20:00:13.552000+00:00,343.04337,6722.0938,0.0011864,22.869845277777777,0.35227872782455627,0.062440299996026724,300-350,quiet_control_2,6.918733514727782
100121,2026-09-20 23:50:31.982000+00:00,0.0010346,15.752547,0.00157509,0.0001472,342.91693,344.8959,6722.0435,spacetrack,2026-09-19 18:52:24.995000+00:00,343.37906,6722.1533,0.00087533,28.968607499999997,-0.38286686717682394,-0.09096743776877302,300-350,quiet_control_2,5.803772602999835
100121,2026-09-22 13:57:31.557000+00:00,0.0011858,15.751764,0.0018042,0.0001985,342.7948,345.46353,6722.266,spacetrack,2026-09-20 23:50:31.982000+00:00,342.91693,6722.0435,0.0010346,38.116548611111114,-0.07689888268490422,0.14009662979926463,300-350,quiet_control_2,3.188868541532795
100121,2026-09-23 14:21:12.578000+00:00,0.00093631,15.752029,0.00141959,0.0002195,342.5783,345.52936,6722.191,spacetrack,2026-09-22 13:57:31.557000+00:00,342.7948,6722.266,0.0011858,24.394728055555554,-0.21299684047170994,-0.07378643434337076,300-350,quiet_control_2,2.7113624652576065
100121,2026-09-24 07:07:28.811000+00:00,0.0012562,15.7522745,0.00191812,0.0001186,343.18686,344.78134,6722.121,spacetrack,2026-09-23 14:21:12.578000+00:00,342.5783,6722.191,0.00093631,16.771175833333334,0.8708655937511203,-0.10017186729710106,300-350,secondary_active_sep2,8.09779621395061
100122,2026-09-19 19:20:52.619000+00:00,3.6402e-06,15.7518,4.13e-06,0.0001047,343.41537,344.82303,6722.2563,spacetrack,2026-09-17 13:59:05.118000+00:00,343.28113,6722.2495,6.1554e-06,53.36319472222222,0.0603741964245218,0.0030582876616029753,300-350,quiet_control_2,6.508537862870853
100122,2026-09-20 13:38:38.048000+00:00,3.6899e-06,15.7518,4.21e-06,0.0001062,343.40524,344.83304,6722.2563,spacetrack,2026-09-19 19:20:52.619000+00:00,343.41537,6722.2563,3.6402e-06,18.295952500000002,-0.013288184914127314,0.0,300-350,quiet_control_2,7.460005733812196
100122,2026-09-21 00:18:59.651000+00:00,1.1711e-06,15.751775,4.5e-07,8.9e-05,343.52786,344.72443,6722.263,spacetrack,2026-09-20 13:38:38.048000+00:00,343.40524,6722.2563,3.6899e-06,10.672667500000001,0.2757398747782224,0.015066523903029365,300-350,quiet_control_2,2.934955993376955
100122,2026-09-22 14:25:58.876000+00:00,7.5459e-06,15.751843,9.96e-06,0.0001312,343.22464,344.98856,6722.2437,spacetrack,2026-09-21 00:18:59.651000+00:00,343.52786,6722.263,1.1711e-06,38.11645138888889,-0.19092228512437653,-0.012152233041645331,300-350,quiet_control_2,3.147371266671999
100122,2026-09-23 14:49:39.749000+00:00,4.0596e-06,15.751806,4.76e-06,0.0001294,343.2473,344.98703,6722.2544,spacetrack,2026-09-22 14:25:58.876000+00:00,343.22464,6722.2437,7.5459e-06,24.394686944444448,0.022293378932793213,0.010526882373214762,300-350,quiet_control_2,2.730802903769813
100123,2026-09-18 01:02:49.769000+00:00,4.3162e-06,15.751806,5.14e-06,0.0001565,343.06522,345.16928,6722.2544,spacetrack,2026-09-17 23:31:20.723000+00:00,343.02368,6722.242,8.0535e-06,1.5247350000000002,0.653857883501031,0.1951814577554656,300-350,quiet_control_2,6.93965891340681
100123,2026-09-21 00:42:22.259000+00:00,8.3403e-06,15.751855,1.114e-05,0.0001438,343.1366,345.06992,6722.24,spacetrack,2026-09-20 20:07:55.747000+00:00,343.16782,6722.2324,1.1132e-05,4.574031111111111,-0.16381174106584523,0.03987729763245128,300-350,quiet_control_2,3.929311805681738
100123,2026-09-24 00:21:55.027000+00:00,2.2691e-05,15.751871,3.256e-05,0.00017,342.9559,345.24146,6722.236,spacetrack,2026-09-23 13:41:33.801000+00:00,342.97375,6722.2427,6.7776e-06,10.67256277777778,-0.040140312024422545,-0.01506667174004819,300-350,secondary_active_sep2,5.097286640462748
100124,2026-09-19 07:49:12.297000+00:00,1.4544e-05,15.751818,2.039e-05,0.0001022,343.42688,344.80093,6722.251,spacetrack,2026-09-17 14:39:15.067000+00:00,343.56677,6722.2686,2.5803e-07,41.16589722222223,-0.08155682801900663,-0.010260920531451159,300-350,quiet_control_2,6.585735624073407
100124,2026-09-20 14:18:48.050000+00:00,6.7085e-07,15.751764,-3e-07,0.0001207,343.31784,344.9406,6722.266,spacetrack,2026-09-19 07:49:12.297000+00:00,343.42688,6722.251,1.4544e-05,30.49326472222222,-0.08582091894190338,0.01180588576741267,300-350,quiet_control_2,6.7337130267737715
100124,2026-09-21 00:59:09.423000+00:00,5.143e-06,15.751809,6.37e-06,9.81e-05,343.4569,344.77582,6722.2534,spacetrack,2026-09-20 14:18:48.050000+00:00,343.31784,6722.266,6.7085e-07,10.67260361111111,0.31271094866918236,-0.02833422949257332,300-350,quiet_control_2,3.060388758100862
100124,2026-09-22 13:34:40.242000+00:00,5.9861e-06,15.751821,7.63e-06,0.0001534,343.0819,345.14432,6722.25,spacetrack,2026-09-21 00:59:09.423000+00:00,343.4569,6722.2534,5.143e-06,36.59189416666666,-0.24595611145482976,-0.002230002076928941,300-350,quiet_control_2,3.122002498139786
100124,2026-09-23 13:58:20.699000+00:00,6.7913e-06,15.751825,8.83e-06,0.0001208,343.29974,344.92383,6722.2485,spacetrack,2026-09-22 13:34:40.242000+00:00,343.0819,6722.25,5.9861e-06,24.394571388888888,0.21431653447211219,-0.0014757381645873582,300-350,quiet_control_2,2.695745627923572
100124,2026-09-24 00:38:42.122000+00:00,6.7072e-06,15.751832,8.71e-06,0.0001283,343.24753,344.97244,6722.247,spacetrack,2026-09-23 13:58:20.699000+00:00,343.29974,6722.2485,6.7913e-06,10.672617500000001,-0.11740699973554336,-0.0033731181676384717,300-350,secondary_active_sep2,5.411817594574776
100138,2026-09-18 23:10:19.915000+00:00,0.00035953,15.499938,0.00030853,0.0143377,319.32123,514.1672,6794.8813,spacetrack,2026-09-17 05:20:10.583000+00:00,319.54132,6795.187,0.00036017,41.835925555555555,-0.1262589492130372,-0.17537080637201366,300-350,quiet_control_2,6.50196092762698
100138,2026-09-19 16:12:56.449000+00:00,0.00034033,15.500364,0.00029236,0.0143317,319.23914,514.0,6794.7563,spacetrack,2026-09-18 23:10:19.915000+00:00,319.32123,6794.8813,0.00035953,17.043481666666665,-0.11559609934941018,-0.17602037298912618,300-350,quiet_control_2,7.4081629839130105
100138,2026-09-20 15:27:21.760000+00:00,0.00038992,15.500982,0.00033609,0.0143278,319.08774,513.7904,6794.576,spacetrack,2026-09-19 16:12:56.449000+00:00,319.23914,6794.7563,0.00034033,23.240364166666666,-0.15634866880494894,-0.186193295809287,300-350,quiet_control_2,6.954194265769239
100138,2026-09-21 16:14:41.076000+00:00,0.00036779,15.50165,0.00031756,0.0143161,318.97498,513.51306,6794.381,spacetrack,2026-09-20 15:27:21.760000+00:00,319.08774,6794.576,0.00038992,24.78869888888889,-0.10917232938000432,-0.18879570972927284,300-350,quiet_control_2,3.210228908522786
100138,2026-09-22 17:01:56.597000+00:00,0.00040663,15.502348,0.00035217,0.0143054,318.84644,513.2333,6794.177,spacetrack,2026-09-21 16:14:41.076000+00:00,318.97498,6794.381,0.00036779,24.787644722222222,-0.12445555173038961,-0.19751775753127157,300-350,quiet_control_2,2.9291882433229697
100138,2026-09-23 19:22:04.752000+00:00,0.00040435,15.503134,0.00035102,0.0142897,318.72684,512.8938,6793.9473,spacetrack,2026-09-22 17:01:56.597000+00:00,318.84644,6794.177,0.00040663,26.33559861111111,-0.10899315570479402,-0.20932882830583968,300-350,quiet_control_2,2.928004674281448
100138,2026-09-24 04:39:45.322000+00:00,0.00045292,15.503436,0.00039392,0.0142863,318.6629,512.7811,6793.859,spacetrack,2026-09-23 19:22:04.752000+00:00,318.72684,6793.9473,0.00040435,9.294602777777778,-0.16510226813231815,-0.228003288645448,300-350,secondary_active_sep2,9.44154226900498
100142,2026-09-18 23:05:49.140000+00:00,0.00049015,16.144686,0.0062649,0.001631,223.82765,245.39844,6612.75,spacetrack,2026-09-17 23:17:12.570000+00:00,226.8578,6615.9663,0.00052157,23.810158333333334,-3.0543098026437514,-3.2419440021923887,200-250,quiet_control_2,5.3338778021565725
100142,2026-09-19 12:28:56.535000+00:00,0.00047964,16.151667,0.00646443,0.0016078,222.07857,243.3364,6610.8447,spacetrack,2026-09-18 23:05:49.140000+00:00,223.82765,6612.75,0.00049015,13.385387499999998,-3.1361004677675424,-3.416202930248262,200-250,quiet_control_2,7.793000015875521
100142,2026-09-20 22:39:37.915000+00:00,0.00049561,16.172485,0.00774835,0.0015444,216.83194,237.234,6605.17,spacetrack,2026-09-19 12:28:56.535000+00:00,222.07857,6610.8447,0.00047964,34.17816111111111,-3.6841982103906905,-3.984790157587336,200-250,quiet_control_2,5.902830820005432
100142,2026-09-21 22:24:33.131000+00:00,0.00049537,16.188858,0.00873389,0.0014886,212.75275,232.4044,6600.7153,spacetrack,2026-09-20 22:39:37.915000+00:00,216.83194,6605.17,0.00049561,23.74867111111111,-4.122359501378427,-4.501843471569448,200-250,quiet_control_2,3.0487553245084493
100142,2026-09-22 22:07:55.339000+00:00,0.00050948,16.207937,0.01037605,0.0014183,208.04301,226.7519,6595.5347,spacetrack,2026-09-21 22:24:33.131000+00:00,212.75275,6600.7153,0.00049537,23.722835555555555,-4.764765988251714,-5.241127255163858,200-250,quiet_control_2,3.2605756750457786
100171,2026-09-18 08:56:21.562000+00:00,0.0011527,15.752448,0.00175813,0.0002087,342.53165,345.33743,6722.072,spacetrack,2026-09-17 23:47:28.995000+00:00,342.1615,6722.0107,0.001141,9.147935277777778,0.9711043782284584,0.16082317543075297,300-350,quiet_control_2,6.717665798721368
100171,2026-09-19 21:31:52.265000+00:00,0.0012293,15.752345,0.00187668,9.11e-05,343.35156,344.57635,6722.101,spacetrack,2026-09-18 08:56:21.562000+00:00,342.53165,6722.072,0.0011527,36.591861944444446,0.5377654744619361,0.019020622701454763,300-350,quiet_control_2,6.00165821630816
100171,2026-09-20 15:49:38.002000+00:00,0.0014222,15.751799,0.00217388,0.0001585,343.05408,345.18503,6722.2563,spacetrack,2026-09-19 21:31:52.265000+00:00,343.35156,6722.101,0.0012293,18.296038055555552,-0.3902221879032589,0.2037162356511767,300-350,quiet_control_2,7.1309065288375955
100171,2026-09-21 22:19:14.532000+00:00,0.00090456,15.752262,0.00137236,0.0003863,341.39093,346.58444,6722.1245,spacetrack,2026-09-20 15:49:38.002000+00:00,343.05408,6722.2563,0.0014222,30.493480555555553,-1.3089879958858028,-0.10373364871352447,300-350,quiet_control_2,2.9169864997554575
100171,2026-09-22 15:05:30.458000+00:00,0.0011236,15.751949,0.00170906,0.0002219,342.58496,345.56827,6722.2134,spacetrack,2026-09-21 22:19:14.532000+00:00,341.39093,6722.1245,0.00090456,16.771090555555556,1.7086974699154065,0.12721891834797688,300-350,quiet_control_2,3.3791401228363767
100171,2026-09-23 21:35:06.055000+00:00,0.0015331,15.752558,0.00235639,0.000177,342.7137,345.09332,6722.0405,spacetrack,2026-09-22 15:05:30.458000+00:00,342.58496,6722.2134,0.0011236,30.493221388888887,0.10132612624278811,-0.13608270333490452,300-350,quiet_control_2,3.155937799181361
100179,2026-09-18 12:40:36.571000+00:00,0.00088817,15.752208,0.00134634,0.0001463,343.0195,344.98642,6722.14,spacetrack,2026-09-17 03:08:03.483000+00:00,343.1907,6722.2886,0.0011021,33.542524444444446,-0.12249525246095491,-0.10632473432033174,300-350,quiet_control_2,7.281046220532266
100179,2026-09-19 19:10:12.689000+00:00,0.0011802,15.752688,0.0018028,0.0001535,342.83435,344.898,6722.0034,spacetrack,2026-09-18 12:40:36.571000+00:00,343.0195,6722.14,0.00088817,30.49336611111111,-0.1457234988032812,-0.10751190892050617,300-350,quiet_control_2,6.066587461218114
100180,2026-09-18 13:53:47.035000+00:00,0.0013079,15.753092,0.00200632,9.69e-05,343.10013,344.40283,6721.8887,spacetrack,2026-09-17 18:04:33.428000+00:00,343.02188,6721.8877,0.0018175,19.82044638888889,0.09475064098717936,0.001210870811584928,300-350,quiet_control_2,6.4697575414792965
100182,2026-09-18 11:34:01.887000+00:00,0.0012627,15.752618,0.00193138,0.0001795,342.67984,345.09305,6722.0234,spacetrack,2026-09-17 02:01:26.914000+00:00,343.17145,6722.415,0.0011215,33.54304805555555,-0.3517462092430619,-0.28018920595505076,300-350,quiet_control_2,7.603393791492131
100182,2026-09-19 13:29:11.332000+00:00,0.0010709,15.752123,0.00162835,0.0001278,343.16803,344.88623,6722.164,spacetrack,2026-09-18 11:34:01.887000+00:00,342.67984,6722.0234,0.0012627,25.91929027777778,0.4520401552061295,0.13018874991675264,300-350,quiet_control_2,6.0
100182,2026-09-20 19:58:46.885000+00:00,0.0017078,15.752497,0.0026329,0.0001793,342.71558,345.1261,6722.0576,spacetrack,2026-09-19 13:29:11.332000+00:00,343.16803,6722.164,0.0010709,30.493209166666666,-0.3561055164987409,-0.08374323561796321,300-350,quiet_control_2,6.133840910826475
100182,2026-09-21 05:07:44.472000+00:00,0.0013808,15.750235,0.00209506,0.000423,341.72067,347.40808,6722.701,spacetrack,2026-09-20 19:58:46.885000+00:00,342.71558,6722.0576,0.0017078,9.149329722222221,-2.609791178692003,1.687730191042648,300-350,quiet_control_2,4.432750887306954
100184,2026-09-18 13:20:45.568000+00:00,0.00095492,15.7523775,0.00145045,0.0001328,343.06207,344.84744,6722.092,spacetrack,2026-09-17 20:34:29.253000+00:00,342.58533,6721.812,0.001533,16.77119861111111,0.6822267307966804,0.4006869249966315,300-350,quiet_control_2,6.65362213642883
100184,2026-09-19 07:38:31.409000+00:00,0.0013554,15.752235,0.00207325,0.0001521,342.97275,345.0176,6722.1323,spacetrack,2026-09-18 13:20:45.568000+00:00,343.06207,6722.092,0.00095492,18.296066944444444,-0.11716616508394442,0.05286382056594837,300-350,quiet_control_2,6.384671380723736
100184,2026-09-20 20:14:07.868000+00:00,0.00081445,15.749196,0.00121725,0.0004609,341.7612,347.95847,6722.997,spacetrack,2026-09-19 07:38:31.409000+00:00,342.97275,6722.1323,0.0013554,36.59346083333333,-0.7946009843790011,0.5671177179584529,300-350,quiet_control_2,6.001582917907334
100186,2026-09-18 21:07:49.119000+00:00,0.0005805,15.752083,0.00087416,0.0001493,343.03485,345.04208,6722.1753,spacetrack,2026-09-17 13:06:45.028000+00:00,343.05737,6722.0864,0.00144,32.017803055555554,-0.016880608549620025,0.06663792629030924,300-350,quiet_control_2,6.343166268495537
100186,2026-09-19 20:00:00.932000+00:00,0.0009905,15.752245,0.00150464,0.0001242,343.15765,344.82742,6722.1294,spacetrack,2026-09-18 21:07:49.119000+00:00,343.03485,6722.1753,0.0005805,22.869948055555554,0.1288678047208629,-0.04816801495682371,300-350,quiet_control_2,7.049412090560911
100186,2026-09-20 12:46:17.428000+00:00,0.0012539,15.751731,0.00191017,0.0002609,342.3848,345.8925,6722.2754,spacetrack,2026-09-19 20:00:00.932000+00:00,343.15765,6722.1294,0.0009905,16.771248888888888,-1.105964148697872,0.20892898455146058,300-350,quiet_control_2,7.696771935887105
100187,2026-09-18 20:31:13.259000+00:00,0.0015596,15.753434,0.00240758,0.0001259,342.80774,344.50027,6721.791,spacetrack,2026-09-17 12:30:08.830000+00:00,342.71573,6722.0596,0.0011776,32.017896944444445,0.06896892709199465,-0.20133739611853896,300-350,quiet_control_2,6.559589402902434
100187,2026-09-19 19:23:24.888000+00:00,0.0011904,15.752365,0.00181611,0.000128,343.0978,344.81866,6722.095,spacetrack,2026-09-18 20:31:13.259000+00:00,342.80774,6721.791,0.0015596,22.869896944444445,0.3043931512638782,0.3190219884997969,300-350,quiet_control_2,6.986495445146603
100187,2026-09-20 13:41:10.416000+00:00,0.00092957,15.751876,0.00140815,7.69e-05,343.5804,344.6143,6722.2344,spacetrack,2026-09-19 19:23:24.888000+00:00,343.0978,6722.095,0.0011904,18.29598,0.6330570977886825,0.18285984134222702,300-350,quiet_control_2,7.455376900645205
100187,2026-09-21 14:04:51.405000+00:00,0.0013126,15.752436,0.00200796,0.0001767,342.7503,345.1259,6722.075,spacetrack,2026-09-20 13:41:10.416000+00:00,343.5804,6722.2344,0.00092957,24.39471916666667,-0.8166685528900315,-0.15682082560058314,300-350,quiet_control_2,3.2998096958347847
100188,2026-09-18 20:37:19.145000+00:00,0.0017256,15.753592,0.00267437,0.0001643,342.5049,344.71368,6721.746,spacetrack,2026-09-17 01:55:54.142000+00:00,341.39697,6722.343,0.0015672,42.69027861111111,0.6228659279136097,-0.33562676248884626,300-350,quiet_control_2,6.743698375045741
100188,2026-09-19 19:29:30.819000+00:00,0.0012918,15.753011,0.0019804,0.000119,342.9747,344.57452,6721.9116,spacetrack,2026-09-18 20:37:19.145000+00:00,342.5049,6721.746,0.0017256,22.869909444444446,0.49301463249729227,0.17378293559320965,300-350,quiet_control_2,6.999827053194618
100188,2026-09-20 12:15:47.417000+00:00,0.0011753,15.752159,0.00179099,0.000135,343.10944,344.92444,6722.154,spacetrack,2026-09-19 19:29:30.819000+00:00,342.9747,6721.9116,0.0012918,16.77127722222222,0.19281536863010906,0.3468787691550238,300-350,quiet_control_2,7.757388947287159
100189,2026-09-18 02:10:56.387000+00:00,0.0013333,15.752614,0.00204203,9.88e-05,343.22318,344.55145,6722.0244,spacetrack,2026-09-17 12:27:38.765000+00:00,343.16406,6722.2656,0.0010827,13.721561666666668,0.10340513962394017,-0.4218761785730316,300-350,quiet_control_2,8.540023384121607
100189,2026-09-19 13:14:57.432000+00:00,0.00093031,15.751968,0.00140986,9.93e-05,343.40363,344.73865,6722.208,spacetrack,2026-09-18 02:10:56.387000+00:00,343.22318,6722.0244,0.0013333,35.06695694444444,0.12350087881481536,0.125656754504425,300-350,quiet_control_2,6.171101245240802
100190,2026-09-18 13:17:42.913000+00:00,0.00088061,15.752067,0.00133384,5.57e-05,343.6688,344.41763,6722.18,spacetrack,2026-09-17 20:31:26.545000+00:00,343.2104,6722.021,0.0015171,16.771213333333336,0.6559811613709282,0.22753273267528124,300-350,quiet_control_2,6.662697381863051
100190,2026-09-19 03:01:01.940000+00:00,0.0011286,15.751943,0.00171662,0.0001034,343.38333,344.77347,6722.2153,spacetrack,2026-09-18 13:17:42.913000+00:00,343.6688,6722.18,0.00088061,13.721951944444445,-0.4992933970136266,0.06174048731691164,300-350,quiet_control_2,5.197562717176595
100190,2026-09-20 00:21:14.630000+00:00,0.0018923,15.760695,0.00303765,0.0001057,340.87906,342.29962,6719.7266,spacetrack,2026-09-19 03:01:01.940000+00:00,343.38333,6722.2153,0.0011286,21.336858333333335,-2.816838311482148,-2.799324955290456,300-350,quiet_control_2,6.747952584397188
100192,2026-09-18 13:14:39.601000+00:00,0.00094089,15.75254,0.00142977,0.000119,343.10876,344.70862,6722.046,spacetrack,2026-09-17 12:50:59.735000+00:00,342.9304,6722.028,0.0014337,24.39440722222222,0.17547628688023523,0.017708977146497978,300-350,quiet_control_2,7.378088893918377
100193,2026-09-18 20:39:52.095000+00:00,0.0012519,15.752508,0.00191338,0.000125,343.07724,344.75775,6722.0547,spacetrack,2026-09-17 01:58:25.345000+00:00,343.54495,6722.4004,0.001227,42.69076388888889,-0.26293837302172135,-0.19434648725453402,300-350,quiet_control_2,6.731849752825146
100195,2026-09-18 11:36:34.758000+00:00,0.00077038,15.752295,0.00116557,0.0001194,343.17566,344.78088,6722.115,spacetrack,2026-09-17 02:04:01.218000+00:00,342.28775,6722.4097,0.00099333,33.542649999999995,0.635305797246176,-0.2108599052254074,300-350,quiet_control_2,7.591912237107085
100197,2026-09-18 12:45:41.402000+00:00,0.00091018,15.752265,0.00138062,0.0001281,343.12576,344.84796,6722.124,spacetrack,2026-09-17 01:41:38.561000+00:00,343.01273,6722.3657,0.00067246,35.067455833333334,0.07735719445669983,-0.16541833053362998,300-350,quiet_control_2,7.553266256103981
100197,2026-09-19 20:46:46.521000+00:00,0.001667,15.754924,0.00259609,0.0002351,341.65036,344.81073,6721.3677,spacetrack,2026-09-18 12:45:41.402000+00:00,343.12576,6722.124,0.00091018,32.01808861111111,-1.1059248548557272,-0.5669045463788649,300-350,quiet_control_2,6.0713503449382635
100197,2026-09-20 18:07:28.915000+00:00,0.00068364,15.752179,0.00103206,0.000152,342.9893,345.03284,6722.148,spacetrack,2026-09-19 20:46:46.521000+00:00,341.65036,6721.3677,0.001667,21.345109444444443,1.5054764691480482,0.8773531964663989,300-350,quiet_control_2,6.538821578099193
100197,2026-09-21 03:16:21.336000+00:00,0.00045183,15.751918,0.00067804,9.61e-05,343.43942,344.7314,6722.2227,spacetrack,2026-09-20 18:07:28.915000+00:00,342.9893,6722.148,0.00068364,9.147894722222222,1.1809143336287788,0.1959795181778599,300-350,quiet_control_2,4.027262799780192
100197,2026-09-22 12:48:55.113000+00:00,0.00066688,15.752076,0.00100606,0.0002591,342.2987,345.78214,6722.1772,spacetrack,2026-09-21 03:16:21.336000+00:00,343.43942,6722.2227,0.00045183,33.54271583333333,-0.8161915134132733,-0.03255550341928507,300-350,quiet_control_2,2.967566654250492
100202,2026-09-18 12:32:28.803000+00:00,0.0010031,15.752465,0.00152558,0.0001527,342.9034,344.95633,6722.067,spacetrack,2026-09-17 13:40:17.219000+00:00,343.09915,6722.2295,0.00049149,22.869884444444445,-0.2054229880965583,-0.17052993903325644,300-350,quiet_control_2,7.238875957979868
100202,2026-09-19 19:02:04.525000+00:00,0.0012514,15.752944,0.00191639,0.0001542,342.75717,344.8302,6721.9307,spacetrack,2026-09-18 12:32:28.803000+00:00,342.9034,6722.067,0.0010031,30.49325611111111,-0.11509167755690314,-0.10727617897161551,300-350,quiet_control_2,6.053257759488933
100202,2026-09-20 20:57:13.736000+00:00,0.00090439,15.752264,0.00137168,0.000126,343.14,344.83398,6722.124,spacetrack,2026-09-19 19:02:04.525000+00:00,342.75717,6721.9307,0.0012514,25.919225277777777,0.35448281735016596,0.17898683121425257,300-350,quiet_control_2,6.0071274421128695
100202,2026-09-21 07:37:35.242000+00:00,0.0012157,15.752359,0.00185554,0.0001047,343.25616,344.6638,6722.097,spacetrack,2026-09-20 20:57:13.736000+00:00,343.14,6722.124,0.00090439,10.672640555555557,0.26121370671943805,-0.06071599588011391,300-350,quiet_control_2,4.248740588148731
100202,2026-09-22 12:35:42.332000+00:00,0.00104,15.752341,0.00158195,0.0001673,342.8405,345.08972,6722.102,spacetrack,2026-09-21 07:37:35.242000+00:00,343.25616,6722.097,0.0012157,28.96863611111111,-0.34436692020076715,0.0041424111077356714,300-350,quiet_control_2,2.9320424992201817
100202,2026-09-23 20:36:46.687000+00:00,0.001636,15.752692,0.00252102,0.0001736,342.69818,345.03204,6722.002,spacetrack,2026-09-22 12:35:42.332000+00:00,342.8405,6722.102,0.00104,32.01787638888889,-0.10668040436268014,-0.07495812560572479,300-350,quiet_control_2,2.9823223146479245
100245,2026-09-18 22:51:41.080000+00:00,0.0011779,15.991157,0.01064445,0.0099239,210.82753,342.9148,6655.0083,spacetrack,2026-09-17 22:51:52.587000+00:00,212.98293,6660.6978,0.0012324,23.996803611111112,-2.155687100595692,-5.690257844872425,200-250,quiet_control_2,5.39184306641395
100245,2026-09-19 22:49:33.849000+00:00,0.0012315,16.013863,0.01225934,0.0093342,208.51848,332.63937,6648.716,spacetrack,2026-09-18 22:51:41.080000+00:00,210.82753,6655.0083,0.0011779,23.964658055555557,-2.3124552777481697,-6.30157958648581,200-250,quiet_control_2,7.001474752711368
100246,2026-09-18 15:46:12.734000+00:00,0.0011944,15.751752,0.00181749,9.62e-05,343.48593,344.7793,6722.2695,spacetrack,2026-09-17 15:22:32.658000+00:00,342.99655,6722.276,0.0010582,24.394465555555556,0.481466584018881,-0.006394893121673595,300-350,quiet_control_2,6.290387746874645
100246,2026-09-19 14:38:24.571000+00:00,0.0011199,15.752236,0.00170536,0.0001195,343.1915,344.7981,6722.132,spacetrack,2026-09-18 15:46:12.734000+00:00,343.48593,6722.2695,0.0011944,22.86995472222222,-0.30897831175560947,-0.14429412039066813,300-350,quiet_control_2,6.460884505710713
100246,2026-09-20 21:08:00.098000+00:00,0.00087456,15.752123,0.00132486,3.86e-05,343.7677,344.28665,6722.164,spacetrack,2026-09-19 14:38:24.571000+00:00,343.1915,6722.132,0.0011199,30.493201944444444,0.45350435894511854,0.025185941489610904,300-350,quiet_control_2,5.9912530959655514
100246,2026-09-21 01:42:26.327000+00:00,0.0012887,15.752407,0.00197023,0.0001251,343.1054,344.78726,6722.0835,spacetrack,2026-09-20 21:08:00.098000+00:00,343.7677,6722.164,0.00087456,4.5739525,-3.475156333608709,-0.42239179353102124,300-350,quiet_control_2,4.746537291568094
100246,2026-09-22 15:49:26.488000+00:00,0.0010879,15.751938,0.00165345,0.0002026,342.71777,345.44162,6722.217,spacetrack,2026-09-21 01:42:26.327000+00:00,343.1054,6722.0835,0.0012887,38.11671138888889,-0.2440693244777648,0.0840576189091664,300-350,quiet_control_2,3.023036112018554
100246,2026-09-23 22:19:02.074000+00:00,0.0012538,15.752513,0.0019165,0.0001905,342.63556,345.19666,6722.053,spacetrack,2026-09-22 15:49:26.488000+00:00,342.71777,6722.217,0.0010879,30.49321833333333,-0.06470422303186651,-0.12907788075919954,300-350,quiet_control_2,3.2279762095735935
100247,2026-09-18 21:07:24.798000+00:00,0.0014041,15.754213,0.00216867,3.46e-05,343.2,343.66513,6721.5693,spacetrack,2026-09-17 16:09:18.005000+00:00,343.24924,6722.2144,0.0013035,28.968553611111112,-0.04079458076728646,-0.5344554031877902,300-350,quiet_control_2,5.753007986351637
100247,2026-09-19 15:25:10.762000+00:00,0.00090186,15.751879,0.0013657,0.0003093,342.01736,346.17575,6722.2334,spacetrack,2026-09-18 21:07:24.798000+00:00,343.2,6721.5693,0.0014041,18.296101111111113,-1.5513337966176175,0.8711364188034465,300-350,quiet_control_2,7.31175488451061
100247,2026-09-20 20:23:17.189000+00:00,0.0010881,15.752582,0.00165849,0.0001599,342.82172,344.97144,6722.0337,spacetrack,2026-09-19 15:25:10.762000+00:00,342.01736,6722.2334,0.00090186,28.968451944444443,0.6664021963280292,-0.16544895147295088,300-350,quiet_control_2,6.084490803390934
100247,2026-09-21 22:18:26.275000+00:00,0.0012636,15.752442,0.00193122,5.04e-05,343.59735,344.27496,6722.073,spacetrack,2026-09-20 20:23:17.189000+00:00,342.82172,6722.0337,0.0010881,25.919190555555556,0.7181983542309922,0.036390025297554446,300-350,quiet_control_2,3.077267277058099
100248,2026-09-18 01:41:02.519000+00:00,0.0013156,15.752684,0.00201473,0.0001289,343.00104,344.73398,6722.0044,spacetrack,2026-09-17 16:32:10.023000+00:00,342.84967,6722.1,0.0010146,9.147915555555555,0.39712653422925415,-0.2508112352021019,300-350,quiet_control_2,7.1438542951618365
100248,2026-09-19 21:53:56.858000+00:00,0.00080732,15.751407,0.00121874,0.0006146,340.09927,348.3624,6722.3677,spacetrack,2026-09-18 01:41:02.519000+00:00,343.00104,6722.0044,0.0013156,44.21509416666667,-1.5750838330794004,0.19719962524862983,300-350,quiet_control_2,6.135700265103662
100249,2026-09-18 15:48:45.146000+00:00,0.0010405,15.752195,0.00158175,0.0001558,342.95917,345.05377,6722.1436,spacetrack,2026-09-17 15:25:04.598000+00:00,343.3229,6722.245,0.0013578,24.394596666666665,-0.3578464575283998,-0.09975979653374265,300-350,quiet_control_2,6.285185079920021
100249,2026-09-19 20:46:51.880000+00:00,0.0011052,15.75215,0.00168191,8.32e-05,343.46017,344.57877,6722.1562,spacetrack,2026-09-18 15:48:45.146000+00:00,342.95917,6722.1436,0.0010405,28.96853722222222,0.41507100989472806,0.010438911626111142,300-350,quiet_control_2,6.366780035512474
100249,2026-09-20 18:07:35.014000+00:00,0.0013433,15.752155,0.00205349,0.0001308,343.1387,344.89722,6722.155,spacetrack,2026-09-19 20:46:51.880000+00:00,343.46017,6722.1562,0.0011052,21.345315000000003,-0.3614507445779461,-0.001349242211445391,300-350,quiet_control_2,6.538498911301561
100249,2026-09-21 21:34:12.613000+00:00,0.00078345,15.752243,0.00118541,0.0001767,342.80505,345.18066,6722.13,spacetrack,2026-09-20 18:07:35.014000+00:00,343.1387,6722.155,0.0013433,27.4437775,-0.29178198956027307,-0.02186287948119638,300-350,quiet_control_2,2.936842999595567
100249,2026-09-22 15:51:58.854000+00:00,0.0013526,15.752898,0.00207495,0.0001499,342.79898,344.81424,6721.944,spacetrack,2026-09-21 21:34:12.613000+00:00,342.80505,6722.13,0.00078345,18.296178055555554,-0.007962318663394492,-0.24398538243549678,300-350,quiet_control_2,3.429579304518076
100249,2026-09-23 16:15:39.010000+00:00,0.0012211,15.752889,0.00186838,3.17e-05,343.59616,344.02234,6721.9463,spacetrack,2026-09-22 15:51:58.854000+00:00,342.79898,6721.944,0.0013526,24.39448777777778,0.7842886546455488,0.0022628062734308067,300-350,quiet_control_2,2.754042796280162
100249,2026-09-24 01:24:31.832000+00:00,0.0010098,15.752453,0.00153607,0.0002196,342.45712,345.40945,6722.0703,spacetrack,2026-09-23 16:15:39.010000+00:00,343.59616,6721.9463,0.0012211,9.148006111111112,-2.988297085503391,0.3253167918637819,300-350,secondary_active_sep2,6.815706531313958
100250,2026-09-18 22:04:50.397000+00:00,0.001349,15.753365,0.0020735,0.0001001,343.00107,344.34677,6721.811,spacetrack,2026-09-17 15:35:15.270000+00:00,343.03204,6722.057,0.0011806,30.49309083333333,-0.02437535781668677,-0.19361763070434138,300-350,quiet_control_2,5.783964996004969
100250,2026-09-19 20:57:01.270000+00:00,0.0015317,15.752371,0.00235214,0.0001255,343.11295,344.8002,6722.0938,spacetrack,2026-09-18 22:04:50.397000+00:00,343.00107,6721.811,0.001349,22.869686944444446,0.11740956518217308,0.29677712757881053,300-350,quiet_control_2,7.0494240720610355
100250,2026-09-20 21:20:42.585000+00:00,0.00096455,15.752254,0.00146455,0.0001377,343.06436,344.91565,6722.127,spacetrack,2026-09-19 20:57:01.270000+00:00,343.11295,6722.0938,0.0015317,24.394809722222224,-0.04780361123036188,0.03266268559137102,300-350,quiet_control_2,5.971701972351474
100250,2026-09-21 15:38:28.307000+00:00,0.000966,15.751963,0.00146498,0.0002105,342.65784,345.48788,6722.21,spacetrack,2026-09-20 21:20:42.585000+00:00,343.06436,6722.127,0.00096455,18.296033888888886,-0.5332565549042345,0.1088760554384865,300-350,quiet_control_2,3.6019687751999436
100250,2026-09-22 02:18:49.355000+00:00,0.0010254,15.752052,0.00155732,0.0001177,343.25592,344.83832,6722.184,spacetrack,2026-09-21 15:38:28.307000+00:00,342.65784,6722.21,0.000966,10.672513333333335,1.3449428032259405,-0.05846795225331099,300-350,quiet_control_2,3.365053212499566
100251,2026-09-18 16:29:24.732000+00:00,0.0010996,15.751816,0.00167064,6.26e-05,343.69376,344.5354,6722.2515,spacetrack,2026-09-17 16:05:44.342000+00:00,343.30817,6722.2383,0.0011955,24.39455277777778,0.37935354192799875,0.012986505753709786,300-350,quiet_control_2,6.201845994990457
100251,2026-09-19 15:21:36.634000+00:00,0.0012159,15.751734,0.00185078,0.000104,343.43875,344.837,6722.275,spacetrack,2026-09-18 16:29:24.732000+00:00,343.69376,6722.2515,0.0010996,22.86997277777778,-0.2676102879294277,0.02466115746897436,300-350,quiet_control_2,6.5238487506337455
100251,2026-09-20 20:19:43.723000+00:00,0.0012476,15.752236,0.00190442,0.0001561,342.94553,345.0442,6722.132,spacetrack,2026-09-19 15:21:36.634000+00:00,343.43875,6722.275,0.0012159,28.968635833333334,-0.4086240052208254,-0.11847295881470538,300-350,quiet_control_2,6.092677896110418
100251,2026-09-21 08:31:33.933000+00:00,0.001034,15.752267,0.00157227,0.0001806,342.77225,345.2003,6722.123,spacetrack,2026-09-20 20:19:43.723000+00:00,342.94553,6722.132,0.0012476,12.197280555555555,-0.34095468912589866,-0.01770886543246451,300-350,quiet_control_2,3.9676517147150974
100252,2026-09-18 21:01:18.986000+00:00,0.0013313,15.75323,0.0020444,0.0001767,342.52438,344.8999,6721.849,spacetrack,2026-09-17 16:03:12.134000+00:00,343.31305,6722.2017,0.0014004,28.96857,-0.6534005648190169,-0.2922063463949725,300-350,quiet_control_2,5.756516439867223
100252,2026-09-19 15:19:04.358000+00:00,0.0011044,15.7516775,0.00167704,0.000129,343.2868,345.02115,6722.291,spacetrack,2026-09-18 21:01:18.986000+00:00,342.52438,6721.849,0.0013313,18.295936666666666,1.000117148051661,0.5798008701750084,300-350,quiet_control_2,7.31176667460407
100252,2026-09-20 20:17:11.165000+00:00,0.00078099,15.752135,0.00118104,0.0001247,343.18533,344.86182,6722.1606,spacetrack,2026-09-19 15:19:04.358000+00:00,343.2868,6722.291,0.0011044,28.9685575,-0.08406631914620354,-0.10803437485626302,300-350,quiet_control_2,6.098529625132737
100252,2026-09-21 16:06:25.613000+00:00,0.0010447,15.752156,0.00158801,0.0001329,343.12436,344.91113,6722.155,spacetrack,2026-09-20 20:17:11.165000+00:00,343.18533,6722.1606,0.00078099,19.82068,-0.0738259232276562,-0.006780796623017908,300-350,quiet_control_2,3.513570674669083
100253,2026-09-18 15:18:46.037000+00:00,0.0016421,15.752647,0.00253013,5.34e-05,343.51907,344.237,6722.015,spacetrack,2026-09-17 16:26:34.792000+00:00,342.9838,6722.2124,0.0013189,22.869790277777778,0.561722684990397,-0.20715537582361815,300-350,quiet_control_2,6.303082189513835
100253,2026-09-19 21:48:22.006000+00:00,0.001119,15.752402,0.00170525,0.0001344,343.0442,344.85107,6722.0845,spacetrack,2026-09-18 15:18:46.037000+00:00,343.51907,6722.015,0.0016421,30.493324722222223,-0.37374999623096794,0.054700496426190084,300-350,quiet_control_2,6.315661745604815
100253,2026-09-20 16:06:07.864000+00:00,0.00032663,15.751685,0.00048824,0.0001647,343.04465,345.25897,6722.2886,spacetrack,2026-09-19 21:48:22.006000+00:00,343.0442,6722.0845,0.001119,18.296071666666666,0.0005902906480025336,0.26772960279350777,300-350,quiet_control_2,7.070790636326334
100253,2026-09-21 16:29:48.426000+00:00,0.00090281,15.752078,0.00136821,0.000221,342.55432,345.5255,6722.177,spacetrack,2026-09-20 16:06:07.864000+00:00,343.04465,6722.2886,0.00032663,24.394600555555556,-0.48239855263050535,-0.10979478815013266,300-350,quiet_control_2,3.2297803332208237
100253,2026-09-22 15:21:59.623000+00:00,0.0014611,15.752364,0.00224067,7.61e-05,343.44687,344.46997,6722.095,spacetrack,2026-09-21 16:29:48.426000+00:00,342.55432,6722.177,0.00090281,22.869776944444446,0.9366597694431376,-0.08605243526278789,300-350,quiet_control_2,2.9342706750637912
100254,2026-09-18 14:52:51.255000+00:00,0.0014995,15.752427,0.00230189,7.08e-05,343.46466,344.4165,6722.0776,spacetrack,2026-09-17 16:00:39.419000+00:00,343.40018,6722.1396,0.00059198,22.869954444444442,0.06766607269635377,-0.06506353143964602,300-350,quiet_control_2,6.364947722045212
100254,2026-09-19 01:33:12.737000+00:00,0.0012816,15.752624,0.00196095,0.0001197,343.08014,344.6894,6722.022,spacetrack,2026-09-18 14:52:51.255000+00:00,343.46466,6722.0776,0.0014995,10.67263388888889,-0.864686271081391,-0.12503005480040674,300-350,quiet_control_2,4.997747562158065
100254,2026-09-20 21:46:07.679000+00:00,0.00078065,15.752158,0.00118063,0.0001333,343.12097,344.91312,6722.154,spacetrack,2026-09-19 01:33:12.737000+00:00,343.08014,6722.022,0.0012816,44.21526166666667,0.022162483338630204,0.07164946854539851,300-350,quiet_control_2,6.40261633015076
100254,2026-09-21 20:38:19.633000+00:00,0.00085662,15.752219,0.00129785,0.0002092,342.59357,345.4061,6722.1367,spacetrack,2026-09-20 21:46:07.679000+00:00,343.12097,6722.154,0.00078065,22.86998722222222,-0.553458988717795,-0.018154798075572718,300-350,quiet_control_2,3.013766489739816
100255,2026-09-18 16:58:53.950000+00:00,0.00092747,15.751966,0.0014056,0.0002526,342.37363,345.76968,6722.2085,spacetrack,2026-09-17 15:03:44.692000+00:00,342.51535,6721.884,0.0020392,25.919238333333332,-0.13122607833835512,0.3004717924128759,300-350,quiet_control_2,6.191914590082797
100255,2026-09-19 14:19:35.750000+00:00,0.0017168,15.753322,0.00265705,0.0001261,342.83862,344.53387,6721.823,spacetrack,2026-09-18 16:58:53.950000+00:00,342.37363,6722.2085,0.00092747,21.344944444444444,0.5228291893214373,-0.43345158494398983,300-350,quiet_control_2,6.607324398959941
100255,2026-09-20 20:49:11.749000+00:00,0.00074564,15.75221,0.00112715,9.98e-05,343.33157,344.6733,6722.1396,spacetrack,2026-09-19 14:19:35.750000+00:00,342.83862,6721.823,0.0017168,30.493333055555553,0.3879798898482414,0.24918233720659927,300-350,quiet_control_2,6.023620864520669
100256,2026-09-18 09:09:17.740000+00:00,0.0019113,15.753654,0.00297347,0.0001306,342.71378,344.46948,6721.7285,spacetrack,2026-09-17 16:23:01.161000+00:00,343.43002,6722.2183,0.001285,16.771271944444443,-1.0249526724593387,-0.7009128490043262,300-350,quiet_control_2,6.9907623119885605
100256,2026-09-19 15:38:53.621000+00:00,0.0012784,15.752815,0.00195758,0.0001229,343.004,344.65625,6721.9673,spacetrack,2026-09-18 09:09:17.740000+00:00,342.71378,6721.7285,0.0019113,30.493300277777777,0.2284200114959942,0.1879494822729518,300-350,quiet_control_2,6.000000000000001
100256,2026-09-20 20:37:01.361000+00:00,0.00041294,15.751145,0.00061709,0.0001793,343.1,345.51068,6722.4424,spacetrack,2026-09-19 15:38:53.621000+00:00,343.004,6721.9673,0.0012784,28.96881666666667,0.07953379754897665,0.39360945016135473,300-350,quiet_control_2,6.052878276967168
100257,2026-09-18 09:02:09.488000+00:00,0.0011982,15.753043,0.00183397,0.0002117,342.34225,345.1883,6721.9023,spacetrack,2026-09-17 16:15:54.369000+00:00,343.37158,6722.2227,0.0011599,16.770866388888887,-1.4730258668310263,-0.4585094068310617,300-350,quiet_control_2,6.997855275448816
100257,2026-09-19 15:31:46.102000+00:00,0.00041846,15.752693,0.00062969,0.0002244,342.3565,345.37332,6722.002,spacetrack,2026-09-18 09:02:09.488000+00:00,342.34225,6721.9023,0.0011982,30.49350388888889,0.011215503513347148,0.07846917195002556,300-350,quiet_control_2,6.000000000000001
100257,2026-09-20 20:29:53.380000+00:00,0.00084746,15.7521,0.001283,0.0001347,343.12817,344.93915,6722.171,spacetrack,2026-09-19 15:31:46.102000+00:00,342.3565,6722.002,0.00041846,28.968688333333336,0.639313723386303,0.14001324303419524,300-350,quiet_control_2,6.069293974668703
100257,2026-09-21 07:10:15.436000+00:00,0.0004971,15.751736,0.00074615,0.0001681,343.00726,345.2673,6722.2744,spacetrack,2026-09-20 20:29:53.380000+00:00,343.12817,6722.171,0.00084746,10.672793333333333,-0.27189133241602814,0.23251644836489183,300-350,quiet_control_2,4.248708398113833
100258,2026-09-18 16:04:30.869000+00:00,0.0012743,15.751758,0.00194202,9.74e-05,343.4763,344.7858,6722.268,spacetrack,2026-09-17 21:46:46.029000+00:00,342.50427,6722.008,0.0017311,18.29578888888889,1.2750868596962603,0.341062090183759,300-350,quiet_control_2,6.082596040618941
100258,2026-09-19 21:02:37.872000+00:00,0.0011766,15.752287,0.00179407,0.0001479,342.9863,344.9747,6722.1177,spacetrack,2026-09-18 16:04:30.869000+00:00,343.4763,6722.268,0.0012743,28.968611944444444,-0.40595662721265346,-0.12452098177584983,300-350,quiet_control_2,6.384916018729583
100258,2026-09-20 21:26:18.532000+00:00,0.00091225,15.752899,0.00138767,8.76e-05,343.21753,344.39523,6721.9434,spacetrack,2026-09-19 21:02:37.872000+00:00,342.9863,6722.1177,0.0011766,24.394627777777778,0.22748943130236632,-0.17148037830701754,300-350,quiet_control_2,5.96405101032035
100258,2026-09-21 15:44:03.862000+00:00,0.0013576,15.751967,0.00207417,0.0001271,343.21698,344.92575,6722.2085,spacetrack,2026-09-20 21:26:18.532000+00:00,343.21753,6721.9434,0.00091225,18.295925,-0.0007214721311318916,0.34774956718454436,300-350,quiet_control_2,3.591777282524812
100258,2026-09-22 14:36:30.756000+00:00,0.00043614,15.742243,0.00062781,0.0005294,343.27924,350.39963,6724.9766,spacetrack,2026-09-21 15:44:03.862000+00:00,343.21698,6722.2085,0.0013576,22.874137222222224,0.06532443105872626,2.9043456089554507,300-350,quiet_control_2,2.918067413690187
100259,2026-09-18 16:15:41.719000+00:00,0.0010652,15.751741,0.00161678,8.48e-05,343.56564,344.70575,6722.2725,spacetrack,2026-09-17 21:57:56.454000+00:00,343.24106,6721.981,0.0018069,18.295906944444443,0.42577391892368954,0.3823806068346231,300-350,quiet_control_2,6.0316889334613615
100259,2026-09-19 16:39:22.278000+00:00,0.0013608,15.75238,0.00208306,4.97e-05,343.61975,344.28793,6722.091,spacetrack,2026-09-18 16:15:41.719000+00:00,343.56564,6722.2725,0.0010652,24.39459972222222,0.05323473288302792,-0.17856411048320664,300-350,quiet_control_2,6.472365906939855
100259,2026-09-20 18:34:31.691000+00:00,0.0010531,15.752165,0.00160111,0.0001195,343.21194,344.81854,6722.1523,spacetrack,2026-09-19 16:39:22.278000+00:00,343.61975,6722.091,0.0013608,25.91928138888889,-0.3776123208491149,0.056760832907044916,300-350,quiet_control_2,6.37416628052306
100259,2026-09-21 22:01:09.491000+00:00,0.0011535,15.752038,0.00175605,0.0001607,342.9711,345.13162,6722.1885,spacetrack,2026-09-20 18:34:31.691000+00:00,343.21194,6722.1523,0.0010531,27.443833333333334,-0.21061780727915175,0.0316573850838782,300-350,quiet_control_2,2.9859376727012137
100260,2026-09-18 21:18:05.314000+00:00,0.00094702,15.752888,0.00144147,0.0001266,342.95865,344.66064,6721.947,spacetrack,2026-09-17 16:19:58.352000+00:00,343.1015,6722.223,0.0012496,28.968600555555554,-0.11834883060454726,-0.22866137379652665,300-350,quiet_control_2,5.746868146374808
100260,2026-09-19 15:35:50.786000+00:00,0.0007019,15.752018,0.00105929,0.0002066,342.66827,345.4459,6722.194,spacetrack,2026-09-18 21:18:05.314000+00:00,342.95865,6721.947,0.00094702,18.295964444444444,-0.3809102286551208,0.32400587670617126,300-350,quiet_control_2,7.3117646830193515
100260,2026-09-20 20:34:06.274000+00:00,0.0010732,15.749491,0.00161388,0.0004653,341.64792,347.90427,6722.913,spacetrack,2026-09-19 15:35:50.786000+00:00,342.66827,6722.194,0.0007019,28.970968888888887,-0.8452737667807899,0.595630752501257,300-350,quiet_control_2,6.059589385113188
100261,2026-09-18 08:43:53.146000+00:00,0.0010438,15.752369,0.00158814,0.0001141,343.19012,344.7241,6722.094,spacetrack,2026-09-17 15:57:36.992000+00:00,342.82507,6722.226,0.0011511,16.77115388888889,0.5223969714930782,-0.18889576835195648,300-350,quiet_control_2,6.999999999999999
100261,2026-09-19 01:30:09.762000+00:00,0.0012078,15.753058,0.00184893,0.0001649,342.65268,344.86957,6721.898,spacetrack,2026-09-18 08:43:53.146000+00:00,343.19012,6722.094,0.0010438,16.771282222222222,-0.7690860978362934,-0.2804794491959015,300-350,quiet_control_2,4.853796973318279
100261,2026-09-20 21:43:04.773000+00:00,0.0011129,15.752272,0.00169466,0.0001359,343.0712,344.8983,6722.1216,spacetrack,2026-09-19 01:30:09.762000+00:00,342.65268,6721.898,0.0012078,44.21528083333333,0.22717214073256814,0.12136980471151032,300-350,quiet_control_2,6.408362893092559
100261,2026-09-21 16:00:49.997000+00:00,0.00084618,15.752263,0.00128197,0.0001659,342.87204,345.10245,6722.124,spacetrack,2026-09-20 21:43:04.773000+00:00,343.0712,6722.1216,0.0011129,18.295895555555557,-0.26125203794942875,0.0031482470923950455,300-350,quiet_control_2,3.561225298497429
100262,2026-09-18 02:26:47.089000+00:00,0.00076426,15.752067,0.00115499,7.89e-05,343.51282,344.57358,6722.18,spacetrack,2026-09-17 15:46:26.059000+00:00,343.0611,6722.2085,0.0012141,10.672508333333333,1.015813683287436,-0.06408990076402414,300-350,quiet_control_2,7.051870316855119
100262,2026-09-19 11:59:20.769000+00:00,0.00094945,15.752105,0.0014403,0.0001869,342.77597,345.28873,6722.1694,spacetrack,2026-09-18 02:26:47.089000+00:00,343.51282,6722.18,0.00076426,33.54268888888889,-0.5272207025077856,-0.00758436513110935,300-350,quiet_control_2,6.17920142061095
100262,2026-09-20 21:31:54.399000+00:00,0.0015575,15.751903,0.00238805,0.000262,342.32867,345.85114,6722.227,spacetrack,2026-09-19 11:59:20.769000+00:00,342.77597,6722.1694,0.00094945,33.542675,-0.32004603091433886,0.04121317098300106,300-350,quiet_control_2,5.967967596502068
100262,2026-09-21 15:49:39.482000+00:00,0.0012527,15.751919,0.0019098,0.0001738,342.91687,345.2535,6722.222,spacetrack,2026-09-20 21:31:54.399000+00:00,342.32867,6722.227,0.0015575,18.29585638888889,0.771584543513025,-0.00655886215173265,300-350,quiet_control_2,3.5815846159337563
100262,2026-09-22 14:42:50.739000+00:00,0.0010076,15.733496,0.00141078,8.12e-05,348.7856,349.87814,6727.4688,spacetrack,2026-09-21 15:49:39.482000+00:00,342.91687,6722.222,0.0012527,22.886460277777775,6.1542728010570045,5.502082824151971,300-350,quiet_control_2,2.9175730866686496
100263,2026-09-18 23:12:56.943000+00:00,0.00091412,15.752184,0.00138622,0.0001422,343.05402,344.9658,6722.147,spacetrack,2026-09-17 15:11:52.372000+00:00,343.513,6722.24,0.0013018,32.017936388888884,-0.34404216018814426,-0.06971092617858092,300-350,quiet_control_2,5.806424716576614
100263,2026-09-19 15:59:13.685000+00:00,0.0014685,15.752485,0.00225357,0.0001013,343.2432,344.6051,6722.061,spacetrack,2026-09-18 23:12:56.943000+00:00,343.05402,6722.147,0.00091412,16.771317222222223,0.270719344213735,-0.12306725659395044,300-350,quiet_control_2,7.431014611553568
100263,2026-09-20 20:57:20.653000+00:00,0.0015432,15.753017,0.0023772,0.00011,343.03314,344.51196,6721.9097,spacetrack,2026-09-19 15:59:13.685000+00:00,343.2432,6722.061,0.0014685,28.96860222222222,-0.174031179044345,-0.12534950675677922,300-350,quiet_control_2,6.006111866249673
100263,2026-09-21 15:15:05.942000+00:00,0.0011578,15.751922,0.0017619,0.0001225,343.2609,344.90784,6722.221,spacetrack,2026-09-20 20:57:20.653000+00:00,343.03314,6721.9097,0.0015432,18.29591361111111,0.29876835429962323,0.4083534803885465,300-350,quiet_control_2,3.6397104095299726
100263,2026-09-22 21:44:41.859000+00:00,0.0013049,15.752485,0.00199624,0.0002062,342.53793,345.31012,6722.061,spacetrack,2026-09-21 15:15:05.942000+00:00,343.2609,6722.221,0.0011578,30.493310277777777,-0.569019232150872,-0.12592926005789984,300-350,quiet_control_2,2.909870413562566
100263,2026-09-23 22:08:22.275000+00:00,0.0010666,15.752336,0.00162322,0.0001163,343.185,344.74857,6722.104,spacetrack,2026-09-22 21:44:41.859000+00:00,342.53793,6722.061,0.0013049,24.39456,0.6366042265160612,0.042304513793804656,300-350,quiet_control_2,3.2631145017577694
100264,2026-09-18 15:52:19.283000+00:00,0.0014471,15.751801,0.00221307,0.0001337,343.2202,345.01773,6722.256,spacetrack,2026-09-17 15:28:38.918000+00:00,343.32648,6722.0684,0.0015696,24.394545833333336,-0.10456107760429253,0.18456584643001056,300-350,quiet_control_2,6.277868533113021
100264,2026-09-19 16:15:59.725000+00:00,0.0010967,15.751837,0.00166637,9.32e-05,343.48193,344.73495,6722.2456,spacetrack,2026-09-18 15:52:19.283000+00:00,343.2202,6722.256,0.0014471,24.39456722222222,0.25749667714038604,-0.010231786353457253,300-350,quiet_control_2,6.440427822032597
100264,2026-09-21 01:48:47.593000+00:00,-0.0073924,15.740287,-0.00939561,9.56e-05,346.75375,348.03967,6725.5337,spacetrack,2026-09-20 21:14:08.562000+00:00,342.01657,6722.75,-8.599e-05,4.577508611111111,24.83716135979124,14.595013505344822,300-350,quiet_control_2,4.792230198486792
100265,2026-09-18 23:07:21.856000+00:00,0.00094715,15.752966,0.00144225,0.0002125,342.3588,345.2156,6721.9243,spacetrack,2026-09-17 16:37:46.314000+00:00,342.82806,6722.2363,0.0012425,30.49320611111111,-0.36933604026297323,-0.24556289596813105,300-350,quiet_control_2,5.749795687640512
100265,2026-09-19 15:53:37.814000+00:00,0.00059904,15.7521925,0.00090283,6.4e-05,343.57703,344.43744,6722.144,spacetrack,2026-09-18 23:07:21.856000+00:00,342.3588,6721.9243,0.00094715,16.771099444444445,1.7433275675725173,0.314397992658736,300-350,quiet_control_2,7.4310331937093235
100265,2026-09-20 20:51:45.210000+00:00,0.0016624,15.75482,0.0025874,0.0001294,342.39026,344.12976,6721.397,spacetrack,2026-09-19 15:53:37.814000+00:00,343.57703,6722.144,0.00059904,28.96872111111111,-0.9832149610869293,-0.6188744035763035,300-350,quiet_control_2,6.018977940536555
100265,2026-09-21 16:40:58.445000+00:00,0.00097905,15.751468,0.00148188,0.0001719,343.05792,345.36908,6722.3506,spacetrack,2026-09-20 20:51:45.210000+00:00,342.39026,6721.397,0.0016624,19.820343055555554,0.8084542207511833,1.1546924256480424,300-350,quiet_control_2,3.5135964052645967
100265,2026-09-22 15:33:11.340000+00:00,0.00088066,15.751872,0.00133284,0.0001977,342.7696,345.42755,6722.2354,spacetrack,2026-09-21 16:40:58.445000+00:00,343.05792,6722.3506,0.00097905,22.870248611111112,-0.3025625176911354,-0.12089068409432334,300-350,quiet_control_2,2.9424099565550317
100265,2026-09-23 15:56:51.657000+00:00,0.0011988,15.751903,0.00182555,0.0001423,343.13333,345.04648,6722.227,spacetrack,2026-09-22 15:33:11.340000+00:00,342.7696,6722.2354,0.00088066,24.3945325,0.3578473987972268,-0.008264146894106292,300-350,quiet_control_2,2.7540432471907383
100266,2026-09-18 15:41:08.255000+00:00,0.001221,15.751682,0.0018584,6.61e-05,343.70813,344.5968,6722.2896,spacetrack,2026-09-17 15:17:28.317000+00:00,342.74225,6722.1724,0.0011491,24.39442722222222,0.9502629345968956,0.11530502333049607,300-350,quiet_control_2,6.300787880310278
100266,2026-09-19 20:39:15.128000+00:00,0.00093159,15.752187,0.00141319,8.57e-05,343.43298,344.58517,6722.146,spacetrack,2026-09-18 15:41:08.255000+00:00,343.70813,6722.2896,0.001221,28.968575833333336,-0.2279573575861239,-0.11897029456457853,300-350,quiet_control_2,6.358017350851052
100266,2026-09-20 21:02:55.907000+00:00,0.0010947,15.75222,0.0016661,0.0001313,343.11694,344.88217,6722.1367,spacetrack,2026-09-19 20:39:15.128000+00:00,343.43298,6722.146,0.00093159,24.394660833333333,-0.3109270529244435,-0.009149543070838689,300-350,quiet_control_2,5.99599395491584
100266,2026-09-21 01:37:21.991000+00:00,0.00081841,15.752445,0.00124024,0.0001838,342.69998,345.17102,6722.0723,spacetrack,2026-09-20 21:02:55.907000+00:00,343.11694,6722.1367,0.0010947,4.573912222222222,-2.187851343403902,-0.3379164104845893,300-350,quiet_control_2,4.709578670921392
100267,2026-09-18 15:55:52.827000+00:00,0.0011187,15.751809,0.00170032,0.0001392,343.18063,345.0521,6722.2534,spacetrack,2026-09-17 15:32:13.565000+00:00,340.97668,6722.3184,0.0014091,24.394239444444445,2.168331589942099,-0.06394952396712245,300-350,quiet_control_2,6.270564571585674
100267,2026-09-19 16:19:33.282000+00:00,0.001676,15.752468,0.00258207,9.35e-05,343.3004,344.55743,6722.066,spacetrack,2026-09-18 15:55:52.827000+00:00,343.18063,6722.2534,0.0011187,24.394570833333333,0.11783277597458874,-0.18436889219012273,300-350,quiet_control_2,6.445290951863094
100267,2026-09-20 21:17:41.247000+00:00,0.00042447,15.749649,0.0006311,0.0006596,340.29657,349.16537,6722.868,spacetrack,2026-09-19 16:19:33.282000+00:00,343.3004,6722.066,0.001676,28.968879166666667,-2.488598871403851,0.6644371668394423,300-350,quiet_control_2,5.979647757054229
100268,2026-09-18 08:59:07.824000+00:00,0.00086014,15.752403,0.00130435,0.0002285,342.4113,345.48328,6722.0845,spacetrack,2026-09-17 16:12:51.506000+00:00,343.11014,6722.2144,0.0012249,16.771199444444445,-1.0000572741120382,-0.18589010346725604,300-350,quiet_control_2,7.000000000000001
100268,2026-09-19 23:06:07.102000+00:00,0.00096798,15.752342,0.00147051,0.0002185,342.496,345.43356,6722.1016,spacetrack,2026-09-18 08:59:07.824000+00:00,342.4113,6722.0845,0.00086014,38.11646611111111,0.05333128192089619,0.010767000246149006,300-350,quiet_control_2,6.000380238117853
100268,2026-09-20 20:26:50.487000+00:00,0.0010636,15.752317,0.00161841,0.000127,343.11798,344.82538,6722.109,spacetrack,2026-09-19 23:06:07.102000+00:00,342.496,6722.1016,0.00096798,21.34538472222222,0.6993324409121315,0.00832029978944783,300-350,quiet_control_2,6.103561965678634
100268,2026-09-21 08:38:40.943000+00:00,0.00095508,15.752087,0.00144884,0.0001093,343.30267,344.77213,6722.1743,spacetrack,2026-09-20 20:26:50.487000+00:00,343.11798,6722.109,0.0010636,12.197348888888888,0.3634035592798003,0.1284869371417886,300-350,quiet_control_2,3.9676406913196254
100269,2026-09-18 16:18:14.440000+00:00,0.001722,15.753175,0.00266354,0.0001215,342.91122,344.54465,6721.8647,spacetrack,2026-09-17 15:54:33.756000+00:00,343.31644,6722.2363,0.0013381,24.394634444444442,-0.39866471547863114,-0.3655885895850671,300-350,quiet_control_2,6.224746188494729
100269,2026-09-19 09:04:30.882000+00:00,0.00099643,15.75212,0.00151298,5.87e-05,343.63342,344.4226,6722.165,spacetrack,2026-09-18 16:18:14.440000+00:00,342.91122,6721.8647,0.001722,16.77123388888889,1.0334838876394679,0.4297358231210372,300-350,quiet_control_2,6.866529995258748
100269,2026-09-20 21:40:01.227000+00:00,0.00084561,15.752578,0.00128284,0.000104,343.19855,344.5967,6722.0347,spacetrack,2026-09-19 09:04:30.882000+00:00,343.63342,6722.165,0.00099643,36.5917625,-0.2852248508117024,-0.08546185770623525,300-350,quiet_control_2,5.883613969127614
100269,2026-09-21 15:57:47.191000+00:00,0.0008488,15.752293,0.00128618,0.0001608,342.89795,345.05975,6722.1157,spacetrack,2026-09-20 21:40:01.227000+00:00,343.19855,6722.0347,0.00084561,18.296101111111113,-0.39431351828393035,0.1062521456455312,300-350,quiet_control_2,3.5667810767940784
100371,2026-09-18 12:20:57.930000+00:00,0.0013725,15.752618,0.00210379,0.0002536,342.1816,345.591,6722.0234,spacetrack,2026-09-17 13:28:46.339000+00:00,342.69385,6722.167,0.001021,22.86988638888889,-0.5375627928773966,-0.15069598254245797,300-350,quiet_control_2,7.339572789258986
100371,2026-09-19 21:53:30.824000+00:00,0.00043881,15.75193,0.00065837,0.00015,343.07358,345.09027,6722.2188,spacetrack,2026-09-18 12:20:57.930000+00:00,342.1816,6722.0234,0.0013725,33.54247055555555,0.6382213249481135,0.13981081066236128,300-350,quiet_control_2,6.031252170237842
100371,2026-09-20 13:08:18.702000+00:00,0.001564,15.753134,0.00241145,0.000118,342.94644,344.5328,6721.8765,spacetrack,2026-09-19 21:53:30.824000+00:00,343.07358,6722.2188,0.00043881,15.246632777777776,-0.20013337006760862,-0.5388206117194593,300-350,quiet_control_2,7.818299406655874
100371,2026-09-21 10:29:01.818000+00:00,0.00091344,15.752155,0.001385,0.0001515,342.99954,345.03635,6722.155,spacetrack,2026-09-20 13:08:18.702000+00:00,342.94644,6721.8765,0.001564,21.345309999999998,0.05970398181149379,0.3131367030971466,300-350,quiet_control_2,3.368299718611099
100371,2026-09-22 13:55:39.909000+00:00,0.00066634,15.752185,0.0010056,0.0001308,343.13016,344.88867,6722.1465,spacetrack,2026-09-21 10:29:01.818000+00:00,342.99954,6722.155,0.00091344,27.443914166666666,0.1142286038704631,-0.007433342006501485,300-350,quiet_control_2,2.9297566488405122
100371,2026-09-23 14:19:20.353000+00:00,0.00094008,15.751835,0.00142411,0.0001427,343.14972,345.06824,6722.246,spacetrack,2026-09-22 13:55:39.909000+00:00,343.13016,6722.1465,0.00066634,24.39456777777778,0.019243628510931865,0.09789064605529244,300-350,quiet_control_2,2.7100892475560703
100382,2026-09-18 02:06:00.512000+00:00,0.0011744,15.751846,0.00178714,0.0001148,343.33408,344.8775,6722.2427,spacetrack,2026-09-17 03:13:49.043000+00:00,343.16782,6722.3022,0.0011564,22.8698525,0.17447598317475707,-0.06244028027759075,300-350,quiet_control_2,7.705301772278592
100502,2026-09-18 19:28:58.913000+00:00,0.00088316,15.775966,0.00149892,0.0003637,334.81003,339.6948,6715.3896,spacetrack,2026-09-17 19:08:02.714000+00:00,334.66373,6715.338,0.0010385,24.348944166666666,0.14420337801779087,0.05086052157086569,300-350,quiet_control_2,5.817277737539133
100502,2026-09-19 18:18:36.333000+00:00,0.00091126,15.775894,0.00154721,0.0004085,334.5296,340.01608,6715.4097,spacetrack,2026-09-18 19:28:58.913000+00:00,334.81003,6715.3896,0.00088316,22.82706111111111,-0.2948395313456806,0.021132812395139866,300-350,quiet_control_2,6.852019192133314
100502,2026-09-20 23:13:27.923000+00:00,0.00084565,15.776126,0.00143519,0.0003906,334.58392,339.82996,6715.3438,spacetrack,2026-09-19 18:18:36.333000+00:00,334.5296,6715.4097,0.00091126,28.914330555555555,0.04508767711201909,-0.05469951991360811,300-350,quiet_control_2,5.846136983785145
100502,2026-09-21 23:34:24.358000+00:00,0.0014323,15.776177,0.00246226,0.0003673,334.72577,339.65884,6715.329,spacetrack,2026-09-20 23:13:27.923000+00:00,334.58392,6715.3438,0.00084565,24.34900972222222,0.13981677443307955,-0.014587862260121993,300-350,quiet_control_2,3.1200230536411846
100502,2026-09-22 16:18:48.002000+00:00,0.00092533,15.775352,0.00156818,0.0005182,333.94666,340.90668,6715.5635,spacetrack,2026-09-21 23:34:24.358000+00:00,334.72577,6715.329,0.0014323,16.739901111111113,-1.1170101827894814,0.33620270291058885,300-350,quiet_control_2,3.2301766550990516
100502,2026-09-23 22:44:57.934000+00:00,0.0013852,15.77645,0.00238193,0.0003847,334.53156,339.69827,6715.252,spacetrack,2026-09-22 16:18:48.002000+00:00,333.94666,6715.5635,0.00092533,30.43609222222222,0.4612155823917131,-0.24562943052645503,300-350,quiet_control_2,3.271003198213174
100503,2026-09-18 19:32:01.547000+00:00,0.0010133,15.776055,0.00172538,0.0003478,334.8913,339.5625,6715.364,spacetrack,2026-09-17 17:39:46.645000+00:00,334.05414,6715.2856,0.0011449,25.87080611111111,0.7766221088631042,0.07273062895314836,300-350,quiet_control_2,5.835171502086296
100503,2026-09-19 21:24:15.880000+00:00,0.0015246,15.776105,0.00262524,0.0003705,334.7249,339.701,6715.35,spacetrack,2026-09-18 19:32:01.547000+00:00,334.8913,6715.364,0.0010133,25.870648055555556,-0.1543679923063482,-0.012987691659660102,300-350,quiet_control_2,6.757665178103546
100503,2026-09-20 23:16:30.615000+00:00,0.0010623,15.775991,0.00181043,0.0004048,334.52686,339.96362,6715.3823,spacetrack,2026-09-19 21:24:15.880000+00:00,334.7249,6715.35,0.0015246,25.87075972222222,-0.18371938246240022,0.029964330708484328,300-350,quiet_control_2,5.824112561226486
100503,2026-09-21 23:37:26.979000+00:00,0.00081453,15.776095,0.00138107,0.0003342,334.9715,339.46005,6715.3525,spacetrack,2026-09-20 23:16:30.615000+00:00,334.52686,6715.3823,0.0010623,24.34899,0.43826704926979815,-0.029372881585889476,300-350,quiet_control_2,3.1221057149940648
100503,2026-09-22 23:58:23.239000+00:00,0.0016232,15.776401,0.00280464,0.0003207,334.97556,339.2827,6715.266,spacetrack,2026-09-21 23:37:26.979000+00:00,334.9715,6715.3525,0.00081453,24.34896111111111,0.0040018134471900176,-0.08526031112928553,300-350,quiet_control_2,3.1540796059517033
100503,2026-09-23 22:48:00.846000+00:00,0.0011062,15.776,0.00188678,0.000329,335.03345,339.45218,6715.38,spacetrack,2026-09-22 23:58:23.239000+00:00,334.97556,6715.266,0.0016232,22.827113055555557,0.06086446396527123,0.11985746920133751,300-350,quiet_control_2,3.368014342398654
100503,2026-09-24 00:19:19.150000+00:00,0.0013015,15.776378,0.00223349,0.0004473,334.1317,340.1392,6715.2725,spacetrack,2026-09-23 22:48:00.846000+00:00,335.03345,6715.38,0.0011062,1.521751111111111,-14.221773746035154,-1.6954152233987538,300-350,secondary_active_sep2,7.904302864536177
100504,2026-09-19 17:41:34.617000+00:00,0.0010512,15.776092,0.00179188,0.0004215,334.3862,340.04724,6715.3535,spacetrack,2026-09-18 23:25:52.448000+00:00,334.82083,6715.352,0.00083953,18.26171361111111,-0.57120159817061,0.0019713374535361467,300-350,quiet_control_2,7.314224968756355
100504,2026-09-20 21:05:07.678000+00:00,0.0011607,15.776129,0.0019837,0.0004399,334.25208,340.16022,6715.3433,spacetrack,2026-09-19 17:41:34.617000+00:00,334.3862,6715.3535,0.0010512,27.392516944444445,-0.11750946459312966,-0.008936747232450592,300-350,quiet_control_2,5.993759893529721
100504,2026-09-21 22:57:21.206000+00:00,0.00021003,15.775672,0.00034946,0.0003678,334.86584,339.80576,6715.4727,spacetrack,2026-09-20 21:05:07.678000+00:00,334.25208,6715.3433,0.0011607,25.870424444444446,0.5693853238331222,0.12004441622766779,300-350,quiet_control_2,3.1479030623643935
100504,2026-09-22 17:13:04.555000+00:00,0.00096258,15.77545,0.00163286,0.0004015,334.70267,340.09525,6715.536,spacetrack,2026-09-21 22:57:21.206000+00:00,334.86584,6715.4727,0.00021003,18.26204138888889,-0.21443823922018693,0.08318894737143143,300-350,quiet_control_2,3.2786226786225936
100504,2026-09-23 23:39:14.453000+00:00,0.0011523,15.776359,0.00197087,0.0004265,334.27704,340.00516,6715.2783,spacetrack,2026-09-22 17:13:04.555000+00:00,334.70267,6715.536,0.00096258,30.436082777777777,-0.33562531928250106,-0.20320617620735404,300-350,quiet_control_2,3.3601660649533507
100505,2026-09-18 18:46:39.297000+00:00,0.00078484,15.821851,0.00164294,0.0003476,321.933,326.5925,6702.4,spacetrack,2026-09-17 20:00:59.535000+00:00,321.51505,6702.258,0.0011196,22.761045,0.4407003281264307,0.14972950495004994,300-350,quiet_control_2,5.897511406000911
100505,2026-09-19 22:05:26.070000+00:00,0.0015927,15.822211,0.00341137,0.0004114,321.40338,326.91803,6702.298,spacetrack,2026-09-18 18:46:39.297000+00:00,321.933,6702.4,0.00078484,27.3129925,-0.4653785190326244,-0.08962767444822028,300-350,quiet_control_2,6.634597161039751
100505,2026-09-20 23:53:10.423000+00:00,0.00088788,15.821663,0.00186214,0.000375,321.80215,326.829,6702.4526,spacetrack,2026-09-19 22:05:26.070000+00:00,321.40338,6702.298,0.0015927,25.795653611111113,0.37101133951793347,0.14383818514286822,300-350,quiet_control_2,5.776223649563358
100505,2026-09-21 16:34:39.639000+00:00,0.0015466,15.821835,0.00330228,0.0003835,321.6967,326.83743,6702.4043,spacetrack,2026-09-20 23:53:10.423000+00:00,321.80215,6702.4526,0.00088788,16.69144888888889,-0.15162254738016093,-0.06944873436115992,300-350,quiet_control_2,3.451494291421609
100505,2026-09-22 16:51:21.245000+00:00,0.00085589,15.821985,0.00179681,0.0004863,320.96518,327.4839,6702.3613,spacetrack,2026-09-21 16:34:39.639000+00:00,321.6967,6702.4043,0.0015466,24.27822388888889,-0.7231369181019851,-0.04250722807141167,300-350,quiet_control_2,2.9414157103703564
100506,2026-09-18 17:23:25.957000+00:00,0.00079893,15.821856,0.00167338,0.0004168,321.4676,327.05472,6702.398,spacetrack,2026-09-17 18:37:46.763000+00:00,321.57504,6702.451,0.0010013,22.760887222222223,-0.1132890811691378,-0.05588534346566725,300-350,quiet_control_2,6.053552955378106
100506,2026-09-19 17:40:07.738000+00:00,0.00082658,15.821939,0.00173342,0.0004587,321.16333,327.31207,6702.3745,spacetrack,2026-09-18 17:23:25.957000+00:00,321.4676,6702.398,0.00079893,24.2782725,-0.3007825206674297,-0.02323064789744668,300-350,quiet_control_2,6.567630469681162
100506,2026-09-20 20:58:55.179000+00:00,0.00098843,15.821757,0.00207953,0.0004066,321.56378,327.0142,6702.426,spacetrack,2026-09-19 17:40:07.738000+00:00,321.16333,6702.3745,0.00082658,27.313178055555557,0.35187410196104874,0.045252881136631215,300-350,quiet_control_2,6.002636944451754
100506,2026-09-21 22:46:50.502000+00:00,0.0016165,15.820242,0.00343797,0.0009073,318.63553,330.79852,6702.854,spacetrack,2026-09-20 20:58:55.179000+00:00,321.56378,6702.426,0.00098843,25.798700833333335,-2.724090660766792,0.39815958432779763,300-350,quiet_control_2,3.137347387744751
100507,2026-09-18 22:51:37.930000+00:00,0.0014264,15.776947,0.00246077,0.000436,334.04623,339.90182,6715.111,spacetrack,2026-09-17 17:56:46.357000+00:00,334.0518,6715.094,0.0019584,28.914325833333333,-0.004623313743207251,0.014110652357851413,300-350,quiet_control_2,5.690595923648882
100507,2026-09-19 23:12:33.938000+00:00,0.00073181,15.776114,0.00123859,0.000313,335.10837,339.3122,6715.347,spacetrack,2026-09-18 22:51:37.930000+00:00,334.04623,6715.111,0.0014264,24.34889111111111,1.046920776953474,0.23261839621979263,300-350,quiet_control_2,6.985671170423366
100507,2026-09-20 23:33:30.403000+00:00,0.0010665,15.775931,0.001817,0.0003569,334.8655,339.65897,6715.3994,spacetrack,2026-09-19 23:12:33.938000+00:00,335.10837,6715.347,0.00073181,24.349018055555554,-0.23938870909291698,0.05164890005594276,300-350,quiet_control_2,5.789852283000461
100507,2026-09-21 01:04:48.731000+00:00,0.00061926,15.775887,0.00104433,0.0003377,335.0071,339.5427,6715.412,spacetrack,2026-09-20 23:33:30.403000+00:00,334.8655,6715.3994,0.0010665,1.521757777777778,2.2332069200673086,0.19871756492158923,300-350,quiet_control_2,5.419678047754715
100507,2026-09-22 16:38:49.899000+00:00,0.0010647,15.775999,0.00181462,0.000399,334.56366,339.92255,6715.38,spacetrack,2026-09-21 01:04:48.731000+00:00,335.0071,6715.412,0.00061926,39.566991111111115,-0.26897572196259945,-0.019410118850002697,300-350,quiet_control_2,3.0697397187869173
100507,2026-09-23 16:59:46.533000+00:00,0.0010913,15.775417,0.00185705,0.0005838,333.48743,341.3285,6715.545,spacetrack,2026-09-22 16:38:49.899000+00:00,334.56366,6715.38,0.0010647,24.349065000000003,-1.0608013079763114,0.162634581656385,300-350,quiet_control_2,2.7535839671872413
100508,2026-09-18 17:49:17.581000+00:00,0.00017999,15.775445,0.00029865,0.0003509,335.04376,339.7567,6715.537,spacetrack,2026-09-17 06:49:13.111000+00:00,335.40247,6715.5396,0.0018516,35.001241666666665,-0.24596384556831774,-0.001782793895985602,300-350,quiet_control_2,6.867309215300059
100508,2026-09-19 18:10:14.077000+00:00,0.00096129,15.775944,0.00163434,0.0004185,334.44824,340.06903,6715.3955,spacetrack,2026-09-18 17:49:17.581000+00:00,335.04376,6715.537,0.00017999,24.349026666666667,-0.5869836275454348,-0.13947169414637214,300-350,quiet_control_2,6.601383404602438
100508,2026-09-20 23:05:06.002000+00:00,0.0016152,15.776537,0.00279232,0.0003901,334.47067,339.70987,6715.227,spacetrack,2026-09-19 18:10:14.077000+00:00,334.44824,6715.3955,0.00096129,28.91442361111111,0.018617697770492457,-0.13986099305954697,300-350,quiet_control_2,5.8557812817853065
100508,2026-09-21 23:26:02.438000+00:00,0.0016552,15.776251,0.00286112,0.0005443,333.5165,340.8268,6715.3086,spacetrack,2026-09-20 23:05:06.002000+00:00,334.47067,6715.227,0.0016152,24.34901,-0.9404932685147953,0.08043037478774055,300-350,quiet_control_2,3.114297072265179
100508,2026-09-22 23:46:58+00:00,0.00080695,15.77602,0.00136775,0.0004129,334.4644,340.00995,6715.374,spacetrack,2026-09-21 23:26:02.438000+00:00,333.5165,6715.3086,0.0016552,24.348767222222225,0.9343224563433903,0.06446322253865361,300-350,quiet_control_2,3.169699716259876
100508,2026-09-23 22:36:33.927000+00:00,0.00039828,15.775818,0.00066766,0.0003355,335.04147,339.54752,6715.4316,spacetrack,2026-09-22 23:46:58+00:00,334.4644,6715.374,0.00080695,22.82664638888889,0.6067330156190305,0.06056080146206379,300-350,quiet_control_2,3.3429444854330637
100509,2026-09-18 22:54:25.173000+00:00,0.0014253,15.776772,0.00245741,0.0005186,333.5413,340.50626,6715.1606,spacetrack,2026-09-17 17:59:33.841000+00:00,334.45053,6715.427,0.00056018,28.914258888888888,-0.7546975381197268,-0.22112273479177535,300-350,quiet_control_2,5.688986197236866
100509,2026-09-19 21:44:02.856000+00:00,0.00099945,15.77619,0.00170231,0.0003611,334.76395,339.61377,6715.3257,spacetrack,2026-09-18 22:54:25.173000+00:00,333.5413,6715.1606,0.0014253,22.827134166666667,1.285470168342466,0.17358289354561546,300-350,quiet_control_2,7.051380336435137
100509,2026-09-20 23:36:17.756000+00:00,0.0009612,15.775976,0.00163428,0.000376,334.72443,339.77438,6715.386,spacetrack,2026-09-19 21:44:02.856000+00:00,334.76395,6715.3257,0.00099945,25.870805555555553,-0.036662174974186244,0.055939502807308805,300-350,quiet_control_2,5.79861993731673
100509,2026-09-21 01:07:36.077000+00:00,0.00043466,15.775923,0.0007298,0.0003685,334.79004,339.7393,6715.402,spacetrack,2026-09-20 23:36:17.756000+00:00,334.72443,6715.386,0.0009612,1.5217558333333334,1.0347520709354825,0.2523400874040259,300-350,quiet_control_2,5.480773762618146
100509,2026-09-22 22:46:51.391000+00:00,0.0012236,15.776319,0.00209546,0.0003773,334.61877,339.68613,6715.2896,spacetrack,2026-09-21 01:07:36.077000+00:00,334.79004,6715.402,0.00043466,45.654253888888896,-0.09003498359657156,-0.05908759360222596,300-350,quiet_control_2,3.0573864560290396
100509,2026-09-23 23:07:47.967000+00:00,0.00099443,15.775982,0.00169243,0.0004763,334.04947,340.44656,6715.3853,spacetrack,2026-09-22 22:46:51.391000+00:00,334.61877,6715.2896,0.0012236,24.349048888888888,-0.5611389612115337,0.0943281197749177,300-350,quiet_control_2,3.385640217112747
100510,2026-09-19 22:32:44.572000+00:00,0.0011687,15.776422,0.00200011,0.0004073,334.38794,339.8582,6715.2603,spacetrack,2026-09-18 22:11:50.842000+00:00,334.8951,6715.3965,0.0010877,24.348258333333334,-0.4999059823238544,-0.13425190234337814,300-350,quiet_control_2,6.985696786662701
100510,2026-09-20 21:22:22.387000+00:00,0.00081565,15.776126,0.00138316,0.0003182,335.07022,339.34387,6715.344,spacetrack,2026-09-19 22:32:44.572000+00:00,334.38794,6715.2603,0.0011687,22.827170833333334,0.7173346237059147,0.08800039280688703,300-350,quiet_control_2,5.967329698410697
100510,2026-09-21 14:06:46.203000+00:00,0.001127,15.775878,0.00192212,0.000367,334.81296,339.74207,6715.4146,spacetrack,2026-09-20 21:22:22.387000+00:00,335.07022,6715.344,0.00081565,16.73994888888889,-0.3688326673505483,0.10121894703782333,300-350,quiet_control_2,3.6945728926293016
100510,2026-09-22 17:30:19.119000+00:00,0.00099784,15.77564,0.00169531,0.0003685,334.87027,339.81958,6715.482,spacetrack,2026-09-21 14:06:46.203000+00:00,334.81296,6715.4146,0.001127,27.392476666666667,0.050212327156034506,0.0590527107016281,300-350,quiet_control_2,2.890480877778728
100510,2026-09-23 16:19:56.870000+00:00,0.0008114,15.775982,0.00137541,0.0004728,334.07272,340.4228,6715.385,spacetrack,2026-09-22 17:30:19.119000+00:00,334.87027,6715.482,0.00099784,22.827153055555556,-0.8385276934629191,-0.10198380824486941,300-350,quiet_control_2,2.7371551333888413
100511,2026-09-18 22:17:23.657000+00:00,0.00092802,15.776058,0.0015774,0.0004021,334.52588,339.9264,6715.3633,spacetrack,2026-09-17 23:27:45.925000+00:00,334.51398,6715.3237,0.0011113,22.82714777777778,0.012511418543374947,0.04163463649745812,300-350,quiet_control_2,5.282071023814577
100511,2026-09-19 22:38:19.560000+00:00,0.0010129,15.776201,0.00172596,0.0004182,334.37735,339.99405,6715.3228,spacetrack,2026-09-18 22:17:23.657000+00:00,334.52588,6715.3633,0.00092802,24.348861944444447,-0.14640191431259872,-0.039919730220629376,300-350,quiet_control_2,6.985672351125057
100511,2026-09-20 22:59:15.880000+00:00,0.00067797,15.775912,0.00114515,0.000383,334.69577,339.83975,6715.405,spacetrack,2026-09-19 22:38:19.560000+00:00,334.37735,6715.3228,0.0010129,24.34897777777778,0.3138562969561154,0.08102188182193011,300-350,quiet_control_2,5.836728715054431
100511,2026-09-21 08:07:07.222000+00:00,0.0015709,15.77633,0.00271012,0.0002914,335.19217,339.10587,6715.286,spacetrack,2026-09-20 22:59:15.880000+00:00,334.69577,6715.405,0.00067797,9.130928333333333,1.3047523280308877,-0.31278309233535306,300-350,quiet_control_2,4.193042194626553
100511,2026-09-22 23:41:08.001000+00:00,0.0011313,15.7762985,0.00193337,0.0003908,334.53363,339.78232,6715.295,spacetrack,2026-09-21 08:07:07.222000+00:00,335.19217,6715.286,0.0015709,39.56688305555556,-0.39944920548346974,0.005459110835115955,300-350,quiet_control_2,2.9019046504933823
100511,2026-09-23 16:25:31.664000+00:00,0.00054844,15.776029,0.00092424,0.0004821,333.9971,340.47205,6715.3716,spacetrack,2026-09-22 23:41:08.001000+00:00,334.53363,6715.295,0.0011313,16.73990638888889,-0.7692229395349295,0.10982140265898145,300-350,quiet_control_2,2.641575056597538
100511,2026-09-24 00:02:04.336000+00:00,0.0017816,15.776584,0.00309166,0.000385,334.49164,339.66235,6715.214,spacetrack,2026-09-23 16:25:31.664000+00:00,333.9971,6715.3716,0.00054844,7.609075555555555,1.5598425739556374,-0.4970906087598712,300-350,secondary_active_sep2,5.420064461035419
100512,2026-09-18 08:47:01.838000+00:00,0.00072701,15.77595,0.00122949,0.0003511,334.89914,339.6147,6715.394,spacetrack,2026-09-17 23:39:10.888000+00:00,334.95004,6715.3477,0.00092555,9.130819444444443,-0.13378864924807798,0.12169773006249401,300-350,quiet_control_2,6.747443380857566
100512,2026-09-19 21:18:25.948000+00:00,0.0014166,15.775904,0.00243143,0.0003571,334.87213,339.66827,6715.407,spacetrack,2026-09-18 08:47:01.838000+00:00,334.89914,6715.394,0.00072701,36.52336388888889,-0.017748638980000543,0.0085424771099191,300-350,quiet_control_2,6.005918296895343
100512,2026-09-20 23:10:40.550000+00:00,0.0011591,15.776294,0.00198212,0.0003978,334.4881,339.8308,6715.2964,spacetrack,2026-09-19 21:18:25.948000+00:00,334.87213,6715.407,0.0014166,25.87072277777778,-0.3562606301791522,-0.10260246777022773,300-350,quiet_control_2,5.831629709439248
100512,2026-09-21 00:41:59.036000+00:00,0.00010285,15.775647,0.00016953,0.0003701,334.85757,339.82837,6715.48,spacetrack,2026-09-20 23:10:40.550000+00:00,334.4881,6715.2964,0.0011591,1.5218016666666667,5.826830259309423,2.895515293814216,300-350,quiet_control_2,4.919610271888985
100512,2026-09-22 17:47:18.832000+00:00,0.0013097,15.775953,0.0022437,0.0004613,334.15826,340.35388,6715.393,spacetrack,2026-09-21 00:41:59.036000+00:00,334.85757,6715.48,0.00010285,41.08883222222222,-0.40846719393800546,-0.05081672773507453,300-350,quiet_control_2,3.094935852940197
100512,2026-09-23 22:42:10.506000+00:00,0.00097361,15.776161,0.00165698,0.0002926,335.23215,339.16196,6715.334,spacetrack,2026-09-22 17:47:18.832000+00:00,334.15826,6715.393,0.0013097,28.91435388888889,0.891369044559707,-0.04897221654843377,300-350,quiet_control_2,3.280440470195532
100512,2026-09-24 00:13:28.996000+00:00,0.0014695,15.776533,0.00253289,0.0004747,333.90375,340.2792,6715.2285,spacetrack,2026-09-23 22:42:10.506000+00:00,335.23215,6715.334,0.00097361,1.5218027777777776,-20.94988947684471,-1.6638161245107839,300-350,secondary_active_sep2,7.32900927080272
100513,2026-09-18 16:32:11.910000+00:00,0.0016501,15.776546,0.00285488,0.000387,334.48926,339.68683,6715.225,spacetrack,2026-09-17 17:42:34.244000+00:00,334.45392,6715.3438,0.0010503,22.827129444444445,0.037155788776012,-0.12490400980648458,300-350,quiet_control_2,6.14093775795482
100513,2026-09-19 21:27:03.281000+00:00,0.0018428,15.777174,0.00321079,0.000394,334.26395,339.55542,6715.047,spacetrack,2026-09-18 16:32:11.910000+00:00,334.48926,6715.225,0.0016501,28.914269722222222,-0.18701630896953203,-0.1477471172905247,300-350,quiet_control_2,6.417554496424108
100513,2026-09-20 23:19:18.276000+00:00,0.0012083,15.776791,0.00207305,0.0003709,334.5278,339.5091,6715.1553,spacetrack,2026-09-19 21:27:03.281000+00:00,334.26395,6715.047,0.0018428,25.870831944444443,0.24476986335801282,0.10046835778610948,300-350,quiet_control_2,5.8205126655131085
100513,2026-09-21 00:50:36.665000+00:00,0.00097798,15.775605,0.0016605,0.0003336,335.11444,339.59503,6715.4917,spacetrack,2026-09-20 23:19:18.276000+00:00,334.5278,6715.1553,0.0012083,1.5217747222222222,9.251934464675475,5.305384484368213,300-350,quiet_control_2,5.108597801287933
100513,2026-09-22 16:24:37.691000+00:00,0.00092983,15.775494,0.00157674,0.0004634,334.27435,340.4983,6715.5234,spacetrack,2026-09-21 00:50:36.665000+00:00,335.11444,6715.4917,0.00097798,39.56695166666667,-0.5095707187618674,0.01922816815458317,300-350,quiet_control_2,3.0876854467476242
100513,2026-09-23 22:50:48.036000+00:00,0.0010442,15.776161,0.0017799,0.0003297,334.9829,339.411,6715.334,spacetrack,2026-09-22 16:24:37.691000+00:00,334.27435,6715.5234,0.00092983,30.436206944444447,0.5587161380206962,-0.1493484391239046,300-350,quiet_control_2,3.2805878543140485
100513,2026-09-24 00:22:06.471000+00:00,0.00099132,15.776231,0.00168867,0.000412,334.41055,339.94397,6715.3145,spacetrack,2026-09-23 22:50:48.036000+00:00,334.9829,6715.334,0.0010442,1.5217875,-9.026490229417261,-0.30753308197511464,300-350,secondary_active_sep2,8.17913309184101
100514,2026-09-18 23:05:50.064000+00:00,0.0017684,15.777528,0.00308191,0.0005079,333.3988,340.21985,6714.9463,spacetrack,2026-09-17 18:10:58.624000+00:00,334.2985,6715.3613,0.00094437,28.91428888888889,-0.7467864792724515,-0.3444663653418269,300-350,quiet_control_2,5.68873521204049
100514,2026-09-19 21:55:27.483000+00:00,0.001191,15.776418,0.00203944,0.0004509,334.09616,340.152,6715.261,spacetrack,2026-09-18 23:05:50.064000+00:00,333.3988,6714.9463,0.0017684,22.82706083333333,0.7331929468361654,0.330870454815211,300-350,quiet_control_2,7.051383714058968
100514,2026-09-20 23:47:42.517000+00:00,0.00060555,15.77588,0.00102096,0.0003861,334.684,339.86963,6715.4136,spacetrack,2026-09-19 21:55:27.483000+00:00,334.09616,6715.261,0.001191,25.870842777777778,0.5453305144012988,0.14156477357329864,300-350,quiet_control_2,5.783915534942522
100514,2026-09-21 07:24:15.107000+00:00,0.0011044,15.776172,0.00188519,0.0003627,334.75827,339.62958,6715.331,spacetrack,2026-09-20 23:47:42.517000+00:00,334.684,6715.4136,0.00060555,7.609052777777777,0.23425780475654867,-0.2605317715475833,300-350,quiet_control_2,4.419448690320995
100514,2026-09-22 16:53:02.133000+00:00,0.0010708,15.7756,0.00182206,0.0004213,334.52698,340.18546,6715.493,spacetrack,2026-09-21 07:24:15.107000+00:00,334.75827,6715.331,0.0011044,33.479729444444445,-0.16580062300715953,0.11612997071729483,300-350,quiet_control_2,2.8627287708899414
100514,2026-09-23 23:19:12.276000+00:00,0.0010306,15.776167,0.00175686,0.0004893,333.9095,340.4811,6715.3325,spacetrack,2026-09-22 16:53:02.133000+00:00,334.52698,6715.493,0.0010708,30.436150833333333,-0.4869051964274615,-0.12656002465923796,300-350,quiet_control_2,3.327249988165115
100515,2026-09-18 21:11:42.232000+00:00,0.0013983,15.7759695,0.00239997,0.0004002,334.56396,339.93896,6715.3887,spacetrack,2026-09-17 17:48:09.184000+00:00,334.35052,6715.4663,0.00076362,27.392513333333333,0.1870058412554012,-0.06798938006628885,300-350,quiet_control_2,5.678651206481317
100515,2026-09-19 23:03:56.566000+00:00,0.0011177,15.775852,0.00190568,0.0003659,334.82742,339.74176,6715.4214,spacetrack,2026-09-18 21:11:42.232000+00:00,334.56396,6715.3887,0.0013983,25.870648333333335,0.24440980057903014,0.030335536623672794,300-350,quiet_control_2,6.927692251495564
100515,2026-09-20 23:24:53.025000+00:00,0.0013034,15.776289,0.00223539,0.0003131,335.05826,339.26337,6715.298,spacetrack,2026-09-19 23:03:56.566000+00:00,334.82742,6715.4214,0.0011177,24.349016388888888,0.22753116230716156,-0.12163119662448035,300-350,quiet_control_2,5.801656943500307
100515,2026-09-21 00:56:11.311000+00:00,0.00052126,15.77572,0.00087635,0.0003512,334.9637,339.68066,6715.459,spacetrack,2026-09-20 23:24:53.025000+00:00,335.05826,6715.298,0.0013034,1.521746111111111,-1.4913394444905055,2.5391883519781606,300-350,quiet_control_2,5.2307904333581705
100515,2026-09-22 16:30:12.954000+00:00,0.00096716,15.776069,0.00164574,0.0004854,333.96368,340.48297,6715.3604,spacetrack,2026-09-21 00:56:11.311000+00:00,334.9637,6715.459,0.00052126,39.567123055555555,-0.6065763226277905,-0.05980722926667243,300-350,quiet_control_2,3.080637001638629
100515,2026-09-23 22:56:22.791000+00:00,0.00096155,15.776039,0.00163524,0.0003405,334.94495,339.51813,6715.3687,spacetrack,2026-09-22 16:30:12.954000+00:00,333.96368,6715.3604,0.00096716,30.436065833333334,0.7737688612240936,0.006544866905625534,300-350,quiet_control_2,3.289754679474425
100516,2026-09-18 23:47:05.136000+00:00,0.00085888,15.817194,0.00176367,0.0006241,321.39426,329.7618,6703.715,spacetrack,2026-09-17 18:57:05.209000+00:00,321.39554,6702.436,0.001111,28.833313055555553,-0.0010654342753123951,1.0646019047782085,300-350,quiet_control_2,5.687861052156616
100516,2026-09-21 21:46:06.080000+00:00,0.00083825,15.776019,0.00142167,0.0003791,334.69162,339.78323,6715.3745,spacetrack,2026-09-20 21:25:09.956000+00:00,334.89194,6715.456,0.00036951,24.34892333333333,-0.19744938756358854,-0.08033209408187061,300-350,quiet_control_2,3.0458861721971644
100516,2026-09-22 22:07:02.203000+00:00,0.00090109,15.775997,0.00153046,0.0004492,334.22714,340.26022,6715.381,spacetrack,2026-09-21 21:46:06.080000+00:00,334.69162,6715.3745,0.00083825,24.348923055555556,-0.45782394459766734,0.0064068542027102045,300-350,quiet_control_2,3.30651412679979
100516,2026-09-23 16:22:44.384000+00:00,0.00072425,15.775942,0.00122518,0.0005074,333.85184,340.66663,6715.396,spacetrack,2026-09-22 22:07:02.203000+00:00,334.22714,6715.381,0.00090109,18.261716944444444,-0.49322854074469047,0.019713370932274193,300-350,quiet_control_2,2.6714438177826807
100517,2026-09-18 22:45:47.995000+00:00,0.0016592,15.776277,0.00286778,0.0004224,334.32767,340.00076,6715.3013,spacetrack,2026-09-17 19:22:14.620000+00:00,334.56586,6715.2764,0.0012608,27.39260416666667,-0.20868990641480228,0.021816107602337632,300-350,quiet_control_2,5.671444162619929
100517,2026-09-19 21:35:25.508000+00:00,0.0011149,15.77628,0.00190453,0.0003738,334.6529,339.67325,6715.3003,spacetrack,2026-09-18 22:45:47.995000+00:00,334.32767,6715.3013,0.0016592,22.827086944444446,0.341941134188351,-0.0010513825116318862,300-350,quiet_control_2,7.051382511417692
100517,2026-09-20 23:27:40.215000+00:00,0.00086504,15.776166,0.0014689,0.0003625,334.7612,339.62982,6715.3325,spacetrack,2026-09-19 21:35:25.508000+00:00,334.6529,6715.3003,0.0011149,25.870751944444443,0.10046866846318375,0.02987157086399761,300-350,quiet_control_2,5.8097333360376595
100517,2026-09-21 00:58:58.794000+00:00,0.0010544,15.775793,0.00179475,0.0003591,334.88995,339.71298,6715.4385,spacetrack,2026-09-20 23:27:40.215000+00:00,334.7612,6715.3325,0.00086504,1.5218274999999999,2.030453517235429,1.6716743520500268,300-350,quiet_control_2,5.291865646183071
100517,2026-09-22 16:32:59.833000+00:00,0.0008177,15.776057,0.00138643,0.0003802,334.67334,339.77972,6715.364,spacetrack,2026-09-21 00:58:58.794000+00:00,334.88995,6715.4385,0.0010544,39.56695527777777,-0.13138842661769862,-0.04518922387286198,300-350,quiet_control_2,3.0771099261639057
100517,2026-09-23 22:59:10.069000+00:00,0.0011828,15.776134,0.00202181,0.000296,335.2172,339.1927,6715.342,spacetrack,2026-09-22 16:32:59.833000+00:00,334.67334,6715.364,0.0008177,30.436176666666668,0.42885281364183225,-0.017347776817733074,300-350,quiet_control_2,3.2943336454983996
100518,2026-09-18 22:48:50.606000+00:00,0.0010862,15.776233,0.00185387,0.0003722,334.67737,339.67624,6715.314,spacetrack,2026-09-17 19:25:17.202000+00:00,334.40427,6715.2476,0.001282,27.392612222222223,0.23927619413685336,0.05817626983095454,300-350,quiet_control_2,5.671444259240864
100518,2026-09-19 21:38:28.167000+00:00,0.0011558,15.776248,0.00197576,0.0003683,334.69907,339.64554,6715.309,spacetrack,2026-09-18 22:48:50.606000+00:00,334.67737,6715.314,0.0010862,22.827100277777777,0.022814987171508396,-0.005256909486635039,300-350,quiet_control_2,7.051381897304059
100518,2026-09-20 23:30:42.747000+00:00,0.00084444,15.776091,0.00143283,0.0003747,334.70068,339.73315,6715.354,spacetrack,2026-09-19 21:38:28.167000+00:00,334.69907,6715.309,0.0011558,25.870716666666667,0.0014935805798178981,0.041746041051629657,300-350,quiet_control_2,5.805813329485139
100518,2026-09-22 16:36:02.390000+00:00,0.00066111,15.775862,0.00111621,0.0004623,334.1773,340.38638,6715.419,spacetrack,2026-09-20 23:30:42.747000+00:00,334.70068,6715.354,0.00084444,41.088789722222224,-0.30570674105803386,0.037966559992072345,300-350,quiet_control_2,3.1579050119800516
100518,2026-09-23 23:02:12.803000+00:00,0.00092726,15.776089,0.00157621,0.0003789,334.6732,339.7621,6715.3545,spacetrack,2026-09-22 16:36:02.390000+00:00,334.1773,6715.419,0.00066111,30.436225833333335,0.3910340285018412,-0.05086044532803416,300-350,quiet_control_2,3.299336363731695
100519,2026-09-21 21:57:30.873000+00:00,0.00087846,15.776009,0.00149109,0.0003665,334.77902,339.70142,6715.3774,spacetrack,2026-09-20 23:07:53.158000+00:00,334.50217,6715.3374,0.00097829,22.827143055555556,0.2910745327976339,0.042055197081068224,300-350,quiet_control_2,2.9906128808765247
100519,2026-09-22 22:18:26.816000+00:00,0.00089216,15.776099,0.00151548,0.0003862,334.62112,339.80807,6715.3516,spacetrack,2026-09-21 21:57:30.873000+00:00,334.77902,6715.3774,0.00087846,24.348873055555554,-0.15563759322056,-0.025430335054746917,300-350,quiet_control_2,3.290890190982259
100519,2026-09-23 13:31:32.076000+00:00,0.00066894,15.7757635,0.00112894,0.0003942,334.66266,339.95712,6715.447,spacetrack,2026-09-22 22:18:26.816000+00:00,334.62112,6715.3516,0.00089216,15.218127777777779,0.06551134374464593,0.1504521471653749,300-350,quiet_control_2,2.605733366967684
100519,2026-09-24 03:13:18.378000+00:00,0.0010001,15.776338,0.00170453,0.0003611,334.72217,339.57196,6715.284,spacetrack,2026-09-23 13:31:32.076000+00:00,334.66266,6715.447,0.00066894,13.696195000000001,0.10428005734437426,-0.2856267744443749,300-350,secondary_active_sep2,7.039854134670249
100520,2026-09-18 22:19:59.536000+00:00,0.0013181,15.82216,0.00280252,0.0004334,321.2705,327.08008,6702.3125,spacetrack,2026-09-17 23:34:20.207000+00:00,321.81607,6702.2983,0.0009249,22.76092472222222,-0.5752701245576446,0.014973029617646235,300-350,quiet_control_2,5.265546572879551
100520,2026-09-19 19:34:36.315000+00:00,0.00091675,15.822136,0.00192842,0.0003656,321.73175,326.63248,6702.3193,spacetrack,2026-09-18 22:19:59.536000+00:00,321.2705,6702.3125,0.0013181,21.24354972222222,0.5210993522621511,0.007682331914236101,300-350,quiet_control_2,7.129754693251398
100520,2026-09-20 15:18:10.187000+00:00,0.0010058,15.822042,0.00211978,0.000379,321.66818,326.74857,6702.345,spacetrack,2026-09-19 19:34:36.315000+00:00,321.73175,6702.3193,0.00091675,19.726075555555557,-0.07734331117725027,0.031268256996496706,300-350,quiet_control_2,7.155256708154149
100520,2026-09-21 23:10:05.106000+00:00,0.0010858,15.822748,0.00230089,0.0004039,321.30222,326.71622,6702.146,spacetrack,2026-09-20 15:18:10.187000+00:00,321.66818,6702.345,0.0010058,31.865255277777777,-0.2756306178449427,-0.14988111528933096,300-350,quiet_control_2,2.957288894568282
100520,2026-09-22 17:22:36.592000+00:00,0.0012552,15.82142,0.00265479,0.0003902,321.76898,326.99963,6702.5215,spacetrack,2026-09-21 23:10:05.106000+00:00,321.30222,6702.146,0.0010858,18.20874611111111,0.6152120487398547,0.49492699524780875,300-350,quiet_control_2,3.256131310280289
100520,2026-09-24 02:45:44.417000+00:00,-0.0031723,15.813119,-0.00588216,0.0007126,321.95184,331.50763,6704.8667,spacetrack,2026-09-23 22:12:27.957000+00:00,322.33585,6703.175,-0.0016694,4.554572222222222,-2.023513856039601,8.914294914874809,300-350,secondary_active_sep2,11.458480245126083
100521,2026-09-18 08:41:50.719000+00:00,0.00099428,15.822116,0.00209545,0.0003401,321.90823,326.46716,6702.3247,spacetrack,2026-09-17 22:04:32.271000+00:00,321.65445,6702.16,0.0013666,10.62179111111111,0.5734174148490685,0.3721406266285444,300-350,quiet_control_2,7.079905387373462
100521,2026-09-19 19:35:50.844000+00:00,0.00094694,15.822125,0.0019934,0.0003629,321.75272,326.61728,6702.322,spacetrack,2026-09-18 08:41:50.719000+00:00,321.90823,6702.3247,0.00099428,34.90003472222222,-0.10694086781590953,-0.001856731677084667,300-350,quiet_control_2,6.008669849699688
100521,2026-09-20 22:54:38.188000+00:00,0.0012853,15.822384,0.00273279,0.0003508,321.76096,326.46326,6702.249,spacetrack,2026-09-19 19:35:50.844000+00:00,321.75272,6702.322,0.00094694,27.31315111111111,0.007240468124513358,-0.06414492391890154,300-350,quiet_control_2,5.86009612951612
100521,2026-09-21 08:00:54.447000+00:00,0.0017259,15.822579,0.00371537,0.0002676,322.26324,325.85025,6702.194,spacetrack,2026-09-20 22:54:38.188000+00:00,321.76096,6702.249,0.0012853,9.104516388888888,1.3240373771759213,-0.14498298905761534,300-350,quiet_control_2,4.216348851771033
100522,2026-09-18 23:17:15.126000+00:00,0.0014405,15.775849,0.002473,0.0003446,334.97144,339.5997,6715.4224,spacetrack,2026-09-17 18:22:23.511000+00:00,334.2722,6715.4043,0.00097157,28.914337500000002,0.58039579845118,0.01502368850766693,300-350,quiet_control_2,5.68873573534237
100522,2026-09-19 22:06:52.813000+00:00,0.0012788,15.77626,0.00219184,0.0003302,334.95154,339.38635,6715.306,spacetrack,2026-09-18 23:17:15.126000+00:00,334.97144,6715.4224,0.0014405,22.827135277777778,-0.02092246767660528,-0.12238066520500446,300-350,quiet_control_2,7.051380285259184
100522,2026-09-20 23:59:07.377000+00:00,0.0014454,15.776405,0.00248811,0.000389,334.51535,339.73984,6715.2646,spacetrack,2026-09-19 22:06:52.813000+00:00,334.95154,6715.306,0.0012788,25.87071222222222,-0.40464908387825715,-0.03840636436465417,300-350,quiet_control_2,5.769207552203713
100522,2026-09-21 22:48:44.002000+00:00,0.0010753,15.777266,0.00184387,0.0004677,333.74313,340.02435,6715.0205,spacetrack,2026-09-20 23:59:07.377000+00:00,334.51535,6715.2646,0.0014454,22.826840277777777,-0.8119073763372538,-0.2566452443145362,300-350,quiet_control_2,3.0279961242019855
100522,2026-09-22 15:33:08.363000+00:00,0.0018022,15.776832,0.00313226,0.0003833,334.43298,339.5808,6715.144,spacetrack,2026-09-21 22:48:44.002000+00:00,333.74313,6715.0205,0.0010753,16.740100277777778,0.9890263334908362,0.17705987125711292,300-350,quiet_control_2,3.32111841358444
100522,2026-09-23 23:30:37.247000+00:00,0.00043926,15.775797,0.00073717,0.0003577,334.89838,339.7026,6715.4375,spacetrack,2026-09-22 15:33:08.363000+00:00,334.43298,6715.144,0.0018022,31.958023333333333,0.3495084750235299,0.2204141328305269,300-350,quiet_control_2,3.329527238178164
100523,2026-09-18 22:28:16.473000+00:00,0.0011555,15.822661,0.00245209,0.0004075,321.30264,326.76492,6702.171,spacetrack,2026-09-17 23:42:37.395000+00:00,322.0194,6702.309,0.00097201,22.760855,-0.755781801694204,-0.1455129870999169,300-350,quiet_control_2,5.247340994000445
100523,2026-09-19 19:42:53.042000+00:00,0.0011665,15.822261,0.00247129,0.0003527,321.783,326.51077,6702.2837,spacetrack,2026-09-18 22:28:16.473000+00:00,321.30264,6702.171,0.0011555,21.24349138888889,0.5426904546411021,0.12732370355124178,300-350,quiet_control_2,7.1297577954889695
100523,2026-09-20 23:01:40.079000+00:00,0.00088832,15.822195,0.00186785,0.0003908,321.54617,326.7847,6702.3022,spacetrack,2026-09-19 19:42:53.042000+00:00,321.783,6702.2837,0.0011665,27.313065833333333,-0.20810259949152948,0.0162559561314892,300-350,quiet_control_2,5.8515143093348785
100523,2026-09-21 17:14:11.802000+00:00,0.0017958,15.824091,0.00390177,0.0003263,321.44333,325.8169,6701.767,spacetrack,2026-09-20 23:01:40.079000+00:00,321.54617,6702.3022,0.00088832,18.208811944444445,-0.13554755837617372,-0.7054166982006312,300-350,quiet_control_2,3.424826651772372
100523,2026-09-22 17:30:53.738000+00:00,0.0016121,15.821352,0.00344049,0.0004554,321.3512,327.45587,6702.5405,spacetrack,2026-09-21 17:14:11.802000+00:00,321.44333,6701.767,0.0017958,24.278315555555555,-0.0910738636269999,0.7646329481765798,300-350,quiet_control_2,2.9685567834561466
100523,2026-09-23 22:20:43.595000+00:00,0.001748,15.822546,0.00376656,0.0005572,320.3318,327.80072,6702.203,spacetrack,2026-09-22 17:30:53.738000+00:00,321.3512,6702.5405,0.0016121,28.830515833333333,-0.8486008416024855,-0.2809523092412447,300-350,quiet_control_2,3.2440583861677355
100524,2026-09-20 18:33:57.593000+00:00,0.00097335,15.77613,0.00165656,0.0003882,334.59897,339.81277,6715.343,spacetrack,2026-09-19 22:46:56.764000+00:00,334.19388,6715.35,0.0005428,19.78356361111111,0.4914261247928267,-0.008491897785191937,300-350,quiet_control_2,6.492126088563221
100524,2026-09-23 22:33:32.913000+00:00,0.00078174,15.776145,0.00132497,0.0003968,334.53683,339.86612,6715.3384,spacetrack,2026-09-22 22:12:36.954000+00:00,334.78976,6715.3545,0.00094996,24.3488775,-0.24930594849802873,-0.015869314715538818,300-350,quiet_control_2,3.315309299165844
100524,2026-09-24 00:04:51.391000+00:00,0.00092446,15.776284,0.00157302,0.0004553,334.10468,340.21964,6715.2993,spacetrack,2026-09-23 22:33:32.913000+00:00,334.53683,6715.3384,0.00078174,1.5217994444444445,-6.815352731178818,-0.6166384167275529,300-350,secondary_active_sep2,6.478694812683378
100525,2026-09-18 22:29:05.639000+00:00,0.00092197,15.822145,0.0019398,0.0003756,321.66205,326.6968,6702.3164,spacetrack,2026-09-17 22:12:23.869000+00:00,321.76398,6702.2915,0.00084301,24.278269444444447,-0.1007617122627884,0.024614604486283186,300-350,quiet_control_2,5.480198089809852
100525,2026-09-19 13:39:09.469000+00:00,0.024697,15.85345,0.05076251,0.0021842,300.73364,329.9735,6693.4907,spacetrack,2026-09-18 22:29:05.639000+00:00,321.66205,6702.3164,0.00092197,15.167730555555556,-33.11516104273278,-13.964963263565018,300-350,quiet_control_2,7.582306589116551
100525,2026-09-20 23:02:29.254000+00:00,0.0011656,15.822426,0.00247151,0.0004111,321.34494,326.8555,6702.2373,spacetrack,2026-09-19 13:39:09.469000+00:00,300.73364,6693.4907,0.024697,33.38882916666667,14.815470094226896,6.287084789710363,300-350,quiet_control_2,5.877716020873082
100525,2026-09-21 21:48:08.906000+00:00,0.0010222,15.821857,0.00215367,0.0004429,321.2921,327.2291,6702.3975,spacetrack,2026-09-20 23:02:29.254000+00:00,321.34494,6702.2373,0.0011656,22.761014444444445,-0.05571632156797893,0.16892041474648173,300-350,quiet_control_2,2.9808219590681198
100525,2026-09-22 23:35:53.214000+00:00,0.00086075,15.822033,0.00180717,0.0003895,321.60074,326.82187,6702.348,spacetrack,2026-09-21 21:48:08.906000+00:00,321.2921,6702.3975,0.0010222,25.795641111111113,0.28715549142946584,-0.046054292463008656,300-350,quiet_control_2,3.2866783651691027
100526,2026-09-18 23:22:50.123000+00:00,0.001425,15.7758875,0.00244624,0.0003862,334.6812,339.8682,6715.4116,spacetrack,2026-09-17 23:01:53.825000+00:00,334.71655,6715.269,0.001318,24.348971666666664,-0.0348433605991378,0.14055624388804547,300-350,quiet_control_2,5.380061943752176
100526,2026-09-19 19:09:50.174000+00:00,0.00069575,15.775989,0.00117615,0.0004131,334.47177,340.02002,6715.383,spacetrack,2026-09-18 23:22:50.123000+00:00,334.6812,6715.4116,0.001425,19.7833475,-0.2540682258146626,-0.03469584710136828,300-350,quiet_control_2,7.213141507017456
100526,2026-09-20 21:02:04.992000+00:00,0.0012687,15.776348,0.00217507,0.0003681,334.67206,339.61584,6715.281,spacetrack,2026-09-19 19:09:50.174000+00:00,334.47177,6715.383,0.00069575,25.870782777777777,0.18580651545375443,-0.09462411791031852,300-350,quiet_control_2,5.997315891034436
100526,2026-09-21 07:41:14.565000+00:00,0.00065839,15.775872,0.00111132,0.0003597,334.86353,339.69458,6715.416,spacetrack,2026-09-20 21:02:04.992000+00:00,334.67206,6715.281,0.0012687,10.652659166666666,0.4313739816608462,0.30414940995611245,300-350,quiet_control_2,4.24644003207024
100526,2026-09-22 17:10:01.846000+00:00,0.001013,15.775577,0.00172136,0.0004064,334.63373,340.09207,6715.5,spacetrack,2026-09-21 07:41:14.565000+00:00,334.86353,6715.416,0.00065839,33.47980027777778,-0.16473216549206812,0.06021541297347894,300-350,quiet_control_2,2.8711873787312934
100526,2026-09-23 17:30:57.930000+00:00,0.0010313,15.775782,0.00175438,0.0003379,335.03558,339.57388,6715.442,spacetrack,2026-09-22 17:10:01.846000+00:00,334.63373,6715.5,0.001013,24.34891222222222,0.39609161641303986,-0.057168878317668995,300-350,quiet_control_2,2.7535824210445
100527,2026-09-18 21:40:06.597000+00:00,0.0017279,15.777202,0.00300349,0.0003957,334.2447,339.559,6715.039,spacetrack,2026-09-17 22:50:28.932000+00:00,334.64642,6715.316,0.0011067,22.827129166666666,-0.42236060126551533,-0.2912324169834197,300-350,quiet_control_2,5.363734708208125
100527,2026-09-19 18:58:25.552000+00:00,0.0008814,15.776048,0.00149648,0.0003814,334.66788,339.79037,6715.366,spacetrack,2026-09-18 21:40:06.597000+00:00,334.2447,6715.039,0.0017279,21.305265277777778,0.47670469565067974,0.3683596471427738,300-350,quiet_control_2,7.126482101353272
100527,2026-09-20 23:53:17.187000+00:00,0.00098807,15.776175,0.00168249,0.0003868,334.5956,339.7906,6715.33,spacetrack,2026-09-19 18:58:25.552000+00:00,334.66788,6715.366,0.0008814,28.914343055555555,-0.059995137937866025,-0.029881363665822225,300-350,quiet_control_2,5.800230114552432
100527,2026-09-22 16:58:36.873000+00:00,0.00084231,15.775944,0.00142832,0.0004144,334.47583,340.04153,6715.3955,spacetrack,2026-09-20 23:53:17.187000+00:00,334.5956,6715.33,0.00098807,41.08880166666666,-0.0699577472061525,0.03825859933189844,300-350,quiet_control_2,3.1487483755204835
100527,2026-09-23 23:24:47.276000+00:00,0.0016598,15.776442,0.002871,0.0004008,334.426,339.80896,6715.2544,spacetrack,2026-09-22 16:58:36.873000+00:00,334.47583,6715.3955,0.00084231,30.43622305555556,-0.039292654604900695,-0.11126216264792588,300-350,quiet_control_2,3.3364213965700205
100528,2026-09-18 22:00:23.965000+00:00,0.00099013,15.776136,0.0016858,0.0003907,334.58026,339.8276,6715.341,spacetrack,2026-09-17 21:39:28.036000+00:00,334.93036,6715.335,0.0010611,24.348869166666667,-0.3450837877720718,0.00591403235287178,300-350,quiet_control_2,5.549327598821068
100528,2026-09-19 20:50:01.753000+00:00,0.00096522,15.776061,0.00164177,0.0003329,334.98975,339.46085,6715.3623,spacetrack,2026-09-18 22:00:23.965000+00:00,334.58026,6715.341,0.00099013,22.827163333333335,0.43052918387144284,0.022394372551748275,300-350,quiet_control_2,7.051378993068055
100528,2026-09-20 16:37:02.316000+00:00,0.0009275,15.775991,0.00157595,0.00038,334.69324,339.7969,6715.382,spacetrack,2026-09-19 20:50:01.753000+00:00,334.98975,6715.3623,0.00096522,19.78348972222222,-0.3597060023240906,0.023898715880486508,300-350,quiet_control_2,6.886130821515691
100528,2026-09-21 20:00:35.455000+00:00,0.0012493,15.777083,0.0021484,0.0004382,333.99274,339.87784,6715.0723,spacetrack,2026-09-20 16:37:02.316000+00:00,334.69324,6715.382,0.0009275,27.39253861111111,-0.6137437730280343,-0.2713439636069403,300-350,quiet_control_2,2.9484445069738627
100528,2026-09-22 17:18:54.686000+00:00,0.0010586,15.775328,0.00179887,0.0004793,334.21484,340.65237,6715.571,spacetrack,2026-09-21 20:00:35.455000+00:00,333.99274,6715.0723,0.0012493,21.305341944444443,0.2501907744028894,0.5617746024077941,300-350,quiet_control_2,3.283006292462046
100528,2026-09-23 23:45:04.771000+00:00,0.00044573,15.775761,0.00074797,0.0003092,335.2342,339.38702,6715.4478,spacetrack,2026-09-22 17:18:54.686000+00:00,334.21484,6715.571,0.0010586,30.436134722222224,0.8038024612283592,-0.09714768405993066,300-350,quiet_control_2,3.369757064622155
100534,2026-09-18 22:19:20.071000+00:00,0.0011925,15.822418,0.00252985,0.0003273,321.90872,326.296,6702.2393,spacetrack,2026-09-17 22:02:38.292000+00:00,321.7897,6702.2656,0.0011295,24.278271944444445,0.11765582025513444,-0.02599855547516966,300-350,quiet_control_2,5.50029763124158
100534,2026-09-20 22:55:01.962000+00:00,-0.0029332,15.781263,-0.00475608,0.0004536,332.70404,338.7949,6713.886,spacetrack,2026-09-19 22:36:03.229000+00:00,321.7679,6702.747,-8.588e-05,24.31631472222222,10.793879047803927,10.99410017734676,300-350,quiet_control_2,5.842310671779999
100534,2026-09-22 22:05:36.070000+00:00,0.001103,15.776228,0.00188324,0.0003874,334.57654,339.77954,6715.315,spacetrack,2026-09-21 21:44:40.245000+00:00,334.6476,6715.3296,0.0011255,24.34884027777778,-0.07004193959727163,-0.014390829132427469,300-350,quiet_control_2,3.308473623971938
100534,2026-09-23 13:18:41.356000+00:00,0.0015683,15.7767,0.00271029,0.000352,334.6804,339.40787,6715.181,spacetrack,2026-09-22 22:05:36.070000+00:00,334.57654,6715.315,0.001103,15.218135,0.16379405229352595,-0.2113268150138206,300-350,quiet_control_2,2.6057335540787356
100534,2026-09-24 04:31:46.017000+00:00,0.0013638,15.776549,0.00234523,0.0004202,334.2651,339.90857,6715.2236,spacetrack,2026-09-23 13:18:41.356000+00:00,334.6804,6715.181,0.0015683,15.217961388888888,-0.6549628918941413,0.0671837688300807,300-350,secondary_active_sep2,7.151455860975393
100535,2026-09-18 22:21:22.253000+00:00,0.0011985,15.822345,0.00254197,0.0003338,321.886,326.3604,6702.2603,spacetrack,2026-09-17 22:04:40.489000+00:00,321.7133,6702.352,0.0007285,24.278267777777778,0.17072058179514263,-0.0906489713410744,300-350,quiet_control_2,5.4961032251019555
100535,2026-09-19 22:38:26.488000+00:00,0.0012518,15.814445,0.00256097,0.0004111,323.59882,329.11127,6704.492,spacetrack,2026-09-18 22:21:22.253000+00:00,321.886,6702.2603,0.0011985,24.28450972222222,1.6927531364729353,2.205554100645246,300-350,quiet_control_2,6.988284312696589
100535,2026-09-22 23:28:10.215000+00:00,0.0016596,15.822478,0.003568,0.0006733,319.5729,328.59814,6702.2227,spacetrack,2026-09-21 14:10:55.135000+00:00,334.63745,6715.288,0.0012565,33.28752222222222,-10.861403188448655,-9.419962168005723,300-350,quiet_control_2,2.909876139774764
100536,2026-09-18 22:21:40.209000+00:00,0.0011063,15.822267,0.00234032,0.000426,321.28998,327.0003,6702.282,spacetrack,2026-09-17 22:04:58.135000+00:00,321.37833,6702.211,0.0012149,24.278353888888887,-0.0873370579283879,0.07018597750886846,300-350,quiet_control_2,5.495499328768789
100536,2026-09-19 22:38:03.870000+00:00,0.00064741,15.822041,0.00135179,0.0004373,321.27808,327.13992,6702.346,spacetrack,2026-09-18 22:21:40.209000+00:00,321.28998,6702.282,0.0011063,24.273239166666663,-0.011766043997655446,0.06327956435640553,300-350,quiet_control_2,6.988743193078165
100536,2026-09-20 22:54:46.204000+00:00,0.001345,15.821897,0.00285761,0.0003625,321.82007,326.67932,6702.3867,spacetrack,2026-09-19 22:38:03.870000+00:00,321.27808,6702.346,0.00064741,24.278426111111113,0.5357744336667241,0.04023325052212691,300-350,quiet_control_2,5.842425169103609
100536,2026-09-21 21:47:27.565000+00:00,0.0010521,15.776149,0.00179384,0.0004039,334.48822,339.91284,6715.3374,spacetrack,2026-09-20 22:54:46.204000+00:00,321.82007,6702.3867,0.001345,22.878155833333334,13.289340374062082,13.585745383688206,300-350,quiet_control_2,2.9855384371319453
100536,2026-09-22 22:08:23.531000+00:00,0.0010141,15.776159,0.00172757,0.0003648,334.7477,339.64725,6715.3345,spacetrack,2026-09-21 21:47:27.565000+00:00,334.48822,6715.3374,0.0010521,24.348879444444446,0.2557620778487535,-0.0028584477642437907,300-350,quiet_control_2,3.304655475475565
100536,2026-09-23 13:21:28.842000+00:00,0.0014255,15.776564,0.00245453,0.000345,334.7661,339.39963,6715.2197,spacetrack,2026-09-22 22:08:23.531000+00:00,334.7477,6715.3345,0.0010141,15.218141944444445,0.029017997178089408,-0.18104706935084786,300-350,quiet_control_2,2.605733733993041
100537,2026-09-18 22:36:00.031000+00:00,0.00077331,15.77596,0.00130929,0.0003774,334.71982,339.78857,6715.391,spacetrack,2026-09-17 23:46:22.985000+00:00,334.82257,6715.3735,0.0010832,22.826957222222223,-0.1080301669640978,0.018399298509631432,300-350,quiet_control_2,5.241285029885352
100537,2026-09-19 22:56:55.914000+00:00,0.00094855,15.776178,0.00161377,0.0003674,334.72498,339.6594,6715.329,spacetrack,2026-09-18 22:36:00.031000+00:00,334.71982,6715.391,0.00077331,24.34885638888889,0.00508607049225759,-0.061111699713197784,300-350,quiet_control_2,6.985672576020939
100537,2026-09-20 23:17:52.081000+00:00,0.00088193,15.776083,0.00149761,0.0003731,334.71375,339.72473,6715.3564,spacetrack,2026-09-19 22:56:55.914000+00:00,334.72498,6715.329,0.00094855,24.348935277777777,-0.011069067165588283,0.027007341080691978,300-350,quiet_control_2,5.811260718256139
100537,2026-09-21 22:07:29.748000+00:00,0.001078,15.776325,0.00184043,0.0003687,334.6744,339.62625,6715.287,spacetrack,2026-09-20 23:17:52.081000+00:00,334.71375,6715.3564,0.00088193,22.82712972222222,-0.04137182429383317,-0.07296580955442039,300-350,quiet_control_2,2.9978998552003184
100537,2026-09-22 23:59:44.413000+00:00,0.001015,15.776104,0.00172859,0.0003455,334.893,339.53333,6715.35,spacetrack,2026-09-21 22:07:29.748000+00:00,334.6744,6715.287,0.001078,25.870740277777777,0.20279280545002595,0.058444404132540775,300-350,quiet_control_2,3.260917929967322
100537,2026-09-23 21:18:03.539000+00:00,0.0010325,15.77587,0.00175715,0.0003094,335.2017,339.3572,6715.4165,spacetrack,2026-09-22 23:59:44.413000+00:00,334.893,6715.35,0.001015,21.30531277777778,0.3477442493934525,0.07491089272636337,300-350,quiet_control_2,3.1831913573565362
100537,2026-09-24 03:23:17.739000+00:00,0.00092318,15.775736,0.00156637,0.000273,335.4843,339.15094,6715.4546,spacetrack,2026-09-23 21:18:03.539000+00:00,335.2017,6715.4165,0.0010325,6.087277777777778,1.114192623960728,0.15021492913175608,300-350,secondary_active_sep2,10.62682721705561
100538,2026-09-18 22:38:47.386000+00:00,0.0010373,15.77618,0.00176822,0.0003516,334.83035,339.55258,6715.3286,spacetrack,2026-09-17 19:15:14.323000+00:00,334.43936,6715.3687,0.00095552,27.392517499999997,0.3425665421223044,-0.03513368203575964,300-350,quiet_control_2,5.671443123108344
100538,2026-09-19 22:59:43.241000+00:00,0.0011405,15.776333,0.00194973,0.0003666,334.6865,339.61014,6715.285,spacetrack,2026-09-18 22:38:47.386000+00:00,334.83035,6715.3286,0.0010373,24.34884861111111,-0.14178904535240475,-0.042975338042134895,300-350,quiet_control_2,6.985672890875344
100538,2026-09-20 23:20:39.420000+00:00,0.00084143,15.776134,0.00142794,0.0003903,334.5839,339.82587,6715.342,spacetrack,2026-09-19 22:59:43.241000+00:00,334.6865,6715.285,0.0011405,24.348938611111112,-0.10112966480092178,0.05618314711141777,300-350,quiet_control_2,5.807442667561406
100538,2026-09-21 08:28:30.591000+00:00,0.00050622,15.775687,0.00085061,0.0003523,334.9657,339.69742,6715.4688,spacetrack,2026-09-20 23:20:39.420000+00:00,334.5839,6715.342,0.00084143,9.130880833333334,1.0035395453359377,0.33328657503562165,300-350,quiet_control_2,4.114958423598599
100538,2026-09-22 17:57:17.828000+00:00,0.0012568,15.775428,0.00214535,0.0004226,334.56726,340.24323,6715.5425,spacetrack,2026-09-21 08:28:30.591000+00:00,334.9657,6715.4688,0.00050622,33.47978805555555,-0.28562187980800036,0.05283187566966986,300-350,quiet_control_2,2.8947174985849875
100538,2026-09-23 21:20:50.944000+00:00,0.0012879,15.775912,0.00220437,0.0003333,335.02927,339.50574,6715.4043,spacetrack,2026-09-22 17:57:17.828000+00:00,334.56726,6715.5425,0.0012568,27.392532222222222,0.40479061629085716,-0.12108409595280872,300-350,quiet_control_2,3.1475750142607803
100538,2026-09-24 00:23:27.980000+00:00,0.00085007,15.775908,0.0014413,0.0003512,334.91037,339.6273,6715.406,spacetrack,2026-09-23 21:20:50.944000+00:00,335.02927,6715.4043,0.0012879,3.0436211111111113,-0.9375674224306367,0.013405085096259168,300-350,secondary_active_sep2,7.156500717894876
100539,2026-09-18 22:50:12.214000+00:00,0.00085851,15.77606,0.00145691,0.0003613,334.79944,339.65195,6715.363,spacetrack,2026-09-17 19:26:38.819000+00:00,334.65057,6715.253,0.001154,27.392609722222222,0.13043226024211993,0.09637635941902509,300-350,quiet_control_2,5.671444229255062
100539,2026-09-19 21:39:49.694000+00:00,0.0010004,15.776185,0.00170414,0.0003995,334.5074,339.87292,6715.327,spacetrack,2026-09-18 22:50:12.214000+00:00,334.79944,6715.363,0.00085851,22.827077777777777,-0.3070458719347293,-0.0378497856104255,300-350,quiet_control_2,7.051382933621231
100539,2026-09-20 23:32:04.157000+00:00,0.0007732,15.776051,0.00130962,0.0003716,334.7329,339.72375,6715.365,spacetrack,2026-09-19 21:39:49.694000+00:00,334.5074,6715.327,0.0010004,25.870684166666667,0.20919431295798668,0.0352522567286575,300-350,quiet_control_2,5.804064860501746
100539,2026-09-21 22:21:41.911000+00:00,0.0013244,15.776758,0.00227765,0.0003982,334.35364,339.7016,6715.1646,spacetrack,2026-09-20 23:32:04.157000+00:00,334.7329,6715.365,0.0007732,22.82715388888889,-0.3987461618870596,-0.21069643738347493,300-350,quiet_control_2,3.00827066896961
100539,2026-09-22 18:08:42.701000+00:00,0.0015558,15.77548,0.00267333,0.0004108,334.63144,340.1489,6715.5273,spacetrack,2026-09-21 22:21:41.911000+00:00,334.35364,6715.1646,0.0013244,19.783552777777775,0.3370072137644241,0.4400018590073501,300-350,quiet_control_2,3.3172694096765842
100539,2026-09-23 21:32:15.814000+00:00,0.0016006,15.777756,0.00278113,0.0002153,335.2989,338.1903,6714.882,spacetrack,2026-09-22 18:08:42.701000+00:00,334.63144,6715.5273,0.0015558,27.392531388888887,0.584795898289921,-0.5653803870892056,300-350,quiet_control_2,3.168410077471137
100539,2026-09-24 03:37:28.972000+00:00,0.0011155,15.776663,0.00191027,0.0006241,332.86356,341.24548,6715.1914,spacetrack,2026-09-23 21:32:15.814000+00:00,335.2989,6714.882,0.0016006,6.086988333333333,-9.602147531633719,1.2199136244994127,300-350,secondary_active_sep2,10.743584471028777
100540,2026-09-18 22:34:58.272000+00:00,0.00074709,15.822011,0.00156364,0.0003789,321.67783,326.75687,6702.3545,spacetrack,2026-09-17 22:18:16.435000+00:00,321.6127,6702.265,0.0011062,24.278288055555556,0.06438345226080319,0.08847411296405328,300-350,quiet_control_2,5.4680969348504656
100540,2026-09-19 22:51:39.971000+00:00,0.0013528,15.8225565,0.00288417,0.0004266,321.2042,326.92252,6702.2,spacetrack,2026-09-18 22:34:58.272000+00:00,321.67783,6702.3545,0.00074709,24.27824972222222,-0.4682017909056473,-0.15272929648710581,300-350,quiet_control_2,6.988539135835335
100540,2026-09-20 23:08:21.870000+00:00,0.0010495,15.822433,0.00221847,0.0003822,321.53638,326.65958,6702.235,spacetrack,2026-09-19 22:51:39.971000+00:00,321.2042,6702.2,0.0013528,24.27830527777778,0.3283721787326323,0.03459879058219807,300-350,quiet_control_2,5.8237596645354355
100540,2026-09-21 18:51:55.961000+00:00,0.0014842,15.821688,0.00316182,0.0004103,321.55862,327.05865,6702.446,spacetrack,2026-09-20 23:08:21.870000+00:00,321.53638,6702.235,0.0010495,19.72613638888889,0.027058517161064895,0.25671524824588327,300-350,quiet_control_2,3.2161577622672097
100540,2026-09-22 17:37:35.566000+00:00,0.0013133,15.822856,0.00280183,0.0005218,320.48148,327.4758,6702.1157,spacetrack,2026-09-21 18:51:55.961000+00:00,321.55862,6702.446,0.0014842,22.76100138888889,-1.135774281557785,-0.348279931297784,300-350,quiet_control_2,3.1140825977865036
100540,2026-09-23 17:54:17.602000+00:00,0.0011224,15.821266,0.00236398,0.0003885,321.82385,327.03177,6702.565,spacetrack,2026-09-22 17:37:35.566000+00:00,320.48148,6702.1157,0.0013133,24.278343333333332,1.3269801632538796,0.4441489211983635,300-350,quiet_control_2,2.752866168929978
100541,2026-09-18 22:38:07.772000+00:00,0.0012471,15.822385,0.00264925,0.0003847,321.53342,326.69012,6702.249,spacetrack,2026-09-17 22:21:26.044000+00:00,321.6046,6702.2437,0.0011667,24.278257777777778,-0.07036419234185283,0.005239255681343945,300-350,quiet_control_2,5.461588082102908
100541,2026-09-19 18:21:41.992000+00:00,0.0018903,15.823059,0.00409728,0.0004055,321.20364,326.639,6702.058,spacetrack,2026-09-18 22:38:07.772000+00:00,321.53342,6702.249,0.0012471,19.72617222222222,-0.4012293875789596,-0.23238162722878639,300-350,quiet_control_2,7.216657734183378
100541,2026-09-20 23:11:33.338000+00:00,0.00090148,15.821851,0.0018929,0.0003444,321.95425,326.57086,6702.3994,spacetrack,2026-09-19 18:21:41.992000+00:00,321.20364,6702.058,0.0018903,28.830929444444447,0.6248372961653232,0.2841947921170759,300-350,quiet_control_2,5.847899881749294
100541,2026-09-21 21:57:10.896000+00:00,0.0019455,15.824235,0.00424806,0.0004792,320.3778,326.80072,6701.726,spacetrack,2026-09-20 23:11:33.338000+00:00,321.95425,6702.3994,0.00090148,22.76043277777778,-1.6623058256142065,-0.7100743715116626,300-350,quiet_control_2,2.9874105840449867
100541,2026-09-22 17:40:45.231000+00:00,0.0014684,15.821282,0.00312102,0.0004184,321.6187,327.22742,6702.56,spacetrack,2026-09-21 21:57:10.896000+00:00,320.3778,6701.726,0.0019455,19.72620416666667,1.5097481374711301,1.0146909071254997,300-350,quiet_control_2,3.3596204625446395
100541,2026-09-23 17:57:27.069000+00:00,0.0011189,15.821353,0.00235731,0.0003566,322.013,326.79324,6702.54,spacetrack,2026-09-22 17:40:45.231000+00:00,321.6187,6702.56,0.0014684,24.278288333333336,0.38978036136950434,-0.019770751274563795,300-350,quiet_control_2,2.752865609073347
100542,2026-09-18 22:39:51.138000+00:00,0.0013998,15.822562,0.00298818,0.0004096,321.3164,326.80682,6702.1987,spacetrack,2026-09-17 22:23:09.378000+00:00,321.37805,6702.2637,0.0012049,24.278266666666664,-0.06094339519019743,-0.06425499898450564,300-350,quiet_control_2,5.458041417014943
100542,2026-09-19 18:23:25.156000+00:00,0.001016,15.822101,0.00214268,0.0004144,321.41464,326.9695,6702.329,spacetrack,2026-09-18 22:39:51.138000+00:00,321.3164,6702.1987,0.0013998,19.72611611111111,0.11952479579458256,0.15853095370527095,300-350,quiet_control_2,7.216661194977026
100542,2026-09-20 23:13:14.979000+00:00,0.00089022,15.822053,0.00187088,0.000433,321.30334,327.10757,6702.3423,spacetrack,2026-09-19 18:23:25.156000+00:00,321.41464,6702.329,0.001016,28.83050638888889,-0.09265185855459501,0.01107160573966403,300-350,quiet_control_2,5.8459390570499385
100542,2026-09-21 14:23:38.314000+00:00,0.0013514,15.823962,0.00290016,0.0003468,321.34222,325.9906,6701.803,spacetrack,2026-09-20 23:13:14.979000+00:00,321.30334,6702.3423,0.00089022,15.173148611111111,0.06149811248252272,-0.8530332320432592,300-350,quiet_control_2,3.644505155168574
100542,2026-09-22 17:42:28.374000+00:00,0.00056804,15.821735,0.00118191,0.0004814,321.06866,327.52176,6702.432,spacetrack,2026-09-21 14:23:38.314000+00:00,321.34222,6701.803,0.0013514,27.313905555555554,-0.24036987265133203,0.5526855165143989,300-350,quiet_control_2,2.890165835350858
100542,2026-09-23 21:01:15.719000+00:00,0.0011797,15.821795,0.00249441,0.0003492,321.93784,326.6188,6702.4155,spacetrack,2026-09-22 17:42:28.374000+00:00,321.06866,6702.432,0.00056804,27.31315138888889,0.7637463617063753,-0.01449851005308962,300-350,quiet_control_2,3.11214740924816
100543,2026-09-18 22:42:50.492000+00:00,0.00074923,15.821958,0.00156794,0.0004112,321.4764,326.98843,6702.3696,spacetrack,2026-09-17 22:26:08.349000+00:00,321.39288,6702.274,0.0011104,24.278373055555555,0.08256236920874863,0.09450386130657802,300-350,quiet_control_2,5.451900773188136
100543,2026-09-19 18:26:24.242000+00:00,0.00086302,15.821795,0.00181036,0.0004664,321.15222,327.40424,6702.415,spacetrack,2026-09-18 22:42:50.492000+00:00,321.4764,6702.3696,0.00074923,19.726041666666667,-0.39441871468555156,0.05523662670958245,300-350,quiet_control_2,7.21666578655542
100543,2026-09-20 23:16:14.061000+00:00,0.0012476,15.822086,0.00264662,0.0004141,321.4207,326.97156,6702.333,spacetrack,2026-09-19 18:26:24.242000+00:00,321.15222,6702.415,0.00086302,28.830505277777778,0.22349660326511356,-0.06826103049692106,300-350,quiet_control_2,5.842488192411243
100543,2026-09-21 05:20:24.392000+00:00,0.00053263,15.8217125,0.00110667,0.0003666,321.84467,326.75888,6702.439,spacetrack,2026-09-20 23:16:14.061000+00:00,321.4207,6702.333,0.0012476,6.0695363888888885,1.6764509425509275,0.41914239194172687,300-350,quiet_control_2,4.988543377214744
100543,2026-09-22 17:45:27.517000+00:00,0.00107,15.821454,0.00225274,0.0004407,321.42078,327.32837,6702.5117,spacetrack,2026-09-21 05:20:24.392000+00:00,321.84467,6702.439,0.00053263,36.41753472222222,-0.2793533411198434,0.04791098610330785,300-350,quiet_control_2,2.8533643496293473
100543,2026-09-23 13:30:15.724000+00:00,0.0011492,15.795515,0.00214714,0.0005854,327.7826,335.6385,6709.8477,spacetrack,2026-09-22 17:45:27.517000+00:00,321.42078,6702.5117,0.00107,19.746724166666667,7.732101725395916,8.916111782085329,300-350,quiet_control_2,2.6961521339256733
100544,2026-09-18 22:45:47.484000+00:00,0.001036,15.821799,0.00218319,0.000483,321.0399,327.51443,6702.414,spacetrack,2026-09-17 22:29:05.045000+00:00,321.63342,6702.2715,0.00093845,24.278455277777777,-0.5867127804065178,0.14086563419578846,300-350,quiet_control_2,5.445837718556114
100544,2026-09-19 16:58:18.331000+00:00,0.0011822,15.82218,0.00250498,0.0004491,321.1598,327.1798,6702.3066,spacetrack,2026-09-18 22:45:47.484000+00:00,321.0399,6702.414,0.001036,18.208568611111108,0.15803548655904576,-0.1415597269092314,300-350,quiet_control_2,7.318060771968361
100544,2026-09-20 21:48:07.542000+00:00,0.0014537,15.822339,0.00310442,0.0004354,321.20654,327.04288,6702.2617,spacetrack,2026-09-19 16:58:18.331000+00:00,321.1598,6702.3066,0.0011822,28.830336388888888,0.038909015311812914,-0.03737729541068397,300-350,quiet_control_2,5.9443575691118795
100544,2026-09-21 20:33:48.660000+00:00,0.0018654,15.823184,0.00404304,0.0004094,321.1424,326.63,6702.0234,spacetrack,2026-09-20 21:48:07.542000+00:00,321.20654,6702.2617,0.0014537,22.761421666666667,-0.06763022198453253,-0.2512672575445989,300-350,quiet_control_2,3.022290127894032
100544,2026-09-22 17:48:23.939000+00:00,0.0003284,15.821888,0.00067873,0.0004487,321.2447,327.25943,6702.389,spacetrack,2026-09-21 20:33:48.660000+00:00,321.1424,6702.0234,0.0018654,21.243133055555553,0.11557617200718151,0.4130464172612881,300-350,quiet_control_2,3.3620252238635184
100544,2026-09-23 18:05:06.209000+00:00,0.0013282,15.821444,0.0028147,0.0003732,321.87625,326.879,6702.5146,spacetrack,2026-09-22 17:48:23.939000+00:00,321.2447,6702.389,0.0003284,24.278408333333335,0.6243078126002948,0.12415970431919304,300-350,quiet_control_2,2.7633771640027196
100544,2026-09-24 06:13:27.084000+00:00,0.0016054,15.823113,0.00345455,0.0004104,321.15564,326.65668,6702.043,spacetrack,2026-09-23 18:05:06.209000+00:00,321.87625,6702.5146,0.0013282,12.139131944444445,-1.4247015420172224,-0.9323895688602546,300-350,secondary_active_sep2,9.131831021690068
100545,2026-09-20 23:26:29.386000+00:00,0.00099016,15.776228,0.00168651,0.000382,334.61276,339.74326,6715.315,spacetrack,2026-09-19 23:05:33.307000+00:00,334.6209,6715.2915,0.0011293,24.34891083333333,-0.008023356828477676,0.023163253742414888,300-350,quiet_control_2,5.799457468317742
100545,2026-09-21 22:16:07.229000+00:00,0.00080981,15.775978,0.00137229,0.0003639,334.80515,339.6926,6715.3857,spacetrack,2026-09-20 23:26:29.386000+00:00,334.61276,6715.315,0.00099016,22.82717861111111,0.20227466909789737,0.07433244506087375,300-350,quiet_control_2,3.004199088068057
100545,2026-09-22 21:05:44.688000+00:00,0.00091944,15.7761,0.00156266,0.0003505,334.86066,339.5681,6715.3516,spacetrack,2026-09-21 22:16:07.229000+00:00,334.80515,6715.3857,0.00080981,22.827071944444445,0.05836228155944061,-0.03585216719815225,300-350,quiet_control_2,3.283113426517605
100545,2026-09-23 18:24:03.976000+00:00,0.0011537,15.775687,0.00196713,0.0003769,334.80038,339.86252,6715.4683,spacetrack,2026-09-22 21:05:44.688000+00:00,334.86066,6715.3516,0.00091944,21.30535777777778,-0.06790404625396329,0.13145989047567816,300-350,quiet_control_2,2.774860074320377
100546,2026-09-18 22:45:57.346000+00:00,0.0010154,15.822283,0.00214267,0.0002929,322.17746,326.10367,6702.2773,spacetrack,2026-09-17 22:29:14.927000+00:00,321.91846,6702.3213,0.00084942,24.27844972222222,0.2560295270546375,-0.043495363669381795,300-350,quiet_control_2,5.445498402052237
100546,2026-09-19 18:29:31.164000+00:00,0.00060182,15.822085,0.00125494,0.0003211,322.04437,326.3486,6702.3335,spacetrack,2026-09-18 22:45:57.346000+00:00,322.17746,6702.2773,0.0010154,19.726060555555556,-0.1619258944787112,0.06837655172968056,300-350,quiet_control_2,7.216664621524785
100546,2026-09-20 23:19:06.513000+00:00,0.0069891,15.835725,0.01733538,0.0006401,316.05966,324.63507,6698.4844,spacetrack,2026-09-19 18:29:31.164000+00:00,322.04437,6702.3335,0.00060182,28.826485833333333,-4.982676030316223,-3.204636199295776,300-350,quiet_control_2,5.8391426657596694
100546,2026-09-21 20:33:57.929000+00:00,0.0019838,15.823269,0.00431503,0.0004035,321.1579,326.5664,6701.999,spacetrack,2026-09-20 23:19:06.513000+00:00,316.05966,6698.4844,0.0069891,21.247615555555555,5.758658409461239,3.969876044652623,300-350,quiet_control_2,2.9521475716961496
100547,2026-09-18 22:48:48.309000+00:00,0.0012178,15.822309,0.00258368,0.0002703,322.32162,325.9449,6702.27,spacetrack,2026-09-17 22:32:06.098000+00:00,321.6103,6702.2217,0.0011195,24.278391944444444,0.703163538963563,0.04774616056375211,300-350,quiet_control_2,5.439621796295291
100547,2026-09-19 18:32:22.128000+00:00,0.00071061,15.821912,0.00148518,0.00039,321.63138,326.85925,6702.3823,spacetrack,2026-09-18 22:48:48.309000+00:00,322.32162,6702.27,0.0012178,19.726060833333335,-0.8397905765355538,0.13663143507295056,300-350,quiet_control_2,7.2166646043919975
100547,2026-09-20 23:22:11.808000+00:00,0.0010778,15.8223505,0.00227933,0.0004167,321.3287,326.91437,6702.2583,spacetrack,2026-09-19 18:32:22.128000+00:00,321.63138,6702.3823,0.00071061,28.830466666666666,-0.2519667851369799,-0.10322413557862783,300-350,quiet_control_2,5.835594290299382
100547,2026-09-21 06:57:25.268000+00:00,0.00050468,15.821656,0.0010474,0.0003354,322.06946,326.56546,6702.4546,spacetrack,2026-09-20 23:22:11.808000+00:00,321.3287,6702.2583,0.0010778,7.587072222222222,2.343227990887902,0.6209509889983292,300-350,quiet_control_2,4.538542681886512
100547,2026-09-22 23:55:36.007000+00:00,0.0011335,15.822201,0.00239865,0.0003824,321.60092,326.72684,6702.301,spacetrack,2026-09-21 06:57:25.268000+00:00,322.06946,6702.4546,0.00050468,40.96964972222222,-0.2744704940423521,-0.08997880199087667,300-350,quiet_control_2,2.876909342762192
100547,2026-09-23 18:08:07.146000+00:00,0.0013068,15.821575,0.00276915,0.0002991,322.33588,326.3453,6702.4775,spacetrack,2026-09-22 23:55:36.007000+00:00,321.60092,6702.301,0.0011335,18.20864972222222,0.9687176297577391,0.23263668995840853,300-350,quiet_control_2,2.6927808988948305
100547,2026-09-24 06:16:27.943000+00:00,0.001205,15.822175,0.0025545,0.0004114,321.41385,326.92853,6702.308,spacetrack,2026-09-23 18:08:07.146000+00:00,322.33588,6702.4775,0.0013068,12.139110277777778,-1.8229276688019134,-0.3351151696386106,300-350,secondary_active_sep2,9.169083781240877
100548,2026-09-18 23:13:01.681000+00:00,0.00097965,15.776164,0.00166764,0.0003459,334.8733,339.51895,6715.333,spacetrack,2026-09-17 22:52:05.651000+00:00,334.56265,6715.3003,0.0011411,24.34889722222222,0.30619867224189734,0.03223143918311581,300-350,quiet_control_2,5.400190118124218
100548,2026-09-19 22:02:39.059000+00:00,0.001056,15.776017,0.00179962,0.0003938,334.5933,339.88232,6715.375,spacetrack,2026-09-18 23:13:01.681000+00:00,334.8733,6715.333,0.00097965,22.827049444444445,-0.294387586812488,0.044158138022267646,300-350,quiet_control_2,7.051384238616131
100548,2026-09-20 19:20:57.953000+00:00,0.0010362,15.775694,0.00176247,0.0004011,334.63596,340.0231,6715.4663,spacetrack,2026-09-19 22:02:39.059000+00:00,334.5933,6715.375,0.001056,21.305248333333335,0.048055764663321586,0.10284789765031062,300-350,quiet_control_2,6.309889579372554
100548,2026-09-21 09:02:45.257000+00:00,0.0012895,15.776118,0.00220942,0.000351,334.85217,339.56635,6715.346,spacetrack,2026-09-20 19:20:57.953000+00:00,334.63596,6715.4663,0.0010362,13.696473333333332,0.3788595701764408,-0.2107987895676267,300-350,quiet_control_2,3.755627462414088
100548,2026-09-22 18:31:32.364000+00:00,0.0012903,15.777173,0.00222128,0.0003346,334.66306,339.15677,6715.047,spacetrack,2026-09-21 09:02:45.257000+00:00,334.85217,6715.346,0.0012895,33.479751944444445,-0.1355637284150727,-0.21433850561100842,300-350,quiet_control_2,2.9103936013331837
100548,2026-09-23 17:21:09.814000+00:00,0.00063371,15.775846,0.00106921,0.0004708,334.12488,340.44812,6715.4233,spacetrack,2026-09-22 18:31:32.364000+00:00,334.66306,6715.047,0.0012903,22.827069444444444,-0.5658334737813848,0.3956355423546244,300-350,quiet_control_2,2.7371541706392692
100548,2026-09-24 00:57:42.289000+00:00,0.0010697,15.776317,0.00182619,0.0004406,334.19412,340.11163,6715.29,spacetrack,2026-09-23 17:21:09.814000+00:00,334.12488,6715.4233,0.00063371,7.609020833333333,0.2183934091387585,-0.42044831655540743,300-350,secondary_active_sep2,6.882360684823113
100549,2026-09-18 22:55:51.024000+00:00,0.00090263,15.822211,0.00189882,0.0003929,321.52747,326.79413,6702.298,spacetrack,2026-09-17 22:39:09.440000+00:00,321.58606,6702.375,0.0013921,24.27821777777778,-0.05791858417575547,-0.07611761361235155,300-350,quiet_control_2,5.425086849684556
100549,2026-09-19 18:39:25.280000+00:00,0.00063139,15.821685,0.0013155,0.000426,321.45435,327.16483,6702.447,spacetrack,2026-09-18 22:55:51.024000+00:00,321.52747,6702.298,0.00090263,19.72618222222222,-0.08896196842506501,0.18128191049455686,300-350,quiet_control_2,7.216657117410342
100549,2026-09-20 23:29:14.961000+00:00,0.0015323,15.822301,0.00327845,0.0004551,321.08517,327.18558,6702.2725,spacetrack,2026-09-19 18:39:25.280000+00:00,321.45435,6702.447,0.00063139,28.830466944444442,-0.3073248871436222,-0.14526299584644561,300-350,quiet_control_2,5.827440244276307
100549,2026-09-21 05:33:25.523000+00:00,0.0011173,15.822415,0.0023658,0.0003672,321.64224,326.56436,6702.24,spacetrack,2026-09-20 23:29:14.961000+00:00,321.08517,6702.2725,0.0015323,6.069600555555556,2.2027281495094213,-0.12850928044880505,300-350,quiet_control_2,4.988532926521524
100549,2026-09-22 17:58:28.343000+00:00,0.00046748,15.821719,0.00096954,0.0003857,321.71454,326.8848,6702.4365,spacetrack,2026-09-21 05:33:25.523000+00:00,321.64224,6702.24,0.0011173,36.41745,0.04764748767416781,0.12949835861655193,300-350,quiet_control_2,2.847405852902325
100549,2026-09-23 22:48:18.636000+00:00,0.00117,15.821992,0.00247737,0.0006094,320.13846,328.30728,6702.36,spacetrack,2026-09-22 17:58:28.343000+00:00,321.71454,6702.4365,0.00046748,28.830636944444446,-1.3120043123878564,-0.06368225591203107,300-350,quiet_control_2,3.2918953894850262
100549,2026-09-24 03:21:25.946000+00:00,0.0013271,15.82252,0.00282787,0.0005272,320.54013,327.60693,6702.2104,spacetrack,2026-09-23 22:48:18.636000+00:00,320.13846,6702.36,0.00117,4.552030555555556,2.1177537985183155,-0.7887469023273034,300-350,secondary_active_sep2,12.166835069331087
100550,2026-09-20 23:37:38.974000+00:00,0.00064134,15.775968,0.0010826,0.0003711,334.75995,339.7441,6715.389,spacetrack,2026-09-19 21:45:24.283000+00:00,334.97073,6715.3184,0.00051669,25.8707475,-0.19553822323842762,0.06549482190262629,300-350,quiet_control_2,5.796875387711331
100550,2026-09-21 22:27:16.838000+00:00,0.0014069,15.77635,0.00241926,0.000383,334.5716,339.71548,6715.281,spacetrack,2026-09-20 23:37:38.974000+00:00,334.75995,6715.389,0.00064134,22.827184444444445,-0.19802705020419137,-0.11354882623884076,300-350,quiet_control_2,3.0123476317174664
100550,2026-09-22 21:16:54.191000+00:00,0.00051773,15.775951,0.00087122,0.0003439,334.9471,339.56598,6715.3936,spacetrack,2026-09-21 22:27:16.838000+00:00,334.5716,6715.281,0.0014069,22.8270425,0.39479490170484044,0.11838590128393636,300-350,quiet_control_2,3.2668171120089493
100550,2026-09-23 17:03:55.085000+00:00,0.00074726,15.77595,0.00126461,0.0004527,334.21677,340.29688,6715.394,spacetrack,2026-09-22 21:16:54.191000+00:00,334.9471,6715.3936,0.00051773,19.783581666666667,-0.8859831498323841,0.00048525085898703727,300-350,quiet_control_2,2.696718213056972
100550,2026-09-24 00:40:27.786000+00:00,0.0014562,15.776368,0.00250675,0.0003568,334.74228,339.5343,6715.2754,spacetrack,2026-09-23 17:03:55.085000+00:00,334.21677,6715.394,0.00074726,7.609083611111111,1.6575241703985213,-0.37407921183024795,300-350,secondary_active_sep2,6.429140923343047
100551,2026-09-18 21:53:08.366000+00:00,0.0012752,15.775898,0.0021823,0.0004426,334.2996,340.24405,6715.4087,spacetrack,2026-09-17 23:03:30.509000+00:00,334.69116,6715.2593,0.0013807,22.8271825,-0.41167761286355176,0.1570758896769585,300-350,quiet_control_2,5.335203800702664
100551,2026-09-19 22:14:04.133000+00:00,0.001548,15.777213,0.00268042,0.000345,334.58182,339.21518,6715.0356,spacetrack,2026-09-18 21:53:08.366000+00:00,334.2996,6715.4087,0.0012752,24.34882416666667,0.2781768825318657,-0.36775492478415334,300-350,quiet_control_2,6.985673880419071
100551,2026-09-20 22:35:00.411000+00:00,0.00085713,15.776051,0.0014547,0.0004366,334.29654,340.1604,6715.365,spacetrack,2026-09-19 22:14:04.133000+00:00,334.58182,6715.0356,0.001548,24.348966111111114,-0.2811914053663106,0.3246790834532973,300-350,quiet_control_2,5.869937188069974
100551,2026-09-21 04:40:14.166000+00:00,0.00066788,15.776019,0.00112837,0.0003715,334.74243,339.73196,6715.374,spacetrack,2026-09-20 22:35:00.411000+00:00,334.29654,6715.365,0.00085713,6.087154166666667,1.7580234879874177,0.03548456209359178,300-350,quiet_control_2,4.985682280375956
100551,2026-09-22 17:11:38.369000+00:00,0.00074662,15.7759075,0.00126328,0.0004563,334.20474,340.33322,6715.406,spacetrack,2026-09-21 04:40:14.166000+00:00,334.74243,6715.374,0.00066788,36.52338972222223,-0.353323174495721,0.0210276210900651,300-350,quiet_control_2,2.872120257670802
100551,2026-09-23 23:37:49.876000+00:00,0.0010498,15.775839,0.00178709,0.0003095,335.21008,339.3669,6715.4253,spacetrack,2026-09-22 17:11:38.369000+00:00,334.20474,6715.406,0.00074662,30.43652972222222,0.7927368928128287,0.015218554947811068,300-350,quiet_control_2,3.3578451102255995
100552,2026-09-18 23:04:09.250000+00:00,0.00094448,15.7760725,0.00160589,0.000351,334.86514,339.5793,6715.3594,spacetrack,2026-09-17 22:43:12.980000+00:00,334.71185,6715.3535,0.00088473,24.34896388888889,0.15109308210350958,0.005815442523501803,300-350,quiet_control_2,5.418422207561421
100552,2026-09-19 21:53:46.710000+00:00,0.00085321,15.776104,0.001448,0.0003474,334.88046,339.54626,6715.3506,spacetrack,2026-09-18 23:04:09.250000+00:00,334.86514,6715.3594,0.00094448,22.827072222222224,0.016107190463208354,-0.009252172068166685,300-350,quiet_control_2,7.051383189502329
100552,2026-09-20 22:14:42.510000+00:00,0.00094207,15.776198,0.00160266,0.0003697,334.7039,339.6692,6715.3237,spacetrack,2026-09-19 21:53:46.710000+00:00,334.88046,6715.3506,0.00085321,24.348833333333335,-0.174030514809111,-0.02651461740108807,300-350,quiet_control_2,5.897724736982607
100552,2026-09-21 05:51:15.328000+00:00,0.00045674,15.775833,0.00076699,0.0003533,334.91742,339.66254,6715.427,spacetrack,2026-09-20 22:14:42.510000+00:00,334.7039,6715.3237,0.00094207,7.609116111111111,0.6734658697765762,0.32581970938439075,300-350,quiet_control_2,4.788527854271876
100552,2026-09-22 16:51:20.998000+00:00,0.0017504,15.777488,0.0030482,0.0004046,334.10382,339.53757,6714.9575,spacetrack,2026-09-21 05:51:15.328000+00:00,334.91742,6715.427,0.00045674,35.001575,-0.5578720386154107,-0.3219283703656718,300-350,quiet_control_2,2.8327430186276534
100552,2026-09-23 23:17:31.434000+00:00,0.00079394,15.775965,0.00134469,0.000309,335.17773,339.32785,6715.3896,spacetrack,2026-09-22 16:51:20.998000+00:00,334.10382,6714.9575,0.0017504,30.436232222222223,0.846814408952439,0.3407254854767507,300-350,quiet_control_2,3.324488094580549
100553,2026-09-18 21:50:20.412000+00:00,0.0009391,15.77623,0.00159779,0.0003833,334.60364,339.7516,6715.3145,spacetrack,2026-09-17 23:00:43.033000+00:00,334.93195,6715.2695,0.0012831,22.827049722222224,-0.3451799551796235,0.04731229016206864,300-350,quiet_control_2,5.341313879090741
100553,2026-09-19 22:11:16.786000+00:00,0.0016832,15.776386,0.0029119,0.0003415,334.83975,339.42627,6715.27,spacetrack,2026-09-18 21:50:20.412000+00:00,334.60364,6715.3145,0.0009391,24.348992777777777,0.23272584832221893,-0.04386218394109578,300-350,quiet_control_2,6.985667054856729
100553,2026-09-20 19:29:35.554000+00:00,0.0010445,15.776226,0.00178126,0.0004321,334.277,340.08038,6715.316,spacetrack,2026-09-19 22:11:16.786000+00:00,334.83975,6715.27,0.0016832,21.30521333333333,-0.6339293481219866,0.05181830299992965,300-350,quiet_control_2,6.282896121616972
100553,2026-09-21 04:37:26.874000+00:00,0.00084452,15.77602,0.0014325,0.0003708,334.74704,339.72714,6715.374,spacetrack,2026-09-20 19:29:35.554000+00:00,334.277,6715.316,0.0010445,9.130922222222223,1.235467757303432,0.1524490041774827,300-350,quiet_control_2,4.327066512692523
100553,2026-09-22 17:08:51.283000+00:00,0.00017916,15.775512,0.00029733,0.0003328,335.1465,339.61636,6715.5186,spacetrack,2026-09-21 04:37:26.874000+00:00,334.74704,6715.374,0.00084452,36.52344694444445,0.2624900112681645,0.09501841393260849,300-350,quiet_control_2,2.8733927913841097
100553,2026-09-23 17:29:47.362000+00:00,0.00094002,15.775447,0.00159378,0.000394,334.7538,340.0457,6715.5366,spacetrack,2026-09-22 17:08:51.283000+00:00,335.1465,6715.5186,0.00017916,24.34891083333333,-0.3870727551023495,0.017742066696851848,300-350,quiet_control_2,2.753582406988567
100554,2026-09-18 18:53:18.690000+00:00,0.0010227,15.776046,0.00174162,0.0003548,334.84717,339.6124,6715.3667,spacetrack,2026-09-17 23:06:17.989000+00:00,334.88156,6715.345,0.0009344,19.783528055555557,-0.041719555666795666,0.0263249304432136,300-350,quiet_control_2,5.5460584275911575
100554,2026-09-19 08:35:05.218000+00:00,0.0013596,15.776003,0.00233161,0.0003399,334.9594,339.52454,6715.379,spacetrack,2026-09-18 18:53:18.690000+00:00,334.84717,6715.3667,0.0010227,13.696257777777777,0.1966610181921742,0.021553332654611408,300-350,quiet_control_2,7.508848280698246
100554,2026-09-20 07:24:42.686000+00:00,0.0014444,15.776273,0.00248488,0.0003718,334.6687,339.6622,6715.3022,spacetrack,2026-09-19 08:35:05.218000+00:00,334.9594,6715.379,0.0013596,22.827074444444442,-0.30563706343448455,-0.08074622109292216,300-350,quiet_control_2,7.507501861702529
100554,2026-09-21 22:58:43.851000+00:00,0.0012307,15.776262,0.00210732,0.0003402,334.88376,339.45285,6715.305,spacetrack,2026-09-20 07:24:42.686000+00:00,334.6687,6715.3022,0.0014444,39.56699027777778,0.13044813274308364,0.0016983854352627164,300-350,quiet_control_2,3.184756688840617
100554,2026-09-22 17:14:26.098000+00:00,0.0009186,15.77541,0.00155637,0.0003658,334.95374,339.86685,6715.5474,spacetrack,2026-09-21 22:58:43.851000+00:00,334.88376,6715.305,0.0012307,18.261735277777777,0.09196935419622732,0.31856775446095825,300-350,quiet_control_2,3.2761131361999234
100554,2026-09-23 17:35:22.097000+00:00,0.00090183,15.775481,0.0015277,0.0002914,335.43304,339.34686,6715.527,spacetrack,2026-09-22 17:14:26.098000+00:00,334.95374,6715.5474,0.0009186,24.34888861111111,0.4724322404904885,-0.020107693941506993,300-350,quiet_control_2,2.7535821820934356
100555,2026-09-18 23:01:41.434000+00:00,0.0012766,15.82242,0.00271477,0.0004315,321.20978,326.99384,6702.239,spacetrack,2026-09-17 22:44:59.463000+00:00,321.44278,6702.3403,0.001778,24.27832527777778,-0.23032890185051264,-0.10013870282196362,300-350,quiet_control_2,5.413075146783589
100555,2026-09-21 14:53:31.722000+00:00,0.0014678,15.776697,0.00253118,0.0003748,334.52817,339.56186,6715.182,spacetrack,2026-09-20 22:09:08.771000+00:00,334.4997,6715.365,0.0010178,16.739708611111112,0.04081791480801245,-0.26237015840793076,300-350,quiet_control_2,3.648013885015355
100555,2026-09-22 16:45:46.242000+00:00,0.0015263,15.775866,0.00262533,0.0003542,334.9024,339.6596,6715.418,spacetrack,2026-09-21 14:53:31.722000+00:00,334.52817,6715.182,0.0014678,25.8707,0.34716957793953285,0.21893493411454007,300-350,quiet_control_2,2.884038700151136
100555,2026-09-23 15:35:24.066000+00:00,0.0013324,15.775778,0.00228141,0.0003514,334.9459,339.6655,6715.443,spacetrack,2026-09-22 16:45:46.242000+00:00,334.9024,6715.418,0.0015263,22.82717333333333,0.0457349661631285,0.026284463312719844,300-350,quiet_control_2,2.737155366878539
100555,2026-09-24 03:45:51.615000+00:00,0.00099474,15.776319,0.00169522,0.000393,334.51315,339.79138,6715.289,spacetrack,2026-09-23 15:35:24.066000+00:00,334.9459,6715.443,0.0013324,12.174319166666667,-0.8531072545261402,-0.3035898722066108,300-350,secondary_active_sep2,7.812262944478141
100556,2026-09-18 23:02:50.327000+00:00,0.0014417,15.822288,0.00307748,0.0004939,320.82898,327.4495,6702.2764,spacetrack,2026-09-17 22:46:07.681000+00:00,321.68198,6702.2964,0.0010413,24.278512777777777,-0.8432147466107691,-0.019770568502442347,300-350,quiet_control_2,5.410738171473665
100556,2026-09-19 18:46:23.784000+00:00,0.00081997,15.821938,0.00171915,0.0004366,321.3119,327.1644,6702.375,spacetrack,2026-09-18 23:02:50.327000+00:00,320.82898,6702.2764,0.0014417,19.725960277777776,0.587554665871261,0.11996374152046288,300-350,quiet_control_2,7.216670806492352
100556,2026-09-20 23:36:13.514000+00:00,0.00060164,15.821863,0.00125354,0.0004197,321.44608,327.07205,6702.396,spacetrack,2026-09-19 18:46:23.784000+00:00,321.3119,6702.375,0.00081997,28.830480555555553,0.11169845031874814,0.017481498410071405,300-350,quiet_control_2,5.81937492274043
100556,2026-09-21 17:48:45.025000+00:00,0.00063823,15.821799,0.0013306,0.0003903,321.6613,326.8932,6702.414,spacetrack,2026-09-20 23:36:13.514000+00:00,321.44608,6702.396,0.00060164,18.208753055555555,0.28367016589440575,0.02372485357358909,300-350,quiet_control_2,3.36157001781393
100556,2026-09-22 18:05:26.933000+00:00,0.0016668,15.823465,0.00359865,0.000426,320.95178,326.66183,6701.944,spacetrack,2026-09-21 17:48:45.025000+00:00,321.6613,6702.414,0.00063823,24.278307777777776,-0.7013866104616366,-0.4646122828341851,300-350,quiet_control_2,2.9922773425037814
100556,2026-09-23 22:55:17.157000+00:00,0.0014878,15.822136,0.00317837,0.0006098,320.095,328.26913,6702.319,spacetrack,2026-09-22 18:05:26.933000+00:00,320.95178,6701.944,0.0016668,28.83061777777778,-0.7132250914112717,0.3121681286669157,300-350,quiet_control_2,3.3039927055172362
100557,2026-09-18 23:06:11.032000+00:00,0.0012096,15.822472,0.00256836,0.0004227,321.25436,326.92044,6702.2246,spacetrack,2026-09-17 22:49:29.622000+00:00,320.9397,6702.329,0.0019926,24.278169444444444,0.31105475300684854,-0.10320382703224794,300-350,quiet_control_2,5.403798336891819
100557,2026-09-21 22:32:51.425000+00:00,0.00077687,15.776115,0.00131629,0.0003583,334.8039,339.61612,6715.347,spacetrack,2026-09-20 23:43:14.224000+00:00,334.7679,6715.413,0.00029157,22.827000277777778,0.03784991411425801,-0.06939150920926386,300-350,quiet_control_2,3.016411194146172
100557,2026-09-22 21:22:28.949000+00:00,0.00091402,15.776195,0.0015543,0.0004623,334.08316,340.29214,6715.3247,spacetrack,2026-09-21 22:32:51.425000+00:00,334.8039,6715.347,0.00077687,22.827090000000002,-0.7577733298462253,-0.02344582686584948,300-350,quiet_control_2,3.2586735273260365
100557,2026-09-23 15:38:11.333000+00:00,0.0012379,15.776047,0.00211801,0.0003739,334.71854,339.7403,6715.366,spacetrack,2026-09-22 21:22:28.949000+00:00,334.08316,6715.3247,0.00091402,18.261773333333334,0.8350295298083472,0.054277313703566143,300-350,quiet_control_2,2.6714448323017916
100557,2026-09-24 03:48:39.201000+00:00,0.0013368,15.776421,0.00229605,0.0003956,334.46677,339.77988,6715.2603,spacetrack,2026-09-23 15:38:11.333000+00:00,334.71854,6715.366,0.0012379,12.174407777777779,-0.4963264012751404,-0.2083715320126006,300-350,secondary_active_sep2,7.835170307622539
100558,2026-09-18 22:10:07.874000+00:00,0.0010558,15.775811,0.00179739,0.0003784,334.75516,339.8374,6715.433,spacetrack,2026-09-17 23:20:29.984000+00:00,334.83752,6715.33,0.00081956,22.827191666666668,-0.0865914663907713,0.10829190187294488,300-350,quiet_control_2,5.297986940282843
100558,2026-09-19 22:31:03.739000+00:00,0.0010968,15.776243,0.00187251,0.0003783,334.63327,339.71408,6715.3105,spacetrack,2026-09-18 22:10:07.874000+00:00,334.75516,6715.433,0.0010558,24.34885138888889,-0.12014365496251342,-0.12074491535774104,300-350,quiet_control_2,6.985672778427319
100558,2026-09-20 19:49:22.600000+00:00,0.0010856,15.7761545,0.00185264,0.0004577,334.12524,340.27246,6715.336,spacetrack,2026-09-19 22:31:03.739000+00:00,334.63327,6715.3105,0.0010968,21.305239166666667,-0.5722874033291936,0.028725328790162208,300-350,quiet_control_2,6.220988940109554
100558,2026-09-21 07:59:51.106000+00:00,0.0011093,15.77611,0.00189314,0.000346,334.88815,339.53516,6715.3486,spacetrack,2026-09-20 19:49:22.600000+00:00,334.12524,6715.336,0.0010856,12.174585,1.5039395593360627,0.02483862899642895,300-350,quiet_control_2,3.9713197616181577
100558,2026-09-22 17:28:38.049000+00:00,0.00062611,15.775979,0.00105683,0.0004687,334.10114,340.39612,6715.3857,spacetrack,2026-09-21 07:59:51.106000+00:00,334.88815,6715.3486,0.0011093,33.479706388888886,-0.5641698221782727,0.026595215311828888,300-350,quiet_control_2,2.88045084657959
100558,2026-09-23 17:49:34.594000+00:00,0.00099624,15.77542,0.00169157,0.0005373,333.799,341.01553,6715.5444,spacetrack,2026-09-22 17:28:38.049000+00:00,334.10114,6715.3857,0.00062611,24.349040277777778,-0.29780886298907555,0.15642505645181404,300-350,quiet_control_2,2.75358371699455
100559,2026-09-18 23:07:58.314000+00:00,0.00077518,15.822259,0.00162563,0.0003996,321.4692,326.82568,6702.2847,spacetrack,2026-09-17 22:51:16.850000+00:00,321.56906,6702.275,0.001159,24.278184444444445,-0.09871578352506916,0.009588855400008069,300-350,quiet_control_2,5.400118171933595
100559,2026-09-19 20:22:37.093000+00:00,0.0013001,15.82205,0.00276115,0.000385,321.62595,326.78674,6702.3433,spacetrack,2026-09-18 23:07:58.314000+00:00,321.4692,6702.2847,0.00077518,21.244105277777777,0.1770844171034553,0.0662018937308825,300-350,quiet_control_2,7.129725148985446
100559,2026-09-20 22:10:19.572000+00:00,0.00095347,15.822224,0.00200852,0.000387,321.56354,326.75113,6702.2944,spacetrack,2026-09-19 20:22:37.093000+00:00,321.62595,6702.3433,0.0013001,25.795133055555556,-0.05806676774157609,-0.045496954696408846,300-350,quiet_control_2,5.909122133170707
100559,2026-09-21 17:53:54.042000+00:00,0.00088905,15.821527,0.00186358,0.0004083,321.61746,327.09073,6702.491,spacetrack,2026-09-20 22:10:19.572000+00:00,321.56354,6702.2944,0.00095347,19.726241666666667,0.06560195408063228,0.23919406847673064,300-350,quiet_control_2,3.4019798500221152
100559,2026-09-22 16:39:33.201000+00:00,0.0018965,15.823487,0.00412006,0.0004036,321.0956,326.50543,6701.9375,spacetrack,2026-09-21 17:53:54.042000+00:00,321.61746,6702.491,0.00088905,22.7608775,-0.5502705244997733,-0.583633034359051,300-350,quiet_control_2,2.9955337837919473
100559,2026-09-23 21:29:22.877000+00:00,0.0011181,15.822617,0.00236973,0.0003305,321.83118,326.26132,6702.183,spacetrack,2026-09-22 16:39:33.201000+00:00,321.0956,6701.9375,0.0018965,28.83046555555556,0.6123355852850176,0.2043671472680902,300-350,quiet_control_2,3.1550118626442187
100559,2026-09-24 00:31:28.372000+00:00,0.00068753,15.821943,0.00143601,0.0002994,322.2298,326.24316,6702.3735,spacetrack,2026-09-23 21:29:22.877000+00:00,321.83118,6702.183,0.0011181,3.0348597222222224,3.1523302147865593,1.5064946714061214,300-350,secondary_active_sep2,7.5555677797665
100560,2026-09-18 23:09:36.567000+00:00,0.00095502,15.822656,0.00201566,0.00029,322.09158,325.97885,6702.1724,spacetrack,2026-09-17 22:52:55.379000+00:00,321.49423,6702.1626,0.0012522,24.278107777777777,0.5905073052325159,0.009687740171935503,300-350,quiet_control_2,5.396734321277188
100560,2026-09-19 21:55:16.617000+00:00,0.00095659,15.821902,0.00201195,0.0003256,322.0658,326.4304,6702.3853,spacetrack,2026-09-18 23:09:36.567000+00:00,322.09158,6702.1724,0.00095502,22.761125,-0.02718319063754271,0.224488025086144,300-350,quiet_control_2,7.054429427367936
100560,2026-09-20 19:09:53.466000+00:00,0.00074111,15.821757,0.00154885,0.000321,322.13757,326.44052,6702.4263,spacetrack,2026-09-19 21:55:16.617000+00:00,322.0658,6702.3853,0.00095659,21.243569166666667,0.08108242011901384,0.04631990002640484,300-350,quiet_control_2,6.345544257452343
100560,2026-09-21 20:57:37.710000+00:00,0.00061621,15.822143,0.00128594,0.0003728,321.68155,326.6788,6702.3174,spacetrack,2026-09-20 19:09:53.466000+00:00,322.13757,6702.4263,0.00074111,25.795623333333335,-0.4242766247038756,-0.10131951324575703,300-350,quiet_control_2,2.9334548612703943
100560,2026-09-22 18:12:14.542000+00:00,0.0018519,15.82361,0.00402127,0.0004641,320.65533,326.87604,6701.903,spacetrack,2026-09-21 20:57:37.710000+00:00,321.68155,6702.3174,0.00061621,21.24356444444444,-1.159376057836732,-0.4681700204314241,300-350,quiet_control_2,3.41807602595254
100560,2026-09-23 23:02:04.236000+00:00,0.00076565,15.822066,0.00160363,0.0003596,321.7917,326.61203,6702.339,spacetrack,2026-09-22 18:12:14.542000+00:00,320.65533,6701.903,0.0018519,28.830470555555557,0.9459741542353901,0.3629493309805268,300-350,quiet_control_2,3.315760715124567
100560,2026-09-24 00:33:07.025000+00:00,0.00059342,15.821903,0.00123616,0.0003519,321.88916,326.6063,6702.385,spacetrack,2026-09-23 23:02:04.236000+00:00,321.7917,6702.339,0.00076565,1.517441388888889,1.541436800872423,0.7275404559875713,300-350,secondary_active_sep2,9.27364373765855
100562,2026-09-20 20:26:05.654000+00:00,0.00094606,15.729794,0.0054086,0.0204915,212.50974,488.26483,6728.5244,spacetrack,2026-09-18 08:58:10.478000+00:00,214.05202,6736.0596,0.00096954,59.46532666666667,-0.6224588693086042,-3.041180636469236,200-250,quiet_control_2,6.038523411046968
100562,2026-09-22 04:24:41.556000+00:00,0.00092799,15.744614,0.00545259,0.0199429,212.06236,480.2665,6724.3013,spacetrack,2026-09-20 20:26:05.654000+00:00,212.50974,6728.5244,0.00094606,31.976639444444444,-0.33578012532098633,-3.169638891419308,200-250,quiet_control_2,3.5452387803033503
100562,2026-09-23 09:18:55.937000+00:00,0.00094229,15.7588825,0.00572226,0.0194559,211.35631,472.853,6720.2417,spacetrack,2026-09-22 04:24:41.556000+00:00,212.06236,6724.3013,0.00092799,28.90399472222222,-0.5862580644249896,-3.3708281826215782,200-250,quiet_control_2,2.38816547282137
100615,2026-09-18 22:33:59.554000+00:00,0.0010047,15.776109,0.00171081,0.0003647,334.76288,339.66104,6715.349,spacetrack,2026-09-17 23:44:21.940000+00:00,334.99832,6715.3335,0.00099043,22.827115,-0.24753719425339502,0.01629640889837821,300-350,quiet_control_2,5.245709178171077
100615,2026-09-19 22:54:55.478000+00:00,0.00076595,15.776067,0.00129714,0.0003364,334.9647,339.4828,6715.361,spacetrack,2026-09-18 22:33:59.554000+00:00,334.76288,6715.349,0.0010047,24.348867777777777,0.19892834624616834,0.011828065379534222,300-350,quiet_control_2,6.985672114984494
100615,2026-09-20 23:15:51.646000+00:00,0.00061866,15.775946,0.00104364,0.0003575,334.85733,339.65884,6715.395,spacetrack,2026-09-19 22:54:55.478000+00:00,334.9647,6715.361,0.00076595,24.348935555555556,-0.10583132039265354,0.03351275862353925,300-350,quiet_control_2,5.814008616028024
100615,2026-09-21 14:28:56.800000+00:00,0.00096117,15.776135,0.00163534,0.0003556,334.8163,339.59225,6715.3413,spacetrack,2026-09-20 23:15:51.646000+00:00,334.85733,6715.395,0.00061866,15.218098333333334,-0.06470716501039847,-0.0846886366338168,300-350,quiet_control_2,3.6397418176464376
100615,2026-09-22 14:49:53.164000+00:00,0.0016758,15.776334,0.00289777,0.0003128,335.04752,339.2486,6715.285,spacetrack,2026-09-21 14:28:56.800000+00:00,334.8163,6715.3413,0.00096117,24.34899,0.2279059624239108,-0.0554930615193735,300-350,quiet_control_2,2.88371450132246
100615,2026-09-23 21:16:02.948000+00:00,0.0015537,15.7765665,0.00268254,0.0003238,334.90753,339.25632,6715.2188,spacetrack,2026-09-22 14:49:53.164000+00:00,335.04752,6715.285,0.0016758,30.436051111111112,-0.11038751340425207,-0.052201252856517256,300-350,quiet_control_2,3.1193943030863323
100615,2026-09-24 06:23:53.964000+00:00,0.0011044,15.776318,0.00188652,0.0003729,334.64847,339.65674,6715.2896,spacetrack,2026-09-23 21:16:02.948000+00:00,334.90753,6715.2188,0.0015537,9.130837777777778,-0.6809276597961834,0.18609464337932494,300-350,secondary_active_sep2,10.335298793319927
100616,2026-09-18 22:37:32.650000+00:00,0.00064372,15.775884,0.00108632,0.0003941,334.6292,339.9223,6715.4126,spacetrack,2026-09-17 23:47:56.679000+00:00,334.57977,6715.392,0.00080755,22.826658611111114,0.051970812733110744,0.021658886147939954,300-350,quiet_control_2,5.237854615675913
100616,2026-09-19 21:27:10.114000+00:00,0.0017865,15.776828,0.00310404,0.00039,334.389,339.62683,6715.145,spacetrack,2026-09-18 22:37:32.650000+00:00,334.6292,6715.4126,0.00064372,22.827073333333335,-0.25254222982594543,-0.28135012781524393,300-350,quiet_control_2,7.0513831383261
100616,2026-09-20 21:48:06.236000+00:00,0.00081376,15.77604,0.00137951,0.0003736,334.7226,339.74033,6715.3687,spacetrack,2026-09-19 21:27:10.114000+00:00,334.389,6715.145,0.0017865,24.34892277777778,0.32881947481088797,0.2204943540619034,300-350,quiet_control_2,5.934146390824819
100616,2026-09-21 22:09:02.416000+00:00,0.0015227,15.776625,0.00262802,0.0003446,334.7515,339.3796,6715.2026,spacetrack,2026-09-20 21:48:06.236000+00:00,334.7226,6715.3687,0.00081376,24.34893888888889,0.02848584092989056,-0.16371966015438882,300-350,quiet_control_2,3.0615883101453885
100616,2026-09-22 07:16:53.511000+00:00,0.0009071,15.776101,0.00154129,0.0003592,334.80194,339.62625,6715.351,spacetrack,2026-09-21 22:09:02.416000+00:00,334.7515,6715.2026,0.0015227,9.130859722222223,0.13257897249843106,0.3900618461296549,300-350,quiet_control_2,4.578945179647955
100616,2026-09-23 21:19:36.326000+00:00,0.0015581,15.77654,0.00269012,0.0003272,334.8922,339.28665,6715.2266,spacetrack,2026-09-22 07:16:53.511000+00:00,334.80194,6715.351,0.0009071,38.04522638888889,0.05693854934275451,-0.0784750225816673,300-350,quiet_control_2,2.9017433235436934
100616,2026-09-24 06:27:27.348000+00:00,0.0010699,15.776171,0.00182475,0.0003236,335.0213,339.36746,6715.3315,spacetrack,2026-09-23 21:19:36.326000+00:00,334.8922,6715.2266,0.0015581,9.130839444444444,0.3393335321305033,0.27572492270010307,300-350,secondary_active_sep2,10.393721984062438
100617,2026-09-18 22:40:20.071000+00:00,0.00097917,15.776074,0.0016661,0.0003382,334.95062,339.4929,6715.359,spacetrack,2026-09-17 23:50:42.398000+00:00,335.18393,6715.4263,0.0008673,22.827131388888887,-0.2452975761432984,-0.07075790525212947,300-350,quiet_control_2,5.231820618722072
100617,2026-09-19 23:01:15.855000+00:00,0.0011797,15.775906,0.00201457,0.0003435,334.96283,339.57632,6715.4067,spacetrack,2026-09-18 22:40:20.071000+00:00,334.95062,6715.359,0.00097917,24.34882888888889,0.012035075745810815,0.04701663497674133,300-350,quiet_control_2,6.985673689257061
100617,2026-09-20 23:22:12.082000+00:00,0.00088584,15.776125,0.00150461,0.0003544,334.82727,339.5871,6715.344,spacetrack,2026-09-19 23:01:15.855000+00:00,334.96283,6715.4067,0.0011797,24.348951944444444,-0.13361725003290226,-0.06180142798019783,300-350,quiet_control_2,5.805328559259117
100617,2026-09-21 22:11:49.883000+00:00,0.001143,15.776214,0.00195302,0.0003303,334.96417,339.4003,6715.3193,spacetrack,2026-09-20 23:22:12.082000+00:00,334.82727,6715.344,0.00088584,22.827166944444446,0.14393376138164377,-0.025969057020578088,300-350,quiet_control_2,3.0010670034843105
100617,2026-09-22 07:19:40.754000+00:00,0.0012358,15.776378,0.00211736,0.0003592,334.72342,339.5477,6715.2725,spacetrack,2026-09-21 22:11:49.883000+00:00,334.96417,6715.3193,0.001143,9.1307975,-0.6328034325590023,-0.12301225604902706,300-350,quiet_control_2,4.563678674653921
100617,2026-09-23 10:43:15.328000+00:00,0.0011785,15.777756,0.0020292,0.00027,334.93152,338.55756,6714.8813,spacetrack,2026-09-22 07:19:40.754000+00:00,334.72342,6715.2725,0.0012358,27.39293722222222,0.18232436921544834,-0.342745282254145,300-350,quiet_control_2,2.4541991531596534
100617,2026-09-24 06:30:14.522000+00:00,0.0012273,15.777263,0.00211091,0.0003585,334.47723,339.2919,6715.0215,spacetrack,2026-09-23 10:43:15.328000+00:00,334.93152,6714.8813,0.0011785,19.783109444444445,-0.5511246869768891,0.17008448593204606,300-350,secondary_active_sep2,7.009859139939158
100618,2026-09-19 23:02:16.805000+00:00,0.0010489,15.775817,0.00178548,0.0003563,334.9019,339.68732,6715.4316,spacetrack,2026-09-18 22:41:20.863000+00:00,334.75253,6715.3735,0.0008726,24.34887277777778,0.147229813581866,0.057267538120996386,300-350,quiet_control_2,6.985671912578384
100618,2026-09-20 21:51:54.555000+00:00,0.0006948,15.775948,0.00117415,0.0003502,334.90588,339.60938,6715.3945,spacetrack,2026-09-19 23:02:16.805000+00:00,334.9019,6715.4316,0.0010489,22.827152777777776,0.004184490327383041,-0.03900617867928396,300-350,quiet_control_2,5.924199555232408
100618,2026-09-21 11:33:40.964000+00:00,0.0009663,15.776278,0.00164533,0.0003628,334.7278,339.60043,6715.3013,spacetrack,2026-09-20 21:51:54.555000+00:00,334.90588,6715.3945,0.0006948,13.696224722222222,-0.31205095467410654,-0.16331507735681483,300-350,quiet_control_2,3.812986502424056
100618,2026-09-22 07:20:41.821000+00:00,0.0012408,15.776112,0.00212369,0.0003693,334.73102,339.69098,6715.348,spacetrack,2026-09-21 11:33:40.964000+00:00,334.7278,6715.3013,0.0009663,19.78357138888889,0.003906271445173765,0.05665306723266558,300-350,quiet_control_2,3.235298755250867
100618,2026-09-23 21:23:24.295000+00:00,0.0011044,15.776161,0.00188591,0.0005233,333.68295,340.71124,6715.334,spacetrack,2026-09-22 07:20:41.821000+00:00,334.73102,6715.348,0.0012408,38.04513166666666,-0.6611537113443178,-0.008831616169628237,300-350,quiet_control_2,2.9084034215094565
100618,2026-09-24 04:59:56.789000+00:00,0.0014222,15.776549,0.00244841,0.0003451,334.76932,339.40417,6715.2236,spacetrack,2026-09-23 21:23:24.295000+00:00,333.68295,6715.334,0.0011044,7.609026111111111,3.4265725493998094,-0.34821801913922246,300-350,secondary_active_sep2,10.336602829957725
100619,2026-09-18 22:46:25.287000+00:00,0.0009397,15.776136,0.00159798,0.0003244,335.02545,339.3824,6715.341,spacetrack,2026-09-17 23:56:47.656000+00:00,335.32053,6715.315,0.0010551,22.82711972222222,-0.3102415059884553,0.02733590604558496,300-350,quiet_control_2,5.2184860135478965
100619,2026-09-19 21:36:02.739000+00:00,0.00068059,15.775864,0.00114933,0.0003581,334.87656,339.68616,6715.4185,spacetrack,2026-09-18 22:46:25.287000+00:00,335.02545,6715.341,0.0009397,22.827070000000003,-0.15654045832425562,0.08148220511813517,300-350,quiet_control_2,7.051383291854803
100619,2026-09-20 23:28:17.382000+00:00,0.00069095,15.775965,0.00116771,0.0003841,334.67337,339.83215,6715.3896,spacetrack,2026-09-19 21:36:02.739000+00:00,334.87656,6715.4185,0.00068059,25.870734166666665,-0.18849716318771476,-0.026810217116985346,300-350,quiet_control_2,5.808935070487145
100619,2026-09-21 13:10:04.020000+00:00,0.00073289,15.776004,0.00123991,0.0003563,334.84903,339.63443,6715.379,spacetrack,2026-09-20 23:28:17.382000+00:00,334.67337,6715.3896,0.00069095,13.696288333333333,0.3078089404514733,-0.018574375321333745,300-350,quiet_control_2,3.6956997960396327
100619,2026-09-22 21:07:32.526000+00:00,0.0011589,15.776007,0.00197894,0.0003268,335.04614,339.43533,6715.378,spacetrack,2026-09-21 13:10:04.020000+00:00,334.84903,6715.379,0.00073289,31.957918333333332,0.14802716342962235,-0.0007509875879448796,300-350,quiet_control_2,2.9061265515260146
100619,2026-09-23 21:28:28.755000+00:00,0.0010111,15.776121,0.00172192,0.0003093,335.1314,339.28552,6715.3457,spacetrack,2026-09-22 21:07:32.526000+00:00,335.04614,6715.378,0.0011589,24.348952500000003,0.08403811211180953,-0.03183709853622667,300-350,quiet_control_2,3.181690054223072
100619,2026-09-24 06:36:19.653000+00:00,0.00091794,15.776207,0.00156082,0.0003569,334.78735,339.58075,6715.3213,spacetrack,2026-09-23 21:28:28.755000+00:00,335.1314,6715.3457,0.0010111,9.130805,-0.9043233318419961,-0.06413454235478662,300-350,secondary_active_sep2,10.539482827636773
100620,2026-09-18 22:46:40.539000+00:00,0.00052454,15.77581,0.00088227,0.0003348,335.04816,339.5448,6715.4336,spacetrack,2026-09-17 22:25:44.323000+00:00,334.87854,6715.4263,0.00094127,24.348948888888888,0.1671891472020738,0.007195382470291463,300-350,quiet_control_2,5.454311728446047
100620,2026-09-19 23:07:36.455000+00:00,0.00089178,15.775901,0.00151329,0.0003254,335.0857,339.45605,6715.4077,spacetrack,2026-09-18 22:46:40.539000+00:00,335.04816,6715.4336,0.00052454,24.348865555555555,0.03700213457353124,-0.025528910108557575,300-350,quiet_control_2,6.98567220494279
100620,2026-09-20 23:28:32.516000+00:00,0.00084141,15.776062,0.00142741,0.0003782,334.68552,339.765,6715.3623,spacetrack,2026-09-19 23:07:36.455000+00:00,335.0857,6715.4077,0.00089178,24.348905833333333,-0.3944456504838617,-0.04474944408005752,300-350,quiet_control_2,5.796648037835056
100620,2026-09-21 13:10:19.100000+00:00,0.00078609,15.776143,0.00133239,0.0003711,334.71002,339.69415,6715.339,spacetrack,2026-09-20 23:28:32.516000+00:00,334.68552,6715.3623,0.00084141,13.696273333333334,0.042931386201872285,-0.0408286244284494,300-350,quiet_control_2,3.695393621265671
100620,2026-09-22 21:07:47.799000+00:00,0.0013182,15.77674,0.00226638,0.000385,334.44754,339.6182,6715.17,spacetrack,2026-09-21 13:10:19.100000+00:00,334.71002,6715.339,0.00078609,31.95797194444444,-0.19711889136615507,-0.12691668942721973,300-350,quiet_control_2,2.9061267090034626
100620,2026-09-23 21:28:44.049000+00:00,0.0014799,15.777011,0.00255627,0.0003032,334.91977,338.99182,6715.093,spacetrack,2026-09-22 21:07:47.799000+00:00,334.44754,6715.17,0.0013182,24.348958333333332,0.4654622117647301,-0.07589647058845762,300-350,quiet_control_2,3.1822134417112298
100620,2026-09-24 06:36:35.178000+00:00,0.0013017,15.776337,0.00223308,0.0003746,334.63168,339.66278,6715.284,spacetrack,2026-09-23 21:28:44.049000+00:00,334.91977,6715.093,0.0014799,9.130869166666667,-0.7572291173814247,0.5020332584251374,300-350,secondary_active_sep2,10.543701617306786
100621,2026-09-18 22:51:14.378000+00:00,0.0009843,15.776148,0.00167556,0.0003316,334.97406,339.42767,6715.338,spacetrack,2026-09-17 22:30:18.252000+00:00,334.91553,6715.3433,0.00096326,24.34892388888889,0.05769125594258669,-0.005224050171483262,300-350,quiet_control_2,5.444936044743751
100621,2026-09-19 21:40:51.950000+00:00,0.00081972,15.775997,0.00138943,0.0003342,334.9992,339.48776,6715.3804,spacetrack,2026-09-18 22:51:14.378000+00:00,334.97406,6715.338,0.0009843,22.827103333333334,0.026431737360127452,0.04457858647884347,300-350,quiet_control_2,7.051381756569786
100621,2026-09-20 23:33:06.366000+00:00,0.00094983,15.776036,0.00161502,0.0003898,334.61493,339.85022,6715.3696,spacetrack,2026-09-19 21:40:51.950000+00:00,334.9992,6715.3804,0.00081972,25.87067111111111,-0.3564839876163113,-0.01001906749489371,300-350,quiet_control_2,5.802728864483352
100621,2026-09-21 13:14:53.381000+00:00,0.00084768,15.775973,0.00143749,0.0003103,335.16647,339.33405,6715.387,spacetrack,2026-09-20 23:33:06.366000+00:00,334.61493,6715.3696,0.00094983,13.696393055555555,0.9664559089614129,0.03048977919219481,300-350,quiet_control_2,3.689833566278551
100621,2026-09-22 21:12:21.754000+00:00,0.0012443,15.776104,0.00212994,0.0003945,334.56396,339.8624,6715.35,spacetrack,2026-09-21 13:14:53.381000+00:00,335.16647,6715.387,0.00084768,31.95788138888889,-0.45247805460055995,-0.02778657287004007,300-350,quiet_control_2,2.9061264430049785
100621,2026-09-23 13:56:45.595000+00:00,0.0007633,15.775968,0.00129195,0.0003145,335.13992,339.36392,6715.389,spacetrack,2026-09-22 21:12:21.754000+00:00,334.56396,6715.35,0.0012443,16.739955833333333,0.8257512825974831,0.055914126017610706,300-350,quiet_control_2,2.6415761152695194
100621,2026-09-24 06:41:08.921000+00:00,0.0005479,15.775815,0.00092212,0.0003409,335.00595,339.58453,6715.432,spacetrack,2026-09-23 13:56:45.595000+00:00,335.13992,6715.389,0.0007633,16.73981277777778,-0.19207383276526904,0.06164943501410928,300-350,secondary_active_sep2,7.792749938826807
100622,2026-09-18 22:52:30.556000+00:00,0.00058535,15.77586,0.00098623,0.0003371,335.01877,339.5463,6715.4194,spacetrack,2026-09-17 22:31:34.258000+00:00,334.2624,6715.3374,0.0011311,24.348971666666664,0.7455296366725452,0.08082476857453344,300-350,quiet_control_2,5.442335860453518
100622,2026-09-19 21:42:07.962000+00:00,0.0013791,15.776482,0.00237136,0.0003432,334.80136,339.4107,6715.243,spacetrack,2026-09-18 22:52:30.556000+00:00,335.01877,6715.4194,0.00058535,22.827057222222223,-0.2285813694338629,-0.1854641164987133,300-350,quiet_control_2,7.051383880381914
100622,2026-09-20 23:34:22.404000+00:00,0.00096697,15.776183,0.00164584,0.0003774,334.6564,339.72513,6715.3276,spacetrack,2026-09-19 21:42:07.962000+00:00,334.80136,6715.243,0.0013791,25.87067833333333,-0.13447811283388944,0.07848267346609795,300-350,quiet_control_2,5.801096054239526
100622,2026-09-21 13:16:09.387000+00:00,0.00059132,15.775786,0.00099608,0.0003187,335.16318,339.4436,6715.4404,spacetrack,2026-09-20 23:34:22.404000+00:00,334.6564,6715.3276,0.00096697,13.696384166666666,0.8880241567406246,0.19765800718466478,300-350,quiet_control_2,3.6882918794686748
100622,2026-09-22 21:13:37.773000+00:00,0.00089092,15.776028,0.00151282,0.0003807,334.67844,339.79153,6715.372,spacetrack,2026-09-21 13:16:09.387000+00:00,335.16318,6715.4404,0.00059132,31.957885,-0.3640341030077463,-0.051367604583427665,300-350,quiet_control_2,2.9061264536123086
100622,2026-09-23 13:58:01.430000+00:00,0.00096691,15.776174,0.00164562,0.0003632,334.75436,339.6324,6715.3306,spacetrack,2026-09-22 21:13:37.773000+00:00,334.67844,6715.372,0.00089092,16.73990472222222,0.10884649764948204,-0.059355176537092394,300-350,quiet_control_2,2.641575020911857
100622,2026-09-24 06:42:24.985000+00:00,0.00059778,15.775895,0.00100765,0.0003411,334.98184,339.5631,6715.4097,spacetrack,2026-09-23 13:58:01.430000+00:00,334.75436,6715.3306,0.00096691,16.739876388888888,0.3261386089817686,0.11340585532986874,300-350,secondary_active_sep2,7.8078779952493695
100623,2026-09-18 22:54:01.797000+00:00,0.00073805,15.7759695,0.00124857,0.0003417,334.9567,339.546,6715.388,spacetrack,2026-09-17 22:33:05.656000+00:00,334.68054,6715.2827,0.001161,24.348928055555557,0.2722025374126426,0.10379101676418438,300-350,quiet_control_2,5.439206797844317
100623,2026-09-19 21:43:39.289000+00:00,0.0013586,15.776442,0.00233468,0.0003666,334.6557,339.5793,6715.2544,spacetrack,2026-09-18 22:54:01.797000+00:00,334.9567,6715.388,0.00073805,22.82708111111111,-0.31646621680786924,-0.14046473942049648,300-350,quiet_control_2,7.051382780092632
100623,2026-09-20 23:35:53.845000+00:00,0.0013456,15.776418,0.00231141,0.0003318,334.89612,339.3524,6715.261,spacetrack,2026-09-19 21:43:39.289000+00:00,334.6557,6715.2544,0.0013586,25.87071,0.22303523946576362,0.006122754265917249,300-350,quiet_control_2,5.799132665645607
100623,2026-09-21 23:56:50.072000+00:00,0.001834,15.777211,0.00319522,0.0003696,334.4173,339.38104,6715.036,spacetrack,2026-09-20 23:35:53.845000+00:00,334.89612,6715.261,0.0013456,24.348951944444444,-0.47195789068127103,-0.22177545926122777,300-350,quiet_control_2,3.1353731435417593
100623,2026-09-22 21:15:08.990000+00:00,0.00095877,15.775877,0.00162947,0.0004168,334.47873,340.0767,6715.4146,spacetrack,2026-09-21 23:56:50.072000+00:00,334.4173,6715.036,0.001834,21.305255000000002,0.06919982886848114,0.4264863293117186,300-350,quiet_control_2,3.145762890683804
100623,2026-09-23 21:36:05.288000+00:00,0.0018263,15.776739,0.00317437,0.0003495,334.68616,339.38007,6715.17,spacetrack,2026-09-22 21:15:08.990000+00:00,334.47873,6715.4146,0.00095877,24.348971666666664,0.2044570944577076,-0.24109437065205797,300-350,quiet_control_2,3.1973145614705287
100623,2026-09-24 06:43:56.325000+00:00,0.00092742,15.77605,0.00157609,0.0003407,334.9408,339.51663,6715.3657,spacetrack,2026-09-23 21:36:05.288000+00:00,334.68616,6715.17,0.0018263,9.13084361111111,0.669309459266663,0.5143883960831114,300-350,secondary_active_sep2,10.664499175976713
100624,2026-09-18 22:56:49.128000+00:00,0.00074295,15.775878,0.00125651,0.0003593,334.86462,339.6903,6715.4146,spacetrack,2026-09-17 22:35:52.973000+00:00,334.61603,6715.224,0.0013807,24.348931944444445,0.24502758534181845,0.18786861002506555,300-350,quiet_control_2,5.433480523986022
100624,2026-09-19 21:46:26.736000+00:00,0.0013564,15.776444,0.00233091,0.0003683,334.64328,339.58972,6715.2534,spacetrack,2026-09-18 22:56:49.128000+00:00,334.86462,6715.4146,0.00074295,22.82711333333333,-0.23271273605335188,-0.16948266491329345,300-350,quiet_control_2,7.051381295985155
100624,2026-09-20 23:38:41.176000+00:00,0.0010582,15.776143,0.00180437,0.0004024,334.50003,339.9045,6715.3394,spacetrack,2026-09-19 21:46:26.736000+00:00,334.64328,6715.2534,0.0013564,25.87067777777778,-0.13289176377720213,0.07978144282631372,300-350,quiet_control_2,5.795539093808906
100624,2026-09-21 13:20:28.213000+00:00,0.00096996,15.776127,0.00165043,0.0003114,335.11572,339.29803,6715.3438,spacetrack,2026-09-20 23:38:41.176000+00:00,334.50003,6715.3394,0.0010582,13.696399166666666,1.078864584785383,0.0077100556657491385,300-350,quiet_control_2,3.683042949832901
100624,2026-09-22 21:17:56.468000+00:00,0.00099568,15.775942,0.00169402,0.0004077,334.5214,339.99713,6715.3965,spacetrack,2026-09-21 13:20:28.213000+00:00,335.11572,6715.3438,0.00096996,31.957848611111114,-0.4463279169249324,0.0395771322217455,300-350,quiet_control_2,2.9061263467229472
100624,2026-09-23 12:31:01.603000+00:00,0.00093841,15.776216,0.00159641,0.0003603,334.76215,339.60123,6715.319,spacetrack,2026-09-22 21:17:56.468000+00:00,334.5214,6715.3965,0.00099568,15.218093055555556,0.3796796339006786,-0.1222229351073007,300-350,quiet_control_2,2.605732467392843
100624,2026-09-24 06:46:43.816000+00:00,0.0013094,15.777027,0.00225386,0.0003906,334.3285,339.5743,6715.0884,spacetrack,2026-09-23 12:31:01.603000+00:00,334.76215,6715.319,0.00093841,18.261725833333333,-0.5699132762689325,-0.3030600749638157,300-350,secondary_active_sep2,7.454455952068423
100625,2026-09-18 22:57:19.652000+00:00,0.0010131,15.7761345,0.00172556,0.0003464,334.8783,339.53067,6715.3413,spacetrack,2026-09-17 22:36:23.418000+00:00,334.6703,6715.2837,0.0011256,24.34895388888889,0.2050190748555581,0.056774513037008256,300-350,quiet_control_2,5.4324390664559
100625,2026-09-19 21:46:56.918000+00:00,0.00050547,15.775939,0.00085029,0.0003478,334.9245,339.59573,6715.397,spacetrack,2026-09-18 22:57:19.652000+00:00,334.8783,6715.3413,0.0010131,22.827018333333335,0.048574018025860165,0.05856218190552018,300-350,quiet_control_2,7.051385671555439
100625,2026-09-20 23:39:11.571000+00:00,0.00096861,15.776006,0.00164739,0.0003823,334.6737,339.80826,6715.378,spacetrack,2026-09-19 21:46:56.918000+00:00,334.9245,6715.397,0.00050547,25.870736944444445,-0.23266441976223706,-0.017626092406444208,300-350,quiet_control_2,5.794886850547454
100625,2026-09-21 13:20:58.033000+00:00,0.00092308,15.7761545,0.00156963,0.0004349,334.27838,340.1194,6715.336,spacetrack,2026-09-20 23:39:11.571000+00:00,334.6737,6715.378,0.00096861,13.696239444444444,-0.6927215341469315,-0.07359684416118684,300-350,quiet_control_2,3.682434464675239
100625,2026-09-22 21:18:26.926000+00:00,0.00092319,15.775796,0.00156734,0.0004501,334.2781,340.32333,6715.4375,spacetrack,2026-09-21 13:20:58.033000+00:00,334.27838,6715.336,0.00092308,31.958025833333334,-0.00021027581728028967,0.07622498375520445,300-350,quiet_control_2,2.9061268672963245
100625,2026-09-23 21:39:23.129000+00:00,0.0013417,15.7764225,0.00230449,0.0003398,334.84103,339.40472,6715.26,spacetrack,2026-09-22 21:18:26.926000+00:00,334.2781,6715.4375,0.00092319,24.348945277777776,0.5548626376161824,-0.17495624354138567,300-350,quiet_control_2,3.2040858078235486
100625,2026-09-24 06:47:13.875000+00:00,0.00082203,15.776053,0.0013938,0.000349,334.88388,339.5712,6715.3647,spacetrack,2026-09-23 21:39:23.129000+00:00,334.84103,6715.26,0.0013417,9.130762777777777,0.11263023966656834,0.2752015424288951,300-350,secondary_active_sep2,10.718629598488578
100626,2026-09-18 23:01:38.436000+00:00,0.00076898,15.775969,0.00130177,0.0003368,334.9899,339.5134,6715.3887,spacetrack,2026-09-17 22:40:42.154000+00:00,334.68597,6715.2866,0.0011168,24.348967222222225,0.29957410240144855,0.10063671192448627,300-350,quiet_control_2,5.423584244652312
100626,2026-09-19 21:51:15.924000+00:00,0.0008147,15.776,0.0013808,0.000347,334.9126,339.57306,6715.38,spacetrack,2026-09-18 23:01:38.436000+00:00,334.9899,6715.3887,0.00076898,22.82708,-0.08127189285705896,-0.009147030632372322,300-350,quiet_control_2,7.051382831268826
100626,2026-09-20 23:43:30.251000+00:00,0.0010073,15.77608,0.00171514,0.0003521,334.85553,339.58447,6715.357,spacetrack,2026-09-19 21:51:15.924000+00:00,334.9126,6715.38,0.0008147,25.87064638888889,-0.05294340077210069,-0.02133692338821479,300-350,quiet_control_2,5.789331145325181
100626,2026-09-21 13:25:16.764000+00:00,0.00090436,15.776188,0.0015373,0.0004095,334.43948,339.93933,6715.326,spacetrack,2026-09-20 23:43:30.251000+00:00,334.85553,6715.357,0.0010073,13.69625361111111,-0.7290460795716509,-0.05432142402760462,300-350,quiet_control_2,3.6771873930732033
100626,2026-09-22 21:22:45.487000+00:00,0.0010908,15.7760725,0.0018614,0.0005545,333.49857,340.94592,6715.3594,spacetrack,2026-09-21 13:25:16.764000+00:00,334.43948,6715.326,0.00090436,31.95797861111111,-0.7066103984483396,0.0250829381219827,300-350,quiet_control_2,2.906126728586114
100626,2026-09-23 21:43:41.830000+00:00,0.0011721,15.776237,0.00200427,0.0003726,334.67346,339.6777,6715.3125,spacetrack,2026-09-22 21:22:45.487000+00:00,333.49857,6715.3594,0.0010908,24.348984166666664,1.1580507756295564,-0.046227801221687,300-350,quiet_control_2,3.2129394104428926
100626,2026-09-24 06:51:32.748000+00:00,0.00096591,15.77608,0.00164308,0.0003301,335.00323,339.4367,6715.357,spacetrack,2026-09-23 21:43:41.830000+00:00,334.67346,6715.3125,0.0011721,9.130810555555556,0.8667883263862506,0.1169666146834562,300-350,secondary_active_sep2,10.789483883595828
100627,2026-09-18 23:02:09.089000+00:00,0.0013806,15.776181,0.00237058,0.0003267,334.99738,339.38516,6715.328,spacetrack,2026-09-17 22:41:12.569000+00:00,334.76752,6715.2803,0.0011452,24.349033333333335,0.2265650518638276,0.0470162402067372,300-350,quiet_control_2,5.422544871733444
100627,2026-09-19 21:51:46.316000+00:00,0.00075889,15.776012,0.00128468,0.000345,334.92245,339.55606,6715.3765,spacetrack,2026-09-18 23:02:09.089000+00:00,334.99738,6715.328,0.0013806,22.8270075,-0.07878036575752981,0.050992229270395234,300-350,quiet_control_2,7.0513861705262935
100627,2026-09-20 23:44:00.708000+00:00,0.0010131,15.7761965,0.00172608,0.000362,334.7561,339.61798,6715.324,spacetrack,2026-09-19 21:51:46.316000+00:00,334.92245,6715.3765,0.00075889,25.870664444444447,-0.1543215099316046,-0.04870381287354859,300-350,quiet_control_2,5.788677248250034
100627,2026-09-21 13:25:47.304000+00:00,0.00076634,15.77604,0.00129786,0.0004171,334.43042,340.03238,6715.368,spacetrack,2026-09-20 23:44:00.708000+00:00,334.7561,6715.324,0.0010131,13.696276666666666,-0.5706894063422676,0.07710124625247432,300-350,quiet_control_2,3.676568546731557
100627,2026-09-22 21:23:16.265000+00:00,0.0012877,15.775912,0.00220476,0.0004832,334.02267,340.51245,6715.405,spacetrack,2026-09-21 13:25:47.304000+00:00,334.43042,6715.368,0.00076634,31.958044722222223,-0.3062139778906986,0.027786430856546813,300-350,quiet_control_2,2.906126922780294
100627,2026-09-23 21:44:12.322000+00:00,0.0011824,15.776247,0.00202245,0.0003476,334.83844,339.50693,6715.3096,spacetrack,2026-09-22 21:23:16.265000+00:00,334.02267,6715.405,0.0012877,24.348904722222223,0.8040805212125708,-0.0940329770937943,300-350,quiet_control_2,3.2139836839797615
100627,2026-09-24 06:52:03.274000+00:00,0.00085124,15.776012,0.00144402,0.0003585,334.8317,339.6466,6715.376,spacetrack,2026-09-23 21:44:12.322000+00:00,334.83844,6715.3096,0.0011824,9.13082,-0.01771582398946684,0.1745297793642524,300-350,secondary_active_sep2,10.797836886500885
100628,2026-09-18 23:05:11.479000+00:00,0.0010358,15.776122,0.00176502,0.0003435,334.90128,339.51474,6715.345,spacetrack,2026-09-17 22:44:15.180000+00:00,334.39703,6715.294,0.0011226,24.348971944444443,0.4970230376712704,0.05026906280897529,300-350,quiet_control_2,5.416293631105735
100628,2026-09-19 21:54:50.369000+00:00,0.0013065,15.776035,0.00223848,0.0003343,334.98773,339.47763,6715.3696,spacetrack,2026-09-18 23:05:11.479000+00:00,334.90128,6715.345,0.0010358,22.827469444444443,0.09089049511378365,0.025863576399939733,300-350,quiet_control_2,7.051364894317748
100628,2026-09-20 23:47:03.830000+00:00,0.0014091,15.776604,0.00242554,0.0002578,335.34036,338.80273,6715.2085,spacetrack,2026-09-19 21:54:50.369000+00:00,334.98773,6715.3696,0.0013065,25.870405833333333,0.3271351850652041,-0.1494526226188728,300-350,quiet_control_2,5.784742671594692
100628,2026-09-21 13:28:51.608000+00:00,0.0013396,15.775976,0.00229602,0.000283,335.34894,339.14984,6715.386,spacetrack,2026-09-20 23:47:03.830000+00:00,335.34036,6715.2085,0.0014091,13.696605,0.015034382608043559,0.3110259805270422,300-350,quiet_control_2,3.672838471853264
100628,2026-09-22 21:26:18.624000+00:00,0.00081787,15.775843,0.00138556,0.0004364,334.3567,340.2179,6715.4243,spacetrack,2026-09-21 13:28:51.608000+00:00,335.34894,6715.386,0.0013396,31.957504444444446,-0.7451695748458462,0.02876319712573424,300-350,quiet_control_2,2.90612533574969
100628,2026-09-23 12:39:23.686000+00:00,0.00079031,15.77603,0.00133898,0.0003669,334.77042,339.69815,6715.371,spacetrack,2026-09-22 21:26:18.624000+00:00,334.3567,6715.4243,0.00081787,15.218072777777778,0.6524663237581267,-0.08405794995657376,300-350,quiet_control_2,2.605731942039237
100628,2026-09-24 06:55:06.151000+00:00,0.0012642,15.776378,0.00216732,0.0003444,334.82285,339.4483,6715.2725,spacetrack,2026-09-23 12:39:23.686000+00:00,334.77042,6715.371,0.00079031,18.261795833333334,0.06890450487369651,-0.1294505765794609,300-350,secondary_active_sep2,7.546130297974072
100629,2026-09-18 23:07:13.123000+00:00,0.0010637,15.776169,0.00181408,0.0003417,334.90012,339.48938,6715.3315,spacetrack,2026-09-17 22:46:17.086000+00:00,334.66873,6715.329,0.00096074,24.348899166666666,0.22807437666846447,0.0024641771113152766,300-350,quiet_control_2,5.412119692337905
100629,2026-09-19 21:56:50.643000+00:00,0.00070532,15.776,0.00119247,0.000345,334.92593,339.55954,6715.38,spacetrack,2026-09-18 23:07:13.123000+00:00,334.90012,6715.3315,0.0010637,22.82708888888889,0.02713618030816881,0.050992047460051274,300-350,quiet_control_2,7.051382421859409
100629,2026-09-20 23:49:05.164000+00:00,0.0014935,15.776811,0.00257809,0.0003104,334.92822,339.097,6715.1494,spacetrack,2026-09-19 21:56:50.643000+00:00,334.92593,6715.38,0.00070532,25.870700277777775,0.002124410990436203,-0.21392540366411034,300-350,quiet_control_2,5.782139557039221
100629,2026-09-21 13:30:51.621000+00:00,0.00077597,15.776126,0.00131492,0.0003985,334.53088,339.88303,6715.3438,spacetrack,2026-09-20 23:49:05.164000+00:00,334.92822,6715.1494,0.0014935,13.696238055555556,-0.696261262495473,0.3406482846647971,300-350,quiet_control_2,3.670395684686896
100629,2026-09-22 21:28:20.451000+00:00,0.0011518,15.776294,0.00196909,0.0003293,334.94806,339.37076,6715.2964,spacetrack,2026-09-21 13:30:51.621000+00:00,334.53088,6715.3438,0.00077597,31.958008333333336,0.31329611956938375,-0.03559671141335583,300-350,quiet_control_2,2.906126815892
100629,2026-09-23 12:41:25.966000+00:00,0.00055974,15.776203,0.00094388,0.0002904,335.2349,339.13516,6715.3223,spacetrack,2026-09-22 21:28:20.451000+00:00,334.94806,6715.2964,0.0011518,15.218198611111111,0.4523636585327088,0.04084583306314987,300-350,quiet_control_2,2.605735202087632
100629,2026-09-24 06:57:07.833000+00:00,0.0014335,15.7772,0.00247613,0.0003949,334.2506,339.55414,6715.0396,spacetrack,2026-09-23 12:41:25.966000+00:00,335.2349,6715.3223,0.00055974,18.26162972222222,-1.2935975791499308,-0.37153310537983925,300-350,secondary_active_sep2,7.568382519468148
100630,2026-09-18 23:07:58.865000+00:00,0.00060429,15.775911,0.00101885,0.0003416,334.9739,339.56186,6715.405,spacetrack,2026-09-17 22:47:02.644000+00:00,334.76398,6715.3696,0.00077469,24.348950277777778,0.20691158930979864,0.03489267464517723,300-350,quiet_control_2,5.410561721569083
100630,2026-09-19 21:57:36.285000+00:00,0.0014409,15.7764845,0.00248084,0.000344,334.7951,339.4152,6715.242,spacetrack,2026-09-18 23:07:58.865000+00:00,334.9739,6715.405,0.00060429,22.82706111111111,-0.1879874057861887,-0.17137554330571164,300-350,quiet_control_2,7.051383701264898
100630,2026-09-20 23:49:50.925000+00:00,0.0012374,15.7758875,0.00211551,0.0003476,334.94052,339.60907,6715.4116,spacetrack,2026-09-19 21:57:36.285000+00:00,334.7951,6715.242,0.0014409,25.870733333333334,0.13490456397319112,0.15733608891401696,300-350,quiet_control_2,5.781157150551072
100630,2026-09-21 15:02:56.291000+00:00,0.00078282,15.775998,0.00132572,0.0003086,335.17102,339.31577,6715.3804,spacetrack,2026-09-20 23:49:50.925000+00:00,334.94052,6715.4116,0.0012374,15.218157222222223,0.3635131323207834,-0.049204380601026776,300-350,quiet_control_2,3.5992984330888653
100630,2026-09-22 21:29:06.312000+00:00,0.0016173,15.776689,0.00279767,0.0003116,334.9548,339.13968,6715.184,spacetrack,2026-09-21 15:02:56.291000+00:00,335.17102,6715.3804,0.00078282,30.436116944444443,-0.17049743925851607,-0.15486863874913176,300-350,quiet_control_2,2.903041827472133
100630,2026-09-23 08:08:16.148000+00:00,0.00098874,15.776203,0.00168361,0.0002936,335.21347,339.1567,6715.3223,spacetrack,2026-09-22 21:29:06.312000+00:00,334.9548,6715.184,0.0016173,10.652732222222223,0.582768802453277,0.31158203649076704,300-350,quiet_control_2,2.236081531091815
100630,2026-09-24 06:57:53.523000+00:00,0.0013051,15.777356,0.00224973,0.0003909,334.23303,339.4828,6714.995,spacetrack,2026-09-23 08:08:16.148000+00:00,335.21347,6715.3223,0.00098874,22.82704861111111,-1.0308192005402814,-0.34411807386148974,300-350,secondary_active_sep2,6.755028972390515
100631,2026-09-18 23:10:46.226000+00:00,0.00075111,15.775969,0.001271,0.0003305,335.03223,339.4711,6715.3887,spacetrack,2026-09-17 22:49:49.969000+00:00,334.70392,6715.294,0.0010871,24.348960277777778,0.3236047827139578,0.09334279468547413,300-350,quiet_control_2,5.4048353330898
100631,2026-09-19 22:00:23.556000+00:00,0.0010049,15.77617,0.0017116,0.0003645,334.74683,339.6423,6715.3315,spacetrack,2026-09-18 23:10:46.226000+00:00,335.03223,6715.3887,0.00075111,22.827036111111113,-0.30006523696989557,-0.06013921357650244,300-350,quiet_control_2,7.051384852732499
100631,2026-09-20 23:52:38.212000+00:00,0.0015764,15.776645,0.00272415,0.0003533,334.68744,339.4324,6715.197,spacetrack,2026-09-19 22:00:23.556000+00:00,334.74683,6715.3315,0.0010049,25.87073777777778,-0.055095452330877315,-0.12477417643556935,300-350,quiet_control_2,5.777564819695045
100631,2026-09-21 13:34:25.363000+00:00,0.00068685,15.775818,0.00115973,0.0003083,335.22403,339.36478,6715.4316,spacetrack,2026-09-20 23:52:38.212000+00:00,334.68744,6715.197,0.0015764,13.696430833333332,0.9402566374196721,0.4110851993857927,300-350,quiet_control_2,3.6660654151362344
100631,2026-09-22 21:31:53.469000+00:00,0.0015079,15.776544,0.0026007,0.0003606,334.667,339.51,6715.2256,spacetrack,2026-09-21 13:34:25.363000+00:00,335.22403,6715.4316,0.00068685,31.957807222222222,-0.41832407045453396,-0.15470398095915908,300-350,quiet_control_2,2.9061262251462012
100631,2026-09-23 08:11:03.239000+00:00,0.0011248,15.776174,0.00192107,0.0004017,334.49594,339.89102,6715.3306,spacetrack,2026-09-22 21:31:53.469000+00:00,334.667,6715.2256,0.0015079,10.652713888888888,-0.3853891170663101,0.2365594369937776,300-350,quiet_control_2,2.2317231889526323
100631,2026-09-24 07:00:40.979000+00:00,0.0014055,15.777508,0.00242953,0.0003876,334.21222,339.41766,6714.952,spacetrack,2026-09-23 08:11:03.239000+00:00,334.49594,6715.3306,0.0011248,22.827150000000003,-0.2982974221486431,-0.39805231927770823,300-350,secondary_active_sep2,6.781498335193936
100632,2026-09-18 23:11:16.686000+00:00,0.00076077,15.775946,0.0012875,0.0003294,335.04605,339.47015,6715.395,spacetrack,2026-09-17 22:50:20.415000+00:00,334.82278,6715.276,0.0011493,24.348964166666665,0.22007014192967744,0.11729451735462884,300-350,quiet_control_2,5.403793426256976
100632,2026-09-19 22:00:54.066000+00:00,0.0015664,15.77661,0.00270584,0.0003734,334.5622,339.57712,6715.2065,spacetrack,2026-09-18 23:11:16.686000+00:00,335.04605,6715.395,0.00076077,22.82705,-0.5087122514735399,-0.19818592415598554,300-350,quiet_control_2,7.051384213027965
100632,2026-09-20 22:21:50.223000+00:00,0.0015374,15.776626,0.00265427,0.0003338,334.8237,339.30676,6715.202,spacetrack,2026-09-19 22:00:54.066000+00:00,334.5622,6715.2065,0.0015664,24.3489325,0.2577525729310281,-0.004435512727310515,300-350,quiet_control_2,5.887966272580259
100632,2026-09-21 13:34:55.735000+00:00,0.00081663,15.776038,0.00138431,0.0003183,335.09427,339.3693,6715.3687,spacetrack,2026-09-20 22:21:50.223000+00:00,334.8237,6715.202,0.0015374,15.218197777777778,0.42670492885056516,0.26289578164350513,300-350,quiet_control_2,3.6989033341515545
100632,2026-09-22 21:32:23.869000+00:00,0.00067977,15.7757015,0.00114704,0.0003313,335.1027,339.55237,6715.4644,spacetrack,2026-09-21 13:34:55.735000+00:00,335.09427,6715.3687,0.00081663,31.957815,0.006330845835385863,0.07186974453655351,300-350,quiet_control_2,2.906126247992862
100632,2026-09-23 14:16:47.392000+00:00,0.0010404,15.776081,0.00177276,0.0003402,334.93512,339.50424,6715.3564,spacetrack,2026-09-22 21:32:23.869000+00:00,335.1027,6715.4644,0.00067977,16.7398675,-0.2402599662154462,-0.15483993526258144,300-350,quiet_control_2,2.6415742239297892
100632,2026-09-24 07:01:11.186000+00:00,0.0013724,15.776436,0.00235899,0.0003647,334.66998,339.56808,6715.256,spacetrack,2026-09-23 14:16:47.392000+00:00,334.93512,6715.3564,0.0010404,16.739942777777777,-0.38013033165482,-0.14394314436864325,300-350,secondary_active_sep2,8.032113178934601
100633,2026-09-18 23:11:47.099000+00:00,0.0006913,15.775946,0.00116813,0.0003471,334.92715,339.58896,6715.395,spacetrack,2026-09-17 22:50:50.825000+00:00,334.62592,6715.2803,0.001181,24.348965,0.2969128256580684,0.11305614016866941,300-350,quiet_control_2,5.4027526768933845
100633,2026-09-19 22:01:24.525000+00:00,0.001337,15.776331,0.00229529,0.0003524,334.78235,339.5153,6715.2856,spacetrack,2026-09-18 23:11:47.099000+00:00,334.92715,6715.395,0.0006913,22.82706277777778,-0.15224034882764342,-0.11502136852064473,300-350,quiet_control_2,7.051383624500481
100633,2026-09-20 22:22:20.646000+00:00,0.0013556,15.77647,0.00232965,0.0003472,334.7779,339.44095,6715.2466,spacetrack,2026-09-19 22:01:24.525000+00:00,334.78235,6715.2856,0.001337,24.3489225,-0.0043862310539809655,-0.03844112609066119,300-350,quiet_control_2,5.887272082231427
100633,2026-09-21 13:35:25.741000+00:00,0.0011196,15.776239,0.0019125,0.0003879,334.57,339.77975,6715.312,spacetrack,2026-09-20 22:22:20.646000+00:00,334.7779,6715.2466,0.0013556,15.218081944444444,-0.3278731195044852,0.10314046183467876,300-350,quiet_control_2,3.6983533386224847
100633,2026-09-22 21:32:54.533000+00:00,0.0014913,15.776556,0.0025713,0.0003403,334.79977,339.37015,6715.222,spacetrack,2026-09-21 13:35:25.741000+00:00,334.57,6715.312,0.0011196,31.957997777777777,0.17255398909362413,-0.06758871488205259,300-350,quiet_control_2,2.90612678488619
100633,2026-09-23 14:17:18.092000+00:00,0.0011688,15.776008,0.00199647,0.0003674,334.77332,339.70776,6715.3774,spacetrack,2026-09-22 21:32:54.533000+00:00,334.79977,6715.222,0.0014913,16.7398775,-0.03792142445488436,0.22279732931219515,300-350,quiet_control_2,2.641574438044723
100633,2026-09-24 07:01:41.648000+00:00,0.0009272,15.7761345,0.00157637,0.0003567,334.8092,339.59995,6715.342,spacetrack,2026-09-23 14:17:18.092000+00:00,334.77332,6715.3774,0.0011688,16.739876666666667,0.051441239212581924,-0.05075306210037343,300-350,secondary_active_sep2,8.038198807916347
100634,2026-09-18 23:13:33.644000+00:00,0.00078559,15.776075,0.00133098,0.0003167,335.09454,339.34805,6715.3584,spacetrack,2026-09-17 22:52:37.447000+00:00,334.81396,6715.306,0.0010361,24.34894361111111,0.2765590206930699,0.051649057967256384,300-350,quiet_control_2,5.399103054858746
100634,2026-09-19 22:03:11+00:00,0.0014631,15.776562,0.00252124,0.0003378,334.815,339.3518,6715.22,spacetrack,2026-09-18 23:13:33.644000+00:00,335.09454,6715.3584,0.00078559,22.827043333333332,-0.2939040287448499,-0.1455116175797188,300-350,quiet_control_2,7.051384520086044
100634,2026-09-20 22:24:07.160000+00:00,0.0014782,15.7765875,0.00254834,0.0003563,334.68344,339.4687,6715.213,spacetrack,2026-09-19 22:03:11+00:00,334.815,6715.22,0.0014631,24.348933333333335,-0.1296746743183615,-0.006899686229064034,300-350,quiet_control_2,5.884841863937457
100634,2026-09-21 13:37:12.373000+00:00,0.00066798,15.7758,0.00112732,0.0003307,335.07874,339.52032,6715.4365,spacetrack,2026-09-20 22:24:07.160000+00:00,334.68344,6715.213,0.0014782,15.218114722222223,0.6234149349751881,0.3524746723172369,300-350,quiet_control_2,3.6964076237140855
100634,2026-09-22 21:34:41.016000+00:00,0.0017153,15.776641,0.00297301,0.0003588,334.65134,339.47015,6715.1978,spacetrack,2026-09-21 13:37:12.373000+00:00,335.07874,6715.4365,0.00066798,31.95795638888889,-0.3209717128084513,-0.17926052374202878,300-350,quiet_control_2,2.906126663310579
100634,2026-09-23 08:13:50.667000+00:00,0.0011282,15.776203,0.00192728,0.0004214,334.35538,340.01505,6715.3223,spacetrack,2026-09-22 21:34:41.016000+00:00,334.65134,6715.1978,0.0017153,10.652680833333333,-0.6667842687798706,0.28049277423649044,300-350,quiet_control_2,2.2273549764507634
100634,2026-09-24 07:03:28.185000+00:00,0.0011606,15.775671,0.001979,0.0003574,334.9359,339.73615,6715.473,spacetrack,2026-09-23 08:13:50.667000+00:00,334.35538,6715.3223,0.0011282,22.827088333333332,0.6103485383921933,0.1584433348304864,300-350,secondary_active_sep2,6.807962257998593
100635,2026-09-18 22:41:05.665000+00:00,0.00076358,15.7760515,0.00129301,0.0003611,334.80334,339.65317,6715.365,spacetrack,2026-09-17 23:51:27.761000+00:00,334.7868,6715.3687,0.00023198,22.827195555555555,0.017389783998346488,-0.003890096783412475,300-350,quiet_control_2,5.230166748959672
100635,2026-09-19 21:30:43.179000+00:00,0.0015616,15.776559,0.00269679,0.0003924,334.4492,339.7193,6715.221,spacetrack,2026-09-18 22:41:05.665000+00:00,334.80334,6715.365,0.00076358,22.82708722222222,-0.3723365980625507,-0.15139907980205042,300-350,quiet_control_2,7.05138249862365
100635,2026-09-20 21:51:39.340000+00:00,0.00057386,15.775817,0.00096647,0.0003661,334.8362,339.75327,6715.4316,spacetrack,2026-09-19 21:30:43.179000+00:00,334.4492,6715.221,0.0015616,24.34893361111111,0.3814540771412524,0.20758198616557508,300-350,quiet_control_2,5.92928414923396
100635,2026-09-21 22:12:35.586000+00:00,0.001068,15.776175,0.00182145,0.0003167,335.06656,339.32007,6715.33,spacetrack,2026-09-20 21:51:39.340000+00:00,334.8362,6715.4316,0.00057386,24.34895722222222,0.22705859431850084,-0.10014391900831265,300-350,quiet_control_2,3.0640209027432
100635,2026-09-22 14:56:59.324000+00:00,0.0012814,15.776266,0.00219643,0.0002755,335.3171,339.01724,6715.304,spacetrack,2026-09-21 22:12:35.586000+00:00,335.06656,6715.33,0.001068,16.73992722222222,0.3591986942462825,-0.03727614772230309,300-350,quiet_control_2,3.3960840265169083
100636,2026-09-18 22:42:37.037000+00:00,0.00098234,15.776119,0.00167195,0.0003364,334.94983,339.4679,6715.3457,spacetrack,2026-09-17 23:52:59.023000+00:00,335.16974,6715.377,0.00078194,22.82722611111111,-0.23120811851205647,-0.0329080719819784,300-350,quiet_control_2,5.226836158391465
100636,2026-09-19 21:32:14.478000+00:00,0.0017286,15.776689,0.00299759,0.0003779,334.50974,339.58508,6715.1846,spacetrack,2026-09-18 22:42:37.037000+00:00,334.94983,6715.3457,0.00098234,22.827066944444447,-0.46270333484830484,-0.1693778709904401,300-350,quiet_control_2,7.0513834325894855
100636,2026-09-20 23:24:29.032000+00:00,0.00074261,15.775957,0.00125638,0.0003578,334.8521,339.65762,6715.392,spacetrack,2026-09-19 21:32:14.478000+00:00,334.50974,6715.1846,0.0017286,25.870709444444447,0.31760396898447285,0.19240291847019786,300-350,quiet_control_2,5.813838545895652
100636,2026-09-21 22:14:06.835000+00:00,0.0011726,15.776254,0.00200526,0.0003253,334.98615,339.35513,6715.3076,spacetrack,2026-09-20 23:24:29.032000+00:00,334.8521,6715.392,0.00074261,22.8271675,0.14093732829533265,-0.08873637081751706,300-350,quiet_control_2,3.0027335605455403
100636,2026-09-22 07:21:57.890000+00:00,0.00081456,15.776001,0.00138054,0.0003334,335.00345,339.48126,6715.3794,spacetrack,2026-09-21 22:14:06.835000+00:00,334.98615,6715.3076,0.0011726,9.13084861111111,0.04547222472774455,0.1887228748811106,300-350,quiet_control_2,4.551165303334499
100636,2026-09-23 15:19:27.247000+00:00,0.001236,15.776165,0.00211538,0.0001673,336.0725,338.31946,6715.333,spacetrack,2026-09-22 07:21:57.890000+00:00,335.00345,6715.3794,0.00081456,31.958154722222222,0.8028373422373875,-0.034845566325200875,300-350,quiet_control_2,2.57338214415227
100636,2026-09-24 06:32:31.711000+00:00,0.0020335,15.776434,0.00354575,0.0004132,334.34482,339.8943,6715.2563,spacetrack,2026-09-23 15:19:27.247000+00:00,336.0725,6715.333,0.001236,15.217906666666666,-2.7247058947222134,-0.12096276053676566,300-350,secondary_active_sep2,8.158771508652524
100637,2026-09-18 22:43:37.878000+00:00,0.00088796,15.775888,0.00150665,0.0003478,334.93866,339.6099,6715.411,spacetrack,2026-09-17 23:53:59.981000+00:00,334.4938,6715.345,0.00075107,22.82719361111111,0.46771583848148957,0.06939092150268858,300-350,quiet_control_2,5.224609714702239
100637,2026-09-19 21:33:15.356000+00:00,0.00091861,15.776062,0.00156092,0.0003429,334.9223,339.5277,6715.362,spacetrack,2026-09-18 22:43:37.878000+00:00,334.93866,6715.411,0.00088796,22.827077222222222,-0.017200625212685887,-0.05151776500123445,300-350,quiet_control_2,7.051382959209335
100637,2026-09-20 23:25:29.976000+00:00,0.00076868,15.776027,0.00130162,0.0003449,334.91898,339.55124,6715.372,spacetrack,2026-09-19 21:33:15.356000+00:00,334.9223,6715.362,0.00091861,25.870727777777777,-0.003079928817046192,0.00927689402736447,300-350,quiet_control_2,5.812529948584102
100637,2026-09-21 13:07:16.355000+00:00,0.0008741,15.776186,0.00148485,0.0004018,334.49176,339.8882,6715.327,spacetrack,2026-09-20 23:25:29.976000+00:00,334.91898,6715.372,0.00076868,13.696216388888889,-0.7486213497851468,-0.07885389434106055,300-350,quiet_control_2,3.69909867037691
100637,2026-09-22 13:28:12.318000+00:00,0.0012254,15.776317,0.00209918,0.0004844,333.90002,340.4058,6715.29,spacetrack,2026-09-21 13:07:16.355000+00:00,334.49176,6715.327,0.0008741,24.34887861111111,-0.5832613578154558,-0.036469852028465324,300-350,quiet_control_2,2.939623981998806
100637,2026-09-23 21:25:41.284000+00:00,0.00099379,15.776176,0.0016924,0.0003688,334.716,339.66922,6715.3296,spacetrack,2026-09-22 13:28:12.318000+00:00,333.90002,6715.29,0.0012254,31.958046111111113,0.6127884017662716,0.02973898957080181,300-350,quiet_control_2,3.0861908658961785
100637,2026-09-24 06:33:32.333000+00:00,0.0015169,15.776497,0.00261601,0.0003014,335.07773,339.12567,6715.239,spacetrack,2026-09-23 21:25:41.284000+00:00,334.716,6715.3296,0.00099379,9.130846944444444,0.9507902227275149,-0.23813782152309315,300-350,secondary_active_sep2,10.493650233066793
100638,2026-09-18 23:23:11.894000+00:00,0.0005984,15.776057,0.0010094,0.0003213,335.06885,339.38412,6715.3633,spacetrack,2026-09-17 23:02:15.651000+00:00,334.65585,6715.3003,0.0010296,24.34895638888889,0.4070811020271647,0.062097117258479814,300-350,quiet_control_2,5.379314568615495
100638,2026-09-19 22:12:49.347000+00:00,0.00099856,15.776202,0.00170069,0.0002958,335.19897,339.17175,6715.3223,spacetrack,2026-09-18 23:23:11.894000+00:00,335.06885,6715.3633,0.0005984,22.827070277777775,0.13680599227135926,-0.04310671444166637,300-350,quiet_control_2,7.051383279060742
100638,2026-09-20 22:34:00.309000+00:00,0.00068838,15.769927,0.0011318,0.0001124,338.21164,339.72165,6717.1035,spacetrack,2026-09-19 22:12:49.347000+00:00,335.19897,6715.3223,0.00099856,24.353045,2.968995458268169,1.7553780235698855,300-350,quiet_control_2,5.871330053387573
100638,2026-09-21 13:47:05.944000+00:00,0.0012805,15.776339,0.00219564,0.000354,334.7694,339.52383,6715.2837,spacetrack,2026-09-20 22:34:00.309000+00:00,338.21164,6717.1035,0.00068838,15.218231944444446,-5.428604341265688,-2.869926030792898,300-350,quiet_control_2,3.68557553453565
100638,2026-09-22 21:44:19.220000+00:00,0.001146,15.776247,0.00195857,0.0003478,334.83707,339.50824,6715.3096,spacetrack,2026-09-21 13:47:05.944000+00:00,334.7694,6715.2837,0.0012805,31.953687777777777,0.0508260583659019,0.0194531537115286,300-350,quiet_control_2,2.9061141230125442
100638,2026-09-23 14:28:43.242000+00:00,0.0013832,15.776331,0.00237688,0.0003117,335.05576,339.24207,6715.286,spacetrack,2026-09-22 21:44:19.220000+00:00,334.83707,6715.3096,0.001146,16.74000611111111,0.3135339357204414,-0.033835113095499025,300-350,quiet_control_2,2.641577191777874
100639,2026-09-18 23:23:27.029000+00:00,0.0010478,15.776036,0.0017852,0.0003511,334.87466,339.5902,6715.3696,spacetrack,2026-09-17 23:02:30.849000+00:00,334.9389,6715.371,0.00092145,24.34893888888889,-0.06331939174167306,-0.0013799369309605636,300-350,quiet_control_2,5.37879397664831
100639,2026-09-19 20:41:46.057000+00:00,0.0011992,15.776286,0.00205236,0.0003824,334.5935,339.72934,6715.2983,spacetrack,2026-09-18 23:23:27.029000+00:00,334.87466,6715.3696,0.0010478,21.305285555555557,-0.31672140616957994,-0.08031809738144667,300-350,quiet_control_2,7.1264810291989615
100639,2026-09-20 22:33:47.514000+00:00,0.0029985,15.783383,0.00552106,0.0005773,331.2727,339.02383,6713.285,spacetrack,2026-09-19 20:41:46.057000+00:00,334.5935,6715.2983,0.0011992,25.86707138888889,-3.08110643071233,-1.8679810819545652,300-350,quiet_control_2,5.879136040579778
100639,2026-09-21 13:46:51.602000+00:00,0.00089989,15.776358,0.00153045,0.0003114,335.0501,339.2324,6715.2783,spacetrack,2026-09-20 22:33:47.514000+00:00,331.2727,6713.285,0.0029985,15.217802222222224,5.957338561518082,3.1436339690460446,300-350,quiet_control_2,3.6858284471213616
100639,2026-09-22 21:44:34.491000+00:00,0.0016584,15.776036,0.00286276,0.0003197,335.08557,339.3794,6715.3696,spacetrack,2026-09-21 13:46:51.602000+00:00,335.0501,6715.2783,0.00089989,31.96191361111111,0.026634200015634685,0.06855659603683359,300-350,quiet_control_2,2.9061382858203744
100639,2026-09-23 12:57:39.504000+00:00,0.00076262,15.776159,0.00129209,0.000394,334.55173,339.8434,6715.3345,spacetrack,2026-09-22 21:44:34.491000+00:00,335.08557,6715.3696,0.0016584,15.218059166666666,-0.8419049932506144,-0.05535528484779047,300-350,quiet_control_2,2.6057315894038395
100640,2026-09-18 23:27:15.428000+00:00,0.0006789,15.775965,0.0011469,0.0003285,335.04672,339.45874,6715.3896,spacetrack,2026-09-17 23:06:19.208000+00:00,334.38916,6715.422,0.00097219,24.348950000000002,0.6481363672766072,-0.03193566868302039,300-350,quiet_control_2,5.370978762260111
100640,2026-09-19 22:16:52.831000+00:00,0.0008074,15.775957,0.00136807,0.0003912,334.62793,339.88205,6715.392,spacetrack,2026-09-18 23:27:15.428000+00:00,335.04672,6715.3896,0.0006789,22.82705638888889,-0.4403090713392356,0.0025233214044005302,300-350,quiet_control_2,7.05138391876414
100640,2026-09-20 21:06:30.393000+00:00,0.0014943,15.776362,0.00257438,0.0003492,334.795,339.48495,6715.277,spacetrack,2026-09-19 22:16:52.831000+00:00,334.62793,6715.392,0.0008074,22.827100555555557,0.1756543714451161,-0.12090891671842419,300-350,quiet_control_2,5.99049879333242
100640,2026-09-21 15:22:12.808000+00:00,0.00070497,15.775932,0.00119153,0.0003492,334.91696,339.607,6715.399,spacetrack,2026-09-20 21:06:30.393000+00:00,334.795,6715.277,0.0014943,18.261781944444444,0.16028227743078988,0.16033484623322364,300-350,quiet_control_2,3.630898621536796
100640,2026-09-22 21:48:22.848000+00:00,0.0019009,15.777452,0.00332029,0.0003493,334.48492,339.17603,6714.9673,spacetrack,2026-09-21 15:22:12.808000+00:00,334.91696,6715.399,0.00070497,30.43612222222222,-0.3406794046986066,-0.34041130221370663,300-350,quiet_control_2,2.9135968919971185
100640,2026-09-23 20:38:00.479000+00:00,0.0010906,15.776178,0.00186106,0.0003455,334.872,339.5123,6715.329,spacetrack,2026-09-22 21:48:22.848000+00:00,334.48492,6714.9673,0.0019009,22.82711972222222,0.40696855814695165,0.3802845083226418,300-350,quiet_control_2,3.0832518158134783
100640,2026-09-24 07:17:09.977000+00:00,0.0014661,15.7763605,0.00252434,0.0003664,334.68005,339.601,6715.2773,spacetrack,2026-09-23 20:38:00.479000+00:00,334.872,6715.329,0.0010906,10.652638333333334,-0.4324562475368442,-0.11647818701560295,300-350,secondary_active_sep2,10.466024379250022
100641,2026-09-18 23:31:34.090000+00:00,0.0011074,15.776051,0.00188929,0.0003516,334.8673,339.58957,6715.365,spacetrack,2026-09-17 23:10:37.956000+00:00,334.78278,6715.3164,0.0010002,24.348926111111112,0.08330880757300797,0.047903550024311924,300-350,quiet_control_2,5.362122586880229
100641,2026-09-19 22:21:11.580000+00:00,0.0016398,15.776665,0.00283786,0.0003477,334.71915,339.38892,6715.191,spacetrack,2026-09-18 23:31:34.090000+00:00,334.8673,6715.365,0.0011074,22.827080555555558,-0.15576236266158613,-0.18294060818842378,300-350,quiet_control_2,7.0513828056807295
100641,2026-09-20 13:34:17.278000+00:00,0.00059233,15.775743,0.00099752,0.0002691,335.50858,339.12283,6715.4526,spacetrack,2026-09-19 22:21:11.580000+00:00,334.71915,6715.191,0.0016398,15.218249444444444,1.2449736790795,0.4125573064704617,300-350,quiet_control_2,7.764793505049439
100641,2026-09-21 21:31:45.517000+00:00,0.0011366,15.776276,0.00194229,0.0003151,335.04865,339.28064,6715.302,spacetrack,2026-09-20 13:34:17.278000+00:00,335.50858,6715.4526,0.00059233,31.957844166666668,-0.34540252284955675,-0.11309899319706097,300-350,quiet_control_2,2.8900787694803394
100641,2026-09-22 21:52:41.589000+00:00,0.0014752,15.776869,0.00254636,0.0003519,334.63327,339.35938,6715.1333,spacetrack,2026-09-21 21:31:45.517000+00:00,335.04865,6715.302,0.0011366,24.34890888888889,-0.4094277918362845,-0.16628260504230963,300-350,quiet_control_2,3.3261492940272293
100641,2026-09-23 07:00:32.720000+00:00,0.0007759,15.775949,0.00131358,0.0003378,334.989,339.5259,6715.3945,spacetrack,2026-09-22 21:52:41.589000+00:00,334.63327,6715.1333,0.0014752,9.130869722222222,0.9350171735800479,0.6865501524724791,300-350,quiet_control_2,2.232374450395394
100641,2026-09-24 07:21:28.644000+00:00,0.0015983,15.778001,0.00278118,0.0004771,333.47134,339.8786,6714.812,spacetrack,2026-09-23 07:00:32.720000+00:00,334.989,6715.3945,0.0007759,24.348867777777777,-1.4959151420273444,-0.5741540069788976,300-350,secondary_active_sep2,6.6677093039370625
100657,2026-09-19 18:01:37.254000+00:00,0.00044374,15.534079,0.00049772,0.0157394,299.99402,513.5752,6784.9214,spacetrack,2026-09-17 19:43:23.283000+00:00,300.00815,6785.442,0.00051761,46.30388083333333,-0.007323792172435403,-0.2698348340383913,300-350,quiet_control_2,6.323946929070399
100657,2026-09-20 03:17:13.661000+00:00,0.0004189,15.534441,0.0004699,0.0157316,299.94327,513.4153,6784.8164,spacetrack,2026-09-19 18:01:37.254000+00:00,299.99402,6784.9214,0.00044374,9.260113055555555,-0.13153187144611747,-0.27213490644150284,250-300,quiet_control_2,7.250973117768811
100657,2026-09-21 16:19:31.206000+00:00,0.00041232,15.535876,0.00046409,0.0156905,299.8108,512.712,6784.3984,spacetrack,2026-09-20 03:17:13.661000+00:00,299.94327,6784.8164,0.0004189,37.03820694444445,-0.08583784859696526,-0.2708554443534346,250-300,quiet_control_2,4.410141922142035
100657,2026-09-22 17:00:55.608000+00:00,0.00042048,15.536859,0.00047438,0.0156555,299.7667,512.184,6784.1123,spacetrack,2026-09-21 16:19:31.206000+00:00,299.8108,6784.3984,0.00041232,24.690111666666667,-0.0428673638373169,-0.27810323795644715,250-300,quiet_control_2,2.9321726437446243
100657,2026-09-23 16:09:39.123000+00:00,0.00042174,15.537826,0.00047683,0.0156227,299.71213,511.67563,6783.831,spacetrack,2026-09-22 17:00:55.608000+00:00,299.7667,6784.1123,0.00042048,23.145420833333333,-0.05658484282619468,-0.2916862064684795,250-300,quiet_control_2,2.7407694574574775
100684,2026-09-18 16:35:38.264000+00:00,0.0013539,15.678381,0.00381228,0.0175343,246.85095,483.32645,6743.2256,spacetrack,2026-09-17 11:32:50.518000+00:00,247.16888,6745.7964,0.0013745,29.04659611111111,-0.26269239847628656,-2.124145623259739,200-250,quiet_control_2,7.129635824798212
100684,2026-09-19 07:52:30.131000+00:00,0.0014344,15.683131,0.00407402,0.0173545,246.72546,480.72882,6741.8643,spacetrack,2026-09-18 16:35:38.264000+00:00,246.85095,6743.2256,0.0013539,15.281074166666667,-0.1970908567782504,-2.1380172390797636,200-250,quiet_control_2,6.993904242515529
100684,2026-09-20 15:57:01.741000+00:00,0.0013974,15.692987,0.00403849,0.0169755,246.50522,475.3024,6739.041,spacetrack,2026-09-19 07:52:30.131000+00:00,246.72546,6741.8643,0.0014344,32.07544722222222,-0.16479146692419994,-2.112494317867409,200-250,quiet_control_2,6.536175394107694
100684,2026-09-21 07:13:02.640000+00:00,0.0012817,15.697444,0.00374773,0.0168396,246.167,473.08954,6737.765,spacetrack,2026-09-20 15:57:01.741000+00:00,246.50522,6739.041,0.0013974,15.266916388888887,-0.5316908662647711,-2.0059060533195825,200-250,quiet_control_2,3.572026687554729
100684,2026-09-22 15:15:46.210000+00:00,0.0013312,15.707462,0.00397807,0.0164884,245.71542,467.81088,6734.9004,spacetrack,2026-09-21 07:13:02.640000+00:00,246.167,6737.765,0.0012817,32.045436111111115,-0.3382047902990571,-2.1454037873480316,200-250,quiet_control_2,2.8507556588271323
100684,2026-09-23 00:24:53.603000+00:00,0.0011675,15.710136,0.00350619,0.0163874,245.64375,466.3537,6734.1357,spacetrack,2026-09-22 15:15:46.210000+00:00,245.71542,6734.9004,0.0013312,9.15205361111111,-0.18794470324248577,-2.005320420952712,200-250,quiet_control_2,2.9546670354161257
100684,2026-09-24 05:23:08.312000+00:00,0.001293,15.719028,0.0039563,0.016066,245.30902,461.60864,6731.5957,spacetrack,2026-09-23 00:24:53.603000+00:00,245.64375,6734.1357,0.0011675,28.9707525,-0.2772975952212557,-2.1041911148148165,200-250,secondary_active_sep2,5.165243828428536
100710,2026-09-19 22:46:16.897000+00:00,0.00022651,15.057777,0.0001275,0.0338318,314.75787,783.48096,6927.2563,spacetrack,2026-09-18 19:39:23.385000+00:00,314.79816,6927.3413,0.0002205,27.114864444444446,-0.035661620288771526,-0.0752354858413776,300-350,quiet_control_2,6.736477497090773
100710,2026-09-20 19:30:21.115000+00:00,0.00021381,15.057976,0.00012044,0.0338267,314.7343,783.3826,6927.1953,spacetrack,2026-09-19 22:46:16.897000+00:00,314.75787,6927.2563,0.00022651,20.734505,-0.027282059542784204,-0.07060694238867365,300-350,quiet_control_2,6.288241213807076
100710,2026-09-21 17:50:05.803000+00:00,0.00021839,15.058206,0.00012305,0.0338192,314.7183,783.25793,6927.125,spacetrack,2026-09-20 19:30:21.115000+00:00,314.7343,6927.1953,0.00021381,22.329079999999998,-0.017197305039010534,-0.0755606590153996,300-350,quiet_control_2,3.3435394561710563
100710,2026-09-22 22:32:35.461000+00:00,0.00023169,15.058505,0.00013055,0.0338084,314.70435,783.08813,6927.033,spacetrack,2026-09-21 17:50:05.803000+00:00,314.7183,6927.125,0.00021839,28.70823833333333,-0.011662157604836475,-0.07691172040423393,300-350,quiet_control_2,2.994250614743205
100710,2026-09-23 17:40:53.883000+00:00,0.00023904,15.058705,0.0001347,0.0338001,314.7025,782.96716,6926.9717,spacetrack,2026-09-22 22:32:35.461000+00:00,314.70435,6927.033,0.00023169,19.138450555555558,-0.0023199370226384434,-0.07687142675090622,300-350,quiet_control_2,2.6864949969391168
100710,2026-09-24 00:03:39.770000+00:00,0.00026102,15.058792,0.00014704,0.0337972,314.69675,782.91943,6926.9453,spacetrack,2026-09-23 17:40:53.883000+00:00,314.7025,6926.9717,0.00023904,6.379413055555555,-0.021632084142801662,-0.09931948197678997,300-350,secondary_active_sep2,5.936409118445981
100748,2026-09-21 05:30:30.444000+00:00,0.00083151,15.443052,0.0009206,0.0209449,290.75302,576.08777,6811.5576,spacetrack,2026-09-20 20:11:49.777000+00:00,290.7786,6811.7803,0.00078465,9.31129638888889,-0.06593281690961603,-0.5740124443234491,250-300,quiet_control_2,4.4719343442658825
100789,2026-09-21 22:38:04.029000+00:00,0.00060074,15.609607,0.00183622,0.0223446,233.7638,535.9976,6763.0176,spacetrack,2026-09-20 23:33:16.554000+00:00,233.7716,6764.0386,0.00060812,23.079854166666667,-0.008110969794187042,-1.0617051486999303,200-250,quiet_control_2,3.0309493578905844
100789,2026-09-22 20:10:14.940000+00:00,0.00059122,15.613021,0.0018141,0.0222041,233.75003,534.0397,6762.0317,spacetrack,2026-09-21 22:38:04.029000+00:00,233.7638,6763.0176,0.00060074,21.536364166666665,-0.015345208571062295,-1.0986812730737863,200-250,quiet_control_2,3.2661124670649104
100789,2026-09-23 23:51:13.591000+00:00,0.00060316,15.617227,0.00186407,0.0220491,233.61082,531.75073,6760.818,spacetrack,2026-09-22 20:10:14.940000+00:00,233.75003,6762.0317,0.00059122,27.68295861111111,-0.12068941210133088,-1.0522285717066604,200-250,quiet_control_2,3.4176333171517643
