"norad_id","epoch","bstar","mean_motion","mean_motion_dot","eccentricity","perigee_km","apogee_km","semi_major_axis_km","source_group"
2150,"2026-09-01 21:06:59.932+00",0.00032314,12.641638,6.224e-05,0.1382164,329.93686,2481.6738,7783.9424,"spacetrack"
2150,"2026-09-02 21:48:46.894+00",0.00028893,12.641761,5.569e-05,0.1382117,329.92987,2481.5796,7783.8916,"spacetrack"
2150,"2026-09-03 20:36:34.364+00",0.00028565,12.641879,5.51e-05,0.1382097,329.9038,2481.509,7783.8433,"spacetrack"
2150,"2026-09-04 21:18:20.292+00",0.00026914,12.641987,5.195e-05,0.1382072,329.88504,2481.4392,7783.7993,"spacetrack"
2150,"2026-09-05 22:00:05.655+00",0.00030767,12.64212,5.938e-05,0.1382024,329.87524,2481.3396,7783.7446,"spacetrack"
2150,"2026-09-06 20:47:51.553+00",0.0003798,12.642251,7.328e-05,0.1381992,329.85397,2481.2537,7783.691,"spacetrack"
2389,"2026-09-01 21:39:04.116+00",0.00037012,13.471004,8.264e-05,0.1003608,334.14584,1831.7463,7461.083,"spacetrack"
2389,"2026-09-02 20:49:20.922+00",0.00035782,13.471166,7.987e-05,0.1003506,334.1679,1831.6041,7461.023,"spacetrack"
2389,"2026-09-03 21:46:33.548+00",0.00036193,13.471342,8.076e-05,0.1003403,334.18616,1831.4557,7460.958,"spacetrack"
2389,"2026-09-04 20:56:48.767+00",0.0003297,13.471489,7.354e-05,0.100329,334.2217,1831.3118,7460.904,"spacetrack"
2389,"2026-09-05 21:53:59.786+00",0.00031692,13.471651,7.066e-05,0.1003175,334.2536,1831.16,7460.8438,"spacetrack"
2389,"2026-09-06 19:17:17.233+00",0.00033813,13.47179,7.535e-05,0.100308,334.27853,1831.033,7460.7925,"spacetrack"
4221,"2026-09-01 21:31:46.489+00",0.00040006,15.424151,0.00034038,0.019099,308.78366,569.1841,6817.121,"spacetrack"
4221,"2026-09-02 20:52:52.771+00",0.00036884,15.424821,0.00031391,0.0190777,308.73538,568.8378,6816.924,"spacetrack"
4221,"2026-09-03 20:13:55.564+00",0.00039157,15.425474,0.00033401,0.0190582,308.67932,568.50854,6816.731,"spacetrack"
4221,"2026-09-04 21:08:18.609+00",0.00034446,15.426166,0.00029372,0.0190364,308.6282,568.15247,6816.5273,"spacetrack"
4221,"2026-09-05 22:02:37.85+00",0.00036901,15.426842,0.00031542,0.0190155,308.5753,567.80707,6816.328,"spacetrack"
4221,"2026-09-06 19:50:06.438+00",0.0003595,15.4274435,0.00030757,0.0189965,308.53088,567.4969,6816.151,"spacetrack"
5118,"2026-09-01 22:32:05.706+00",0.00036099,15.778437,0.00061184,0.0010847,329.26794,343.83478,6714.6885,"spacetrack"
5118,"2026-09-02 18:19:14.971+00",0.00036288,15.779501,0.00061793,0.0010671,329.08463,343.41446,6714.3867,"spacetrack"
5118,"2026-09-03 21:42:52.347+00",0.00038032,15.780969,0.00065193,0.0010327,328.89954,342.76657,6713.97,"spacetrack"
5118,"2026-09-04 20:32:26.338+00",0.00033774,15.782242,0.00058176,0.0010111,328.6838,342.26007,6713.609,"spacetrack"
5118,"2026-09-05 22:24:29.312+00",0.00032357,15.783545,0.00056037,0.0009843,328.49472,341.71042,6713.2397,"spacetrack"
5118,"2026-09-06 21:13:50.009+00",0.00038429,15.78479,0.00066983,0.0009541,328.3446,341.15414,6712.886,"spacetrack"
7003,"2026-09-01 19:18:13.558+00",0.00036438,15.873828,0.00113134,0.0063802,266.95444,352.29294,6687.7607,"spacetrack"
7003,"2026-09-02 21:00:57.961+00",0.00034399,15.876366,0.00108088,0.0063566,266.4042,351.41797,6687.048,"spacetrack"
7003,"2026-09-03 19:41:59.931+00",0.00037163,15.878722,0.00118059,0.0063197,265.99347,350.5054,6686.386,"spacetrack"
7003,"2026-09-04 21:24:15.618+00",0.00032676,15.881315,0.00105018,0.0062905,265.46555,349.57782,6685.6587,"spacetrack"
7003,"2026-09-05 20:04:52.543+00",0.0003305,15.88353,0.00107374,0.0062696,264.98776,348.81277,6685.037,"spacetrack"
7003,"2026-09-06 18:45:17.639+00",0.00036429,15.8859005,0.00119706,0.0062355,264.55463,347.91544,6684.372,"spacetrack"
12139,"2026-09-01 17:47:30.159+00",0.00022916,15.169305,9.7e-05,0.0239783,349.83524,680.4126,6893.2607,"spacetrack"
12139,"2026-09-02 22:17:17.447+00",0.00019707,15.169526,8.353e-05,0.0239752,349.7913,680.3227,6893.194,"spacetrack"
12139,"2026-09-03 20:27:06.753+00",0.00019338,15.169684,8.2e-05,0.0239709,349.774,680.2438,6893.146,"spacetrack"
12139,"2026-09-04 21:46:53.7+00",0.00016944,15.169848,7.191e-05,0.023963,349.7799,680.1384,6893.096,"spacetrack"
12139,"2026-09-05 16:46:43.372+00",0.00019001,15.169993,8.058e-05,0.0239537,349.8012,680.0294,6893.0522,"spacetrack"
12139,"2026-09-06 18:06:28.858+00",0.00019297,15.170165,8.182e-05,0.0239411,349.8374,679.88947,6893.0005,"spacetrack"
16326,"2026-09-01 19:13:39.409+00",0.00054272,16.06438,0.00402092,0.0001371,255.72296,257.5422,6634.7695,"spacetrack"
16326,"2026-09-02 23:37:28.224+00",0.00050888,16.073849,0.00399864,0.000168,252.91261,255.14102,6632.164,"spacetrack"
16326,"2026-09-04 21:55:10.537+00",0.00047364,16.089987,0.00412121,0.0002063,248.2245,250.9591,6627.729,"spacetrack"
16326,"2026-09-05 23:17:12.217+00",0.00048427,16.099771,0.0044864,0.0002309,245.37602,248.43547,6625.043,"spacetrack"
16326,"2026-09-06 20:09:55.214+00",0.00051949,16.108416,0.00508879,0.0002513,242.87114,246.19969,6622.6724,"spacetrack"
16719,"2026-09-01 23:32:54.7+00",0.00035398,15.745478,0.00051704,0.0003117,343.82245,348.01422,6724.055,"spacetrack"
16719,"2026-09-02 11:45:01.606+00",0.00033163,15.746024,0.00048539,0.0003004,343.74295,347.78265,6723.9,"spacetrack"
16719,"2026-09-03 10:37:40.643+00",0.00032423,15.746997,0.00047649,0.0002886,343.54538,347.42624,6723.623,"spacetrack"
16719,"2026-09-04 23:13:44.215+00",0.00029403,15.748542,0.00043483,0.000273,343.21075,346.88162,6723.183,"spacetrack"
16719,"2026-09-05 23:37:39.822+00",0.00032114,15.749511,0.00047708,0.0002608,343.01706,346.52374,6722.907,"spacetrack"
16719,"2026-09-06 10:18:06.065+00",0.00032169,15.749971,0.00047885,0.0002588,342.89948,346.37918,6722.7764,"spacetrack"
20453,"2026-09-01 22:33:45.059+00",0.00068792,15.871489,0.00194928,0.003273,288.38968,332.17206,6688.418,"spacetrack"
20453,"2026-09-02 22:42:44.88+00",0.00064017,15.875294,0.00184627,0.0032207,287.67426,330.75015,6687.349,"spacetrack"
20453,"2026-09-03 16:49:15.627+00",0.00059302,15.87821,0.00173421,0.0031945,287.03305,329.7533,6686.5303,"spacetrack"
20453,"2026-09-04 18:28:08.394+00",0.00067003,15.882611,0.00200077,0.0031233,286.2778,328.03818,6685.295,"spacetrack"
20453,"2026-09-05 20:06:35.897+00",0.00067372,15.886885,0.00205376,0.0030758,285.4001,326.51797,6684.096,"spacetrack"
20453,"2026-09-06 20:14:09.85+00",0.00071385,15.8911705,0.00222175,0.0030219,284.56223,324.9523,6682.894,"spacetrack"
20775,"2026-09-01 20:02:14.461+00",0.00037539,14.945693,0.0001368,0.0342438,345.30988,822.11005,6961.847,"spacetrack"
20775,"2026-09-02 13:42:46.331+00",0.00037582,14.945906,0.00013702,0.0342389,345.28003,822.00745,6961.781,"spacetrack"
20775,"2026-09-03 20:14:33.63+00",0.00038162,14.946265,0.00013926,0.0342324,345.21753,821.8468,6961.669,"spacetrack"
20775,"2026-09-04 21:57:04.845+00",0.00032996,14.946551,0.0001206,0.0342289,345.15616,821.73065,6961.5806,"spacetrack"
20775,"2026-09-05 22:03:09.814+00",0.00033392,14.946822,0.00012217,0.0342282,345.07974,821.63873,6961.496,"spacetrack"
20775,"2026-09-06 20:32:48.939+00",0.00035122,14.947068,0.00012859,0.0342277,345.00955,821.55634,6961.42,"spacetrack"
22913,"2026-09-01 11:46:15.468+00",0.0011237,13.291531,0.00199314,0.123734,218.4779,2081.441,7528.096,"spacetrack"
22913,"2026-09-02 12:59:38.286+00",0.0010667,13.295437,0.00191183,0.1236066,218.1448,2078.8252,7526.622,"spacetrack"
22913,"2026-09-03 12:24:21.992+00",0.0010586,13.2990885,0.001873,0.1233685,218.72885,2075.4849,7525.244,"spacetrack"
22913,"2026-09-04 22:36:27.844+00",0.001033,13.304441,0.00180359,0.1230477,219.37282,2070.804,7523.2256,"spacetrack"
22913,"2026-09-05 21:59:47.992+00",0.00099921,13.30842,0.00179543,0.1230217,218.25339,2068.9243,7521.726,"spacetrack"
22913,"2026-09-06 15:58:53.227+00",0.0011524,13.311826,0.0020839,0.1229258,217.84961,2066.7625,7520.443,"spacetrack"
23198,"2026-09-01 22:01:36.02+00",0.00025934,14.339162,7.556e-05,0.0620706,334.44315,1222.8978,7156.8076,"spacetrack"
23198,"2026-09-02 21:27:52.738+00",0.00025414,14.339317,7.404e-05,0.0620673,334.41824,1222.8192,7156.756,"spacetrack"
23198,"2026-09-03 20:54:08.599+00",0.00027288,14.339479,7.965e-05,0.0620628,334.39963,1222.7295,7156.7017,"spacetrack"
23198,"2026-09-04 18:39:56.768+00",0.0002553,14.339624,7.444e-05,0.0620608,334.3689,1222.6642,7156.6533,"spacetrack"
23198,"2026-09-05 21:27:04.194+00",0.0002662,14.339819,7.773e-05,0.0620568,334.33673,1222.5667,7156.589,"spacetrack"
23198,"2026-09-06 19:12:50.582+00",0.00029021,14.339983,8.492e-05,0.0620522,334.31845,1222.4758,7156.534,"spacetrack"
24285,"2026-09-01 18:20:54.64+00",0.00015134,11.837193,1.971e-05,0.1731639,346.29288,3162.8813,8132.724,"spacetrack"
24285,"2026-09-02 18:41:16.483+00",0.0001504,11.837229,1.958e-05,0.1731588,346.3205,3162.8203,8132.7075,"spacetrack"
24285,"2026-09-03 19:01:38.317+00",0.00014557,11.837268,1.894e-05,0.1731533,346.35037,3162.7544,8132.6895,"spacetrack"
24285,"2026-09-04 17:20:18.33+00",0.00013047,11.8373,1.697e-05,0.1731505,346.3609,3162.7144,8132.675,"spacetrack"
24285,"2026-09-05 23:45:45.819+00",0.00012756,11.837345,1.658e-05,0.1731465,346.37646,3162.6577,8132.6543,"spacetrack"
24285,"2026-09-06 18:01:02.403+00",0.00013061,11.837372,1.696e-05,0.1731419,346.404,3162.6062,8132.642,"spacetrack"
24286,"2026-09-01 14:48:54.763+00",0.00042283,12.02881,6.071e-05,0.1647735,342.19934,2993.7754,8046.1245,"spacetrack"
24286,"2026-09-02 12:46:12.624+00",0.00039638,12.02892,5.691e-05,0.1647655,342.22232,2993.6533,8046.0747,"spacetrack"
24286,"2026-09-03 20:42:15.403+00",0.00041716,12.029086,5.984e-05,0.1647539,342.2539,2993.4739,8046.001,"spacetrack"
24286,"2026-09-04 20:39:16.481+00",0.00036565,12.029193,5.246e-05,0.1647461,342.27686,2993.3557,8045.953,"spacetrack"
24286,"2026-09-05 22:36:01.689+00",0.00042056,12.02933,6.027e-05,0.1647384,342.28778,2993.2227,8045.892,"spacetrack"
24286,"2026-09-06 20:33:16.042+00",0.00046386,12.02945,6.642e-05,0.1647301,342.30984,2993.0935,8045.839,"spacetrack"
25520,"2026-09-01 20:06:40.98+00",0.0002989,16.32438,0.01861738,0.00047,182.9108,189.08109,6564.133,"spacetrack"
25520,"2026-09-02 19:33:08.778+00",0.00027972,16.370724,0.02858786,0.0004754,170.48737,176.71677,6551.7393,"spacetrack"
25520,"2026-09-03 14:32:07.92+00",0.00022071,16.436405,0.05089234,0.0003001,154.17516,158.09702,6534.273,"spacetrack"
28222,"2026-09-01 23:03:58.014+00",0.00057035,16.073027,0.00446266,0.0006628,249.85715,258.64905,6632.39,"spacetrack"
28222,"2026-09-02 12:30:42.305+00",0.0005495,16.078129,0.00444034,0.0006857,248.30293,257.39667,6630.987,"spacetrack"
28222,"2026-09-03 22:51:11.982+00",0.00058185,16.091661,0.00512542,0.0007492,244.16641,254.09671,6627.2686,"spacetrack"
28222,"2026-09-04 16:45:31.881+00",0.00057307,16.099241,0.00530185,0.0007742,241.92245,252.18091,6625.1885,"spacetrack"
28222,"2026-09-05 12:08:48.82+00",0.00053591,16.107573,0.00523664,0.0007913,239.52583,250.00725,6622.9033,"spacetrack"
28222,"2026-09-06 14:58:29.261+00",0.00054108,16.119902,0.00573706,0.0008216,235.95056,246.82776,6619.5264,"spacetrack"
28485,"2026-09-01 12:11:04.721+00",0.00062186,15.775835,0.0011119,7.93e-05,336.757,337.82205,6715.427,"spacetrack"
28485,"2026-09-03 08:11:15.488+00",0.00056068,15.779772,0.00102025,0.0001029,335.4816,336.8634,6714.3096,"spacetrack"
28485,"2026-09-04 09:58:38.957+00",0.00058734,15.782054,0.00107999,0.0001145,334.75665,336.29407,6713.662,"spacetrack"
28485,"2026-09-05 17:49:49.722+00",0.00060139,15.784828,0.00111997,0.0001367,333.82086,335.65616,6712.8755,"spacetrack"
28485,"2026-09-06 05:57:48.457+00",0.00053278,15.785851,0.00099656,0.0001365,333.53256,335.3651,6712.586,"spacetrack"
28738,"2026-09-01 19:42:35.36+00",0.00039688,15.793586,0.00071664,0.0005159,328.79504,335.71884,6710.394,"spacetrack"
28738,"2026-09-02 13:57:24.157+00",0.00038703,15.794716,0.00070227,0.0005149,328.4817,335.39172,6710.0737,"spacetrack"
28738,"2026-09-03 00:36:00.501+00",0.00035031,15.795331,0.00063679,0.0005117,328.32922,335.19614,6709.9,"spacetrack"
28738,"2026-09-04 00:55:34.872+00",0.00039037,15.79683,0.00071522,0.0005075,327.93298,334.74307,6709.475,"spacetrack"
28738,"2026-09-05 14:55:52.985+00",0.00037346,15.799207,0.00069134,0.0004804,327.4423,333.8881,6708.8022,"spacetrack"
28738,"2026-09-06 15:15:05.769+00",0.00036279,15.800707,0.00067599,0.0004669,327.1084,333.37268,6708.3774,"spacetrack"
28980,"2026-09-01 18:26:04.732+00",0.00061505,12.2224045,0.00016491,0.1614997,297.1092,2868.4863,7960.9346,"spacetrack"
28980,"2026-09-02 10:09:03.306+00",0.00060522,12.222647,0.00016216,0.1614891,297.10553,2868.28,7960.8296,"spacetrack"
28980,"2026-09-03 01:52:00.742+00",0.00064578,12.2228985,0.00017363,0.1614745,297.13016,2868.0369,7960.7207,"spacetrack"
28980,"2026-09-04 01:26:24.647+00",0.00070323,12.223289,0.00018993,0.1614549,297.14404,2867.684,7960.551,"spacetrack"
28980,"2026-09-05 14:45:46.954+00",0.00058669,12.22388,0.00015701,0.1614323,297.1087,2867.206,7960.2944,"spacetrack"
28980,"2026-09-06 18:15:46.63+00",0.00064234,12.224293,0.00017285,0.1614132,297.11035,2866.8457,7960.115,"spacetrack"
28982,"2026-09-01 20:40:37.141+00",0.00050397,14.334552,0.00048261,0.0732526,255.83774,1304.572,7158.342,"spacetrack"
28982,"2026-09-02 23:28:33.586+00",0.00050258,14.3357115,0.00048105,0.0731968,255.8793,1303.7582,7157.9556,"spacetrack"
28982,"2026-09-03 21:14:54.829+00",0.00051532,14.3366585,0.00049402,0.073159,255.85776,1303.1494,7157.6406,"spacetrack"
28982,"2026-09-04 20:41:39.519+00",0.00043346,14.337619,0.00041332,0.0731194,255.84486,1302.5228,7157.321,"spacetrack"
28982,"2026-09-05 20:08:18.527+00",0.00045981,14.338568,0.00043956,0.073079,255.84138,1301.8949,7157.0054,"spacetrack"
28982,"2026-09-06 19:34:51.561+00",0.00049754,14.33957,0.00047738,0.0730404,255.80832,1301.2606,7156.6714,"spacetrack"
28983,"2026-09-01 20:55:21.228+00",0.00058939,12.42481,0.00017749,0.1528077,292.85886,2699.348,7874.24,"spacetrack"
28983,"2026-09-02 06:35:01.857+00",0.0005853,12.424964,0.00017627,0.152804,292.83295,2699.244,7874.1753,"spacetrack"
28983,"2026-09-03 19:17:43.974+00",0.00054333,12.425532,0.00016306,0.1527816,292.80566,2698.7905,7873.935,"spacetrack"
28983,"2026-09-04 20:24:46.859+00",0.00047458,12.425913,0.0001413,0.1527666,292.78784,2698.4873,7873.7744,"spacetrack"
28983,"2026-09-05 08:00:19.565+00",0.00050438,12.426075,0.00015081,0.1527616,292.76904,2698.369,7873.706,"spacetrack"
28983,"2026-09-06 20:42:48.938+00",0.00053616,12.426621,0.00016098,0.1527404,292.74045,2697.936,7873.475,"spacetrack"
32203,"2026-09-01 15:23:17.523+00",0.00040795,15.668731,0.00051778,0.008122,313.06613,422.64807,6745.994,"celestrak:debris"
32203,"2026-09-04 15:25:09.605+00",0.0003945,15.672363,0.00050815,0.0081012,312.17242,421.45682,6744.9517,"celestrak:debris"
32203,"2026-09-05 03:40:42.132+00",0.00040896,15.672892,0.00052831,0.0081079,311.97696,421.34927,6744.8003,"celestrak:debris"
37363,"2026-09-01 21:47:28.729+00",0.00020705,15.72499,0.00034342,0.0089927,291.23773,412.27756,6729.8945,"spacetrack"
37363,"2026-09-02 22:13:33.366+00",0.00020059,15.725732,0.00033325,0.0089758,291.1415,411.95007,6729.6826,"spacetrack"
37363,"2026-09-03 19:36:19.073+00",0.00023331,15.726417,0.00039033,0.0089631,291.03333,411.66748,6729.4873,"spacetrack"
37363,"2026-09-04 21:33:52.855+00",0.00020354,15.72725,0.00034042,0.0089556,290.8483,411.37723,6729.25,"spacetrack"
37363,"2026-09-05 21:59:44.936+00",0.00019594,15.728008,0.00032827,0.0089417,290.72757,411.06555,6729.0337,"spacetrack"
37363,"2026-09-06 19:22:19.673+00",0.00021991,15.728676,0.00037052,0.0089234,290.66193,410.75024,6728.8433,"spacetrack"
38248,"2026-09-01 15:29:47.968+00",0.00043384,15.760898,0.00067706,0.0003152,339.41385,343.64993,6719.669,"spacetrack"
38248,"2026-09-02 15:52:33.526+00",0.00041468,15.762301,0.0006509,0.0003241,338.95535,343.3108,6719.27,"spacetrack"
38248,"2026-09-03 14:43:46.807+00",0.00041182,15.763595,0.00065008,0.0003294,338.55215,342.97855,6718.9023,"spacetrack"
38248,"2026-09-04 02:55:03.081+00",0.00042787,15.764319,0.00067784,0.0003414,338.2657,342.85324,6718.6963,"spacetrack"
38248,"2026-09-05 21:34:14.43+00",0.00037404,15.766755,0.00059823,0.000367,337.40213,342.33313,6718.0044,"spacetrack"
38248,"2026-09-06 14:19:31.672+00",0.00040935,15.767719,0.00065807,0.0003577,337.19077,341.9966,6717.7305,"spacetrack"
39265,"2026-09-01 22:05:36.498+00",0.00045071,15.304475,0.00044302,0.0273148,287.29852,661.65405,6852.6133,"spacetrack"
39265,"2026-09-02 21:37:49.954+00",0.0004363,15.30537,0.00042951,0.0272819,287.26398,661.154,6852.346,"spacetrack"
39265,"2026-09-03 19:35:50.169+00",0.00043686,15.306174,0.00043086,0.0272596,287.18335,660.7547,6852.106,"spacetrack"
39265,"2026-09-04 20:42:02.547+00",0.00039945,15.307038,0.00039503,0.0272368,287.08884,660.3337,6851.848,"spacetrack"
39265,"2026-09-05 21:48:09.72+00",0.00040782,15.307903,0.00040411,0.0272137,286.99603,659.9103,6851.5903,"spacetrack"
39265,"2026-09-06 19:45:56.654+00",0.00040434,15.308665,0.0004013,0.0271897,286.93918,659.51215,6851.363,"spacetrack"
39267,"2026-09-01 20:27:09.445+00",0.00023244,14.816659,0.00012725,0.0455316,305.24896,942.8924,7002.2075,"spacetrack"
39267,"2026-09-02 20:45:46.023+00",0.00018493,14.816886,0.00010132,0.0455182,305.2745,942.72375,7002.136,"spacetrack"
39267,"2026-09-03 21:04:21.25+00",0.00018893,14.817097,0.00010347,0.0455061,305.29596,942.56976,7002.07,"spacetrack"
39267,"2026-09-04 19:45:40.888+00",0.00020832,14.817303,0.000114,0.0454942,305.31723,942.41846,7002.005,"spacetrack"
39267,"2026-09-05 23:18:41.547+00",0.00017856,14.817555,9.773e-05,0.0454773,305.35965,942.217,7001.9253,"spacetrack"
39267,"2026-09-06 18:45:30.373+00",0.00017438,14.8177185,9.541e-05,0.0454654,305.39383,942.07983,7001.874,"spacetrack"
39269,"2026-09-01 11:20:58.471+00",0.00012233,14.936346,7.364e-05,0.0406766,303.31158,869.9164,6964.751,"spacetrack"
39269,"2026-09-03 21:13:38.309+00",0.00014519,14.936759,8.737e-05,0.0406601,303.3035,869.668,6964.6226,"spacetrack"
39269,"2026-09-04 21:20:33.535+00",0.000127,14.936917,7.642e-05,0.0406482,303.33908,869.5338,6964.573,"spacetrack"
39269,"2026-09-05 21:27:28.063+00",0.0001197,14.937073,7.201e-05,0.0406354,303.3818,869.39435,6964.525,"spacetrack"
39269,"2026-09-06 10:19:08.865+00",0.00011406,14.937151,6.861e-05,0.0406288,303.40454,869.3232,6964.501,"spacetrack"
39270,"2026-09-01 10:14:42.422+00",0.00012965,14.572448,5.501e-05,0.0546479,315.1652,1089.0037,7080.2217,"spacetrack"
39270,"2026-09-03 16:37:44.067+00",0.00012044,14.572689,5.122e-05,0.0546495,315.0798,1088.9324,7080.143,"spacetrack"
39270,"2026-09-04 10:45:23.992+00",0.00011941,14.572767,5.081e-05,0.0546493,315.05737,1088.9043,7080.1177,"spacetrack"
39270,"2026-09-05 16:25:12.234+00",0.00013033,14.572907,5.548e-05,0.0546502,315.008,1088.8627,7080.0723,"spacetrack"
39270,"2026-09-06 10:32:51.272+00",0.00012838,14.572986,5.467e-05,0.0546493,314.9906,1088.8298,7080.0474,"spacetrack"
39473,"2026-09-01 13:11:40.8+00",0.00094904,15.917637,0.00319914,0.0021396,283.06442,311.63016,6675.4844,"spacetrack"
39473,"2026-09-02 13:18:29.99+00",0.00095778,15.924736,0.0033509,0.0021125,281.26544,309.46097,6673.5,"spacetrack"
39473,"2026-09-03 05:52:49.254+00",0.00099222,15.929587,0.00356094,0.0020751,280.16296,307.85373,6672.1455,"spacetrack"
39473,"2026-09-04 13:30:12.178+00",0.0009201,15.939252,0.00347215,0.0020275,277.7885,304.83313,6669.4478,"spacetrack"
39473,"2026-09-05 21:06:27.38+00",0.00085567,15.948505,0.00338996,0.0019836,275.50653,301.95532,6666.868,"spacetrack"
39473,"2026-09-06 13:39:16.346+00",0.00095189,15.954,0.00388722,0.0019436,274.2451,300.15457,6665.337,"spacetrack"
39474,"2026-09-01 12:56:29.619+00",0.00099199,15.95468,0.00407448,0.002027,273.50024,300.52075,6665.1475,"spacetrack"
39474,"2026-09-02 11:29:40.514+00",0.0010384,15.963327,0.00447244,0.0019994,271.28207,297.92502,6662.7407,"spacetrack"
39474,"2026-09-03 13:02:23.259+00",0.0010115,15.973279,0.00459779,0.0019312,268.97406,294.69754,6659.9727,"spacetrack"
39474,"2026-09-04 13:04:02.336+00",0.0010004,15.98329,0.00480563,0.001877,266.55914,291.55023,6657.192,"spacetrack"
39474,"2026-09-05 10:04:43.677+00",0.0010825,15.992445,0.00547325,0.0018141,264.44156,288.58597,6654.651,"spacetrack"
39474,"2026-09-06 11:34:34.512+00",0.001013,16.004045,0.0054666,0.0017439,261.69803,284.8969,6651.4346,"spacetrack"
40021,"2026-09-01 22:50:03.461+00",0.001242,15.928178,0.00426331,0.0006156,290.29425,298.5095,6672.539,"spacetrack"
40021,"2026-09-03 15:31:29.827+00",0.0011623,15.943127,0.00431468,0.0006179,286.10995,294.3507,6668.367,"spacetrack"
40021,"2026-09-04 11:06:09.77+00",0.0011824,15.950908,0.00457438,0.0006218,283.9165,292.20657,6666.1987,"spacetrack"
40970,"2026-09-01 19:57:13.457+00",0.0017311,15.871785,0.00457887,0.0017587,298.43472,321.96027,6688.3345,"spacetrack"
40970,"2026-09-02 05:01:34.251+00",0.0016245,15.874959,0.00436248,0.0017324,297.7207,320.89136,6687.443,"spacetrack"
40970,"2026-09-03 06:43:16.694+00",0.001438,15.884019,0.00403501,0.0016748,295.56714,317.9589,6684.9,"spacetrack"
40970,"2026-09-04 05:22:53.38+00",0.001508,15.892068,0.00440307,0.0016105,293.74316,315.26794,6682.6426,"spacetrack"
40970,"2026-09-05 19:07:21.519+00",0.0014116,15.9057255,0.00441366,0.001549,290.33408,311.02502,6678.8164,"spacetrack"
40970,"2026-09-06 20:46:02.123+00",0.0014832,15.916071,0.00488895,0.0015036,287.74738,307.8232,6675.9224,"spacetrack"
40972,"2026-09-01 22:50:48.897+00",0.0012618,15.932722,0.00453307,0.0014493,283.4644,302.80173,6671.27,"spacetrack"
40972,"2026-09-02 19:55:55.447+00",0.0010515,15.940063,0.00392409,0.0014226,281.59683,300.5721,6669.2217,"spacetrack"
40972,"2026-09-03 04:57:56.246+00",0.0011291,15.943259,0.00428656,0.0014098,280.7922,299.5942,6668.33,"spacetrack"
40972,"2026-09-04 05:02:48.75+00",0.00096972,15.950913,0.00383255,0.0013805,278.85727,297.26266,6666.197,"spacetrack"
40972,"2026-09-05 05:07:00.597+00",0.00091266,15.958374,0.00375562,0.0013858,276.74692,295.2172,6664.119,"spacetrack"
40972,"2026-09-06 20:12:29.823+00",0.00081943,15.96928,0.00357843,0.0013823,273.73996,292.1552,6661.0845,"spacetrack"
41892,"2026-09-01 18:39:52.082+00",0.00041929,15.938563,0.00160474,0.0003354,289.266,293.74,6669.64,"spacetrack"
41892,"2026-09-02 14:12:12.904+00",0.00039899,15.941251,0.00154898,0.0003281,288.5652,292.9413,6668.89,"spacetrack"
41892,"2026-09-03 23:15:45.077+00",0.00039781,15.945699,0.00158188,0.0003414,287.23672,291.78937,6667.65,"spacetrack"
41892,"2026-09-04 14:17:10.247+00",0.00043823,15.947801,0.00176276,0.0003262,286.75247,291.10208,6667.0645,"spacetrack"
41892,"2026-09-05 15:49:19.061+00",0.00041342,15.95125,0.00169415,0.0003272,285.78506,290.14737,6666.103,"spacetrack"
41892,"2026-09-06 15:51:01.69+00",0.00039861,15.954594,0.00166338,0.0003303,284.8332,289.2362,6665.172,"spacetrack"
43879,"2026-09-01 19:54:17.073+00",0.001012,15.869278,0.0026668,0.0007124,306.13663,315.66718,6689.039,"spacetrack"
43879,"2026-09-02 20:06:53.221+00",0.00093654,15.874509,0.00252753,0.0007079,304.6984,314.16666,6687.5693,"spacetrack"
43879,"2026-09-03 18:48:16.46+00",0.00088785,15.879223,0.00244986,0.0007033,303.4066,312.81146,6686.246,"spacetrack"
43879,"2026-09-05 08:36:19.037+00",0.00093206,15.887547,0.00260291,0.0007226,300.9435,310.60312,6683.91,"spacetrack"
43879,"2026-09-06 19:21:51.366+00",0.00095308,15.895528,0.00277029,0.0007348,298.62613,308.44553,6681.673,"spacetrack"
44408,"2026-09-01 14:15:44.804+00",0.00033459,15.7381,0.00047233,0.0007381,343.0551,352.98425,6726.1567,"spacetrack"
44408,"2026-09-02 02:28:12.1+00",0.00032233,15.738651,0.00045596,0.0007351,342.91815,352.8067,6725.9995,"spacetrack"
44408,"2026-09-03 02:53:02.533+00",0.00031724,15.739651,0.00045062,0.0007272,342.68683,352.46872,6725.715,"spacetrack"
44408,"2026-09-04 03:17:47.216+00",0.00035318,15.740683,0.00050434,0.0007156,342.47104,352.09644,6725.421,"spacetrack"
44408,"2026-09-05 09:48:34.936+00",0.00030684,15.741909,0.00043993,0.0006956,342.25656,351.6125,6725.072,"spacetrack"
44408,"2026-09-06 16:19:14.252+00",0.00033617,15.743164,0.00048496,0.0006816,341.99368,351.16083,6724.7144,"spacetrack"
44499,"2026-09-01 18:22:06.674+00",0.0004286,15.727916,0.00059577,0.0006053,346.84988,354.99606,6729.06,"spacetrack"
44499,"2026-09-02 21:48:15.305+00",0.00038883,15.729386,0.00054313,0.0006336,346.24017,354.76672,6728.6406,"spacetrack"
44499,"2026-09-03 02:22:35.892+00",0.0004052,15.729593,0.00056692,0.0006467,346.09305,354.7958,6728.5815,"spacetrack"
44499,"2026-09-04 01:14:15.174+00",0.00045321,15.730773,0.00063851,0.0006526,345.71725,354.49896,6728.245,"spacetrack"
44499,"2026-09-05 22:57:14.837+00",0.00040982,15.7331505,0.00058249,0.0006805,344.8522,354.00842,6727.5674,"spacetrack"
44499,"2026-09-06 02:00:05.957+00",0.00041956,15.733296,0.00059697,0.0006856,344.77625,354.00104,6727.526,"spacetrack"
44741,"2026-09-01 13:04:46.961+00",0.00033744,15.862342,0.00085969,0.0002136,311.42264,314.28104,6690.989,"spacetrack"
44741,"2026-09-02 22:00:03+00",0.00035047,15.865733,0.00090875,0.0002559,310.18646,313.6104,6690.0356,"spacetrack"
44741,"2026-09-03 21:01:04.487+00",0.00037209,15.8679,0.00097734,0.0005879,307.3565,315.22195,6689.4263,"spacetrack"
44741,"2026-09-04 16:00:02+00",0.00019014,15.869892,0.00049735,0.0002926,308.77222,312.68652,6688.866,"spacetrack"
44741,"2026-09-05 15:20:15.553+00",0.000399,15.871756,0.00106912,0.0003983,307.54187,312.8698,6688.343,"spacetrack"
44741,"2026-09-06 14:00:15.487+00",0.00040151,15.873943,0.00108767,0.0003268,307.4057,311.7768,6687.728,"spacetrack"
44753,"2026-09-01 19:21:40.517+00",0.00040415,15.771426,0.00067278,0.0004015,335.8442,341.2377,6716.6777,"spacetrack"
44753,"2026-09-02 15:07:53.488+00",0.00038222,15.772564,0.00063895,0.0004361,335.28912,341.14716,6716.355,"spacetrack"
44753,"2026-09-03 12:25:15.773+00",0.0004044,15.773714,0.00068026,0.000443,334.91626,340.86664,6716.0283,"spacetrack"
44753,"2026-09-04 08:11:18.487+00",0.0003741,15.774799,0.0006315,0.0004505,334.55814,340.609,6715.7207,"spacetrack"
44753,"2026-09-05 14:35:49.998+00",0.00035877,15.776437,0.00060973,0.0004889,333.83557,340.40173,6715.256,"spacetrack"
44753,"2026-09-06 13:24:06.121+00",0.00034279,15.777685,0.00058547,0.0005384,333.14935,340.37997,6714.902,"spacetrack"
44771,"2026-09-01 22:30:41.816+00",0.00064554,16.033358,0.00409797,0.0005301,261.66696,268.7102,6643.3257,"spacetrack"
44771,"2026-09-02 19:27:04.204+00",0.00054136,16.03965,0.00356569,0.0005278,259.94525,266.95612,6641.588,"spacetrack"
44771,"2026-09-03 16:22:55.843+00",0.00055733,16.046429,0.00382942,0.0006081,257.5427,265.61792,6639.7173,"spacetrack"
44771,"2026-09-04 19:16:49.706+00",-8.7344e-05,16.051188,-0.00066118,0.0007258,255.44952,265.08585,6638.405,"spacetrack"
44771,"2026-09-05 19:10:37.913+00",0.00053979,16.063673,0.00413314,0.0007487,251.85976,261.79495,6634.9644,"spacetrack"
44771,"2026-09-06 20:33:12.775+00",0.00053866,16.072931,0.00437546,0.0007938,249.01447,259.5441,6632.4165,"spacetrack"
44772,"2026-09-01 16:00:02+00",0.00053231,15.942142,0.00200014,0.000296,288.531,292.47885,6668.642,"spacetrack"
44772,"2026-09-02 22:00:03+00",0.00036757,15.947197,0.00140916,0.0003533,286.7399,291.45096,6667.2324,"spacetrack"
44772,"2026-09-03 22:00:01.999+00",0.0005506,15.950906,0.002172,0.0003923,285.44687,290.6772,6666.199,"spacetrack"
44772,"2026-09-04 20:00:01.999+00",0.00061292,15.954424,0.00246929,0.0004368,284.17053,289.99326,6665.2188,"spacetrack"
44772,"2026-09-05 22:00:03+00",0.00025266,15.959833,0.00102817,0.000433,282.69064,288.4614,6663.713,"spacetrack"
44772,"2026-09-06 22:00:01.999+00",0.0018009,15.969911,0.00793986,0.0003287,280.5827,284.9616,6660.909,"spacetrack"
44927,"2026-09-01 21:55:27.282+00",0.00039747,15.803844,0.00076788,0.0006161,325.22015,333.4851,6707.4897,"spacetrack"
44927,"2026-09-02 22:12:23.882+00",-3.4315e-05,15.804789,-7.363e-05,0.0006478,324.74048,333.43036,6707.2227,"spacetrack"
44927,"2026-09-03 20:58:07.597+00",0.00039837,15.8070135,0.00078105,0.0005941,324.47168,332.44046,6706.5933,"spacetrack"
44927,"2026-09-04 22:45:48.252+00",0.00033703,15.808722,0.00066403,0.0005852,324.04855,331.89737,6706.11,"spacetrack"
44927,"2026-09-05 21:31:15.844+00",0.00035423,15.810232,0.0007035,0.0005768,323.67807,331.41373,6705.683,"spacetrack"
44927,"2026-09-06 20:16:35.638+00",0.00039568,15.811743,0.00079297,0.0005687,323.30545,330.932,6705.256,"spacetrack"
44961,"2026-09-01 10:20:26.241+00",0.00038786,15.777052,0.00066189,0.0004545,333.89236,339.99637,6715.0815,"spacetrack"
44961,"2026-09-02 00:01:22.615+00",0.00038532,15.777866,0.00065987,0.0004403,333.75665,339.66977,6714.85,"spacetrack"
44961,"2026-09-03 00:20:42.899+00",0.00043335,15.77948,0.00074916,0.000436,333.32785,339.1828,6714.392,"spacetrack"
44961,"2026-09-04 15:51:50.917+00",0.00035763,15.781682,0.00062229,0.0004081,332.89084,338.3706,6713.7676,"spacetrack"
44961,"2026-09-05 22:15:34.648+00",0.00033339,15.783282,0.00058355,0.0003792,332.63123,337.7226,6713.314,"spacetrack"
44961,"2026-09-06 21:03:14.77+00",0.00037364,15.784601,0.00065935,0.0003934,332.16208,337.44382,6712.94,"spacetrack"
45060,"2026-09-01 23:14:52.308+00",0.00039047,15.764889,0.00063061,0.0001963,339.0788,341.7165,6718.5347,"spacetrack"
45060,"2026-09-02 22:04:08.558+00",0.00031801,15.76605,0.00051431,0.0001967,338.7463,341.38925,6718.2046,"spacetrack"
45060,"2026-09-03 20:53:18.986+00",0.00034841,15.767195,0.00056734,0.0001892,338.47153,341.01355,6717.8794,"spacetrack"
45060,"2026-09-04 21:13:39.474+00",0.00029669,15.768409,0.00048429,0.0001973,338.07236,340.72308,6717.5347,"spacetrack"
45060,"2026-09-05 23:05:09.103+00",0.0003265,15.769651,0.00053693,0.0001963,337.72635,340.36353,6717.182,"spacetrack"
45060,"2026-09-06 20:22:45.384+00",0.00034896,15.770745,0.00057741,0.0001963,337.41577,340.05283,6716.871,"spacetrack"
45062,"2026-09-01 16:00:02+00",0.00041101,15.913458,0.00131706,0.0002828,296.62784,300.40414,6676.653,"spacetrack"
45062,"2026-09-02 22:00:03+00",0.00054498,15.917204,0.00179259,0.0002634,295.70996,299.22665,6675.6055,"spacetrack"
45062,"2026-09-03 22:00:01.999+00",0.00068707,15.920263,0.00230565,0.0002584,294.8884,298.33792,6674.75,"spacetrack"
45062,"2026-09-04 20:00:01.999+00",0.00050876,15.923431,0.00172716,0.0002415,294.11588,297.33936,6673.8647,"spacetrack"
45062,"2026-09-05 22:00:03+00",0.00059618,15.926851,0.00206716,0.0002562,293.06284,296.48203,6672.9097,"spacetrack"
45062,"2026-09-06 22:00:01.999+00",0.00067958,15.930134,0.0024027,0.000261,292.11414,295.59692,6671.9927,"spacetrack"
45100,"2026-09-01 22:47:07.058+00",0.00037448,15.778589,0.00064301,0.000386,333.91617,339.09988,6714.645,"spacetrack"
45100,"2026-09-02 20:03:59.668+00",0.00035046,15.779786,0.00060431,0.0003792,333.6224,338.71454,6714.3057,"spacetrack"
45100,"2026-09-03 12:47:11.308+00",0.00038438,15.780724,0.00066675,0.0003848,333.31903,338.48615,6714.0396,"spacetrack"
45100,"2026-09-04 22:13:23.72+00",0.00033114,15.782614,0.00057778,0.0003703,332.88055,337.85257,6713.5034,"spacetrack"
45100,"2026-09-05 21:01:07.767+00",0.00034022,15.78384,0.00059724,0.0003653,332.56635,337.47098,6713.156,"spacetrack"
45100,"2026-09-06 18:17:34.409+00",0.00046403,15.78526,0.00082452,0.000381,332.05847,337.1736,6712.753,"spacetrack"
45190,"2026-09-01 06:09:40.795+00",0.0005639,16.067043,0.00439895,0.0004023,253.23091,258.56866,6634.0366,"spacetrack"
45190,"2026-09-02 22:26:54.427+00",0.00052703,16.082588,0.00453698,0.0003615,249.22763,254.02095,6629.761,"spacetrack"
45190,"2026-09-03 17:49:54.387+00",0.00055961,16.09055,0.00507304,0.0003527,247.09947,251.77457,6627.574,"spacetrack"
45190,"2026-09-04 13:12:14.751+00",0.00060754,16.10067,0.00588645,0.0003952,244.04132,249.27756,6624.7964,"spacetrack"
45190,"2026-09-05 05:35:14.296+00",0.00054735,16.107983,0.00556692,0.0004069,241.95972,247.34935,6622.7915,"spacetrack"
45190,"2026-09-06 17:18:19.402+00",0.00052387,16.125263,0.00598879,0.0004523,236.92882,242.91551,6618.059,"spacetrack"
45206,"2026-09-01 16:00:02+00",0.00042617,15.82287,0.00090166,0.0006389,319.69284,328.2568,6702.112,"spacetrack"
45206,"2026-09-02 22:20:01.672+00",0.00038123,15.825283,0.00081418,0.0006312,319.0635,327.5234,6701.4307,"spacetrack"
45206,"2026-09-03 22:34:58.773+00",0.00040597,15.827099,0.00087551,0.0006129,318.67386,326.88785,6700.918,"spacetrack"
45206,"2026-09-04 00:05:54.574+00",0.00042366,15.8272295,0.000915,0.0006287,318.53107,326.95676,6700.881,"spacetrack"
45206,"2026-09-06 18:46:07.497+00",0.00039719,15.832213,0.0008773,0.00058,317.4521,325.22348,6699.4746,"spacetrack"
45223,"2026-09-01 22:07:56.923+00",0.00042682,15.808197,0.00084254,0.0005951,324.13037,332.11215,6706.2583,"spacetrack"
45223,"2026-09-02 22:24:28.612+00",0.00038383,15.80995,0.00076243,0.0005919,323.65662,331.59488,6705.7627,"spacetrack"
45223,"2026-09-03 21:09:49.741+00",0.00041912,15.811532,0.00084006,0.0005854,323.25302,331.1036,6705.3154,"spacetrack"
45223,"2026-09-04 21:26:02.928+00",0.0003457,15.8132715,0.00069611,0.000578,322.81134,330.5621,6704.8237,"spacetrack"
45223,"2026-09-05 23:13:06.698+00",0.0003814,15.815064,0.00077586,0.0005659,322.38602,329.97394,6704.317,"spacetrack"
45223,"2026-09-06 20:27:01.675+00",0.00040854,15.816612,0.0008382,0.0005593,321.99292,329.49188,6703.8794,"spacetrack"
45237,"2026-09-01 21:34:47.007+00",0.00041382,15.791117,0.00075423,0.0005869,329.0175,336.89496,6711.0933,"spacetrack"
45237,"2026-09-02 03:39:19.498+00",0.00038525,15.791507,0.00070249,0.0005823,328.93808,336.7537,6710.983,"spacetrack"
45237,"2026-09-03 06:59:39.226+00",0.00038213,15.79324,0.00070226,0.0005769,328.48367,336.22626,6710.492,"spacetrack"
45237,"2026-09-04 20:57:35.561+00",0.00036841,15.795631,0.00068413,0.0005905,327.71548,335.63977,6709.8145,"spacetrack"
45237,"2026-09-05 06:04:14.851+00",0.00036999,15.796154,0.00068875,0.0005774,327.65543,335.40375,6709.6665,"spacetrack"
45237,"2026-09-06 23:03:56.953+00",0.00040696,15.79873,0.00076792,0.0005533,327.08804,334.51215,6708.937,"spacetrack"
45360,"2026-09-01 15:09:13.018+00",0.00066432,16.246035,0.01919562,0.0005355,203.5561,210.60887,6585.2197,"spacetrack"
45360,"2026-09-02 13:15:41.064+00",0.0010851,16.306799,0.05416568,0.0002654,188.97,192.45674,6568.8506,"spacetrack"
45360,"2026-09-03 08:19:59.396+00",0.00050268,16.405039,0.07344221,0.0004156,161.7431,167.18132,6542.599,"spacetrack"
45369,"2026-09-01 18:19:24.751+00",0.00040348,15.771093,0.0006704,0.000147,337.64813,339.62286,6716.7725,"spacetrack"
45369,"2026-09-02 20:10:37.456+00",0.0003723,15.772662,0.00062209,0.0001869,336.93488,339.44543,6716.327,"spacetrack"
45369,"2026-09-03 18:59:13.383+00",0.00039207,15.773937,0.00065957,0.000235,336.24994,339.40643,6715.9653,"spacetrack"
45369,"2026-09-04 16:16:28.707+00",0.00035216,15.775094,0.00059436,0.0001961,336.1828,338.81665,6715.6367,"spacetrack"
45369,"2026-09-05 16:36:05.226+00",0.00038913,15.776423,0.00066195,0.0002453,335.47528,338.76978,6715.26,"spacetrack"
45369,"2026-09-06 12:21:54.941+00",0.00047707,15.777854,0.00081983,0.0002743,334.8747,338.55847,6714.8535,"spacetrack"
45375,"2026-09-01 17:38:17.586+00",0.00037552,15.767405,0.00061317,0.0004555,336.62302,342.74295,6717.82,"spacetrack"
45375,"2026-09-02 13:24:48.588+00",0.00035777,15.768491,0.00058652,0.0004549,336.3188,342.43036,6717.5117,"spacetrack"
45375,"2026-09-03 16:47:33.192+00",0.00033494,15.769889,0.00055194,0.0004857,335.71487,342.2399,6717.1143,"spacetrack"
45375,"2026-09-04 17:07:38.847+00",0.00034405,15.77114,0.0005705,0.000518,335.14297,342.10153,6716.7593,"spacetrack"
45375,"2026-09-05 23:32:36.363+00",0.00033121,15.772603,0.00055245,0.0005227,334.69638,341.71765,6716.344,"spacetrack"
45375,"2026-09-06 13:13:46.828+00",0.00033472,15.773303,0.00056021,0.0005327,334.43063,341.586,6716.1455,"spacetrack"
45376,"2026-09-02 16:02:55.205+00",0.00039329,15.724083,0.00053105,0.00031,349.93008,354.10278,6730.1533,"spacetrack"
45376,"2026-09-03 19:30:19.38+00",0.0003123,15.725143,0.0004218,0.0003296,349.49557,353.9319,6729.8506,"spacetrack"
45376,"2026-09-04 13:48:31.56+00",0.00034604,15.725903,0.00046984,0.0003219,349.3308,353.66336,6729.6343,"spacetrack"
45376,"2026-09-05 20:18:44.944+00",0.00032437,15.727132,0.00044222,0.0003508,348.78595,353.5072,6729.2837,"spacetrack"
45376,"2026-09-06 13:05:18.792+00",0.00033612,15.727795,0.00045991,0.0003735,348.4441,353.4707,6729.094,"spacetrack"
45377,"2026-09-01 16:00:02+00",0.00062308,15.881674,0.00177309,0.0005233,303.9225,310.91962,6685.558,"spacetrack"
45377,"2026-09-02 22:00:03+00",0.00017322,15.885521,0.00048954,0.0005338,302.7734,309.90976,6684.4785,"spacetrack"
45377,"2026-09-03 22:00:01.999+00",0.00036727,15.887716,0.0010656,0.0005632,301.9614,309.4901,6683.863,"spacetrack"
45377,"2026-09-04 14:30:40.135+00",0.00039187,15.889312,0.00114803,0.0006162,301.16006,309.3967,6683.4155,"spacetrack"
45377,"2026-09-05 22:00:03+00",0.00040366,15.893613,0.00120933,0.0005608,300.325,307.8198,6682.2095,"spacetrack"
45377,"2026-09-06 22:00:01.999+00",0.00042775,15.896164,0.00125475,0.0005835,299.45892,307.25623,6681.4946,"spacetrack"
45379,"2026-09-01 17:15:27.067+00",0.00050849,16.019945,0.00298383,0.0009299,262.71503,275.07718,6647.033,"spacetrack"
45379,"2026-09-02 21:41:53.779+00",0.00047714,16.0273,0.00292559,0.0009774,260.3672,273.3568,6644.999,"spacetrack"
45379,"2026-09-03 17:09:00.865+00",0.00047676,16.03239,0.00301491,0.0009881,258.89087,272.01996,6643.5923,"spacetrack"
45379,"2026-09-04 15:34:54.944+00",0.001194,16.048117,0.00832791,0.001007,254.42892,267.80038,6639.2515,"spacetrack"
45379,"2026-09-05 15:28:41.438+00",0.0010077,16.069555,0.00803358,0.0010297,248.37798,262.0387,6633.345,"spacetrack"
45379,"2026-09-06 15:21:16.443+00",0.00056155,16.07747,0.00471163,0.0010327,246.18274,259.87875,6631.168,"spacetrack"
45383,"2026-09-01 17:24:51.818+00",0.00037425,15.746154,0.00055573,2.11e-05,345.58408,345.86783,6723.863,"spacetrack"
45383,"2026-09-02 13:12:59.349+00",0.00034368,15.747113,0.00051169,2.43e-05,345.28946,345.6162,6723.59,"spacetrack"
45383,"2026-09-03 18:09:21.249+00",0.00033925,15.748462,0.00050798,3.82e-05,344.81213,345.32578,6723.206,"spacetrack"
45383,"2026-09-04 06:20:24.631+00",0.00033716,15.749012,0.00050603,7.23e-05,344.42615,345.3983,6723.0493,"spacetrack"
45383,"2026-09-05 12:47:56.428+00",0.00036003,15.750373,0.00054426,5.56e-05,344.15143,344.899,6722.662,"spacetrack"
45383,"2026-09-06 16:12:35.223+00",0.0003122,15.751554,0.00047316,7.48e-05,343.6863,344.69196,6722.326,"spacetrack"
45384,"2026-09-01 16:00:02+00",0.00047046,15.81704,0.00096929,0.000414,322.84607,328.39676,6703.7583,"spacetrack"
45384,"2026-09-02 12:44:49.097+00",0.00039465,15.8185625,0.00081625,0.0003928,322.55826,327.8244,6703.328,"spacetrack"
45384,"2026-09-03 20:35:13.947+00",0.00038934,15.820768,0.00081364,0.0004558,321.51328,327.62347,6702.7056,"spacetrack"
45384,"2026-09-04 22:21:33.698+00",0.00034114,15.822524,0.00071719,0.0004811,320.848,327.29684,6702.2095,"spacetrack"
45384,"2026-09-05 16:32:59.773+00",0.00046894,15.823772,0.00099818,0.0006379,319.44492,327.99515,6701.857,"spacetrack"
45384,"2026-09-06 10:44:19.387+00",0.00035218,15.825038,0.00074978,0.0004978,320.02673,326.69873,6701.4995,"spacetrack"
45386,"2026-09-01 16:00:02+00",0.00068227,15.90064,0.00207135,0.0007622,297.01212,307.19547,6680.2407,"spacetrack"
45386,"2026-09-02 22:00:03+00",0.0004417,15.904477,0.00135583,0.0007652,295.91818,306.13998,6679.166,"spacetrack"
45386,"2026-09-03 22:00:01.999+00",0.0004437,15.907209,0.00138192,0.00078,295.05508,305.4734,6678.4014,"spacetrack"
45386,"2026-09-04 18:00:00.999+00",0.00013905,15.910459,0.00041667,0.000808,293.95947,304.7503,6677.4917,"spacetrack"
45386,"2026-09-05 22:00:03+00",0.00057461,15.913141,0.00185712,0.0008114,293.18698,304.022,6676.7417,"spacetrack"
45386,"2026-09-06 22:00:01.999+00",0.00051728,15.916212,0.0016956,0.0008094,292.3422,303.1491,6675.883,"spacetrack"
45387,"2026-09-01 16:00:02+00",0.00075597,15.812218,0.00153876,0.0006836,322.401,331.56824,6705.1216,"spacetrack"
45387,"2026-09-02 22:00:03+00",0.0002688,15.816044,0.00054605,0.0006904,321.27457,330.5315,6704.04,"spacetrack"
45387,"2026-09-03 22:00:01.999+00",0.00032967,15.818751,0.00068099,0.0007028,320.4271,329.8492,6703.2754,"spacetrack"
45387,"2026-09-04 00:00:02+00",0.0005654,15.818747,0.0011798,0.0007042,320.41885,329.85974,6703.2764,"spacetrack"
45387,"2026-09-05 22:00:03+00",0.00040932,15.824049,0.00087063,0.0007338,318.72403,328.55957,6701.779,"spacetrack"
45387,"2026-09-06 22:00:01.999+00",0.00071614,15.826526,0.0015589,0.0007453,317.94827,327.93692,6701.0796,"spacetrack"
45389,"2026-09-01 13:38:38.443+00",0.00039629,15.850683,0.00095663,0.0004093,313.39233,318.87228,6694.2695,"spacetrack"
45389,"2026-09-02 12:20:27.667+00",0.00041633,15.852691,0.00101596,0.0004263,312.71378,318.42084,6693.704,"spacetrack"
45389,"2026-09-03 14:03:40.187+00",0.00035875,15.854641,0.00088142,0.0004536,311.9822,318.05423,6693.1553,"spacetrack"
45389,"2026-09-04 11:14:23.709+00",0.00035537,15.856367,0.00088042,0.0004635,311.43057,317.63467,6692.6694,"spacetrack"
45389,"2026-09-05 20:30:58.532+00",0.00037706,15.859031,0.00094752,0.0004423,310.8233,316.74298,6691.92,"spacetrack"
45389,"2026-09-06 14:39:53.116+00",0.00035667,15.860463,0.00090184,0.0004966,310.05728,316.70328,6691.517,"spacetrack"
45390,"2026-09-01 16:00:02+00",0.00045568,15.821172,0.000957,0.0004871,321.18945,327.71912,6702.5913,"spacetrack"
45390,"2026-09-02 23:09:17.436+00",0.00040769,15.823509,0.00086397,0.0004811,320.56995,327.01855,6701.931,"spacetrack"
45390,"2026-09-03 20:22:29.333+00",0.00039472,15.825593,0.00084435,0.000498,319.86877,326.54333,6701.3433,"spacetrack"
45390,"2026-09-04 14:33:42.002+00",0.00035262,15.826856,0.00075727,0.0005068,319.45358,326.2457,6700.987,"spacetrack"
45390,"2026-09-05 10:15:45+00",0.00038714,15.8282,0.00083825,0.0005198,318.98715,325.9531,6700.607,"spacetrack"
45390,"2026-09-06 10:30:26.624+00",0.00033027,15.829813,0.00071857,0.000533,318.44388,325.58624,6700.152,"spacetrack"
45395,"2026-09-01 16:00:02+00",0.00067833,15.875378,0.00187374,0.0005346,305.61343,312.76352,6687.3257,"spacetrack"
45395,"2026-09-02 22:00:03+00",8.5033e-05,15.880383,0.00022946,0.0005951,303.80472,311.7623,6685.9204,"spacetrack"
45395,"2026-09-03 22:00:01.999+00",0.00036176,15.882441,0.00102183,0.0006222,303.04617,311.3654,6685.343,"spacetrack"
45395,"2026-09-04 18:00:00.999+00",0.00040835,15.884616,0.00116922,0.0006521,302.23633,310.95456,6684.7324,"spacetrack"
45395,"2026-09-05 22:00:03+00",0.00042039,15.887175,0.00122024,0.0006592,301.47147,310.28366,6684.0146,"spacetrack"
45395,"2026-09-06 15:46:58.807+00",0.00039405,15.888936,0.00115262,0.0006669,300.92636,309.84085,6683.5205,"spacetrack"
45399,"2026-09-01 11:31:25.154+00",0.00033839,15.743889,0.00049682,0.0004617,343.266,349.4754,6724.508,"spacetrack"
45399,"2026-09-02 11:53:55.852+00",0.00033505,15.7450075,0.00049428,0.0004911,342.74997,349.35446,6724.1895,"spacetrack"
45399,"2026-09-03 18:21:56.009+00",0.00030811,15.746262,0.00045636,0.0005222,342.184,349.20636,6723.832,"spacetrack"
45399,"2026-09-05 09:58:04.692+00",0.00045935,15.748527,0.00069239,0.0005921,341.06976,349.03137,6723.1875,"spacetrack"
45399,"2026-09-06 10:20:09.563+00",0.00028598,15.749544,0.00042917,0.0005646,340.96512,348.5566,6722.898,"spacetrack"
45408,"2026-09-01 16:00:02+00",0.00061652,15.892844,0.00185801,0.0006208,300.1394,308.43628,6682.425,"spacetrack"
45408,"2026-09-02 12:35:00.147+00",0.00042012,15.895347,0.0012269,0.0006377,299.32556,307.84744,6681.7236,"spacetrack"
45408,"2026-09-03 17:15:03.864+00",0.0003954,15.89847,0.00117169,0.0006502,298.3677,307.05548,6680.8486,"spacetrack"
45408,"2026-09-05 22:00:03+00",0.00043437,15.904275,0.00133072,0.0006987,296.41885,305.7524,6679.2227,"spacetrack"
45408,"2026-09-06 22:00:01.999+00",0.0004274,15.907015,0.0013279,0.0007139,295.55103,305.08652,6678.4556,"spacetrack"
45414,"2026-09-01 16:00:02+00",0.00044573,15.857176,0.00111368,0.0005093,310.8964,317.71332,6692.442,"spacetrack"
45414,"2026-09-02 11:13:02.556+00",0.0012387,15.858946,0.00321261,0.0006608,309.38483,318.2289,6691.944,"spacetrack"
45414,"2026-09-03 16:00:03+00",0.00042011,15.861225,0.00106982,0.0005543,309.45676,316.87473,6691.3027,"spacetrack"
45414,"2026-09-04 16:08:45.121+00",0.00063262,15.863467,0.00164332,0.0005627,308.77057,316.30026,6690.6724,"spacetrack"
45414,"2026-09-05 16:20:12.783+00",0.00078213,15.865695,0.00206548,0.000544,308.2697,315.5485,6690.046,"spacetrack"
45414,"2026-09-06 21:03:36.361+00",0.0015156,15.868429,0.00416299,0.0006701,306.65814,315.6231,6689.278,"spacetrack"
45417,"2026-09-01 14:01:21.408+00",0.0005003,15.755814,0.00077932,0.0001287,342.1123,343.84232,6721.1143,"spacetrack"
45417,"2026-09-02 23:30:42.534+00",0.00045394,15.758063,0.000713,0.0001466,341.35254,343.32297,6720.4746,"spacetrack"
45417,"2026-09-03 07:07:20.494+00",0.000475,15.758563,0.00074834,0.0001553,341.15198,343.23932,6720.3325,"spacetrack"
45417,"2026-09-04 22:41:36.09+00",0.00040602,15.761067,0.00064506,0.0001949,340.174,342.79333,6719.6206,"spacetrack"
45417,"2026-09-05 23:02:30.03+00",0.0004357,15.762567,0.00069775,0.0002121,339.63248,342.48276,6719.195,"spacetrack"
45417,"2026-09-06 11:12:53.793+00",0.00039788,15.763322,0.0006383,0.0002193,339.36948,342.31644,6718.98,"spacetrack"
45419,"2026-09-01 15:21:04.476+00",0.00038663,15.74509,0.0005721,0.0005041,342.63916,349.41846,6724.166,"spacetrack"
45419,"2026-09-02 14:12:01.951+00",0.00053708,15.746977,0.00080617,0.0005603,341.7244,349.25888,6723.6284,"spacetrack"
45419,"2026-09-03 20:39:49.202+00",0.00037866,15.748226,0.00056794,0.0005392,341.51083,348.76123,6723.273,"spacetrack"
45419,"2026-09-04 07:19:30.359+00",0.00035714,15.748709,0.00053625,0.0005453,341.3324,348.66464,6723.1357,"spacetrack"
45419,"2026-09-05 16:49:49.137+00",0.0003661,15.750236,0.00055371,0.000567,340.75226,348.3758,6722.701,"spacetrack"
45419,"2026-09-06 12:37:38.419+00",0.00031741,15.751111,0.00048067,0.0005849,340.383,348.24692,6722.452,"spacetrack"
45531,"2026-09-01 16:00:02+00",0.00048918,15.892435,0.00146259,0.0005461,300.75345,308.05212,6682.5396,"spacetrack"
45531,"2026-09-02 22:00:03+00",0.00059546,15.895286,0.00181502,0.0005326,300.0449,307.16226,6681.7407,"spacetrack"
45531,"2026-09-03 22:00:01.999+00",0.00063485,15.897821,0.00189454,0.0005291,299.35825,306.42813,6681.0303,"spacetrack"
45531,"2026-09-04 18:00:00.999+00",0.00017144,15.900777,0.00049413,0.0005418,298.44592,305.68457,6680.202,"spacetrack"
45531,"2026-09-05 22:00:03+00",0.0006254,15.90306,0.00191715,0.0005341,297.8583,304.99344,6679.563,"spacetrack"
45531,"2026-09-06 17:48:08.544+00",0.00041989,15.905557,0.00129268,0.0005423,297.10504,304.34894,6678.864,"spacetrack"
45532,"2026-09-01 12:30:52.723+00",0.00036324,15.833971,0.00080757,0.0005119,317.4126,324.271,6698.979,"spacetrack"
45532,"2026-09-02 09:43:16.362+00",0.00036036,15.835525,0.00080705,0.0005165,316.94388,323.86346,6698.5405,"spacetrack"
45532,"2026-09-03 12:59:01.761+00",0.00034169,15.83746,0.00077173,0.0005414,316.23178,323.48434,6697.995,"spacetrack"
45532,"2026-09-04 18:00:00.999+00",0.00011479,15.839921,0.00025583,0.0005426,315.53015,322.79807,6697.3013,"spacetrack"
45532,"2026-09-05 13:26:32.944+00",0.00041592,15.84083,0.00095858,0.0006112,314.81473,323.0012,6697.045,"spacetrack"
45532,"2026-09-06 10:38:22.873+00",0.00033731,15.842443,0.0007802,0.0005397,314.8391,322.0674,6696.5903,"spacetrack"
45542,"2026-09-01 10:43:05.784+00",0.0003551,15.783781,0.00062387,0.0004886,331.7554,338.31552,6713.1724,"spacetrack"
45542,"2026-09-02 11:01:53.981+00",0.00031088,15.78504,0.00054805,0.0005294,331.1249,338.23245,6712.816,"spacetrack"
45542,"2026-09-03 03:44:45.245+00",0.00031315,15.785996,0.00055452,0.0005222,330.90222,337.9128,6712.5444,"spacetrack"
45542,"2026-09-04 13:10:17.966+00",0.00031997,15.787754,0.00057142,0.000525,330.3855,337.43314,6712.0464,"spacetrack"
45542,"2026-09-05 19:33:19.791+00",0.00031935,15.789309,0.00057441,0.0005527,329.7593,337.1783,6711.606,"spacetrack"
45542,"2026-09-06 19:51:37.452+00",0.0003542,15.790596,0.00064212,0.0005564,329.36984,336.8381,6711.241,"spacetrack"
45544,"2026-09-01 11:18:41.804+00",0.00035905,15.809127,0.00070948,0.0005467,324.19217,331.5245,6705.995,"spacetrack"
45544,"2026-09-02 13:06:10.38+00",0.00034088,15.810756,0.00067811,0.0005585,323.6529,331.14297,6705.535,"spacetrack"
45544,"2026-09-03 13:22:28.73+00",0.00032706,15.812225,0.00065464,0.0005699,323.16104,330.80353,6705.119,"spacetrack"
45544,"2026-09-04 19:42:40.085+00",0.00032629,15.814095,0.0006589,0.0005898,322.49948,330.4082,6704.591,"spacetrack"
45544,"2026-09-05 09:21:41.096+00",0.00034447,15.814914,0.00069901,0.0005909,322.2607,330.18393,6704.3594,"spacetrack"
45544,"2026-09-06 18:43:32.495+00",0.00035502,15.816958,0.00072781,0.0006025,321.60556,329.6836,6703.7817,"spacetrack"
45555,"2026-09-01 11:52:31.929+00",0.00037296,15.8407955,0.00085777,0.0006388,314.63956,323.1957,6697.0547,"spacetrack"
45555,"2026-09-02 09:04:22.489+00",0.00036329,15.842425,0.00084182,0.0006578,314.05338,322.8634,6696.595,"spacetrack"
45555,"2026-09-03 10:48:34.825+00",0.00035279,15.844358,0.00082474,0.0006572,313.5131,322.3144,6696.051,"spacetrack"
45555,"2026-09-04 01:56:50.955+00",0.00038537,15.845513,0.00090748,0.0006627,313.15112,322.02567,6695.7256,"spacetrack"
45555,"2026-09-05 06:42:22.447+00",0.00035575,15.847729,0.00084554,0.0006585,312.5556,321.37305,6695.1016,"spacetrack"
45555,"2026-09-06 06:55:15.696+00",0.00035807,15.8496,0.00085893,0.00065,312.08594,320.78888,6694.574,"spacetrack"
45564,"2026-09-01 20:35:19.017+00",0.00033728,15.731178,0.00046825,0.0002594,348.24716,351.7377,6728.1294,"spacetrack"
45564,"2026-09-02 08:47:10.739+00",0.00031989,15.731647,0.00044456,0.0002598,348.11102,351.60687,6727.996,"spacetrack"
45564,"2026-09-03 09:10:50.261+00",0.00031107,15.732579,0.00043383,0.0002703,347.77463,351.41165,6727.73,"spacetrack"
45564,"2026-09-04 12:37:21.029+00",0.0003052,15.733622,0.00042743,0.0002908,347.33942,351.2521,6727.4326,"spacetrack"
45564,"2026-09-05 11:29:21.621+00",0.00032987,15.734518,0.00046449,0.0003007,347.01743,351.06314,6727.1772,"spacetrack"
45564,"2026-09-06 11:52:45.251+00",0.00031394,15.7354355,0.00044342,0.0003089,346.70087,350.85675,6726.916,"spacetrack"
45565,"2026-09-01 06:10:35.927+00",0.00039002,15.808379,0.00077001,0.0007978,322.71967,333.42007,6706.207,"spacetrack"
45565,"2026-09-02 06:27:06.839+00",0.00038572,15.81007,0.00076742,0.0007961,322.25327,332.9301,6705.7285,"spacetrack"
45565,"2026-09-03 06:43:28.755+00",0.00038114,15.811663,0.00076384,0.0008008,321.77176,332.51096,6705.2783,"spacetrack"
45565,"2026-09-04 11:32:43.134+00",0.00035631,15.813584,0.00071966,0.0007977,321.24985,331.9466,6704.7354,"spacetrack"
45565,"2026-09-05 05:44:45.732+00",0.00037063,15.814777,0.00075332,0.0007944,320.935,331.58694,6704.398,"spacetrack"
45565,"2026-09-06 07:31:40.768+00",0.00034858,15.816513,0.00071352,0.0007925,320.45773,331.0834,6703.9077,"spacetrack"
45567,"2026-09-01 14:31:31.115+00",0.00034857,15.784995,0.00061567,0.0005242,331.17233,338.21005,6712.828,"spacetrack"
45567,"2026-09-02 22:26:01.585+00",-0.00039598,15.7853565,-0.00070429,0.000476,331.3937,337.78424,6712.726,"spacetrack"
45567,"2026-09-03 19:42:14.778+00",0.0003756,15.787838,0.00067305,0.0005435,330.23743,337.5334,6712.0225,"spacetrack"
45567,"2026-09-04 21:31:49.29+00",0.00029813,15.789213,0.00053535,0.0005678,329.68484,337.30655,6711.633,"spacetrack"
45567,"2026-09-05 21:50:07.352+00",0.00033587,15.79052,0.00060812,0.0005728,329.28134,336.9698,6711.2627,"spacetrack"
45567,"2026-09-06 20:37:10.068+00",0.00036904,15.791786,0.00067322,0.0005649,328.9756,336.55756,6710.904,"spacetrack"
45573,"2026-09-01 07:57:14.459+00",0.00035554,15.791941,0.00064871,0.0006001,328.69562,336.74997,6710.86,"spacetrack"
45573,"2026-09-02 18:53:08.209+00",0.00035504,15.793992,0.00065396,0.0006182,327.99362,336.2902,6710.279,"spacetrack"
45573,"2026-09-03 11:35:25.543+00",0.00033948,15.794976,0.00062763,0.0006181,327.71567,336.0106,6710,"spacetrack"
45573,"2026-09-04 01:15:26.032+00",0.0003756,15.795791,0.00069834,0.0006266,327.42792,335.8366,6709.769,"spacetrack"
45573,"2026-09-05 21:17:23.951+00",0.00035491,15.798363,0.00066708,0.0006304,326.6748,335.13358,6709.041,"spacetrack"
45573,"2026-09-06 17:01:35.182+00",0.00036474,15.799525,0.00068959,0.0006205,326.41214,334.73767,6708.712,"spacetrack"
45578,"2026-09-01 22:34:04.713+00",0.00035766,15.789219,0.00064432,0.0005128,330.05243,336.93588,6711.6313,"spacetrack"
45578,"2026-09-02 22:52:22.576+00",0.00033225,15.790518,0.00060125,0.000474,329.9449,336.30716,6711.263,"spacetrack"
45578,"2026-09-03 21:39:25.418+00",0.00034455,15.791776,0.00062763,0.0005189,329.28745,336.252,6710.9067,"spacetrack"
45578,"2026-09-04 21:57:29.085+00",0.00031132,15.793133,0.00056956,0.0005085,328.97302,335.79764,6710.5225,"spacetrack"
45578,"2026-09-05 22:15:25.459+00",0.00034519,15.794455,0.00063664,0.0005282,328.46652,335.55515,6710.148,"spacetrack"
45578,"2026-09-06 13:26:34.339+00",0.0003436,15.795341,0.00063623,0.0005206,328.26672,335.25305,6709.897,"spacetrack"
45582,"2026-09-01 16:00:02+00",0.00040429,15.91608,0.00131657,0.0007939,292.48236,303.08237,6675.9194,"spacetrack"
45582,"2026-09-02 22:00:03+00",0.00064853,15.919589,0.00217216,0.0007671,291.6813,301.922,6674.9385,"spacetrack"
45582,"2026-09-03 22:00:01.999+00",0.00060136,15.922858,0.00204684,0.0007655,290.7788,300.99673,6674.025,"spacetrack"
45582,"2026-09-04 20:00:01.999+00",0.00062995,15.92584,0.00217979,0.0007528,290.03116,300.07834,6673.192,"spacetrack"
45582,"2026-09-05 22:00:03+00",0.00051285,15.9294405,0.00180228,0.0007269,289.19928,298.8993,6672.1865,"spacetrack"
45582,"2026-09-06 22:00:01.999+00",0.00057423,15.932781,0.00205851,0.0007209,288.3072,297.9258,6671.2534,"spacetrack"
45586,"2026-09-01 10:01:39.021+00",0.00039553,15.795339,0.00073444,0.000582,327.8553,335.6656,6709.8975,"spacetrack"
45586,"2026-09-02 22:28:10.741+00",0.00037565,15.797629,0.00070413,0.0005214,327.61343,334.60983,6709.2485,"spacetrack"
45586,"2026-09-03 09:05:51.44+00",0.00040457,15.798378,0.00076213,0.000573,327.05557,334.74414,6709.0366,"spacetrack"
45586,"2026-09-04 13:56:33.59+00",0.00037431,15.800176,0.00071008,0.0005895,326.4361,334.34546,6708.528,"spacetrack"
45586,"2026-09-05 08:09:31.937+00",0.0003654,15.801292,0.00069642,0.0005712,326.24323,333.90668,6708.212,"spacetrack"
45586,"2026-09-06 06:55:38.124+00",0.00035343,15.802765,0.00067781,0.0005708,325.8294,333.48703,6707.7954,"spacetrack"
45589,"2026-09-01 12:17:09.778+00",0.00035021,15.80205,0.00066892,0.0003803,327.30954,332.41165,6707.9976,"spacetrack"
45589,"2026-09-02 18:38:31.546+00",0.00034183,15.80386,0.00065816,0.0003994,326.66934,332.02728,6707.4854,"spacetrack"
45589,"2026-09-03 11:20:11.251+00",0.00033225,15.804858,0.00064237,0.0004038,326.35733,331.77408,6707.2026,"spacetrack"
45589,"2026-09-04 00:59:40.892+00",0.00036525,15.805687,0.00071015,0.0004062,326.1069,331.55566,6706.9683,"spacetrack"
45589,"2026-09-05 10:22:42.667+00",0.00034027,15.807686,0.00066691,0.0004041,325.5558,330.9759,6706.403,"spacetrack"
45590,"2026-09-01 21:33:22.416+00",0.00029835,15.734666,0.00041956,0.0003196,346.8481,351.1481,6727.1353,"spacetrack"
45590,"2026-09-02 11:16:32.036+00",0.0003243,15.735247,0.00045798,0.0003415,346.5354,351.1299,6726.9697,"spacetrack"
45590,"2026-09-03 13:11:18.539+00",0.00030919,15.736288,0.00043822,0.0003566,346.13724,350.93472,6726.673,"spacetrack"
45590,"2026-09-04 13:34:32.092+00",0.00031541,15.737245,0.0004491,0.0003697,345.77664,350.75015,6726.4004,"spacetrack"
45590,"2026-09-05 09:23:20.457+00",0.00029658,15.738,0.00042318,0.0003819,345.47943,350.61688,6726.185,"spacetrack"
45590,"2026-09-06 12:49:17.054+00",0.00031537,15.739079,0.00045267,0.0003915,345.10748,350.37384,6725.8774,"spacetrack"
45665,"2026-09-01 16:00:02+00",0.00021277,15.877467,0.00058061,0.0007894,303.32333,313.88034,6686.739,"spacetrack"
45665,"2026-09-02 22:00:03+00",0.00048339,15.880315,0.00135974,0.0007614,302.71185,312.8932,6685.9395,"spacetrack"
45665,"2026-09-03 22:00:01.999+00",0.00074496,15.8826885,0.00214351,0.0007638,302.02994,312.24234,6685.273,"spacetrack"
45665,"2026-09-04 20:00:01.999+00",0.00046848,15.885312,0.0013508,0.0007619,301.30716,311.49307,6684.537,"spacetrack"
45665,"2026-09-05 22:00:03+00",0.00068031,15.887905,0.0020053,0.0007467,300.682,310.6636,6683.8096,"spacetrack"
45665,"2026-09-06 22:00:01.999+00",0.00062608,15.890653,0.00186749,0.0007338,299.9984,309.80646,6683.0396,"spacetrack"
45670,"2026-09-01 16:00:02+00",0.00058231,15.9092655,0.00184533,0.0008625,293.9291,305.44836,6677.8257,"spacetrack"
45670,"2026-09-02 22:00:03+00",0.00068861,15.913908,0.00224189,0.0008435,292.75836,304.02167,6676.527,"spacetrack"
45670,"2026-09-03 22:00:01.999+00",0.00058778,15.917745,0.00194734,0.0008265,291.7998,302.83432,6675.454,"spacetrack"
45670,"2026-09-04 20:00:01.999+00",0.00066138,15.920968,0.00223275,0.000806,291.03647,301.79587,6674.553,"spacetrack"
45670,"2026-09-05 22:00:03+00",0.00059694,15.925373,0.00205926,0.0007889,289.9206,300.44977,6673.3223,"spacetrack"
45670,"2026-09-06 22:00:01.999+00",0.00058176,15.929394,0.00204916,0.0007661,288.95062,299.17377,6672.199,"spacetrack"
45671,"2026-09-01 16:00:02+00",0.00016805,15.856554,0.00041099,0.0007572,309.41235,319.54764,6692.617,"spacetrack"
45671,"2026-09-02 22:00:03+00",0.00051294,15.859075,0.00129869,0.000727,308.90564,318.63568,6691.9077,"spacetrack"
45671,"2026-09-03 08:00:02+00",0.00035301,15.860357,0.00089297,0.0007444,308.42883,318.3912,6691.547,"spacetrack"
45671,"2026-09-04 00:10:32.878+00",0.00046448,15.861727,0.00118923,0.0007443,308.04446,318.0049,6691.1616,"spacetrack"
45671,"2026-09-05 09:26:24.737+00",0.0004319,15.865029,0.00112234,0.0007256,307.2418,316.95065,6690.2334,"spacetrack"
45671,"2026-09-06 00:33:28.041+00",0.00055595,15.867063,0.00146714,0.0007269,306.66193,316.38736,6689.6616,"spacetrack"
45673,"2026-09-01 11:32:59.697+00",0.00038305,15.786796,0.00068361,0.0006382,329.89706,338.46466,6712.318,"spacetrack"
45673,"2026-09-02 05:46:53.646+00",0.00036947,15.787955,0.00066248,0.0006449,329.5236,338.18073,6711.9893,"spacetrack"
45673,"2026-09-03 10:38:44.58+00",0.00037282,15.789682,0.00067389,0.0006403,329.0654,337.66016,6711.5,"spacetrack"
45673,"2026-09-04 17:01:32.12+00",0.00037135,15.791506,0.00067685,0.0006477,328.49936,337.19275,6710.983,"spacetrack"
45673,"2026-09-05 09:43:58.872+00",0.00037036,15.792524,0.00067818,0.0006411,328.25522,336.85968,6710.6943,"spacetrack"
45673,"2026-09-06 16:06:26.66+00",0.00038202,15.794359,0.00070588,0.0006446,327.7124,336.36316,6710.175,"spacetrack"
45675,"2026-09-01 14:07:01.986+00",0.00043954,15.742962,0.00064626,0.0006977,341.9429,351.32666,6724.772,"spacetrack"
45675,"2026-09-02 06:52:33.794+00",0.00037914,15.743944,0.00055808,0.0005419,342.71088,349.99887,6724.4917,"spacetrack"
45675,"2026-09-03 13:20:40.605+00",0.00035292,15.745398,0.00052198,0.0004411,342.97516,348.90714,6724.078,"spacetrack"
45675,"2026-09-04 10:40:14.881+00",0.00039342,15.746591,0.00058626,0.0005421,341.9565,349.2464,6723.7383,"spacetrack"
45675,"2026-09-05 12:33:53.555+00",0.00037228,15.747968,0.00055748,0.0004824,341.96613,348.45282,6723.3467,"spacetrack"
45675,"2026-09-06 11:24:38.47+00",0.00079435,15.750178,0.00121769,0.0004184,341.76764,347.3932,6722.7173,"spacetrack"
45679,"2026-09-01 18:08:33.801+00",0.00037494,15.764505,0.00060447,0.0005421,336.86438,344.14874,6718.6436,"spacetrack"
45679,"2026-09-02 23:02:51.083+00",0.00034282,15.7676115,0.00055951,0.0005401,335.99594,343.25247,6717.761,"spacetrack"
45679,"2026-09-03 09:41:46.678+00",0.00033933,15.76779,0.00055419,0.0005626,335.7942,343.35297,6717.7104,"spacetrack"
45679,"2026-09-04 23:43:25.785+00",0.00031378,15.769666,0.00051605,0.0005685,335.2223,342.8597,6717.178,"spacetrack"
45679,"2026-09-05 16:27:16.222+00",0.00038293,15.77052,0.00063454,0.0005666,334.9925,342.60413,6716.935,"spacetrack"
45679,"2026-09-06 10:42:18.418+00",0.00033899,15.771457,0.00056283,0.0005629,334.7516,342.3132,6716.6694,"spacetrack"
45685,"2026-09-01 07:23:59.845+00",0.00034859,15.723914,0.00046951,0.0005194,348.5687,355.56003,6730.201,"spacetrack"
45685,"2026-09-02 06:16:51.048+00",0.00033265,15.72491,0.00044958,0.0005232,348.25922,355.3014,6729.9175,"spacetrack"
45685,"2026-09-03 06:41:08.216+00",0.00033009,15.725878,0.00044792,0.0005228,347.98602,355.02252,6729.641,"spacetrack"
45685,"2026-09-04 13:11:21.976+00",0.00033303,15.727098,0.00045439,0.0005342,347.56116,354.75073,6729.293,"spacetrack"
45685,"2026-09-05 05:57:55.892+00",0.00032756,15.727761,0.00044808,0.0005419,347.32053,354.61353,6729.104,"spacetrack"
45685,"2026-09-06 15:30:55.87+00",0.00033688,15.729131,0.00046379,0.0005242,347.04916,354.10355,6728.7134,"spacetrack"
45695,"2026-09-01 14:00:02+00",0.0002895,15.829734,0.00062859,0.0007236,317.1889,326.8854,6700.1743,"spacetrack"
45695,"2026-09-02 22:00:03+00",0.00044332,15.831743,0.00097954,0.0007037,316.7558,326.1848,6699.6074,"spacetrack"
45695,"2026-09-03 22:03:33.659+00",0.0004193,15.833553,0.00093351,0.0006914,316.3281,325.59158,6699.0967,"spacetrack"
45695,"2026-09-04 05:38:00.722+00",0.00041943,15.834201,0.00093674,0.0006936,316.1306,325.42334,6698.914,"spacetrack"
45695,"2026-09-05 07:23:01.2+00",0.00039154,15.83619,0.00088173,0.0006963,315.55197,324.8801,6698.353,"spacetrack"
45697,"2026-09-01 23:58:53.631+00",0.00036554,15.756187,0.00056773,0.0006247,338.67245,347.06967,6721.008,"spacetrack"
45697,"2026-09-02 22:48:55.617+00",0.00033304,15.757302,0.00051893,0.0006206,338.38327,346.725,6720.691,"spacetrack"
45697,"2026-09-03 07:56:54.781+00",0.00033211,15.757745,0.00051846,0.0006143,338.29987,346.55673,6720.5654,"spacetrack"
45697,"2026-09-04 08:18:08.295+00",0.0003534,15.758901,0.00055517,0.0006116,337.98953,346.20972,6720.237,"spacetrack"
45697,"2026-09-05 07:07:56.28+00",0.00032056,15.759963,0.00050504,0.0006105,337.69513,345.90015,6719.9346,"spacetrack"
45697,"2026-09-06 15:05:30.065+00",0.00034908,15.761483,0.00055461,0.0006093,337.2713,345.4597,6719.5024,"spacetrack"
45700,"2026-09-01 23:11:48.404+00",0.00040464,15.827208,0.00087306,0.0006205,318.59235,326.90814,6700.887,"spacetrack"
45700,"2026-09-02 23:26:34.99+00",0.00037347,15.828981,0.00081142,0.0006154,318.1263,326.37317,6700.3867,"spacetrack"
45700,"2026-09-03 20:39:22.795+00",0.00040921,15.830521,0.00089716,0.0006099,317.72894,325.90155,6699.952,"spacetrack"
45700,"2026-09-04 22:24:43.392+00",0.00035012,15.832837,0.00077393,0.0006098,317.07648,325.24695,6699.299,"spacetrack"
45700,"2026-09-05 22:38:58.974+00",0.00038375,15.834624,0.00085702,0.0006037,316.61368,324.7018,6698.795,"spacetrack"
45700,"2026-09-06 21:22:11.919+00",0.00040822,15.836364,0.00092037,0.0005956,316.17758,324.1566,6698.304,"spacetrack"
45703,"2026-09-01 14:00:02+00",0.00053197,15.927507,0.00184742,0.0002796,292.72333,296.4547,6672.726,"spacetrack"
45703,"2026-09-02 22:00:03+00",0.00050548,15.932458,0.00180069,0.0002526,291.52167,294.89203,6671.3438,"spacetrack"
45703,"2026-09-03 22:00:01.999+00",0.00043915,15.936,0.00158987,0.0002215,290.74078,293.69574,6670.3555,"spacetrack"
45703,"2026-09-04 20:00:01.999+00",0.00040882,15.939618,0.00150681,0.000178,290.0216,292.3959,6669.3457,"spacetrack"
45703,"2026-09-05 22:00:03+00",0.00036402,15.943375,0.00136557,0.0001581,289.10687,291.2154,6668.2983,"spacetrack"
45703,"2026-09-06 22:00:01.999+00",0.0004564,15.947154,0.00175673,0.0001203,288.30548,289.90964,6667.2446,"spacetrack"
45710,"2026-09-01 14:00:02+00",0.00030904,15.803942,0.00059513,0.0008238,323.79953,334.85074,6707.462,"spacetrack"
45710,"2026-09-02 22:00:03+00",0.00013883,15.806036,0.00026498,0.0008005,323.36383,334.10153,6706.8696,"spacetrack"
45710,"2026-09-03 08:02:04.188+00",0.00038059,15.806449,0.00074439,0.0008156,323.14566,334.08572,6706.753,"spacetrack"
45710,"2026-09-04 11:20:50.783+00",0.00037473,15.808235,0.00073877,0.0007953,322.77713,333.4441,6706.2476,"spacetrack"
45710,"2026-09-05 14:39:25.934+00",0.00042118,15.810075,0.00083927,0.0007838,322.3344,332.8463,6705.7275,"spacetrack"
45710,"2026-09-06 14:55:47.676+00",0.00039375,15.8117,0.00078965,0.0007818,321.88858,332.37296,6705.2676,"spacetrack"
45711,"2026-09-01 14:00:02+00",0.00052616,15.89433,0.00153841,0.00076,298.79324,308.94992,6682.009,"spacetrack"
45711,"2026-09-02 22:00:03+00",0.00061518,15.897382,0.00183286,0.00074,298.07217,307.9603,6681.1533,"spacetrack"
45711,"2026-09-03 22:00:01.999+00",0.00060179,15.900158,0.00181805,0.0007324,297.3459,307.1313,6680.3755,"spacetrack"
45711,"2026-09-04 20:00:01.999+00",0.00067589,15.902789,0.00207389,0.0007106,296.7551,306.2482,6679.6387,"spacetrack"
45711,"2026-09-05 22:00:03+00",0.00059822,15.906224,0.00186457,0.000702,295.8515,305.22836,6678.677,"spacetrack"
45711,"2026-09-06 22:00:01.999+00",0.00033465,15.909638,0.00104643,0.000685,295.01035,304.1588,6677.7217,"spacetrack"
45731,"2026-09-01 17:36:14.002+00",0.00042895,15.800107,0.00081471,0.0001426,329.45364,331.36694,6708.5474,"spacetrack"
45731,"2026-09-02 05:44:53.477+00",0.0004168,15.800925,0.00079423,0.0001579,329.11942,331.2379,6708.3154,"spacetrack"
45731,"2026-09-03 02:59:57.055+00",0.00040125,15.802398,0.0007693,0.0001261,328.91617,330.6079,6707.899,"spacetrack"
45731,"2026-09-04 21:29:42.873+00",0.00037187,15.805334,0.00072177,9.59e-05,328.28796,329.57437,6707.0684,"spacetrack"
45731,"2026-09-05 15:42:19.628+00",0.00038506,15.806582,0.00075221,7.2e-05,328.09506,329.06082,6706.715,"spacetrack"
45731,"2026-09-06 17:30:02.651+00",0.0004119,15.808385,0.00081245,5.94e-05,327.66992,328.4666,6706.205,"spacetrack"
45741,"2026-09-01 19:06:38.952+00",0.00043362,15.746601,0.00064688,0.0001793,344.39307,346.8042,6723.736,"spacetrack"
45741,"2026-09-02 19:28:54.318+00",0.00040348,15.74786,0.00060451,0.0002073,343.8465,346.634,6723.3774,"spacetrack"
45741,"2026-09-03 22:53:48.164+00",0.0003954,15.749278,0.00059589,0.0002149,343.39197,346.2815,6722.9736,"spacetrack"
45741,"2026-09-04 21:44:26.328+00",0.0003246,15.750459,0.00049005,0.0003373,342.23325,346.7683,6722.6377,"spacetrack"
45741,"2026-09-05 11:26:46.455+00",0.00034668,15.751041,0.00052536,0.0003136,342.22678,346.4431,6722.472,"spacetrack"
45741,"2026-09-06 17:54:02.994+00",0.0003841,15.752646,0.00058728,0.000271,342.05655,345.69986,6722.015,"spacetrack"
45755,"2026-09-01 17:50:44.363+00",0.00049857,15.842327,0.00116025,0.0002043,317.11804,319.85428,6696.623,"spacetrack"
45755,"2026-09-02 19:34:56.058+00",0.00043328,15.844725,0.00101729,0.0001692,316.6777,318.94363,6695.9478,"spacetrack"
45755,"2026-09-03 19:48:05.017+00",0.00046108,15.846931,0.00109559,0.0001825,315.967,318.41083,6695.3257,"spacetrack"
45755,"2026-09-04 12:27:00.65+00",0.0004196,15.848261,0.00100173,0.0002429,315.1884,318.4408,6694.9517,"spacetrack"
45755,"2026-09-05 15:41:24.181+00",0.0004326,15.850895,0.00104674,0.0002139,314.64093,317.50473,6694.21,"spacetrack"
45755,"2026-09-06 20:26:19.653+00",0.0004521,15.853501,0.00110896,0.0002387,313.74124,316.9367,6693.476,"spacetrack"
45759,"2026-09-01 22:28:25.422+00",0.00039139,15.744717,0.00057806,0.0002837,344.22733,348.04266,6724.272,"spacetrack"
45759,"2026-09-02 19:48:03.35+00",0.00038425,15.745818,0.00057009,0.0002911,343.864,347.7787,6723.9585,"spacetrack"
45759,"2026-09-03 23:13:10.447+00",0.00031882,15.7469635,0.00047377,0.000311,343.40436,347.58646,6723.6323,"spacetrack"
45759,"2026-09-04 22:03:58.289+00",0.00037023,15.7484665,0.00055539,0.0003287,342.85782,347.27765,6723.2046,"spacetrack"
45759,"2026-09-05 22:26:03.172+00",0.00044392,15.749773,0.00067199,0.0003517,342.33136,347.0602,6722.833,"spacetrack"
45759,"2026-09-06 19:45:16.655+00",0.00041407,15.750833,0.000629,0.0003678,341.92172,346.86682,6722.5312,"spacetrack"
45764,"2026-09-01 19:00:30.038+00",0.00045565,15.737533,0.00065384,0.0002088,346.77692,349.58585,6726.3184,"spacetrack"
45764,"2026-09-02 20:55:02.152+00",0.00038212,15.738894,0.00054986,0.0001865,346.5388,349.04755,6725.93,"spacetrack"
45764,"2026-09-03 12:09:24.418+00",0.00039594,15.739641,0.00057198,0.0001748,346.40482,348.7561,6725.7173,"spacetrack"
45764,"2026-09-04 20:09:26.031+00",0.00036305,15.741346,0.00052756,0.0001606,346.01468,348.1748,6725.232,"spacetrack"
45764,"2026-09-05 22:03:36.62+00",0.00053685,15.742445,0.00078935,0.0001584,345.71667,347.8471,6724.919,"spacetrack"
45764,"2026-09-06 16:20:34.478+00",0.00039712,15.743575,0.00058368,0.0001096,345.72305,347.19708,6724.597,"spacetrack"
45780,"2026-09-01 19:36:45.016+00",0.00048957,15.817798,0.00101265,0.0002008,324.06146,326.7536,6703.5444,"spacetrack"
45780,"2026-09-02 15:19:28.043+00",0.00044846,15.819407,0.00093316,0.0001918,323.66705,326.23837,6703.09,"spacetrack"
45780,"2026-09-03 15:34:57.226+00",0.00047158,15.821389,0.00099146,0.0001861,323.14554,325.64023,6702.53,"spacetrack"
45780,"2026-09-04 18:52:09.595+00",0.00043348,15.823595,0.00091947,0.0001615,322.68765,324.8524,6701.907,"spacetrack"
45780,"2026-09-05 14:34:26.416+00",0.00056489,15.825363,0.00121457,0.0001942,321.96957,324.57242,6701.408,"spacetrack"
45780,"2026-09-06 13:18:28.124+00",0.00050217,15.826964,0.00108545,0.0001753,321.64426,323.9936,6700.956,"spacetrack"
46141,"2026-09-01 21:04:54.653+00",0.00056587,15.736103,0.00081001,0.0001196,347.78403,349.39307,6726.7256,"spacetrack"
46141,"2026-09-02 22:59:31.772+00",0.00067078,15.738517,0.00097331,9.25e-05,347.2786,348.52292,6726.0376,"spacetrack"
46141,"2026-09-04 00:53:54.016+00",0.00077727,15.741146,0.00114406,7.27e-05,346.663,347.64087,6725.289,"spacetrack"
46141,"2026-09-05 19:33:36.555+00",0.00049329,15.743863,0.00072874,8.1e-06,346.3237,346.43262,6724.515,"spacetrack"
46141,"2026-09-06 22:00:01.999+00",0.00039325,15.745817,0.00058361,5.08e-05,345.48004,346.16318,6723.9585,"spacetrack"
46159,"2026-09-01 22:23:47.099+00",0.00087514,16.196089,0.01691905,0.0007058,215.95656,225.27135,6598.751,"spacetrack"
46159,"2026-09-02 23:32:20.527+00",0.00096985,16.244179,0.02775707,0.0008414,202.04295,213.12541,6585.721,"spacetrack"
46159,"2026-09-03 21:38:28.992+00",0.00074692,16.318922,0.04271465,0.0010226,180.7458,194.17377,6565.5967,"spacetrack"
46159,"2026-09-04 13:45:13.347+00",0.0002903,16.457294,0.13201629,0.0010998,143.42555,157.78618,6528.7427,"spacetrack"
46160,"2026-09-01 22:59:03.288+00",0.00076555,16.020077,0.00449323,0.0005126,265.4523,272.26678,6646.9966,"spacetrack"
46160,"2026-09-02 21:26:11.543+00",0.00070545,16.028465,0.00435142,0.0005442,262.92404,270.1561,6644.6772,"spacetrack"
46160,"2026-09-03 15:23:23.114+00",0.00070274,16.035416,0.00451984,0.0005555,260.9298,268.3099,6642.757,"spacetrack"
46160,"2026-09-04 16:48:34.529+00",0.00076458,16.046076,0.00524904,0.0005839,257.80048,265.55444,6639.8145,"spacetrack"
46160,"2026-09-05 12:14:12.343+00",0.00086344,16.054867,0.00625662,0.0005825,255.38698,263.11954,6637.39,"spacetrack"
46160,"2026-09-06 15:06:54.814+00",0.00072212,16.06904,0.00571656,0.0006001,251.36911,259.33063,6633.487,"spacetrack"
46173,"2026-09-01 17:43:05.226+00",0.00089546,16.348228,0.06878405,0.0007971,174.38377,184.83813,6557.748,"spacetrack"
46173,"2026-09-02 02:29:53.901+00",0.00042184,16.437244,0.11314874,0.0006994,151.34383,160.48364,6534.051,"spacetrack"
46174,"2026-09-01 14:00:02+00",0.00094893,15.809182,0.00191352,0.0005418,324.2096,331.4762,6705.98,"spacetrack"
46174,"2026-09-02 22:00:03+00",0.00027946,15.814033,0.00056234,0.0005101,323.0514,329.89145,6704.6084,"spacetrack"
46174,"2026-09-03 22:00:01.999+00",0.00066561,15.817078,0.00138143,0.0004995,322.26245,328.9595,6703.748,"spacetrack"
46174,"2026-09-04 20:00:01.999+00",0.00052103,15.820041,0.00109113,0.0004775,321.57327,327.97455,6702.911,"spacetrack"
46174,"2026-09-05 22:00:03+00",0.00021367,15.823082,0.00044627,0.0004658,320.79315,327.03677,6702.052,"spacetrack"
46174,"2026-09-06 22:00:01.999+00",0.00042693,15.825514,0.00091406,0.0004364,320.30377,326.15274,6701.365,"spacetrack"
46278,"2026-09-01 22:28:33.22+00",0.00052346,15.796272,0.00095909,5.51e-05,331.1263,331.86572,6709.633,"spacetrack"
46278,"2026-09-02 22:48:01.232+00",0.00049304,15.798224,0.00091077,6.18e-05,330.5287,331.3579,6709.08,"spacetrack"
46278,"2026-09-03 23:07:18.406+00",0.00057132,15.800235,0.00106718,6.07e-05,329.96707,330.78146,6708.511,"spacetrack"
46278,"2026-09-04 21:55:13.064+00",0.0018064,15.802127,0.00350415,7.97e-05,329.30392,330.37317,6707.9756,"spacetrack"
46278,"2026-09-05 22:14:08.637+00",0.00049521,15.804119,0.00093991,9.46e-05,328.64032,329.90936,6707.4116,"spacetrack"
46278,"2026-09-06 19:30:33.091+00",0.00048894,15.8058605,0.00093534,0.0001001,328.11084,329.45355,6706.9194,"spacetrack"
46320,"2026-09-01 23:15:54.9+00",0.00053401,15.810234,0.00104363,0.0001507,326.53464,328.55573,6705.682,"spacetrack"
46320,"2026-09-02 23:34:04.853+00",0.00050599,15.812418,0.00099823,0.0001486,325.9315,327.92426,6705.065,"spacetrack"
46320,"2026-09-03 22:20:55.7+00",0.00057215,15.81454,0.00114186,0.000146,325.34937,327.30707,6704.4653,"spacetrack"
46320,"2026-09-04 15:03:10.082+00",0.00051054,15.816021,0.00102434,0.0001426,324.95352,326.8655,6704.0464,"spacetrack"
46320,"2026-09-06 20:11:27.36+00",0.00053095,15.821031,0.0010911,0.0001614,323.41254,325.57617,6702.6313,"spacetrack"
46353,"2026-09-01 14:00:02+00",0.00079185,15.983126,0.00376326,0.0008196,273.64386,284.5564,6657.2373,"spacetrack"
46353,"2026-09-02 22:00:03+00",0.00077934,15.99359,0.00392842,0.0007545,271.17517,281.21655,6654.333,"spacetrack"
46353,"2026-09-03 22:00:01.999+00",0.00080361,16.00209,0.00425334,0.0007167,269.07202,278.60696,6651.9766,"spacetrack"
46353,"2026-09-04 20:42:06.663+00",0.00078493,16.010286,0.00435511,0.0006753,267.07864,276.05975,6649.706,"spacetrack"
46353,"2026-09-05 22:09:44.508+00",0.00076595,16.020092,0.00449983,0.0006313,264.65878,273.05127,6646.992,"spacetrack"
46353,"2026-09-06 23:36:15.827+00",0.0015691,16.036648,0.01013136,0.0004528,261.27182,267.2872,6642.4165,"spacetrack"
46375,"2026-09-01 14:00:02+00",0.00072749,15.966068,0.00313381,0.00056,280.11008,287.5715,6661.978,"spacetrack"
46375,"2026-09-02 22:00:03+00",0.00070105,15.975592,0.00318321,0.000542,277.5836,284.8023,6659.33,"spacetrack"
46375,"2026-09-03 22:00:01.999+00",0.0006859,15.982174,0.00323156,0.0005483,275.7143,283.01492,6657.5015,"spacetrack"
46375,"2026-09-04 20:00:01.999+00",0.00074166,15.988844,0.00363221,0.000574,273.69247,281.33316,6655.65,"spacetrack"
46375,"2026-09-05 22:00:03+00",0.00072875,15.996697,0.00373289,0.0005855,271.43878,279.23,6653.471,"spacetrack"
46375,"2026-09-06 23:51:31.671+00",0.00072337,16.00496,0.00388678,0.0005999,269.05435,277.03442,6651.181,"spacetrack"
46383,"2026-09-01 20:21:38.037+00",0.0005753,16.073,0.00466258,0.0004657,251.17154,257.34894,6632.3975,"spacetrack"
46383,"2026-09-02 23:12:45.341+00",0.00054315,16.083757,0.00471561,0.0004896,248.0572,254.54875,6629.44,"spacetrack"
46383,"2026-09-03 23:03:56.655+00",0.00055465,16.09374,0.00513908,0.0005116,245.17072,251.95114,6626.6978,"spacetrack"
46383,"2026-09-04 12:28:35.258+00",0.00052506,16.099585,0.00505475,0.0005152,243.54414,250.37065,6625.094,"spacetrack"
46383,"2026-09-05 12:18:19.098+00",0.00055089,16.11061,0.00570829,0.0005495,240.29561,247.57326,6622.0713,"spacetrack"
46383,"2026-09-06 16:34:48.055+00",0.00054572,16.12483,0.00622877,0.0006155,235.96683,244.11382,6618.1772,"spacetrack"
46384,"2026-09-01 04:05:40.342+00",0.00038405,15.720106,0.00050975,0.000492,349.83942,356.463,6731.288,"spacetrack"
46384,"2026-09-02 21:17:20.291+00",0.00032988,15.721959,0.00044012,0.0005095,349.19302,356.05167,6730.7593,"spacetrack"
46384,"2026-09-03 14:04:13.591+00",0.00037897,15.722749,0.00050861,0.0004759,349.1939,355.60004,6730.534,"spacetrack"
46384,"2026-09-04 09:54:07.67+00",0.00037673,15.723621,0.00050748,0.0004905,348.84692,355.44934,6730.285,"spacetrack"
46384,"2026-09-05 13:21:34.382+00",0.00040101,15.724801,0.00054355,0.0004852,348.54593,355.07666,6729.948,"spacetrack"
46384,"2026-09-06 19:51:55.293+00",0.00039454,15.726133,0.0005377,0.0004798,348.2025,354.6602,6729.5684,"spacetrack"
46457,"2026-09-01 21:27:47.161+00",0.00055257,15.746064,0.00081163,0.0008266,340.1933,351.30923,6723.888,"spacetrack"
46457,"2026-09-02 21:51:54.795+00",0.00048854,15.747746,0.00072196,0.0008386,339.63416,350.91064,6723.409,"spacetrack"
46457,"2026-09-03 17:41:24.306+00",0.00049107,15.749058,0.00072989,0.0008377,339.2675,350.53128,6723.0366,"spacetrack"
46457,"2026-09-04 21:08:13.319+00",0.00049157,15.750984,0.00073687,0.0008536,338.61276,350.0894,6722.4883,"spacetrack"
46457,"2026-09-05 16:57:28.14+00",0.00023536,15.75218,0.00035243,0.0008715,338.1525,349.8692,6722.148,"spacetrack"
46457,"2026-09-06 15:49:32.622+00",0.00014598,15.753889,0.00021936,0.0008491,337.8175,349.2322,6721.6616,"spacetrack"
46459,"2026-09-01 21:24:56.275+00",0.00080464,15.941427,0.00295914,0.0006041,286.67557,294.73285,6668.8413,"spacetrack"
46459,"2026-09-02 21:30:56.389+00",0.00077318,15.9474535,0.00293497,0.0005666,285.24643,292.80167,6667.161,"spacetrack"
46459,"2026-09-03 21:36:23.69+00",0.00079473,15.953577,0.00311665,0.0005397,283.7204,290.91507,6665.4546,"spacetrack"
46459,"2026-09-04 18:40:42.055+00",0.00078489,15.959192,0.00317174,0.0005061,282.3817,289.1269,6663.891,"spacetrack"
46459,"2026-09-05 23:15:50.359+00",0.00074952,15.966815,0.00315575,0.0004696,280.50485,286.76157,6661.77,"spacetrack"
46459,"2026-09-06 20:19:04.829+00",0.00078021,15.972828,0.00339424,0.0004406,279.0268,284.89566,6660.098,"spacetrack"
46460,"2026-09-01 21:21:49.035+00",0.00066981,15.833896,0.00146839,0.0003113,318.77765,322.94846,6699,"spacetrack"
46460,"2026-09-02 21:37:46.177+00",0.00059644,15.836844,0.00132337,0.0002786,318.16544,321.89764,6698.1685,"spacetrack"
46460,"2026-09-03 14:18:34.886+00",0.00060629,15.838833,0.00135839,0.0002651,317.6956,321.24664,6697.608,"spacetrack"
46460,"2026-09-04 22:08:52.228+00",0.00055629,15.842645,0.00126752,0.0002415,316.77948,320.01392,6696.5337,"spacetrack"
46460,"2026-09-05 22:24:01.394+00",0.0005999,15.845567,0.0013879,0.0002207,316.0956,319.0511,6695.7104,"spacetrack"
46460,"2026-09-06 18:06:07.982+00",0.0006149,15.848026,0.00144019,0.000203,315.52142,318.23962,6695.0176,"spacetrack"
46537,"2026-09-01 14:00:02+00",0.00059031,15.863743,0.00153405,0.0006961,307.8005,317.11514,6690.5947,"spacetrack"
46537,"2026-09-02 22:00:03+00",0.00041075,15.868824,0.00108683,0.0007457,306.04144,316.01767,6689.1665,"spacetrack"
46537,"2026-09-03 22:00:01.999+00",0.00044571,15.872379,0.00120261,0.0007687,304.8896,315.172,6688.168,"spacetrack"
46537,"2026-09-04 20:00:01.999+00",0.0004949,15.875859,0.00136225,0.0008096,303.63922,314.46713,6687.19,"spacetrack"
46537,"2026-09-05 22:00:03+00",0.00039709,15.879601,0.00110899,0.000831,302.44662,313.559,6686.1396,"spacetrack"
46537,"2026-09-06 22:00:01.999+00",0.00058875,15.882976,0.0016871,0.0008489,301.3805,312.73062,6685.1924,"spacetrack"
46556,"2026-09-01 14:52:40.295+00",0.00072876,16.385508,0.08582462,0.0009788,163.25131,176.06927,6547.7974,"spacetrack"
46562,"2026-09-01 14:41:44.94+00",0.00089824,16.136242,0.01114324,0.0013649,227.89088,245.94867,6615.0566,"spacetrack"
46562,"2026-09-02 21:52:50.098+00",0.00090293,16.169073,0.01440812,0.001321,219.2357,236.68901,6606.099,"spacetrack"
46562,"2026-09-03 14:11:18.702+00",0.00083332,16.188936,0.01541097,0.0012284,214.44939,230.66597,6600.695,"spacetrack"
46562,"2026-09-04 21:15:18.689+00",0.00092129,16.242327,0.02608867,0.0010489,201.17632,214.99289,6586.2217,"spacetrack"
46562,"2026-09-05 14:57:13.577+00",0.000898,16.288204,0.03798529,0.0008416,190.17917,201.24428,6573.8486,"spacetrack"
46562,"2026-09-06 12:57:39.352+00",0.00041835,16.438894,0.10544702,0.0003463,153.21385,157.73903,6533.6133,"spacetrack"
46563,"2026-09-01 14:00:02+00",0.00039987,15.767208,0.00065285,0.0002441,338.09912,341.37878,6717.876,"spacetrack"
46563,"2026-09-02 22:00:03+00",0.0001579,15.770213,0.00025606,0.0002771,337.02417,340.74673,6717.0225,"spacetrack"
46563,"2026-09-03 15:30:57.067+00",0.00057402,15.771421,0.00096154,0.0003671,336.07666,341.00803,6716.679,"spacetrack"
46563,"2026-09-04 15:50:52.287+00",0.00063524,15.773517,0.00107616,0.0003191,335.80447,340.0907,6716.0845,"spacetrack"
46563,"2026-09-05 14:39:22.046+00",0.00059105,15.77537,0.0010084,0.0003358,335.1664,339.6766,6715.5586,"spacetrack"
46563,"2026-09-06 10:25:15.8+00",0.00052245,15.776993,0.00089593,0.000358,334.557,339.36502,6715.098,"spacetrack"
46685,"2026-09-01 23:00:31.726+00",0.00085744,16.15983,0.01241191,0.0009873,223.95619,237.00557,6608.6177,"spacetrack"
46685,"2026-09-02 13:50:38.344+00",0.000773,16.175966,0.01289597,0.0010457,219.17952,232.9916,6604.2227,"spacetrack"
46685,"2026-09-03 23:53:55.857+00",0.0009126,16.227598,0.0229173,0.0011562,204.44978,219.68898,6590.2065,"spacetrack"
46685,"2026-09-04 05:48:30.977+00",0.00090837,16.24066,0.0254571,0.0011783,200.77408,216.29622,6586.6724,"spacetrack"
46685,"2026-09-05 18:35:05.052+00",0.00064189,16.408947,0.10054222,0.0009309,157.33382,169.5129,6541.5605,"spacetrack"
46698,"2026-09-01 14:00:02+00",0.00059104,15.886055,0.00171718,0.000435,303.2839,309.09927,6684.3286,"spacetrack"
46698,"2026-09-02 22:00:03+00",0.00070243,15.89116,0.00210481,0.0004884,301.49625,308.0241,6682.897,"spacetrack"
46698,"2026-09-03 22:00:01.999+00",0.00090103,15.894878,0.00277447,0.0005366,300.13245,307.3034,6681.855,"spacetrack"
46698,"2026-09-04 22:00:02+00",0.00070934,15.899164,0.00213613,0.0005798,298.64362,306.3905,6680.6543,"spacetrack"
46698,"2026-09-05 22:00:03+00",0.00075346,15.902981,0.00231682,0.0006202,297.3055,305.59088,6679.585,"spacetrack"
46698,"2026-09-06 22:00:01.999+00",0.00074749,15.907107,0.0023486,0.0006702,295.81683,304.76862,6678.4297,"spacetrack"
46705,"2026-09-01 22:48:06.206+00",0.0013905,16.008692,0.00763318,0.0003664,269.57404,274.44727,6650.1475,"spacetrack"
46705,"2026-09-02 19:46:27.208+00",0.00072289,16.014894,0.00411344,0.0004956,266.9981,273.58804,6648.43,"spacetrack"
46705,"2026-09-03 19:43:52.439+00",0.00071039,16.023287,0.00424954,0.0005687,264.1918,271.75107,6646.1084,"spacetrack"
46705,"2026-09-04 22:39:59.278+00",0.0007337,16.034248,0.00468962,0.0006358,260.7188,269.16614,6643.0796,"spacetrack"
46705,"2026-09-05 21:05:34.94+00",0.0013199,16.051762,0.00934522,0.0003447,257.82117,262.39758,6638.2466,"spacetrack"
46705,"2026-09-06 18:00:04.26+00",0.0015575,16.069958,0.01225936,9.13e-05,254.4921,255.70332,6633.235,"spacetrack"
46709,"2026-09-01 14:00:02+00",0.00062691,15.839089,0.00144323,0.0002748,317.55807,321.23904,6697.5356,"spacetrack"
46709,"2026-09-02 22:00:03+00",0.00073188,15.843893,0.00173103,0.0002935,316.07944,320.01007,6696.1816,"spacetrack"
46709,"2026-09-03 22:00:01.999+00",0.00073817,15.847674,0.00177898,0.0003213,314.82852,319.1308,6695.1167,"spacetrack"
46709,"2026-09-04 22:00:02+00",0.00068637,15.851285,0.00168082,0.0003467,313.642,318.2837,6694.0996,"spacetrack"
46709,"2026-09-05 22:00:03+00",0.00069566,15.85507,0.0017364,0.0003868,312.3085,317.48624,6693.034,"spacetrack"
46709,"2026-09-06 22:00:01.999+00",0.00083314,15.85872,0.00212782,0.0004131,311.10602,316.63495,6692.0073,"spacetrack"
46725,"2026-09-01 14:00:02+00",0.00052944,15.866461,0.00138964,0.0003943,309.05594,314.3315,6689.8306,"spacetrack"
46725,"2026-09-02 22:00:03+00",0.0004955,15.870537,0.00132537,0.000378,308.01993,313.07657,6688.685,"spacetrack"
46725,"2026-09-03 22:00:01.999+00",0.00068646,15.873614,0.00187914,0.0004014,306.99927,312.36826,6687.821,"spacetrack"
46725,"2026-09-04 22:00:02+00",0.00045483,15.877053,0.00125501,0.0004272,305.86127,311.57452,6686.855,"spacetrack"
46725,"2026-09-05 22:00:03+00",0.00058588,15.879903,0.00164938,0.0004451,304.942,310.89392,6686.055,"spacetrack"
46725,"2026-09-06 22:00:01.999+00",0.00084961,15.882854,0.0024531,0.0004716,303.93686,310.24237,6685.2266,"spacetrack"
46786,"2026-09-01 14:00:02+00",0.00087696,15.98343,0.00416812,0.0005079,275.63446,282.3968,6657.153,"spacetrack"
46786,"2026-09-02 22:00:03+00",0.00075607,15.994084,0.00381365,0.0004842,272.83698,279.2809,6654.196,"spacetrack"
46786,"2026-09-03 22:00:01.999+00",0.00077183,16.001997,0.00407536,0.0004934,270.5832,277.14737,6652.0024,"spacetrack"
46786,"2026-09-04 20:00:42.458+00",0.00075469,16.010958,0.00419815,0.0005205,267.92197,274.84412,6649.52,"spacetrack"
46786,"2026-09-05 22:58:06.249+00",0.00077032,16.021204,0.00455271,0.0005476,264.90775,272.1872,6646.6846,"spacetrack"
46786,"2026-09-06 19:55:21.161+00",0.00079331,16.02956,0.00492848,0.0005558,262.54462,269.93048,6644.3745,"spacetrack"
46794,"2026-09-01 14:00:02+00",0.00075922,15.973391,0.00340774,0.000551,278.13525,285.4745,6659.942,"spacetrack"
46794,"2026-09-02 22:00:03+00",0.00080368,15.983566,0.00382076,0.0005181,275.52872,282.42682,6657.1147,"spacetrack"
46794,"2026-09-03 22:00:01.999+00",0.0007569,15.991322,0.00375844,0.000502,273.48453,280.1661,6654.9624,"spacetrack"
46794,"2026-09-04 22:00:02+00",0.00078764,15.9995165,0.00410043,0.0005002,271.2249,277.88028,6652.6895,"spacetrack"
46794,"2026-09-05 22:36:39.557+00",0.00074253,16.008057,0.00406055,0.0005127,268.7767,275.59595,6650.323,"spacetrack"
46794,"2026-09-06 21:04:48.15+00",0.00079873,16.016615,0.00459445,0.0005203,266.35815,273.276,6647.954,"spacetrack"
46955,"2026-09-01 12:20:40.071+00",0.00022901,15.7693205,0.00036885,0.0003199,336.98993,341.28766,6717.276,"spacetrack"
46955,"2026-09-02 12:42:40.183+00",0.00023768,15.770139,0.00038432,0.0003098,336.82556,340.98746,6717.0435,"spacetrack"
46955,"2026-09-03 23:44:10.126+00",0.00024567,15.7712965,0.00039937,0.0002984,336.57346,340.582,6716.715,"spacetrack"
46955,"2026-09-05 12:16:52.341+00",0.00022634,15.7724695,0.00036963,0.0002873,336.31512,340.17435,6716.382,"spacetrack"
46955,"2026-09-06 20:15:21.67+00",0.00023108,15.77344,0.00037904,0.00027,336.1559,339.78262,6716.1064,"spacetrack"
47122,"2026-09-01 14:00:02+00",0.00087175,15.904335,0.00270309,0.000517,297.61578,304.52206,6679.206,"spacetrack"
47122,"2026-09-02 22:00:03+00",0.00045053,15.910435,0.00142517,0.0004831,296.13568,302.5875,6677.4985,"spacetrack"
47122,"2026-09-03 22:00:01.999+00",0.0005955,15.914173,0.00193219,0.0004578,295.2594,301.37238,6676.453,"spacetrack"
47122,"2026-09-04 22:00:02+00",0.00045965,15.918682,0.00151923,0.0004355,294.14795,299.96204,6675.192,"spacetrack"
47122,"2026-09-05 22:00:03+00",0.00065545,15.922575,0.00222613,0.0004142,293.2025,298.73135,6674.104,"spacetrack"
47122,"2026-09-06 22:00:01.999+00",0.00041591,15.927246,0.00143528,0.0003909,292.05377,297.27057,6672.7993,"spacetrack"
47135,"2026-09-01 14:00:02+00",0.00085267,15.988365,0.00416841,0.00057,273.85202,281.43964,6655.7827,"spacetrack"
47135,"2026-09-02 22:00:03+00",0.00070447,15.998684,0.00364831,0.0005579,271.0718,278.49515,6652.9204,"spacetrack"
47135,"2026-09-03 21:32:16.011+00",0.00076229,16.006252,0.00412775,0.0005875,268.77875,276.59344,6650.823,"spacetrack"
47135,"2026-09-04 21:30:28.169+00",0.00068232,16.014296,0.00387069,0.000619,266.3437,274.57465,6648.596,"spacetrack"
47135,"2026-09-05 22:57:44.539+00",0.00069408,16.023428,0.00415697,0.0006356,263.70865,272.15714,6646.07,"spacetrack"
47135,"2026-09-06 19:54:49.651+00",0.00074097,16.031353,0.0046557,0.0006641,261.3299,270.15427,6643.879,"spacetrack"
47143,"2026-09-01 14:00:02+00",0.00057395,15.892042,0.0017176,0.0002738,302.68317,306.3426,6682.65,"spacetrack"
47143,"2026-09-02 22:00:03+00",0.00058561,15.897338,0.00180186,0.0002351,301.45776,304.59924,6681.1655,"spacetrack"
47143,"2026-09-03 22:00:01.999+00",0.00059685,15.901075,0.00187331,0.0002272,300.46396,303.49942,6680.1187,"spacetrack"
47143,"2026-09-04 22:00:02+00",0.00059514,15.905594,0.00184497,0.0002479,299.0607,302.3721,6678.8535,"spacetrack"
47143,"2026-09-05 22:00:03+00",0.00039948,15.909964,0.00125564,0.000256,297.78403,301.20297,6677.6304,"spacetrack"
47143,"2026-09-06 22:00:01.999+00",0.00075579,15.913719,0.00245387,0.0002576,296.72296,300.16275,6676.58,"spacetrack"
47171,"2026-09-01 14:00:02+00",0.00094635,15.924984,0.00327134,0.0005071,291.9099,298.6781,6673.431,"spacetrack"
47171,"2026-09-02 22:00:03+00",0.00068442,15.932201,0.00244885,0.0004786,290.0855,296.47137,6671.4155,"spacetrack"
47171,"2026-09-03 22:00:01.999+00",0.0013989,15.94054,0.00526418,0.0004628,287.86502,294.03793,6669.0884,"spacetrack"
47171,"2026-09-04 22:00:02+00",0.00061156,15.943003,0.0023151,0.0004493,287.2687,293.26093,6668.402,"spacetrack"
47171,"2026-09-05 22:00:03+00",0.00080902,15.948276,0.00316215,0.0004445,285.83157,291.75845,6666.932,"spacetrack"
47171,"2026-09-06 22:00:01.999+00",0.0021796,15.959849,0.00908461,0.0002495,283.9089,287.23407,6663.7085,"spacetrack"
47596,"2026-09-01 14:00:02+00",0.00071155,15.973128,0.00319635,0.0009087,275.82562,287.92953,6660.0146,"spacetrack"
47596,"2026-09-02 22:00:03+00",0.00063707,15.982202,0.0030066,0.0008438,273.7393,284.97446,6657.4937,"spacetrack"
47596,"2026-09-03 22:00:01.999+00",0.00079051,15.988807,0.00387992,0.0008166,272.08823,282.95822,6655.66,"spacetrack"
47596,"2026-09-04 22:00:02+00",0.00063227,15.996391,0.00323343,0.0007623,270.3471,280.49112,6653.556,"spacetrack"
47596,"2026-09-05 21:17:34.984+00",0.0006948,16.003387,0.00370215,0.0007354,268.58823,278.37143,6651.6167,"spacetrack"
47596,"2026-09-06 21:16:03.324+00",0.00072531,16.01135,0.00404831,0.0006974,266.63702,275.91162,6649.411,"spacetrack"
47625,"2026-09-01 14:00:02+00",0.00057372,15.806365,0.00113018,0.000801,323.26736,334.01163,6706.7764,"spacetrack"
47625,"2026-09-02 22:00:03+00",0.00049871,15.809669,0.00099499,0.0007845,322.44452,332.96597,6705.8423,"spacetrack"
47625,"2026-09-03 22:00:01.999+00",0.00042633,15.81219,0.00085826,0.0007958,321.65625,332.32812,6705.1294,"spacetrack"
47625,"2026-09-04 22:00:02+00",0.0006987,15.814424,0.00143522,0.0007821,321.1173,331.6045,6704.498,"spacetrack"
47625,"2026-09-05 08:05:50.069+00",0.00058307,15.815622,0.00120006,0.0007949,320.69305,331.35132,6704.159,"spacetrack"
47625,"2026-09-06 00:46:43.586+00",0.00057777,15.817379,0.00119883,0.0007918,320.2177,330.83365,6703.6626,"spacetrack"
47627,"2026-09-01 14:00:02+00",0.00052194,15.834812,0.0011742,0.0007197,315.78357,325.42572,6698.7417,"spacetrack"
47627,"2026-09-02 22:00:03+00",0.00023026,15.839116,0.0005206,0.0007006,314.69873,324.0833,6697.528,"spacetrack"
47627,"2026-09-03 22:00:01.999+00",0.00038216,15.841916,0.00088433,0.0006896,313.98395,323.2201,6696.7393,"spacetrack"
47627,"2026-09-04 22:00:02+00",0.00020142,15.845038,0.00046726,0.0006617,313.29163,322.15292,6695.8594,"spacetrack"
47627,"2026-09-05 22:00:03+00",0.00018018,15.848152,0.0004233,0.000647,312.51346,321.1768,6694.982,"spacetrack"
47627,"2026-09-06 22:00:01.999+00",0.00033133,15.852599,0.00080511,0.0005807,311.706,319.4801,6693.73,"spacetrack"
47728,"2026-09-01 14:00:02+00",0.00037848,15.81874,0.00078278,0.0003603,322.72614,327.55652,6703.2783,"spacetrack"
47728,"2026-09-02 22:00:03+00",0.00057295,15.822322,0.00121481,0.000354,321.75696,326.50217,6702.2666,"spacetrack"
47728,"2026-09-03 22:00:01.999+00",0.00090217,15.824914,0.00195715,0.000376,320.87787,325.91742,6701.5347,"spacetrack"
47728,"2026-09-04 22:00:02+00",0.00062302,15.828059,0.0013601,0.0003888,319.9047,325.1151,6700.647,"spacetrack"
47728,"2026-09-05 22:00:03+00",0.00056408,15.831073,0.00124683,0.0004152,318.8778,324.4413,6699.7964,"spacetrack"
47728,"2026-09-06 22:00:01.999+00",0.00072783,15.83387,0.00163989,0.0004437,317.89795,323.84265,6699.0073,"spacetrack"
47736,"2026-09-01 22:12:05.077+00",0.00047412,15.727595,0.00065205,0.0002163,349.55865,352.46967,6729.1514,"spacetrack"
47736,"2026-09-02 22:36:05.818+00",0.00048099,15.7290745,0.00066591,0.0002221,349.09796,352.08688,6728.7295,"spacetrack"
47736,"2026-09-03 21:28:29.119+00",0.00051959,15.730438,0.0007246,0.0002247,348.69153,351.71524,6728.3403,"spacetrack"
47736,"2026-09-04 21:52:14.142+00",0.00045007,15.73188,0.00063002,0.0002483,348.12173,351.46283,6727.929,"spacetrack"
47736,"2026-09-05 22:15:51.739+00",5.1099e-05,15.732802,6.581e-05,0.0002203,348.0474,351.0116,6727.6665,"spacetrack"
47736,"2026-09-06 22:39:20.179+00",0.00054729,15.73482,0.00077865,0.0002793,347.07535,350.8331,6727.0913,"spacetrack"
47745,"2026-09-01 22:10:56.134+00",0.00083151,16.185884,0.0150498,0.001307,214.75885,232.01523,6601.524,"spacetrack"
47745,"2026-09-02 15:57:05.752+00",0.00078799,16.210571,0.01731858,0.0013436,207.82259,225.54419,6594.8203,"spacetrack"
47745,"2026-09-03 20:00:58.323+00",0.00094619,16.274427,0.03585019,0.0013412,190.5995,208.24315,6577.558,"spacetrack"
47745,"2026-09-04 22:27:00.844+00",0.000415,16.42114,0.09061136,0.0012341,152.1158,168.2537,6538.322,"spacetrack"
47746,"2026-09-01 20:14:40.786+00",0.00055193,15.748828,0.000835,0.0002583,343.22806,346.7012,6723.1016,"spacetrack"
47746,"2026-09-02 22:08:05.212+00",0.00039889,15.750508,0.00060449,0.000254,342.7789,346.19397,6722.6235,"spacetrack"
47746,"2026-09-03 22:29:57.79+00",0.00057336,15.752244,0.0008812,0.000244,342.35254,345.63293,6722.13,"spacetrack"
47746,"2026-09-04 19:48:58.693+00",0.00047644,15.753596,0.0007343,0.0003117,341.5127,345.70303,6721.7446,"spacetrack"
47746,"2026-09-05 23:13:15.743+00",0.00059224,15.755513,0.00092419,0.0003427,340.7595,345.3662,6721.1997,"spacetrack"
47746,"2026-09-06 20:32:01.117+00",0.00050456,15.756845,0.00078978,0.0003473,340.34982,345.0181,6720.821,"spacetrack"
47752,"2026-09-01 21:24:25.429+00",0.00076153,16.112404,0.00803954,0.0011579,235.77557,251.10983,6621.5796,"spacetrack"
47752,"2026-09-02 13:46:34.001+00",0.00074631,16.124138,0.00853326,0.0012026,232.27052,248.18903,6618.3667,"spacetrack"
47752,"2026-09-03 22:28:35.365+00",0.0007483,16.150328,0.01025509,0.0012849,224.57802,241.5675,6611.21,"spacetrack"
47752,"2026-09-04 23:42:19.128+00",0.00070006,16.17453,0.01163608,0.0013581,217.5068,235.44626,6604.614,"spacetrack"
47752,"2026-09-05 21:55:55.474+00",0.00073627,16.200327,0.01494148,0.0013986,210.23573,228.69054,6597.6,"spacetrack"
47752,"2026-09-06 21:35:51.291+00",0.00070224,16.234097,0.0187804,0.0014519,200.74503,219.87656,6588.4478,"spacetrack"
47762,"2026-09-01 20:32:35.115+00",0.00082861,16.067476,0.00651399,0.0008974,249.82735,261.7339,6633.9175,"spacetrack"
47762,"2026-09-02 12:57:33.182+00",0.00081404,16.076744,0.00678923,0.0009427,246.97955,259.48233,6631.368,"spacetrack"
47762,"2026-09-03 23:15:07.706+00",0.00081187,16.097673,0.00775856,0.0010429,240.57152,254.39122,6625.618,"spacetrack"
47762,"2026-09-04 12:39:30.371+00",0.00079103,16.106682,0.00802608,0.0010799,237.85864,252.16331,6623.148,"spacetrack"
47762,"2026-09-05 13:57:35.463+00",0.00082184,16.125437,0.00945472,0.0011481,232.2765,247.47278,6618.0117,"spacetrack"
47762,"2026-09-06 21:10:14.843+00",0.00079408,16.15228,0.01100044,0.0012419,224.33017,240.74977,6610.677,"spacetrack"
47767,"2026-09-01 14:00:02+00",0.00063903,15.895099,0.00194878,0.0004758,300.47675,306.83514,6681.793,"spacetrack"
47767,"2026-09-02 22:00:03+00",0.0007658,15.901036,0.00233011,0.0005114,298.5764,305.4088,6680.1294,"spacetrack"
47767,"2026-09-03 22:00:01.999+00",0.00094931,15.905384,0.00296246,0.0005414,297.15924,304.39117,6678.912,"spacetrack"
47767,"2026-09-04 22:00:02+00",0.00079136,15.910222,0.00252746,0.0005884,295.4921,303.35025,6677.558,"spacetrack"
47767,"2026-09-05 22:00:03+00",0.0008838,15.914842,0.00289614,0.00063,293.9228,302.33487,6676.2656,"spacetrack"
47767,"2026-09-06 22:00:01.999+00",0.0009842,15.91961,0.00331096,0.0006593,292.39487,301.19644,6674.9326,"spacetrack"
47818,"2026-09-01 20:45:58.857+00",0.00088134,16.115314,0.00941804,0.0008239,237.19043,248.10016,6620.782,"spacetrack"
47818,"2026-09-02 14:37:06.944+00",0.00086224,16.130053,0.0101757,0.0008713,232.84654,244.37689,6616.7485,"spacetrack"
47818,"2026-09-03 15:52:47.293+00",0.00082001,16.153152,0.01135127,0.0009452,226.05376,238.55013,6610.439,"spacetrack"
47818,"2026-09-04 12:39:11.866+00",0.00080043,16.176142,0.01336213,0.0010086,219.37656,232.6985,6604.1743,"spacetrack"
47818,"2026-09-05 15:18:42.221+00",0.00088839,16.216661,0.02037801,0.0011093,207.71796,222.34557,6593.169,"spacetrack"
47818,"2026-09-06 23:45:50.026+00",0.0008787,16.314465,0.04836258,0.0011726,180.95538,196.35582,6566.7925,"spacetrack"
47862,"2026-09-01 20:47:38.927+00",0.00075615,16.036814,0.00490599,0.000579,260.38806,268.07993,6642.371,"spacetrack"
47862,"2026-09-02 23:42:19.61+00",0.00076517,16.049334,0.00536068,0.0006464,256.48773,265.07053,6638.916,"spacetrack"
47862,"2026-09-03 23:36:30.062+00",0.00082832,16.06145,0.00625707,0.0006971,252.81435,262.06567,6635.577,"spacetrack"
47862,"2026-09-04 13:02:44.27+00",0.0007982,16.068596,0.00630713,0.0007263,250.65427,260.29025,6633.6094,"spacetrack"
47862,"2026-09-05 12:55:07.589+00",0.00081289,16.082127,0.00700175,0.0007819,246.5669,256.9347,6629.8877,"spacetrack"
47862,"2026-09-06 18:43:48.315+00",0.00083249,16.10128,0.00812175,0.0008663,240.75336,252.23119,6624.6294,"spacetrack"
47879,"2026-09-01 22:32:48.585+00",0.00072505,16.004776,0.00388596,0.0003822,270.55313,275.63733,6651.2324,"spacetrack"
47879,"2026-09-02 22:31:09.736+00",0.00067703,16.012697,0.00379823,0.0003722,268.42667,273.3762,6649.0386,"spacetrack"
47879,"2026-09-03 20:58:57.871+00",0.00065408,16.020138,0.0038343,0.0004346,265.95374,271.7313,6646.9795,"spacetrack"
47879,"2026-09-04 22:25:22.067+00",0.00098712,16.03648,0.0063883,0.0004483,261.348,267.30365,6642.463,"spacetrack"
47879,"2026-09-05 22:20:33.566+00",0.00068969,16.049192,0.00481928,0.0004495,257.83386,263.80228,6638.955,"spacetrack"
47879,"2026-09-06 20:45:12.446+00",0.0007182,16.058975,0.00533348,0.0005005,254.8001,261.443,6636.2583,"spacetrack"
47993,"2026-09-01 14:00:02+00",0.00080376,15.867508,0.00214384,0.0005937,307.42792,315.37106,6689.5366,"spacetrack"
47993,"2026-09-02 22:00:03+00",0.00047322,15.87282,0.00127988,0.0005872,305.9796,313.83408,6688.044,"spacetrack"
47993,"2026-09-03 20:00:01.999+00",0.00053456,15.876277,0.00147495,0.0005784,305.06818,312.80377,6687.0728,"spacetrack"
47993,"2026-09-04 22:00:02+00",0.00056267,15.880354,0.00158661,0.0005619,304.0345,311.54813,6685.928,"spacetrack"
47993,"2026-09-05 22:00:03+00",0.00049704,15.88432,0.00142594,0.0005351,303.1013,310.25537,6684.8154,"spacetrack"
47993,"2026-09-06 22:00:01.999+00",0.00065681,15.88804,0.00193319,0.0005222,302.14484,309.12537,6683.772,"spacetrack"
48022,"2026-09-01 11:35:21.922+00",0.00057011,15.785028,0.00101614,0.0005467,331.01184,338.35165,6712.819,"spacetrack"
48022,"2026-09-02 22:32:07.03+00",0.00053056,15.788097,0.00095774,0.000539,330.19418,337.4297,6711.9487,"spacetrack"
48022,"2026-09-03 21:19:20.748+00",0.00056394,15.790111,0.00102862,0.0005358,329.64548,336.8374,6711.3784,"spacetrack"
48022,"2026-09-04 21:37:31.906+00",0.00047668,15.792229,0.00087521,0.0005263,329.10953,336.1733,6710.7783,"spacetrack"
48022,"2026-09-05 21:55:31.571+00",0.0005185,15.794311,0.00096266,0.0005214,328.55295,335.55032,6710.1885,"spacetrack"
48022,"2026-09-06 19:11:06.578+00",0.00055924,15.7962,0.00104886,0.0005102,328.09335,334.93988,6709.654,"spacetrack"
48029,"2026-09-01 21:26:38.342+00",0.00088358,16.15089,0.01192914,0.0003998,230.27635,235.56255,6611.0566,"spacetrack"
48029,"2026-09-02 19:42:14.044+00",0.00085093,16.175133,0.01357491,0.0003707,223.86407,228.76062,6604.449,"spacetrack"
48029,"2026-09-03 22:22:01.45+00",0.0008445,16.211151,0.0182962,0.0003785,214.03009,219.02225,6594.663,"spacetrack"
48029,"2026-09-04 08:43:07.004+00",0.00082494,16.22851,0.02056124,0.0003883,209.26382,214.38158,6589.9595,"spacetrack"
48029,"2026-09-05 18:38:08.574+00",0.00076142,16.311703,0.04001764,0.0005721,185.63942,193.15399,6567.5337,"spacetrack"
48029,"2026-09-06 07:50:47.384+00",0.00060893,16.374138,0.06189624,0.0006181,168.64226,176.74039,6550.828,"spacetrack"
48376,"2026-09-01 14:00:02+00",0.00055874,15.838064,0.00127824,0.0006856,315.09567,324.27975,6697.8247,"spacetrack"
48376,"2026-09-02 22:00:03+00",0.00049643,15.842187,0.00115576,0.0006704,314.03613,323.015,6696.6626,"spacetrack"
48376,"2026-09-03 20:00:01.999+00",0.00053548,15.844825,0.00126469,0.0006653,313.32758,322.23718,6695.9194,"spacetrack"
48376,"2026-09-04 22:00:02+00",0.0003565,15.848418,0.00085006,0.0006539,312.39236,321.14795,6694.907,"spacetrack"
48376,"2026-09-05 22:00:03+00",0.00054954,15.851421,0.00134098,0.0006339,311.68115,320.1679,6694.0615,"spacetrack"
48376,"2026-09-06 22:00:01.999+00",0.00039362,15.85472,0.00096963,0.0006138,310.88788,319.10437,6693.1333,"spacetrack"
48427,"2026-09-01 15:44:52.748+00",0.00055386,16.014437,0.00325454,0.0008305,264.89835,275.94162,6648.557,"spacetrack"
48427,"2026-09-02 00:43:23.899+00",0.00056284,16.016968,0.0033571,0.0008332,264.1805,275.25848,6647.8564,"spacetrack"
48427,"2026-09-03 15:36:00.536+00",0.0005022,16.027409,0.00318446,0.0007505,261.84506,271.81915,6644.969,"spacetrack"
48427,"2026-09-04 22:58:50.911+00",0.00052458,16.03729,0.00352823,0.0006934,259.4966,268.70807,6642.2393,"spacetrack"
48427,"2026-09-05 07:56:35.798+00",0.00051483,16.03992,0.00351812,0.0006836,258.8357,267.916,6641.5127,"spacetrack"
48427,"2026-09-06 06:20:32.959+00",0.00051786,16.047213,0.00369884,0.0006517,257.03717,265.6911,6639.501,"spacetrack"
48442,"2026-09-01 22:56:24.806+00",0.00024504,15.7367935,0.00034631,0.0003081,346.31952,350.46442,6726.529,"spacetrack"
48442,"2026-09-02 20:16:38.639+00",0.00054339,15.738731,0.0007863,0.0003426,345.53543,350.14407,6725.9766,"spacetrack"
48442,"2026-09-03 20:39:37.008+00",0.00058324,15.740488,0.00085157,0.0003588,344.92627,349.75247,6725.4766,"spacetrack"
48442,"2026-09-04 22:33:50.583+00",0.00054517,15.742302,0.00080143,0.0003893,344.20468,349.44073,6724.9595,"spacetrack"
48442,"2026-09-05 21:25:04.009+00",0.00051785,15.744046,0.00076646,0.000417,343.52182,349.13004,6724.463,"spacetrack"
48442,"2026-09-06 21:47:32.737+00",0.00051091,15.745782,0.00076185,0.0004405,342.86978,348.79358,6723.9688,"spacetrack"
48465,"2026-09-01 14:00:02+00",0.00078957,15.97396,0.00355612,0.0005574,277.93436,285.3587,6659.7837,"spacetrack"
48465,"2026-09-02 22:00:03+00",0.00073337,15.983803,0.00349089,0.0006397,274.65356,283.1706,6657.0493,"spacetrack"
48465,"2026-09-03 20:00:01.999+00",0.00090811,15.990612,0.00450117,0.0006824,272.48065,281.5636,6655.159,"spacetrack"
48465,"2026-09-04 22:00:02+00",0.00087849,15.999446,0.00458226,0.0007543,269.5541,279.59036,6652.7095,"spacetrack"
48465,"2026-09-05 20:25:03.066+00",0.00073024,16.007318,0.00398327,0.0007758,267.23154,277.5505,6650.528,"spacetrack"
48465,"2026-09-06 18:53:17.096+00",0.00074174,16.01548,0.00424687,0.0008308,264.60794,275.6547,6648.2686,"spacetrack"
48562,"2026-09-01 14:00:02+00",0.00015937,15.809478,0.00030996,0.00051,324.33908,331.17908,6705.896,"spacetrack"
48562,"2026-09-02 22:00:03+00",0.00038415,15.812405,0.00077172,0.0005572,323.19565,330.66776,6705.069,"spacetrack"
48562,"2026-09-03 18:07:36.777+00",0.0005734,15.8140745,0.00116988,0.000586,322.53073,330.38852,6704.5967,"spacetrack"
48562,"2026-09-04 21:25:34.2+00",0.00043999,15.816564,0.00090381,0.0006079,321.6808,329.8314,6703.893,"spacetrack"
48562,"2026-09-05 21:41:18.908+00",0.00046916,15.818785,0.00097511,0.0006205,320.9692,329.28793,6703.2656,"spacetrack"
48562,"2026-09-06 17:23:57.466+00",0.00052533,15.820619,0.00110403,0.0006771,320.07227,329.1491,6702.7476,"spacetrack"
48582,"2026-09-01 14:00:02+00",0.00096319,15.7597475,0.0015499,0.000886,335.90497,347.81277,6719.996,"spacetrack"
48582,"2026-09-02 22:00:03+00",0.0005418,15.763546,0.00087699,0.0009315,334.52054,347.03787,6718.916,"spacetrack"
48582,"2026-09-03 20:00:01.999+00",0.00075284,15.765758,0.00123857,0.0009558,333.7295,346.57217,6718.2876,"spacetrack"
48582,"2026-09-04 15:25:10.575+00",0.00070601,15.767709,0.00117007,0.0009229,333.39682,345.79642,6717.7334,"spacetrack"
48582,"2026-09-05 22:00:03+00",0.00057947,15.770788,0.00097052,0.0009855,332.10257,345.3415,6716.859,"spacetrack"
48582,"2026-09-06 16:05:25.702+00",0.00064758,15.772513,0.00109542,0.000995,331.54968,344.91528,6716.3696,"spacetrack"
48909,"2026-09-01 13:35:21.472+00",0.00049118,16.01572,0.00271615,8.44e-05,269.5038,270.62604,6648.202,"spacetrack"
48909,"2026-09-02 13:34:39.525+00",0.00050309,16.02163,0.00287937,0.0001073,267.71704,269.1434,6646.5674,"spacetrack"
48909,"2026-09-03 19:33:03.173+00",0.00046286,16.028738,0.00276153,0.0001437,265.5101,267.41977,6644.602,"spacetrack"
48909,"2026-09-04 19:31:10.153+00",0.00048,16.034924,0.00297065,0.0001634,263.67035,265.84125,6642.8926,"spacetrack"
48909,"2026-09-05 13:29:23.954+00",0.00049291,16.039593,0.00313835,0.0003391,261.21463,265.71896,6641.604,"spacetrack"
48909,"2026-09-06 13:26:31.565+00",0.00047219,16.046143,0.00312536,0.0002233,260.17624,263.1416,6639.796,"spacetrack"
48931,"2026-09-01 13:07:34.499+00",0.00027527,15.761624,0.00042932,0.000452,338.28815,344.36255,6719.4624,"spacetrack"
48931,"2026-09-02 13:30:16.879+00",0.00028022,15.762577,0.00043894,0.0004435,338.0746,344.03452,6719.1914,"spacetrack"
48931,"2026-09-03 07:47:15.325+00",0.00025378,15.76322,0.00039831,0.0004393,337.92032,343.82364,6719.009,"spacetrack"
48931,"2026-09-04 00:32:46.585+00",0.00025907,15.763822,0.00040776,0.000434,337.7851,343.61707,6718.838,"spacetrack"
48931,"2026-09-05 13:06:30.561+00",0.00028136,15.765129,0.00044571,0.0004225,337.49097,343.16806,6718.4663,"spacetrack"
48931,"2026-09-06 13:28:53.718+00",0.00026931,15.766019,0.00042812,0.0004043,337.36047,342.79282,6718.214,"spacetrack"
48948,"2026-09-01 13:07:06.759+00",0.00026739,15.761539,0.00041683,0.0004957,338.01855,344.68027,6719.4863,"spacetrack"
48948,"2026-09-02 19:35:29.409+00",0.00029976,15.76278,0.0004703,0.0004861,337.73074,344.26306,6719.134,"spacetrack"
48948,"2026-09-03 09:18:12.816+00",0.00028491,15.763297,0.00044781,0.0004764,337.649,344.05084,6718.987,"spacetrack"
48948,"2026-09-04 20:20:36.653+00",0.00024359,15.764528,0.00038443,0.0004657,337.37128,343.629,6718.637,"spacetrack"
48948,"2026-09-05 20:43:03.255+00",0.00025126,15.765359,0.00039808,0.0004599,337.17426,343.35385,6718.401,"spacetrack"
48948,"2026-09-06 13:28:26.208+00",0.00026999,15.765994,0.00042922,0.0004538,337.03503,343.13248,6718.2207,"spacetrack"
48957,"2026-09-01 13:06:56.195+00",0.0002699,15.76153,0.00042075,0.0004896,338.06238,344.64212,6719.4893,"spacetrack"
48957,"2026-09-02 13:29:38.928+00",0.00031832,15.762571,0.00049921,0.0004791,337.83698,344.27533,6719.1934,"spacetrack"
48957,"2026-09-03 13:52:16.186+00",0.00028336,15.7634945,0.00044573,0.0004692,337.64127,343.9463,6718.9307,"spacetrack"
48957,"2026-09-04 20:20:26.082+00",0.00025316,15.764516,0.00039963,0.0004597,337.4151,343.59222,6718.6406,"spacetrack"
48957,"2026-09-05 13:05:52.44+00",0.00027422,15.765115,0.00043432,0.0004597,337.24515,343.4221,6718.4707,"spacetrack"
48957,"2026-09-06 13:28:15.768+00",0.00027144,15.7659855,0.00043152,0.0004452,337.09518,343.0771,6718.223,"spacetrack"
48964,"2026-09-01 13:31:52.248+00",0.00046365,16.004929,0.00240928,2.82e-05,272.8655,273.24063,6651.19,"spacetrack"
48964,"2026-09-02 19:32:10.308+00",0.0004762,16.011457,0.00256906,4.89e-05,270.91962,271.56992,6649.382,"spacetrack"
48964,"2026-09-03 12:02:01.48+00",0.00048641,16.015118,0.00268032,5.66e-05,269.855,270.6076,6648.368,"spacetrack"
48964,"2026-09-04 09:01:30.484+00",0.00047746,16.019825,0.00270375,7.49e-05,268.43115,269.42688,6647.066,"spacetrack"
48964,"2026-09-06 13:28:33.685+00",0.00044832,16.032059,0.00272743,0.0001172,264.7686,266.32587,6643.684,"spacetrack"
49158,"2026-09-01 14:00:02+00",0.00044008,15.966609,0.00186528,0.0006298,279.4948,287.88605,6661.8276,"spacetrack"
49158,"2026-09-02 22:00:03+00",0.00047412,15.972394,0.00207519,0.0005988,278.09366,286.06995,6660.2188,"spacetrack"
49158,"2026-09-03 20:00:01.999+00",0.00065868,15.976419,0.00295208,0.0005946,277.00363,284.92264,6659.1,"spacetrack"
49158,"2026-09-04 22:00:02+00",0.00028144,15.982305,0.00129657,0.0005828,275.4483,283.20825,6657.4653,"spacetrack"
49158,"2026-09-05 22:00:03+00",0.00044857,15.986739,0.00212619,0.000596,274.1299,282.06415,6656.234,"spacetrack"
49158,"2026-09-06 22:00:01.999+00",0.00037391,15.991649,0.00182028,0.0006062,272.70038,280.76874,6654.8716,"spacetrack"
49176,"2026-09-01 14:00:02+00",0.0016263,15.945725,0.00616674,0.0003696,287.04135,291.97006,6667.6426,"spacetrack"
49176,"2026-09-02 22:00:03+00",0.0013622,15.960171,0.00558176,0.000321,283.3428,287.62085,6663.6187,"spacetrack"
49176,"2026-09-03 20:00:01.999+00",0.0015643,15.973061,0.00687154,0.000322,279.7519,284.04095,6660.033,"spacetrack"
49176,"2026-09-04 20:00:01.999+00",0.0015546,15.988071,0.00741823,0.0003336,275.5068,279.9476,6655.8643,"spacetrack"
49176,"2026-09-05 22:00:03+00",0.0013871,16.005123,0.00728998,0.0003339,270.7782,275.21982,6651.136,"spacetrack"
49176,"2026-09-06 22:58:15.304+00",0.00096265,16.021198,0.00555941,0.0003747,266.05865,271.03967,6646.686,"spacetrack"
50163,"2026-09-01 14:00:02+00",0.0003807,15.816048,0.00077742,0.000381,323.34763,328.45612,6704.039,"spacetrack"
50163,"2026-09-02 22:00:03+00",0.00012597,15.81922,0.00025471,0.0003647,322.5613,327.45056,6703.143,"spacetrack"
50163,"2026-09-03 21:27:14.806+00",0.00049418,15.820866,0.00103734,0.0003477,322.21033,326.87137,6702.6777,"spacetrack"
50163,"2026-09-04 21:42:36.098+00",0.00043111,15.82301,0.00091187,0.0003453,321.62094,326.2494,6702.0723,"spacetrack"
50163,"2026-09-05 21:57:45.666+00",0.00046129,15.825147,0.00098688,0.0003312,321.11237,325.55142,6701.4688,"spacetrack"
50163,"2026-09-06 20:41:47.277+00",0.0004993,15.827241,0.00108057,0.0003378,320.4772,325.0043,6700.878,"spacetrack"
51053,"2026-09-01 21:54:21.119+00",0.00049035,15.8409195,0.00110596,0.0002087,317.4852,320.28052,6697.02,"spacetrack"
51053,"2026-09-02 22:09:41.524+00",0.00043113,15.843136,0.00098109,0.0002283,316.7294,319.78696,6696.395,"spacetrack"
51053,"2026-09-03 23:55:46.515+00",0.0007168,15.845408,0.00166267,0.0002515,315.93384,319.3018,6695.755,"spacetrack"
51053,"2026-09-04 22:39:46.793+00",0.00038324,15.847364,0.00088871,0.0002465,315.41656,318.71732,6695.204,"spacetrack"
51053,"2026-09-05 04:43:29.289+00",0.0004843,15.847932,0.00112957,0.0002433,315.27832,318.53613,6695.0444,"spacetrack"
51053,"2026-09-06 23:09:06.532+00",0.00046004,15.851529,0.00109103,0.000274,314.06,317.72833,6694.0312,"spacetrack"
51103,"2026-09-01 18:40:29.198+00",0.00032824,14.645603,9.819e-05,0.047289,344.78677,1012.1882,7056.6245,"spacetrack"
51103,"2026-09-02 06:09:09.863+00",0.00032232,14.645707,9.641e-05,0.0472843,344.78796,1012.1199,7056.591,"spacetrack"
51103,"2026-09-03 05:06:30.234+00",0.00031842,14.645899,9.525e-05,0.0472774,344.7779,1012.0066,7056.5293,"spacetrack"
51103,"2026-09-04 17:10:50.975+00",0.00028534,14.646192,8.528e-05,0.0472682,344.7534,1011.8434,7056.4355,"spacetrack"
51103,"2026-09-05 12:51:22.83+00",0.00029641,14.6463375,8.863e-05,0.0472619,344.75305,1011.7497,7056.388,"spacetrack"
51103,"2026-09-06 20:00:31.396+00",0.00029825,14.64658,8.921e-05,0.0472523,344.7469,1011.6007,7056.3105,"spacetrack"
51659,"2026-09-01 17:03:35.873+00",0.00045434,15.912952,0.001439,0.0007045,293.95343,303.36102,6676.7944,"spacetrack"
51659,"2026-09-02 03:37:26.646+00",0.00044137,15.9143915,0.00140814,0.0007094,293.51865,302.99112,6676.392,"spacetrack"
51659,"2026-09-03 03:46:02.225+00",0.00042707,15.917434,0.0013837,0.0006981,292.7438,302.0642,6675.541,"spacetrack"
51659,"2026-09-04 22:00:23.71+00",0.00041838,15.922886,0.00139406,0.000682,291.32852,300.4319,6674.017,"spacetrack"
51659,"2026-09-05 14:35:47.843+00",0.00048208,15.925087,0.00162564,0.0006659,290.8215,299.70914,6673.4023,"spacetrack"
51659,"2026-09-06 17:44:20.253+00",0.00044746,15.928707,0.001537,0.0006505,289.91357,298.59436,6672.391,"spacetrack"
51775,"2026-09-01 23:06:50.38+00",0.00040511,15.832775,0.00089764,0.000654,316.79785,325.56055,6699.3164,"spacetrack"
51775,"2026-09-02 21:50:13.827+00",0.00036676,15.834478,0.00081779,0.000647,316.3647,325.033,6698.836,"spacetrack"
51775,"2026-09-03 22:04:21.343+00",0.00039307,15.836253,0.0008851,0.0006421,315.89734,324.49936,6698.3354,"spacetrack"
51775,"2026-09-04 22:18:18.823+00",0.00034387,15.838064,0.00077913,0.0006327,315.44992,323.92535,6697.8247,"spacetrack"
51775,"2026-09-05 22:32:06.417+00",0.00036292,15.839879,0.00083033,0.0006263,314.9815,323.37054,6697.313,"spacetrack"
51775,"2026-09-06 21:14:53.103+00",0.00040011,15.841616,0.00092482,0.0006216,314.52393,322.8494,6696.8237,"spacetrack"
52295,"2026-09-01 14:00:02+00",0.0027925,15.766146,0.00480791,8.92e-05,339.44144,340.63995,6718.1777,"spacetrack"
52295,"2026-09-02 22:00:03+00",0.0048617,15.785003,0.00946531,8.9e-05,334.0918,335.28665,6712.826,"spacetrack"
52295,"2026-09-03 20:00:01.999+00",0.0040114,15.799892,0.00838523,8.59e-05,329.89484,331.0474,6708.608,"spacetrack"
52295,"2026-09-04 20:00:01.999+00",0.0040819,15.815143,0.00924088,0.0001121,325.40607,326.90918,6704.2944,"spacetrack"
52295,"2026-09-05 20:00:01.999+00",0.0038369,15.830794,0.00935173,0.0001218,320.92197,322.55405,6699.875,"spacetrack"
52295,"2026-09-06 22:00:01.999+00",0.0010906,15.843129,0.00259874,8.9e-05,317.66415,318.8561,6696.397,"spacetrack"
52444,"2026-09-01 17:38:07.532+00",0.00038026,16.417856,0.08128686,0.0013337,152.33571,169.77835,6539.194,"spacetrack"
52446,"2026-09-01 05:11:28.48+00",0.0005136,16.405207,0.07932232,0.0012239,156.41042,172.4253,6542.5547,"spacetrack"
52579,"2026-09-01 19:38:28.282+00",0.00092276,16.025549,0.0055879,0.0001704,266.21405,268.47882,6645.4834,"spacetrack"
52579,"2026-09-02 21:04:30.748+00",0.00088345,16.038311,0.00577412,0.0002082,262.43784,265.20352,6641.9575,"spacetrack"
52579,"2026-09-03 19:30:01.686+00",0.00084264,16.049309,0.00588742,0.0002029,259.43866,262.13275,6638.923,"spacetrack"
52579,"2026-09-04 13:25:46.613+00",0.00090366,16.058035,0.00666156,0.000235,256.82065,259.93982,6636.517,"spacetrack"
52579,"2026-09-05 08:50:29.878+00",0.00070156,16.067677,0.00549202,0.0002063,254.35695,257.0941,6633.8623,"spacetrack"
52579,"2026-09-06 17:40:14.677+00",0.00050418,16.07968,0.00425477,0.0002016,251.08688,253.76033,6630.5605,"spacetrack"
52794,"2026-09-01 21:07:52.994+00",0.00034398,15.6739235,0.00038521,0.0029704,346.33322,386.401,6744.504,"spacetrack"
52794,"2026-09-03 15:58:13.676+00",0.00031741,15.675311,0.00035696,0.0029757,345.90057,386.03745,6744.106,"spacetrack"
52794,"2026-09-04 14:55:06.504+00",0.00032403,15.676044,0.00036568,0.0029763,345.687,385.83075,6743.896,"spacetrack"
52794,"2026-09-05 15:23:42.622+00",0.0003338,15.676817,0.00037815,0.0029739,345.4822,385.59222,6743.6743,"spacetrack"
52794,"2026-09-06 23:31:08.28+00",0.00034306,15.677853,0.00039063,0.0029863,345.10248,385.37796,6743.3774,"spacetrack"
52908,"2026-09-01 10:14:57.794+00",0.00096247,15.751102,0.00152163,0.0005843,340.38962,348.24548,6722.4546,"spacetrack"
52908,"2026-09-02 07:32:34.052+00",0.00082896,15.753559,0.00132163,0.0006071,339.5379,347.69946,6721.756,"spacetrack"
52908,"2026-09-03 10:54:54.502+00",0.00086046,15.756684,0.00139212,0.0006311,338.48813,346.9712,6720.8667,"spacetrack"
52908,"2026-09-04 09:43:16.469+00",0.00091037,15.7593775,0.00149238,0.0006524,337.57993,346.3483,6720.101,"spacetrack"
52908,"2026-09-05 23:43:21.824+00",0.00088074,15.763928,0.00147311,0.0007055,335.93045,345.4107,6718.8076,"spacetrack"
52908,"2026-09-06 08:50:29.292+00",0.00082436,15.764906,0.00138339,0.0007209,335.5494,345.23618,6718.53,"spacetrack"
52989,"2026-09-01 20:00:02+00",0.001534,15.864842,0.00413433,0.0001714,311.002,313.29544,6690.2856,"spacetrack"
52989,"2026-09-02 22:00:03+00",0.0011717,15.873598,0.00326171,0.0001575,308.635,310.74167,6687.825,"spacetrack"
52989,"2026-09-03 22:00:02+00",0.001236,15.881201,0.00358624,0.0001616,306.4733,308.6341,6685.691,"spacetrack"
52989,"2026-09-04 20:00:01.999+00",0.0013276,15.8882065,0.00400869,0.0001803,304.38327,306.79343,6683.7256,"spacetrack"
52989,"2026-09-05 20:00:01.999+00",0.001299,15.896036,0.00408308,0.0001669,302.27832,304.5086,6681.5303,"spacetrack"
52989,"2026-09-06 20:00:01.999+00",0.0011382,15.904158,0.00371127,0.0001742,299.95514,302.2822,6679.256,"spacetrack"
53152,"2026-09-01 20:00:02+00",0.0011313,15.9549,0.00458971,0.0001161,286.1756,287.72324,6665.0864,"spacetrack"
53152,"2026-09-02 22:00:03+00",0.0010751,15.964019,0.00458338,6.86e-05,283.95407,284.86816,6662.5483,"spacetrack"
53152,"2026-09-03 22:00:02+00",0.00091404,15.972659,0.00408391,4.11e-05,281.73447,282.28195,6660.145,"spacetrack"
53152,"2026-09-04 20:00:01.999+00",0.0011032,15.979974,0.00513937,3.76e-05,279.72528,280.22595,6658.113,"spacetrack"
53152,"2026-09-05 20:00:01.999+00",0.0010301,15.988693,0.00503923,7.09e-05,277.0829,278.02667,6655.692,"spacetrack"
53152,"2026-09-06 20:00:01.999+00",0.0009324,15.9977255,0.00480042,8.54e-05,274.48096,275.6173,6653.186,"spacetrack"
53206,"2026-09-01 20:00:02+00",0.0063041,15.751038,0.0104046,0.0001397,343.39688,345.27515,6722.473,"spacetrack"
53206,"2026-09-02 22:00:03+00",0.0059399,15.76834,0.01058394,0.0001319,338.5313,340.3034,6717.554,"spacetrack"
53206,"2026-09-03 22:00:02+00",0.0056046,15.784596,0.01074286,0.0001117,334.0545,335.5542,6712.9414,"spacetrack"
53206,"2026-09-04 20:00:01.999+00",0.0046845,15.800008,0.00967943,0.0001267,329.58835,331.2883,6708.575,"spacetrack"
53206,"2026-09-05 20:00:01.999+00",0.0028746,15.814871,0.00609122,0.0001095,325.50034,326.9686,6704.3716,"spacetrack"
53206,"2026-09-06 20:00:01.999+00",0.0011516,15.823063,0.0024275,0.0001097,323.185,324.65543,6702.057,"spacetrack"
53323,"2026-09-01 10:05:53.615+00",0.00076125,16.0568,0.00539214,0.0008026,253.3937,264.04718,6636.8574,"spacetrack"
53323,"2026-09-02 14:30:16.63+00",0.00075338,16.070755,0.00581822,0.0008652,249.1393,260.61707,6633.015,"spacetrack"
53323,"2026-09-03 23:21:51.972+00",0.00077034,16.088158,0.00663771,0.0009143,244.03392,256.1543,6628.231,"spacetrack"
53323,"2026-09-04 11:18:15.378+00",0.00076512,16.095171,0.00689572,0.0009341,241.97884,254.35811,6626.3057,"spacetrack"
53323,"2026-09-05 12:39:32.411+00",0.00074758,16.110561,0.00744763,0.0009764,237.48201,250.41362,6622.085,"spacetrack"
53323,"2026-09-06 18:27:16.954+00",0.00075928,16.131397,0.00868281,0.0010192,231.50064,244.98747,6616.381,"spacetrack"
53477,"2026-09-01 21:58:46.944+00",0.00050116,16.218851,0.01091844,0.000643,210.19972,218.67778,6592.5757,"spacetrack"
53477,"2026-09-02 20:10:34.817+00",0.0004793,16.241352,0.0125419,0.0007489,203.41559,213.28082,6586.4854,"spacetrack"
53477,"2026-09-03 10:57:22.02+00",0.00047173,16.258375,0.01424941,0.0007956,198.51314,208.98624,6581.8867,"spacetrack"
53477,"2026-09-04 23:49:34.959+00",0.00044708,16.315557,0.02276983,0.0009815,181.91737,194.80742,6566.4995,"spacetrack"
53477,"2026-09-05 10:07:19.452+00",0.00042927,16.342365,0.02863773,0.0010781,174.10751,188.25072,6559.316,"spacetrack"
53477,"2026-09-06 08:05:19.553+00",0.00012084,16.480251,0.08196779,0.0012525,136.37141,152.71072,6522.678,"spacetrack"
53480,"2026-09-01 20:00:02+00",0.0011585,15.962863,0.00476914,5.66e-05,284.35556,285.1098,6662.8696,"spacetrack"
53480,"2026-09-02 22:00:03+00",0.00099418,15.9721775,0.00430595,0.0001227,281.32477,282.9592,6660.279,"spacetrack"
53480,"2026-09-03 22:00:02+00",0.00098068,15.9806385,0.00444979,0.0001625,278.70895,280.8728,6657.9277,"spacetrack"
53480,"2026-09-04 22:00:02+00",0.00092551,15.989268,0.00440566,0.0001581,276.34277,278.44727,6655.532,"spacetrack"
53480,"2026-09-05 20:00:01.999+00",0.0010222,15.996857,0.00507613,0.0001482,274.3041,276.27618,6653.4272,"spacetrack"
53480,"2026-09-06 20:41:20.649+00",0.00066766,16.00583,0.00348973,0.0001602,271.73767,273.86862,6650.94,"spacetrack"
53490,"2026-09-05 20:00:01.999+00",0.007698,15.730059,0.01155529,0.0001277,349.45258,351.17102,6728.4487,"spacetrack"
53490,"2026-09-06 20:00:01.999+00",0.0069511,15.746341,0.01135595,0.0001277,344.81403,346.53128,6723.8096,"spacetrack"
53492,"2026-09-01 22:59:23.82+00",0.00072852,16.011318,0.00393053,0.0002736,269.46405,273.10263,6649.4204,"spacetrack"
53492,"2026-09-02 21:28:52.66+00",0.00087238,16.022099,0.00500819,0.000289,266.37936,270.221,6646.437,"spacetrack"
53492,"2026-09-03 22:57:13.422+00",0.00077826,16.033865,0.00478785,0.0002985,263.06522,267.0312,6643.185,"spacetrack"
53492,"2026-09-04 21:24:48.775+00",0.0008611,16.044943,0.00565646,0.0003187,259.87405,264.10648,6640.1274,"spacetrack"
53492,"2026-09-05 12:22:41.867+00",0.00085413,16.05261,0.0058754,0.0003264,257.7087,262.04202,6638.012,"spacetrack"
53492,"2026-09-06 19:47:04.1+00",0.00056111,16.064205,0.00414698,0.0003155,254.58752,258.7741,6634.818,"spacetrack"
53499,"2026-09-01 20:00:02+00",0.0032724,15.761439,0.00542319,0.0001115,340.6286,342.12704,6719.5146,"spacetrack"
53499,"2026-09-02 22:00:03+00",0.0020171,15.771327,0.00340741,0.0001061,337.85654,339.2818,6716.706,"spacetrack"
53499,"2026-09-03 22:00:02+00",0.0021671,15.779485,0.00381316,9.92e-05,335.58786,336.92,6714.391,"spacetrack"
53499,"2026-09-04 22:00:02+00",0.0011327,15.786543,0.00201289,0.0001088,333.5222,334.9828,6712.3896,"spacetrack"
53499,"2026-09-05 20:00:01.999+00",0.0026433,15.791468,0.00497364,0.0001298,331.9857,333.72787,6710.9937,"spacetrack"
53499,"2026-09-06 20:00:01.999+00",0.0024124,15.800076,0.00470291,0.0001367,329.50214,331.33627,6708.556,"spacetrack"
53500,"2026-09-01 22:54:26.743+00",0.00055404,16.335035,0.03407055,0.0008882,177.31372,188.96918,6561.2783,"spacetrack"
53500,"2026-09-02 15:02:34.485+00",0.00034831,16.418415,0.06859854,0.0010363,154.1319,167.68472,6539.0454,"spacetrack"
53505,"2026-09-01 20:00:02+00",0.00062784,15.975739,0.00277517,0.0004713,278.0136,284.29065,6659.289,"spacetrack"
53505,"2026-09-02 22:00:03+00",0.00045461,15.981637,0.00207494,0.0005176,276.06757,282.95956,6657.6504,"spacetrack"
53505,"2026-09-03 22:00:02+00",0.00047755,15.985981,0.00223348,0.0005317,274.76834,281.8468,6656.4443,"spacetrack"
53505,"2026-09-04 22:00:02+00",0.00044729,15.990423,0.00214435,0.000537,273.50064,280.64835,6655.2114,"spacetrack"
53505,"2026-09-05 20:00:01.999+00",0.00057092,15.9940405,0.00279488,0.0005378,272.4926,279.64987,6654.208,"spacetrack"
53505,"2026-09-06 20:00:01.999+00",0.0005953,15.998744,0.00299298,0.0005423,271.15906,278.3748,6652.904,"spacetrack"
53649,"2026-09-01 20:00:02+00",0.0011104,15.915927,0.00357179,0.0001494,296.82806,298.82285,6675.9624,"spacetrack"
53649,"2026-09-02 22:00:03+00",0.0010335,15.924962,0.00348258,0.0001616,294.22177,296.37863,6673.437,"spacetrack"
53649,"2026-09-03 22:00:02+00",0.0010989,15.933154,0.00386414,0.0001731,291.85773,294.16727,6671.1494,"spacetrack"
53649,"2026-09-04 22:00:02+00",0.00090317,15.941529,0.00331818,0.0001516,289.66476,291.68674,6668.813,"spacetrack"
53649,"2026-09-05 20:00:01.999+00",0.00047367,15.948835,0.00180622,0.0001504,287.63623,289.6416,6666.776,"spacetrack"
53649,"2026-09-06 20:00:01.999+00",0.00023763,15.953867,0.00092723,0.0001427,286.2859,288.1882,6665.374,"spacetrack"
53653,"2026-09-01 20:00:02+00",0.0014545,15.943443,0.00539676,0.000144,289.18185,291.1023,6668.2793,"spacetrack"
53653,"2026-09-02 22:00:03+00",0.0012513,15.956261,0.0049718,0.0001821,285.3569,287.78418,6664.7075,"spacetrack"
53653,"2026-09-03 22:00:02+00",0.0005401,15.962679,0.00221996,0.0001944,283.4885,286.07904,6662.921,"spacetrack"
53653,"2026-09-04 22:00:02+00",0.00040012,15.968274,0.00169363,0.0001791,282.0343,284.42038,6661.3643,"spacetrack"
53653,"2026-09-05 20:00:01.999+00",0.0003446,15.972149,0.00148898,0.0001915,280.87463,283.42554,6660.287,"spacetrack"
53653,"2026-09-06 20:00:01.999+00",0.00057679,15.976827,0.00256178,0.0001846,279.62073,282.07922,6658.987,"spacetrack"
53669,"2026-09-01 20:00:02+00",0.0011391,15.910249,0.00355945,0.0001618,298.33337,300.49423,6677.551,"spacetrack"
53669,"2026-09-02 22:00:03+00",0.00053331,15.919665,0.00174565,0.0001297,295.91443,297.6459,6674.917,"spacetrack"
53669,"2026-09-03 22:00:02+00",0.00077229,15.92394,0.00258739,0.0001464,294.6087,296.56277,6673.7227,"spacetrack"
53669,"2026-09-04 22:00:02+00",0.00052982,15.928842,0.00181878,0.0001376,293.2985,295.1347,6672.3535,"spacetrack"
53669,"2026-09-05 20:00:01.999+00",0.00058445,15.933009,0.00205115,0.000114,292.29248,293.8135,6671.19,"spacetrack"
53669,"2026-09-06 20:00:01.999+00",0.0005405,15.937736,0.00194407,0.0001144,290.97098,292.49704,6669.871,"spacetrack"
53673,"2026-09-01 19:38:09.482+00",0.00050584,16.109535,0.00498558,0.0002556,242.5361,245.92146,6622.3657,"spacetrack"
53673,"2026-09-02 23:57:03.971+00",0.00047191,16.121561,0.00503823,0.0003005,238.94615,242.92421,6619.0723,"spacetrack"
53673,"2026-09-03 22:17:22.941+00",0.00050023,16.13186,0.00572248,0.0003364,235.89192,240.34334,6616.2544,"spacetrack"
53673,"2026-09-04 11:41:09.252+00",0.00050167,16.138393,0.00600002,0.0003639,233.92467,238.73868,6614.4688,"spacetrack"
53673,"2026-09-05 11:29:15.646+00",0.00050541,16.150568,0.00657341,0.0003956,230.39198,235.62271,6611.1445,"spacetrack"
53673,"2026-09-06 17:12:47.487+00",0.00047237,16.16743,0.0069226,0.0004391,225.50856,231.31042,6606.5464,"spacetrack"
53891,"2026-09-01 20:00:02+00",0.0020437,15.814925,0.00435966,0.0001354,325.3115,327.127,6704.3564,"spacetrack"
53891,"2026-09-02 22:00:03+00",0.0015287,15.823093,0.00334538,0.0001305,323.0371,324.78635,6702.049,"spacetrack"
53891,"2026-09-03 22:00:02+00",0.00075149,15.827983,0.00164606,0.0001424,321.5773,323.48566,6700.6685,"spacetrack"
53891,"2026-09-04 22:00:02+00",0.00088068,15.831907,0.00197382,0.0001558,320.3802,322.46777,6699.561,"spacetrack"
53891,"2026-09-05 20:00:01.999+00",0.00075713,15.835611,0.00172085,0.0001571,319.3271,321.43176,6698.5166,"spacetrack"
53891,"2026-09-06 20:00:01.999+00",0.00073197,15.839704,0.00169563,0.0001584,318.16455,320.2863,6697.3623,"spacetrack"
54015,"2026-09-01 20:00:02+00",0.0020137,15.962338,0.00850741,0.0001082,284.15775,285.5996,6663.0156,"spacetrack"
54015,"2026-09-02 15:37:01.934+00",0.0018839,15.977001,0.00862725,0.0001355,279.8991,281.70367,6658.9385,"spacetrack"
54015,"2026-09-03 23:07:15.125+00",0.0019526,16.00083,0.01020793,0.000102,273.5104,274.8675,6652.326,"spacetrack"
54015,"2026-09-04 14:06:22.472+00",0.0016185,16.01177,0.00902445,9.83e-05,270.50436,271.8116,6649.295,"spacetrack"
54015,"2026-09-05 14:03:36.281+00",0.0011435,16.030502,0.00713138,0.0002509,264.31027,267.6443,6644.1143,"spacetrack"
54015,"2026-09-06 18:28:09.119+00",0.001321,16.05295,0.00941041,8.46e-05,259.22028,260.3434,6637.919,"spacetrack"
54039,"2026-09-01 13:52:07.044+00",0.00038289,15.820412,0.00078634,0.0013397,315.68942,333.64893,6702.806,"spacetrack"
54039,"2026-09-02 23:15:47.863+00",0.00032351,15.822689,0.00067044,0.0013505,314.97452,333.07706,6702.1626,"spacetrack"
54039,"2026-09-03 12:55:24.379+00",0.00038402,15.823595,0.00080064,0.0013525,314.7057,332.83435,6701.907,"spacetrack"
54039,"2026-09-04 11:41:18.524+00",0.0003637,15.825212,0.00076357,0.0013468,314.28827,332.3393,6701.4507,"spacetrack"
54039,"2026-09-05 19:33:20.928+00",0.00036371,15.827305,0.0007712,0.0013521,313.66263,331.7831,6700.86,"spacetrack"
54039,"2026-09-06 22:52:02.042+00",0.00040127,15.829283,0.00085964,0.0013404,313.18353,331.14572,6700.302,"spacetrack"
55010,"2026-09-01 22:45:45.642+00",0.00080819,15.735222,0.00113642,0.0004095,346.08502,351.59442,6726.9766,"spacetrack"
55010,"2026-09-02 21:39:18.126+00",0.00073717,15.737377,0.00104488,0.0004088,345.47574,350.97522,6726.3623,"spacetrack"
55010,"2026-09-03 22:04:12.254+00",0.00081477,15.739744,0.00116843,0.0003999,344.86157,350.24078,6725.688,"spacetrack"
55010,"2026-09-04 14:51:11.784+00",0.00078586,15.741395,0.00113445,0.0003956,344.4206,349.74158,6725.2183,"spacetrack"
55010,"2026-09-05 18:18:45.972+00",0.0007765,15.74421,0.00113453,0.0003856,343.68628,348.87216,6724.416,"spacetrack"
55010,"2026-09-06 21:46:02.523+00",0.00087407,15.747056,0.00129541,0.0003798,342.91534,348.02258,6723.606,"spacetrack"
55041,"2026-09-01 22:45:01.425+00",0.0004272,15.754235,0.00064748,0.0003721,340.92508,345.92725,6721.563,"spacetrack"
55041,"2026-09-02 15:31:06.793+00",0.00041945,15.755166,0.00063819,0.000359,340.7485,345.5744,6721.2983,"spacetrack"
55041,"2026-09-03 18:57:18.979+00",0.00036782,15.756602,0.00056248,0.0003592,340.33893,345.16724,6720.89,"spacetrack"
55041,"2026-09-04 19:20:29.137+00",0.00037685,15.757836,0.00057954,0.0003604,339.9802,344.82437,6720.539,"spacetrack"
55041,"2026-09-05 22:46:25.267+00",0.00035513,15.759128,0.00054895,0.0003601,339.61505,344.45493,6720.172,"spacetrack"
55041,"2026-09-06 20:06:29.639+00",0.00039194,15.760243,0.00060936,0.0003465,339.38953,344.0464,6719.855,"spacetrack"
56943,"2026-09-01 21:41:46.48+00",0.00071519,16.04821,0.00480535,0.0006925,256.4912,265.68655,6639.226,"spacetrack"
56943,"2026-09-02 21:37:59.386+00",0.00068754,16.058117,0.00490682,0.0007117,253.63483,263.0812,6636.495,"spacetrack"
56943,"2026-09-03 21:33:18.38+00",0.0007241,16.068502,0.0055086,0.0007391,250.59511,260.40094,6633.6353,"spacetrack"
56943,"2026-09-04 16:58:47.675+00",0.00070992,16.077492,0.00571313,0.0007632,247.96423,258.08606,6631.162,"spacetrack"
56943,"2026-09-05 18:21:53.228+00",0.00079666,16.090294,0.00694576,0.0007831,244.317,254.69722,6627.644,"spacetrack"
56943,"2026-09-06 21:13:14.546+00",0.00069994,16.10421,0.00667955,0.0007905,240.45256,250.92484,6623.8257,"spacetrack"
57047,"2026-09-01 22:05:56.939+00",1.9061e-05,16.009436,9.585e-05,0.0007618,266.73837,276.8702,6649.9414,"spacetrack"
57047,"2026-09-03 10:06:05.661+00",5.4094e-05,16.010803,0.00028606,0.0007298,266.57297,276.2787,6649.563,"spacetrack"
57047,"2026-09-04 22:06:04.758+00",0.00024277,16.010183,0.00130256,0.0008138,266.1857,277.00882,6649.7344,"spacetrack"
57047,"2026-09-05 23:36:13.047+00",0.00022708,16.009693,0.00121468,0.0008258,266.24167,277.22458,6649.87,"spacetrack"
57047,"2026-09-06 17:36:20.143+00",6.422e-05,16.00899,0.00033822,0.0010154,265.17545,278.68042,6650.065,"spacetrack"
58274,"2026-09-01 20:46:25.632+00",0.0012159,15.772073,0.00202981,0.0007755,333.1488,343.56607,6716.4946,"spacetrack"
58274,"2026-09-02 18:05:21.428+00",0.0012108,15.775543,0.00205293,0.0007579,332.28265,342.46204,6715.5093,"spacetrack"
58274,"2026-09-03 16:55:19.622+00",0.0010924,15.779171,0.00187819,0.0007505,331.30386,341.3823,6714.48,"spacetrack"
58274,"2026-09-05 20:39:21.601+00",0.0010409,15.787626,0.00185771,0.0007235,329.08936,338.80173,6712.0825,"spacetrack"
58274,"2026-09-06 19:28:15.391+00",0.001156,15.791825,0.00210856,0.0007221,327.90955,337.6014,6710.8926,"spacetrack"
58284,"2026-09-01 13:44:34.434+00",0.0014448,16.325367,0.08103273,0.0010112,179.09416,192.36893,6563.8687,"spacetrack"
58284,"2026-09-02 00:00:18.687+00",0.0003818,16.462557,0.17429963,0.0007949,144.02556,154.40274,6527.351,"spacetrack"
58285,"2026-09-01 18:49:00.276+00",0.0014314,15.7762,0.0024446,0.0006901,332.55154,341.82004,6715.3228,"spacetrack"
58285,"2026-09-02 16:07:33.91+00",0.0012608,15.780228,0.00218542,0.0006953,331.37497,340.71173,6714.18,"spacetrack"
58285,"2026-09-03 13:25:48.348+00",0.0012865,15.784214,0.00227194,0.0006862,330.3063,339.5193,6713.05,"spacetrack"
58285,"2026-09-04 12:15:03.216+00",0.0010457,15.787518,0.00186543,0.0007166,329.1664,338.78622,6712.1133,"spacetrack"
58285,"2026-09-05 06:30:13.091+00",0.0010148,15.790523,0.00183414,0.0007199,328.29337,337.95624,6711.2617,"spacetrack"
58285,"2026-09-06 18:59:54.745+00",0.0011395,15.796956,0.00212724,0.0006973,326.62384,335.9808,6709.4395,"spacetrack"
58286,"2026-09-01 18:07:26.176+00",0.0013594,15.850066,0.00328627,0.0004538,313.26807,319.34393,6694.443,"spacetrack"
58286,"2026-09-02 19:52:35.392+00",0.0013215,15.857327,0.00330804,0.0004695,311.12018,317.40433,6692.3994,"spacetrack"
58286,"2026-09-03 06:28:37.256+00",0.0013284,15.860483,0.00337867,0.0004612,310.2883,316.46057,6691.511,"spacetrack"
58286,"2026-09-04 05:11:07.651+00",0.0014516,15.867382,0.00383675,0.0004639,308.33145,314.53802,6689.572,"spacetrack"
58286,"2026-09-05 17:29:54.192+00",0.0014483,15.878551,0.00405186,0.0004739,305.12906,311.46646,6686.4346,"spacetrack"
58286,"2026-09-06 19:12:14.971+00",0.0014099,15.886786,0.00391972,0.0004856,302.74063,309.23227,6684.1235,"spacetrack"
58294,"2026-09-01 19:31:56.179+00",0.001366,15.960992,0.00558662,0.0008708,279.45078,291.05576,6663.39,"spacetrack"
58294,"2026-09-02 19:35:56.131+00",0.0013236,15.972233,0.00575515,0.0008945,276.16904,288.08426,6660.2637,"spacetrack"
58294,"2026-09-03 16:38:34.566+00",0.0012358,15.982551,0.00568925,0.0009169,273.15573,285.36404,6657.397,"spacetrack"
58294,"2026-09-04 16:40:30.804+00",0.0012556,15.995921,0.00622946,0.0009598,269.16333,281.93573,6653.6865,"spacetrack"
58294,"2026-09-05 06:11:03.734+00",0.0013226,16.003973,0.00686738,0.000992,266.71948,279.916,6651.4546,"spacetrack"
58294,"2026-09-06 19:40:22.276+00",0.0013661,16.028252,0.00816301,0.0011048,259.25824,273.94046,6644.7363,"spacetrack"
58304,"2026-09-01 18:03:41.874+00",0.0012247,15.732721,0.00171682,0.0005518,345.84024,353.26492,6727.6895,"spacetrack"
58304,"2026-09-02 00:10:02.953+00",0.0011772,15.733538,0.00165468,0.0005454,345.6507,352.98898,6727.457,"spacetrack"
58304,"2026-09-03 18:53:58.668+00",0.0010944,15.739161,0.00157402,0.0005299,344.15344,351.28152,6725.8545,"spacetrack"
58304,"2026-09-04 02:31:43.542+00",0.0011391,15.740214,0.00164716,0.0005338,343.82706,351.00726,6725.554,"spacetrack"
58304,"2026-09-05 16:40:01.004+00",0.001158,15.745373,0.00171327,0.0005273,342.40265,349.49387,6724.0854,"spacetrack"
58304,"2026-09-06 20:07:07.536+00",0.0010969,15.749045,0.00164736,0.0005234,341.38412,348.42178,6723.04,"spacetrack"
58306,"2026-09-01 18:55:56.636+00",0.0014028,15.869014,0.00373586,0.0006986,306.30328,315.64932,6689.1133,"spacetrack"
58306,"2026-09-02 19:08:28.819+00",0.0013859,15.876329,0.00382846,0.000686,304.33408,313.5087,6687.0586,"spacetrack"
58306,"2026-09-03 19:20:20.267+00",0.001409,15.883915,0.00386546,0.0006784,302.25696,311.32706,6684.929,"spacetrack"
58306,"2026-09-05 12:08:45.233+00",0.0014062,15.897177,0.00412276,0.0007393,298.13437,308.0132,6681.211,"spacetrack"
58306,"2026-09-06 19:51:36.914+00",0.0013796,15.908246,0.00427778,0.0007534,294.94275,305.00534,6678.111,"spacetrack"
58308,"2026-09-01 18:02:05.508+00",0.0012523,15.758278,0.0019659,0.0006811,337.69928,346.85382,6720.4136,"spacetrack"
58308,"2026-09-02 19:56:23.94+00",0.0012555,15.762449,0.002008,0.0006789,336.52914,345.6525,6719.228,"spacetrack"
58308,"2026-09-03 17:16:07.141+00",0.0011029,15.765595,0.00178347,0.0006656,335.7252,344.66864,6718.334,"spacetrack"
58308,"2026-09-04 17:38:18.963+00",0.0011225,15.769587,0.00184869,0.000649,334.70404,343.42297,6717.2007,"spacetrack"
58308,"2026-09-05 13:26:05.254+00",0.0011895,15.7727585,0.00198971,0.0006272,333.9502,342.37512,6716.3,"spacetrack"
58308,"2026-09-06 18:21:37.638+00",0.0011235,15.777475,0.0019171,0.0006063,332.7527,340.89526,6714.961,"spacetrack"
58309,"2026-09-01 19:20:53.701+00",0.0011878,15.737191,0.00169729,0.0006684,343.78247,352.77435,6726.4155,"spacetrack"
58309,"2026-09-02 19:45:45.772+00",0.0010818,15.740569,0.00156562,0.0006552,342.9098,351.72284,6725.453,"spacetrack"
58309,"2026-09-03 17:07:16.103+00",0.0010422,15.743436,0.00152621,0.0006527,342.11063,350.88898,6724.6367,"spacetrack"
58309,"2026-09-04 05:19:27.072+00",0.0010994,15.745175,0.00162406,0.0006542,341.6056,350.40344,6724.1416,"spacetrack"
58309,"2026-09-05 11:49:34.749+00",0.0011582,15.749212,0.00174335,0.0006455,340.51556,349.19495,6722.992,"spacetrack"
58309,"2026-09-06 19:50:41.345+00",0.0010983,15.753704,0.00168423,0.0006324,339.32657,347.82822,6721.7144,"spacetrack"
58412,"2026-09-01 20:00:02+00",0.00023854,15.807136,0.0004842,0.0028708,309.1683,347.67468,6706.5586,"spacetrack"
58412,"2026-09-02 22:00:03+00",0.00013479,15.809817,0.00027376,0.0028344,308.65637,346.6702,6705.8003,"spacetrack"
58412,"2026-09-03 22:00:02+00",0.00010354,15.812275,0.00021119,0.0028127,308.10876,345.82764,6705.105,"spacetrack"
58412,"2026-09-04 20:43:20.085+00",0.00051192,15.814066,0.00108603,0.0028122,307.60733,345.31668,6704.599,"spacetrack"
58412,"2026-09-05 11:52:45.302+00",0.00061175,15.8156185,0.00131124,0.0027966,307.27432,344.77203,6704.16,"spacetrack"
58412,"2026-09-06 04:33:00.743+00",0.0005197,15.817335,0.0011197,0.0027897,306.83707,344.23956,6703.6753,"spacetrack"
58435,"2026-09-01 22:35:50.512+00",0.00036568,15.945509,0.00136937,0.0002391,287.97192,291.1604,6667.703,"spacetrack"
58435,"2026-09-02 22:41:38.219+00",0.00047006,15.948273,0.00178807,0.0002623,287.04703,290.5445,6666.9326,"spacetrack"
58435,"2026-09-03 22:47:10.557+00",0.00053353,15.951283,0.00206276,0.0001958,286.6516,289.26205,6666.0938,"spacetrack"
58435,"2026-09-04 13:50:29.987+00",0.00038267,15.953086,0.00149237,0.0002118,286.0429,288.86646,6665.592,"spacetrack"
58435,"2026-09-05 22:57:27.772+00",0.00035479,15.956921,0.0014121,0.0002149,284.95453,287.81894,6664.524,"spacetrack"
58435,"2026-09-06 20:01:38.281+00",0.00036363,15.959494,0.00146763,0.0002088,284.27896,287.06177,6663.807,"spacetrack"
58507,"2026-09-01 22:49:52.717+00",0.0004183,15.259753,0.00022697,0.0223975,334.07718,641.6394,6865.995,"spacetrack"
58507,"2026-09-02 20:51:51.423+00",0.00039937,15.260187,0.00021658,0.0223638,334.18137,641.275,6865.865,"spacetrack"
58507,"2026-09-03 07:52:49.977+00",0.00040175,15.260397,0.00021787,0.0223512,334.20618,641.124,6865.8022,"spacetrack"
58507,"2026-09-04 15:21:17.151+00",0.00036002,15.260987,0.00019523,0.0223147,334.28387,640.6926,6865.625,"spacetrack"
58507,"2026-09-05 21:15:15.248+00",0.000355,15.26152,0.00019254,0.022285,334.3314,640.3252,6865.4653,"spacetrack"
58507,"2026-09-06 22:25:55.183+00",0.00037989,15.261957,0.00020597,0.0222564,334.39972,639.995,6865.3345,"spacetrack"
58598,"2026-09-01 20:00:02+00",0.00034103,15.838858,0.00081517,0.0030704,298.89978,340.0284,6697.601,"spacetrack"
58598,"2026-09-02 22:00:03+00",0.00050362,15.842066,0.00119572,0.003078,297.94742,339.1723,6696.697,"spacetrack"
58598,"2026-09-03 22:00:02+00",0.00043042,15.845356,0.00103527,0.0030852,296.9749,338.2905,6695.7695,"spacetrack"
58598,"2026-09-04 22:00:02+00",0.00018424,15.848781,0.0004362,0.0031005,295.91092,337.4254,6694.805,"spacetrack"
58598,"2026-09-05 22:00:03+00",0.0004519,15.851794,0.00112461,0.0031075,295.01797,336.6209,6693.9565,"spacetrack"
58598,"2026-09-06 20:00:01.999+00",0.00039644,15.854705,0.0009987,0.0031338,294.02545,335.97537,6693.137,"spacetrack"
58672,"2026-09-01 17:52:22.17+00",0.00049845,15.693698,0.00061508,0.0027998,341.83295,379.56775,6738.8374,"spacetrack"
58672,"2026-09-02 09:08:47.274+00",0.00046501,15.694526,0.00057536,0.0028113,341.5192,379.40765,6738.6006,"spacetrack"
58672,"2026-09-03 17:13:06.993+00",0.00044058,15.696185,0.00054876,0.0028348,340.8872,379.0897,6738.1255,"spacetrack"
58672,"2026-09-04 23:45:37.395+00",0.00042275,15.697713,0.00052984,0.002856,340.3086,378.79428,6737.6885,"spacetrack"
58672,"2026-09-06 23:05:39.493+00",0.0005108,15.700123,0.00064883,0.0028741,339.499,378.2246,6736.999,"spacetrack"
58706,"2026-09-01 22:37:50.858+00",0.00045482,15.768458,0.00074852,0.0003724,336.88205,341.88528,6717.5205,"spacetrack"
58706,"2026-09-03 02:00:35.58+00",0.00040667,15.770078,0.00067281,0.0003605,336.5023,341.3453,6717.061,"spacetrack"
58706,"2026-09-04 08:25:40.339+00",0.00041536,15.771817,0.00069283,0.0003386,336.15588,340.70435,6716.567,"spacetrack"
58706,"2026-09-05 23:57:58.117+00",0.00038461,15.774112,0.0006473,0.0003193,335.63428,339.92307,6715.9155,"spacetrack"
58706,"2026-09-06 19:43:59.111+00",0.00041678,15.775305,0.00070623,0.0002983,335.43686,339.44336,6715.577,"spacetrack"
58720,"2026-09-01 20:00:02+00",0.0007649,15.926287,0.00265893,0.000701,290.25235,299.608,6673.0674,"spacetrack"
58720,"2026-09-02 22:00:03+00",0.00090169,15.931842,0.00323467,0.0007211,288.56793,298.1896,6671.5156,"spacetrack"
58720,"2026-09-03 22:00:02+00",0.00090412,15.9370985,0.003336,0.0007283,287.05396,296.76956,6670.049,"spacetrack"
58720,"2026-09-04 22:00:02+00",0.00080597,15.942794,0.00306331,0.0007477,285.33716,295.30917,6668.46,"spacetrack"
58720,"2026-09-05 22:00:03+00",0.00093677,15.948255,0.00367289,0.0007684,283.67783,293.92358,6666.9375,"spacetrack"
58720,"2026-09-06 20:00:01.999+00",0.00084423,15.953654,0.00340651,0.000795,281.99728,292.59534,6665.433,"spacetrack"
58925,"2026-09-01 21:03:40.233+00",0.0010047,16.144234,0.01236267,0.000808,229.39323,240.07964,6612.8735,"spacetrack"
58925,"2026-09-02 13:24:53.795+00",0.0010266,16.163982,0.01436732,0.0008785,223.54453,235.15387,6607.4863,"spacetrack"
58925,"2026-09-03 19:05:39.174+00",0.0009733,16.206398,0.01940161,0.0010829,210.67247,224.958,6595.952,"spacetrack"
58925,"2026-09-04 23:12:00.729+00",0.00086827,16.268404,0.02892809,0.0012192,193.02336,209.06604,6579.1816,"spacetrack"
58925,"2026-09-05 22:45:54.648+00",0.00071739,16.356882,0.05643335,0.0013504,168.44511,186.15002,6555.4346,"spacetrack"
58925,"2026-09-06 11:55:41.372+00",0.00014634,16.509537,0.15608978,0.0012612,128.60881,145.04216,6514.9624,"spacetrack"
58929,"2026-09-01 22:07:26.884+00",0.00011831,15.753524,0.00017696,0.0002342,342.05426,345.20273,6721.7656,"spacetrack"
58929,"2026-09-02 22:30:57.61+00",0.00011191,15.753876,0.00016757,0.0002408,341.9099,345.14706,6721.6655,"spacetrack"
58929,"2026-09-03 22:54:26.304+00",0.00013044,15.754267,0.00019589,0.0002428,341.78534,345.04932,6721.554,"spacetrack"
58929,"2026-09-04 23:17:52.764+00",0.00011642,15.754643,0.00017497,0.0002435,341.67352,344.94687,6721.4473,"spacetrack"
58929,"2026-09-05 23:41:17.45+00",0.00095821,15.7542305,0.00146733,0.0002235,341.92532,344.92984,6721.5645,"spacetrack"
58929,"2026-09-06 21:01:52.408+00",6.0638e-05,15.753685,9.014e-05,0.0002591,341.84128,345.3245,6721.7197,"spacetrack"
58992,"2026-09-01 21:38:15.546+00",0.00090197,15.617564,0.00110389,0.0118505,302.46548,462.70132,6760.72,"spacetrack"
58992,"2026-09-02 22:14:23.187+00",0.00081239,15.619923,0.00100106,0.0118006,302.13034,461.67538,6760.04,"spacetrack"
58992,"2026-09-03 21:18:03.358+00",0.00091232,15.622114,0.00113288,0.0117496,301.85037,460.69104,6759.4077,"spacetrack"
58992,"2026-09-04 21:53:45.093+00",0.00081991,15.624517,0.00102509,0.0116957,301.52954,459.62534,6758.7144,"spacetrack"
58992,"2026-09-05 22:29:13.221+00",0.00087528,15.626955,0.00110327,0.0116398,301.21265,458.53647,6758.0117,"spacetrack"
58992,"2026-09-06 20:00:03.972+00",0.00094702,15.629107,0.001202,0.0115842,300.975,457.53296,6757.391,"spacetrack"
58993,"2026-09-01 17:55:39.311+00",0.0015281,16.03617,0.00953007,0.0009275,258.25067,270.5726,6642.549,"spacetrack"
58993,"2026-09-02 04:24:28.913+00",0.0014308,16.0448,0.00939707,0.000934,255.82773,268.23157,6640.1665,"spacetrack"
58993,"2026-09-03 17:47:28.847+00",0.0014078,16.07755,0.01128334,0.0011131,245.6277,260.38995,6631.146,"spacetrack"
58993,"2026-09-04 16:10:52.194+00",0.0013217,16.101406,0.01230169,0.0011497,238.84131,254.07391,6624.5947,"spacetrack"
58993,"2026-09-05 17:30:39.195+00",0.0012812,16.134674,0.01471638,0.0011877,229.49097,245.20538,6615.4854,"spacetrack"
58993,"2026-09-06 23:14:01.801+00",0.0015357,16.189295,0.02704938,0.0013192,213.7526,231.1676,6600.597,"spacetrack"
59322,"2026-09-01 20:00:02+00",0.00070665,15.878353,0.00199796,0.0025048,291.6047,325.10135,6686.49,"spacetrack"
59322,"2026-09-02 22:00:03+00",0.00065824,15.882809,0.00190302,0.0025228,290.237,323.96805,6685.2397,"spacetrack"
59322,"2026-09-03 22:00:02+00",0.00061047,15.886986,0.00180185,0.0025343,288.99133,322.8702,6684.068,"spacetrack"
59322,"2026-09-04 22:00:02+00",5.3308e-05,15.891973,0.00013758,0.0025447,287.52698,321.53775,6682.6694,"spacetrack"
59322,"2026-09-05 22:00:03+00",0.00048478,15.895728,0.00149279,0.0025593,286.37955,320.58008,6681.6167,"spacetrack"
59322,"2026-09-06 20:00:01.999+00",0.00076628,15.899357,0.00242147,0.0025886,285.16956,319.75635,6680.6,"spacetrack"
59586,"2026-09-01 20:00:02+00",0.0014575,15.69096,0.00181352,0.0028759,342.102,380.86694,6739.6216,"spacetrack"
59586,"2026-09-02 00:00:02+00",0.00039825,15.692056,0.00048684,0.002857,341.91632,380.42474,6739.3076,"spacetrack"
59586,"2026-09-03 09:19:52.984+00",0.00049107,15.693761,0.00060635,0.0028353,341.57578,379.78894,6738.8193,"spacetrack"
59586,"2026-09-04 17:24:19.231+00",0.00050738,15.695514,0.00063113,0.0028031,341.2926,379.06897,6738.318,"spacetrack"
59586,"2026-09-05 08:40:38.523+00",0.00046797,15.696379,0.00058355,0.0028035,341.0431,378.82346,6738.0703,"spacetrack"
59586,"2026-09-06 15:12:58.745+00",0.00093928,15.700447,0.0012039,0.0027576,340.1914,377.3468,6736.9062,"spacetrack"
59878,"2026-09-02 22:00:03+00",0.0022598,15.671483,0.00261345,0.0027096,348.79056,385.34418,6745.2046,"spacetrack"
59878,"2026-09-03 22:00:02+00",0.0027519,15.678137,0.00329634,0.0026829,347.0672,383.25037,6743.296,"spacetrack"
59878,"2026-09-04 22:00:02+00",0.0020809,15.686006,0.00255066,0.0026481,345.05237,380.75427,6741.0405,"spacetrack"
59878,"2026-09-05 22:00:03+00",0.0023895,15.693305,0.00303816,0.0026769,342.77338,378.85236,6738.9497,"spacetrack"
59878,"2026-09-06 20:00:01.999+00",0.0026935,15.699997,0.00354169,0.0026545,341.01453,376.78143,6737.035,"spacetrack"
59907,"2026-09-01 18:16:56.715+00",0.00054152,15.721641,0.00075471,0.0028257,333.6939,371.73264,6730.85,"spacetrack"
59907,"2026-09-02 09:31:43.6+00",0.00051308,15.72265,0.00071802,0.0028573,333.19418,371.65665,6730.5625,"spacetrack"
59907,"2026-09-03 02:17:55.353+00",0.00051321,15.723673,0.00072151,0.0028629,332.86536,371.40155,6730.2705,"spacetrack"
59907,"2026-09-04 01:09:54.101+00",0.00053448,15.725091,0.00075677,0.0028797,332.34872,371.1087,6729.8657,"spacetrack"
59907,"2026-09-05 00:01:45.417+00",0.00047794,15.726514,0.00067986,0.002886,331.90143,370.74387,6729.4595,"spacetrack"
59907,"2026-09-06 08:02:09.088+00",0.00046884,15.728481,0.00067257,0.002893,331.29477,370.22818,6728.8984,"spacetrack"
60051,"2026-09-01 20:00:02+00",0.0062359,15.848071,0.01707075,0.0001438,315.90515,317.83063,6695.005,"spacetrack"
60051,"2026-09-02 22:00:03+00",0.0058215,15.883332,0.01871404,0.0001726,305.80167,308.10938,6685.0923,"spacetrack"
60051,"2026-09-03 22:00:02+00",0.0047637,15.917302,0.015677,0.0001589,296.38013,298.50162,6675.5776,"spacetrack"
60051,"2026-09-04 22:00:02+00",0.0040577,15.952187,0.01601742,0.0001904,286.43594,288.9743,6665.8423,"spacetrack"
60051,"2026-09-05 22:00:03+00",0.0035504,15.9870205,0.01689669,0.0001677,276.90274,279.13522,6656.156,"spacetrack"
60051,"2026-09-06 16:00:01.999+00",0.0033383,16.01389,0.01837763,0.0001807,269.36987,271.7727,6648.7085,"spacetrack"
60210,"2026-09-01 21:23:56.264+00",0.00032173,15.72782,0.00043675,0.0014996,340.85907,361.04095,6729.087,"spacetrack"
60210,"2026-09-02 21:49:48.046+00",0.0003127,15.728724,0.00042603,0.0014999,340.59988,360.785,6728.8296,"spacetrack"
60210,"2026-09-03 20:43:58.158+00",0.00034265,15.729625,0.00046902,0.0015051,340.30835,360.56268,6728.5728,"spacetrack"
60210,"2026-09-04 21:09:39.807+00",0.0002886,15.730522,0.00039605,0.001515,339.98602,360.37283,6728.3164,"spacetrack"
60210,"2026-09-05 23:06:52.46+00",0.00030156,15.731461,0.00041566,0.0015186,339.69473,360.12918,6728.049,"spacetrack"
60210,"2026-09-06 20:29:12.755+00",0.00033508,15.732281,0.00046389,0.0015213,339.44302,359.9131,6727.815,"spacetrack"
60246,"2026-09-04 20:48:04.205+00",0.0005633,15.6967945,0.00067396,0.0014672,349.92828,369.7001,6737.951,"spacetrack"
60246,"2026-09-05 13:37:50.233+00",0.00065448,15.697887,0.00078788,0.0014749,349.56406,369.43875,6737.638,"spacetrack"
60246,"2026-09-06 14:06:27.741+00",0.00057652,15.699489,0.00069786,0.0014898,349.00635,369.08044,6737.18,"spacetrack"
60491,"2026-09-01 19:14:15.174+00",0.0010254,15.791108,0.00185671,0.0003727,330.45767,335.4601,6711.0957,"spacetrack"
60491,"2026-09-02 19:34:05.856+00",0.0010397,15.795017,0.00191746,0.0003879,329.24872,334.45435,6709.989,"spacetrack"
60491,"2026-09-03 16:51:10.632+00",0.00098209,15.798267,0.00183609,0.0003841,328.35428,333.5082,6709.0684,"spacetrack"
60491,"2026-09-04 17:10:22.052+00",0.00095668,15.802053,0.00181921,0.000405,327.14276,332.57626,6707.9966,"spacetrack"
60491,"2026-09-05 11:24:31.874+00",0.00098422,15.804904,0.00189781,0.0004274,326.18628,331.9196,6707.19,"spacetrack"
60491,"2026-09-06 23:52:14.237+00",0.0010584,15.811102,0.00210465,0.000459,324.22214,330.37775,6705.437,"spacetrack"
60499,"2026-09-01 21:31:53.099+00",0.0013469,16.261082,0.04262758,0.0015396,192.8871,213.1518,6581.1562,"spacetrack"
60499,"2026-09-02 10:47:38.135+00",0.0010997,16.33811,0.07221783,0.0016248,171.65852,192.97737,6560.455,"spacetrack"
60508,"2026-09-01 18:48:04.482+00",0.00081114,15.950202,0.00312434,0.0005478,284.60632,291.91003,6666.395,"spacetrack"
60508,"2026-09-02 18:53:15.176+00",0.00076653,15.956728,0.0030576,0.0005612,282.70032,290.18063,6664.5776,"spacetrack"
60508,"2026-09-03 18:57:50.006+00",0.00072774,15.96333,0.00300809,0.000565,280.83813,288.36703,6662.7397,"spacetrack"
60508,"2026-09-04 17:31:34.046+00",0.00078789,15.970084,0.00337911,0.0005745,278.89737,286.55072,6660.861,"spacetrack"
60508,"2026-09-05 17:34:55.988+00",0.0008211,15.977148,0.00366121,0.000596,276.79184,284.72925,6658.8975,"spacetrack"
60508,"2026-09-06 19:07:47.556+00",0.00085574,15.985152,0.00398916,0.0006221,274.39633,282.67856,6656.6743,"spacetrack"
60520,"2026-09-01 19:46:30.379+00",0.00066415,15.816279,0.00133961,0.0002833,323.93726,327.73572,6703.9736,"spacetrack"
60520,"2026-09-02 06:24:13.519+00",0.00064343,15.817615,0.0013053,0.0002963,323.47302,327.44556,6703.596,"spacetrack"
60520,"2026-09-03 18:50:19.096+00",0.00068092,15.821837,0.00141038,0.0003123,322.17316,326.35947,6702.4033,"spacetrack"
60520,"2026-09-05 17:53:09.237+00",0.00069236,15.827169,0.00147116,0.0003488,320.4236,325.09814,6700.898,"spacetrack"
60520,"2026-09-06 19:40:45.658+00",0.00067663,15.830163,0.00145771,0.0003604,319.5014,324.3308,6700.053,"spacetrack"
61642,"2026-09-01 20:00:02+00",0.00080425,15.743832,0.00123723,0.0025104,329.5059,363.26837,6724.524,"spacetrack"
61642,"2026-09-02 22:00:03+00",0.0007696,15.745836,0.00119401,0.002531,328.7979,362.83456,6723.953,"spacetrack"
61642,"2026-09-03 08:00:02+00",0.00079642,15.746608,0.00124008,0.0025032,328.7657,362.4274,6723.7334,"spacetrack"
61642,"2026-09-04 13:03:21.374+00",0.00056274,15.749125,0.00088163,0.0025497,327.73865,362.022,6723.0176,"spacetrack"
61642,"2026-09-05 04:16:31.982+00",0.00056892,15.75028,0.00089638,0.0025696,327.27673,361.826,6722.6885,"spacetrack"
61642,"2026-09-06 12:13:58.619+00",0.00057229,15.752867,0.0009127,0.0025974,326.35605,361.27527,6721.9526,"spacetrack"
61915,"2026-09-01 01:45:59.099+00",9.6581e-06,16.022903,3.195e-05,0.0002991,266.0896,270.06537,6646.2144,"spacetrack"
61915,"2026-09-02 22:35:55.266+00",0.00086342,16.050852,0.00619824,0.0003225,258.21948,262.5013,6638.4976,"spacetrack"
61915,"2026-09-03 16:30:49.46+00",0.0012263,16.061005,0.00934801,0.0003813,255.03244,260.09283,6635.6997,"spacetrack"
61915,"2026-09-04 13:24:01.342+00",0.00087124,16.07284,0.00717393,0.0004078,251.59975,257.00916,6632.4414,"spacetrack"
61915,"2026-09-05 10:16:12.003+00",0.0013198,16.08864,0.01192524,0.0004174,247.19499,252.72812,6628.0986,"spacetrack"
61915,"2026-09-06 12:58:41.886+00",0.0033313,16.245733,0.09800687,0.0003585,204.80316,209.52481,6585.301,"spacetrack"
62204,"2026-09-01 20:00:02+00",7.9301e-05,15.758357,0.00012449,0.0028371,323.18777,361.32062,6720.391,"spacetrack"
62204,"2026-09-02 21:22:35+00",0.00085417,15.760116,0.0014246,0.0028787,322.40964,361.09875,6719.891,"spacetrack"
62204,"2026-09-03 04:58:51.955+00",0.0014635,15.761239,0.00248159,0.0027917,322.67572,360.1938,6719.572,"spacetrack"
62204,"2026-09-04 06:50:06.952+00",0.00099195,15.763426,0.00168222,0.0028005,321.9969,359.62973,6718.95,"spacetrack"
62204,"2026-09-05 11:43:37.825+00",0.00094317,15.764972,0.00160849,0.0027813,321.68802,359.06042,6718.511,"spacetrack"
62204,"2026-09-06 16:00:01.999+00",0.00056091,15.767124,0.00095652,0.002763,321.20126,358.32437,6717.9,"spacetrack"
62459,"2026-09-01 17:59:03.837+00",0.00075192,15.866944,0.00199291,0.0007458,306.56866,316.54703,6689.695,"spacetrack"
62459,"2026-09-02 16:39:35.617+00",0.00065536,15.870349,0.00176086,0.0007608,305.51236,315.68994,6688.7383,"spacetrack"
62459,"2026-09-03 16:50:30.191+00",0.00063578,15.873949,0.00173853,0.0007908,304.30118,314.87848,6687.727,"spacetrack"
62459,"2026-09-04 20:02:22.761+00",0.00058607,15.878035,0.00163311,0.0008181,302.9722,313.91278,6686.5796,"spacetrack"
62459,"2026-09-05 17:11:19.773+00",0.0006092,15.881201,0.0017269,0.0008408,301.93246,313.17514,6685.691,"spacetrack"
62459,"2026-09-06 15:50:38.45+00",0.00063023,15.884575,0.00181924,0.0008599,300.85883,312.35526,6684.744,"spacetrack"
62460,"2026-09-01 18:03:46.073+00",0.00069508,15.865613,0.00182609,0.0007272,307.0672,316.79724,6690.0693,"spacetrack"
62460,"2026-09-02 16:44:24.46+00",0.00064011,15.869039,0.00170774,0.0007691,305.8246,316.11377,6689.106,"spacetrack"
62460,"2026-09-03 16:55:26.269+00",0.00063265,15.872616,0.00171827,0.0008006,304.60983,315.31882,6688.1016,"spacetrack"
62460,"2026-09-04 20:07:27.153+00",0.00057744,15.876657,0.00159734,0.0008178,303.36072,314.2979,6686.9663,"spacetrack"
62460,"2026-09-05 20:17:47.262+00",0.00057729,15.880194,0.00162606,0.0008442,302.192,313.4806,6685.973,"spacetrack"
62460,"2026-09-06 15:55:56.83+00",0.00060306,15.883097,0.00172585,0.0008578,301.2873,312.75635,6685.1587,"spacetrack"
62607,"2026-09-01 20:00:02+00",0.00072957,15.690845,0.00089418,0.0027767,342.80347,380.23145,6739.6543,"spacetrack"
62607,"2026-09-02 00:00:02+00",0.00056093,15.691209,0.00068558,0.0027534,342.8565,379.96985,6739.5503,"spacetrack"
62607,"2026-09-03 13:28:46.459+00",0.00083139,15.693392,0.00103144,0.0027313,342.38196,379.19403,6738.925,"spacetrack"
62607,"2026-09-04 13:55:04.318+00",0.00075723,15.694859,0.00094171,0.0025829,342.96344,377.7732,6738.5054,"spacetrack"
62607,"2026-09-05 20:27:47.608+00",0.0010694,15.696414,0.00134961,0.0027194,341.59958,378.24655,6738.06,"spacetrack"
62607,"2026-09-06 04:05:56.572+00",0.00073643,15.696811,0.00092572,0.0027664,341.16974,378.44943,6737.947,"spacetrack"
62618,"2026-09-01 18:51:51.007+00",0.0012669,15.855708,0.00314062,0.0004348,311.80795,317.62808,6692.855,"spacetrack"
62618,"2026-09-02 19:05:39.526+00",0.0012349,15.861795,0.0031527,0.0004511,309.9872,316.02396,6691.1426,"spacetrack"
62618,"2026-09-03 17:48:05.767+00",0.0011427,15.867468,0.00299276,0.0004621,308.31943,314.5019,6689.548,"spacetrack"
62618,"2026-09-05 19:43:42.455+00",0.0011356,15.880446,0.00317669,0.0006076,303.70306,311.8278,6685.9023,"spacetrack"
62618,"2026-09-06 19:55:13.25+00",0.0011919,15.887198,0.00332211,0.0006264,301.68427,310.05798,6684.0083,"spacetrack"
62628,"2026-09-01 16:39:54.13+00",0.00025942,14.537861,0.00012262,0.0575768,305.00677,1121.6124,7091.447,"spacetrack"
62628,"2026-09-02 12:29:17.734+00",0.00025123,14.538072,0.0001188,0.0575738,304.9634,1121.5186,7091.378,"spacetrack"
62628,"2026-09-03 13:16:01.053+00",0.00026653,14.538341,0.0001263,0.0575739,304.88025,1121.4268,7091.2905,"spacetrack"
62628,"2026-09-04 23:57:23.189+00",0.00026141,14.538739,0.00012402,0.0575679,304.80063,1121.2471,7091.1606,"spacetrack"
62628,"2026-09-05 19:46:43.072+00",0.00028575,14.538975,0.00013583,0.0575665,304.73843,1121.1562,7091.0845,"spacetrack"
62628,"2026-09-06 23:51:34.419+00",0.00030719,14.539331,0.00014631,0.0575607,304.67026,1120.9924,7090.9683,"spacetrack"
62638,"2026-09-01 19:38:31.977+00",0.0015275,16.039742,0.00975339,0.0011638,255.69608,271.15497,6641.5625,"spacetrack"
62638,"2026-09-02 19:35:02.288+00",0.0014522,16.060217,0.0104823,0.0011888,249.8908,265.66833,6635.9165,"spacetrack"
62638,"2026-09-03 17:59:59.254+00",0.0014815,16.082123,0.01221295,0.0012621,243.3843,260.11945,6629.8887,"spacetrack"
62638,"2026-09-04 19:21:50.115+00",0.0014654,16.112137,0.01452117,0.0012714,235.09734,251.93488,6621.6533,"spacetrack"
62638,"2026-09-05 17:42:03.13+00",0.0015991,16.145308,0.01914078,0.001345,225.54935,243.33719,6612.58,"spacetrack"
62638,"2026-09-06 21:55:04.719+00",0.0013743,16.201593,0.02667025,0.0014532,209.53224,228.70651,6597.2563,"spacetrack"
62756,"2026-09-01 18:13:34.725+00",0.00052829,15.777423,0.00091957,0.000121,336.02634,337.65137,6714.976,"spacetrack"
62756,"2026-09-02 15:29:50.414+00",0.00091425,15.777344,0.00160753,0.0001792,335.65814,338.0648,6714.9985,"spacetrack"
62756,"2026-09-03 17:19:35.162+00",0.00059988,15.777102,0.00104492,0.000161,335.8488,338.01105,6715.067,"spacetrack"
62756,"2026-09-04 17:38:10.183+00",0.00061138,15.777146,0.00106552,0.0001703,335.774,338.06113,6715.0547,"spacetrack"
62756,"2026-09-05 22:30:14.593+00",0.0011333,15.777403,0.00200383,0.0001479,335.85162,337.83792,6714.982,"spacetrack"
62756,"2026-09-06 16:44:10.928+00",0.00085799,15.777262,0.00150593,0.0001655,335.77347,337.99612,6715.022,"spacetrack"
62757,"2026-09-01 16:45:21.797+00",0.0014822,15.768088,0.00253146,0.000282,337.5946,341.38336,6717.626,"spacetrack"
62757,"2026-09-02 10:59:56.367+00",0.0010956,15.768362,0.00185707,0.0002059,338.028,340.7943,6717.5483,"spacetrack"
62757,"2026-09-03 15:52:51.429+00",0.0010258,15.770364,0.00175192,0.0001758,337.6618,340.0235,6716.9795,"spacetrack"
62757,"2026-09-04 08:36:02.589+00",0.00097541,15.771086,0.00166943,0.0002789,336.7643,340.51093,6716.7744,"spacetrack"
62757,"2026-09-05 13:28:40.112+00",0.0011872,15.772874,0.00205859,0.0001075,337.40808,338.85208,6716.267,"spacetrack"
62757,"2026-09-06 22:54:38.959+00",0.0015452,15.775564,0.00273502,0.0001781,336.17035,338.5624,6715.5034,"spacetrack"
63117,"2026-09-01 19:16:00.759+00",0.00077758,15.9550495,0.003319,0.0026116,269.5013,304.31418,6665.045,"spacetrack"
63117,"2026-09-02 19:17:56.824+00",0.00075445,15.962181,0.00335044,0.002611,267.52524,302.31973,6663.0596,"spacetrack"
63117,"2026-09-03 19:19:14.327+00",0.0007632,15.969379,0.00352762,0.0025886,265.67715,300.16278,6661.057,"spacetrack"
63117,"2026-09-04 19:19:51.353+00",0.00077441,15.977084,0.00373736,0.0025641,263.70416,297.85242,6658.915,"spacetrack"
63117,"2026-09-05 19:19:46.651+00",0.00083653,15.985067,0.00422508,0.0025423,261.63785,295.4845,6656.698,"spacetrack"
63117,"2026-09-06 19:18:58.107+00",0.00076245,15.993194,0.00403227,0.00252,259.5367,293.0751,6654.443,"spacetrack"
63671,"2026-09-06 08:20:24.321+00",0.0015687,15.717559,0.00214395,0.0006192,349.71008,358.047,6732.0156,"spacetrack"
64093,"2026-09-01 21:19:20.32+00",0.00037067,15.616834,0.00034925,0.0060179,342.1075,423.48074,6760.931,"spacetrack"
64093,"2026-09-02 21:55:36.891+00",0.00034307,15.617553,0.00032389,0.0060071,341.97437,423.19907,6760.7236,"spacetrack"
64093,"2026-09-03 20:59:33.704+00",0.00036587,15.618247,0.00034644,0.0059971,341.84268,422.92975,6760.5234,"spacetrack"
64093,"2026-09-04 21:35:42.132+00",0.00031533,15.618958,0.00029901,0.0059848,341.72186,422.64017,6760.318,"spacetrack"
64093,"2026-09-05 22:11:46.704+00",0.00034456,15.619649,0.00032768,0.0059676,341.64014,422.32352,6760.1187,"spacetrack"
64093,"2026-09-06 19:43:17.331+00",0.00034803,15.62029,0.00033178,0.0059595,341.51096,422.0826,6759.9336,"spacetrack"
64230,"2026-09-01 18:10:08.329+00",0.0008947,15.797358,0.00169527,0.0008613,325.40985,336.96735,6709.3257,"spacetrack"
64230,"2026-09-02 10:52:30.921+00",0.00082619,15.79978,0.00158009,0.0008373,324.8859,336.12018,6708.64,"spacetrack"
64230,"2026-09-03 17:14:38.288+00",0.00082118,15.803991,0.00160105,0.000789,324.01895,334.60333,6707.448,"spacetrack"
64230,"2026-09-04 09:56:35.795+00",0.00084622,15.806388,0.00166935,0.0007539,323.5768,333.6893,6706.77,"spacetrack"
64230,"2026-09-05 02:38:24.4+00",0.00070022,15.808656,0.00139012,0.0007267,323.11835,332.86505,6706.129,"spacetrack"
64230,"2026-09-06 21:07:48.616+00",0.00086001,15.814656,0.0017638,0.0006555,321.90042,330.68994,6704.432,"spacetrack"
64243,"2026-09-01 20:00:02+00",0.00075805,15.920837,0.00261502,0.0012015,288.43323,304.47226,6674.59,"spacetrack"
64243,"2026-09-02 23:19:16.159+00",0.00059146,15.926204,0.0020944,0.0012282,286.75723,303.14902,6673.0903,"spacetrack"
64243,"2026-09-03 21:53:39.218+00",0.00062705,15.9305525,0.00227488,0.0012537,285.3741,302.10318,6671.8755,"spacetrack"
64243,"2026-09-04 22:00:02+00",0.00061561,15.935369,0.00229317,0.0013117,283.64474,301.1442,6670.5312,"spacetrack"
64243,"2026-09-05 22:00:03+00",0.00060069,15.940285,0.00229819,0.0013437,282.06134,299.98404,6669.1597,"spacetrack"
64243,"2026-09-06 20:00:01.999+00",0.00072745,15.944698,0.00285685,0.0013673,280.6749,298.909,6667.9287,"spacetrack"
65015,"2026-09-01 22:48:33.839+00",-0.00032866,15.752739,-0.00050794,0.0001004,343.1769,344.52667,6721.989,"spacetrack"
65015,"2026-09-02 23:10:23.851+00",0.00065868,15.752271,0.00101493,0.0001239,343.15228,344.81802,6722.122,"spacetrack"
65015,"2026-09-03 22:00:50.208+00",0.00072252,15.752627,0.00111703,0.0001014,343.2021,344.5653,6722.0205,"spacetrack"
65015,"2026-09-04 22:22:37.953+00",0.00040513,15.752485,0.00061943,0.0001045,343.22147,344.62637,6722.061,"spacetrack"
65015,"2026-09-05 22:44:24.127+00",0.00061723,15.751955,0.0009486,0.0001373,343.15192,344.99783,6722.212,"spacetrack"
65015,"2026-09-06 20:03:30.051+00",0.00088179,15.752493,0.00136795,0.0001147,343.15088,344.69293,6722.059,"spacetrack"
65267,"2026-09-01 12:29:37.638+00",0.00014433,15.96457,0.000596,0.0004901,280.99237,287.52286,6662.3945,"spacetrack"
65267,"2026-09-02 11:03:37.289+00",0.00014696,15.964463,0.00060677,0.0005377,280.70502,287.8698,6662.4243,"spacetrack"
65267,"2026-09-06 20:22:14.304+00",0.00014976,15.965287,0.00062137,0.0005748,280.22882,287.88766,6662.1953,"spacetrack"
65268,"2026-09-01 12:52:10.914+00",0.00017856,15.964044,0.00073651,0.0004643,281.31082,287.49768,6662.541,"spacetrack"
65268,"2026-09-02 21:58:04.496+00",0.00014588,15.963862,0.00059998,0.0004485,281.46628,287.44263,6662.5913,"spacetrack"
65268,"2026-09-03 11:30:27.278+00",0.00014529,15.9645815,0.0005999,0.0004511,281.24905,287.25986,6662.3916,"spacetrack"
65268,"2026-09-05 07:08:10.689+00",0.00013316,15.964145,0.00054805,0.0004698,281.2461,287.5062,6662.513,"spacetrack"
65268,"2026-09-06 20:44:51.341+00",0.00014313,15.964141,0.00058976,0.0005472,280.73132,288.02277,6662.514,"spacetrack"
65269,"2026-09-01 22:16:23.601+00",0.00011598,15.963856,0.00047573,0.0004251,281.62424,287.2888,6662.5938,"spacetrack"
65269,"2026-09-02 13:19:01.752+00",0.0001217,15.964716,0.00050189,0.0004388,281.29367,287.14056,6662.354,"spacetrack"
65269,"2026-09-05 07:30:45.478+00",0.00017057,15.964782,0.00070627,0.0005055,280.83096,287.5666,6662.336,"spacetrack"
65269,"2026-09-06 19:37:10.851+00",0.00019179,15.963673,0.00079061,0.0006269,280.3305,288.68414,6662.6445,"spacetrack"
65270,"2026-09-01 22:38:55.836+00",0.00012584,15.964322,0.00051828,0.0005206,280.85806,287.795,6662.4634,"spacetrack"
65270,"2026-09-02 01:39:27.48+00",0.00012066,15.964423,0.00049697,0.00052,280.83408,287.763,6662.4355,"spacetrack"
65270,"2026-09-03 01:43:43.924+00",0.0001335,15.964354,0.00055037,0.000553,280.63367,288.00235,6662.455,"spacetrack"
65270,"2026-09-04 06:18:48.171+00",0.00014563,15.964541,0.00060155,0.0005653,280.49936,288.03186,6662.403,"spacetrack"
65270,"2026-09-05 22:56:01.699+00",0.00014406,15.963905,0.00059322,0.0006347,280.2139,288.6714,6662.5796,"spacetrack"
65270,"2026-09-06 16:59:11.581+00",0.00013452,15.964794,0.00055631,0.000645,279.8981,288.49252,6662.3325,"spacetrack"
66052,"2026-09-01 06:12:44.361+00",0.00048809,15.893707,0.00147204,0.0006073,299.98807,308.10425,6682.183,"spacetrack"
66052,"2026-09-02 22:56:55.283+00",0.00045334,15.898779,0.00135261,0.0005841,298.7226,306.52707,6680.7617,"spacetrack"
66052,"2026-09-03 04:58:57.33+00",0.00048842,15.899584,0.00146604,0.0005775,298.54144,306.25748,6680.5366,"spacetrack"
66052,"2026-09-05 15:47:54.137+00",0.0004958,15.906873,0.00154624,0.0005551,296.65134,304.0658,6678.4956,"spacetrack"
66515,"2026-09-01 21:26:33.201+00",0.0002289,15.837081,0.00052339,0.0010783,312.74243,327.18756,6698.102,"spacetrack"
66515,"2026-09-02 23:10:10.705+00",0.00020585,15.838236,0.00047264,0.0011062,312.23026,327.0484,6697.7764,"spacetrack"
66515,"2026-09-03 20:21:18.937+00",0.00022445,15.839193,0.00051847,0.0011121,311.9211,326.81772,6697.5063,"spacetrack"
66515,"2026-09-04 19:03:09.697+00",0.00020802,15.840218,0.00048239,0.0011247,311.54816,326.61288,6697.2173,"spacetrack"
66515,"2026-09-05 11:41:47.593+00",0.00022969,15.84097,0.00053552,0.0011468,311.18854,326.5488,6697.006,"spacetrack"
66515,"2026-09-06 17:57:22.034+00",0.00021657,15.842323,0.00050789,0.0011672,310.67075,326.30334,6696.624,"spacetrack"
67481,"2026-09-01 08:47:23.565+00",0.00016816,15.728734,0.00023348,0.0014185,341.1445,360.2342,6728.826,"spacetrack"
67481,"2026-09-02 21:21:41.317+00",0.00016185,15.729508,0.00022537,0.0014578,340.65976,360.27768,6728.606,"spacetrack"
67481,"2026-09-03 06:30:14.787+00",0.00016145,15.7296915,0.00022499,0.0014575,340.60953,360.22327,6728.553,"spacetrack"
67481,"2026-09-04 05:21:36.745+00",0.00016115,15.730161,0.00022506,0.0014765,340.3481,360.21713,6728.4194,"spacetrack"
67481,"2026-09-05 22:29:58.238+00",0.00015896,15.73098,0.0002228,0.001508,339.90286,360.19507,6728.186,"spacetrack"
67481,"2026-09-06 04:35:38.521+00",0.0001539,15.731109,0.00021568,0.0015096,339.85544,360.16907,6728.1494,"spacetrack"
67559,"2026-09-01 13:29:24.233+00",0.00056169,14.959967,0.00042783,0.0419324,287.53973,871.0222,6957.418,"spacetrack"
67559,"2026-09-02 13:34:13.098+00",0.00054696,14.960906,0.00041719,0.0418992,287.4917,870.4878,6957.127,"spacetrack"
67559,"2026-09-03 23:16:49.447+00",0.00060025,14.962144,0.00045819,0.0418496,287.46896,869.7428,6956.7427,"spacetrack"
67559,"2026-09-04 23:21:26.88+00",0.00052681,14.962972,0.00040305,0.0418262,287.38593,869.31274,6956.4863,"spacetrack"
67559,"2026-09-05 23:26:00.054+00",0.00047369,14.963711,0.00036322,0.0418067,287.30222,868.93854,6956.2573,"spacetrack"
67559,"2026-09-06 23:30:29.184+00",0.00048841,14.964464,0.00037505,0.0417849,287.22992,868.54346,6956.0234,"spacetrack"
67674,"2026-09-01 21:52:20.275+00",0.00010887,15.82823,0.00022822,0.0005106,319.0403,325.88297,6700.5986,"spacetrack"
67674,"2026-09-02 11:31:42.655+00",0.00010477,15.827924,0.00021924,0.0005187,319.0723,326.0236,6700.685,"spacetrack"
67674,"2026-09-05 22:58:57.023+00",0.00013144,15.828116,0.00027579,0.0005005,319.1401,325.84744,6700.631,"spacetrack"
67674,"2026-09-06 23:15:35.148+00",0.00016136,15.828471,0.00033968,0.000501,319.03668,325.7506,6700.531,"spacetrack"
67685,"2026-09-05 05:50:02.948+00",0.00045135,15.711632,0.00058101,0.0008325,349.96582,361.17743,6733.7085,"spacetrack"
67685,"2026-09-06 16:56:29.529+00",0.00049283,15.713526,0.00064054,0.000832,349.42838,360.63235,6733.1675,"spacetrack"
67686,"2026-09-01 10:15:27.109+00",0.00065625,15.795025,0.00123176,0.0008221,326.33298,337.36554,6709.9863,"spacetrack"
67686,"2026-09-02 18:08:27.614+00",0.00066618,15.798607,0.00127173,0.0008179,325.34766,336.3222,6708.972,"spacetrack"
67686,"2026-09-03 06:17:06.661+00",0.0006865,15.799984,0.00131969,0.0008095,325.01468,335.8759,6708.5825,"spacetrack"
67686,"2026-09-04 09:36:20.822+00",0.00068224,15.803085,0.00133041,0.0008025,324.18442,334.9503,6707.7046,"spacetrack"
67686,"2026-09-05 23:32:31.889+00",0.00065469,15.807346,0.00130125,0.0007968,323.01837,333.70584,6706.499,"spacetrack"
67686,"2026-09-06 16:13:51.167+00",0.00067845,15.809278,0.00136183,0.0007999,322.45163,333.17984,6705.9526,"spacetrack"
67687,"2026-09-04 14:14:54.151+00",0.00055502,15.712897,0.00072079,0.000798,349.83688,360.58328,6733.347,"spacetrack"
67687,"2026-09-05 05:30:41.498+00",0.00061419,15.714129,0.00080326,0.0007996,349.4744,360.24182,6732.995,"spacetrack"
67687,"2026-09-06 13:33:35.534+00",0.00067981,15.716981,0.00090161,0.0007989,348.6653,359.422,6732.1807,"spacetrack"
67688,"2026-09-01 08:35:03.256+00",0.00057737,15.749193,0.00087841,0.0007737,339.6593,350.06247,6722.998,"spacetrack"
67688,"2026-09-02 07:25:32.653+00",0.00054897,15.751033,0.00084128,0.0007729,339.14154,349.53314,6722.474,"spacetrack"
67688,"2026-09-03 07:47:13.601+00",0.0005688,15.752941,0.00087963,0.0007723,338.60297,348.98566,6721.931,"spacetrack"
67688,"2026-09-04 17:16:45.018+00",0.00056639,15.755564,0.00088614,0.0007832,337.78445,348.3125,6721.1855,"spacetrack"
67688,"2026-09-05 05:27:24.106+00",0.00056816,15.756555,0.00089286,0.0007777,337.53992,347.99362,6720.904,"spacetrack"
67690,"2026-09-02 02:46:34.011+00",0.000259,15.405502,0.00016144,0.0156002,338.04993,550.91846,6822.621,"spacetrack"
67690,"2026-09-03 23:55:12.767+00",0.00026669,15.406138,0.00016679,0.0155958,337.89523,550.6979,6822.4336,"spacetrack"
67690,"2026-09-04 20:09:23.851+00",0.00025443,15.406428,0.00015891,0.0155829,337.89893,550.5228,6822.3477,"spacetrack"
67690,"2026-09-05 22:37:08.936+00",0.00023171,15.406762,0.00014426,0.01557,337.88983,550.3347,6822.249,"spacetrack"
67690,"2026-09-06 18:51:17.305+00",0.00024184,15.407039,0.0001509,0.0155583,337.88937,550.17206,6822.1675,"spacetrack"
68205,"2026-09-01 18:00:50.437+00",0.00045167,14.780197,0.00036762,0.051257,276.0797,995.0841,7013.7188,"spacetrack"
68205,"2026-09-02 03:45:48.05+00",0.00045695,14.780521,0.00037222,0.0512469,276.0531,994.9053,7013.616,"spacetrack"
68205,"2026-09-03 04:08:08.883+00",0.00044927,14.781296,0.00036657,0.0512255,275.97095,994.49786,7013.3716,"spacetrack"
68205,"2026-09-04 02:52:56.04+00",0.00048688,14.782059,0.00039862,0.0512088,275.85898,994.1269,7013.13,"spacetrack"
68205,"2026-09-05 03:15:07.304+00",0.00044376,14.782894,0.0003636,0.0511862,275.7669,993.6908,7012.8657,"spacetrack"
68205,"2026-09-06 16:36:58.928+00",0.00045716,14.784154,0.00037558,0.0511449,275.67834,992.98224,7012.4673,"spacetrack"
68293,"2026-09-01 13:14:25.082+00",0.00064686,15.612166,0.00074003,0.0105347,312.90308,455.38022,6762.279,"spacetrack"
68293,"2026-09-02 19:57:38.662+00",0.00065524,15.614276,0.00075547,0.0105023,312.51947,454.54562,6761.6694,"spacetrack"
68293,"2026-09-03 11:19:09.796+00",0.00065724,15.6154,0.00076009,0.0104658,312.44495,453.97073,6761.3447,"spacetrack"
68293,"2026-09-04 10:21:19.027+00",0.00070761,15.617084,0.0008235,0.0104222,312.25912,453.18518,6760.8594,"spacetrack"
68293,"2026-09-05 01:42:40.38+00",0.00063541,15.618168,0.00074083,0.0104,312.09937,452.71872,6760.546,"spacetrack"
68293,"2026-09-06 00:44:34.552+00",0.00074664,15.620004,0.00087722,0.0103427,311.96255,451.7962,6760.0166,"spacetrack"
68373,"2026-09-01 14:06:33.371+00",0.00016559,15.7076235,0.00020629,0.0010283,349.7917,363.64258,6734.854,"spacetrack"
68373,"2026-09-02 16:06:02.796+00",0.00016139,15.708079,0.00020147,0.0010423,349.567,363.6062,6734.7236,"spacetrack"
68373,"2026-09-03 19:37:13.283+00",0.00016623,15.708585,0.00020797,0.0010602,349.30237,363.58237,6734.5796,"spacetrack"
68373,"2026-09-04 15:29:42.287+00",0.00014771,15.708921,0.00018507,0.0010614,349.19794,363.4939,6734.483,"spacetrack"
68373,"2026-09-05 15:57:20.537+00",0.00016313,15.709334,0.00020474,0.0010721,349.00818,363.448,6734.365,"spacetrack"
68373,"2026-09-06 19:28:23.268+00",0.00016325,15.709803,0.00020532,0.0010842,348.7929,363.39542,6734.231,"spacetrack"
68826,"2026-09-01 17:04:43.262+00",0.00012773,15.8545475,0.0003053,0.0012088,306.95398,323.1354,6693.1816,"spacetrack"
68826,"2026-09-02 12:46:15.016+00",0.00011704,15.855011,0.0002802,0.0012183,306.75995,323.06824,6693.0513,"spacetrack"
68826,"2026-09-03 17:33:02.125+00",0.00012313,15.85574,0.00029597,0.0012241,306.51642,322.90186,6692.846,"spacetrack"
68826,"2026-09-04 17:47:06.469+00",0.00012765,15.856375,0.00030784,0.0012201,306.36462,322.69608,6692.6675,"spacetrack"
68826,"2026-09-05 22:33:44.549+00",0.00012791,15.857138,0.00030959,0.0012082,306.22983,322.4015,6692.4526,"spacetrack"
68826,"2026-09-06 18:15:04.5+00",0.00012611,15.857676,0.00030597,0.0012013,306.12497,322.2039,6692.3013,"spacetrack"
68827,"2026-09-01 19:44:09.273+00",0.00014078,15.855083,0.00033921,0.0016236,304.02704,325.76065,6693.031,"spacetrack"
68827,"2026-09-02 12:23:52.618+00",0.00011992,15.855504,0.00028916,0.0016222,303.91806,325.63254,6692.912,"spacetrack"
68827,"2026-09-03 17:10:36.485+00",0.00011796,15.856223,0.00028541,0.0016291,303.6699,325.4761,6692.71,"spacetrack"
68827,"2026-09-04 20:26:23.241+00",0.00011917,15.856909,0.00028936,0.0016363,303.42905,325.33096,6692.517,"spacetrack"
68827,"2026-09-05 11:35:07.437+00",0.00013158,15.857292,0.00032034,0.0016365,303.32016,325.22443,6692.409,"spacetrack"
68827,"2026-09-06 17:52:31.615+00",0.00013243,15.858105,0.00031815,0.0016292,303.14066,324.94647,6692.1807,"spacetrack"
68828,"2026-09-01 10:14:59.417+00",3.449e-05,15.854994,8.18e-05,0.0016125,304.12653,325.71164,6693.056,"spacetrack"
68828,"2026-09-02 11:59:59.94+00",3.6442e-05,15.855879,8.696e-05,0.0016769,303.44672,325.89304,6692.8066,"spacetrack"
68828,"2026-09-05 05:07:38.664+00",1.9961e-05,15.8575115,4.731e-05,0.0015633,303.74826,324.67255,6692.3477,"spacetrack"
68828,"2026-09-06 17:28:29.304+00",2.6815e-05,15.858427,5.998e-05,0.0016797,302.71234,325.19376,6692.09,"spacetrack"
68829,"2026-09-01 17:27:22.027+00",0.00013151,15.854667,0.00031594,0.0015964,304.32614,325.696,6693.148,"spacetrack"
68829,"2026-09-02 11:37:59.976+00",0.00013078,15.855155,0.00031494,0.0015983,304.17618,325.57108,6693.0107,"spacetrack"
68829,"2026-09-03 17:55:38.761+00",0.0001338,15.855985,0.00032353,0.0015919,303.98593,325.2944,6692.7773,"spacetrack"
68829,"2026-09-04 12:06:11.231+00",0.00013528,15.856489,0.00032791,0.0015827,303.90564,325.0905,6692.6353,"spacetrack"
68829,"2026-09-05 22:56:17.746+00",0.00011606,15.857402,0.00028216,0.0015656,303.76385,324.71902,6692.3784,"spacetrack"
68829,"2026-09-06 17:06:44.507+00",0.0001176,15.857849,0.00028657,0.0015671,303.6281,324.60297,6692.2524,"spacetrack"
69095,"2026-09-01 22:25:04.75+00",0.00053535,15.454304,0.00319513,0.0341122,197.86932,662.35815,6808.251,"spacetrack"
69095,"2026-09-02 21:43:24.194+00",0.00051166,15.4603815,0.00306417,0.033855,197.89636,658.7622,6806.4663,"spacetrack"
69095,"2026-09-03 21:01:11.388+00",0.00048427,15.466181,0.00291217,0.0336144,197.88977,655.36597,6804.7646,"spacetrack"
69095,"2026-09-04 21:51:35.722+00",0.00045354,15.47218,0.00273542,0.0333579,197.93468,651.8027,6803.006,"spacetrack"
69095,"2026-09-05 13:22:48.607+00",0.0004787,15.475866,0.00288968,0.0331953,197.99641,649.5803,6801.9253,"spacetrack"
69095,"2026-09-06 21:57:39.377+00",0.00041901,15.483276,0.00254444,0.0328907,197.96938,645.2668,6799.755,"spacetrack"
69537,"2026-09-01 20:57:07.95+00",0.00039099,15.716493,0.00054761,0.0048487,321.53992,386.82593,6732.32,"spacetrack"
69537,"2026-09-02 10:41:18.769+00",0.00036178,15.717145,0.00050722,0.0048358,321.44138,386.55188,6732.134,"spacetrack"
69537,"2026-09-03 18:44:16.501+00",0.00034189,15.718548,0.00048111,0.0047875,321.3679,385.82425,6731.733,"spacetrack"
69537,"2026-09-04 14:34:35.618+00",0.00032391,15.719429,0.00045685,0.0047689,321.2427,385.44623,6731.4814,"spacetrack"
69537,"2026-09-05 19:34:10.529+00",0.00032342,15.720628,0.00045804,0.0047291,321.17023,384.8347,6731.1396,"spacetrack"
69537,"2026-09-06 09:18:08.459+00",0.00032494,15.721196,0.00046128,0.0047203,321.06793,384.6124,6730.977,"spacetrack"
69684,"2026-09-01 13:55:25.975+00",0.0006795,15.752018,0.00102499,0.0001271,343.2026,344.9114,6722.194,"spacetrack"
69684,"2026-09-02 12:47:37.833+00",0.0010727,15.752434,0.00163338,0.0001363,343.02255,344.855,6722.0757,"spacetrack"
69684,"2026-09-03 13:11:18.38+00",0.0006936,15.752077,0.00104683,0.000153,343.01175,345.06873,6722.1772,"spacetrack"
69684,"2026-09-04 02:54:37.687+00",0.0009513,15.751724,0.00144078,0.0002036,342.7719,345.50925,6722.2773,"spacetrack"
69684,"2026-09-05 13:58:39.617+00",0.00095891,15.751876,0.0014534,0.0001062,343.38358,344.8114,6722.2344,"spacetrack"
69684,"2026-09-06 20:28:15.236+00",0.0015346,15.752588,0.00235902,0.0001844,342.65533,345.1344,6722.0317,"spacetrack"
69726,"2026-09-01 16:18:12.809+00",0.0012271,15.75184,0.00186922,0.0001708,342.9596,345.25592,6722.2446,"spacetrack"
69726,"2026-09-02 21:16:19.163+00",0.0011269,15.751981,0.00171435,9.52e-05,343.42752,344.70743,6722.2046,"spacetrack"
69726,"2026-09-03 17:05:32.803+00",0.0011704,15.753094,0.00179078,0.0001014,343.0695,344.43268,6721.888,"spacetrack"
69726,"2026-09-04 17:29:14.162+00",0.00094857,15.752184,0.0014394,0.0001138,343.24472,344.7747,6722.1465,"spacetrack"
69726,"2026-09-05 14:49:56.627+00",0.0010684,15.752738,0.00162895,7.11e-05,343.3741,344.33,6721.9893,"spacetrack"
69726,"2026-09-06 15:13:37.683+00",0.0010468,15.751741,0.00158833,0.0001363,343.21936,345.05185,6722.2725,"spacetrack"
69727,"2026-09-01 15:31:26.787+00",0.0011175,15.751886,0.00169896,0.0001113,343.34628,344.84265,6722.2314,"spacetrack"
69727,"2026-09-02 20:29:33.78+00",0.0010892,15.752191,0.00165732,0.0001425,343.0501,344.96594,6722.145,"spacetrack"
69727,"2026-09-03 16:18:47.92+00",0.0010863,15.751846,0.00165037,0.0001471,343.11707,345.09476,6722.2427,"spacetrack"
69727,"2026-09-04 13:39:30.078+00",0.0013022,15.752817,0.00199497,0.0001011,343.14996,344.50916,6721.967,"spacetrack"
69727,"2026-09-05 15:34:39.982+00",0.00092698,15.751985,0.00140483,0.0001246,343.22897,344.90414,6722.2036,"spacetrack"
69727,"2026-09-06 15:58:20.598+00",0.00056071,15.752265,0.00084467,8.44e-05,343.41937,344.55408,6722.1235,"spacetrack"
69762,"2026-09-01 12:53:17.629+00",0.0011716,15.752467,0.00178769,0.0001318,343.0433,344.81522,6722.0664,"spacetrack"
69762,"2026-09-02 19:22:53.244+00",0.0013726,15.75333,0.00211052,0.0001992,342.34473,345.0227,6721.821,"spacetrack"
69762,"2026-09-03 12:09:09.808+00",0.0012594,15.752567,0.00192563,0.0001674,342.77542,345.02594,6722.0376,"spacetrack"
69762,"2026-09-04 14:04:17.283+00",0.0012382,15.753312,0.00189872,0.0001331,342.7941,344.58344,6721.8257,"spacetrack"
69762,"2026-09-05 12:56:30.787+00",0.0011585,15.7523775,0.00176649,0.0001735,342.78854,345.12112,6722.092,"spacetrack"
69762,"2026-09-06 11:48:42.621+00",0.0012195,15.753506,0.00187126,0.0002777,341.76724,345.50052,6721.771,"spacetrack"
69792,"2026-09-03 09:35:36.105+00",0.00037552,15.821145,0.00083436,0.0014757,314.571,334.35306,6702.599,"spacetrack"
69792,"2026-09-04 18:52:44.477+00",0.0015123,15.827284,0.00352633,0.0014799,312.81198,332.6452,6700.8657,"spacetrack"
69792,"2026-09-05 08:29:25.872+00",0.0016612,15.8314905,0.00396735,0.0014207,312.02344,331.0599,6699.6787,"spacetrack"
69792,"2026-09-06 19:15:30.988+00",0.001633,15.842819,0.00411959,0.0013192,309.5134,327.18143,6696.4844,"spacetrack"
69793,"2026-09-01 10:34:18.956+00",0.00043923,15.700965,0.00057414,0.0018311,346.28537,370.95673,6736.758,"spacetrack"
69793,"2026-09-02 20:06:57.469+00",0.00039007,15.70263,0.00051405,0.0018084,345.9628,370.32657,6736.2817,"spacetrack"
69793,"2026-09-03 05:15:49.45+00",0.00040498,15.703078,0.00053448,0.0018141,345.79648,370.2366,6736.1533,"spacetrack"
69793,"2026-09-04 10:13:48.289+00",0.00043802,15.704431,0.00058087,0.0018188,345.3787,369.88074,6735.7666,"spacetrack"
69793,"2026-09-05 09:05:47.274+00",0.00041667,15.705483,0.00055533,0.0018225,345.05334,369.6041,6735.466,"spacetrack"
69793,"2026-09-06 06:26:13.309+00",0.00039179,15.706485,0.00052478,0.0018251,344.75027,369.33502,6735.1797,"spacetrack"
69975,"2026-09-01 12:59:24.993+00",0.00078154,15.752062,0.00118149,0.0001196,343.24066,344.8486,6722.1816,"spacetrack"
69975,"2026-09-02 13:23:05.334+00",0.0010213,15.7521925,0.00155198,7.6e-05,343.49637,344.51813,6722.144,"spacetrack"
69975,"2026-09-03 12:15:16.743+00",0.00085563,15.752557,0.00129823,0.000187,342.6467,345.16074,6722.0405,"spacetrack"
69975,"2026-09-05 14:34:06.04+00",0.00085132,15.7517805,0.00128713,9.79e-05,343.46655,344.78275,6722.2617,"spacetrack"
69975,"2026-09-06 19:32:13.814+00",0.0013414,15.752436,0.00205313,0.00012,343.13156,344.74484,6722.075,"spacetrack"
69976,"2026-09-01 12:56:52.656+00",0.00031194,15.751908,0.00046655,0.0001493,343.0846,345.09186,6722.225,"spacetrack"
69976,"2026-09-02 13:20:32.966+00",0.00079946,15.751968,0.00120852,0.0001485,343.07297,345.06946,6722.208,"spacetrack"
69976,"2026-09-03 12:12:44.758+00",0.0013327,15.752632,0.00204127,9.03e-05,343.2754,344.48938,6722.0195,"spacetrack"
69976,"2026-09-04 00:24:35.276+00",0.0015901,15.752912,0.00245039,0.0001733,342.6378,344.96762,6721.94,"spacetrack"
69976,"2026-09-05 13:00:05.919+00",0.0010319,15.752278,0.00156903,0.0001641,342.87988,345.08606,6722.12,"spacetrack"
69976,"2026-09-06 19:29:41.245+00",0.00044321,15.752068,0.00066541,3.89e-05,343.78152,344.3045,6722.18,"spacetrack"
69977,"2026-09-01 12:22:18.783+00",0.00087842,15.752267,0.00133167,0.0001549,342.94507,345.0276,6722.1235,"spacetrack"
69977,"2026-09-02 12:45:58.983+00",0.0011123,15.752541,0.00169582,0.0001452,342.93228,344.88437,6722.0454,"spacetrack"
69977,"2026-09-03 13:09:39.776+00",0.00087154,15.752221,0.0013208,0.0001603,342.92154,345.07666,6722.136,"spacetrack"
69977,"2026-09-04 13:33:20+00",0.00059294,15.752005,0.00089279,4.45e-05,343.7616,344.35986,6722.1978,"spacetrack"
69977,"2026-09-05 20:02:55.888+00",0.0012277,15.752325,0.0018741,0.0001879,342.70654,345.2327,6722.1064,"spacetrack"
69977,"2026-09-06 12:49:12.616+00",0.0011771,15.751856,0.00179138,0.0001481,343.10757,345.0987,6722.24,"spacetrack"
69978,"2026-09-01 13:05:01.738+00",0.00067606,15.751353,0.00101675,9.69e-05,343.5946,344.8974,6722.383,"spacetrack"
69978,"2026-09-02 19:34:35.963+00",0.00058775,15.752105,0.00088527,3.19e-05,343.81796,344.24683,6722.1694,"spacetrack"
69978,"2026-09-03 12:20:52.689+00",0.0010285,15.752926,0.00156819,4.67e-05,343.4849,344.11273,6721.936,"spacetrack"
69978,"2026-09-04 18:50:28.419+00",0.0012061,15.751779,0.00183594,0.0001121,343.37143,344.87857,6722.262,"spacetrack"
69978,"2026-09-05 13:08:13.659+00",0.00089543,15.7528,0.00136145,0.0003721,341.33322,346.3357,6721.9717,"spacetrack"
69978,"2026-09-06 13:31:54.309+00",0.00082812,15.751876,0.00125201,0.0001076,343.37415,344.82077,6722.2344,"spacetrack"
69979,"2026-09-01 19:25:39.613+00",0.00090442,15.752326,0.00137216,0.0001923,342.67667,345.262,6722.1064,"spacetrack"
69979,"2026-09-02 19:49:20.299+00",0.00097041,15.752097,0.0014726,0.0001279,343.17484,344.89438,6722.1714,"spacetrack"
69979,"2026-09-03 12:35:36.884+00",0.0007204,15.752067,0.0010878,0.000136,343.12885,344.95728,6722.18,"spacetrack"
69979,"2026-09-04 19:05:11.48+00",0.00097786,15.752806,0.00148876,0.0001324,342.94287,344.72284,6721.9697,"spacetrack"
69979,"2026-09-05 13:22:57.395+00",0.0014569,15.751549,0.00222605,0.0001406,343.24524,345.13556,6722.327,"spacetrack"
69979,"2026-09-06 12:15:09.858+00",0.0014631,15.753779,0.00225805,6.4e-05,343.12585,343.98624,6721.693,"spacetrack"
69980,"2026-09-01 12:41:37.905+00",0.00090704,15.7520275,0.00137437,0.000166,342.93832,345.1701,6722.1914,"spacetrack"
69980,"2026-09-02 19:11:13.463+00",0.001217,15.75238,0.00185787,0.0001743,342.7822,345.12552,6722.091,"spacetrack"
69980,"2026-09-03 13:28:58.723+00",0.00066587,15.752321,0.00100553,0.0001945,342.66318,345.27808,6722.1074,"spacetrack"
69980,"2026-09-04 19:58:34.623+00",0.0013014,15.753304,0.00199798,0.0001697,342.5507,344.83206,6721.8286,"spacetrack"
69980,"2026-09-05 12:44:51.156+00",0.0012046,15.751749,0.00183339,0.0002066,342.7447,345.52234,6722.2705,"spacetrack"
69980,"2026-09-06 13:08:31.735+00",0.00099105,15.751975,0.00150369,7.77e-05,343.5468,344.59146,6722.206,"spacetrack"
69981,"2026-09-01 12:18:14.805+00",0.0012613,15.752448,0.00192759,0.0001342,343.0326,344.8368,6722.072,"spacetrack"
69981,"2026-09-02 18:47:50.388+00",0.0006497,15.752072,0.00097968,0.0001163,343.25977,344.82336,6722.1787,"spacetrack"
69981,"2026-09-03 23:45:56.998+00",0.001269,15.752676,0.00194159,5.75e-05,343.48328,344.25632,6722.007,"spacetrack"
69981,"2026-09-04 11:57:47.406+00",0.0010481,15.752621,0.00159663,0.0001873,342.62646,345.14453,6722.0225,"spacetrack"
69981,"2026-09-05 12:21:28.225+00",0.001202,15.753525,0.00184402,0.0003204,341.47476,345.78207,6721.7656,"spacetrack"
69981,"2026-09-06 12:45:08.738+00",0.00084988,15.751959,0.00128594,0.0001259,343.22745,344.9201,6722.211,"spacetrack"
69982,"2026-09-01 12:12:08.954+00",0.0014128,15.752587,0.00216682,0.0001215,343.07825,344.7117,6722.0317,"spacetrack"
69982,"2026-09-02 18:41:44.356+00",0.0011593,15.752413,0.00176799,0.0001651,342.8348,345.05444,6722.0815,"spacetrack"
69982,"2026-09-03 12:59:29.989+00",0.00088466,15.752249,0.00134119,0.0001665,342.8721,345.1106,6722.1284,"spacetrack"
69982,"2026-09-04 19:29:05.507+00",0.00136,15.752375,0.00208175,3e-06,343.93546,343.9758,6722.093,"spacetrack"
69982,"2026-09-05 12:15:22.348+00",0.0013322,15.753125,0.00204482,8.7e-05,343.1573,344.32687,6721.879,"spacetrack"
69982,"2026-09-06 12:39:03.151+00",0.00070822,15.75239,0.00107068,0.0001673,342.82663,345.07584,6722.0884,"spacetrack"
69983,"2026-09-01 12:46:42.803+00",0.00066346,15.751944,0.00100014,9.27e-05,343.45493,344.70123,6722.215,"spacetrack"
69983,"2026-09-02 13:10:23.142+00",0.00038018,15.752069,0.00056998,0.0001516,343.02332,345.0615,6722.179,"spacetrack"
69983,"2026-09-03 12:02:34.967+00",0.0012159,15.752625,0.00185811,0.0001622,342.79395,344.97455,6722.0215,"spacetrack"
69983,"2026-09-04 21:35:07.524+00",0.00097567,15.754035,0.00149342,9.34e-05,342.8553,344.1109,6721.62,"spacetrack"
69983,"2026-09-05 20:27:20+00",0.0014301,15.752567,0.00219379,0.0001198,343.0955,344.7061,6722.0376,"spacetrack"
69983,"2026-09-06 23:53:57.618+00",0.001361,15.7527,0.00208632,4.4e-05,343.56732,344.15887,6722,"spacetrack"
69984,"2026-09-01 13:16:11.044+00",0.00063894,15.751996,0.00096292,4.72e-05,343.74585,344.38043,6722.2,"spacetrack"
69984,"2026-09-02 19:45:46.814+00",0.0007966,15.752141,0.00120507,0.0001783,342.82352,345.22064,6722.159,"spacetrack"
69984,"2026-09-03 12:32:03.394+00",0.0014792,15.752766,0.00227335,0.0001924,342.55084,345.13748,6721.981,"spacetrack"
69984,"2026-09-04 23:36:05.4+00",0.001043,15.752524,0.00158791,0.0001078,343.18842,344.6377,6722.0503,"spacetrack"
69984,"2026-09-05 13:19:24.912+00",0.001115,15.751885,0.0016957,0.0004372,341.15585,347.03378,6722.232,"spacetrack"
69984,"2026-09-06 12:11:36.452+00",0.0011637,15.753418,0.00178276,9.28e-05,343.0349,344.28247,6721.796,"spacetrack"
69985,"2026-09-01 19:35:48.711+00",0.00070002,15.751914,0.00105596,0.0002316,342.5296,345.64334,6722.2236,"spacetrack"
69985,"2026-09-02 12:22:06.111+00",0.0015377,15.752599,0.00236401,0.0001399,342.95145,344.83228,6722.029,"spacetrack"
69985,"2026-09-03 12:45:46.238+00",0.0010615,15.752319,0.00161528,0.0001314,343.08798,344.85455,6722.1084,"spacetrack"
69985,"2026-09-04 19:15:22.106+00",0.00081608,15.752093,0.0012348,0.0002285,342.49954,345.5716,6722.1724,"spacetrack"
69985,"2026-09-05 13:33:07.828+00",0.00096449,15.751826,0.00146171,0.0001314,343.2282,344.9948,6722.2485,"spacetrack"
69985,"2026-09-06 20:02:43.518+00",0.001161,15.752311,0.00176997,0.0002035,342.60565,345.34155,6722.111,"spacetrack"
69986,"2026-09-01 13:08:33.926+00",0.00085779,15.752027,0.0012985,0.0001559,343.00644,345.10242,6722.1914,"spacetrack"
69986,"2026-09-02 12:00:45.301+00",0.00084595,15.752218,0.00128135,0.0001337,343.10135,344.89883,6722.137,"spacetrack"
69986,"2026-09-03 12:24:26.102+00",0.00097925,15.752428,0.00148849,0.0001966,342.61877,345.26187,6722.077,"spacetrack"
69986,"2026-09-04 18:54:01.788+00",0.0011891,15.752451,0.0018148,0.0001663,342.81595,345.05173,6722.071,"spacetrack"
69986,"2026-09-05 23:52:08.515+00",0.0010648,15.752541,0.00162193,0.0001163,343.12646,344.69,6722.0454,"spacetrack"
69986,"2026-09-06 12:03:58.944+00",0.00080176,15.752099,0.00121275,0.0001544,342.99603,345.07184,6722.171,"spacetrack"
69987,"2026-09-01 19:44:58.388+00",0.00077341,15.752275,0.00117018,0.000207,342.59235,345.3753,6722.1206,"spacetrack"
69987,"2026-09-02 20:08:39.017+00",0.00032428,15.750901,0.0004831,0.0002702,342.55832,346.19116,6722.5117,"spacetrack"
69987,"2026-09-03 23:35:17.638+00",0.0014066,15.7533,0.00216389,0.0001769,342.5033,344.88147,6721.8296,"spacetrack"
69987,"2026-09-04 19:24:31.001+00",0.001459,15.752812,0.00224185,0.0002335,342.2615,345.40067,6721.9683,"spacetrack"
69987,"2026-09-05 12:10:47.997+00",0.0010798,15.752825,0.00164733,8.4e-05,343.26273,344.39203,6721.9644,"spacetrack"
69987,"2026-09-06 12:34:28.622+00",0.0010501,15.751949,0.00159495,0.0001362,343.16104,344.99216,6722.2134,"spacetrack"
69988,"2026-09-01 13:22:47.642+00",0.00057511,15.751958,0.00086548,0.0001437,343.1081,345.04007,6722.211,"spacetrack"
69988,"2026-09-02 12:14:59.126+00",0.0010331,15.752387,0.00157163,5.49e-05,343.58295,344.32104,6722.089,"spacetrack"
69988,"2026-09-03 12:38:39.296+00",0.00079656,15.7525215,0.00120698,9.3e-05,343.28864,344.53894,6722.051,"spacetrack"
69988,"2026-09-04 13:02:20.342+00",0.00098425,15.7523775,0.00149583,0.0001016,343.27176,344.6377,6722.092,"spacetrack"
69988,"2026-09-05 13:26:00.765+00",0.0011462,15.751944,0.00174411,0.000247,342.41782,345.7386,6722.2153,"spacetrack"
69988,"2026-09-06 19:55:37.914+00",0.0013772,15.752052,0.00210575,0.0001799,342.83798,345.25662,6722.184,"spacetrack"
69989,"2026-09-01 13:13:38.73+00",0.0006746,15.752186,0.00101824,0.000132,343.12204,344.8967,6722.1465,"spacetrack"
69989,"2026-09-02 13:37:19.034+00",0.00053106,15.751904,0.00079825,5.52e-05,343.7185,344.46066,6722.2266,"spacetrack"
69989,"2026-09-03 12:29:30.933+00",0.0014738,15.75281,0.00226518,0.0001707,342.6844,344.97928,6721.9688,"spacetrack"
69989,"2026-09-04 18:59:06.724+00",0.00068178,15.751971,0.00102828,0.0001572,343.01358,345.12704,6722.2075,"spacetrack"
69989,"2026-09-05 13:16:52.212+00",0.0011556,15.751897,0.00175823,0.0001244,343.2551,344.9276,6722.2285,"spacetrack"
69989,"2026-09-06 19:46:27.698+00",0.00077946,15.752174,0.00117892,0.0001828,342.78378,345.2414,6722.1494,"spacetrack"
69990,"2026-09-01 19:23:37.581+00",0.0013378,15.752617,0.00204909,0.0002307,342.33585,345.43738,6722.0234,"spacetrack"
69990,"2026-09-02 12:09:53.344+00",0.00082296,15.752736,0.00124888,0.0002157,342.4027,345.30258,6721.9897,"spacetrack"
69990,"2026-09-03 07:59:07.961+00",0.00080586,15.751726,0.00121703,0.0001198,343.33478,344.94543,6722.2773,"spacetrack"
69990,"2026-09-04 12:57:15.251+00",0.00056277,15.751935,0.0008466,0.000119,343.28058,344.8805,6722.218,"spacetrack"
69990,"2026-09-05 13:20:55.979+00",0.00090184,15.752035,0.00136637,0.0001208,343.24002,344.8641,6722.189,"spacetrack"
69990,"2026-09-06 19:50:31.73+00",0.00091042,15.752734,0.00138388,0.0001755,342.67368,345.03308,6721.99,"spacetrack"
69991,"2026-09-01 22:15:55.172+00",0.00085172,15.752168,0.00128999,0.000184,342.77753,345.25128,6722.1514,"spacetrack"
69991,"2026-09-02 13:30:42.732+00",0.00064144,15.752163,0.00096745,0.0001437,343.0499,344.98187,6722.153,"spacetrack"
69991,"2026-09-03 12:22:54.556+00",0.00098338,15.752438,0.00149492,0.0001702,342.79358,345.08176,6722.0747,"spacetrack"
69991,"2026-09-04 12:46:34.897+00",0.00044786,15.751943,0.00067212,0.0001711,342.92822,345.22855,6722.2153,"spacetrack"
69991,"2026-09-05 23:50:36.806+00",0.0014014,15.7528,0.00215089,8.03e-05,343.29477,344.3743,6721.9717,"spacetrack"
69991,"2026-09-06 13:33:56.574+00",0.0012442,15.751859,0.00189615,0.0002699,342.28787,345.91656,6722.2393,"spacetrack"
69992,"2026-09-01 13:24:49.459+00",0.00080389,15.752018,0.00121558,0.0001199,343.25098,344.86298,6722.194,"spacetrack"
69992,"2026-09-02 19:54:25.315+00",0.00086238,15.751835,0.00130448,0.0001696,342.96902,345.24924,6722.246,"spacetrack"
69992,"2026-09-03 12:40:41.765+00",0.00083528,15.752128,0.00126444,0.0001524,343.00146,345.05038,6722.163,"spacetrack"
69992,"2026-09-04 13:04:22.204+00",0.0011794,15.753716,0.00181077,0.0004952,340.24518,346.90237,6721.711,"spacetrack"
69992,"2026-09-05 13:28:02.792+00",0.0011288,15.751886,0.00171667,0.0002038,342.72452,345.4645,6722.2314,"spacetrack"
69992,"2026-09-06 19:57:38.536+00",0.00083819,15.752189,0.00126928,0.0001912,342.7231,345.29367,6722.1455,"spacetrack"
69993,"2026-09-01 13:11:06.368+00",0.00095611,15.752299,0.00145178,8.21e-05,343.42517,344.52893,6722.1143,"spacetrack"
69993,"2026-09-02 13:34:46.543+00",0.00071788,15.751958,0.00108341,0.0001236,343.24332,344.90503,6722.211,"spacetrack"
69993,"2026-09-03 12:26:58.576+00",0.0011179,15.752427,0.00170369,0.000141,342.99283,344.88846,6722.0776,"spacetrack"
69993,"2026-09-04 12:50:39.046+00",0.00080929,15.751891,0.00122318,0.0001161,343.31262,344.8735,6722.23,"spacetrack"
69993,"2026-09-05 23:54:40.26+00",0.0010198,15.752478,0.00155155,4.56e-05,343.6196,344.23264,6722.063,"spacetrack"
69993,"2026-09-06 15:09:28.93+00",0.00081576,15.75205,0.00123397,0.0001056,343.3379,344.7576,6722.1846,"spacetrack"
69994,"2026-09-01 12:51:47.769+00",0.00053861,15.751897,0.0008097,0.0001138,343.32642,344.8564,6722.2285,"spacetrack"
69994,"2026-09-02 13:15:27.874+00",0.00081574,15.752009,0.00123372,5.53e-05,343.6878,344.43127,6722.1963,"spacetrack"
69994,"2026-09-03 12:07:39.93+00",0.00085929,15.752281,0.00130234,0.0002252,342.46835,345.49597,6722.119,"spacetrack"
69994,"2026-09-04 12:31:20.43+00",0.001368,15.752627,0.00209665,0.0001176,343.09314,344.67416,6722.0205,"spacetrack"
69994,"2026-09-05 23:35:21.998+00",0.0013429,15.752936,0.00206006,0.0001954,342.4823,345.10922,6721.9326,"spacetrack"
69994,"2026-09-06 19:24:36.517+00",0.00046928,15.752222,0.00070545,0.0001423,343.0424,344.9555,6722.1357,"spacetrack"
69995,"2026-09-01 13:32:57.244+00",0.00073601,15.751999,0.00111136,2.82e-05,343.87292,344.25204,6722.1997,"spacetrack"
69995,"2026-09-02 12:25:08.938+00",0.0013168,15.752651,0.0020164,0.0001458,342.89673,344.85684,6722.0137,"spacetrack"
69995,"2026-09-03 20:26:13.429+00",0.001057,15.752389,0.00160868,8.83e-05,343.358,344.54514,6722.0884,"spacetrack"
69995,"2026-09-04 23:52:51.813+00",0.0011434,15.752862,0.00174679,0.0001685,342.6841,344.9494,6721.9536,"spacetrack"
69995,"2026-09-05 12:04:41.953+00",0.0012518,15.752278,0.00191133,0.00017,342.84027,345.1258,6722.12,"spacetrack"
69995,"2026-09-06 20:05:46.282+00",0.00094619,15.752207,0.00143589,0.0001489,343.0023,345.00415,6722.14,"spacetrack"
69996,"2026-09-01 13:01:57.684+00",0.00091743,15.752158,0.00139119,0.000155,342.97507,345.05893,6722.154,"spacetrack"
69996,"2026-09-02 13:25:37.839+00",0.00036034,15.752047,0.00053994,0.0001748,342.8737,345.2238,6722.1855,"spacetrack"
69996,"2026-09-03 12:17:49.743+00",0.0013245,15.752618,0.00202819,0.0001354,342.97626,344.79657,6722.0234,"spacetrack"
69996,"2026-09-04 12:41:30.354+00",0.00091383,15.75175,0.00138313,0.0001311,343.25195,345.01453,6722.27,"spacetrack"
69996,"2026-09-05 13:05:10.755+00",0.0013315,15.752049,0.00203405,8.59e-05,343.4706,344.6255,6722.185,"spacetrack"
69996,"2026-09-06 13:28:51.366+00",0.00084312,15.751909,0.00127529,0.0001699,342.9457,345.22992,6722.2246,"spacetrack"
69997,"2026-09-01 12:35:32.122+00",0.00094861,15.752332,0.00144042,0.0001485,342.96945,344.9659,6722.1045,"spacetrack"
69997,"2026-09-02 12:59:12.357+00",0.00040902,15.752058,0.0006136,0.000158,342.98358,345.1078,6722.1826,"spacetrack"
69997,"2026-09-03 13:22:52.865+00",0.00060578,15.752038,0.0009125,9.93e-05,343.38385,344.71887,6722.1885,"spacetrack"
69997,"2026-09-04 12:15:04.64+00",0.0014988,15.753992,0.00231704,0.0002573,341.76593,345.22488,6721.6323,"spacetrack"
69997,"2026-09-05 12:38:45.321+00",0.0011347,15.752016,0.00172664,0.0001272,343.20255,344.91266,6722.195,"spacetrack"
69997,"2026-09-06 13:02:26.077+00",0.0011319,15.751938,0.00172183,0.0001954,342.76633,345.39337,6722.217,"spacetrack"
69998,"2026-09-01 13:08:03.335+00",0.00052001,15.7521305,0.0007823,0.0002143,342.58435,345.46548,6722.162,"spacetrack"
69998,"2026-09-02 13:31:43.683+00",0.00098244,15.751836,0.00148948,5.55e-05,343.73587,344.48203,6722.246,"spacetrack"
69998,"2026-09-03 01:43:34.032+00",0.0013469,15.752114,0.00205878,0.0001569,342.9748,345.08423,6722.1665,"spacetrack"
69998,"2026-09-04 22:00:02+00",-0.00060913,15.752092,-0.0009011,0.0001381,343.10757,344.96423,6722.173,"spacetrack"
69998,"2026-09-05 00:00:02+00",-0.00045895,15.752069,-0.00068094,0.0001547,343.00253,345.08237,6722.179,"spacetrack"
69998,"2026-09-06 13:34:57.358+00",0.0008665,15.751883,0.00131105,9.7e-05,343.44345,344.74756,6722.2324,"spacetrack"
100001,"2026-09-01 23:33:28.419+00",0.0015367,15.776502,0.0026517,0.0004111,334.33963,339.8609,6715.2373,"spacetrack"
100001,"2026-09-02 22:23:05.993+00",0.00045001,15.775787,0.00075537,0.0003389,335.02728,339.579,6715.44,"spacetrack"
100001,"2026-09-03 12:04:52.594+00",0.00079792,15.77603,0.00135206,0.0003521,334.86975,339.5987,6715.371,"spacetrack"
100001,"2026-09-04 09:23:11.716+00",0.00067946,15.775915,0.0011476,0.0003248,335.0856,339.44794,6715.404,"spacetrack"
100001,"2026-09-05 23:25:54.293+00",0.00094673,15.776427,0.00161246,0.000379,334.5765,339.66666,6715.259,"spacetrack"
100001,"2026-09-06 23:46:50.622+00",0.00095162,15.775652,0.00161559,0.0004613,334.2437,340.43942,6715.4785,"spacetrack"
100002,"2026-09-01 23:24:20.628+00",0.0013446,15.776176,0.00230692,0.0003252,335.00882,339.37646,6715.3296,"spacetrack"
100002,"2026-09-02 22:13:58.193+00",0.0006861,15.775905,0.00115907,0.0003844,334.68845,339.85126,6715.4067,"spacetrack"
100002,"2026-09-03 18:00:58.721+00",0.00080963,15.776074,0.00137251,0.0003442,334.9103,339.53314,6715.359,"spacetrack"
100002,"2026-09-04 16:50:36.283+00",0.00061618,15.775809,0.00103885,0.0004015,334.6007,339.9932,6715.434,"spacetrack"
100002,"2026-09-05 23:16:46.376+00",0.0013508,15.776878,0.00232553,0.0003553,334.60757,339.37936,6715.1304,"spacetrack"
100002,"2026-09-06 23:37:42.706+00",0.0016358,15.776024,0.00282309,0.0004803,334.01065,340.46146,6715.373,"spacetrack"
100003,"2026-09-01 10:59:40.387+00",0.00087816,15.77607,0.00149095,0.0003515,334.8625,339.5834,6715.36,"spacetrack"
100003,"2026-09-02 23:31:04.548+00",0.00077368,15.775959,0.00130985,0.0003469,334.9248,339.58395,6715.3916,"spacetrack"
100003,"2026-09-03 22:20:41.89+00",0.0011023,15.776179,0.00188156,0.0003534,334.8186,339.565,6715.3286,"spacetrack"
100003,"2026-09-04 22:41:38.308+00",0.0012682,15.776113,0.00217158,0.0002497,335.53403,338.88766,6715.3477,"spacetrack"
100003,"2026-09-05 16:57:20.597+00",0.0015719,15.776458,0.00271361,0.0002832,335.21094,339.01447,6715.2495,"spacetrack"
100003,"2026-09-06 08:10:25.416+00",0.00113,15.776655,0.00193416,0.0003492,334.712,339.4019,6715.194,"spacetrack"
100004,"2026-09-01 15:00:06.809+00",0.0011498,15.776468,0.00196717,0.0003341,334.86636,339.3535,6715.247,"spacetrack"
100004,"2026-09-02 22:57:35.669+00",0.00074231,15.776007,0.00125606,0.0003286,335.03424,339.4476,6715.378,"spacetrack"
100004,"2026-09-03 21:47:13.314+00",0.0011241,15.776223,0.00192012,0.0003765,334.65097,339.70758,6715.3164,"spacetrack"
100004,"2026-09-04 09:57:41.427+00",0.0012176,15.776259,0.00208427,0.0003484,334.82962,339.50885,6715.306,"spacetrack"
100004,"2026-09-05 16:23:51.99+00",0.0015703,15.776405,0.00270995,0.0002754,335.2782,338.97696,6715.2646,"spacetrack"
100004,"2026-09-06 09:08:14.948+00",0.00089309,15.776544,0.00152038,0.000453,334.04654,340.13052,6715.2256,"spacetrack"
100005,"2026-09-01 10:09:12.708+00",0.0010579,15.776323,0.00180518,0.0003199,335.0029,339.29932,6715.288,"spacetrack"
100005,"2026-09-02 22:40:36.098+00",0.0012004,15.775931,0.00205109,0.000375,334.74402,339.78058,6715.3994,"spacetrack"
100005,"2026-09-03 13:53:40.912+00",0.00035132,15.775876,0.00058834,0.0003827,334.70782,339.8478,6715.415,"spacetrack"
100005,"2026-09-04 23:22:28.294+00",0.00098821,15.776081,0.00168191,0.0003534,334.84644,339.59283,6715.3564,"spacetrack"
100005,"2026-09-05 10:01:38.25+00",0.0009886,15.775885,0.00168091,0.0002804,335.3926,339.1586,6715.4126,"spacetrack"
100005,"2026-09-06 22:33:02.109+00",0.0012928,15.776744,0.00222148,0.0003331,334.7947,339.26834,6715.1685,"spacetrack"
100006,"2026-09-01 23:38:32.828+00",0.0019303,15.777294,0.00337134,0.0003582,334.47018,339.28082,6715.0127,"spacetrack"
100006,"2026-09-02 22:28:10.318+00",0.00043643,15.775754,0.00073223,0.0003616,334.88425,339.74088,6715.4497,"spacetrack"
100006,"2026-09-03 22:49:06.38+00",0.00092828,15.776115,0.00157805,0.0003329,334.97433,339.44543,6715.3467,"spacetrack"
100006,"2026-09-04 17:04:48.529+00",0.00092057,15.775888,0.00156321,0.0003815,334.71255,339.83643,6715.4116,"spacetrack"
100006,"2026-09-05 23:30:58.609+00",0.0016386,15.777085,0.00284114,0.0003719,334.43735,339.432,6715.072,"spacetrack"
100006,"2026-09-06 23:51:54.914+00",0.0014852,15.776336,0.00255772,0.0003206,334.99463,339.30048,6715.2847,"spacetrack"
100007,"2026-09-01 23:15:58.303+00",0.0021277,15.777494,0.00373578,0.0003955,334.16296,339.4745,6714.9556,"spacetrack"
100007,"2026-09-02 23:36:54.493+00",0.00061738,15.775853,0.00104101,0.0003593,334.8716,339.6973,6715.4214,"spacetrack"
100007,"2026-09-03 22:26:32.121+00",0.00097584,15.77604,0.00166025,0.0003993,334.55002,339.91293,6715.3687,"spacetrack"
100007,"2026-09-04 22:47:28.4+00",0.0009358,15.775809,0.00158887,0.0003254,335.11157,339.48196,6715.4336,"spacetrack"
100007,"2026-09-05 23:08:24.222+00",0.00094006,15.776477,0.00160111,0.0003383,334.8356,339.37915,6715.244,"spacetrack"
100007,"2026-09-06 23:29:20.404+00",0.0014217,15.776686,0.00244975,0.0004902,333.7565,340.34006,6715.185,"spacetrack"
100008,"2026-09-01 22:53:08.527+00",0.0010717,15.776135,0.00182792,0.0003836,334.62817,339.78018,6715.3413,"spacetrack"
100008,"2026-09-02 23:14:04.844+00",0.00083461,15.775959,0.00141499,0.0003696,334.77237,339.7364,6715.3916,"spacetrack"
100008,"2026-09-03 22:03:42.662+00",0.000753,15.7759,0.00127408,0.0004137,334.493,340.04935,6715.408,"spacetrack"
100008,"2026-09-04 10:14:10.747+00",0.00078234,15.7759285,0.00132446,0.000294,335.28882,339.2375,6715.4004,"spacetrack"
100008,"2026-09-05 22:45:34.735+00",0.00099374,15.776113,0.0016916,0.0002891,335.26932,339.15213,6715.3477,"spacetrack"
100008,"2026-09-06 23:06:30.926+00",0.0014586,15.776867,0.00251675,0.0003455,334.6767,339.31686,6715.134,"spacetrack"
100009,"2026-09-01 10:39:53.48+00",0.00086788,15.776006,0.00147268,0.0003335,335.00156,339.4807,6715.378,"spacetrack"
100009,"2026-09-02 23:11:17.557+00",0.00089154,15.776029,0.00151375,0.0003277,335.0339,339.43515,6715.3716,"spacetrack"
100009,"2026-09-03 22:00:55.015+00",0.0012486,15.776331,0.00213962,0.0003822,334.58212,339.7153,6715.2856,"spacetrack"
100009,"2026-09-04 10:11:23.449+00",0.00081735,15.775874,0.00138442,0.0002643,335.5035,339.05328,6715.4155,"spacetrack"
100009,"2026-09-05 22:42:47.332+00",0.0014444,15.776841,0.00249119,0.0003674,334.53683,339.4711,6715.141,"spacetrack"
100009,"2026-09-06 23:03:43.551+00",0.00096032,15.776424,0.00163592,0.0003273,334.9245,339.3203,6715.2593,"spacetrack"
100010,"2026-09-01 23:41:35.333+00",0.00091414,15.776011,0.00155283,0.0003457,334.9181,339.5611,6715.3765,"spacetrack"
100010,"2026-09-02 22:31:12.896+00",0.00070162,15.775761,0.00118487,0.000358,334.9064,339.71466,6715.4478,"spacetrack"
100010,"2026-09-03 10:41:41.167+00",0.0005483,15.775864,0.00092299,0.0003352,335.03043,339.53244,6715.4185,"spacetrack"
100010,"2026-09-04 23:13:05.3+00",0.00084935,15.775967,0.00144042,0.0003458,334.9299,339.57425,6715.389,"spacetrack"
100010,"2026-09-05 09:52:15.001+00",0.00092381,15.776057,0.00156985,0.00032,335.07745,339.3753,6715.3633,"spacetrack"
100010,"2026-09-06 22:23:39.276+00",0.0012224,15.776754,0.00209735,0.0003331,334.79184,339.2655,6715.1655,"spacetrack"
100011,"2026-09-01 22:16:37.368+00",0.0015463,15.777004,0.00267475,0.0003197,334.811,339.10464,6715.0947,"spacetrack"
100011,"2026-09-02 22:37:33.66+00",0.0007861,15.775824,0.00133092,0.0005006,333.93112,340.6546,6715.4297,"spacetrack"
100011,"2026-09-03 21:27:11.078+00",0.00084208,15.776065,0.00142845,0.0003257,335.03702,339.4114,6715.3613,"spacetrack"
100011,"2026-09-04 23:19:26.825+00",0.0009325,15.775469,0.00158065,0.0003001,335.37814,339.4088,6715.5303,"spacetrack"
100011,"2026-09-05 09:58:36.31+00",0.0010164,15.776142,0.00173127,0.0003033,335.16553,339.23907,6715.3394,"spacetrack"
100011,"2026-09-06 22:29:59.518+00",0.0014928,15.776896,0.0025778,0.0003196,334.84232,339.1346,6715.1255,"spacetrack"
100012,"2026-09-01 22:25:14.694+00",0.00094844,15.776254,0.00161415,0.0003703,334.68396,339.6573,6715.3076,"spacetrack"
100012,"2026-09-02 22:46:10.92+00",0.00064764,15.775764,0.00109225,0.0002959,335.32236,339.29654,6715.4463,"spacetrack"
100012,"2026-09-03 21:35:48.494+00",0.0010353,15.776141,0.00176444,0.0004008,334.51108,339.8941,6715.3394,"spacetrack"
100012,"2026-09-04 09:46:16.525+00",0.0013559,15.776434,0.00232983,0.0003584,334.7129,339.5264,6715.257,"spacetrack"
100012,"2026-09-05 22:17:40.603+00",0.0016813,15.777102,0.00291826,0.0003738,334.4198,339.44,6715.067,"spacetrack"
100012,"2026-09-06 22:38:36.891+00",0.0011585,15.776654,0.00198403,0.0003004,335.03973,339.07422,6715.194,"spacetrack"
100013,"2026-09-01 22:42:14.461+00",0.0015862,15.776162,0.00273557,0.0003675,334.7289,339.66467,6715.334,"spacetrack"
100013,"2026-09-02 23:03:10.709+00",0.00051521,15.775719,0.00086606,0.0003605,334.90158,339.7434,6715.4595,"spacetrack"
100013,"2026-09-03 21:52:48.159+00",0.00092019,15.776061,0.00156401,0.00045,334.2034,340.24722,6715.3623,"spacetrack"
100013,"2026-09-04 10:03:16.153+00",0.00040811,15.775786,0.00068421,0.0003098,335.22293,339.38382,6715.4404,"spacetrack"
100013,"2026-09-05 22:34:40.3+00",0.0009395,15.775909,0.00159611,0.0003665,334.8072,339.72958,6715.4053,"spacetrack"
100013,"2026-09-06 22:55:36.566+00",0.0010345,15.776495,0.00176571,0.0002995,335.09097,339.1134,6715.2393,"spacetrack"
100014,"2026-09-01 23:13:11.103+00",0.0019123,15.777145,0.00333669,0.0004273,334.04825,339.78693,6715.0547,"spacetrack"
100014,"2026-09-02 23:34:06.982+00",0.00092725,15.776132,0.00157648,0.0003707,334.71594,339.6947,6715.3423,"spacetrack"
100014,"2026-09-03 17:49:48.947+00",0.0007579,15.776103,0.0012835,0.0003433,334.90817,339.51895,6715.3506,"spacetrack"
100014,"2026-09-04 22:44:40.985+00",0.0010102,15.775973,0.00171922,0.000305,335.2021,339.2985,6715.387,"spacetrack"
100014,"2026-09-05 09:23:50.55+00",0.00068939,15.775629,0.00116307,0.0002947,335.36896,339.32706,6715.485,"spacetrack"
100014,"2026-09-06 21:55:14.042+00",0.0011241,15.776757,0.00192451,0.0002623,335.26642,338.78918,6715.165,"spacetrack"
100015,"2026-09-01 23:18:45.651+00",0.0012336,15.776404,0.00211382,0.0003398,334.8462,339.4099,6715.265,"spacetrack"
100015,"2026-09-02 23:39:41.818+00",0.0015188,15.776491,0.00261968,0.000381,334.54477,339.66177,6715.24,"spacetrack"
100015,"2026-09-03 20:58:00.766+00",0.0006966,15.775926,0.00117715,0.0003649,334.81354,339.71442,6715.401,"spacetrack"
100015,"2026-09-04 22:50:15.7+00",0.0013819,15.776016,0.00237126,0.0003519,334.87488,339.60117,6715.375,"spacetrack"
100015,"2026-09-05 09:29:25.196+00",0.00075473,15.7757225,0.00127586,0.0003463,334.99597,339.6471,6715.4585,"spacetrack"
100015,"2026-09-06 23:32:07.911+00",0.0013853,15.776694,0.00238491,0.0004329,334.1387,339.9527,6715.1826,"spacetrack"
100016,"2026-09-01 22:55:54.597+00",0.00060061,15.775224,0.00100972,0.0004631,334.35303,340.57303,6715.6,"spacetrack"
100016,"2026-09-02 23:16:52.015+00",0.0014648,15.776174,0.00251992,0.0003763,334.6665,339.72046,6715.3306,"spacetrack"
100016,"2026-09-03 22:06:29.843+00",0.0011085,15.776134,0.00189249,0.0004637,334.09088,340.3187,6715.342,"spacetrack"
100016,"2026-09-04 10:16:58.11+00",0.00095452,15.77595,0.00162224,0.0002757,335.40527,339.10815,6715.3936,"spacetrack"
100016,"2026-09-05 09:06:35.493+00",0.0011514,15.775509,0.00196159,0.0003789,334.8375,339.9265,6715.519,"spacetrack"
100016,"2026-09-06 23:09:18.192+00",0.0010789,15.776545,0.00184363,0.0003392,334.81042,339.36603,6715.225,"spacetrack"
100017,"2026-09-01 23:30:10.686+00",0.0011304,15.775966,0.00192885,0.0003326,335.01883,339.4859,6715.389,"spacetrack"
100017,"2026-09-02 22:19:48.309+00",0.00052277,15.775758,0.00087908,0.0003526,334.94357,339.6793,6715.448,"spacetrack"
100017,"2026-09-03 21:09:26.067+00",0.0011052,15.776055,0.00188544,0.0003278,335.02576,339.42838,6715.3643,"spacetrack"
100017,"2026-09-04 23:01:40.6+00",0.00099377,15.77583,0.00168956,0.0003181,335.15463,339.427,6715.4277,"spacetrack"
100017,"2026-09-05 23:22:36.422+00",0.0012933,15.776963,0.00222442,0.0002978,334.96954,338.96906,6715.1064,"spacetrack"
100017,"2026-09-06 23:43:32.616+00",0.0011749,15.775944,0.00200704,0.0004683,334.11395,340.4036,6715.396,"spacetrack"
100018,"2026-09-01 23:21:33.179+00",0.0015038,15.775758,0.002584,0.0003444,334.99878,339.62436,6715.4487,"spacetrack"
100018,"2026-09-02 22:11:11.012+00",0.00148,15.776278,0.00254837,0.0004487,334.15088,340.1772,6715.3013,"spacetrack"
100018,"2026-09-03 17:58:11.191+00",0.00097055,15.776278,0.00165263,0.0003343,334.91916,339.409,6715.3013,"spacetrack"
100018,"2026-09-04 21:21:44.53+00",0.00085327,15.775965,0.00144721,0.0003545,334.87216,339.63336,6715.3896,"spacetrack"
100018,"2026-09-05 09:32:12.606+00",0.0011237,15.7756195,0.00191417,0.0003523,334.98483,339.71655,6715.488,"spacetrack"
100018,"2026-09-06 23:34:55.285+00",0.0016495,15.775906,0.00284612,0.0005077,333.86002,340.67886,6715.4062,"spacetrack"
100019,"2026-09-01 14:19:31.988+00",0.00033278,15.775905,0.00055705,0.0003998,334.5851,339.95474,6715.4067,"spacetrack"
100019,"2026-09-02 22:17:00.654+00",0.00076489,15.775958,0.00129479,0.0003826,334.68533,339.82394,6715.3916,"spacetrack"
100019,"2026-09-03 18:04:01.305+00",0.0011251,15.776304,0.00192252,0.0003327,334.9223,339.39066,6715.2935,"spacetrack"
100019,"2026-09-04 22:58:53.123+00",0.00088768,15.775808,0.00150562,0.0003449,334.9811,339.6134,6715.434,"spacetrack"
100019,"2026-09-05 09:38:02.764+00",0.00056868,15.775824,0.00095759,0.0003201,335.14307,339.4423,6715.4297,"spacetrack"
100019,"2026-09-06 23:40:45.372+00",0.001085,15.776686,0.00185541,0.0002955,335.0639,339.0326,6715.185,"spacetrack"
100020,"2026-09-01 23:04:33.511+00",0.0010839,15.776068,0.00184831,0.0003116,335.13113,339.31613,6715.361,"spacetrack"
100020,"2026-09-02 23:25:29.694+00",0.00062216,15.775865,0.00104925,0.0003599,334.86423,339.698,6715.418,"spacetrack"
100020,"2026-09-03 22:15:07.205+00",0.0012934,15.776392,0.00221915,0.0003787,334.58853,339.67465,6715.2686,"spacetrack"
100020,"2026-09-04 22:36:01.047+00",0.0014254,15.777555,0.00246553,0.0003659,334.34436,339.25836,6714.9385,"spacetrack"
100020,"2026-09-05 09:15:12.055+00",0.00076828,15.775226,0.00129613,0.000291,335.50824,339.41672,6715.5996,"spacetrack"
100020,"2026-09-06 09:36:09.175+00",0.00088713,15.775461,0.00150225,0.000323,335.2265,339.56473,6715.5327,"spacetrack"
100021,"2026-09-01 13:31:36.055+00",0.00088053,15.776371,0.00149706,0.0003472,334.80582,339.4689,6715.2744,"spacetrack"
100021,"2026-09-02 23:00:23.234+00",0.00073443,15.775838,0.00124195,0.000463,334.17957,340.39804,6715.426,"spacetrack"
100021,"2026-09-03 21:50:00.569+00",0.0007412,15.77599,0.0012541,0.0003424,334.9464,339.5451,6715.383,"spacetrack"
100021,"2026-09-04 10:00:28.606+00",0.00056956,15.775919,0.00095951,0.0003351,335.01553,339.5162,6715.403,"spacetrack"
100021,"2026-09-05 17:57:57.234+00",0.00089665,15.776205,0.00152384,0.0003357,334.93027,339.43893,6715.322,"spacetrack"
100021,"2026-09-06 22:52:49.116+00",0.0016067,15.776322,0.00277395,0.0003006,335.13254,339.16977,6715.288,"spacetrack"
100022,"2026-09-01 22:47:33.784+00",0.0010791,15.776055,0.00184002,0.000366,334.76926,339.6849,6715.3643,"spacetrack"
100022,"2026-09-02 23:08:29.992+00",0.00073254,15.775998,0.00123927,0.0003539,334.86664,339.61978,6715.3804,"spacetrack"
100022,"2026-09-03 21:58:07.496+00",0.001175,15.776287,0.00200986,0.000387,334.56238,339.76,6715.2983,"spacetrack"
100022,"2026-09-04 10:08:35.792+00",0.0012633,15.776288,0.00216483,0.0003076,335.0953,339.22656,6715.298,"spacetrack"
100022,"2026-09-05 08:58:13.452+00",0.0010113,15.775594,0.00171822,0.0003488,335.01556,339.7003,6715.495,"spacetrack"
100022,"2026-09-06 23:00:56.066+00",0.0010582,15.776473,0.00180698,0.0003527,334.74014,339.47708,6715.2456,"spacetrack"
100023,"2026-09-01 23:44:37.943+00",0.0015043,15.77585,0.00258615,0.0003636,334.8435,339.72696,6715.4224,"spacetrack"
100023,"2026-09-02 22:34:15.682+00",0.00053497,15.775828,0.00090014,0.0003487,334.94974,339.63306,6715.428,"spacetrack"
100023,"2026-09-03 13:47:20.573+00",0.00063679,15.776088,0.00107533,0.0003443,334.90582,339.53003,6715.355,"spacetrack"
100023,"2026-09-04 17:10:54.431+00",0.00090722,15.775957,0.00154018,0.0002064,335.86893,338.64102,6715.392,"spacetrack"
100023,"2026-09-05 08:23:59.028+00",0.0010615,15.77656,0.00181348,0.0003516,334.72272,339.4449,6715.2207,"spacetrack"
100023,"2026-09-06 23:58:00.147+00",0.00080587,15.775733,0.00136417,0.0004286,334.44016,340.19666,6715.4556,"spacetrack"
100024,"2026-09-01 10:17:49.766+00",0.00067899,15.776076,0.00114763,0.0003335,334.98148,339.46063,6715.358,"spacetrack"
100024,"2026-09-02 22:49:13.634+00",0.00079057,15.775968,0.00133894,0.000326,335.06268,339.4411,6715.3887,"spacetrack"
100024,"2026-09-03 23:10:09.563+00",0.00074432,15.776016,0.00125958,0.0003258,335.0502,339.42596,6715.375,"spacetrack"
100024,"2026-09-04 21:59:47.462+00",0.00089994,15.775921,0.00152779,0.0004046,334.5481,339.98218,6715.4023,"spacetrack"
100024,"2026-09-05 20:49:24.617+00",0.00088389,15.776302,0.00150254,0.000384,334.5782,339.73553,6715.294,"spacetrack"
100024,"2026-09-06 16:36:25.899+00",0.0015791,15.776331,0.00272472,0.0002692,335.34113,338.95667,6715.286,"spacetrack"
100025,"2026-09-01 22:58:43.56+00",0.0019363,15.777177,0.00338039,0.0003672,334.4431,339.37463,6715.046,"spacetrack"
100025,"2026-09-02 23:19:39.55+00",0.00071519,15.775942,0.00120915,0.0003551,334.8746,339.64386,6715.396,"spacetrack"
100025,"2026-09-03 22:09:17.094+00",0.00059374,15.775907,0.0010008,0.0003491,334.92487,339.61356,6715.4062,"spacetrack"
100025,"2026-09-04 10:19:45.407+00",0.00054763,15.775797,0.0009216,0.0003457,334.9789,339.62198,6715.4375,"spacetrack"
100025,"2026-09-05 22:51:09.404+00",0.001556,15.776992,0.002692,0.0003631,334.52298,339.39948,6715.098,"spacetrack"
100025,"2026-09-06 23:12:05.612+00",0.00096739,15.776338,0.00164772,0.0003764,334.61923,339.6745,6715.2837,"spacetrack"
100026,"2026-09-01 10:11:59.927+00",0.00080387,15.77618,0.00136319,0.0003288,334.98364,339.39966,6715.3286,"spacetrack"
100026,"2026-09-02 22:43:23.61+00",0.0012815,15.775806,0.00219209,0.0003271,335.1011,339.49432,6715.4346,"spacetrack"
100026,"2026-09-03 21:33:01.152+00",0.00098317,15.776088,0.0016733,0.0003827,334.6479,339.7878,6715.355,"spacetrack"
100026,"2026-09-04 21:53:57.427+00",0.0010321,15.775973,0.00175763,0.0004167,334.45203,340.0486,6715.387,"spacetrack"
100026,"2026-09-05 22:14:53.289+00",0.0016617,15.776894,0.00288017,0.0003817,334.42606,339.5524,6715.1265,"spacetrack"
100026,"2026-09-06 16:30:35.696+00",0.0013466,15.776136,0.00231005,0.0003168,335.07672,339.33157,6715.3413,"spacetrack"
100027,"2026-09-01 17:57:09.628+00",0.0015811,15.776339,0.0027284,0.0002434,335.51215,338.78116,6715.2837,"spacetrack"
100027,"2026-09-02 22:52:00.887+00",0.00090649,15.776017,0.00153957,0.0003316,335.011,339.46463,6715.375,"spacetrack"
100027,"2026-09-03 21:41:38.202+00",0.0010929,15.776294,0.00186609,0.0003554,334.77264,339.5459,6715.2964,"spacetrack"
100027,"2026-09-04 09:52:06.507+00",0.00073793,15.775946,0.00124822,0.0003398,334.97623,339.54,6715.395,"spacetrack"
100027,"2026-09-05 08:41:44.057+00",0.00061111,15.775807,0.0010301,0.0003695,334.81595,339.77866,6715.434,"spacetrack"
100027,"2026-09-06 19:41:49.833+00",0.0010037,15.776335,0.00171064,0.0002953,335.16467,339.13074,6715.2847,"spacetrack"
100083,"2026-09-01 21:22:41.428+00",0.0002752,15.949741,0.00107965,0.0018353,276.1513,300.62146,6666.5234,"spacetrack"
100083,"2026-09-02 18:27:26.523+00",0.00026198,15.951639,0.00103845,0.0018359,275.61966,300.0959,6665.9946,"spacetrack"
100083,"2026-09-03 21:33:19.851+00",0.00026294,15.954061,0.00105592,0.0018366,274.94156,299.42462,6665.3203,"spacetrack"
100083,"2026-09-04 21:38:21.473+00",0.00022867,15.9561825,0.00092949,0.0018466,274.28528,298.89948,6664.7295,"spacetrack"
100083,"2026-09-05 23:13:29.55+00",0.00023553,15.9584,0.00096923,0.0018704,273.51025,298.43936,6664.112,"spacetrack"
100083,"2026-09-06 21:47:50.659+00",0.00026586,15.960445,0.00110625,0.0018912,272.80338,298.00757,6663.5425,"spacetrack"
100086,"2026-09-01 22:36:11.779+00",-6.3132e-05,15.740908,-8.913e-05,0.0006702,342.71246,351.72714,6725.357,"spacetrack"
100086,"2026-09-02 21:30:03.266+00",-0.0025241,15.728433,-0.003283,0.000851,345.04926,356.50186,6728.9126,"spacetrack"
100086,"2026-09-03 14:18:21.221+00",-0.0025406,15.717518,-0.00316027,0.0008835,347.9426,359.8381,6732.0273,"spacetrack"
100087,"2026-09-01 22:35:29.921+00",-0.0030633,15.730108,-0.00397785,0.0007119,345.50757,355.0875,6728.4346,"spacetrack"
100087,"2026-09-02 21:30:19.782+00",-0.00033711,15.720461,-0.00043693,0.0005719,349.2006,356.89972,6731.187,"spacetrack"
100089,"2026-09-01 19:45:31.446+00",0.00025661,15.951359,0.00101479,0.0017856,276.03287,299.83875,6666.0728,"spacetrack"
100089,"2026-09-02 21:21:07.561+00",0.00022699,15.953495,0.00090841,0.0017857,275.43826,299.24335,6665.478,"spacetrack"
100089,"2026-09-03 21:26:12.612+00",0.00022748,15.955486,0.00092025,0.0017905,274.85254,298.71964,6664.923,"spacetrack"
100089,"2026-09-04 21:31:06.711+00",0.00022499,15.957519,0.00092026,0.0017894,274.29495,298.14536,6664.357,"spacetrack"
100089,"2026-09-05 21:35:50.196+00",0.0002147,15.959455,0.00088788,0.0018093,273.62436,297.73807,6663.8184,"spacetrack"
100089,"2026-09-06 21:40:22.926+00",0.00023162,15.961466,0.00096846,0.0018316,272.91696,297.3258,6663.2583,"spacetrack"
100092,"2026-09-01 19:37:46.601+00",0.0002551,15.897633,0.00075698,0.0011348,295.36426,310.52762,6681.083,"spacetrack"
100092,"2026-09-02 21:18:35.414+00",0.00022647,15.899219,0.00067781,0.0011418,294.87387,310.1298,6680.6387,"spacetrack"
100092,"2026-09-03 21:28:37.569+00",0.00023836,15.900741,0.00071871,0.001146,294.41986,309.7309,6680.2124,"spacetrack"
100092,"2026-09-04 21:38:31.669+00",0.00018045,15.90206,0.00054868,0.0011628,293.93878,309.47342,6679.8433,"spacetrack"
100092,"2026-09-05 21:48:26.442+00",0.000379,15.901733,0.00114674,0.0011719,293.96902,309.62546,6679.934,"spacetrack"
100092,"2026-09-06 21:58:15.662+00",0.00023447,15.903071,0.00071571,0.001187,293.4941,309.35138,6679.5596,"spacetrack"
100094,"2026-09-01 21:09:16.724+00",0.00018335,15.758755,0.00028367,0.0007853,336.8637,347.41858,6720.2783,"spacetrack"
100094,"2026-09-02 20:00:49.865+00",0.00018889,15.759369,0.00029305,0.0007915,336.64752,347.28546,6720.1035,"spacetrack"
100094,"2026-09-03 21:55:12.486+00",0.00010215,15.759741,0.00015881,0.0008029,336.4652,347.2562,6719.9976,"spacetrack"
100094,"2026-09-04 20:46:42.422+00",-0.00032133,15.75888,-0.00049151,0.0008956,336.08682,348.1241,6720.2427,"spacetrack"
100094,"2026-09-05 15:04:24.911+00",-0.0013173,15.748157,-0.00189237,0.000687,340.537,349.77478,6723.293,"spacetrack"
100094,"2026-09-06 20:03:47.599+00",-0.0021092,15.734895,-0.00283498,0.000885,342.97964,354.88654,6727.0703,"spacetrack"
100102,"2026-09-01 13:23:19.349+00",4.369e-05,15.751763,6.388e-05,0.0001226,343.3053,344.9536,6722.2666,"spacetrack"
100102,"2026-09-02 22:55:52.419+00",2.4583e-05,15.751853,3.538e-05,0.0001185,343.30725,344.90042,6722.2407,"spacetrack"
100102,"2026-09-03 21:48:04.048+00",3.7011e-05,15.751871,5.393e-05,0.000118,343.30557,344.89203,6722.236,"spacetrack"
100102,"2026-09-04 19:08:47.17+00",6.8384e-06,15.751799,8.9e-06,0.0001176,343.32883,344.9099,6722.2563,"spacetrack"
100102,"2026-09-05 14:58:01.435+00",1.0444e-05,15.751813,1.428e-05,0.0001348,343.2091,345.02142,6722.2524,"spacetrack"
100102,"2026-09-06 22:59:05.707+00",2.3025e-05,15.751902,3.306e-05,0.0001607,343.00992,345.17044,6722.227,"spacetrack"
100103,"2026-09-01 18:49:35.589+00",1.4699e-05,15.7518215,2.063e-05,0.0001401,343.1712,345.05478,6722.25,"spacetrack"
100103,"2026-09-02 19:13:16.361+00",-1.2616e-05,15.751719,-2.01e-05,0.0001599,343.06714,345.21692,6722.279,"spacetrack"
100103,"2026-09-03 10:28:03.962+00",1.6771e-05,15.751837,2.372e-05,0.0001413,343.15863,345.05835,6722.2456,"spacetrack"
100103,"2026-09-04 00:11:22.876+00",1.4328e-05,15.751856,2.008e-05,0.0001345,343.19897,345.00726,6722.24,"spacetrack"
100103,"2026-09-05 14:18:22.561+00",1.7062e-05,15.751832,2.415e-05,0.0001174,343.32065,344.89905,6722.247,"spacetrack"
100103,"2026-09-06 23:50:55.678+00",1.9132e-05,15.751874,2.725e-05,0.0001264,343.24823,344.9476,6722.235,"spacetrack"
100104,"2026-09-01 22:58:37.468+00",0.0017204,15.752912,0.00265785,0.0001756,342.6225,344.98325,6721.94,"spacetrack"
100104,"2026-09-02 23:22:17.921+00",0.00075404,15.752175,0.00113987,9.17e-05,343.39584,344.6287,6722.1494,"spacetrack"
100104,"2026-09-03 19:11:32.132+00",0.00072278,15.752312,0.00109265,0.0001893,342.7009,345.24588,6722.1104,"spacetrack"
100104,"2026-09-04 01:17:27.173+00",0.00092411,15.752245,0.00140201,4.53e-05,343.68796,344.297,6722.1294,"spacetrack"
100104,"2026-09-05 09:18:30.962+00",0.0013851,15.754587,0.00214216,0.0001998,341.98334,344.66922,6721.4634,"spacetrack"
100104,"2026-09-06 15:48:07.377+00",0.00063698,15.752098,0.00096037,0.0001288,343.1684,344.90002,6722.1714,"spacetrack"
100105,"2026-09-01 13:26:21.572+00",0.0013463,15.752502,0.00206146,7.19e-05,343.43585,344.4025,6722.056,"spacetrack"
100105,"2026-09-02 22:58:55.435+00",0.0011616,15.752399,0.00177158,5.29e-05,343.59296,344.30414,6722.0854,"spacetrack"
100105,"2026-09-03 21:51:07.302+00",0.0011491,15.752406,0.00175217,0.000134,343.04572,344.84723,6722.0835,"spacetrack"
100105,"2026-09-04 06:59:59.652+00",0.0014438,15.752485,0.00221467,0.0001433,342.9607,344.88724,6722.061,"spacetrack"
100105,"2026-09-05 13:29:35.726+00",0.0015487,15.752331,0.00237864,0.0002018,342.6114,345.32443,6722.105,"spacetrack"
100105,"2026-09-06 23:02:08.944+00",0.0014281,15.752684,0.00219178,0.0001805,342.65436,345.081,6722.005,"spacetrack"
100106,"2026-09-01 22:49:28.645+00",0.0016084,15.75278,0.00247812,0.0001107,343.0961,344.58435,6721.977,"spacetrack"
100106,"2026-09-02 23:13:09.143+00",0.0012384,15.752608,0.00189323,0.0001325,342.99844,344.7798,6722.026,"spacetrack"
100106,"2026-09-03 23:36:49.401+00",0.00092852,15.752318,0.0014093,0.000156,342.92276,345.02008,6722.1084,"spacetrack"
100106,"2026-09-05 13:43:49.542+00",0.00093952,15.751749,0.00142272,0.0001643,343.02908,345.238,6722.2705,"spacetrack"
100106,"2026-09-06 23:16:22.642+00",0.0013312,15.752658,0.00203914,0.0001748,342.69992,345.04993,6722.0117,"spacetrack"
100107,"2026-09-01 22:09:19.184+00",0.0012084,15.752547,0.0018458,0.0001378,342.98007,344.83267,6722.0435,"spacetrack"
100107,"2026-09-02 22:32:59.758+00",0.0015634,15.752762,0.00240648,0.0001467,342.85928,344.8315,6721.9824,"spacetrack"
100107,"2026-09-03 22:56:40.268+00",0.00083255,15.752315,0.00126126,0.0001335,343.07513,344.86993,6722.1094,"spacetrack"
100107,"2026-09-04 20:17:23.762+00",0.0016234,15.753743,0.0025126,0.0001312,342.68433,344.4481,6721.703,"spacetrack"
100107,"2026-09-05 14:35:08.634+00",0.00085045,15.751875,0.00128633,6.66e-05,343.64993,344.54535,6722.235,"spacetrack"
100107,"2026-09-06 14:58:49.541+00",0.00069137,15.752017,0.00104313,0.0001393,343.12094,344.99374,6722.1943,"spacetrack"
100108,"2026-09-01 23:55:02.252+00",0.0012017,15.752656,0.00183613,9.1e-05,343.26367,344.48706,6722.012,"spacetrack"
100108,"2026-09-02 22:47:14.133+00",0.0013193,15.752582,0.00201979,0.0001583,342.8325,344.9607,6722.0337,"spacetrack"
100108,"2026-09-03 21:39:25.851+00",0.00084174,15.752281,0.00127522,0.0001328,343.08942,344.87482,6722.119,"spacetrack"
100108,"2026-09-04 19:00:08.78+00",0.0009578,15.75216,0.00145351,8.78e-05,343.42648,344.6069,6722.154,"spacetrack"
100108,"2026-09-05 23:58:15.662+00",0.0011628,15.75257,0.00177477,0.0001306,343.02197,344.77777,6722.0366,"spacetrack"
100108,"2026-09-06 22:50:27.435+00",0.0012056,15.752624,0.00184197,0.0001148,343.11316,344.65652,6722.022,"spacetrack"
100109,"2026-09-01 23:45:53.559+00",0.00059147,15.752085,0.0008909,0.0001664,342.91956,345.1567,6722.1753,"spacetrack"
100109,"2026-09-02 22:38:05.33+00",0.00083546,15.752351,0.00126595,0.0001555,342.917,345.00757,6722.099,"spacetrack"
100109,"2026-09-03 13:52:53.237+00",0.0010447,15.751705,0.00158487,0.0001492,343.14304,345.14896,6722.283,"spacetrack"
100109,"2026-09-04 18:51:00.326+00",0.0014986,15.75278,0.00230409,0.0001363,342.92392,344.75635,6721.977,"spacetrack"
100109,"2026-09-05 14:40:14.354+00",0.00096712,15.752346,0.00146916,0.000171,342.81412,345.1131,6722.1006,"spacetrack"
100109,"2026-09-06 19:38:21.13+00",0.0011214,15.752274,0.00170791,0.0001686,342.8509,345.11758,6722.121,"spacetrack"
100110,"2026-09-01 21:58:08.615+00",0.001018,15.75237,0.00154814,0.0001547,342.91693,344.99673,6722.0938,"spacetrack"
100110,"2026-09-02 23:53:17.97+00",0.0006596,15.752015,0.00099455,0.0001103,343.31647,344.7994,6722.195,"spacetrack"
100110,"2026-09-03 16:39:34.729+00",0.00097462,15.752153,0.00147952,0.0001961,342.70035,345.3368,6722.156,"spacetrack"
100110,"2026-09-04 12:28:47.565+00",0.0013806,15.753165,0.00212151,3.19e-05,343.51627,343.94513,6721.8677,"spacetrack"
100110,"2026-09-05 18:58:24.661+00",0.00080042,15.752815,0.0012145,0.0001156,343.05313,344.60724,6721.9673,"spacetrack"
100110,"2026-09-06 23:56:31.494+00",0.0010073,15.752574,0.00153316,0.0003012,341.87418,345.92352,6722.0356,"spacetrack"
100111,"2026-09-01 23:26:34.094+00",0.00093465,15.752454,0.00141958,0.0001073,343.21173,344.65427,6722.07,"spacetrack"
100111,"2026-09-02 22:18:46.091+00",0.001227,15.752425,0.00187383,0.0001164,343.15866,344.72357,6722.078,"spacetrack"
100111,"2026-09-03 16:36:31.602+00",0.00086772,15.752096,0.00131419,0.0001603,342.95734,345.11246,6722.172,"spacetrack"
100111,"2026-09-04 23:06:05.266+00",0.00092911,15.753264,0.00141613,0.0002125,342.27414,345.13092,6721.8394,"spacetrack"
100111,"2026-09-05 20:26:49.905+00",0.0012292,15.752215,0.00187543,0.0001222,343.1795,344.8224,6722.138,"spacetrack"
100111,"2026-09-06 23:53:28.252+00",0.0009282,15.752455,0.00140968,0.000202,342.57492,345.29062,6722.07,"spacetrack"
100112,"2026-09-01 23:01:09.442+00",-3.4697e-05,15.75172,-5.298e-05,0.0001292,343.2732,345.01025,6722.279,"spacetrack"
100112,"2026-09-02 23:24:50.192+00",-2.9999e-05,15.751679,-4.597e-05,0.0001132,343.3923,344.91425,6722.29,"spacetrack"
100112,"2026-09-03 23:48:30.76+00",5.6136e-05,15.751846,8.249e-05,0.0001261,343.25818,344.95352,6722.2427,"spacetrack"
100112,"2026-09-05 13:55:29.594+00",-9.3705e-05,15.751546,-0.00014066,0.0002963,342.19952,346.18317,6722.328,"spacetrack"
100112,"2026-09-06 23:28:04.009+00",9.9461e-05,15.751965,0.00014735,0.0001224,343.24927,344.89487,6722.209,"spacetrack"
100113,"2026-09-01 23:51:59.55+00",-9.4695e-07,15.751781,-2.71e-06,0.0001934,342.82428,345.42444,6722.261,"spacetrack"
100113,"2026-09-02 22:44:11.212+00",1.6594e-05,15.751856,2.346e-05,0.0001665,342.98392,345.2224,6722.24,"spacetrack"
100113,"2026-09-03 23:07:51.509+00",1.5913e-05,15.75187,2.244e-05,0.0001391,343.16406,345.0342,6722.2363,"spacetrack"
100113,"2026-09-04 18:57:05.879+00",6.6235e-06,15.751812,8.58e-06,0.0001471,343.12674,345.10443,6722.2524,"spacetrack"
100113,"2026-09-05 19:20:46.354+00",1.6095e-05,15.751862,2.271e-05,0.0001541,343.0657,345.13748,6722.239,"spacetrack"
100113,"2026-09-06 22:47:24.4+00",2.09e-05,15.751901,2.989e-05,0.0001596,343.0175,345.1632,6722.2275,"spacetrack"
100114,"2026-09-01 23:21:29.348+00",0.00086409,15.752397,0.0013103,8.22e-05,343.3967,344.5018,6722.0864,"spacetrack"
100114,"2026-09-02 22:13:41.193+00",0.0011311,15.752428,0.00172428,0.0001344,343.03683,344.84375,6722.077,"spacetrack"
100114,"2026-09-03 22:37:21.691+00",0.0011477,15.752533,0.00175098,0.0001419,342.9565,344.86423,6722.0474,"spacetrack"
100114,"2026-09-04 19:58:04.536+00",0.0012852,15.7522955,0.00196373,0.0001094,343.2427,344.7135,6722.115,"spacetrack"
100114,"2026-09-05 20:21:45.086+00",0.00072357,15.752227,0.0010934,9.54e-05,343.3564,344.63898,6722.135,"spacetrack"
100114,"2026-09-06 23:48:23.174+00",0.0011008,15.752508,0.00167769,0.0001216,343.1001,344.7349,6722.0547,"spacetrack"
100115,"2026-09-01 22:43:53.816+00",0.00097462,15.752508,0.00148179,0.0001499,342.90994,344.92523,6722.0547,"spacetrack"
100115,"2026-09-02 23:07:34.575+00",0.0010059,15.752225,0.0015284,0.0001405,343.05362,344.94254,6722.1353,"spacetrack"
100115,"2026-09-03 20:28:17.31+00",0.0008131,15.752405,0.00123186,0.0001912,342.6615,345.23203,6722.084,"spacetrack"
100115,"2026-09-04 23:54:55.319+00",0.0013525,15.753134,0.00207795,0.0005002,340.3774,347.102,6721.8765,"spacetrack"
100115,"2026-09-05 19:44:09.415+00",0.0011611,15.75253,0.00177186,0.0001483,342.91446,344.90823,6722.0483,"spacetrack"
100115,"2026-09-06 23:10:47.69+00",0.0016627,15.752823,0.00256498,0.0001046,343.12482,344.53104,6721.965,"spacetrack"
100116,"2026-09-01 22:38:17.679+00",3.6206e-05,15.751915,5.274e-05,0.0001682,342.9556,345.21695,6722.223,"spacetrack"
100116,"2026-09-02 23:01:58.168+00",2.7004e-05,15.751901,3.9e-05,0.0001601,343.01407,345.16653,6722.2275,"spacetrack"
100116,"2026-09-03 21:54:10.044+00",1.8446e-05,15.751848,2.622e-05,0.0001524,343.08072,345.12967,6722.242,"spacetrack"
100116,"2026-09-04 07:03:02.601+00",1.0098e-05,15.751854,1.376e-05,0.0002253,342.58926,345.61832,6722.2407,"spacetrack"
100116,"2026-09-05 13:32:38.776+00",3.0369e-07,15.751769,-8.5e-07,0.0002064,342.74036,345.5153,6722.2646,"spacetrack"
100116,"2026-09-06 13:56:19.149+00",1.6243e-05,15.75182,2.293e-05,0.0001476,343.12112,345.10553,6722.2505,"spacetrack"
100117,"2026-09-01 22:17:27.725+00",0.0016174,15.752837,0.00249303,8.63e-05,343.24384,344.40405,6721.961,"spacetrack"
100117,"2026-09-02 22:41:08.339+00",0.0011301,15.752412,0.00172258,9.1e-05,343.33313,344.55655,6722.082,"spacetrack"
100117,"2026-09-03 21:33:20.375+00",0.0011173,15.752677,0.00170505,0.0003891,341.25403,346.4851,6722.0063,"spacetrack"
100117,"2026-09-04 18:54:03.025+00",0.0011991,15.752016,0.00182697,0.0001205,343.24753,344.86758,6722.1943,"spacetrack"
100117,"2026-09-05 14:43:17.009+00",0.00073358,15.752333,0.00110926,0.0001107,343.22345,344.71173,6722.1045,"spacetrack"
100117,"2026-09-06 22:44:21.608+00",0.00089129,15.753505,0.00135888,0.0001375,342.70984,344.55835,6721.771,"spacetrack"
100118,"2026-09-01 23:12:50.75+00",0.00010959,15.752067,0.0001626,0.0001135,343.2802,344.80612,6722.18,"spacetrack"
100118,"2026-09-02 23:36:31.569+00",4.8068e-05,15.751908,7.046e-05,0.0001388,343.15512,345.0212,6722.225,"spacetrack"
100118,"2026-09-03 22:28:43.393+00",9.0799e-05,15.751847,0.00013432,0.0001593,343.03476,345.17648,6722.2427,"spacetrack"
100118,"2026-09-04 00:00:12.034+00",4.5209e-05,15.751897,6.619e-05,0.0001444,343.12085,345.06223,6722.2285,"spacetrack"
100118,"2026-09-05 14:07:11.853+00",3.656e-05,15.75187,5.326e-05,0.0001579,343.03754,345.16043,6722.236,"spacetrack"
100118,"2026-09-06 23:39:45.105+00",1.5961e-05,15.751873,2.251e-05,0.000135,343.19073,345.00574,6722.2354,"spacetrack"
100119,"2026-09-01 23:06:45.028+00",3.6814e-05,15.7519455,5.366e-05,0.0001548,343.03702,345.11823,6722.215,"spacetrack"
100119,"2026-09-02 23:30:25.723+00",2.1211e-05,15.751886,3.035e-05,0.0001337,343.1958,344.99332,6722.2314,"spacetrack"
100119,"2026-09-03 11:42:16.248+00",2.2182e-05,15.75188,3.18e-05,0.0002199,342.61813,345.5746,6722.2334,"spacetrack"
100119,"2026-09-04 12:05:56.705+00",3.1551e-06,15.751804,3.41e-06,0.0001184,343.32196,344.9138,6722.255,"spacetrack"
100119,"2026-09-05 14:01:05.867+00",1.0381e-05,15.751847,1.419e-05,0.000122,343.28558,344.9258,6722.2427,"spacetrack"
100119,"2026-09-06 23:33:38.779+00",1.3094e-05,15.751855,1.823e-05,0.0001187,343.3054,344.90125,6722.24,"spacetrack"
100120,"2026-09-01 23:09:47.395+00",4.1892e-05,15.752001,6.126e-05,0.0001209,343.24918,344.8746,6722.1987,"spacetrack"
100120,"2026-09-02 22:02:00.167+00",-2.3077e-06,15.751752,-4.73e-06,0.000101,343.45386,344.81177,6722.27,"spacetrack"
100120,"2026-09-03 11:45:24.484+00",-0.00021512,15.750424,-0.00031893,0.0001467,343.52423,345.49664,6722.6475,"spacetrack"
100120,"2026-09-04 18:14:54.853+00",9.304e-06,15.751806,1.258e-05,0.0001464,343.13315,345.1014,6722.2544,"spacetrack"
100120,"2026-09-05 14:04:08.82+00",1.173e-05,15.7518425,1.62e-05,0.0001253,343.2645,344.9491,6722.2437,"spacetrack"
100120,"2026-09-06 23:36:41.967+00",1.2293e-05,15.7518425,1.704e-05,0.0001169,343.321,344.89267,6722.2437,"spacetrack"
100121,"2026-09-01 23:58:05.424+00",0.0009093,15.752199,0.00137887,2.02e-05,343.86975,344.14133,6722.1426,"spacetrack"
100121,"2026-09-02 22:50:17.472+00",0.00043498,15.752117,0.00065351,0.000493,340.71484,347.3429,6722.166,"spacetrack"
100121,"2026-09-03 23:13:57.463+00",0.001295,15.752508,0.00198093,6.49e-05,343.48126,344.3538,6722.0547,"spacetrack"
100121,"2026-09-04 23:37:37.996+00",0.001508,15.754021,0.00233184,0.0002405,341.87073,345.10382,6721.624,"spacetrack"
100121,"2026-09-05 14:52:25.905+00",0.00082428,15.752204,0.00124792,9.82e-05,343.34387,344.66412,6722.141,"spacetrack"
100121,"2026-09-06 22:53:30.429+00",0.0012443,15.752609,0.0019024,0.0001509,342.8743,344.903,6722.026,"spacetrack"
100122,"2026-09-01 22:55:04.191+00",-1.3078e-05,15.751802,-2.079e-05,0.00016,343.04282,345.19394,6722.2554,"spacetrack"
100122,"2026-09-02 23:18:44.51+00",6.1122e-05,15.751886,8.996e-05,0.0001649,342.98596,345.20297,6722.2314,"spacetrack"
100122,"2026-09-03 11:30:34.826+00",5.8964e-05,15.751838,8.672e-05,0.0001116,343.35806,344.85846,6722.245,"spacetrack"
100122,"2026-09-04 11:54:15.266+00",-6.511e-06,15.7518215,-1.1e-05,9.42e-05,343.47964,344.7461,6722.25,"spacetrack"
100122,"2026-09-05 13:49:24.693+00",2.8834e-05,15.751858,4.172e-05,0.0001072,343.38193,344.82318,6722.2397,"spacetrack"
100122,"2026-09-06 23:21:57.744+00",1.8762e-05,15.7518635,2.669e-05,0.0001101,343.3609,344.84113,6722.238,"spacetrack"
100123,"2026-09-01 21:46:58.883+00",4.8841e-05,15.751869,7.16e-05,0.0001483,343.10248,345.09628,6722.2363,"spacetrack"
100123,"2026-09-02 23:42:07.09+00",9.1182e-05,15.75213,0.00013507,0.0002544,342.31525,345.73547,6722.1626,"spacetrack"
100123,"2026-09-03 11:53:58.152+00",6.3496e-06,15.75179,8.17e-06,0.0001546,343.08264,345.16116,6722.259,"spacetrack"
100123,"2026-09-04 07:43:11.975+00",1.8321e-05,15.751881,2.604e-05,0.0001456,343.11728,345.0748,6722.233,"spacetrack"
100123,"2026-09-05 14:12:47.733+00",1.9411e-05,15.751859,2.766e-05,0.0001137,343.3379,344.86652,6722.2393,"spacetrack"
100123,"2026-09-06 23:45:20.86+00",1.1879e-05,15.751845,1.642e-05,6.01e-05,343.70218,344.5102,6722.243,"spacetrack"
100124,"2026-09-01 23:38:10.901+00",-0.00048387,15.806543,-0.0009119,0.0001368,327.67154,329.5065,6706.726,"spacetrack"
100124,"2026-09-02 22:27:37.976+00",-0.0049165,15.777934,-0.00754036,0.0001827,335.467,337.92062,6714.831,"spacetrack"
100124,"2026-09-03 21:19:21.04+00",-0.0035994,15.761877,-0.00527761,0.0001926,339.95944,342.54773,6719.3906,"spacetrack"
100124,"2026-09-04 23:14:34.443+00",-0.00089825,15.754727,-0.00133657,8.13e-05,342.73978,343.8327,6721.4233,"spacetrack"
100124,"2026-09-05 23:38:26.384+00",4.239e-05,15.751992,6.2e-05,9.15e-05,343.44937,344.67953,6722.2017,"spacetrack"
100124,"2026-09-06 20:59:10.632+00",-3.2392e-07,15.751759,-1.78e-06,0.0001261,343.2832,344.97858,6722.268,"spacetrack"
100138,"2026-09-01 18:54:02.475+00",0.00021403,15.491247,0.00017802,0.014502,320.70905,517.8615,6797.4224,"spacetrack"
100138,"2026-09-02 22:48:18.404+00",0.00020413,15.491671,0.00016992,0.0144933,320.6461,517.67664,6797.2983,"spacetrack"
100138,"2026-09-03 17:24:27.604+00",0.00021799,15.491966,0.00018167,0.0144819,320.63837,517.5114,6797.212,"spacetrack"
100138,"2026-09-04 19:45:38.568+00",0.00020239,15.492364,0.00016871,0.0144704,320.60202,517.31537,6797.0957,"spacetrack"
100138,"2026-09-05 20:33:46.795+00",0.00020855,15.492743,0.000174,0.0144539,320.60483,517.0907,6796.985,"spacetrack"
100138,"2026-09-06 22:54:53.192+00",0.00026159,15.49318,0.000219,0.0144444,320.5434,516.8964,6796.857,"spacetrack"
100142,"2026-09-01 18:31:15.644+00",0.00047158,16.0105,0.00257293,0.0014955,261.56512,281.45422,6649.6465,"spacetrack"
100142,"2026-09-02 14:01:08.629+00",0.00042799,16.014454,0.00239045,0.001516,260.33606,280.49448,6648.5522,"spacetrack"
100142,"2026-09-03 21:30:20.846+00",0.00042962,16.020864,0.00249164,0.0015363,258.43024,278.85315,6646.779,"spacetrack"
100142,"2026-09-04 21:29:13.32+00",0.00040656,16.025913,0.00243016,0.0015605,256.87512,277.61536,6645.3823,"spacetrack"
100142,"2026-09-05 21:27:38.693+00",0.00041007,16.031046,0.00252746,0.0015798,255.33067,276.32294,6643.964,"spacetrack"
100142,"2026-09-06 22:55:27.295+00",0.00041677,16.036695,0.00265823,0.0016135,253.549,274.98404,6642.4033,"spacetrack"
100171,"2026-09-01 15:57:11.408+00",0.001169,15.751951,0.00177957,0.0001688,342.94138,345.2108,6722.213,"spacetrack"
100171,"2026-09-02 23:58:15.456+00",0.0015391,15.752768,0.00236805,0.0001635,342.74472,344.9428,6721.981,"spacetrack"
100171,"2026-09-03 01:29:44.097+00",0.000816,15.75209,0.00123456,8.55e-05,343.46158,344.61105,6722.1733,"spacetrack"
100171,"2026-09-04 20:11:09.973+00",0.00082206,15.752324,0.00124515,7.07e-05,343.4946,344.4451,6722.107,"spacetrack"
100171,"2026-09-05 14:28:55.832+00",0.00086464,15.752007,0.00130894,0.0001794,342.85428,345.26617,6722.1973,"spacetrack"
100171,"2026-09-06 20:58:31.094+00",0.0013297,15.752445,0.00203482,9.46e-05,343.29962,344.57144,6722.0728,"spacetrack"
100179,"2026-09-01 22:44:23.816+00",0.0010943,15.752416,0.00166695,0.0001822,342.71896,345.1685,6722.0806,"spacetrack"
100179,"2026-09-02 12:27:42.616+00",0.001555,15.752801,0.00239356,0.0001549,342.79297,344.87543,6721.971,"spacetrack"
100179,"2026-09-03 20:28:47.049+00",0.001141,15.752457,0.00173983,0.0001186,343.13504,344.72952,6722.0693,"spacetrack"
100179,"2026-09-04 23:55:25.728+00",0.0013226,15.753644,0.00203456,0.0002128,342.1641,345.02487,6721.7314,"spacetrack"
100179,"2026-09-05 19:44:39.422+00",0.0011288,15.752423,0.00172073,0.0002097,342.5322,345.35144,6722.0786,"spacetrack"
100179,"2026-09-06 12:30:56.223+00",0.00092253,15.752436,0.0014008,0.0001926,342.6434,345.23273,6722.075,"spacetrack"
100180,"2026-09-01 22:26:06.056+00",0.0016478,15.753135,0.00254476,0.0001745,342.56635,344.91226,6721.8765,"spacetrack"
100180,"2026-09-02 22:49:46.641+00",0.00098233,15.752314,0.00149247,0.0001636,342.87314,345.07263,6722.11,"spacetrack"
100180,"2026-09-03 01:52:44.139+00",0.0013135,15.751911,0.00200459,0.0001696,342.9474,345.22757,6722.2246,"spacetrack"
100180,"2026-09-04 19:02:41.302+00",0.0014126,15.75255,0.0021661,0.0001138,343.14062,344.67056,6722.0425,"spacetrack"
100180,"2026-09-05 20:57:50.255+00",0.00093035,15.752529,0.00141341,0.0001271,343.0571,344.76584,6722.0483,"spacetrack"
100180,"2026-09-06 15:15:36.125+00",0.00084428,15.752065,0.00127791,9.5e-05,343.40518,344.6824,6722.1807,"spacetrack"
100181,"2026-09-01 22:11:52.433+00",0.0015078,15.752675,0.00231761,0.0001555,342.82483,344.91537,6722.0073,"spacetrack"
100181,"2026-09-02 22:35:33.098+00",0.0013793,15.7524395,0.00211257,0.0001594,342.86557,345.00858,6722.074,"spacetrack"
100181,"2026-09-03 12:18:52.038+00",0.0005451,15.751962,0.00081984,0.0001838,342.83743,345.3085,6722.21,"spacetrack"
100181,"2026-09-04 02:02:11.286+00",0.0010311,15.751881,0.00156515,0.0002903,342.1447,346.04764,6722.2334,"spacetrack"
100181,"2026-09-05 13:06:13.048+00",0.0012391,15.752557,0.00189388,1.17e-05,343.825,343.9823,6722.0405,"spacetrack"
100181,"2026-09-06 13:29:53.576+00",0.00094515,15.751896,0.0014323,0.0001135,343.32883,344.85477,6722.229,"spacetrack"
100182,"2026-09-01 12:28:56.147+00",0.00062188,15.751933,0.00093667,0.0001673,342.95642,345.2057,6722.2183,"spacetrack"
100182,"2026-09-02 12:52:36.658+00",0.00088969,15.751766,0.00134607,0.0001261,343.28088,344.97623,6722.2656,"spacetrack"
100182,"2026-09-03 23:56:39.329+00",0.0013148,15.752589,0.00201303,0.0003159,341.77106,346.01804,6722.0317,"spacetrack"
100182,"2026-09-04 19:45:52.999+00",0.0010268,15.752909,0.00156538,0.0001141,343.03665,344.5706,6721.9404,"spacetrack"
100182,"2026-09-05 20:09:33.364+00",0.00090642,15.752563,0.00137663,0.0001485,342.90356,344.9,6722.0386,"spacetrack"
100182,"2026-09-06 12:55:50.207+00",0.0010863,15.752057,0.00165178,9.45e-05,343.4105,344.681,6722.1826,"spacetrack"
100183,"2026-09-01 12:59:58.259+00",0.0011157,15.751699,0.00169482,0.0001566,343.09494,345.20035,6722.2847,"spacetrack"
100183,"2026-09-02 13:23:35.176+00",0.001028,15.753779,0.00157336,0.0001123,342.801,344.3107,6721.693,"spacetrack"
100183,"2026-09-03 12:15:48.523+00",0.00063096,15.751808,0.00094997,0.0001273,343.26105,344.97253,6722.254,"spacetrack"
100183,"2026-09-04 12:39:29.437+00",0.0013865,15.752498,0.00212454,7.31e-05,343.4291,344.41187,6722.0576,"spacetrack"
100183,"2026-09-05 00:51:18.703+00",0.00089768,15.75287,0.00136535,0.0003761,341.2865,346.34277,6721.9517,"spacetrack"
100183,"2026-09-06 19:32:45.7+00",0.00099248,15.752554,0.00150981,0.0001885,342.6373,345.1715,6722.0415,"spacetrack"
100184,"2026-09-01 12:44:11.659+00",0.00092383,15.7520485,0.00140037,0.0001347,343.14276,344.95374,6722.185,"spacetrack"
100184,"2026-09-02 22:16:44.83+00",0.0014028,15.752566,0.00215081,0.000152,342.8792,344.92273,6722.038,"spacetrack"
100184,"2026-09-03 13:31:32.417+00",0.00059577,15.752283,0.00089825,0.0001954,342.66812,345.29514,6722.1187,"spacetrack"
100184,"2026-09-04 00:11:54.004+00",0.00097256,15.752101,0.00147598,0.0001811,342.81598,345.25073,6722.1704,"spacetrack"
100184,"2026-09-05 12:47:24.884+00",0.00092403,15.752458,0.00140321,0.000146,342.9505,344.91333,6722.069,"spacetrack"
100184,"2026-09-06 13:11:05.482+00",0.00087957,15.751875,0.00133112,0.0001238,343.26544,344.92987,6722.235,"spacetrack"
100185,"2026-09-01 22:38:18.109+00",0.0016438,15.752796,0.00253459,0.0001844,342.59616,345.07523,6721.9727,"spacetrack"
100185,"2026-09-02 01:41:15.796+00",0.0011854,15.752085,0.00180628,0.0002809,342.14978,345.9263,6722.175,"spacetrack"
100185,"2026-09-03 23:25:38.708+00",0.0016129,15.752458,0.0024816,9.7e-05,343.27994,344.58405,6722.069,"spacetrack"
100185,"2026-09-05 15:04:07.253+00",0.0011872,15.752289,0.00181052,0.0001363,343.06378,344.89624,6722.117,"spacetrack"
100185,"2026-09-06 15:27:47.914+00",0.0010622,15.752105,0.00161483,0.0001503,343.02194,345.04263,6722.1694,"spacetrack"
100186,"2026-09-01 12:53:51.124+00",0.0011242,15.751896,0.00170952,0.000152,343.0701,345.11365,6722.229,"spacetrack"
100186,"2026-09-02 22:26:24.201+00",0.001314,15.752428,0.00201002,0.0001534,342.9091,344.9714,6722.077,"spacetrack"
100186,"2026-09-03 12:09:42.946+00",0.00073208,15.75223,0.00110646,0.0001261,343.1492,344.8445,6722.134,"spacetrack"
100186,"2026-09-04 01:53:02.068+00",0.0014263,15.752313,0.0021854,0.0001973,342.6468,345.29932,6722.11,"spacetrack"
100186,"2026-09-05 23:37:26.747+00",0.00094258,15.751958,0.00142875,0.0001625,342.98166,345.16638,6722.211,"spacetrack"
100186,"2026-09-06 19:26:39.927+00",0.00091603,15.752804,0.00139297,0.0001668,342.71234,344.9548,6721.9707,"spacetrack"
100187,"2026-09-01 12:17:15.01+00",0.00079671,15.751946,0.00120417,0.0001228,343.25177,344.90277,6722.2144,"spacetrack"
100187,"2026-09-02 12:40:55.138+00",0.00057932,15.751956,0.00087191,0.0001868,342.819,345.3304,6722.212,"spacetrack"
100187,"2026-09-03 22:13:28.608+00",0.0014105,15.752552,0.00216274,0.0001107,343.16095,344.64923,6722.042,"spacetrack"
100187,"2026-09-04 13:28:16.456+00",0.0012789,15.751787,0.00194947,9.6e-05,343.47733,344.768,6722.26,"spacetrack"
100187,"2026-09-05 12:20:28.231+00",0.0016273,15.753972,0.00252154,0.0001857,342.2528,344.74924,6721.638,"spacetrack"
100187,"2026-09-06 12:44:08.924+00",0.001143,15.752041,0.00173975,0.0001093,343.31586,344.78534,6722.1875,"spacetrack"
100188,"2026-09-01 20:00:44.847+00",0.0016246,15.752446,0.00250019,0.0001953,342.62247,345.2481,6722.0723,"spacetrack"
100188,"2026-09-02 12:47:00.839+00",0.00096945,15.752559,0.00147414,0.0001802,342.69177,345.1144,6722.04,"spacetrack"
100188,"2026-09-03 11:39:13.08+00",0.00093133,15.752156,0.0014126,6.8e-05,343.5605,344.4747,6722.155,"spacetrack"
100188,"2026-09-04 12:02:53.571+00",0.0013088,15.752426,0.00200183,0.0001088,343.20953,344.67224,6722.078,"spacetrack"
100188,"2026-09-05 12:26:34.122+00",0.0012225,15.75207,0.00186387,0.0002311,342.48862,345.5956,6722.179,"spacetrack"
100188,"2026-09-06 12:50:14.788+00",0.00099027,15.751948,0.00150231,8.92e-05,343.47733,344.67657,6722.214,"spacetrack"
100189,"2026-09-01 12:14:42.462+00",0.00054909,15.75202,0.00082609,0.0001451,343.08115,345.03192,6722.1934,"spacetrack"
100189,"2026-09-02 12:38:22.877+00",0.00072257,15.751947,0.00109053,0.0001201,343.26962,344.8843,6722.214,"spacetrack"
100189,"2026-09-03 22:10:56.019+00",0.0014945,15.752726,0.0022971,6.21e-05,343.43832,344.2732,6721.9927,"spacetrack"
100189,"2026-09-04 11:54:15.351+00",0.0013709,15.753162,0.00210692,0.0004461,340.7327,346.72995,6721.868,"spacetrack"
100189,"2026-09-05 18:23:52.359+00",0.001188,15.752148,0.00181068,0.0001193,343.21814,344.82205,6722.157,"spacetrack"
100189,"2026-09-06 12:41:36.569+00",0.00098968,15.753192,0.00150966,0.0001454,342.74567,344.70038,6721.86,"spacetrack"
100190,"2026-09-01 12:41:08.718+00",0.00092167,15.751953,0.00139645,0.0001168,343.2902,344.8605,6722.2124,"spacetrack"
100190,"2026-09-02 22:13:41.867+00",0.001517,15.752622,0.0023315,0.0001341,342.98386,344.7867,6722.0225,"spacetrack"
100190,"2026-09-03 11:57:00.569+00",0.00079283,15.752195,0.00119954,0.0001466,343.02094,344.99188,6722.1436,"spacetrack"
100190,"2026-09-04 12:20:41.282+00",0.0015496,15.75286,0.00238558,0.000131,342.93674,344.6979,6721.954,"spacetrack"
100190,"2026-09-05 21:53:14.621+00",0.00095517,15.75225,0.00145006,0.0001724,342.83206,345.14984,6722.128,"spacetrack"
100190,"2026-09-06 14:39:31.332+00",0.0011172,15.751939,0.00169897,0.0001443,343.10956,345.0496,6722.217,"spacetrack"
100191,"2026-09-01 12:48:15.623+00",0.001108,15.751816,0.00168374,0.0001595,343.04224,345.18665,6722.2515,"spacetrack"
100191,"2026-09-02 22:20:48.267+00",0.00113,15.752523,0.0017232,3.16e-05,343.70065,344.1255,6722.0503,"spacetrack"
100191,"2026-09-03 13:35:36.381+00",0.00054452,15.752155,0.00081963,0.0001304,343.14133,344.89447,6722.155,"spacetrack"
100191,"2026-09-04 12:27:48.166+00",0.0011001,15.752462,0.00167619,0.0001383,343.0009,344.8602,6722.0674,"spacetrack"
100191,"2026-09-05 20:28:52.684+00",0.001074,15.752385,0.00163513,8.2e-05,343.40143,344.50385,6722.09,"spacetrack"
100191,"2026-09-06 23:55:30.579+00",0.0014694,15.752809,0.00225829,3.37e-05,343.60568,344.05872,6721.969,"spacetrack"
100192,"2026-09-01 12:38:05.645+00",0.00065111,15.752125,0.00098209,0.0001765,342.84012,345.21304,6722.1636,"spacetrack"
100192,"2026-09-02 22:10:38.983+00",0.0013789,15.7525,0.00211256,0.0001576,342.8605,344.97928,6722.057,"spacetrack"
100192,"2026-09-03 22:34:18.798+00",0.001297,15.752782,0.00198645,3.22e-05,343.62317,344.05606,6721.9766,"spacetrack"
100192,"2026-09-04 19:55:02.434+00",0.0013698,15.753506,0.00210761,0.0001283,342.7715,344.4963,6721.771,"spacetrack"
100192,"2026-09-05 12:41:19.248+00",0.0006958,15.752177,0.00105066,0.0001754,342.83267,345.1908,6722.149,"spacetrack"
100192,"2026-09-06 13:04:59.8+00",0.0011579,15.751855,0.00176155,0.0001705,342.95718,345.24948,6722.24,"spacetrack"
100193,"2026-09-01 12:25:53.924+00",0.0006375,15.751904,0.00096034,0.0001013,343.4086,344.77054,6722.2266,"spacetrack"
100193,"2026-09-02 12:49:34.427+00",0.00096243,15.751961,0.0014594,0.0001081,343.3465,344.79984,6722.21,"spacetrack"
100193,"2026-09-03 23:53:37.098+00",0.0012631,15.752548,0.00193173,0.0003522,341.5387,346.2737,6722.043,"spacetrack"
100193,"2026-09-04 12:05:26.551+00",0.0010807,15.752173,0.00164403,0.000166,342.8969,345.12866,6722.15,"spacetrack"
100193,"2026-09-05 12:29:07.247+00",0.0011579,15.752027,0.00176285,0.000151,343.03943,345.06952,6722.1914,"spacetrack"
100193,"2026-09-06 12:52:47.822+00",0.00079692,15.75194,0.00120446,0.0001076,343.35583,344.80246,6722.2163,"spacetrack"
100194,"2026-09-01 22:20:30.343+00",0.0012644,15.752554,0.00193347,6.61e-05,343.46008,344.34875,6722.0415,"spacetrack"
100194,"2026-09-02 22:44:11.083+00",0.00095054,15.752263,0.00144295,0.0001062,343.27353,344.7013,6722.1245,"spacetrack"
100194,"2026-09-03 12:27:30.161+00",0.00067878,15.75205,0.00102402,0.0001172,343.25992,344.8356,6722.1846,"spacetrack"
100194,"2026-09-04 12:51:10.732+00",0.0012932,15.752519,0.00197817,8.13e-05,343.36795,344.46094,6722.0513,"spacetrack"
100194,"2026-09-05 11:43:22.608+00",0.0010687,15.752238,0.00162581,0.0001918,342.70493,345.28354,6722.1313,"spacetrack"
100194,"2026-09-06 19:44:27.035+00",0.0010398,15.752263,0.0015812,0.0001878,342.72473,345.24957,6722.124,"spacetrack"
100195,"2026-09-01 12:31:29.33+00",0.00074404,15.751936,0.00112335,0.0001009,343.40207,344.7586,6722.2173,"spacetrack"
100195,"2026-09-02 19:01:04.875+00",0.00069704,15.752078,0.00105209,0.000145,343.06528,345.0147,6722.177,"spacetrack"
100195,"2026-09-03 22:27:43.034+00",0.001461,15.75261,0.00224302,0.0001518,342.86798,344.90878,6722.0254,"spacetrack"
100195,"2026-09-04 21:19:54.399+00",0.00072142,15.752903,0.00109339,0.0001814,342.58588,345.0246,6721.9424,"spacetrack"
100195,"2026-09-05 12:34:42.713+00",0.0012222,15.753044,0.00187145,6.93e-05,343.29913,344.2308,6721.902,"spacetrack"
100195,"2026-09-06 12:58:23.251+00",0.0010424,15.751961,0.00158313,8.53e-05,343.49982,344.6466,6722.2104,"spacetrack"
100196,"2026-09-01 12:20:18.736+00",0.00063379,15.751893,0.00095469,0.0002093,342.6855,345.49942,6722.2295,"spacetrack"
100196,"2026-09-02 12:43:58.716+00",0.00093967,15.75243,0.0014272,9.68e-05,343.2892,344.5906,6722.077,"spacetrack"
100196,"2026-09-03 23:48:01.029+00",0.0017169,15.752875,0.00265182,0.0001272,342.9581,344.66818,6721.95,"spacetrack"
100196,"2026-09-04 11:59:51.365+00",0.0013759,15.753154,0.00211485,0.0004635,340.61823,346.8494,6721.8706,"spacetrack"
100196,"2026-09-05 12:23:32.049+00",0.0010988,15.752467,0.00167433,0.0001429,342.96872,344.8899,6722.0664,"spacetrack"
100196,"2026-09-06 12:47:12.672+00",0.0010457,15.752012,0.00158851,0.0001266,343.2075,344.90955,6722.1953,"spacetrack"
100197,"2026-09-01 22:49:28.542+00",0.0010939,15.752543,0.00166712,0.0001091,343.17422,344.641,6722.0444,"spacetrack"
100197,"2026-09-02 12:32:47.428+00",0.0015437,15.752933,0.00237714,0.0002403,342.18152,345.41208,6721.9336,"spacetrack"
100197,"2026-09-03 20:33:51.992+00",0.0012065,15.752487,0.00184231,0.000108,343.19754,344.6495,6722.0605,"spacetrack"
100197,"2026-09-04 19:26:03.87+00",0.00081048,15.752533,0.00122847,0.0001208,343.09848,344.7225,6722.0474,"spacetrack"
100197,"2026-09-05 12:12:20.496+00",0.0012881,15.752334,0.00196854,0.0001592,342.89716,345.03748,6722.1045,"spacetrack"
100197,"2026-09-06 12:36:01.102+00",0.0010448,15.752488,0.00159051,0.0001738,342.755,345.0916,6722.0605,"spacetrack"
100198,"2026-09-01 12:35:02.757+00",0.0014568,15.752552,0.00223571,0.0001062,343.19107,344.61884,6722.042,"spacetrack"
100198,"2026-09-02 12:58:43.107+00",0.0011493,15.75253,0.0017534,0.0001618,342.82364,344.9989,6722.0483,"spacetrack"
100198,"2026-09-03 22:31:15.984+00",0.0011354,15.752603,0.00173229,6.26e-05,343.46988,344.31146,6722.028,"spacetrack"
100198,"2026-09-04 19:51:59.426+00",0.0014075,15.753603,0.0021681,0.0001667,342.48566,344.72668,6721.743,"spacetrack"
100198,"2026-09-05 12:38:16.056+00",0.0011892,15.751977,0.00181121,0.0001419,343.11472,345.0225,6722.2056,"spacetrack"
100198,"2026-09-06 13:01:56.715+00",0.0011615,15.751977,0.00176805,0.0001502,343.05893,345.0783,6722.2056,"spacetrack"
100199,"2026-09-01 22:30:40.49+00",0.001477,15.752702,0.00226911,0.0001604,342.78427,344.94067,6721.9995,"spacetrack"
100199,"2026-09-02 12:13:59.373+00",0.0012138,15.752496,0.00185384,0.0001263,343.07214,344.77014,6722.058,"spacetrack"
100199,"2026-09-03 11:06:11.299+00",0.0014429,15.752392,0.00221226,0.0001856,342.7031,345.19833,6722.088,"spacetrack"
100199,"2026-09-04 02:20:58.904+00",0.0011059,15.751867,0.00168088,0.0001234,343.27032,344.92938,6722.237,"spacetrack"
100199,"2026-09-05 21:02:25.12+00",0.001033,15.752144,0.00156987,0.0002129,342.5901,345.4524,6722.158,"spacetrack"
100199,"2026-09-06 12:17:13.038+00",0.00097375,15.752618,0.00148117,0.0001606,342.80692,344.96603,6722.0234,"spacetrack"
100200,"2026-09-01 22:14:26.015+00",0.0012149,15.752798,0.00185794,7.34e-05,343.34164,344.32843,6721.972,"spacetrack"
100200,"2026-09-02 22:38:05.318+00",0.0012746,15.752415,0.00194822,0.0001071,343.2241,344.66397,6722.081,"spacetrack"
100200,"2026-09-03 10:49:55.378+00",0.0011744,15.752525,0.00179255,9.84e-05,343.2511,344.574,6722.0493,"spacetrack"
100200,"2026-09-04 12:45:04.705+00",0.0013783,15.752708,0.00211363,9.98e-05,343.18964,344.53134,6721.9976,"spacetrack"
100200,"2026-09-05 13:08:45.448+00",0.0011524,15.752216,0.00175576,0.0001228,343.17514,344.82608,6722.1377,"spacetrack"
100200,"2026-09-06 13:32:26.195+00",0.00086012,15.751843,0.00130103,0.0001497,343.10022,345.11285,6722.2437,"spacetrack"
100201,"2026-09-01 22:33:12.976+00",0.0014879,15.752679,0.0022862,0.0001466,342.88345,344.85437,6722.006,"spacetrack"
100201,"2026-09-02 22:56:53.472+00",0.0010937,15.752446,0.00166623,0.0001409,342.9879,344.8822,6722.0723,"spacetrack"
100201,"2026-09-03 01:59:51.182+00",0.0010373,15.7518,0.00157411,0.0001802,342.90784,345.33054,6722.2563,"spacetrack"
100201,"2026-09-04 19:09:48.127+00",0.0015928,15.753303,0.00245904,8.19e-05,343.14102,344.24207,6721.8286,"spacetrack"
100201,"2026-09-05 21:04:57.413+00",0.0005812,15.752105,0.00087532,0.0001542,342.99567,345.0688,6722.1694,"spacetrack"
100201,"2026-09-06 19:57:09.242+00",0.0012819,15.752385,0.00195943,0.0001761,342.76874,345.13626,6722.0894,"spacetrack"
100202,"2026-09-01 22:36:15.958+00",0.0015066,15.752647,0.00231537,0.0001672,342.75412,345.00195,6722.015,"spacetrack"
100202,"2026-09-02 19:57:00.613+00",0.0011542,15.752166,0.00175814,0.0001177,343.22363,344.80603,6722.152,"spacetrack"
100202,"2026-09-03 12:43:15.598+00",0.00078867,15.752286,0.00119365,0.0001893,342.70822,345.2532,6722.1177,"spacetrack"
100202,"2026-09-04 23:47:16.398+00",0.0010817,15.752811,0.00165031,0.0002397,342.22,345.4425,6721.9683,"spacetrack"
100202,"2026-09-05 13:30:36.784+00",0.001293,15.751893,0.0019728,0.0003382,341.81915,346.3661,6722.2295,"spacetrack"
100202,"2026-09-06 12:22:47.793+00",0.0010689,15.753394,0.00163447,0.0001987,342.32996,345.0012,6721.8027,"spacetrack"
100213,"2026-09-01 21:09:14.739+00",0.0012461,15.752534,0.00190464,8.47e-05,343.34076,344.4795,6722.0474,"spacetrack"
100213,"2026-09-02 21:32:55.363+00",0.0013058,15.752301,0.00199603,9.82e-05,343.31628,344.6365,6722.1133,"spacetrack"
100213,"2026-09-03 15:50:40.691+00",0.0008367,15.751797,0.00126476,9.05e-05,343.51157,344.72827,6722.257,"spacetrack"
100213,"2026-09-04 14:42:52.344+00",0.0011501,15.752697,0.00175589,9.16e-05,343.248,344.47946,6722.0005,"spacetrack"
100213,"2026-09-05 16:38:01.83+00",0.0010299,15.751855,0.00156291,9.63e-05,343.45618,344.7509,6722.2407,"spacetrack"
100214,"2026-09-01 20:45:51.739+00",0.0010435,15.752265,0.00158686,0.0001322,343.09818,344.87552,6722.124,"spacetrack"
100214,"2026-09-02 22:41:01.353+00",0.00077799,15.752079,0.00117622,0.0002182,342.57278,345.50635,6722.177,"spacetrack"
100214,"2026-09-03 16:58:45.983+00",0.00087929,15.7527075,0.00133559,0.0001702,342.71683,345.005,6721.998,"spacetrack"
100214,"2026-09-04 21:56:51.748+00",0.00095117,15.752986,0.00144891,0.0003682,341.30652,346.25653,6721.9185,"spacetrack"
100214,"2026-09-05 20:49:04.764+00",0.00060942,15.752278,0.00091902,5.49e-05,343.61392,344.35202,6722.12,"spacetrack"
100214,"2026-09-06 21:12:45.381+00",0.00027914,15.751917,0.00041711,6.03e-05,343.68045,344.49115,6722.2227,"spacetrack"
100215,"2026-09-01 20:48:54.766+00",0.0011852,15.752313,0.00180765,0.0001226,343.1491,344.79736,6722.1104,"spacetrack"
100215,"2026-09-02 21:12:35.065+00",0.0012833,15.752463,0.0019622,0.0001,343.25815,344.60254,6722.0674,"spacetrack"
100215,"2026-09-03 17:01:49.098+00",0.00064262,15.752049,0.00096876,8.47e-05,343.47873,344.61746,6722.185,"spacetrack"
100215,"2026-09-05 14:46:12.354+00",0.0012299,15.752922,0.00188339,0.0004761,340.59943,347.00006,6721.9365,"spacetrack"
100215,"2026-09-06 21:15:48.625+00",0.0011163,15.752173,0.00169924,0.0001251,343.1718,344.8537,6722.15,"spacetrack"
100216,"2026-09-01 15:53:07.817+00",0.0011339,15.752223,0.00172699,9.37e-05,343.3689,344.6286,6722.1357,"spacetrack"
100216,"2026-09-02 20:51:14.678+00",0.0012722,15.752341,0.00194384,0.000107,343.24588,344.6844,6722.102,"spacetrack"
100216,"2026-09-03 13:37:31.19+00",0.0014593,15.752641,0.00224067,8.46e-05,343.31113,344.4485,6722.0166,"spacetrack"
100216,"2026-09-04 21:38:35.784+00",0.0011072,15.753113,0.00169221,0.0001467,342.75952,344.73172,6721.883,"spacetrack"
100216,"2026-09-05 15:56:21.449+00",0.00087551,15.752043,0.00132592,0.0002052,342.67062,345.42938,6722.187,"spacetrack"
100216,"2026-09-06 16:20:01.411+00",0.0010516,15.751891,0.00159684,9.11e-05,343.48062,344.7054,6722.23,"spacetrack"
100217,"2026-09-01 21:00:36.323+00",0.00089247,15.752409,0.00135415,8.37e-05,343.38303,344.5083,6722.0825,"spacetrack"
100217,"2026-09-02 16:49:50.577+00",0.00060414,15.751736,0.00090879,0.0001028,343.44638,344.82846,6722.2744,"spacetrack"
100217,"2026-09-03 17:13:30.865+00",0.00076268,15.752056,0.00115253,0.0001431,343.0843,345.00818,6722.183,"spacetrack"
100217,"2026-09-04 20:40:09.595+00",0.0011205,15.753013,0.00171214,0.000138,342.84644,344.70166,6721.911,"spacetrack"
100217,"2026-09-05 14:58:11.508+00",0.0010223,15.738853,0.00146574,0.0003613,345.3749,350.23508,6725.942,"spacetrack"
100218,"2026-09-01 20:43:19.227+00",0.0011112,15.752452,0.00169344,0.0001305,343.0563,344.81076,6722.0703,"spacetrack"
100218,"2026-09-02 21:06:59.855+00",0.0007148,15.752064,0.00107921,0.000137,343.1231,344.965,6722.181,"spacetrack"
100218,"2026-09-03 13:53:16.354+00",0.00095745,15.752112,0.00145267,0.0001212,343.2154,344.84485,6722.167,"spacetrack"
100218,"2026-09-04 21:54:20.943+00",0.00093711,15.752936,0.00142641,6.72e-05,343.3439,344.2473,6721.9326,"spacetrack"
100218,"2026-09-05 20:46:32.337+00",0.00051026,15.752295,0.00076795,6e-05,343.57492,344.38156,6722.115,"spacetrack"
100218,"2026-09-06 16:35:47.283+00",0.0012245,15.751872,0.00186544,0.0002223,342.60416,345.59286,6722.2354,"spacetrack"
100219,"2026-09-01 15:42:27.459+00",0.0009331,15.751758,0.00141285,8.59e-05,343.5537,344.7086,6722.268,"spacetrack"
100219,"2026-09-02 16:06:08.465+00",0.00072374,15.751745,0.00109149,0.000265,342.35327,345.91608,6722.2715,"spacetrack"
100219,"2026-09-03 16:29:48.626+00",0.00092328,15.751785,0.00139793,0.0001685,342.99048,345.25586,6722.2603,"spacetrack"
100219,"2026-09-04 03:10:09.569+00",0.001506,15.752687,0.00231495,0.000223,342.3675,345.3655,6722.0034,"spacetrack"
100219,"2026-09-05 17:17:09.516+00",0.00087448,15.751862,0.0013232,9.39e-05,343.47015,344.7326,6722.2383,"spacetrack"
100219,"2026-09-06 20:44:14.662+00",-0.008315,15.733581,-0.01034273,9.24e-05,348.68604,349.92926,6727.445,"spacetrack"
100220,"2026-09-01 21:18:23.724+00",0.0013217,15.752547,0.00202316,0.0001349,342.9995,344.8131,6722.0435,"spacetrack"
100220,"2026-09-02 17:07:37.895+00",0.00065866,15.751971,0.00099293,0.0001419,343.11636,345.02414,6722.207,"spacetrack"
100220,"2026-09-03 23:37:13.459+00",0.00095214,15.752229,0.0014452,0.0001062,343.2832,344.711,6722.1343,"spacetrack"
100220,"2026-09-04 16:23:29.624+00",0.001233,15.751775,0.00187779,0.0001452,343.15018,345.10233,6722.263,"spacetrack"
100220,"2026-09-05 16:47:10.3+00",0.00062441,15.752447,0.0009426,4.17e-05,343.65454,344.21515,6722.072,"spacetrack"
100220,"2026-09-06 21:45:19.417+00",0.0011146,15.750653,0.00168539,0.0001721,343.28833,345.60223,6722.582,"spacetrack"
100221,"2026-09-01 17:07:50.247+00",0.00056033,15.752074,0.00084338,8.94e-05,343.44003,344.64197,6722.178,"spacetrack"
100221,"2026-09-02 16:00:02.154+00",0.00097332,15.752033,0.00147668,0.0001066,343.33606,344.76923,6722.1895,"spacetrack"
100221,"2026-09-03 16:23:42.648+00",0.0011083,15.751858,0.00168453,0.0001174,343.31348,344.89185,6722.2397,"spacetrack"
100221,"2026-09-04 13:44:25.494+00",0.0013131,15.752622,0.0020104,7.93e-05,343.35208,344.4182,6722.022,"spacetrack"
100221,"2026-09-05 21:45:29.982+00",0.00072133,15.752269,0.00109017,8.13e-05,343.43927,344.5323,6722.1226,"spacetrack"
100221,"2026-09-06 16:03:15.476+00",0.00086829,15.751798,0.00131331,8.58e-05,343.54294,344.6965,6722.257,"spacetrack"
100222,"2026-09-01 17:05:17.768+00",0.00087005,15.751898,0.00131661,3.08e-05,343.88412,344.2982,6722.228,"spacetrack"
100222,"2026-09-02 22:03:26.882+00",0.00095744,15.7516165,0.0014495,0.000157,343.1159,345.2267,6722.308,"spacetrack"
100222,"2026-09-03 14:49:41.669+00",0.0012566,15.75226,0.00191861,0.0001068,343.27023,344.7061,6722.125,"spacetrack"
100222,"2026-09-04 21:19:17.15+00",0.0014623,15.752384,0.00224271,0.0001367,343.0338,344.8716,6722.09,"spacetrack"
100222,"2026-09-05 14:05:33.007+00",0.00089314,15.75258,0.00135622,0.0001487,342.89777,344.89688,6722.034,"spacetrack"
100222,"2026-09-06 22:06:37.897+00",0.00091899,15.752251,0.00139413,0.000103,343.29834,344.6831,6722.128,"spacetrack"
100223,"2026-09-01 15:29:45.34+00",0.001177,15.75186,0.00179131,0.0001216,343.28458,344.91943,6722.239,"spacetrack"
100223,"2026-09-02 15:53:25.626+00",0.00093221,15.751744,0.00141139,9.34e-05,343.50705,344.76276,6722.272,"spacetrack"
100223,"2026-09-03 17:48:34.247+00",0.0011431,15.753111,0.00174821,0.0001044,343.0443,344.44785,6721.8833,"spacetrack"
100223,"2026-09-04 15:09:18.014+00",0.0009533,15.751729,0.00144383,0.0001583,343.07507,345.20337,6722.2764,"spacetrack"
100223,"2026-09-05 17:04:27.107+00",0.00113,15.752422,0.00172248,6.97e-05,343.4734,344.41043,6722.079,"spacetrack"
100223,"2026-09-06 15:56:39.116+00",0.0011593,15.751797,0.00176318,0.0001062,343.40616,344.83398,6722.257,"spacetrack"
100224,"2026-09-01 16:49:32.9+00",0.00096355,15.751896,0.00146071,0.0001273,343.23587,344.94736,6722.2285,"spacetrack"
100224,"2026-09-02 17:13:13.42+00",0.00077261,15.751983,0.00116742,0.0001829,342.83762,345.2966,6722.204,"spacetrack"
100224,"2026-09-03 23:42:48.808+00",0.0015173,15.752721,0.002333,0.0001174,343.0679,344.6462,6721.994,"spacetrack"
100224,"2026-09-04 08:51:41.587+00",0.00086124,15.752248,0.00130505,8.49e-05,343.42084,344.56226,6722.1284,"spacetrack"
100224,"2026-09-05 21:27:12.639+00",0.0011116,15.752378,0.00169358,0.0002055,342.57315,345.3359,6722.0913,"spacetrack"
100224,"2026-09-06 21:51:40.327+00",-0.0036881,15.7304735,-0.00474895,0.0001485,349.19434,351.19263,6728.3306,"spacetrack"
100225,"2026-09-01 22:37:40.884+00",0.0010459,15.752381,0.00159161,0.0002395,342.3436,345.56348,6722.0903,"spacetrack"
100225,"2026-09-02 21:29:53.455+00",0.0007405,15.75159,0.00111623,8e-05,343.64105,344.7166,6722.316,"spacetrack"
100225,"2026-09-03 14:16:09.358+00",0.0011089,15.752404,0.00168945,0.00011,343.20764,344.6865,6722.084,"spacetrack"
100225,"2026-09-04 14:39:48.846+00",0.0010612,15.752702,0.00161746,0.0001446,342.89047,344.83447,6721.9995,"spacetrack"
100225,"2026-09-05 16:34:59.319+00",0.00071153,15.751881,0.00107339,0.0002126,342.66693,345.5252,6722.233,"spacetrack"
100225,"2026-09-06 21:33:34.319+00",-0.0084453,15.733713,-0.01049483,0.0001039,348.5709,349.96887,6727.4067,"spacetrack"
100226,"2026-09-01 21:52:56.81+00",0.0010254,15.752204,0.00155846,0.0001066,343.2875,344.72067,6722.141,"spacetrack"
100226,"2026-09-02 20:45:08.684+00",0.0010705,15.752319,0.00162918,0.0001063,343.2567,344.68585,6722.1084,"spacetrack"
100226,"2026-09-03 15:02:53.845+00",0.0011535,15.751741,0.00175382,8.78e-05,343.54553,344.72595,6722.273,"spacetrack"
100226,"2026-09-04 21:32:29.146+00",0.00079397,15.752473,0.00120273,0.0001054,343.21918,344.6362,6722.0645,"spacetrack"
100226,"2026-09-05 15:50:15.077+00",0.001036,15.751657,0.00157108,6.81e-05,343.70197,344.61752,6722.297,"spacetrack"
100226,"2026-09-06 20:48:21.942+00",0.0011562,15.752412,0.00176327,6.6e-05,343.5012,344.3885,6722.082,"spacetrack"
100227,"2026-09-01 16:28:42.644+00",0.00094286,15.752254,0.00143102,0.0001147,343.2189,344.76096,6722.127,"spacetrack"
100227,"2026-09-02 16:52:24.826+00",0.0007204,15.750513,0.00108045,0.0001865,343.23138,345.73892,6722.622,"spacetrack"
100227,"2026-09-03 14:13:05.436+00",0.0011013,15.752362,0.00167739,0.0001738,342.79083,345.12744,6722.096,"spacetrack"
100227,"2026-09-04 16:08:15.652+00",0.00084136,15.751587,0.00127082,0.0002035,342.81165,345.54764,6722.3164,"spacetrack"
100227,"2026-09-05 22:37:51.16+00",0.0010607,15.752366,0.00161441,0.0001871,342.70016,345.21558,6722.0947,"spacetrack"
100227,"2026-09-06 15:24:19.707+00",0.0011165,15.743813,0.00163855,0.0003367,344.1282,348.65652,6724.5293,"spacetrack"
100228,"2026-09-01 21:12:17.656+00",0.0013207,15.752605,0.00202204,0.0001105,343.14697,344.63254,6722.027,"spacetrack"
100228,"2026-09-02 13:58:34.353+00",0.00093716,15.751964,0.0014204,0.0001285,343.20877,344.93637,6722.2095,"spacetrack"
100228,"2026-09-03 15:53:43.583+00",0.00091357,15.751672,0.00138224,0.000103,343.4632,344.848,6722.2925,"spacetrack"
100228,"2026-09-04 22:23:19.438+00",0.0011273,15.751746,0.00171317,0.0001414,343.18375,345.08478,6722.2715,"spacetrack"
100228,"2026-09-05 16:41:04.978+00",0.0010663,15.751904,0.00161965,0.0001587,343.02283,345.15646,6722.2266,"spacetrack"
100228,"2026-09-06 21:39:17.69+00",-0.001016,15.74786,-0.00146548,0.0002344,343.66415,346.81607,6723.377,"spacetrack"
100229,"2026-09-01 21:30:04.807+00",0.001133,15.752343,0.00172651,7.91e-05,343.43268,344.49612,6722.1016,"spacetrack"
100229,"2026-09-02 15:47:50.393+00",0.00048431,15.751862,0.00072714,0.0001316,343.21677,344.98605,6722.2383,"spacetrack"
100229,"2026-09-03 14:40:02.022+00",0.0012097,15.751837,0.00184204,0.0001312,343.22653,344.99045,6722.2456,"spacetrack"
100229,"2026-09-04 22:41:06.662+00",0.0011009,15.75192,0.00167347,0.0001593,343.01422,345.1559,6722.222,"spacetrack"
100229,"2026-09-05 03:15:32.495+00",0.00070066,15.752547,0.00105984,0.00019,342.62912,345.18347,6722.0435,"spacetrack"
100229,"2026-09-06 15:51:03.857+00",0.00088555,15.752434,0.00134362,0.0001079,343.21332,344.66394,6722.0757,"spacetrack"
100230,"2026-09-01 16:21:36.039+00",0.0012327,15.751999,0.00187925,0.0001648,342.95468,345.17032,6722.1997,"spacetrack"
100230,"2026-09-02 16:45:16.321+00",0.0009099,15.752019,0.0013787,0.0001284,343.19373,344.91998,6722.194,"spacetrack"
100230,"2026-09-03 20:11:53.652+00",0.00091696,15.752765,0.00139419,0.0001805,342.6312,345.05783,6721.9814,"spacetrack"
100230,"2026-09-04 14:29:39.024+00",0.0010949,15.752708,0.00167001,0.0001728,342.69894,345.02206,6721.9976,"spacetrack"
100230,"2026-09-05 14:53:30.962+00",0.0013394,15.748991,0.00201968,0.0004308,342.0219,347.8145,6723.055,"spacetrack"
100231,"2026-09-01 16:03:48.802+00",0.0014892,15.752284,0.00228421,0.0001125,343.22504,344.7375,6722.118,"spacetrack"
100231,"2026-09-02 21:01:55.276+00",0.00088555,15.752063,0.00134145,0.0001539,343.0097,345.0788,6722.181,"spacetrack"
100231,"2026-09-03 16:51:09.789+00",0.00072484,15.752051,0.00109452,0.0001311,343.16626,344.92883,6722.1846,"spacetrack"
100231,"2026-09-04 14:11:52.255+00",0.0012646,15.752658,0.0019347,1.86e-05,343.75006,344.0001,6722.012,"spacetrack"
100231,"2026-09-05 22:12:57.108+00",0.00079504,15.752015,0.00120197,0.0001273,343.20212,344.91357,6722.195,"spacetrack"
100231,"2026-09-06 22:36:37.742+00",0.00090037,15.752309,0.00136575,0.000124,343.14075,344.80783,6722.1113,"spacetrack"
100232,"2026-09-01 15:58:43.627+00",0.00062541,15.752079,0.00094261,8.64e-05,343.45898,344.62057,6722.177,"spacetrack"
100232,"2026-09-02 16:22:24.34+00",0.0011666,15.751775,0.00177446,0.0001559,343.07816,345.17416,6722.263,"spacetrack"
100232,"2026-09-03 13:43:06.958+00",0.0012652,15.752622,0.00193526,9.39e-05,343.25397,344.5164,6722.022,"spacetrack"
100232,"2026-09-04 09:32:21.079+00",0.0011024,15.752446,0.00167971,0.0001014,343.25345,344.6167,6722.0723,"spacetrack"
100232,"2026-09-05 22:08:29.844+00",-0.0037221,15.731093,-0.00480196,9.88e-05,349.35193,350.6814,6728.154,"spacetrack"
100233,"2026-09-01 16:17:31.926+00",0.0007335,15.751783,0.00110648,0.0001084,343.39496,344.85233,6722.2607,"spacetrack"
100233,"2026-09-02 16:41:12.202+00",0.0011812,15.751782,0.0017971,8.54e-05,343.55008,344.69824,6722.261,"spacetrack"
100233,"2026-09-03 17:04:52.267+00",0.0011606,15.752841,0.00177337,8.7e-05,343.23804,344.40765,6721.96,"spacetrack"
100233,"2026-09-04 19:00:24.599+00",-0.0078291,15.736164,-0.00989147,5.7e-05,348.1877,348.95456,6726.708,"spacetrack"
100234,"2026-09-01 20:12:35+00",-0.0077771,15.734669,-0.00963543,0.0004171,346.19165,351.80344,6727.135,"spacetrack"
100235,"2026-09-01 21:27:01.897+00",0.001411,15.752627,0.00216426,0.0001119,343.13156,344.63596,6722.021,"spacetrack"
100235,"2026-09-02 15:44:47.744+00",0.0008683,15.751849,0.00131371,0.0002101,342.6928,345.5175,6722.242,"spacetrack"
100235,"2026-09-03 23:45:51.781+00",0.0010772,15.7524185,0.00164034,7.48e-05,343.44012,344.44574,6722.08,"spacetrack"
100235,"2026-09-05 21:30:15.103+00",0.00088421,15.752462,0.00134173,0.0001263,343.08157,344.77957,6722.0674,"spacetrack"
100235,"2026-09-06 12:45:24.799+00",-0.0063943,15.734081,-0.00804622,0.000219,347.69168,350.63824,6727.302,"spacetrack"
100236,"2026-09-01 16:41:25.16+00",0.0010707,15.751889,0.00162637,0.0001558,343.04633,345.14096,6722.2305,"spacetrack"
100236,"2026-09-02 17:05:05.59+00",0.0007664,15.752017,0.00115804,0.00015,343.04907,345.06573,6722.1943,"spacetrack"
100236,"2026-09-03 23:34:41.047+00",0.0011097,15.75218,0.00168908,0.0001459,343.0302,344.99173,6722.148,"spacetrack"
100236,"2026-09-04 16:20:57.383+00",0.0010833,15.751801,0.00164525,0.000116,343.339,344.89856,6722.256,"spacetrack"
100236,"2026-09-05 22:50:33.312+00",0.00066147,15.752215,0.00099832,0.0001852,342.7559,345.24576,6722.1377,"spacetrack"
100236,"2026-09-06 15:37:32.052+00",-0.0093898,15.728022,-0.01129561,0.000157,349.83624,351.94916,6729.03,"spacetrack"
100245,"2026-09-01 16:31:10.925+00",0.0012301,15.739637,0.00504228,0.017593,229.25603,465.90717,6725.7188,"spacetrack"
100245,"2026-09-02 15:21:18.295+00",0.001137,15.7496395,0.00477081,0.0172553,228.72862,460.73892,6722.8706,"spacetrack"
100245,"2026-09-04 22:05:59.71+00",0.0011656,15.774209,0.00515468,0.0163724,227.7958,447.7062,6715.888,"spacetrack"
100245,"2026-09-05 22:24:12.618+00",0.0011494,15.785232,0.00521856,0.0159957,227.24907,441.9997,6712.761,"spacetrack"
100245,"2026-09-06 21:10:20.533+00",0.0012364,15.795977,0.00578094,0.0156546,226.54169,436.61755,6709.717,"spacetrack"
100246,"2026-09-01 15:09:38.486+00",0.0014683,15.752297,0.00225141,0.0001211,343.16357,344.79166,6722.1147,"spacetrack"
100246,"2026-09-02 15:33:19.079+00",0.00096598,15.751907,0.00146455,0.0001667,342.9679,345.20908,6722.2256,"spacetrack"
100246,"2026-09-03 15:56:59.525+00",0.00089335,15.751899,0.0013525,0.000165,342.98175,345.20007,6722.228,"spacetrack"
100246,"2026-09-04 16:20:39.801+00",0.00072538,15.751715,0.00109371,9.09e-05,343.5322,344.7543,6722.2803,"spacetrack"
100246,"2026-09-05 15:12:52.295+00",0.00099828,15.751709,0.00151338,0.0003195,341.9972,346.29272,6722.2817,"spacetrack"
100246,"2026-09-06 15:36:32.283+00",0.0010089,15.751863,0.0015306,0.0001491,343.09897,345.10355,6722.2383,"spacetrack"
100247,"2026-09-01 23:33:47.77+00",0.0011592,15.75252,0.00176866,0.0001253,343.0721,344.75665,6722.0513,"spacetrack"
100247,"2026-09-02 20:54:30.967+00",0.0011103,15.752276,0.00169077,0.0001554,342.9388,345.02808,6722.1206,"spacetrack"
100247,"2026-09-03 15:12:16.333+00",0.0011228,15.751735,0.00170614,0.0001226,343.31342,344.96173,6722.2744,"spacetrack"
100247,"2026-09-04 14:04:27.952+00",0.0010271,15.752401,0.00156236,8.69e-05,343.36386,344.53217,6722.085,"spacetrack"
100247,"2026-09-05 15:59:36.966+00",0.0011986,15.751848,0.00182484,0.0001098,343.36722,344.8434,6722.242,"spacetrack"
100247,"2026-09-06 16:23:17.146+00",0.00094688,15.751963,0.00143555,0.000267,342.27786,345.86752,6722.2095,"spacetrack"
100248,"2026-09-01 20:53:42.296+00",0.0013948,15.752417,0.00213685,0.0001195,343.14023,344.74683,6722.0806,"spacetrack"
100248,"2026-09-02 15:11:27.84+00",0.0013903,15.752216,0.0021279,0.0001153,343.22546,344.77557,6722.1377,"spacetrack"
100248,"2026-09-03 17:06:37.099+00",0.00067311,15.751945,0.0010149,0.0001438,343.11127,345.0446,6722.215,"spacetrack"
100248,"2026-09-04 15:58:48.901+00",0.00088533,15.751754,0.00133928,0.0001377,343.20648,345.05777,6722.269,"spacetrack"
100248,"2026-09-05 20:56:55.616+00",0.00097354,15.752442,0.00147968,0.0001313,343.05365,344.81888,6722.073,"spacetrack"
100248,"2026-09-06 16:46:09.956+00",0.00083259,15.751858,0.00125878,0.0001087,343.37183,344.83325,6722.2397,"spacetrack"
100249,"2026-09-01 15:12:10.973+00",0.0013491,15.751823,0.00205967,0.0001788,342.91046,345.31433,6722.2495,"spacetrack"
100249,"2026-09-02 15:35:51.67+00",0.00084152,15.751772,0.00127209,0.0002036,342.75833,345.49564,6722.264,"spacetrack"
100249,"2026-09-03 15:59:31.838+00",0.0010504,15.751826,0.0015945,0.0001181,343.31757,344.90533,6722.2485,"spacetrack"
100249,"2026-09-04 20:57:38.712+00",0.00094272,15.752266,0.00143088,0.0001119,343.23428,344.7387,6722.1235,"spacetrack"
100249,"2026-09-05 15:15:24.667+00",0.00094919,15.751748,0.00143781,0.0002993,342.12183,346.14578,6722.271,"spacetrack"
100249,"2026-09-06 15:39:04.428+00",0.0011704,15.75188,0.00178114,9.64e-05,343.44836,344.74442,6722.2334,"spacetrack"
100250,"2026-09-01 15:22:21.085+00",0.00083183,15.751789,0.00125734,0.0002314,342.56662,345.6777,6722.2593,"spacetrack"
100250,"2026-09-02 21:51:56.601+00",0.00059832,15.7520485,0.00090124,0.0002034,342.68094,345.41553,6722.185,"spacetrack"
100250,"2026-09-03 19:12:39.012+00",0.0010415,15.752297,0.0015841,0.0001238,343.1453,344.8097,6722.1143,"spacetrack"
100250,"2026-09-04 13:30:24.262+00",0.0012002,15.75231,0.00183098,3.07e-05,343.7677,344.18045,6722.111,"spacetrack"
100250,"2026-09-05 21:31:28.897+00",0.00090663,15.752248,0.00137503,5.3e-05,343.63538,344.34793,6722.1284,"spacetrack"
100250,"2026-09-06 21:55:10.995+00",0.00092312,15.751675,0.00139698,0.0001443,343.18466,345.1247,6722.2915,"spacetrack"
100251,"2026-09-01 23:30:14.448+00",0.00078229,15.752249,0.00118363,0.0001322,343.10263,344.87994,6722.1284,"spacetrack"
100251,"2026-09-02 16:16:30.875+00",0.00045203,15.7519245,0.00067836,8.17e-05,343.5343,344.63272,6722.2207,"spacetrack"
100251,"2026-09-03 15:08:42.933+00",0.001263,15.752199,0.00192819,0.0001644,342.90045,345.1107,6722.1426,"spacetrack"
100251,"2026-09-04 21:38:18.425+00",0.0014721,15.754601,0.00228055,0.0001223,342.50034,344.1444,6721.4595,"spacetrack"
100251,"2026-09-05 15:56:03.494+00",0.00095074,15.7521105,0.00144228,0.0001079,343.30548,344.75613,6722.168,"spacetrack"
100251,"2026-09-06 16:19:44.228+00",0.0011597,15.753503,0.00177727,0.0001033,342.94025,344.32895,6721.7715,"spacetrack"
100252,"2026-09-01 20:24:44.327+00",0.00069222,15.752241,0.00104544,8.11e-05,343.44827,344.5386,6722.1304,"spacetrack"
100252,"2026-09-02 20:48:24.987+00",0.00080359,15.752158,0.00121586,0.0001132,343.2562,344.77808,6722.1543,"spacetrack"
100252,"2026-09-03 15:06:10.3+00",0.0012501,15.751768,0.00190433,8.53e-05,343.55457,344.7014,6722.265,"spacetrack"
100252,"2026-09-04 09:23:55.646+00",0.0009831,15.752912,0.00149758,0.0001316,342.91806,344.68726,6721.9395,"spacetrack"
100252,"2026-09-05 20:27:57.667+00",0.00086259,15.75216,0.00130663,8.24e-05,343.4627,344.57053,6722.154,"spacetrack"
100252,"2026-09-06 20:51:38.45+00",0.0011436,15.752352,0.0017431,0.0001292,343.09363,344.8306,6722.099,"spacetrack"
100253,"2026-09-01 20:48:07.108+00",0.0011608,15.752276,0.00176936,0.0001334,343.08685,344.8803,6722.1206,"spacetrack"
100253,"2026-09-02 16:37:20.859+00",0.00063387,15.751982,0.00095511,0.0001031,343.37424,344.76035,6722.204,"spacetrack"
100253,"2026-09-03 17:01:01.54+00",0.0010187,15.751807,0.00154535,8.89e-05,343.51947,344.7147,6722.254,"spacetrack"
100253,"2026-09-04 15:53:13.404+00",0.00098987,15.752629,0.00150621,5.15e-05,343.537,344.22934,6722.02,"spacetrack"
100253,"2026-09-05 16:16:53.856+00",0.00083263,15.752387,0.00126178,2.42e-05,343.78934,344.1147,6722.089,"spacetrack"
100253,"2026-09-06 21:15:01.013+00",0.0010873,15.752334,0.00165532,0.0001132,343.20618,344.72806,6722.104,"spacetrack"
100254,"2026-09-01 20:22:11.982+00",0.0013275,15.752408,0.00203108,0.0001079,343.2208,344.67142,6722.083,"spacetrack"
100254,"2026-09-02 16:11:26.131+00",0.0011459,15.751785,0.0017423,0.000105,343.4174,344.82907,6722.2603,"spacetrack"
100254,"2026-09-03 15:03:38.336+00",0.00080075,15.751878,0.00121014,0.0002592,342.35452,345.83932,6722.234,"spacetrack"
100254,"2026-09-04 13:55:49.642+00",0.0011936,15.752677,0.00182361,0.0001071,343.14963,344.5895,6722.0063,"spacetrack"
100254,"2026-09-05 20:25:25.228+00",0.00097625,15.752469,0.00148405,0.0001071,343.2088,344.64868,6722.066,"spacetrack"
100254,"2026-09-06 20:49:05.707+00",0.0010163,15.752142,0.00154384,4.8e-05,343.69907,344.3444,6722.1587,"spacetrack"
100255,"2026-09-01 16:22:18.856+00",0.0016718,15.753147,0.00258315,9.08e-05,343.12537,344.34607,6721.8726,"spacetrack"
100255,"2026-09-02 15:14:30.731+00",0.0010313,15.751762,0.00156452,0.0001368,343.21017,345.04938,6722.2666,"spacetrack"
100255,"2026-09-03 17:09:39.455+00",0.0010636,15.753756,0.00162883,0.0002539,341.85608,345.26935,6721.6997,"spacetrack"
100255,"2026-09-04 20:36:18.075+00",0.0010837,15.751975,0.00164719,0.0001021,343.383,344.75565,6722.2065,"spacetrack"
100255,"2026-09-05 20:59:58.647+00",0.0010861,15.752187,0.00165246,0.0001321,343.12094,344.8969,6722.146,"spacetrack"
100255,"2026-09-06 16:49:12.991+00",0.0012333,15.751843,0.00187884,0.0001222,343.28528,344.9282,6722.2437,"spacetrack"
100256,"2026-09-01 20:44:33.571+00",0.0010191,15.75243,0.00155026,0.0001414,342.9894,344.8904,6722.0767,"spacetrack"
100256,"2026-09-02 16:33:47.954+00",0.0010508,15.75212,0.00159722,0.0001679,342.89935,345.15665,6722.165,"spacetrack"
100256,"2026-09-03 15:25:59.51+00",0.0011859,15.751735,0.00180405,0.0001274,343.2811,344.99393,6722.2744,"spacetrack"
100256,"2026-09-04 20:24:05.856+00",0.00081817,15.752059,0.00123773,1.32e-05,343.95673,344.1342,6722.1826,"spacetrack"
100256,"2026-09-05 20:47:46.803+00",0.00082755,15.752117,0.00125248,0.0001114,343.27982,344.77753,6722.1655,"spacetrack"
100256,"2026-09-06 16:37:01.318+00",0.00098106,15.752025,0.0014886,0.0001398,343.11536,344.99487,6722.192,"spacetrack"
100257,"2026-09-01 16:03:00.489+00",0.0009368,15.751969,0.00141989,0.0001281,343.2097,344.93192,6722.208,"spacetrack"
100257,"2026-09-02 16:26:40.455+00",0.0006334,15.752197,0.00095531,9.93e-05,343.33853,344.67355,6722.143,"spacetrack"
100257,"2026-09-03 15:18:52.888+00",0.0010895,15.7526245,0.00166101,0.0001416,342.93253,344.8362,6722.0215,"spacetrack"
100257,"2026-09-04 14:11:04.535+00",0.0013659,15.7527685,0.00209459,0.0001248,343.00464,344.68243,6721.9805,"spacetrack"
100257,"2026-09-05 02:22:54.646+00",0.0011181,15.752617,0.00170544,0.0001196,343.0827,344.6906,6722.0234,"spacetrack"
100257,"2026-09-06 16:29:54.277+00",0.00085209,15.751862,0.00128877,9.25e-05,343.47955,344.72318,6722.2383,"spacetrack"
100258,"2026-09-01 06:19:03.704+00",0.00084887,15.752218,0.00128583,6.88e-05,343.5375,344.46246,6722.137,"spacetrack"
100258,"2026-09-02 09:45:41.878+00",0.00072497,15.752087,0.0010949,0.000152,343.01584,345.0594,6722.175,"spacetrack"
100258,"2026-09-03 14:43:48.797+00",0.0012983,15.751822,0.00198004,0.0001112,343.36517,344.8602,6722.2495,"spacetrack"
100258,"2026-09-04 13:35:59.802+00",0.00088199,15.752637,0.00133932,0.0001064,343.16568,344.59613,6722.018,"spacetrack"
100258,"2026-09-05 15:31:10+00",0.00098309,15.752188,0.00149278,8.28e-05,343.45218,344.56537,6722.146,"spacetrack"
100258,"2026-09-06 15:54:50.204+00",0.00090382,15.751817,0.00136811,0.0001042,343.4138,344.8147,6722.2515,"spacetrack"
100259,"2026-09-01 15:39:07.421+00",0.0010218,15.751784,0.00155001,0.0001084,343.39468,344.85208,6722.2603,"spacetrack"
100259,"2026-09-02 16:02:48.149+00",0.0006787,15.751987,0.00102368,0.0002022,342.70657,345.42502,6722.2026,"spacetrack"
100259,"2026-09-03 08:49:04.31+00",0.00058811,15.752134,0.00088597,0.000161,342.94153,345.10608,6722.1606,"spacetrack"
100259,"2026-09-04 13:47:11.384+00",0.0010876,15.7525425,0.00165746,0.0001313,343.02505,344.79028,6722.0444,"spacetrack"
100259,"2026-09-05 21:48:15.647+00",0.0011425,15.75249,0.00174253,7.14e-05,343.44263,344.40253,6722.0596,"spacetrack"
100259,"2026-09-06 16:06:00.847+00",0.00093559,15.751891,0.00141753,0.0001266,343.2421,344.94415,6722.23,"spacetrack"
100260,"2026-09-01 16:07:04.503+00",0.0011285,15.751997,0.00171697,0.0001394,343.12604,345.00018,6722.2,"spacetrack"
100260,"2026-09-02 21:05:11.088+00",0.0010212,15.752331,0.00155271,0.0001068,343.24997,344.6858,6722.105,"spacetrack"
100260,"2026-09-03 15:22:56.56+00",0.0010347,15.75174,0.00156967,0.0001328,343.24316,345.0286,6722.273,"spacetrack"
100260,"2026-09-04 20:21:03.003+00",0.0010892,15.752059,0.00165641,2.22e-05,343.8961,344.19458,6722.182,"spacetrack"
100260,"2026-09-05 20:44:42.9+00",0.00081248,15.752649,0.00123218,9.8e-05,343.2185,344.53604,6722.014,"spacetrack"
100260,"2026-09-06 16:33:57.768+00",0.00075859,15.751795,0.00114493,5.7e-05,343.73743,344.50378,6722.258,"spacetrack"
100261,"2026-09-01 15:44:42.83+00",0.0010172,15.751939,0.00154386,0.0001348,343.17325,344.98557,6722.2163,"spacetrack"
100261,"2026-09-02 20:42:49.656+00",0.0013201,15.752401,0.00201928,0.0001232,343.11975,344.77606,6722.085,"spacetrack"
100261,"2026-09-03 16:32:03.341+00",0.00056629,15.752218,0.00085299,8.25e-05,343.4455,344.55466,6722.137,"spacetrack"
100261,"2026-09-04 01:40:56.35+00",0.0012122,15.752572,0.0018519,0.0001061,343.18622,344.6126,6722.0366,"spacetrack"
100261,"2026-09-05 20:22:22.238+00",0.00066664,15.752197,0.00100611,0.0001031,343.31287,344.69897,6722.143,"spacetrack"
100261,"2026-09-06 16:11:36.554+00",0.0012371,15.7517805,0.00188429,8.6e-05,343.5465,344.70276,6722.2617,"spacetrack"
100262,"2026-09-01 23:10:55.635+00",0.0013227,15.752453,0.00202389,0.0001188,343.13477,344.7319,6722.0703,"spacetrack"
100262,"2026-09-02 20:31:38.727+00",0.00084124,15.751962,0.00127265,9.75e-05,343.41766,344.72852,6722.21,"spacetrack"
100262,"2026-09-03 17:52:21.257+00",0.00043516,15.751892,0.00065272,0.0001376,343.1678,345.01776,6722.23,"spacetrack"
100262,"2026-09-04 03:01:14.181+00",0.00068768,15.751881,0.00103685,4.21e-05,343.81308,344.3791,6722.233,"spacetrack"
100262,"2026-09-05 21:42:40.546+00",0.00095113,15.752465,0.00144515,0.0001439,342.96246,344.89706,6722.067,"spacetrack"
100262,"2026-09-06 16:00:26.256+00",0.00090717,15.751956,0.00137418,0.0002084,342.67374,345.47556,6722.2114,"spacetrack"
100263,"2026-09-01 16:35:37.255+00",0.0008065,15.80848,0.00157388,0.000123,327.21643,328.86615,6706.178,"spacetrack"
100263,"2026-09-02 09:18:33.401+00",0.0010563,15.799904,0.00199649,0.0008388,324.84073,336.0951,6708.605,"spacetrack"
100263,"2026-09-03 21:52:15.008+00",0.00074475,15.751998,0.00112478,0.0001677,342.9354,345.19003,6722.1997,"spacetrack"
100263,"2026-09-04 16:10:00.205+00",0.0010328,15.751869,0.00156756,0.0001277,343.24094,344.9578,6722.2363,"spacetrack"
100263,"2026-09-05 21:08:06.975+00",0.0010283,15.752345,0.00156394,0.000123,343.13724,344.7909,6722.101,"spacetrack"
100263,"2026-09-06 21:31:47.62+00",0.00046378,15.751987,0.00069638,0.0001006,343.3893,344.7418,6722.2026,"spacetrack"
100264,"2026-09-01 07:38:20.637+00",0.00072867,15.752182,0.001101,8.11e-05,343.4651,344.55542,6722.1475,"spacetrack"
100264,"2026-09-03 17:34:34.579+00",0.00072878,15.752175,0.00110115,0.0001155,343.23572,344.7885,6722.149,"spacetrack"
100264,"2026-09-04 21:01:12.636+00",0.0009542,15.752311,0.00144891,0.0001063,343.2591,344.6882,6722.111,"spacetrack"
100264,"2026-09-05 15:18:58.433+00",0.0016268,15.753079,0.00251063,0.0001147,342.98416,344.52615,6721.892,"spacetrack"
100264,"2026-09-06 15:42:38.707+00",0.001227,15.751884,0.00186939,0.000119,343.29504,344.89493,6722.232,"spacetrack"
100265,"2026-09-01 16:33:27.636+00",0.0011569,15.808292,0.00227484,0.0001767,326.90952,329.27948,6706.2314,"spacetrack"
100265,"2026-09-02 15:20:45.44+00",0.00071871,15.808537,0.00139995,0.0001102,327.2864,328.76443,6706.1626,"spacetrack"
100265,"2026-09-03 21:46:39.921+00",-0.0056852,15.761197,-0.00805136,0.0003,339.431,343.46274,6719.584,"spacetrack"
100265,"2026-09-04 22:10:19.908+00",0.00091277,15.752335,0.00138505,0.00012,343.1603,344.7736,6722.104,"spacetrack"
100265,"2026-09-05 22:33:59.982+00",0.00090398,15.752498,0.00137244,6.49e-05,343.4844,344.3569,6722.0576,"spacetrack"
100265,"2026-09-06 21:26:12.446+00",0.0011288,15.752252,0.00171933,0.0001178,343.19873,344.78247,6722.1274,"spacetrack"
100266,"2026-09-02 21:34:09.663+00",0.00085423,15.752214,0.00129407,0.0001109,343.25552,344.7465,6722.138,"spacetrack"
100266,"2026-09-03 21:57:50.058+00",0.0012391,15.752498,0.00189339,0.0001077,343.19647,344.6444,6722.0576,"spacetrack"
100266,"2026-09-04 17:47:04.379+00",0.00082711,15.752147,0.00125195,0.0001091,343.28702,344.7538,6722.157,"spacetrack"
100266,"2026-09-05 22:45:11.186+00",0.0008592,15.752186,0.00130155,0.0001058,343.2981,344.7205,6722.1465,"spacetrack"
100266,"2026-09-06 21:37:23.252+00",0.0013611,15.752431,0.00208403,0.0001394,343.00247,344.8766,6722.0767,"spacetrack"
100267,"2026-09-03 20:41:05.832+00",0.001137,15.752224,0.00173188,0.0001179,343.2058,344.7909,6722.1353,"spacetrack"
100267,"2026-09-04 16:30:19.278+00",0.00074702,15.751981,0.00112816,0.0001443,343.0977,345.03772,6722.2046,"spacetrack"
100267,"2026-09-05 15:22:31.491+00",0.0012032,15.751684,0.00183056,0.0001141,343.38486,344.91888,6722.289,"spacetrack"
100267,"2026-09-06 21:52:07.012+00",0.0011849,15.752207,0.00180638,0.0001275,343.1463,344.86044,6722.1406,"spacetrack"
100268,"2026-09-01 15:59:57.777+00",0.00077944,15.752098,0.0011785,0.0001791,342.83038,345.23825,6722.1714,"spacetrack"
100268,"2026-09-02 20:58:04.389+00",0.0011367,15.75234,0.00173228,0.000151,342.95026,344.98032,6722.102,"spacetrack"
100268,"2026-09-03 15:15:49.73+00",0.0011718,15.751848,0.00178305,0.0001517,343.08557,345.1251,6722.242,"spacetrack"
100268,"2026-09-04 14:08:00.897+00",0.0009307,15.752485,0.00141366,0.0001038,343.22638,344.6219,6722.061,"spacetrack"
100268,"2026-09-05 02:19:51.768+00",0.00082937,15.752621,0.00125826,0.0003062,341.8273,345.94388,6722.0225,"spacetrack"
100268,"2026-09-06 21:01:17.487+00",0.00080995,15.752248,0.00122611,5.39e-05,343.62943,344.35406,6722.129,"spacetrack"
100269,"2026-09-01 15:41:39.914+00",0.0010455,15.751946,0.00158775,0.000144,343.10925,345.04526,6722.2144,"spacetrack"
100269,"2026-09-02 09:59:24.939+00",0.00083631,15.752054,0.00126562,0.0001681,342.91672,345.1767,6722.1836,"spacetrack"
100269,"2026-09-03 14:57:32.379+00",0.00076147,15.751798,0.00114948,0.0002475,342.456,345.7835,6722.257,"spacetrack"
100269,"2026-09-04 01:37:53.736+00",0.0012861,15.752431,0.00196634,0.0001139,343.17398,344.7053,6722.0767,"spacetrack"
100269,"2026-09-05 15:44:53.427+00",0.00057682,15.752265,0.00086925,0.0001482,342.9905,344.98297,6722.1235,"spacetrack"
100269,"2026-09-06 16:08:33.678+00",0.00094284,15.751701,0.00142751,9.48e-05,343.5099,344.78442,6722.284,"spacetrack"
100272,"2026-09-01 16:59:20.013+00",0.0008366,15.752779,0.00129806,8.19e-05,343.28986,344.3909,6721.9775,"spacetrack"
100272,"2026-09-02 23:26:35.076+00",0.00087275,15.752848,0.00135578,0.0001413,342.87106,344.7707,6721.958,"spacetrack"
100272,"2026-09-03 16:11:34.135+00",0.001091,15.752561,0.0017013,0.0002178,342.43854,345.36667,6722.0396,"spacetrack"
100272,"2026-09-04 22:38:48.548+00",0.00086362,15.7527075,0.00134046,0.0001335,342.96335,344.75812,6721.9976,"spacetrack"
100272,"2026-09-05 15:23:47.789+00",0.00082161,15.752707,0.00127393,0.0001193,343.05905,344.6629,6721.998,"spacetrack"
100272,"2026-09-06 11:11:30.445+00",0.00080537,15.752372,0.00124638,0.0001206,343.14563,344.767,6722.0933,"spacetrack"
100273,"2026-09-01 13:43:32.382+00",0.00091677,15.752598,0.00142408,7.52e-05,343.38647,344.39746,6722.029,"spacetrack"
100273,"2026-09-02 15:36:41.704+00",0.00048807,15.752539,0.00074889,0.0001016,343.2258,344.5917,6722.046,"spacetrack"
100273,"2026-09-03 20:32:34.714+00",0.00067496,15.752698,0.00104248,0.0001331,342.9689,344.7583,6722.0005,"spacetrack"
100273,"2026-09-04 20:54:22.813+00",0.00092597,15.752277,0.00143676,0.00026,342.23553,345.73102,6722.12,"spacetrack"
100273,"2026-09-05 10:36:10.035+00",0.0012581,15.76228,0.00205731,0.0003119,339.04306,343.23453,6719.276,"spacetrack"
100273,"2026-09-06 17:03:53.528+00",0.0010449,15.752383,0.00162653,0.0002367,342.3619,345.54416,6722.09,"spacetrack"
100274,"2026-09-01 06:57:20.591+00",0.00079826,15.798408,0.00152264,0.0001343,329.99036,331.7924,6709.0283,"spacetrack"
100274,"2026-09-03 19:41:13.429+00",0.00075593,15.798557,0.00144112,9.13e-05,330.23657,331.4616,6708.9863,"spacetrack"
100274,"2026-09-04 18:27:40.718+00",0.0008483,15.798624,0.00162201,0.0001315,329.948,331.71243,6708.9673,"spacetrack"
100274,"2026-09-05 17:14:08.353+00",0.0013718,15.799126,0.00266565,0.0001563,329.63943,331.7366,6708.825,"spacetrack"
100274,"2026-09-06 16:00:35.733+00",0.0010229,15.79895,0.00196813,0.0001039,330.04068,331.43478,6708.8745,"spacetrack"
100275,"2026-09-01 18:17:09.103+00",0.0012917,15.753107,0.00202808,0.0001086,343.0172,344.4772,6721.8843,"spacetrack"
100275,"2026-09-02 18:38:56.829+00",0.00070903,15.752732,0.00109627,0.0001057,343.14337,344.5644,6721.9907,"spacetrack"
100275,"2026-09-03 20:32:06.376+00",0.00050458,15.752535,0.00077467,0.0001259,343.0637,344.7563,6722.047,"spacetrack"
100275,"2026-09-04 17:51:10.375+00",0.0011406,15.7528105,0.00178258,0.0001421,342.87646,344.78687,6721.9688,"spacetrack"
100275,"2026-09-05 15:10:15.196+00",0.00088335,15.752736,0.00137191,0.0001342,342.95053,344.7547,6721.9897,"spacetrack"
100276,"2026-09-01 16:52:40.719+00",-0.046008,15.7325945,-0.05575223,0.0027753,330.91733,368.26025,6727.7256,"spacetrack"
100276,"2026-09-03 17:36:23.316+00",0.00097133,15.752929,0.001513,0.0001214,342.98178,344.61386,6721.9346,"spacetrack"
100276,"2026-09-04 17:58:11.271+00",0.0011442,15.753156,0.0017912,0.0001458,342.7534,344.7135,6721.8706,"spacetrack"
100276,"2026-09-05 06:09:05.216+00",0.00089059,15.752827,0.00138395,0.0001345,342.92294,344.73117,6721.964,"spacetrack"
100276,"2026-09-06 17:10:25.219+00",0.00093179,15.752731,0.00144881,0.0001449,342.88013,344.82816,6721.991,"spacetrack"
100277,"2026-09-01 18:23:41.177+00",0.00067225,15.7528105,0.00103872,8.18e-05,343.28177,344.38147,6721.9688,"spacetrack"
100277,"2026-09-02 18:45:56.437+00",-0.058756,15.704692,-0.06175945,0.0029935,337.3917,377.7183,6735.692,"spacetrack"
100277,"2026-09-03 20:38:38.45+00",0.00089932,15.752825,0.00139782,0.0001578,342.76675,344.8882,6721.9644,"spacetrack"
100277,"2026-09-04 17:57:42.72+00",0.0011101,15.75252,0.00173142,0.0001029,343.22266,344.60605,6722.0513,"spacetrack"
100277,"2026-09-05 22:53:35.004+00",0.0010309,15.75273,0.00160657,6.16e-05,343.44022,344.26837,6721.991,"spacetrack"
100277,"2026-09-06 09:33:07.951+00",0.00097918,15.752732,0.00152418,0.0001184,343.05792,344.6497,6721.9907,"spacetrack"
100278,"2026-09-01 13:23:55.828+00",0.0010359,15.7525215,0.00161305,0.0001014,343.23206,344.5953,6722.051,"spacetrack"
100278,"2026-09-02 19:51:10.299+00",0.00069478,15.752694,0.00107365,8.85e-05,343.26965,344.45947,6722.0015,"spacetrack"
100278,"2026-09-03 20:12:58.007+00",0.00087214,15.752872,0.00135495,7.79e-05,343.29028,344.33755,6721.951,"spacetrack"
100278,"2026-09-04 20:34:46.122+00",0.00095833,15.752434,0.00148905,0.000177,342.74878,345.1284,6722.0757,"spacetrack"
100278,"2026-09-05 11:48:23.616+00",0.00097547,15.752751,0.0015184,0.000137,342.92758,344.7694,6721.9854,"spacetrack"
100278,"2026-09-06 16:44:16.697+00",0.0013379,15.753021,0.00210203,0.000188,342.50775,345.0352,6721.9087,"spacetrack"
100279,"2026-09-01 16:39:15.424+00",0.00099793,15.752825,0.00155468,0.0001427,342.86838,344.7868,6721.9644,"spacetrack"
100279,"2026-09-02 13:58:19.698+00",0.0010794,15.752731,0.00168417,0.0002255,342.33838,345.37,6721.991,"spacetrack"
100279,"2026-09-03 20:25:34.207+00",0.00030413,15.752473,0.00046252,0.0001274,343.0712,344.78397,6722.0645,"spacetrack"
100279,"2026-09-04 17:44:38.292+00",0.00091703,15.753545,0.00143051,9.36e-05,342.99356,344.2519,6721.76,"spacetrack"
100279,"2026-09-05 15:03:42.967+00",0.0011874,15.752595,0.00185588,0.0001365,342.97543,344.81055,6722.03,"spacetrack"
100279,"2026-09-06 10:51:25.66+00",0.0011861,15.752202,0.00185048,0.0001701,342.86115,345.148,6722.1416,"spacetrack"
100280,"2026-09-01 18:11:05.361+00",0.00068125,15.752602,0.00105191,8.09e-05,343.34705,344.43466,6722.028,"spacetrack"
100280,"2026-09-02 15:30:09.556+00",0.00052647,15.7523985,0.00080839,8.55e-05,343.37405,344.52356,6722.086,"spacetrack"
100280,"2026-09-03 20:26:02.649+00",0.00056759,15.752815,0.00087431,0.0001385,342.89914,344.76114,6721.9673,"spacetrack"
100280,"2026-09-04 20:47:50.33+00",0.00074934,15.752569,0.00115901,0.0001295,343.02966,344.7707,6722.037,"spacetrack"
100280,"2026-09-05 12:01:28.022+00",0.0011372,15.752581,0.00177532,0.0001553,342.853,344.94086,6722.034,"spacetrack"
100280,"2026-09-06 10:51:53.788+00",0.00082716,15.752499,0.00128152,8.66e-05,343.33826,344.5025,6722.0576,"spacetrack"
100281,"2026-09-01 18:04:33.235+00",0.0011251,15.753017,0.00175945,0.0001152,342.99823,344.54697,6721.9097,"spacetrack"
100281,"2026-09-02 15:23:37.358+00",0.00058188,15.752568,0.00089574,9.67e-05,343.2505,344.55054,6722.0376,"spacetrack"
100281,"2026-09-03 20:19:30.32+00",0.00060809,15.752648,0.00093718,0.0001326,342.98645,344.76913,6722.0146,"spacetrack"
100281,"2026-09-04 17:38:34.533+00",0.00063858,15.752735,0.00098542,0.0001014,343.1714,344.5346,6721.99,"spacetrack"
100281,"2026-09-05 10:23:34.005+00",0.0012189,15.752708,0.0019074,0.0001161,343.08017,344.64102,6721.9976,"spacetrack"
100281,"2026-09-06 15:19:27.042+00",0.0011969,15.752909,0.00187368,0.000124,342.96994,344.637,6721.9404,"spacetrack"
100282,"2026-09-01 17:57:32.538+00",0.0013734,15.753114,0.00216031,8.73e-05,343.1584,344.33203,6721.8823,"spacetrack"
100282,"2026-09-02 19:50:42.378+00",0.0013618,15.753014,0.00214063,0.0002656,341.98846,345.55914,6721.9106,"spacetrack"
100282,"2026-09-03 20:12:29.739+00",0.00036272,15.752781,0.00055421,0.000144,342.87192,344.80783,6721.977,"spacetrack"
100282,"2026-09-04 20:34:17.462+00",0.0013989,15.753019,0.0022007,0.0001845,342.53183,345.01224,6721.909,"spacetrack"
100282,"2026-09-05 05:42:28.232+00",0.00044266,15.75242,0.00067769,0.0001237,343.111,344.77402,6722.0796,"spacetrack"
100282,"2026-09-06 12:09:43.031+00",0.0011458,15.752638,0.00178955,0.0001351,342.9726,344.78888,6722.0176,"spacetrack"
100283,"2026-09-01 06:37:40.672+00",0.00041799,15.798101,0.00078605,0.0001088,330.24808,331.70798,6709.115,"spacetrack"
100283,"2026-09-03 17:50:27.653+00",0.00055432,15.798513,0.00104988,0.0001033,330.1684,331.55447,6708.9985,"spacetrack"
100283,"2026-09-04 18:08:00.455+00",0.00080002,15.798792,0.00152892,0.0002481,329.11804,332.44702,6708.9194,"spacetrack"
100283,"2026-09-05 22:58:51.878+00",0.0010933,15.799185,0.00210994,0.0001662,329.55634,331.78635,6708.808,"spacetrack"
100283,"2026-09-06 12:38:44.829+00",0.0011078,15.798294,0.00212996,0.000281,329.03842,332.8089,6709.0605,"spacetrack"
100284,"2026-09-01 16:06:34.541+00",0.0004857,15.752583,0.00074533,0.0001321,343.0084,344.78433,6722.033,"spacetrack"
100284,"2026-09-02 13:25:38.826+00",0.0012738,15.7525215,0.001994,0.0001358,343.0009,344.82657,6722.051,"spacetrack"
100284,"2026-09-03 19:52:53.115+00",0.001196,15.753138,0.00187425,7.91e-05,343.20676,344.27017,6721.8755,"spacetrack"
100284,"2026-09-04 17:11:57.626+00",0.00053436,15.752609,0.00082148,9.8e-05,343.23007,344.54758,6722.026,"spacetrack"
100284,"2026-09-05 16:02:23.828+00",0.0010598,15.753,0.00165476,9.56e-05,343.13504,344.42026,6721.9146,"spacetrack"
100284,"2026-09-06 11:50:06.473+00",0.00098511,15.752476,0.00153187,0.0001474,342.93588,344.91757,6722.064,"spacetrack"
100285,"2026-09-01 06:33:49.171+00",0.001372,15.798749,0.00266143,0.0001314,329.9132,331.67633,6708.9316,"spacetrack"
100285,"2026-09-03 16:15:30.418+00",0.00065267,15.798499,0.00124006,9.44e-05,330.2321,331.49875,6709.0024,"spacetrack"
100285,"2026-09-04 18:04:09.253+00",0.00091688,15.798812,0.00175799,9.59e-05,330.1337,331.42044,6708.914,"spacetrack"
100285,"2026-09-05 15:19:31.249+00",0.0010246,15.798718,0.00196936,0.000119,330.0051,331.60184,6708.9404,"spacetrack"
100285,"2026-09-06 09:32:41.216+00",0.0016387,15.800274,0.00322357,0.0001344,329.46136,331.26462,6708.5,"spacetrack"
100286,"2026-09-02 15:10:33.277+00",0.001118,15.752696,0.00174549,8.81e-05,343.2718,344.4562,6722.001,"spacetrack"
100286,"2026-09-03 20:06:25.687+00",0.0011803,15.753226,0.0018497,0.0001055,343.00418,344.4225,6721.85,"spacetrack"
100286,"2026-09-04 20:28:13.994+00",0.00078736,15.752662,0.00121953,0.0001475,342.88248,344.86545,6722.0107,"spacetrack"
100286,"2026-09-05 14:44:34.776+00",0.00082157,15.75267,0.00127364,0.0001044,343.1696,344.57315,6722.0083,"spacetrack"
100286,"2026-09-06 12:03:39.281+00",0.001223,15.752757,0.00191447,0.0001212,343.03192,344.66135,6721.9834,"spacetrack"
100287,"2026-09-01 06:30:15.814+00",0.001469,15.798977,0.00285971,8.75e-05,330.14328,331.31732,6708.867,"spacetrack"
100287,"2026-09-03 17:43:02.789+00",0.00051593,15.798533,0.00097594,0.0001184,330.06146,331.65015,6708.9927,"spacetrack"
100287,"2026-09-04 18:00:35.925+00",0.0013769,15.798509,0.00266825,0.0001011,330.18442,331.541,6708.9995,"spacetrack"
100287,"2026-09-05 22:51:26.874+00",0.0014407,15.799074,0.00280392,0.0001177,329.9132,331.49246,6708.84,"spacetrack"
100287,"2026-09-06 12:31:19.614+00",0.00093483,15.798472,0.00179046,0.0001413,329.9252,331.82117,6709.0103,"spacetrack"
100288,"2026-09-01 19:22:22.115+00",0.0010102,15.752934,0.00157504,0.0001115,343.0468,344.5458,6721.933,"spacetrack"
100288,"2026-09-02 15:10:04.955+00",0.0012047,15.75274,0.0018849,9.76e-05,343.19547,344.5076,6721.989,"spacetrack"
100288,"2026-09-03 20:05:58.224+00",0.00098134,15.752625,0.00152698,0.0002403,342.26895,345.49954,6722.0215,"spacetrack"
100288,"2026-09-04 18:56:23.662+00",0.0010982,15.752762,0.00171432,0.0001212,343.03058,344.65997,6721.9824,"spacetrack"
100288,"2026-09-05 14:44:06.687+00",0.00096769,15.7525,0.00150437,0.0001981,342.58826,345.25153,6722.057,"spacetrack"
100288,"2026-09-06 10:31:49.063+00",0.00088265,15.752328,0.00136831,8.09e-05,343.42505,344.5127,6722.106,"spacetrack"
100289,"2026-09-01 18:50:10.028+00",0.00083076,15.752745,0.00128861,0.0001299,342.9772,344.72357,6721.9873,"spacetrack"
100289,"2026-09-02 13:06:30.759+00",0.00089997,15.752351,0.00139588,0.0001232,343.13422,344.79056,6722.0996,"spacetrack"
100289,"2026-09-03 16:31:02.09+00",0.0012456,15.752789,0.00195095,0.0001277,342.97928,344.69608,6721.9746,"spacetrack"
100289,"2026-09-04 19:55:32.996+00",0.00091136,15.752895,0.00141737,0.0001482,342.8112,344.8036,6721.9443,"spacetrack"
100289,"2026-09-05 09:37:48.972+00",0.00098519,15.752393,0.00153143,0.0001209,343.13776,344.76315,6722.0874,"spacetrack"
100289,"2026-09-06 11:30:58.516+00",0.00089329,15.752648,0.00138715,0.0001336,342.9795,344.77563,6722.0146,"spacetrack"
100290,"2026-09-02 13:06:02.22+00",0.00097428,15.752692,0.0015161,0.0001184,343.06927,344.66104,6722.002,"spacetrack"
100290,"2026-09-03 19:33:16.823+00",0.00136,15.752628,0.00213403,8.69e-05,343.29922,344.4675,6722.0205,"spacetrack"
100290,"2026-09-04 19:55:04.744+00",0.00068523,15.752605,0.0010582,0.0001278,343.03085,344.74902,6722.027,"spacetrack"
100290,"2026-09-05 20:16:52.452+00",0.0011213,15.753463,0.00175679,8.94e-05,343.04517,344.24704,6721.783,"spacetrack"
100290,"2026-09-06 11:30:30.029+00",0.0007717,15.7524,0.00119341,0.0001503,342.9379,344.95856,6722.0854,"spacetrack"
100291,"2026-09-01 17:24:52.03+00",0.0010069,15.752841,0.00156913,0.0001195,343.0195,344.62604,6721.96,"spacetrack"
100291,"2026-09-02 13:12:35.045+00",0.0009859,15.752074,0.00153039,0.0001104,343.29892,344.78317,6722.178,"spacetrack"
100291,"2026-09-03 19:39:48.475+00",0.0010694,15.752975,0.00166996,0.0002128,342.3543,345.21515,6721.922,"spacetrack"
100291,"2026-09-04 18:30:14.907+00",0.0011481,15.752566,0.0017927,0.0001149,343.12875,344.6735,6722.038,"spacetrack"
100291,"2026-09-05 17:20:41.073+00",0.0010855,15.75298,0.00169567,0.0001063,343.06857,344.49765,6721.92,"spacetrack"
100291,"2026-09-06 11:37:02.235+00",0.0011973,15.752396,0.00187015,0.0001178,343.15768,344.74142,6722.0864,"spacetrack"
100292,"2026-09-01 19:16:18.435+00",0.0011765,15.753079,0.00184235,0.0001342,342.85294,344.6571,6721.892,"spacetrack"
100292,"2026-09-02 13:32:39.468+00",0.00085172,15.75254,0.00132065,0.0001965,342.58768,345.22943,6722.0454,"spacetrack"
100292,"2026-09-03 19:59:53.612+00",0.0012236,15.753189,0.00191907,9.55e-05,343.08194,344.3658,6721.861,"spacetrack"
100292,"2026-09-04 17:18:58.276+00",0.0010654,15.752812,0.00166234,8.19e-05,343.28055,344.38162,6721.9683,"spacetrack"
100292,"2026-09-05 17:40:45.725+00",0.0012647,15.753273,0.00198605,0.0001177,342.9089,344.4912,6721.837,"spacetrack"
100292,"2026-09-06 22:36:39.167+00",0.0016362,15.753275,0.00259006,0.0001199,342.8936,344.5055,6721.8364,"spacetrack"
100293,"2026-09-01 11:19:53.518+00",0.0013035,15.753826,0.00205378,4.67e-05,343.2287,343.8565,6721.6797,"spacetrack"
100293,"2026-09-02 19:18:29.47+00",0.00072349,15.752745,0.00111914,9.08e-05,343.23993,344.46066,6721.9873,"spacetrack"
100293,"2026-09-03 13:34:50.667+00",0.0007084,15.752683,0.00109505,8.91e-05,343.26886,344.4667,6722.005,"spacetrack"
100293,"2026-09-04 23:04:48.673+00",0.00079274,15.752676,0.00122809,0.0001227,343.0451,344.6947,6722.007,"spacetrack"
100293,"2026-09-05 17:21:09.745+00",0.0014791,15.753069,0.00233139,0.0001209,342.94522,344.57056,6721.895,"spacetrack"
100293,"2026-09-06 16:11:35.514+00",0.0011681,15.753051,0.00182864,0.000109,343.03046,344.49585,6721.9004,"spacetrack"
100294,"2026-09-01 16:00:30.782+00",0.00066094,15.752582,0.00101989,7.95e-05,343.36215,344.43094,6722.0337,"spacetrack"
100294,"2026-09-02 13:19:34.975+00",0.00072662,15.752398,0.00112234,0.0001213,343.13376,344.76453,6722.086,"spacetrack"
100294,"2026-09-03 19:46:49.878+00",0.0010022,15.752926,0.00156229,0.0001854,342.55252,345.045,6721.9355,"spacetrack"
100294,"2026-09-04 17:05:53.828+00",0.00086806,15.752533,0.00134645,8.23e-05,343.3572,344.46365,6722.0474,"spacetrack"
100294,"2026-09-05 15:56:20.043+00",0.0010133,15.752877,0.0015796,0.0001356,342.90115,344.72415,6721.9497,"spacetrack"
100294,"2026-09-06 11:44:02.841+00",0.00097365,15.752389,0.00151309,0.0001796,342.74414,345.1587,6722.0884,"spacetrack"
100295,"2026-09-01 07:46:57.952+00",0.00059171,15.798283,0.00112092,0.0001123,330.17325,331.68008,6709.0635,"spacetrack"
100295,"2026-09-03 18:59:44.915+00",0.001055,15.798855,0.00203068,0.000109,330.0336,331.49615,6708.902,"spacetrack"
100295,"2026-09-04 17:46:12.176+00",0.00097622,15.798856,0.00187517,0.0001107,330.02188,331.50723,6708.9014,"spacetrack"
100295,"2026-09-05 15:01:34.124+00",0.0013561,15.798601,0.00262762,0.0001323,329.9491,331.7243,6708.9736,"spacetrack"
100295,"2026-09-06 15:19:13.177+00",-0.0026434,15.793041,-0.00461113,0.0001171,331.62524,333.19684,6710.548,"spacetrack"
100296,"2026-09-01 12:37:42.359+00",0.00091586,15.752715,0.00142337,0.0001073,343.13745,344.58,6721.9956,"spacetrack"
100296,"2026-09-02 14:30:51.768+00",0.00073561,15.752328,0.00113615,0.000103,343.2765,344.66122,6722.106,"spacetrack"
100296,"2026-09-03 11:49:54.653+00",0.0010683,15.751876,0.00166002,0.000153,343.069,345.126,6722.2344,"spacetrack"
100296,"2026-09-04 22:51:16.356+00",0.00094908,15.752662,0.00147587,0.0002035,342.50604,345.24188,6722.0107,"spacetrack"
100296,"2026-09-05 17:07:36.932+00",0.0011826,15.753,0.00185145,0.000115,343.00458,344.55063,6721.9146,"spacetrack"
100296,"2026-09-06 11:23:57.877+00",0.00078991,15.7523365,0.00122178,0.00013,343.09262,344.84036,6722.1035,"spacetrack"
100297,"2026-09-01 07:43:11.046+00",0.00062772,15.798322,0.00119074,0.0001027,330.22675,331.6048,6709.0527,"spacetrack"
100297,"2026-09-03 18:55:57.037+00",0.0011288,15.799521,0.00218377,0.000129,329.7107,331.44153,6708.713,"spacetrack"
100297,"2026-09-04 17:42:25.033+00",0.00093758,15.798145,0.00179312,9.58e-05,330.32285,331.6083,6709.1025,"spacetrack"
100297,"2026-09-05 11:55:35.628+00",0.00063364,15.798508,0.00120324,0.0001114,330.11572,331.61047,6709,"spacetrack"
100297,"2026-09-06 13:44:28.417+00",-0.0042991,15.787617,-0.00711468,0.0004377,331.01022,336.886,6712.085,"spacetrack"
100298,"2026-09-01 07:41:55.134+00",0.00090704,15.798522,0.00173632,0.0001229,330.03455,331.6836,6708.996,"spacetrack"
100298,"2026-09-03 18:54:41.962+00",0.00090119,15.798848,0.00172747,0.0001064,330.05292,331.4806,6708.904,"spacetrack"
100298,"2026-09-04 17:41:09.465+00",0.0010612,15.798817,0.00204264,9.57e-05,330.1335,331.4176,6708.9126,"spacetrack"
100298,"2026-09-05 11:54:19.752+00",0.0006525,15.798469,0.00123955,0.0001035,330.17984,331.5686,6709.011,"spacetrack"
100298,"2026-09-06 15:14:04.627+00",0.0011134,15.798728,0.00214525,0.0001263,329.9534,331.64807,6708.9375,"spacetrack"
100299,"2026-09-01 07:35:00.608+00",0.00068201,15.798234,0.00129538,6.94e-05,330.47507,331.40628,6709.0776,"spacetrack"
100299,"2026-09-03 20:18:53.397+00",0.00069439,15.7985735,0.00132148,0.0001043,330.1446,331.54407,6708.9814,"spacetrack"
100299,"2026-09-04 17:34:14.702+00",0.00091042,15.798932,0.0017463,6.93e-05,330.27805,331.2079,6708.88,"spacetrack"
100299,"2026-09-05 14:49:36.579+00",0.00079706,15.798614,0.00152175,0.0001267,329.98322,331.68326,6708.97,"spacetrack"
100299,"2026-09-06 12:04:58.343+00",0.00085354,15.798532,0.00163156,0.0001021,330.17126,331.54126,6708.993,"spacetrack"
100300,"2026-09-01 07:30:46.555+00",0.000935,15.798558,0.00179151,7.79e-05,330.3261,331.37137,6708.986,"spacetrack"
100300,"2026-09-03 20:14:39.236+00",0.00097958,15.798974,0.00188284,9.26e-05,330.10983,331.35233,6708.868,"spacetrack"
100300,"2026-09-04 20:32:12.817+00",0.00091552,15.7987175,0.00175458,0.0001784,329.60684,332.00058,6708.941,"spacetrack"
100300,"2026-09-05 17:47:34.211+00",0.0012552,15.799231,0.00243297,0.0001657,329.5468,331.7701,6708.7954,"spacetrack"
100300,"2026-09-06 16:34:02.035+00",0.00091344,15.798678,0.00175015,0.000133,329.9225,331.70706,6708.9517,"spacetrack"
100371,"2026-09-01 17:50:18.412+00",0.00024007,15.751903,0.00035829,0.000132,343.20255,344.9772,6722.227,"spacetrack"
100371,"2026-09-02 21:16:56.497+00",0.0012766,15.752344,0.00195066,0.0001137,343.19986,344.7285,6722.101,"spacetrack"
100371,"2026-09-03 18:37:39.141+00",0.0008302,15.752312,0.00125762,0.0001327,343.08145,344.86548,6722.1104,"spacetrack"
100371,"2026-09-04 17:29:51.195+00",0.00087281,15.752147,0.0013223,0.0001114,343.2715,344.7692,6722.157,"spacetrack"
100371,"2026-09-05 20:56:29.128+00",0.00074349,15.752262,0.00112415,0.0001607,342.9072,345.0677,6722.1245,"spacetrack"
100371,"2026-09-06 21:20:09.739+00",0.00065975,15.752058,0.00099497,0.0001255,343.20197,344.88925,6722.1826,"spacetrack"
100372,"2026-09-01 17:52:50.957+00",0.0003895,15.751933,0.00058372,0.0001314,343.198,344.96457,6722.2183,"spacetrack"
100372,"2026-09-02 19:48:00.04+00",0.00090443,15.75228,0.00137188,0.0001774,342.78992,345.17493,6722.1196,"spacetrack"
100372,"2026-09-03 18:40:11.725+00",0.00055009,15.752098,0.00082789,0.0001288,343.1683,344.89996,6722.171,"spacetrack"
100372,"2026-09-04 19:03:52.455+00",0.00078098,15.752113,0.00118091,0.0001349,343.1231,344.93677,6722.167,"spacetrack"
100372,"2026-09-05 14:53:06.405+00",0.0012501,15.752367,0.00190938,0.000142,343.0031,344.9122,6722.0947,"spacetrack"
100372,"2026-09-06 21:22:42.166+00",0.00046373,15.752033,0.00069645,0.0001524,343.02817,345.07712,6722.1895,"spacetrack"
100373,"2026-09-01 17:55:23.387+00",0.000589,15.7520895,0.00088713,0.0001312,343.15482,344.91873,6722.174,"spacetrack"
100373,"2026-09-02 21:22:01.376+00",0.00064268,15.752039,0.00096885,0.0001792,342.84647,345.25568,6722.188,"spacetrack"
100373,"2026-09-03 18:42:44.188+00",0.00078233,15.752226,0.00118357,0.0001431,343.03598,344.95987,6722.135,"spacetrack"
100373,"2026-09-04 20:37:53.661+00",0.0011558,15.752368,0.00176227,0.0001849,342.7145,345.20032,6722.094,"spacetrack"
100373,"2026-09-05 13:24:10.279+00",0.0011881,15.752606,0.00181451,0.000139,342.9551,344.82385,6722.0264,"spacetrack"
100373,"2026-09-06 21:25:14.739+00",0.00068249,15.752078,0.00102983,0.000123,343.21295,344.8666,6722.177,"spacetrack"
100374,"2026-09-01 21:02:24.646+00",0.0012179,15.752195,0.00185767,0.000137,343.08563,344.9275,6722.1436,"spacetrack"
100374,"2026-09-02 21:26:05.149+00",0.00045617,15.751988,0.00068485,0.0001366,343.14725,344.98373,6722.2026,"spacetrack"
100374,"2026-09-03 18:46:47.94+00",0.00079363,15.752331,0.00120148,0.0001421,343.01282,344.92325,6722.105,"spacetrack"
100374,"2026-09-04 20:41:57.582+00",0.0010118,15.7522955,0.00153802,0.0001644,342.87296,345.0832,6722.115,"spacetrack"
100374,"2026-09-05 13:28:13.832+00",0.0012974,15.752528,0.00198481,0.0001251,343.07098,344.75284,6722.049,"spacetrack"
100374,"2026-09-06 21:29:18.6+00",0.00064696,15.751927,0.0009749,0.0001539,343.0483,345.1174,6722.2197,"spacetrack"
100375,"2026-09-01 18:01:59.743+00",0.00039964,15.751969,0.00059917,0.0001339,343.17062,344.97083,6722.2075,"spacetrack"
100375,"2026-09-02 21:28:36.131+00",0.00021752,15.751761,0.00032418,0.0001608,343.04916,345.21106,6722.267,"spacetrack"
100375,"2026-09-03 18:49:20.474+00",0.00060822,15.752007,0.0009161,0.0001211,343.2462,344.8743,6722.1973,"spacetrack"
100375,"2026-09-04 20:44:30.125+00",0.00086181,15.752205,0.0013057,0.0001491,343.00162,345.00616,6722.141,"spacetrack"
100375,"2026-09-05 21:08:09.586+00",0.0010222,15.752788,0.00155753,0.000155,342.79605,344.87985,6721.975,"spacetrack"
100375,"2026-09-06 21:31:50.97+00",0.00063564,15.752143,0.00095851,0.00013,343.14758,344.89536,6722.1587,"spacetrack"
100376,"2026-09-01 18:03:00.807+00",0.00043016,15.751899,0.00064517,0.0001307,343.2124,344.9696,6722.228,"spacetrack"
100376,"2026-09-02 21:29:38.66+00",0.00049952,15.751993,0.00075065,0.0001541,343.02814,345.09995,6722.201,"spacetrack"
100376,"2026-09-03 18:50:21.468+00",0.00055803,15.752097,0.00083997,0.0001265,343.18417,344.8849,6722.1714,"spacetrack"
100376,"2026-09-04 20:45:31.054+00",0.0010444,15.752272,0.00158843,0.0001569,342.93008,345.0395,6722.1216,"spacetrack"
100376,"2026-09-05 13:31:47.614+00",0.0011637,15.75259,0.00177624,0.0001352,342.9854,344.80304,6722.0312,"spacetrack"
100376,"2026-09-06 21:32:52.021+00",0.00058881,15.752003,0.00088651,0.0001531,343.0323,345.09064,6722.198,"spacetrack"
100377,"2026-09-01 18:04:01.603+00",0.00092763,15.752302,0.0014078,0.0001198,343.17087,344.78146,6722.1133,"spacetrack"
100377,"2026-09-02 21:30:39.565+00",0.00087959,15.752208,0.00133312,0.0001454,343.02554,344.98035,6722.14,"spacetrack"
100377,"2026-09-03 18:51:22.529+00",0.00061827,15.752125,0.00093191,0.0001381,343.0982,344.95486,6722.1636,"spacetrack"
100377,"2026-09-04 20:46:32.001+00",0.0010417,15.752252,0.00158407,0.0001468,343.00378,344.97742,6722.1274,"spacetrack"
100377,"2026-09-05 13:32:48.675+00",0.00067133,15.752197,0.00101328,9.58e-05,343.3621,344.65005,6722.143,"spacetrack"
100377,"2026-09-06 21:33:52.902+00",0.00028066,15.751964,0.0004195,0.000125,343.2323,344.91284,6722.2095,"spacetrack"
100378,"2026-09-01 21:03:56.231+00",0.0011549,15.752115,0.00175892,0.00013,343.15546,344.90323,6722.1665,"spacetrack"
100378,"2026-09-02 21:27:36.759+00",0.00073433,15.752018,0.00110889,0.0001377,343.1314,344.9827,6722.194,"spacetrack"
100378,"2026-09-03 18:48:19.537+00",0.00044826,15.752024,0.00067295,0.0001188,343.2568,344.854,6722.1924,"spacetrack"
100378,"2026-09-04 19:12:00.439+00",0.00068469,15.752038,0.00103302,0.0001644,342.94617,345.1564,6722.1885,"spacetrack"
100378,"2026-09-05 13:29:45.529+00",0.00073645,15.751878,0.00111145,0.0001136,343.33334,344.86063,6722.234,"spacetrack"
100378,"2026-09-06 21:30:50.111+00",0.00062749,15.751872,0.00094494,0.0001376,343.17358,345.02353,6722.2354,"spacetrack"
100379,"2026-09-01 16:33:33.737+00",0.00080671,15.752321,0.00122157,0.0001716,342.81726,345.1243,6722.108,"spacetrack"
100379,"2026-09-02 21:31:40.606+00",0.00075172,15.752086,0.00113589,0.000166,342.922,345.15375,6722.175,"spacetrack"
100379,"2026-09-03 18:52:23.299+00",0.00086678,15.752378,0.00131436,0.0001465,342.9697,344.93927,6722.0913,"spacetrack"
100379,"2026-09-04 17:44:35.275+00",0.00062241,15.75207,0.00093801,0.0001304,343.16537,344.91852,6722.179,"spacetrack"
100379,"2026-09-05 13:33:49.543+00",0.0011209,15.75255,0.00170933,0.0001132,343.1446,344.66644,6722.0425,"spacetrack"
100379,"2026-09-06 18:31:56.491+00",0.00086046,15.752195,0.00130355,0.0001107,343.2625,344.7508,6722.1436,"spacetrack"
100380,"2026-09-01 21:09:01.009+00",0.0010727,15.752447,0.00163357,0.0001701,342.79156,345.0784,6722.072,"spacetrack"
100380,"2026-09-02 21:32:41.574+00",0.00064462,15.7520485,0.00097183,0.0001407,343.10263,344.99426,6722.1855,"spacetrack"
100380,"2026-09-03 18:53:24.456+00",0.00081094,15.752249,0.00122767,0.0001559,342.94342,345.03937,6722.1284,"spacetrack"
100380,"2026-09-04 20:48:33.973+00",0.0010203,15.752271,0.00155093,0.0001412,343.036,344.93436,6722.122,"spacetrack"
100380,"2026-09-05 16:37:47.959+00",0.00089468,15.752452,0.00135783,0.0001458,342.95343,344.91357,6722.0703,"spacetrack"
100380,"2026-09-06 18:32:57.477+00",0.00049162,15.752046,0.00073882,0.0001146,343.2788,344.81952,6722.186,"spacetrack"
100381,"2026-09-01 21:17:08.866+00",0.0009706,15.752323,0.00147439,0.0001647,342.86295,345.0772,6722.107,"spacetrack"
100381,"2026-09-02 21:40:49.288+00",0.0007658,15.7521515,0.0011578,0.0001295,343.14853,344.88956,6722.1562,"spacetrack"
100381,"2026-09-03 17:30:03.392+00",0.00098169,15.752492,0.00149266,0.0001659,342.80695,345.03732,6722.059,"spacetrack"
100381,"2026-09-04 17:53:44.073+00",0.00068103,15.752099,0.00102776,0.0002299,342.48853,345.5794,6722.171,"spacetrack"
100381,"2026-09-05 15:14:27.056+00",0.0006885,15.752151,0.00103933,9.01e-05,343.41367,344.625,6722.1562,"spacetrack"
100381,"2026-09-06 18:41:05.222+00",0.00083086,15.752188,0.00125794,0.0001077,343.2848,344.73273,6722.146,"spacetrack"
100382,"2026-09-01 21:18:40.581+00",0.00072318,15.752172,0.00109259,0.0001811,342.79556,345.23035,6722.15,"spacetrack"
100382,"2026-09-02 21:42:20.747+00",0.00075609,15.752155,0.00114292,0.0001159,343.23886,344.79706,6722.155,"spacetrack"
100382,"2026-09-03 17:31:34.979+00",0.00080119,15.752284,0.00121283,0.000112,343.22855,344.73428,6722.1187,"spacetrack"
100382,"2026-09-04 20:58:13.15+00",0.00088039,15.75229,0.00133483,0.0001563,342.9291,345.03046,6722.1167,"spacetrack"
100382,"2026-09-05 15:15:58.574+00",0.0007701,15.7521715,0.00116449,4.59e-05,343.70474,344.32184,6722.1504,"spacetrack"
100382,"2026-09-06 18:42:36.66+00",0.00080948,15.752239,0.00122535,0.0001304,343.11758,344.87073,6722.1313,"spacetrack"
100383,"2026-09-01 21:19:41.472+00",0.00056524,15.752085,0.00085093,0.0001576,342.97858,345.0974,6722.175,"spacetrack"
100383,"2026-09-02 21:43:21.873+00",0.00053378,15.752042,0.00080288,0.0001354,343.14005,344.9604,6722.187,"spacetrack"
100383,"2026-09-03 17:32:35.917+00",0.00062798,15.75213,0.00094676,0.0001027,343.33478,344.7155,6722.162,"spacetrack"
100383,"2026-09-04 20:59:14.164+00",0.0011146,15.7524,0.00169839,0.0001783,342.74966,345.14676,6722.085,"spacetrack"
100383,"2026-09-05 15:16:59.469+00",0.00087401,15.752148,0.00132415,5.51e-05,343.64966,344.39044,6722.157,"spacetrack"
100383,"2026-09-06 18:43:37.696+00",0.00077815,15.752222,0.00117713,0.0001339,343.09872,344.89893,6722.1357,"spacetrack"
100384,"2026-09-01 21:23:45.512+00",0.00087881,15.752186,0.00133181,0.0001916,342.72134,345.29727,6722.1465,"spacetrack"
100384,"2026-09-02 18:44:28.242+00",0.00069434,15.75209,0.00104802,0.0001562,342.98627,345.08627,6722.1733,"spacetrack"
100384,"2026-09-03 17:36:39.821+00",0.00047642,15.752053,0.00071576,0.0001165,343.26382,344.83008,6722.184,"spacetrack"
100384,"2026-09-04 21:03:18.343+00",0.0010293,15.752164,0.00156419,0.0001629,342.9205,345.1106,6722.1523,"spacetrack"
100384,"2026-09-05 15:21:03.343+00",0.0008234,15.752429,0.00124787,0.0002127,342.51028,345.36987,6722.077,"spacetrack"
100384,"2026-09-06 18:47:41.549+00",0.00079661,15.752222,0.00120548,0.0001356,343.08737,344.91043,6722.1357,"spacetrack"
100385,"2026-09-01 21:26:17.907+00",0.00064294,15.752037,0.00096924,0.0001841,342.8139,345.289,6722.1885,"spacetrack"
100385,"2026-09-02 20:18:29.409+00",0.00072753,15.752114,0.00109894,0.0001369,343.10938,344.9499,6722.1665,"spacetrack"
100385,"2026-09-03 17:39:12.49+00",0.00075525,15.752171,0.00114172,0.0001426,343.05508,344.97226,6722.151,"spacetrack"
100385,"2026-09-04 21:05:50.458+00",0.00079649,15.752189,0.00120511,0.0001239,343.17557,344.8413,6722.1455,"spacetrack"
100385,"2026-09-05 15:23:35.84+00",0.00074048,15.752216,0.00111928,0.0001148,343.22885,344.77228,6722.1377,"spacetrack"
100385,"2026-09-06 23:25:38.868+00",-0.0031175,15.711013,-0.00379517,0.0020438,341.98578,369.5112,6733.8853,"spacetrack"
100386,"2026-09-01 21:26:48.262+00",0.00064009,15.752123,0.00096524,0.0001587,342.96027,345.09387,6722.164,"spacetrack"
100386,"2026-09-02 18:47:31.047+00",0.00030697,15.751955,0.00045915,0.0001829,342.84534,345.30432,6722.212,"spacetrack"
100386,"2026-09-03 17:39:42.911+00",0.00073996,15.752133,0.00111808,0.0001152,343.2498,344.79858,6722.161,"spacetrack"
100386,"2026-09-04 21:06:21.089+00",0.00084957,15.75216,0.00128661,0.0001473,343.02634,345.00668,6722.1533,"spacetrack"
100386,"2026-09-05 15:24:06.316+00",0.00062856,15.752228,0.00094805,0.0001384,343.06702,344.9277,6722.1343,"spacetrack"
100386,"2026-09-06 14:15:52.771+00",0.041804,15.791732,0.09161879,0.0003714,330.2897,335.27457,6710.919,"spacetrack"
100387,"2026-09-01 13:52:57.748+00",0.00076681,15.752176,0.0011595,0.0001535,342.98004,345.04376,6722.149,"spacetrack"
100387,"2026-09-02 20:22:33.347+00",0.0008291,15.752198,0.00125533,0.0001823,342.78033,345.23123,6722.1426,"spacetrack"
100387,"2026-09-03 17:43:16.334+00",0.00051224,15.75205,0.00077017,0.0001392,343.11197,344.98343,6722.1846,"spacetrack"
100387,"2026-09-04 21:09:54.439+00",0.00049482,15.751993,0.00074351,0.0001422,343.10825,345.02005,6722.201,"spacetrack"
100387,"2026-09-05 15:27:39.785+00",0.00085225,15.752228,0.00129111,0.0001254,343.15424,344.84015,6722.1343,"spacetrack"
100387,"2026-09-06 20:25:46.669+00",0.00066165,15.7521515,0.00099829,0.0001314,343.13583,344.9024,6722.1562,"spacetrack"
100388,"2026-09-01 13:56:00.865+00",0.00083269,15.752152,0.0012606,0.0001629,342.92365,345.1137,6722.156,"spacetrack"
100388,"2026-09-02 18:54:07.3+00",0.00078723,15.752263,0.00119132,0.000188,342.72363,345.25113,6722.1245,"spacetrack"
100388,"2026-09-03 20:49:16.765+00",0.0012485,15.752355,0.0019068,0.0001547,342.92145,345.00125,6722.098,"spacetrack"
100388,"2026-09-04 21:12:57.425+00",0.00048496,15.752013,0.0007286,0.0001365,343.1408,344.97598,6722.1953,"spacetrack"
100388,"2026-09-05 15:30:42.799+00",0.00072428,15.752305,0.00109487,0.0001338,343.07605,344.87488,6722.1123,"spacetrack"
100388,"2026-09-06 18:57:20.669+00",0.0010757,15.752474,0.00163835,0.000105,343.22137,344.63303,6722.064,"spacetrack"
100389,"2026-09-01 13:57:32.194+00",0.00082036,15.752156,0.00124162,7.72e-05,343.4986,344.5365,6722.155,"spacetrack"
100389,"2026-09-02 18:55:39.096+00",0.00080065,15.752093,0.00121101,0.0001178,343.24374,344.82748,6722.173,"spacetrack"
100389,"2026-09-03 20:50:48.393+00",0.00081659,15.752239,0.00123631,0.0001584,342.9292,345.05878,6722.131,"spacetrack"
100389,"2026-09-04 21:14:28.923+00",0.00058224,15.751988,0.00087645,0.0001413,343.1156,345.0153,6722.2026,"spacetrack"
100389,"2026-09-05 20:06:40.461+00",0.00057575,15.75226,0.0008676,0.000155,342.9462,345.03006,6722.125,"spacetrack"
100389,"2026-09-06 20:30:21.193+00",0.0011645,15.752478,0.00177674,0.0001881,342.6617,345.19055,6722.063,"spacetrack"
100390,"2026-09-01 13:59:03.555+00",0.0010152,15.7523775,0.00154376,0.0001399,343.0143,344.89514,6722.092,"spacetrack"
100390,"2026-09-02 18:57:10.612+00",0.00078483,15.752068,0.00118657,0.000119,343.24304,344.84293,6722.18,"spacetrack"
100390,"2026-09-03 20:52:19.807+00",0.00077613,15.752142,0.00117362,0.0001564,342.97046,345.07315,6722.1587,"spacetrack"
100390,"2026-09-04 21:16:00.377+00",0.00062311,15.752053,0.00093902,0.0001536,343.01456,345.07962,6722.184,"spacetrack"
100390,"2026-09-05 20:08:11.919+00",0.00089992,15.752368,0.00136541,0.0001089,343.2255,344.68958,6722.0947,"spacetrack"
100390,"2026-09-06 19:00:23.577+00",0.00086657,15.752385,0.00131406,8.64e-05,343.37164,344.5332,6722.0894,"spacetrack"
100391,"2026-09-01 14:01:35.994+00",0.00073235,15.752059,0.00110604,5.13e-05,343.7006,344.3903,6722.1826,"spacetrack"
100391,"2026-09-02 18:59:42.729+00",0.0011959,15.75247,0.00182563,0.0001716,342.77487,345.08188,6722.0654,"spacetrack"
100391,"2026-09-03 20:54:52.376+00",0.00075681,15.752104,0.00114378,0.0001576,342.97305,345.0919,6722.1694,"spacetrack"
100391,"2026-09-04 21:18:32.822+00",0.00055961,15.751998,0.00084203,0.0001459,343.08182,345.04333,6722.1997,"spacetrack"
100391,"2026-09-05 20:10:44.491+00",0.001133,15.752479,0.00172755,0.0001524,342.90143,344.95032,6722.063,"spacetrack"
100391,"2026-09-06 20:34:25.163+00",0.0010824,15.752331,0.00164781,0.0001529,342.9401,344.99573,6722.105,"spacetrack"
100392,"2026-09-01 14:00:35.317+00",0.00065259,15.752036,0.00098394,0.0001082,343.32455,344.77924,6722.189,"spacetrack"
100392,"2026-09-02 17:27:13.289+00",0.00091923,15.751908,0.00139241,0.0001165,343.305,344.87128,6722.225,"spacetrack"
100392,"2026-09-03 20:53:51.217+00",0.00081087,15.752227,0.00122744,0.0001569,342.94287,345.05228,6722.135,"spacetrack"
100392,"2026-09-04 21:17:31.844+00",0.00062311,15.7520075,0.00093882,0.000135,343.1526,344.9676,6722.1973,"spacetrack"
100392,"2026-09-05 20:09:43.404+00",0.00094234,15.752423,0.00143129,0.0001452,342.96564,344.91772,6722.0786,"spacetrack"
100392,"2026-09-06 17:30:26.551+00",0.0009253,15.752251,0.00140387,9.68e-05,343.34003,344.64142,6722.128,"spacetrack"
100393,"2026-09-01 22:03:36.926+00",0.00072152,15.798199,0.00134004,0.0001565,329.90067,332.0006,6709.0874,"spacetrack"
100393,"2026-09-02 20:51:50.321+00",0.00094717,15.798226,0.00176853,0.0001672,329.82092,332.06445,6709.0796,"spacetrack"
100393,"2026-09-03 19:40:03.657+00",0.00078473,15.798079,0.00145875,0.0001315,330.10242,331.8669,6709.1216,"spacetrack"
100393,"2026-09-04 19:59:29.87+00",0.0010562,15.798284,0.00197768,0.0002125,329.50073,332.35208,6709.0635,"spacetrack"
100393,"2026-09-05 21:50:08.896+00",0.00063436,15.797936,0.00117431,0.0001262,330.17804,331.87143,6709.1616,"spacetrack"
100393,"2026-09-06 17:35:56.764+00",0.00091196,15.7981825,0.00170103,0.000107,330.2372,331.67297,6709.0923,"spacetrack"
100394,"2026-09-01 20:14:07.527+00",0.0010884,15.752394,0.00165756,8.59e-05,343.37265,344.5275,6722.087,"spacetrack"
100394,"2026-09-02 20:37:48.135+00",0.00086205,15.752036,0.00130511,0.0001655,342.9392,345.16428,6722.189,"spacetrack"
100394,"2026-09-03 21:01:28.659+00",0.0004537,15.752036,0.00068126,0.0001636,342.95215,345.15164,6722.189,"spacetrack"
100394,"2026-09-04 18:22:11.542+00",0.00049983,15.752037,0.00075127,0.0001354,343.14133,344.9617,6722.1885,"spacetrack"
100394,"2026-09-05 21:48:49.72+00",0.0010906,15.752267,0.00165999,0.0001252,343.14468,344.8279,6722.1235,"spacetrack"
100394,"2026-09-06 17:38:03.836+00",0.00080352,15.752297,0.0012165,0.0001139,343.21185,344.74313,6722.1143,"spacetrack"
100404,"2026-09-01 22:01:17.4+00",-0.0050468,15.814999,-0.00923166,0.0001702,325.05737,327.33954,6704.3354,"spacetrack"
100404,"2026-09-02 22:18:43.427+00",0.00084145,15.79871,0.00160923,0.0001065,330.09122,331.52023,6708.943,"spacetrack"
100404,"2026-09-03 21:05:10.718+00",0.0010714,15.798993,0.00206449,9.13e-05,330.11322,331.33826,6708.863,"spacetrack"
100404,"2026-09-04 19:51:38.195+00",0.00097256,15.79881,0.00186756,0.0001075,330.0562,331.49863,6708.9146,"spacetrack"
100404,"2026-09-05 20:09:11.36+00",0.00099646,15.798989,0.0019163,7.83e-05,330.20142,331.25204,6708.864,"spacetrack"
100404,"2026-09-06 20:26:59.427+00",-0.0044864,15.787499,-0.00738744,0.0001695,332.84384,335.11923,6712.1187,"spacetrack"
100405,"2026-09-01 21:52:43.845+00",-0.0045624,15.841386,-0.00943596,0.0001398,317.8151,319.68753,6696.888,"spacetrack"
100405,"2026-09-02 22:08:56.106+00",-0.00086981,15.799176,-0.00161936,7.41e-05,330.17657,331.17084,6708.8105,"spacetrack"
100405,"2026-09-03 20:55:23.974+00",0.00089015,15.798879,0.00170603,6.32e-05,330.3341,331.18213,6708.895,"spacetrack"
100405,"2026-09-04 22:44:03.067+00",0.00059033,15.798587,0.00111983,7.81e-05,330.3166,331.36453,6708.9775,"spacetrack"
100405,"2026-09-05 19:59:24.617+00",0.00069104,15.798756,0.00131609,7.14e-05,330.3139,331.27194,6708.93,"spacetrack"
100405,"2026-09-06 18:45:52.195+00",0.0010275,15.798953,0.00197735,7.41e-05,330.24,331.23425,6708.874,"spacetrack"
100406,"2026-09-01 21:50:04.131+00",-0.0036438,15.856222,-0.00821434,0.0001255,313.73325,315.41312,6692.71,"spacetrack"
100406,"2026-09-02 22:05:05.592+00",-0.005818,15.805564,-0.01007342,6.2e-06,328.8245,328.90765,6707.003,"spacetrack"
100406,"2026-09-03 20:51:32.659+00",0.00040246,15.798647,0.00075825,7.49e-05,330.32114,331.32614,6708.9604,"spacetrack"
100406,"2026-09-04 22:40:12.056+00",0.00037343,15.798309,0.00070149,0.0001056,330.21082,331.62778,6709.056,"spacetrack"
100406,"2026-09-05 19:55:33.397+00",0.00093104,15.798957,0.00178705,6.36e-05,330.30933,331.1627,6708.873,"spacetrack"
100406,"2026-09-06 17:10:55.159+00",0.00091391,15.798824,0.00175227,5.38e-05,330.4124,331.13428,6708.91,"spacetrack"
100407,"2026-09-01 21:54:21.841+00",-0.004622,15.84013,-0.009491,3.82e-05,318.84952,319.36118,6697.242,"spacetrack"
100407,"2026-09-02 22:10:40.609+00",-0.00044561,15.798941,-0.00083957,0.0001023,330.05432,331.42694,6708.8774,"spacetrack"
100407,"2026-09-03 20:57:08.259+00",0.00085583,15.798872,0.00163864,7.81e-05,330.23596,331.2839,6708.897,"spacetrack"
100407,"2026-09-04 21:14:41.671+00",0.00097656,15.798876,0.00187602,9.85e-05,330.09793,331.4196,6708.896,"spacetrack"
100407,"2026-09-05 20:01:09.066+00",0.00082952,15.798888,0.00158721,8.32e-05,330.19733,331.31366,6708.8926,"spacetrack"
100407,"2026-09-06 17:16:30.988+00",0.0008757,15.7986965,0.00167623,0.0001015,330.12863,331.49054,6708.947,"spacetrack"
100408,"2026-09-01 21:49:25.917+00",-0.0033968,15.867828,-0.00811611,0.000121,310.50006,312.11893,6689.4463,"spacetrack"
100408,"2026-09-02 22:03:13.55+00",-0.0013855,15.825113,-0.0028631,6.79e-05,322.8863,323.79636,6701.4785,"spacetrack"
100408,"2026-09-03 20:48:18.355+00",-0.0048118,15.801773,-0.0083585,4.31e-05,329.64972,330.22794,6708.0757,"spacetrack"
100408,"2026-09-04 21:05:52.632+00",0.00083169,15.798465,0.00158833,0.0001185,330.08023,331.67026,6709.012,"spacetrack"
100408,"2026-09-05 19:52:19.788+00",0.00067072,15.799054,0.00127838,0.0001453,329.73358,331.68317,6708.845,"spacetrack"
100408,"2026-09-06 20:09:52.746+00",0.00098397,15.79905,0.00189219,8.64e-05,330.12973,331.28903,6708.846,"spacetrack"
100409,"2026-09-01 21:56:35.332+00",-0.0046776,15.837374,-0.00948709,0.0002091,318.48172,321.28284,6698.019,"spacetrack"
100409,"2026-09-02 22:13:00.527+00",-0.00059599,15.799184,-0.00111816,5.27e-05,330.31818,331.0253,6708.8086,"spacetrack"
100409,"2026-09-03 20:59:28.564+00",0.001006,15.799,0.0019352,6.79e-05,330.26834,331.17938,6708.861,"spacetrack"
100409,"2026-09-04 22:48:07.592+00",0.0008266,15.79886,0.00158128,8.32e-05,330.20523,331.3216,6708.9004,"spacetrack"
100409,"2026-09-05 20:03:30.962+00",0.0010607,15.798871,0.00204216,0.0001254,329.9189,331.6015,6708.897,"spacetrack"
100409,"2026-09-06 20:21:02.249+00",0.00091004,15.799053,0.00174653,5.16e-05,330.36258,331.05493,6708.8457,"spacetrack"
100410,"2026-09-01 21:58:43.69+00",-0.0046392,15.835605,-0.00934455,0.0001909,319.1025,321.66,6698.518,"spacetrack"
100410,"2026-09-02 22:15:15.336+00",-0.00049599,15.798888,-0.00093245,5.61e-05,330.37888,331.13162,6708.892,"spacetrack"
100410,"2026-09-03 21:01:42.854+00",0.00089151,15.798914,0.00170898,6.86e-05,330.28787,331.20834,6708.8853,"spacetrack"
100410,"2026-09-04 21:19:16.173+00",0.0010015,15.798974,0.00192608,9.31e-05,330.1065,331.3557,6708.868,"spacetrack"
100410,"2026-09-05 20:05:43.712+00",0.00074369,15.798814,0.00141898,9.52e-05,330.13782,331.4152,6708.9136,"spacetrack"
100410,"2026-09-06 20:23:16.79+00",0.0009674,15.799072,0.00185967,8.79e-05,330.11346,331.29288,6708.8403,"spacetrack"
100411,"2026-09-01 21:58:20.615+00",-0.0041118,15.833788,-0.00830714,7.96e-05,320.36038,321.42685,6699.031,"spacetrack"
100411,"2026-09-02 22:14:54.061+00",-0.0015511,15.799485,-0.00284629,0.0001279,329.72824,331.44434,6708.723,"spacetrack"
100411,"2026-09-03 21:01:21.66+00",0.00098526,15.79897,0.00189401,0.0001333,329.8378,331.62637,6708.869,"spacetrack"
100411,"2026-09-04 21:18:54.835+00",0.00084471,15.798825,0.00161648,8.29e-05,330.21713,331.32947,6708.91,"spacetrack"
100411,"2026-09-05 20:05:22.253+00",0.00075138,15.798883,0.00143444,7.6e-05,330.24677,331.2665,6708.8936,"spacetrack"
100411,"2026-09-06 20:22:55.724+00",0.00038664,15.798568,0.00072764,0.0001069,330.12888,331.56326,6708.983,"spacetrack"
100412,"2026-09-01 21:59:49.184+00",-0.0049123,15.833811,-0.00975905,0.0001343,319.98737,321.78674,6699.024,"spacetrack"
100412,"2026-09-02 22:16:31.026+00",0.00054786,15.798495,0.00103735,1.42e-05,330.77145,330.962,6709.004,"spacetrack"
100412,"2026-09-03 21:02:58.362+00",0.00096158,15.798895,0.00184669,3.24e-05,330.53622,330.97095,6708.8906,"spacetrack"
100412,"2026-09-04 21:20:31.772+00",0.00071296,15.7986355,0.00135797,0.0001033,330.13385,331.51993,6708.964,"spacetrack"
100412,"2026-09-05 20:06:58.913+00",0.00088066,15.798956,0.00168803,4.35e-05,330.44443,331.02808,6708.873,"spacetrack"
100412,"2026-09-06 20:24:32.206+00",0.0010153,15.799112,0.00195463,4.95e-05,330.35992,331.0241,6708.829,"spacetrack"
100413,"2026-09-01 21:53:44.349+00",-0.0040024,15.865341,-0.00931558,0.000108,311.286,312.73108,6690.1455,"spacetrack"
100413,"2026-09-02 22:07:52.884+00",-0.0046278,15.815775,-0.00856549,0.0002191,324.51022,327.44797,6704.116,"spacetrack"
100413,"2026-09-03 20:54:13.298+00",0.00082311,15.798672,0.00157307,0.0001289,329.9518,331.68137,6708.9536,"spacetrack"
100413,"2026-09-04 21:11:46.321+00",0.00090849,15.798865,0.00174195,0.0001039,330.06467,331.4588,6708.899,"spacetrack"
100413,"2026-09-05 19:58:13.754+00",0.00066451,15.798723,0.00126435,8.81e-05,330.21088,331.393,6708.939,"spacetrack"
100413,"2026-09-06 20:15:47.186+00",0.00097777,15.798957,0.00187913,0.0001203,329.92874,331.5429,6708.873,"spacetrack"
100414,"2026-09-01 22:12:46.753+00",-0.0050576,15.801366,-0.00873209,0.0001013,329.3745,330.7336,6708.191,"spacetrack"
100414,"2026-09-02 20:59:14.51+00",0.00043589,15.798595,0.00082222,9.68e-05,330.1888,331.48767,6708.975,"spacetrack"
100414,"2026-09-03 21:16:47.583+00",0.0010606,15.799066,0.00204391,8.61e-05,330.1274,331.28268,6708.842,"spacetrack"
100414,"2026-09-04 23:05:26.821+00",0.00073359,15.798671,0.00139835,7.19e-05,330.33466,331.29938,6708.954,"spacetrack"
100414,"2026-09-05 20:20:48.21+00",0.00098686,15.798992,0.00189735,0.0001088,329.99597,331.45584,6708.863,"spacetrack"
100414,"2026-09-06 19:07:16.162+00",0.00094679,15.79885,0.00181714,0.0001214,329.95178,331.5807,6708.9033,"spacetrack"
100415,"2026-09-01 21:56:43.251+00",-0.0042986,15.85431,-0.00946075,9.97e-05,314.44418,315.7788,6693.2485,"spacetrack"
100415,"2026-09-02 22:11:35.575+00",-0.0049554,15.810994,-0.00892455,5.48e-05,326.96286,327.69778,6705.4673,"spacetrack"
100415,"2026-09-03 20:57:59.588+00",0.00097547,15.799088,0.00187579,1.6e-05,330.5916,330.8063,6708.836,"spacetrack"
100415,"2026-09-04 21:15:32.736+00",0.00099604,15.79878,0.00191361,6.45e-05,330.3532,331.21866,6708.923,"spacetrack"
100415,"2026-09-05 20:02:00.082+00",0.0008266,15.798827,0.00158106,6.67e-05,330.32504,331.22003,6708.9097,"spacetrack"
100415,"2026-09-06 18:48:27.747+00",0.00065224,15.798673,0.00124023,7.01e-05,330.34604,331.28662,6708.953,"spacetrack"
100416,"2026-09-01 20:34:07.284+00",-0.0051158,15.829459,-0.00993135,7.88e-05,321.5868,322.64273,6700.252,"spacetrack"
100416,"2026-09-02 22:22:08.962+00",0.00089684,15.798273,0.00171432,8.7e-05,330.34595,331.5133,6709.0664,"spacetrack"
100416,"2026-09-03 21:08:34.717+00",0.0011115,15.799124,0.0021454,0.0001,330.0179,331.35968,6708.8257,"spacetrack"
100416,"2026-09-04 19:55:02.476+00",0.00091345,15.798749,0.00175074,7.39e-05,330.29886,331.29044,6708.9316,"spacetrack"
100416,"2026-09-05 20:12:35.638+00",0.00095585,15.798992,0.00183621,7.63e-05,330.21402,331.2378,6708.863,"spacetrack"
100416,"2026-09-06 20:30:08.91+00",0.0010867,15.799101,0.00209589,9.66e-05,330.04712,331.34326,6708.832,"spacetrack"
100417,"2026-09-01 22:05:22.983+00",-0.0049865,15.827816,-0.00964061,0.0001245,321.7443,323.41278,6700.7153,"spacetrack"
100417,"2026-09-02 22:22:23.239+00",0.00081421,15.798663,0.00155563,3.15e-05,330.6078,331.03046,6708.956,"spacetrack"
100417,"2026-09-03 21:08:50.118+00",0.00055803,15.79861,0.00105753,5.28e-05,330.47986,331.18832,6708.971,"spacetrack"
100417,"2026-09-04 22:57:29.638+00",0.00039519,15.798396,0.00074345,0.0001451,329.92105,331.868,6709.0317,"spacetrack"
100417,"2026-09-05 20:12:50.713+00",0.0008147,15.798914,0.00155838,7.17e-05,330.2669,331.22897,6708.885,"spacetrack"
100417,"2026-09-06 20:30:24.138+00",0.00050888,15.798778,0.00096346,0.0001188,329.98965,331.5837,6708.924,"spacetrack"
100418,"2026-09-01 22:23:30.351+00",0.00043417,15.7984705,0.00081844,6.57e-05,330.4329,331.31445,6709.0107,"spacetrack"
100418,"2026-09-02 22:41:03.542+00",0.00069672,15.798813,0.0013275,8.01e-05,330.23932,331.3141,6708.9136,"spacetrack"
100418,"2026-09-03 21:27:31.202+00",0.00065423,15.798736,0.00124447,0.0001133,330.0384,331.55862,6708.9355,"spacetrack"
100418,"2026-09-04 20:13:58.549+00",0.00088053,15.798793,0.00168648,7.63e-05,330.27036,331.29413,6708.9194,"spacetrack"
100418,"2026-09-05 19:00:25.678+00",0.00081189,15.7989,0.00155279,0.0001099,330.0148,331.48944,6708.889,"spacetrack"
100418,"2026-09-06 19:17:59.389+00",0.00071781,15.798734,0.00136804,7.69e-05,330.2831,331.31494,6708.936,"spacetrack"
100419,"2026-09-01 20:36:24.716+00",-0.0051747,15.828835,-0.01000816,0.000112,321.5406,323.04147,6700.428,"spacetrack"
100419,"2026-09-02 20:53:22.474+00",0.00082215,15.798395,0.00156918,0.0001178,330.10464,331.6853,6709.0317,"spacetrack"
100419,"2026-09-03 21:10:55.02+00",0.0010184,15.798943,0.00195915,0.0001088,330.01,331.46985,6708.877,"spacetrack"
100419,"2026-09-04 19:57:22.431+00",0.00097578,15.798828,0.00187406,8.45e-05,330.2055,331.3393,6708.909,"spacetrack"
100419,"2026-09-05 20:14:55.612+00",0.0010093,15.799048,0.00194228,9.14e-05,330.09686,331.32324,6708.847,"spacetrack"
100419,"2026-09-06 20:32:28.657+00",0.0010977,15.799197,0.00211871,4.65e-05,330.35593,330.97986,6708.8047,"spacetrack"
100420,"2026-09-01 22:09:10.077+00",-0.0045019,15.8229885,-0.00860945,5.54e-05,323.56995,324.31256,6702.078,"spacetrack"
100420,"2026-09-02 20:55:17.625+00",0.00081863,15.79843,0.00156257,4.67e-05,330.57162,331.19824,6709.022,"spacetrack"
100420,"2026-09-03 21:12:50.52+00",0.00096096,15.798955,0.00184596,7.5e-05,330.23322,331.23953,6708.8735,"spacetrack"
100420,"2026-09-04 23:01:29.735+00",0.00079004,15.798716,0.00150876,6.46e-05,330.37082,331.2376,6708.9414,"spacetrack"
100420,"2026-09-05 20:16:51.326+00",0.00095345,15.798958,0.00183119,9.46e-05,330.10098,331.3703,6708.8726,"spacetrack"
100420,"2026-09-06 17:32:13.205+00",0.00078331,15.798667,0.00149528,7.61e-05,330.30734,331.32843,6708.955,"spacetrack"
100421,"2026-09-01 22:10:22.393+00",-0.0048451,15.820354,-0.00910065,0.0001183,323.89218,325.47806,6702.8223,"spacetrack"
100421,"2026-09-02 22:27:40.77+00",0.00071903,15.798623,0.00136971,0.0001131,330.07162,331.5892,6708.9673,"spacetrack"
100421,"2026-09-03 21:14:07.955+00",0.0010612,15.7989855,0.00204432,8.87e-05,330.1328,331.32297,6708.8647,"spacetrack"
100421,"2026-09-04 23:02:47.1+00",0.00068011,15.798637,0.00129413,7.02e-05,330.35547,331.2974,6708.9634,"spacetrack"
100421,"2026-09-05 20:18:08.521+00",0.00090073,15.79892,0.00172715,4.87e-05,330.41977,331.07324,6708.8833,"spacetrack"
100421,"2026-09-06 17:33:30.477+00",0.00091983,15.798788,0.00176362,6.45e-05,330.35092,331.21637,6708.9204,"spacetrack"
100422,"2026-09-01 20:40:27.044+00",-0.0051322,15.822959,-0.00969085,0.0001293,323.083,324.8162,6702.0864,"spacetrack"
100422,"2026-09-02 20:57:38.851+00",0.00091573,15.798647,0.00175438,9e-05,330.21988,331.42752,6708.961,"spacetrack"
100422,"2026-09-03 21:15:11.74+00",0.0010224,15.798958,0.00196721,5.68e-05,330.3546,331.11673,6708.8726,"spacetrack"
100422,"2026-09-04 23:03:51.018+00",0.00078838,15.798691,0.00150534,0.0001009,330.13434,331.48822,6708.948,"spacetrack"
100422,"2026-09-05 20:19:12.391+00",0.00057652,15.798734,0.00109388,8.07e-05,330.2577,331.3405,6708.936,"spacetrack"
100422,"2026-09-06 17:34:34.54+00",0.0010849,15.798855,0.00209004,0.0001353,329.85712,331.67255,6708.902,"spacetrack"
100423,"2026-09-01 22:09:21.538+00",-0.0042897,15.8328705,-0.00860618,0.0002683,319.3548,322.94965,6699.289,"spacetrack"
100423,"2026-09-02 20:54:43.333+00",-0.0014358,15.80341,-0.00268776,8.35e-05,328.9157,330.03586,6707.613,"spacetrack"
100423,"2026-09-03 21:12:15.522+00",0.00045659,15.798782,0.00086275,0.0001675,329.66156,331.90906,6708.9224,"spacetrack"
100423,"2026-09-04 21:29:48.779+00",0.00067968,15.798751,0.00129404,0.0002002,329.4512,332.13745,6708.931,"spacetrack"
100423,"2026-09-05 20:16:16.274+00",0.00063646,15.798676,0.00120965,0.0001425,329.85962,331.77167,6708.9526,"spacetrack"
100423,"2026-09-06 17:31:38.003+00",0.0011699,15.798972,0.00225997,8.03e-05,330.1928,331.27023,6708.8687,"spacetrack"
100424,"2026-09-01 22:13:48.975+00",-0.0052773,15.814724,-0.00959576,0.0001026,325.58823,326.96396,6704.413,"spacetrack"
100424,"2026-09-02 22:31:14.794+00",0.00087898,15.799091,0.00168581,2.51e-05,330.52948,330.86627,6708.835,"spacetrack"
100424,"2026-09-03 21:17:42.169+00",0.0010747,15.79895,0.00207081,1.46e-05,330.63992,330.83582,6708.875,"spacetrack"
100424,"2026-09-04 23:06:21.334+00",0.00077493,15.798674,0.00147898,5.7e-05,330.4337,331.19852,6708.953,"spacetrack"
100424,"2026-09-05 20:21:42.733+00",0.00081642,15.79894,0.00156195,6.84e-05,330.28183,331.19962,6708.878,"spacetrack"
100424,"2026-09-06 17:37:04.724+00",0.0010798,15.798936,0.00208057,7.79e-05,330.2193,331.26453,6708.879,"spacetrack"
100425,"2026-09-01 22:14:34.415+00",-0.0049998,15.816692,-0.00921917,0.0001509,324.70816,326.73138,6703.857,"spacetrack"
100425,"2026-09-02 21:00:51.335+00",0.00046957,15.798402,0.00088616,5.9e-05,330.49713,331.28882,6709.03,"spacetrack"
100425,"2026-09-03 21:18:24.473+00",0.00066358,15.798714,0.00126249,0.0001003,330.13193,331.47772,6708.942,"spacetrack"
100425,"2026-09-04 23:07:03.634+00",0.00075223,15.798679,0.00143474,9.71e-05,330.16312,331.466,6708.9517,"spacetrack"
100425,"2026-09-05 20:22:25.133+00",0.0010134,15.799002,0.00194984,8.8e-05,330.13287,331.31366,6708.8604,"spacetrack"
100425,"2026-09-06 17:37:47.063+00",0.0011111,15.798895,0.00214229,0.0001227,329.93042,331.57678,6708.8906,"spacetrack"
100426,"2026-09-01 22:18:15.565+00",-0.0054564,15.806299,-0.00954991,0.0002228,327.164,330.15256,6706.7954,"spacetrack"
100426,"2026-09-02 22:35:47.988+00",0.00081267,15.798813,0.00155369,8.65e-05,330.19638,331.35703,6708.9136,"spacetrack"
100426,"2026-09-03 21:22:15.566+00",0.00094948,15.798897,0.00182284,8.78e-05,330.1639,331.342,6708.89,"spacetrack"
100426,"2026-09-04 20:08:42.969+00",0.00094759,15.798808,0.00181837,9.09e-05,330.1682,331.3879,6708.915,"spacetrack"
100426,"2026-09-05 20:26:16.134+00",0.00063822,15.798733,0.00121336,9.79e-05,330.14267,331.45627,6708.9365,"spacetrack"
100426,"2026-09-06 17:41:38.181+00",0.0010326,15.798799,0.00198589,0.0001308,329.90326,331.65833,6708.918,"spacetrack"
100427,"2026-09-01 22:15:35.256+00",-0.004993,15.8183155,-0.00927139,0.000155,324.2223,326.30035,6703.3984,"spacetrack"
100427,"2026-09-02 22:32:56.597+00",0.00070481,15.798465,0.00134107,0.0001059,330.16467,331.58563,6709.012,"spacetrack"
100427,"2026-09-03 21:19:23.582+00",0.0010249,15.799014,0.00197273,9.64e-05,330.07303,331.3665,6708.857,"spacetrack"
100427,"2026-09-04 20:05:51.028+00",0.00073441,15.798734,0.00140037,9.83e-05,330.1395,331.45847,6708.936,"spacetrack"
100427,"2026-09-05 20:23:24.278+00",0.00094332,15.798957,0.00181122,0.0001257,329.8927,331.5793,6708.873,"spacetrack"
100427,"2026-09-06 17:38:46.325+00",0.0010204,15.798835,0.00196212,0.0001276,329.9144,331.6265,6708.907,"spacetrack"
100428,"2026-09-01 22:20:24.141+00",-0.0043038,15.80499,-0.00765317,9.72e-05,328.37677,329.68063,6707.1655,"spacetrack"
100428,"2026-09-02 22:37:58.301+00",0.00069522,15.798939,0.00132537,0.0001672,329.6193,331.86273,6708.878,"spacetrack"
100428,"2026-09-03 21:24:25.939+00",0.0005327,15.798584,0.00100855,0.0001841,329.60632,332.07657,6708.9785,"spacetrack"
100428,"2026-09-04 20:10:53.284+00",0.00059017,15.798571,0.00111944,0.0001067,330.12936,331.56107,6708.9824,"spacetrack"
100428,"2026-09-05 20:28:26.458+00",0.0010198,15.798991,0.00196233,0.0001112,329.9801,331.47214,6708.8633,"spacetrack"
100428,"2026-09-06 19:14:54.152+00",0.0011574,15.799088,0.00223626,0.0001231,329.8732,331.52493,6708.836,"spacetrack"
100429,"2026-09-01 22:17:16.596+00",-0.004727,15.816405,-0.00874937,4.48e-05,325.50058,326.10126,6703.938,"spacetrack"
100429,"2026-09-02 22:34:41.896+00",0.00076545,15.798944,0.00146231,0.0001132,329.97992,331.4988,6708.8765,"spacetrack"
100429,"2026-09-03 21:21:09.12+00",0.00097623,15.798888,0.0018755,5.83e-05,330.36417,331.14642,6708.892,"spacetrack"
100429,"2026-09-04 20:07:36.624+00",0.00091246,15.7988,0.00174923,5.14e-05,330.4355,331.12515,6708.9175,"spacetrack"
100429,"2026-09-05 20:25:09.828+00",0.00099351,15.799011,0.00191068,5.72e-05,330.33682,331.1043,6708.8574,"spacetrack"
100429,"2026-09-06 19:11:37.45+00",0.00092387,15.7988,0.00177167,5.9e-05,330.3843,331.17596,6708.917,"spacetrack"
100430,"2026-09-01 22:17:52.271+00",-0.0052735,15.817845,-0.00971597,9.42e-05,324.76254,326.02548,6703.5312,"spacetrack"
100430,"2026-09-02 21:04:07.729+00",0.00041982,15.798294,0.00079025,9.44e-05,330.29028,331.55695,6709.0605,"spacetrack"
100430,"2026-09-03 21:21:40.782+00",0.00099425,15.79893,0.00191141,8.19e-05,330.19415,331.29306,6708.8804,"spacetrack"
100430,"2026-09-04 20:08:08.256+00",0.0010942,15.798872,0.00210854,9.5e-05,330.12268,331.39737,6708.897,"spacetrack"
100430,"2026-09-05 20:25:41.391+00",0.0009809,15.799005,0.00188572,9.2e-05,330.10516,331.3396,6708.8594,"spacetrack"
100430,"2026-09-06 19:12:08.892+00",0.00089245,15.798915,0.00171083,8.88e-05,330.15195,331.34344,6708.885,"spacetrack"
100431,"2026-09-01 22:24:23.428+00",-0.0023799,15.800011,-0.00430133,7.86e-05,329.91037,330.96494,6708.5747,"spacetrack"
100431,"2026-09-02 22:41:57.368+00",0.00069869,15.798739,0.00133088,5.37e-05,330.43713,331.15768,6708.9346,"spacetrack"
100431,"2026-09-03 21:28:24.684+00",0.0010437,15.799065,0.00201033,4.33e-05,330.41492,330.99588,6708.8423,"spacetrack"
100431,"2026-09-04 20:14:52.288+00",0.00090327,15.798788,0.00173108,7.02e-05,330.31284,331.25476,6708.921,"spacetrack"
100431,"2026-09-05 20:32:25.394+00",0.00080453,15.79891,0.00153847,5.15e-05,330.40366,331.09467,6708.886,"spacetrack"
100431,"2026-09-06 17:47:47.309+00",0.0010221,15.798926,0.00196633,6.11e-05,330.33472,331.15454,6708.882,"spacetrack"
100432,"2026-09-01 22:21:16.208+00",-0.0049074,15.811457,-0.0088651,0.0001027,326.5111,327.8884,6705.337,"spacetrack"
100432,"2026-09-02 22:38:47.322+00",0.00078932,15.798739,0.00150753,0.0001406,329.85428,331.7408,6708.9346,"spacetrack"
100432,"2026-09-03 21:25:14.674+00",0.00098829,15.798915,0.00189949,0.0001151,329.97562,331.52002,6708.885,"spacetrack"
100432,"2026-09-04 20:11:42.128+00",0.00093893,15.798767,0.00180098,0.0001058,330.07983,331.49945,6708.927,"spacetrack"
100432,"2026-09-05 20:29:15.282+00",0.00072307,15.798839,0.00137895,0.0001095,330.03473,331.504,6708.9062,"spacetrack"
100432,"2026-09-06 19:16:50.091+00",-0.005499,15.769881,-0.00827262,8.79e-05,338.38913,339.57,6717.1167,"spacetrack"
100433,"2026-09-01 22:24:31.766+00",0.0012291,15.822539,0.0026114,0.0003082,322.00256,326.13382,6702.205,"spacetrack"
100433,"2026-09-02 22:41:13.351+00",0.0010408,15.822157,0.00219669,0.0003445,321.8673,326.4852,6702.3135,"spacetrack"
100433,"2026-09-03 19:55:50.071+00",0.0008178,15.822003,0.00171475,0.0003665,321.76318,326.67603,6702.3564,"spacetrack"
100433,"2026-09-04 18:41:31.22+00",0.0105,15.836999,0.02729993,0.0009556,313.58743,326.3889,6698.125,"spacetrack"
100433,"2026-09-05 22:00:31.628+00",0.00067663,15.822215,0.00141492,0.0003947,321.51443,326.80524,6702.297,"spacetrack"
100433,"2026-09-06 22:18:12.725+00",-0.0022736,15.796521,-0.00398306,0.0003569,329.0309,333.8202,6709.5625,"spacetrack"
100434,"2026-09-01 20:52:34.298+00",0.0006939,15.821694,0.00144831,0.0004415,321.34778,327.26605,6702.444,"spacetrack"
100434,"2026-09-02 22:40:19.039+00",0.00092436,15.822049,0.00194413,0.0003925,321.576,326.83734,6702.3438,"spacetrack"
100434,"2026-09-03 18:23:52.958+00",0.00091177,15.822077,0.00191729,0.0003957,321.54657,326.8508,6702.3354,"spacetrack"
100434,"2026-09-04 21:42:40.337+00",0.00051476,15.821651,0.00106863,0.0003458,322.0013,326.63675,6702.456,"spacetrack"
100434,"2026-09-05 17:26:14.176+00",0.0011157,15.822074,0.00235842,0.0003639,321.7605,326.63846,6702.3364,"spacetrack"
100434,"2026-09-06 17:42:56.161+00",0.00093531,15.8221,0.00196816,0.0003848,321.61334,326.77145,6702.3296,"spacetrack"
100435,"2026-09-01 22:24:46.824+00",0.0011276,15.822368,0.00238777,0.0003987,321.44458,326.78897,6702.254,"spacetrack"
100435,"2026-09-02 22:41:28.675+00",0.0010892,15.822353,0.00230386,0.0003584,321.7187,326.5229,6702.258,"spacetrack"
100435,"2026-09-03 21:27:08.155+00",0.00101,15.822169,0.00213004,0.0003635,321.73627,326.60886,6702.3096,"spacetrack"
100435,"2026-09-04 20:12:31.981+00",0.00065346,15.821716,0.00136229,0.0003623,321.87222,326.72882,6702.4375,"spacetrack"
100435,"2026-09-05 18:58:11.149+00",0.00077874,15.822061,0.0016316,0.000371,321.71686,326.69,6702.3403,"spacetrack"
100435,"2026-09-06 17:44:20.445+00",-0.0059337,15.802887,-0.00998804,0.0003938,326.98215,332.26517,6707.7607,"spacetrack"
100436,"2026-09-01 22:28:55.778+00",0.00083393,15.822133,0.00175041,0.0003746,321.67224,326.69363,6702.32,"spacetrack"
100436,"2026-09-02 22:45:37.768+00",0.0011155,15.82222,0.00235959,0.0003392,321.88486,326.43167,6702.2954,"spacetrack"
100436,"2026-09-03 21:31:17.019+00",0.00083531,15.822005,0.0017524,0.0003981,321.55078,326.8872,6702.356,"spacetrack"
100436,"2026-09-04 23:19:01.476+00",0.00053395,15.821762,0.00110978,0.0003893,321.6784,326.8969,6702.425,"spacetrack"
100436,"2026-09-05 22:04:40.471+00",0.0006348,15.822115,0.0013253,0.0003893,321.57867,326.79712,6702.3247,"spacetrack"
100436,"2026-09-06 07:10:57.925+00",0.00059944,15.820995,0.00124375,0.0004172,321.70782,327.3005,6702.641,"spacetrack"
100437,"2026-09-01 22:29:18.916+00",0.0010992,15.822357,0.00232639,0.0004898,320.83676,327.4023,6702.2563,"spacetrack"
100437,"2026-09-02 22:46:01.013+00",0.00079786,15.821983,0.00167201,0.0003982,321.55637,326.89413,6702.3623,"spacetrack"
100437,"2026-09-03 21:31:40.282+00",0.0012416,15.822241,0.00263593,0.0004862,320.89377,327.41107,6702.2896,"spacetrack"
100437,"2026-09-04 18:46:16.916+00",0.00087459,15.822012,0.00183657,0.0003496,321.87405,326.56033,6702.354,"spacetrack"
100437,"2026-09-05 22:05:03.286+00",0.0010556,15.82266,0.00223413,0.0003787,321.49582,326.57205,6702.171,"spacetrack"
100437,"2026-09-06 16:17:35.08+00",0.00094987,15.821498,0.00199422,0.0004605,321.27582,327.44882,6702.4995,"spacetrack"
100438,"2026-09-01 22:29:31.483+00",0.00075353,15.822146,0.00157839,0.0003746,321.66833,326.68973,6702.316,"spacetrack"
100438,"2026-09-02 22:46:13.602+00",0.0010996,15.82219,0.00232464,0.0003614,321.74463,326.58905,6702.3037,"spacetrack"
100438,"2026-09-03 21:31:52.769+00",0.00090268,15.822034,0.00189742,0.0004154,321.42685,326.99518,6702.348,"spacetrack"
100438,"2026-09-04 23:19:36.745+00",0.00087773,15.822215,0.00184563,0.0004696,321.0123,327.3071,6702.297,"spacetrack"
100438,"2026-09-05 22:05:16.268+00",0.00089781,15.822279,0.00188902,0.0003872,321.54648,326.73672,6702.279,"spacetrack"
100438,"2026-09-06 23:53:00.865+00",0.00087911,15.822049,0.00184669,0.00037,321.72675,326.6865,6702.3438,"spacetrack"
100439,"2026-09-01 22:30:22.535+00",0.00072573,15.822112,0.00151874,0.0003623,321.76065,326.61716,6702.3257,"spacetrack"
100439,"2026-09-02 22:47:04.51+00",0.0011149,15.822256,0.00235864,0.000367,321.6884,326.60788,6702.285,"spacetrack"
100439,"2026-09-03 21:32:43.821+00",0.00091199,15.822144,0.0019182,0.0003551,321.80005,326.56003,6702.317,"spacetrack"
100439,"2026-09-04 20:18:22.811+00",0.0011664,15.822138,0.00247013,0.0004561,321.12457,327.23843,6702.3184,"spacetrack"
100439,"2026-09-05 22:06:07.365+00",0.00046403,15.821934,0.00096326,0.0003848,321.66022,326.81836,6702.3765,"spacetrack"
100439,"2026-09-06 14:47:36.351+00",0.0011304,15.822191,0.00239185,0.0003685,321.69672,326.63632,6702.3037,"spacetrack"
100440,"2026-09-01 20:59:49.681+00",0.00072602,15.821987,0.0015184,0.0003454,321.90918,326.53915,6702.3613,"spacetrack"
100440,"2026-09-02 22:47:34.135+00",0.0010246,15.8221655,0.00216158,0.0003626,321.7434,326.6039,6702.3105,"spacetrack"
100440,"2026-09-03 21:33:13.339+00",0.0011963,15.822242,0.00253633,0.0004143,321.3753,326.92883,6702.289,"spacetrack"
100440,"2026-09-04 20:18:52.294+00",0.0010096,15.822211,0.00212955,0.0003356,321.91153,326.4101,6702.298,"spacetrack"
100440,"2026-09-05 22:06:36.842+00",0.00036794,15.821867,0.00076123,0.0003743,321.74924,326.76663,6702.395,"spacetrack"
100440,"2026-09-06 23:54:21.948+00",0.0011067,15.821957,0.00233782,0.0004176,321.43393,327.03174,6702.3696,"spacetrack"
100441,"2026-09-01 22:33:16.817+00",0.0010407,15.822294,0.00219782,0.0003614,321.71512,326.55954,6702.2744,"spacetrack"
100441,"2026-09-02 22:49:58.629+00",0.001061,15.822237,0.00224135,0.0003676,321.68982,326.61734,6702.2905,"spacetrack"
100441,"2026-09-03 21:35:37.948+00",0.00097088,15.822131,0.00204504,0.0003413,321.8958,326.47083,6702.3203,"spacetrack"
100441,"2026-09-04 21:52:19.853+00",0.0010678,15.822093,0.00225454,0.0003687,321.72314,326.66547,6702.3315,"spacetrack"
100441,"2026-09-05 22:09:01.413+00",0.00087419,15.822294,0.0018383,0.0003856,321.55298,326.72177,6702.2744,"spacetrack"
100441,"2026-09-06 23:56:44.57+00",-0.0045793,15.817412,-0.00839311,0.0002187,324.05017,326.98236,6703.6533,"spacetrack"
100442,"2026-09-01 22:32:24.83+00",0.0011647,15.822306,0.00246849,0.0004637,321.02628,327.24197,6702.271,"spacetrack"
100442,"2026-09-02 22:49:06.901+00",0.0010135,15.821842,0.00213444,0.0003904,321.64838,326.88162,6702.402,"spacetrack"
100442,"2026-09-03 21:34:45.915+00",0.00074145,15.82198,0.00155127,0.0003461,321.9063,326.5457,6702.363,"spacetrack"
100442,"2026-09-04 18:49:22.386+00",0.0008194,15.821761,0.00171647,0.0004336,321.38177,327.19412,6702.425,"spacetrack"
100442,"2026-09-05 22:08:09.322+00",0.00080498,15.822198,0.00168895,0.0003959,321.51123,326.8181,6702.302,"spacetrack"
100442,"2026-09-06 19:22:44.581+00",0.0015201,15.82338,0.00326761,0.0003524,321.46878,326.19232,6701.968,"spacetrack"
100443,"2026-09-01 22:35:10.061+00",0.0008196,15.822146,0.0017197,0.0003522,321.8187,326.53983,6702.3164,"spacetrack"
100443,"2026-09-02 18:18:45.052+00",0.01368,15.835142,0.0359423,0.0010859,313.23752,327.78564,6698.6484,"spacetrack"
100443,"2026-09-03 21:37:31.181+00",0.00093421,15.822109,0.00196587,0.0003821,321.62854,326.75046,6702.3267,"spacetrack"
100443,"2026-09-04 17:21:05.177+00",0.0010641,15.822405,0.00224975,0.000356,321.72025,326.49225,6702.243,"spacetrack"
100443,"2026-09-05 20:39:52.214+00",0.0010678,15.822327,0.00225717,0.0003852,321.54654,326.70996,6702.265,"spacetrack"
100443,"2026-09-06 23:58:39.366+00",0.0013041,15.824454,0.00280388,0.0006102,319.4382,327.6169,6701.6646,"spacetrack"
100444,"2026-09-01 22:33:05.039+00",0.00065542,15.82215,0.00136915,0.0003287,321.9751,326.3812,6702.315,"spacetrack"
100444,"2026-09-02 22:49:46.803+00",0.001277,15.822489,0.0027164,0.0004253,321.232,326.93292,6702.219,"spacetrack"
100444,"2026-09-03 21:35:26.235+00",0.00097331,15.822217,0.00205098,0.0002955,322.17862,326.13968,6702.2964,"spacetrack"
100444,"2026-09-04 17:19:00.23+00",0.0016833,15.822999,0.00362754,0.0003755,321.42184,326.4551,6702.0757,"spacetrack"
100444,"2026-09-05 22:08:49.709+00",0.00059348,15.822097,0.00123756,0.0004035,321.48886,326.8976,6702.33,"spacetrack"
100444,"2026-09-06 23:56:34.633+00",0.00091144,15.822008,0.00191578,0.000355,321.83875,326.5974,6702.355,"spacetrack"
100445,"2026-09-01 21:04:18.251+00",0.0011488,15.822424,0.00243469,0.0003806,321.54987,326.6516,6702.238,"spacetrack"
100445,"2026-09-02 22:52:02.554+00",0.0010202,15.822211,0.0021525,0.0003618,321.7359,326.5857,6702.298,"spacetrack"
100445,"2026-09-03 21:37:41.818+00",0.00086079,15.822074,0.00180753,0.0003668,321.7411,326.65793,6702.3364,"spacetrack"
100445,"2026-09-04 21:54:13.263+00",0.001986,15.827047,0.00440132,0.0004793,319.5838,326.0073,6700.9326,"spacetrack"
100445,"2026-09-05 07:00:40.238+00",-0.014196,15.809844,-0.02394608,0.0005254,324.1323,331.17874,6705.7925,"spacetrack"
100445,"2026-09-06 23:58:39.961+00",-0.0022283,15.824255,-0.00441765,0.0004845,320.3366,326.8306,6701.7207,"spacetrack"
100446,"2026-09-01 22:37:02.074+00",0.0010486,15.82233,0.00221587,0.0004466,321.13403,327.12048,6702.264,"spacetrack"
100446,"2026-09-02 22:53:44.005+00",0.001208,15.822244,0.00256198,0.0003989,321.4781,326.8252,6702.2886,"spacetrack"
100446,"2026-09-03 21:39:23.213+00",0.0010527,15.822228,0.00222352,0.0004407,321.2022,327.1096,6702.293,"spacetrack"
100446,"2026-09-04 18:53:59.859+00",0.000759,15.82167,0.001587,0.0004949,320.99683,327.6309,6702.4507,"spacetrack"
100446,"2026-09-05 22:12:46.19+00",-2.4628e-05,15.821881,-5.327e-05,0.0005036,320.87863,327.6293,6702.391,"spacetrack"
100446,"2026-09-06 17:57:57.236+00",-0.0063326,15.783882,-0.00980348,0.0005153,331.5477,338.46628,6713.144,"spacetrack"
100447,"2026-09-01 22:38:51.44+00",0.00093356,15.822259,0.00196611,0.0004352,321.23044,327.0641,6702.284,"spacetrack"
100447,"2026-09-02 22:55:33.639+00",0.001162,15.82188,0.00245711,0.00041,321.50616,327.00214,6702.391,"spacetrack"
100447,"2026-09-03 21:41:12.42+00",0.00079988,15.82214,0.00167749,0.0003785,321.6443,326.71796,6702.3184,"spacetrack"
100447,"2026-09-04 21:57:54.591+00",0.00069887,15.821816,0.0014596,0.0004104,321.52155,327.0229,6702.409,"spacetrack"
100447,"2026-09-05 20:43:33.293+00",0.0011454,15.822625,0.00242951,0.0003684,321.57474,326.5129,6702.1807,"spacetrack"
100447,"2026-09-06 19:29:13.113+00",0.00084749,15.822077,0.00177902,0.0003685,321.72885,326.6685,6702.3354,"spacetrack"
100448,"2026-09-01 22:40:58.542+00",0.0011666,15.822552,0.00247519,0.000417,321.2697,326.85938,6702.2017,"spacetrack"
100448,"2026-09-02 22:57:40.477+00",0.00089534,15.82227,0.00188363,0.0003906,321.5261,326.76193,6702.2812,"spacetrack"
100448,"2026-09-03 21:43:20.083+00",0.0010677,15.822224,0.00225604,0.0004082,321.42142,326.89316,6702.2944,"spacetrack"
100448,"2026-09-04 22:00:02.013+00",0.00082376,15.821943,0.00172717,0.0004037,321.53076,326.94226,6702.3735,"spacetrack"
100448,"2026-09-05 20:45:39.249+00",0.0012846,15.823623,0.00274786,0.0003796,321.21814,326.30624,6701.8994,"spacetrack"
100448,"2026-09-06 22:33:25.721+00",0.00050984,15.821884,0.00105955,0.000393,321.61917,326.88727,6702.39,"spacetrack"
100449,"2026-09-01 22:32:37.632+00",0.00076264,15.822237,0.00159851,0.0003616,321.72992,326.57703,6702.2905,"spacetrack"
100449,"2026-09-02 22:49:21.087+00",-0.00021087,15.820569,-0.00043185,0.0003786,322.08698,327.1623,6702.7617,"spacetrack"
100449,"2026-09-03 21:34:58.964+00",0.00087019,15.822091,0.00182788,0.0003727,321.6969,326.6928,6702.332,"spacetrack"
100449,"2026-09-04 21:51:40.77+00",0.0014472,15.82206,0.00308576,0.0004144,321.42618,326.98108,6702.341,"spacetrack"
100449,"2026-09-05 14:33:09.641+00",0.0012248,15.822321,0.00259973,0.0004138,321.35635,326.90314,6702.2666,"spacetrack"
100449,"2026-09-06 19:22:59.444+00",0.0010339,15.822171,0.00218193,0.0003761,321.65128,326.69275,6702.309,"spacetrack"
100450,"2026-09-01 22:41:54.225+00",0.0011351,15.822559,0.00240619,0.0003735,321.55914,326.5657,6702.199,"spacetrack"
100450,"2026-09-02 22:58:36.508+00",0.00061294,15.821796,0.00127693,0.0003736,321.77393,326.78195,6702.415,"spacetrack"
100450,"2026-09-03 21:44:15.665+00",0.0011066,15.822281,0.00234109,0.0003795,321.5977,326.68472,6702.2783,"spacetrack"
100450,"2026-09-04 18:58:52.47+00",0.0013541,15.821387,0.00287098,0.0004099,321.64612,327.14087,6702.5303,"spacetrack"
100450,"2026-09-05 14:42:26.374+00",0.0013129,15.822421,0.00279434,0.0004049,321.3879,326.8154,6702.239,"spacetrack"
100450,"2026-09-06 21:03:18.657+00",0.00087243,15.822147,0.00183323,0.0003794,321.6361,326.72183,6702.316,"spacetrack"
100451,"2026-09-01 22:42:10.952+00",0.0011192,15.822396,0.00236976,0.0003929,321.47516,326.7418,6702.2456,"spacetrack"
100451,"2026-09-02 22:58:52.878+00",0.0012606,15.822265,0.00267752,0.0004193,321.33536,326.9559,6702.2827,"spacetrack"
100451,"2026-09-03 21:44:32.173+00",0.0011879,15.822278,0.0025188,0.0004636,321.0347,327.24905,6702.279,"spacetrack"
100451,"2026-09-04 22:01:13.896+00",0.0014059,15.822043,0.00299392,0.0003528,321.84354,326.5727,6702.345,"spacetrack"
100451,"2026-09-05 16:13:45.605+00",0.00087729,15.821921,0.00184256,0.0005493,320.56113,327.92438,6702.38,"spacetrack"
100451,"2026-09-06 22:34:37.463+00",0.00092163,15.8224125,0.0019415,0.0003702,321.62274,326.58508,6702.2407,"spacetrack"
100452,"2026-09-01 22:43:03.1+00",0.001032,15.82233,0.00217948,0.0003886,321.52277,326.73175,6702.264,"spacetrack"
100452,"2026-09-02 22:59:44.84+00",0.00089897,15.822211,0.00189087,0.0003793,321.61862,326.703,6702.298,"spacetrack"
100452,"2026-09-03 21:45:24.291+00",0.0012159,15.822189,0.00257851,0.0004026,321.46872,326.86542,6702.304,"spacetrack"
100452,"2026-09-04 22:02:06.317+00",0.00071228,15.821972,0.00148932,0.0004339,321.32028,327.1366,6702.365,"spacetrack"
100452,"2026-09-05 17:45:40.094+00",0.0011112,15.822208,0.00235054,0.0004537,321.12067,327.20233,6702.2983,"spacetrack"
100452,"2026-09-06 21:04:27.362+00",0.0011152,15.822376,0.00236079,0.0003661,321.66058,326.568,6702.2515,"spacetrack"
100453,"2026-09-01 19:41:51.799+00",0.00088893,15.822179,0.00186902,0.0003876,321.57217,326.7678,6702.307,"spacetrack"
100453,"2026-09-02 23:00:38.614+00",0.001194,15.822471,0.00253401,0.0004121,321.32568,326.84967,6702.2246,"spacetrack"
100453,"2026-09-03 21:46:18.143+00",0.0010339,15.822206,0.00218244,0.0004105,321.41104,326.91364,6702.2993,"spacetrack"
100453,"2026-09-04 22:02:59.952+00",0.00064651,15.821849,0.00134833,0.0003391,321.99045,326.536,6702.4004,"spacetrack"
100453,"2026-09-05 17:46:33.993+00",0.0011506,15.82224,0.00243702,0.0004894,320.87253,327.43274,6702.2896,"spacetrack"
100453,"2026-09-06 22:37:23.994+00",-0.005196,15.793643,-0.00853262,0.0004664,329.11102,335.37048,6710.378,"spacetrack"
100454,"2026-09-01 22:45:00.81+00",0.0011783,15.82253,0.00250042,0.0003835,321.50046,326.64105,6702.208,"spacetrack"
100454,"2026-09-02 23:01:42.9+00",0.00087776,15.822027,0.0018438,0.000419,321.40457,327.02112,6702.3496,"spacetrack"
100454,"2026-09-03 21:47:22.189+00",0.00085391,15.822038,0.00179243,0.0003625,321.78027,326.63947,6702.3467,"spacetrack"
100454,"2026-09-04 22:04:03.829+00",0.00081102,15.8221855,0.00170167,0.0003596,321.75806,326.57837,6702.305,"spacetrack"
100454,"2026-09-05 14:45:32.808+00",0.0012819,15.822401,0.00272589,0.0003859,321.5208,326.6936,6702.244,"spacetrack"
100454,"2026-09-06 18:03:54.373+00",0.028155,15.880978,0.06201348,0.0037726,282.39368,332.83902,6685.7534,"spacetrack"
100455,"2026-09-01 22:45:11.461+00",0.00087471,15.822249,0.00183928,0.0004397,321.2031,327.09708,6702.287,"spacetrack"
100455,"2026-09-02 23:01:53.369+00",0.0010469,15.822269,0.00221121,0.0003835,321.5742,326.71484,6702.2817,"spacetrack"
100455,"2026-09-03 21:47:32.747+00",0.00060768,15.82189,0.0012663,0.0003556,321.8681,326.63483,6702.3887,"spacetrack"
100455,"2026-09-04 22:04:14.485+00",0.0008535,15.822106,0.00179216,0.0003673,321.7286,326.65213,6702.327,"spacetrack"
100455,"2026-09-05 17:47:58.944+00",0.00056895,15.817562,0.00116014,0.00019,324.2004,326.74777,6703.611,"spacetrack"
100455,"2026-09-06 21:12:09.745+00",-0.0077593,15.74673,-0.01030485,0.0003899,342.94037,348.1835,6723.6987,"spacetrack"
100456,"2026-09-01 22:45:22.121+00",0.0010102,15.822346,0.00213253,0.0004331,321.22018,327.02567,6702.26,"spacetrack"
100456,"2026-09-02 23:02:03.624+00",0.0011624,15.82259,0.00246644,0.0004217,321.22763,326.88025,6702.191,"spacetrack"
100456,"2026-09-03 21:47:43.306+00",0.0011812,15.822246,0.00250388,0.0004887,320.87576,327.42657,6702.288,"spacetrack"
100456,"2026-09-04 22:04:25.752+00",0.00055981,15.821423,0.0011624,0.0003459,322.06506,326.70187,6702.5205,"spacetrack"
100456,"2026-09-05 22:21:42.322+00",-0.0085146,15.79781,-0.01399002,0.0004792,327.84558,334.2757,6709.1978,"spacetrack"
100456,"2026-09-06 21:12:09.914+00",-0.0084393,15.746424,-0.01110249,0.0003987,342.96817,348.3297,6723.786,"spacetrack"
100457,"2026-09-01 22:47:51.039+00",0.00060283,15.821947,0.00125641,0.0003758,321.71658,326.7541,6702.3726,"spacetrack"
100457,"2026-09-02 23:04:32.777+00",0.00087398,15.822134,0.00183642,0.0003767,321.6578,326.70734,6702.32,"spacetrack"
100457,"2026-09-03 21:50:12.085+00",0.00091259,15.82216,0.00191977,0.0003865,321.58502,326.76593,6702.3125,"spacetrack"
100457,"2026-09-04 22:06:54.192+00",0.0006853,15.821803,0.0014305,0.0003639,321.83704,326.71506,6702.413,"spacetrack"
100457,"2026-09-05 17:50:27.953+00",0.0010124,15.822062,0.00213491,0.0005002,320.8506,327.5556,6702.3403,"spacetrack"
100457,"2026-09-06 18:07:09.894+00",0.0011738,15.822377,0.00248837,0.0003327,321.88406,326.34372,6702.251,"spacetrack"
100458,"2026-09-01 22:48:33.086+00",0.0011158,15.822411,0.00236251,0.0003998,321.42502,326.78412,6702.2417,"spacetrack"
100458,"2026-09-02 23:05:14.662+00",0.00099624,15.822399,0.00210275,0.0003982,321.43903,326.7767,6702.2446,"spacetrack"
100458,"2026-09-03 21:50:54.256+00",0.00093411,15.822194,0.00196651,0.0004002,321.48352,326.84805,6702.3027,"spacetrack"
100458,"2026-09-04 22:07:36.376+00",0.0008281,15.821891,0.00173593,0.000378,321.7179,326.78488,6702.388,"spacetrack"
100458,"2026-09-05 17:51:10.254+00",0.0011121,15.822064,0.0023514,0.0005357,320.61188,327.7928,6702.3394,"spacetrack"
100458,"2026-09-06 21:09:57.323+00",0.0013076,15.822659,0.00278522,0.0002414,322.41656,325.65237,6702.1714,"spacetrack"
100459,"2026-09-01 22:48:46.875+00",0.00080545,15.822346,0.00169113,0.0003937,321.48428,326.76166,6702.26,"spacetrack"
100459,"2026-09-02 23:05:28.899+00",0.00099219,15.8223,0.00209291,0.000379,321.59573,326.67606,6702.273,"spacetrack"
100459,"2026-09-03 21:51:08.309+00",0.0011773,15.822306,0.00249581,0.0004296,321.25485,327.01343,6702.271,"spacetrack"
100459,"2026-09-04 22:07:50.333+00",0.00067605,15.821828,0.00141104,0.000381,321.71548,326.82272,6702.4062,"spacetrack"
100459,"2026-09-05 17:51:24.174+00",0.0011393,15.822195,0.00241207,0.0005023,320.7987,327.53183,6702.3022,"spacetrack"
100459,"2026-09-06 22:40:58.213+00",-0.00070764,15.824407,-0.0014525,0.0004139,320.76712,326.3148,6701.6777,"spacetrack"
100473,"2026-09-01 15:54:53.814+00",-0.00072501,16.024137,-0.00442304,0.0001103,267.00366,268.46973,6645.8735,"spacetrack"
100473,"2026-09-02 15:53:24.644+00",7.6605e-05,15.998786,0.00036475,0.0001477,273.77255,275.73782,6652.892,"spacetrack"
100473,"2026-09-03 17:24:46.142+00",-0.0013563,15.963767,-0.00585412,0.0001713,283.3397,285.62228,6662.618,"spacetrack"
100473,"2026-09-04 22:00:03.853+00",0.00092205,15.931459,0.0032931,5.97e-05,293.0872,293.8838,6671.6226,"spacetrack"
100473,"2026-09-05 16:06:14.854+00",-0.0037253,15.888368,-0.00968523,5.52e-05,305.17416,305.91205,6683.68,"spacetrack"
100473,"2026-09-06 16:17:20.54+00",-0.00065205,15.862213,-0.00163583,0.0001508,311.8789,313.8969,6691.025,"spacetrack"
100474,"2026-09-01 15:52:26.133+00",-0.00083734,16.026785,-0.00518086,9.54e-05,266.37057,267.63846,6645.1416,"spacetrack"
100474,"2026-09-02 15:50:43.903+00",-0.0011464,15.998424,-0.00600486,0.0001398,273.92566,275.78583,6652.9927,"spacetrack"
100474,"2026-09-03 17:21:50.06+00",-0.0018822,15.96629,-0.00821061,4.89e-05,283.4534,284.10495,6661.916,"spacetrack"
100474,"2026-09-04 15:55:55.402+00",-0.0023332,15.926151,-0.00820879,6.1e-05,294.56088,295.375,6673.105,"spacetrack"
100474,"2026-09-05 16:04:01.774+00",-0.0033967,15.883861,-0.00873265,0.0001761,305.63004,307.98447,6684.9443,"spacetrack"
100474,"2026-09-06 16:16:20.078+00",-0.0038912,15.836646,-0.00799929,0.0001101,319.35,320.82495,6698.2246,"spacetrack"
100475,"2026-09-01 15:53:13.296+00",-0.0007501,16.025778,-0.00461913,0.0001587,266.22852,268.33777,6645.42,"spacetrack"
100475,"2026-09-02 17:21:36.874+00",-0.0011151,15.995251,-0.00573926,0.0001888,274.4792,276.9917,6653.8726,"spacetrack"
100475,"2026-09-03 15:52:44.518+00",-0.0016032,15.96584,-0.00698716,9.38e-05,283.2794,284.5292,6662.0415,"spacetrack"
100475,"2026-09-04 15:56:52.803+00",-0.0021165,15.930997,-0.00764285,8.01e-05,293.0803,294.1491,6671.7515,"spacetrack"
100475,"2026-09-05 14:33:04.77+00",-0.00062491,15.912816,-0.00208269,0.0001164,297.91843,299.47278,6676.8325,"spacetrack"
100475,"2026-09-06 16:13:17.697+00",-0.0039334,15.863669,-0.00910027,5.26e-05,312.1267,312.83057,6690.6157,"spacetrack"
100476,"2026-09-01 23:24:32.633+00",0.0011792,16.024971,0.00711546,0.0001509,266.50336,268.509,6645.643,"spacetrack"
100476,"2026-09-02 15:54:04.343+00",-0.00037737,15.996441,-0.00198486,0.0005594,271.68356,279.12753,6653.5425,"spacetrack"
100476,"2026-09-03 17:25:21.32+00",-0.0013472,15.966688,-0.00590799,0.0001685,282.5459,284.79092,6661.805,"spacetrack"
100476,"2026-09-04 22:01:03.763+00",-0.00047196,15.919614,-0.00163829,0.0004165,294.01453,299.57477,6674.9316,"spacetrack"
100476,"2026-09-05 23:40:11.168+00",0.00099193,15.885701,0.00291991,6.21e-05,305.87595,306.70615,6684.428,"spacetrack"
100476,"2026-09-06 16:19:08.421+00",-0.0040887,15.840157,-0.00849743,8.05e-05,318.5586,319.63684,6697.235,"spacetrack"
100477,"2026-09-01 15:56:35.707+00",-0.00074705,16.0205,-0.00446055,0.0001411,267.8043,269.68005,6646.8794,"spacetrack"
100477,"2026-09-02 15:55:26.702+00",-0.00038332,15.994069,-0.00198914,0.0005717,272.25894,279.86737,6654.2,"spacetrack"
100477,"2026-09-03 17:27:07.035+00",-0.00065198,15.960782,-0.00279055,0.0001987,283.9878,286.63583,6663.4487,"spacetrack"
100477,"2026-09-04 22:02:54.514+00",-0.00043596,15.921749,-0.00153303,0.0004854,292.958,299.43744,6674.335,"spacetrack"
100477,"2026-09-06 16:21:23.222+00",-0.0040224,15.837217,-0.00826797,0.0001714,318.77832,321.0744,6698.0635,"spacetrack"
100478,"2026-09-01 15:56:03.836+00",-0.00077601,16.021666,-0.00466281,5.41e-05,268.0603,268.77945,6646.5566,"spacetrack"
100478,"2026-09-02 12:54:11.554+00",0.0073869,16.036337,0.03722043,0.0013548,255.36604,273.36456,6642.5024,"spacetrack"
100478,"2026-09-03 17:26:25.782+00",-0.0020213,15.958562,-0.00845186,0.0001719,284.7843,287.0754,6664.067,"spacetrack"
100478,"2026-09-04 22:02:53.974+00",0.0019511,15.919623,0.00657514,0.0003041,294.76224,298.82193,6674.929,"spacetrack"
100478,"2026-09-05 04:05:09.411+00",-0.00078724,15.898828,-0.00234866,0.0001158,301.8376,303.38483,6680.748,"spacetrack"
100478,"2026-09-06 16:21:46.608+00",-0.0041589,15.837901,-0.00854637,0.0001074,319.01428,320.453,6697.8706,"spacetrack"
100479,"2026-09-01 17:26:59.83+00",-0.00082813,16.017742,-0.00486042,3.31e-05,269.2855,269.72556,6647.6426,"spacetrack"
100479,"2026-09-02 15:56:05.778+00",-0.00036998,15.992994,-0.00190898,0.000515,272.9343,279.78842,6654.4985,"spacetrack"
100479,"2026-09-03 17:27:51.978+00",-0.0010251,15.959725,-0.00433957,0.0001352,284.70486,286.50674,6663.7427,"spacetrack"
100479,"2026-09-04 16:01:58.114+00",-0.0029904,15.928531,-0.01062652,5.8e-05,293.91632,294.69034,6672.4404,"spacetrack"
100479,"2026-09-05 23:43:09.878+00",0.0010443,15.881996,0.00302185,6.83e-05,306.8739,307.78714,6685.4673,"spacetrack"
100479,"2026-09-06 16:22:22.383+00",-0.004297,15.836053,-0.00873285,9.96e-05,319.5877,320.92203,6698.392,"spacetrack"
100480,"2026-09-01 15:57:47.583+00",-0.00077503,16.018148,-0.00456247,2.41e-05,269.23285,269.55328,6647.5303,"spacetrack"
100480,"2026-09-02 14:26:09.504+00",0.012613,16.045195,0.0602585,0.0006929,257.31995,266.52176,6640.0576,"spacetrack"
100480,"2026-09-03 15:58:35.007+00",-0.0023369,15.957426,-0.00969764,9.19e-05,285.63364,286.85855,6664.3833,"spacetrack"
100480,"2026-09-04 16:03:22.283+00",-0.0028706,15.921157,-0.00982309,3.21e-05,296.14902,296.5775,6674.5005,"spacetrack"
100480,"2026-09-05 23:44:36.073+00",-0.000224,15.878065,-0.00061971,0.0002734,306.60577,310.262,6686.571,"spacetrack"
100480,"2026-09-06 16:23:16.748+00",-0.0035854,15.840921,-0.00756944,0.0003467,316.56033,321.20404,6697.019,"spacetrack"
100481,"2026-09-01 15:58:56.596+00",-0.00078355,16.015608,-0.00454496,0.0001006,269.42682,270.76443,6648.2324,"spacetrack"
100481,"2026-09-02 12:58:09.274+00",-0.00037893,15.9933405,-0.00195517,4.24e-05,275.9832,276.5475,6654.4023,"spacetrack"
100481,"2026-09-03 17:30:22.494+00",-0.0018761,15.953461,-0.00763787,0.0001624,286.2678,288.43274,6665.4873,"spacetrack"
100481,"2026-09-04 14:34:21.774+00",-0.0023777,15.928641,-0.00847355,0.0001577,293.2201,295.32455,6672.409,"spacetrack"
100481,"2026-09-05 23:44:56.444+00",0.0021874,15.9039545,0.00679979,0.0002508,299.50018,302.85052,6679.3125,"spacetrack"
100481,"2026-09-06 16:22:31.302+00",-0.0037477,15.86087,-0.00860121,2.71e-05,313.0842,313.44687,6691.4023,"spacetrack"
100482,"2026-09-01 17:29:18.313+00",-0.00077415,16.01309,-0.004426,8.15e-05,270.25085,271.33463,6648.9297,"spacetrack"
100482,"2026-09-02 15:58:47.345+00",-0.0012066,15.98682,-0.00591793,0.0001075,277.35886,278.78995,6656.2114,"spacetrack"
100482,"2026-09-03 16:00:46.674+00",-0.0013939,15.95709,-0.00580127,0.0001291,285.4791,287.19986,6664.4766,"spacetrack"
100482,"2026-09-04 16:04:51.528+00",-0.0025299,15.935006,-0.00931412,9.17e-05,291.8839,293.1073,6670.633,"spacetrack"
100482,"2026-09-05 23:45:09.365+00",0.0020787,15.891417,0.00657423,3.84e-05,304.43167,304.94492,6682.825,"spacetrack"
100482,"2026-09-06 16:23:58.928+00",-0.0044129,15.842475,-0.00920436,0.0002335,316.88068,320.008,6696.5815,"spacetrack"
100483,"2026-09-01 15:58:20.224+00",-0.00080241,16.01692,-0.00468851,1.68e-05,269.62106,269.84445,6647.8696,"spacetrack"
100483,"2026-09-02 15:57:30.982+00",-0.00038496,15.990519,-0.00195764,0.0005174,273.60468,280.4915,6655.185,"spacetrack"
100483,"2026-09-03 17:29:39.142+00",-0.0015783,15.951766,-0.00637745,0.000177,286.64255,289.0023,6665.9595,"spacetrack"
100483,"2026-09-04 16:05:00.878+00",-0.0026472,15.911678,-0.00863684,0.0001742,297.8505,300.17682,6677.151,"spacetrack"
100483,"2026-09-05 23:47:35.531+00",-2.4849e-05,15.87414,-7.477e-05,0.0001487,308.5416,310.53052,6687.673,"spacetrack"
100483,"2026-09-06 20:58:56.506+00",0.0012864,15.841823,0.00306434,0.0002768,316.77457,320.4819,6696.765,"spacetrack"
100484,"2026-09-01 17:29:55.652+00",-0.0007974,16.011911,-0.00452653,1.8e-05,270.99918,271.23856,6649.256,"spacetrack"
100484,"2026-09-02 14:29:28.593+00",-0.00083361,15.988895,-0.00415211,0.000253,275.81467,279.1824,6655.6357,"spacetrack"
100484,"2026-09-03 16:01:32.805+00",-0.0015063,15.957309,-0.00627217,9.48e-05,285.64694,286.91052,6664.4155,"spacetrack"
100484,"2026-09-04 22:07:32.827+00",0.00088272,15.93224,0.00316561,0.0002843,291.37115,295.16452,6671.405,"spacetrack"
100484,"2026-09-05 16:12:21.861+00",-0.002582,15.909601,-0.00833647,0.0001134,298.83768,300.35217,6677.732,"spacetrack"
100484,"2026-09-06 16:20:09.621+00",-0.0040657,15.882374,-0.01020254,0.0002282,305.69888,308.75006,6685.3613,"spacetrack"
100485,"2026-09-01 16:00:41.025+00",-0.00074257,16.012152,-0.00422427,7.45e-05,270.55716,271.54788,6649.1895,"spacetrack"
100485,"2026-09-02 16:00:17.005+00",-0.0011827,15.984501,-0.00572921,0.00026,276.98764,280.44922,6656.8555,"spacetrack"
100485,"2026-09-03 16:02:28.144+00",-0.0014785,15.95447,-0.00606445,0.000139,286.14288,287.99582,6665.2065,"spacetrack"
100485,"2026-09-04 16:07:29.464+00",-0.0018924,15.922326,-0.00653926,5.09e-05,295.6969,296.37634,6674.174,"spacetrack"
100485,"2026-09-05 16:15:55.926+00",-0.0032136,15.879686,-0.00814126,6.4e-05,307.5509,308.40674,6686.1157,"spacetrack"
100485,"2026-09-06 21:01:29.298+00",-0.00025926,15.828585,-0.00056492,0.0001572,321.30826,323.4149,6700.4985,"spacetrack"
100486,"2026-09-01 16:01:18.409+00",-0.00076925,16.010893,-0.00434275,2.88e-05,271.20963,271.59262,6649.538,"spacetrack"
100486,"2026-09-02 16:01:01.137+00",-0.0011093,15.983522,-0.00534762,0.0002531,277.30515,280.67496,6657.127,"spacetrack"
100486,"2026-09-03 16:01:42.54+00",0.0077203,16.019506,0.03743316,0.0022963,253.7533,284.281,6647.1543,"spacetrack"
100486,"2026-09-04 16:06:51.412+00",-0.00011256,15.943583,-0.00046879,9.44e-05,289.47372,290.7327,6668.24,"spacetrack"
100486,"2026-09-05 23:44:04.523+00",0.00020812,15.919755,0.00067226,0.0002981,294.76538,298.74493,6674.892,"spacetrack"
100486,"2026-09-06 14:49:30.886+00",-0.003851,15.884359,-0.00980283,0.0001614,305.58847,307.74634,6684.804,"spacetrack"
100487,"2026-09-01 17:31:48.721+00",-0.00077601,16.00803,-0.00430928,9.5e-05,271.562,272.8256,6650.3306,"spacetrack"
100487,"2026-09-02 13:01:34.801+00",-0.00031497,15.987697,-0.00158115,0.0001129,277.07974,278.58264,6655.9683,"spacetrack"
100487,"2026-09-03 16:04:04.924+00",-0.002241,15.951867,-0.00903004,4.19e-05,287.51486,288.07346,6665.931,"spacetrack"
100487,"2026-09-04 22:12:02.328+00",-0.00055695,15.901071,-0.00175495,0.0004527,298.9588,305.00696,6680.12,"spacetrack"
100487,"2026-09-05 16:19:03.502+00",-0.0004389,15.88337,-0.00122999,9.49e-05,306.31036,307.5792,6685.0815,"spacetrack"
100487,"2026-09-06 14:59:49.449+00",-0.0047684,15.8461,-0.01001798,0.0001118,316.67468,318.1718,6695.56,"spacetrack"
100488,"2026-09-01 17:32:23.682+00",-0.00078613,16.006886,-0.00433625,6.04e-05,272.10934,272.91275,6650.648,"spacetrack"
100488,"2026-09-02 16:02:23.472+00",-0.0011572,15.981028,-0.00549829,0.000128,278.83057,280.53497,6657.82,"spacetrack"
100488,"2026-09-03 16:04:47.685+00",-0.0020967,15.952732,-0.00849333,9.14e-05,286.9441,288.16257,6665.6904,"spacetrack"
100488,"2026-09-04 16:09:52.109+00",-0.0018708,15.921961,-0.00645401,0.0002059,294.7643,297.5128,6674.2754,"spacetrack"
100488,"2026-09-05 01:12:14.993+00",0.001507,15.9226,0.00515345,8.53e-05,295.39072,296.5293,6674.097,"spacetrack"
100488,"2026-09-06 13:26:45.722+00",-0.0033941,15.872205,-0.00827755,0.0002456,308.437,311.72226,6688.217,"spacetrack"
100489,"2026-09-01 17:33:02.532+00",-0.00072146,16.005724,-0.00395696,0.0001195,272.0377,273.62726,6650.969,"spacetrack"
100489,"2026-09-02 14:32:21.678+00",0.003514,16.015223,0.01953703,0.0011558,262.51822,277.8865,6648.3394,"spacetrack"
100489,"2026-09-03 16:05:43.743+00",-0.0013801,15.950535,-0.00554615,0.0001623,287.0833,289.24722,6666.3022,"spacetrack"
100489,"2026-09-04 16:11:21.169+00",-0.0018433,15.915697,-0.00615752,0.0001342,296.9939,298.78574,6676.027,"spacetrack"
100489,"2026-09-05 16:20:54.905+00",-0.0036957,15.867042,-0.00873467,0.0001475,310.54376,312.5172,6689.6675,"spacetrack"
100489,"2026-09-06 13:32:47.04+00",-0.0048037,15.825271,-0.00922336,0.0001664,322.18182,324.41205,6701.434,"spacetrack"
100490,"2026-09-01 17:34:11.222+00",-0.00076204,16.003326,-0.00412007,5.33e-05,273.14243,273.85147,6651.634,"spacetrack"
100490,"2026-09-02 16:04:30.653+00",0.00099898,15.977103,0.00458753,0.0006086,276.7203,284.82553,6658.9097,"spacetrack"
100490,"2026-09-03 16:07:16.935+00",-0.0014748,15.948338,-0.00585593,0.0002841,286.88354,290.6717,6666.9146,"spacetrack"
100490,"2026-09-04 16:12:51.1+00",-0.0018308,15.916401,-0.00613773,5.33e-05,297.33698,298.04865,6675.8296,"spacetrack"
100490,"2026-09-05 16:21:50.782+00",-0.0033958,15.873424,-0.00832047,5.29e-05,309.3835,310.0911,6687.8745,"spacetrack"
100490,"2026-09-06 21:07:59.644+00",0.0012786,15.827661,0.00284115,0.0003516,320.26645,324.97842,6700.7593,"spacetrack"
100491,"2026-09-01 17:33:37.576+00",-0.00071784,16.004566,-0.00391133,0.000107,272.44153,273.86493,6651.29,"spacetrack"
100491,"2026-09-02 11:32:55.67+00",-0.00058069,15.984474,-0.00283322,0.0001638,277.63544,279.81622,6656.863,"spacetrack"
100491,"2026-09-03 16:06:20.755+00",8.1511e-05,15.956914,0.00030206,0.0002022,285.041,287.7361,6664.5254,"spacetrack"
100491,"2026-09-04 16:10:30.775+00",-0.0026714,15.93014,-0.00958309,5.48e-05,293.4884,294.21964,6671.991,"spacetrack"
100491,"2026-09-06 14:59:22.349+00",-0.0044073,15.84405,-0.00925353,0.0001536,316.97192,319.029,6696.1377,"spacetrack"
100492,"2026-09-01 17:34:40.453+00",-0.00077075,16.002274,-0.00414175,3.92e-05,273.5279,274.0494,6651.926,"spacetrack"
100492,"2026-09-02 16:05:03.878+00",-0.0011381,15.976477,-0.00527371,0.0001329,280.06207,281.83206,6659.084,"spacetrack"
100492,"2026-09-03 16:07:46.523+00",-0.00039816,15.9538765,-0.00165622,0.0001663,286.12598,288.3429,6665.3716,"spacetrack"
100492,"2026-09-04 16:13:03.126+00",-0.00094405,15.914601,-0.00315629,0.0001004,297.5259,298.86655,6676.333,"spacetrack"
100492,"2026-09-05 07:18:21.561+00",-0.0035386,15.887382,-0.00920693,0.0001056,305.11383,306.52548,6683.9565,"spacetrack"
100492,"2026-09-06 13:31:55.377+00",-0.0036788,15.85221,-0.00814174,0.0001865,314.4541,316.9509,6693.8394,"spacetrack"
100493,"2026-09-01 17:35:44.19+00",-0.00078018,16.000051,-0.00413934,9.5e-06,274.34106,274.46747,6652.5415,"spacetrack"
100493,"2026-09-02 11:36:03.47+00",0.00017991,15.979526,0.00080949,0.0006108,276.0332,284.1669,6658.237,"spacetrack"
100493,"2026-09-03 16:09:14.573+00",0.00064591,15.953027,0.00258194,0.0002544,285.77545,289.1669,6665.6084,"spacetrack"
100493,"2026-09-04 16:14:37.62+00",-0.0029805,15.913242,-0.00979009,6.32e-05,298.15417,298.9981,6676.7134,"spacetrack"
100493,"2026-09-05 16:24:08.681+00",-0.003643,15.867763,-0.00865035,0.0001694,310.19476,312.46115,6689.465,"spacetrack"
100493,"2026-09-06 21:10:50.505+00",0.0011721,15.822134,0.00252854,0.0004162,321.39322,326.97223,6702.32,"spacetrack"
100494,"2026-09-01 16:05:14.354+00",-0.00080213,16.00257,-0.00431602,7.84e-05,273.1852,274.2282,6651.8438,"spacetrack"
100494,"2026-09-02 16:05:39.812+00",0.00036943,15.977064,0.00167261,0.0001918,279.5066,282.06094,6658.921,"spacetrack"
100494,"2026-09-03 16:08:45.967+00",-0.0022755,15.94241,-0.00872036,0.0002035,289.0729,291.78702,6668.567,"spacetrack"
100494,"2026-09-04 16:15:27.239+00",-0.003042,15.899824,-0.00849969,6.02e-05,301.92993,302.73428,6680.469,"spacetrack"
100494,"2026-09-05 14:55:15.799+00",-0.0039596,15.8593025,-0.00898017,8.52e-05,313.13638,314.27667,6691.8438,"spacetrack"
100494,"2026-09-06 15:09:49.19+00",-0.0042944,15.812262,-0.00787764,7.81e-05,326.4483,327.49564,6705.109,"spacetrack"
100495,"2026-09-01 17:36:54.689+00",-0.00076245,15.997634,-0.00399131,7.5e-05,274.5756,275.57355,6653.2114,"spacetrack"
100495,"2026-09-02 14:37:34.364+00",-0.001118,15.974427,-0.00512714,0.0003862,278.94476,284.08868,6659.654,"spacetrack"
100495,"2026-09-03 16:11:06.137+00",-0.0019861,15.938794,-0.00747586,0.0001254,290.60223,292.27496,6669.5757,"spacetrack"
100495,"2026-09-04 16:17:18.585+00",-0.002494,15.910797,-0.0081043,0.0001359,298.35284,300.16776,6677.3975,"spacetrack"
100495,"2026-09-05 16:27:09.875+00",-0.0037929,15.863656,-0.00880857,0.0001561,311.438,313.5268,6690.6196,"spacetrack"
100495,"2026-09-06 15:09:01.185+00",-0.0046755,15.835146,-0.00938841,0.0001112,319.76553,321.2553,6698.6475,"spacetrack"
100496,"2026-09-01 16:06:22.25+00",-0.0008692,16.000023,-0.00460613,9.63e-05,273.7718,275.05307,6652.5493,"spacetrack"
100496,"2026-09-02 11:36:00.773+00",-0.00025953,15.978603,-0.00124587,0.0001769,279.17822,281.534,6658.493,"spacetrack"
100496,"2026-09-03 16:10:02.976+00",0.00026474,15.951062,0.00102644,0.0002454,286.38254,289.6543,6666.1553,"spacetrack"
100496,"2026-09-04 16:14:41.866+00",-0.0011968,15.933701,-0.00440579,0.0001353,291.95743,293.7626,6670.997,"spacetrack"
100496,"2026-09-05 16:22:06.406+00",-0.0033885,15.890928,-0.00900552,0.0002749,302.9879,306.6622,6682.962,"spacetrack"
100496,"2026-09-06 13:31:55.354+00",-0.0036489,15.852248,-0.00808267,0.0001879,314.4339,316.94943,6693.8286,"spacetrack"
100497,"2026-09-01 16:07:31.563+00",-0.00080001,15.997862,-0.00419139,0.0001059,274.30673,275.71588,6653.1484,"spacetrack"
100497,"2026-09-02 16:08:17.645+00",0.0010932,15.976167,0.00498685,0.0001928,279.74945,282.31723,6659.1704,"spacetrack"
100497,"2026-09-03 16:11:51.141+00",-0.0022443,15.938644,-0.00843208,0.0001417,290.5352,292.42535,6669.617,"spacetrack"
100497,"2026-09-04 16:18:11.048+00",-0.0030227,15.904697,-0.00864622,7.4e-05,300.47308,301.4616,6679.1045,"spacetrack"
100497,"2026-09-05 16:27:14.91+00",-0.0035485,15.878523,-0.00886968,0.0002203,306.8324,309.77844,6686.4424,"spacetrack"
100497,"2026-09-06 13:40:55.148+00",-0.0050334,15.81769,-0.00931551,0.0001844,324.20193,326.67422,6703.575,"spacetrack"
100498,"2026-09-01 16:08:04.628+00",-0.00080944,15.996615,-0.00421082,0.0001505,274.35556,276.35828,6653.494,"spacetrack"
100498,"2026-09-02 11:38:00.972+00",-0.00022078,15.97507,-0.00104509,0.0001639,280.24658,282.42953,6659.475,"spacetrack"
100498,"2026-09-03 16:12:38.207+00",-0.0022629,15.936566,-0.00840809,4.82e-05,291.73856,292.38156,6670.1973,"spacetrack"
100498,"2026-09-04 16:18:51.066+00",-0.0030783,15.907149,-0.00889266,7.98e-05,299.7482,300.81406,6678.418,"spacetrack"
100498,"2026-09-05 16:28:55.07+00",-0.0038077,15.8614855,-0.00875527,0.0001763,311.91293,314.27225,6691.2295,"spacetrack"
100498,"2026-09-06 13:41:12.165+00",-0.004955,15.819794,-0.00926688,0.0001802,323.6358,326.05157,6702.9805,"spacetrack"
100499,"2026-09-01 16:08:36.363+00",-0.00077349,15.995544,-0.00400168,0.0001896,274.3925,276.91562,6653.791,"spacetrack"
100499,"2026-09-02 11:38:38.825+00",-0.00014829,15.973999,-0.0007096,0.0001688,280.51157,282.75992,6659.773,"spacetrack"
100499,"2026-09-03 16:13:17.251+00",-0.0012331,15.939185,-0.00467021,8.22e-05,290.7813,291.87775,6669.4663,"spacetrack"
100499,"2026-09-04 22:20:30.998+00",-0.00079249,15.915678,-0.00267356,0.0005332,294.33548,301.4548,6676.032,"spacetrack"
100499,"2026-09-05 16:27:14.767+00",-0.0035479,15.878608,-0.00887094,0.0002023,306.92883,309.63416,6686.4185,"spacetrack"
100500,"2026-09-01 14:39:08.211+00",-0.00076472,15.9960575,-0.00396797,0.0001478,274.52823,276.49506,6653.6484,"spacetrack"
100500,"2026-09-02 11:39:15.554+00",9.2531e-05,15.972748,0.00038228,0.0001752,280.8167,283.15042,6660.1206,"spacetrack"
100500,"2026-09-03 16:13:55.01+00",-0.0019264,15.939504,-0.00728045,0.0001538,290.21497,292.26645,6669.378,"spacetrack"
100500,"2026-09-04 16:20:56.115+00",-0.0031402,15.89563,-0.00858214,0.0001237,302.68063,304.33368,6681.644,"spacetrack"
100500,"2026-09-05 16:31:40.729+00",-0.00074511,15.863204,-0.00187214,0.00011,311.87338,313.34534,6690.7466,"spacetrack"
100500,"2026-09-06 15:14:12.917+00",-0.0050937,15.825341,-0.00972279,0.0001105,322.53644,324.01746,6701.414,"spacetrack"
100501,"2026-09-01 16:09:31.2+00",-0.00076886,15.993614,-0.00393444,0.0001125,275.4407,276.93793,6654.326,"spacetrack"
100501,"2026-09-02 16:10:46.233+00",-0.0011978,15.966432,-0.00525066,7.2e-05,283.2601,284.21942,6661.877,"spacetrack"
100501,"2026-09-03 16:14:40.694+00",-0.0024032,15.933178,-0.00876791,9.19e-05,292.39273,293.61887,6671.1426,"spacetrack"
100501,"2026-09-04 16:22:11.888+00",-0.0030158,15.890721,-0.00808397,0.0001111,304.14072,305.62567,6683.02,"spacetrack"
100501,"2026-09-05 16:33:37.65+00",-0.0042397,15.847102,-0.00905305,0.0001015,316.46133,317.82047,6695.278,"spacetrack"
100501,"2026-09-06 21:22:34.97+00",6.0053e-05,15.798853,0.00010653,0.0001342,329.8651,331.66577,6708.9023,"spacetrack"
100502,"2026-09-01 23:32:56.234+00",-0.0019064,15.971368,-0.00832911,0.0004369,279.45712,285.27707,6660.504,"spacetrack"
100502,"2026-09-02 19:06:50.572+00",-0.0022664,15.940276,-0.00837799,0.0004988,287.69876,294.3519,6669.162,"spacetrack"
100502,"2026-09-03 20:45:23.892+00",-0.0016121,15.902099,-0.00490374,0.0004254,298.8534,304.53662,6679.832,"spacetrack"
100502,"2026-09-04 20:56:19.891+00",0.0026105,15.883898,0.00722029,0.0008176,301.33124,312.26245,6684.934,"spacetrack"
100502,"2026-09-05 19:39:35.662+00",-0.002625,15.833218,-0.00537063,0.0004891,317.7778,324.33096,6699.1914,"spacetrack"
100502,"2026-09-06 22:58:18.431+00",0.0010159,15.821446,0.00213535,0.0003109,322.29315,326.46075,6702.514,"spacetrack"
100503,"2026-09-01 22:02:43.388+00",-0.0027943,15.975237,-0.01242366,0.0003466,278.98355,283.59985,6659.4287,"spacetrack"
100503,"2026-09-02 20:37:27.627+00",0.00078686,15.946034,0.00299826,0.0009208,283.28018,295.55914,6667.5566,"spacetrack"
100503,"2026-09-03 19:14:03.964+00",0.001163,15.930089,0.00408298,0.0010866,286.61847,301.11807,6672.0054,"spacetrack"
100503,"2026-09-04 16:24:14.861+00",-0.0018707,15.878698,-0.00479892,0.0004242,305.4198,311.09253,6686.393,"spacetrack"
100503,"2026-09-05 02:59:50.57+00",-0.0026724,15.8608,-0.00618334,0.0004381,310.35397,316.21698,6691.4224,"spacetrack"
100503,"2026-09-06 00:13:02.333+00",-0.0034617,15.826466,-0.00675099,0.0003869,320.36694,325.55225,6701.0967,"spacetrack"
100504,"2026-09-01 14:31:58.331+00",0.00094252,16.002052,0.00487409,0.0003365,271.6117,276.08847,6651.9873,"spacetrack"
100504,"2026-09-02 23:38:18.738+00",0.0028985,15.9476,0.01108779,0.0009612,282.5746,295.39145,6667.12,"spacetrack"
100504,"2026-09-03 20:45:57.756+00",-0.0022211,15.899462,-0.00666088,0.0005497,298.76135,306.106,6680.571,"spacetrack"
100504,"2026-09-04 22:28:37.791+00",-0.0035519,15.856834,-0.00790679,0.0004152,311.6223,317.17978,6692.538,"spacetrack"
100504,"2026-09-05 22:44:12.703+00",-0.0007913,15.822291,-0.00160511,0.0003925,321.50754,326.76883,6702.2754,"spacetrack"
100504,"2026-09-06 23:00:54.908+00",0.00072904,15.822048,0.00152547,0.0003973,321.54413,326.8698,6702.3438,"spacetrack"
100505,"2026-09-01 20:33:43.269+00",-0.0015597,15.975498,-0.00697983,0.0004696,278.09183,284.34628,6659.356,"spacetrack"
100505,"2026-09-02 20:38:28.744+00",-7.9669e-05,15.937675,-0.00030348,0.000573,287.92877,295.57245,6669.8877,"spacetrack"
100505,"2026-09-03 20:46:42.343+00",-0.0022861,15.900145,-0.00688241,0.0006576,297.84937,306.6354,6680.3794,"spacetrack"
100505,"2026-09-04 22:29:18.105+00",-0.0037193,15.857572,-0.00827365,0.0003939,311.55746,316.82968,6692.3306,"spacetrack"
100505,"2026-09-05 22:44:46.451+00",-0.0011029,15.822421,-0.00222197,0.0003917,321.47632,326.72687,6702.239,"spacetrack"
100505,"2026-09-06 21:30:26.633+00",0.00085174,15.822096,0.00178849,0.0004188,321.3866,327.00046,6702.3306,"spacetrack"
100506,"2026-09-01 22:07:20.398+00",-0.0010936,15.960719,-0.00452278,0.0004037,282.6392,288.0193,6663.4663,"spacetrack"
100506,"2026-09-02 22:13:23.192+00",-0.0023154,15.923126,-0.0078222,0.0003018,293.7987,297.82712,6673.9497,"spacetrack"
100506,"2026-09-03 20:52:15.584+00",-0.0028629,15.886335,-0.0074112,0.0003826,303.55573,308.6705,6684.25,"spacetrack"
100506,"2026-09-04 21:05:16.945+00",-0.0030739,15.846299,-0.00659907,0.0004082,314.6338,320.1,6695.504,"spacetrack"
100506,"2026-09-05 21:21:34.304+00",0.00064471,15.821754,0.0013444,0.0004797,321.07474,327.50504,6702.427,"spacetrack"
100506,"2026-09-06 21:38:16.057+00",0.00080418,15.822004,0.00168584,0.0004288,321.3454,327.09335,6702.3564,"spacetrack"
100507,"2026-09-01 20:41:22.546+00",-0.0018322,15.950645,-0.0071629,0.0004716,284.99084,291.27844,6666.2715,"spacetrack"
100507,"2026-09-02 19:17:54.461+00",-0.0023029,15.912125,-0.0073567,0.0003985,296.228,301.5496,6677.026,"spacetrack"
100507,"2026-09-03 20:59:08.144+00",-0.0026972,15.872736,-0.00659077,0.0005175,306.46948,313.39163,6688.0674,"spacetrack"
100507,"2026-09-04 22:44:23.3+00",-0.0039127,15.829833,-0.00767866,0.0005323,318.4429,325.57587,6700.1465,"spacetrack"
100507,"2026-09-05 23:01:04.426+00",0.00078439,15.82199,0.0016432,0.0003833,321.65442,326.79245,6702.3604,"spacetrack"
100507,"2026-09-06 23:17:46.666+00",0.00071685,15.821921,0.00149874,0.0004414,321.2842,327.20108,6702.38,"spacetrack"
100508,"2026-09-01 22:04:43.864+00",-0.0018571,15.972885,-0.00818148,0.0004057,279.24323,284.64722,6660.082,"spacetrack"
100508,"2026-09-02 22:09:43.713+00",-0.0020829,15.935326,-0.00750197,0.0003433,290.11627,294.69626,6670.5435,"spacetrack"
100508,"2026-09-03 20:47:30.048+00",-0.0010312,15.897404,-0.00306944,0.0004118,300.25882,305.7614,6681.147,"spacetrack"
100508,"2026-09-04 22:30:09.53+00",-0.0038884,15.85651,-0.00857514,0.0003769,311.96988,317.0148,6692.6294,"spacetrack"
100508,"2026-09-05 22:45:45.067+00",-0.00054238,15.822211,-0.00110675,0.0003825,321.59708,326.72433,6702.298,"spacetrack"
100508,"2026-09-06 21:31:24.525+00",0.00075654,15.822135,0.00158473,0.000372,321.6891,326.67563,6702.3193,"spacetrack"
100509,"2026-09-01 22:12:26.54+00",-0.0021028,15.94669,-0.00803861,0.0003222,287.0887,291.3852,6667.374,"spacetrack"
100509,"2026-09-02 22:20:07.413+00",-0.012454,15.88965,-0.02969336,0.0003639,302.75134,307.61548,6683.3203,"spacetrack"
100509,"2026-09-03 21:00:07.087+00",-0.0019662,15.87304,-0.00489762,0.0003568,307.4587,312.23123,6687.982,"spacetrack"
100509,"2026-09-04 21:14:02.884+00",-0.0042513,15.835579,-0.00848925,0.000432,317.49457,323.28207,6698.5254,"spacetrack"
100509,"2026-09-05 19:59:36.692+00",0.00094749,15.822143,0.00199486,0.0003919,321.55368,326.80698,6702.3174,"spacetrack"
100509,"2026-09-06 23:18:30.62+00",-0.0033914,15.815249,-0.00630753,0.0003866,323.53574,328.71948,6704.2646,"spacetrack"
100510,"2026-09-01 22:12:25.969+00",-0.003047,15.947983,-0.01169978,0.0004386,285.9524,291.80072,6667.0137,"spacetrack"
100510,"2026-09-02 20:49:31.857+00",-0.0024458,15.90999,-0.00772465,0.0003441,297.1883,301.7838,6677.623,"spacetrack"
100510,"2026-09-03 21:00:19.621+00",-0.0028074,15.871265,-0.00678743,0.0003241,308.17572,312.5112,6688.4805,"spacetrack"
100510,"2026-09-04 07:36:11.584+00",-0.0035142,15.852785,-0.00768639,0.0003424,313.2487,317.83252,6693.6777,"spacetrack"
100510,"2026-09-05 23:02:30.141+00",0.0007097,15.821999,0.00148379,0.0003674,321.75842,326.68332,6702.358,"spacetrack"
100510,"2026-09-06 23:19:12.48+00",0.00076717,15.821949,0.00160663,0.0005109,320.81067,327.65915,6702.372,"spacetrack"
100511,"2026-09-01 22:12:37.443+00",-0.0029386,15.947848,-0.01127795,0.000408,286.1938,291.6341,6667.051,"spacetrack"
100511,"2026-09-02 22:20:17.163+00",-0.0024086,15.90694,-0.00749096,0.0003264,298.15976,302.51947,6678.4766,"spacetrack"
100511,"2026-09-03 21:00:32.195+00",-0.0030217,15.870232,-0.00723922,0.0004824,307.40738,313.8607,6688.771,"spacetrack"
100511,"2026-09-04 15:11:16.733+00",-0.026122,15.813795,-0.04267361,0.0006416,322.2369,330.84036,6704.676,"spacetrack"
100511,"2026-09-05 21:31:43.581+00",0.00066732,15.8219795,0.00139383,0.0004711,321.0688,327.38376,6702.3633,"spacetrack"
100511,"2026-09-06 23:19:28.073+00",0.00081722,15.822128,0.00171459,0.0003858,321.59863,326.77014,6702.3213,"spacetrack"
100512,"2026-09-01 17:41:41.85+00",-0.015566,15.933119,-0.05852084,0.0007031,288.33188,297.71286,6671.159,"spacetrack"
100512,"2026-09-02 22:20:28.082+00",-0.0018791,15.906467,-0.00583665,0.0002718,298.65677,302.28726,6678.609,"spacetrack"
100512,"2026-09-03 21:00:44.48+00",-0.0029526,15.87022,-0.00707985,0.0003492,308.30154,312.973,6688.7744,"spacetrack"
100512,"2026-09-04 18:12:48.04+00",0.0016449,15.851512,0.00407517,0.0004656,312.7824,319.0159,6694.036,"spacetrack"
100512,"2026-09-05 21:31:57.287+00",0.0005557,15.821928,0.00115643,0.0003319,322.01633,326.46536,6702.378,"spacetrack"
100512,"2026-09-06 23:19:41.552+00",0.00057006,15.821513,0.00118457,0.0003643,321.9162,326.79965,6702.495,"spacetrack"
100513,"2026-09-01 23:46:42.438+00",-0.0022169,15.932964,-0.00788501,0.0003835,290.50708,295.6239,6671.2026,"spacetrack"
100513,"2026-09-02 19:23:29.342+00",-0.00099994,15.898069,-0.00298629,0.0003504,300.48257,305.16458,6680.9604,"spacetrack"
100513,"2026-09-03 05:58:07.876+00",-0.0031407,15.882266,-0.00792804,0.000505,303.8787,310.63092,6685.3916,"spacetrack"
100513,"2026-09-04 21:20:49.281+00",-0.0026924,15.827633,-0.00536351,0.000412,319.8695,325.39096,6700.767,"spacetrack"
100513,"2026-09-05 23:08:35.331+00",0.00089708,15.8221655,0.00188642,0.0003839,321.6007,326.74673,6702.3105,"spacetrack"
100513,"2026-09-06 23:25:17.347+00",0.00083321,15.822037,0.00174799,0.0003532,321.84274,326.5773,6702.347,"spacetrack"
100514,"2026-09-01 22:16:56.669+00",-0.00036766,15.930305,-0.00130329,0.0004032,291.1178,296.49808,6671.945,"spacetrack"
100514,"2026-09-02 22:25:32.855+00",0.0015225,15.907343,0.00474041,0.0007827,294.99985,305.45416,6678.364,"spacetrack"
100514,"2026-09-03 21:07:18.619+00",-0.0037446,15.853929,-0.00819212,0.0004067,312.49652,317.9409,6693.3555,"spacetrack"
100514,"2026-09-04 03:10:56.389+00",-0.0038704,15.844102,-0.00808621,0.0004262,315.13223,320.84003,6696.123,"spacetrack"
100514,"2026-09-05 23:10:51.198+00",0.00078495,15.821925,0.00164378,0.0003533,321.8737,326.6096,6702.3784,"spacetrack"
100514,"2026-09-06 23:28:42.835+00",-0.0046533,15.793189,-0.00770068,0.0004911,329.07367,335.66473,6710.5063,"spacetrack"
100515,"2026-09-01 22:17:27.923+00",0.00059351,15.924088,0.00200425,0.0003468,293.22992,297.8588,6673.681,"spacetrack"
100515,"2026-09-02 19:24:28.723+00",0.0052882,15.947175,0.02012114,0.0023356,273.5297,304.6737,6667.239,"spacetrack"
100515,"2026-09-03 18:05:59.412+00",0.0010875,15.878696,0.00294262,0.0012611,299.8246,316.689,6686.3936,"spacetrack"
100515,"2026-09-04 19:51:50.894+00",-0.0017928,15.8280525,-0.0036504,0.0005284,318.97107,326.05234,6700.649,"spacetrack"
100515,"2026-09-05 23:10:39.474+00",0.00079625,15.822127,0.00166967,0.0003888,321.57877,326.7905,6702.322,"spacetrack"
100515,"2026-09-06 23:27:21.581+00",0.00091479,15.822164,0.00192456,0.0003946,321.5297,326.81915,6702.3115,"spacetrack"
100516,"2026-09-01 22:18:01.876+00",0.001075,15.926017,0.00367529,0.0003515,292.6597,297.35092,6673.142,"spacetrack"
100516,"2026-09-02 22:26:57.663+00",-0.0028221,15.891281,-0.0081127,0.0005195,301.25436,308.19788,6682.8633,"spacetrack"
100516,"2026-09-03 18:06:50.513+00",-0.0018466,15.861137,-0.0043662,0.0004068,310.46857,315.91266,6691.3276,"spacetrack"
100516,"2026-09-04 21:24:10.345+00",-0.00036564,15.82232,-0.00075028,0.0003622,321.7026,326.55774,6702.267,"spacetrack"
100516,"2026-09-05 23:11:55.655+00",0.00070858,15.8216305,0.00147876,0.0003512,321.97107,326.67886,6702.462,"spacetrack"
100516,"2026-09-06 23:28:37.083+00",0.00087986,15.822082,0.00184899,0.0004597,321.11646,327.2786,6702.3345,"spacetrack"
100517,"2026-09-01 22:18:32.59+00",-0.0022146,15.930685,-0.00778441,0.0003973,291.051,296.35245,6671.839,"spacetrack"
100517,"2026-09-02 23:58:14.894+00",-0.0028208,15.88709,-0.00733346,0.0003182,303.77475,308.02847,6684.0386,"spacetrack"
100517,"2026-09-03 18:06:19.158+00",0.001105,15.888633,0.00324815,0.0003889,302.8696,308.0681,6683.606,"spacetrack"
100517,"2026-09-04 22:56:03.029+00",0.00078124,15.82228,0.00163889,0.0004301,321.25882,327.02414,6702.2783,"spacetrack"
100517,"2026-09-05 21:41:41.701+00",-4.1116e-05,15.821687,-8.705e-05,0.0003793,321.7667,326.85117,6702.446,"spacetrack"
100517,"2026-09-06 23:29:27.309+00",0.00064756,15.821902,0.00135097,0.0003633,321.81308,326.68304,6702.3853,"spacetrack"
100518,"2026-09-01 20:49:29.985+00",-0.0020203,15.929517,-0.0070646,0.0004823,290.8101,297.24606,6672.165,"spacetrack"
100518,"2026-09-02 17:57:14.254+00",-0.0012882,15.891799,-0.00372463,0.0004013,301.89908,307.26263,6682.718,"spacetrack"
100518,"2026-09-03 21:11:16.349+00",-0.0024476,15.851603,-0.00545721,0.000333,313.6445,318.10272,6694.0107,"spacetrack"
100518,"2026-09-04 21:27:05.382+00",0.00029425,15.82168,0.00060663,0.0003558,321.92624,326.6957,6702.4478,"spacetrack"
100518,"2026-09-05 23:14:49.052+00",0.000772,15.821896,0.00161603,0.0003967,321.591,326.9087,6702.3867,"spacetrack"
100518,"2026-09-06 23:31:31.194+00",0.00084193,15.822093,0.00176739,0.0004101,321.44556,326.9428,6702.331,"spacetrack"
100519,"2026-09-01 22:20:29.62+00",-0.0022932,15.925869,-0.00786034,0.0003914,292.43478,297.65854,6673.1836,"spacetrack"
100519,"2026-09-02 05:53:02.711+00",-0.0027715,15.912787,-0.00887478,0.0004388,295.77365,301.63324,6676.8403,"spacetrack"
100519,"2026-09-03 21:11:57.723+00",-0.0023265,15.850849,-0.00518533,0.0003749,313.57596,318.59528,6694.2227,"spacetrack"
100519,"2026-09-04 21:27:40.252+00",-0.00023583,15.822584,-0.00048684,0.0003502,321.7084,326.40262,6702.1924,"spacetrack"
100519,"2026-09-05 23:15:25.317+00",0.0010464,15.822561,0.00221317,0.0003654,321.61295,326.51093,6702.1987,"spacetrack"
100519,"2026-09-06 23:32:07.268+00",0.00083588,15.822098,0.00175448,0.0004189,321.38525,327.00046,6702.33,"spacetrack"
100520,"2026-09-01 22:20:29.838+00",-0.0043389,15.928366,-0.01498008,0.0003159,292.24152,296.4572,6672.4863,"spacetrack"
100520,"2026-09-02 17:57:16.054+00",0.0011992,15.917687,0.00395836,0.0013394,288.39194,306.2742,6675.47,"spacetrack"
100520,"2026-09-03 21:12:24.94+00",-0.0024147,15.849004,-0.00532767,0.0004453,313.62408,319.58643,6694.742,"spacetrack"
100520,"2026-09-04 21:28:16.69+00",-0.00040943,15.821799,-0.00083699,0.0003697,321.79916,326.7549,6702.414,"spacetrack"
100520,"2026-09-05 23:16:02.148+00",0.00068345,15.821972,0.00142761,0.0003352,321.9819,326.47516,6702.3657,"spacetrack"
100520,"2026-09-06 23:32:44.209+00",0.00082865,15.82206,0.00173859,0.0004032,321.50122,326.90598,6702.341,"spacetrack"
100521,"2026-09-01 20:50:57.815+00",-0.0021711,15.926489,-0.00747074,0.0004753,291.70187,298.04526,6673.0107,"spacetrack"
100521,"2026-09-02 21:00:18.617+00",-0.0028255,15.886196,-0.00731607,0.0003588,303.75385,308.5505,6684.289,"spacetrack"
100521,"2026-09-03 22:44:13.724+00",-0.0033813,15.844183,-0.0071481,0.000547,314.30038,321.62592,6696.1,"spacetrack"
100521,"2026-09-04 21:29:32.957+00",0.00068289,15.821696,0.00142471,0.0003823,321.74384,326.8685,6702.4434,"spacetrack"
100521,"2026-09-05 23:17:17+00",0.00083042,15.822104,0.00174271,0.0003893,321.58185,326.8003,6702.328,"spacetrack"
100521,"2026-09-06 23:33:58.929+00",0.00088157,15.822216,0.00185388,0.0004675,321.0261,327.29272,6702.2964,"spacetrack"
100522,"2026-09-01 22:21:25.066+00",-0.0022929,15.925505,-0.0078468,0.0004643,292.0502,298.247,6673.2856,"spacetrack"
100522,"2026-09-02 13:27:11.25+00",0.0013076,15.90621,0.00404631,0.0007428,295.583,305.50485,6678.681,"spacetrack"
100522,"2026-09-03 22:44:26.341+00",-0.003793,15.843775,-0.00792549,0.0004052,315.36496,320.79156,6696.2153,"spacetrack"
100522,"2026-09-04 21:29:45.434+00",0.001253,15.8215,0.00265098,0.0003808,321.80942,326.91403,6702.4985,"spacetrack"
100522,"2026-09-05 23:19:04.202+00",-0.0044102,15.787921,-0.00716754,0.0004404,330.90607,336.818,6711.999,"spacetrack"
100522,"2026-09-06 23:39:56.886+00",0.00049804,15.775864,0.00083735,0.0003442,334.97,339.5929,6715.4185,"spacetrack"
100523,"2026-09-01 20:55:06.461+00",0.0012642,15.923703,0.00428717,0.0009524,289.2958,302.00803,6673.789,"spacetrack"
100523,"2026-09-02 16:33:22.512+00",-0.0032098,15.880347,-0.00801614,0.0004847,304.55258,311.0339,6685.93,"spacetrack"
100523,"2026-09-03 21:19:53.277+00",-0.004633,15.831829,-0.00902761,0.0003576,319.05026,323.8418,6699.583,"spacetrack"
100523,"2026-09-04 21:36:34.895+00",0.00046543,15.82174,0.00096528,0.0003658,321.84216,326.74567,6702.431,"spacetrack"
100523,"2026-09-05 20:22:13.871+00",0.00092638,15.822271,0.00195046,0.0003705,321.66052,326.62692,6702.281,"spacetrack"
100523,"2026-09-06 23:41:01.327+00",0.00083555,15.822056,0.00175351,0.0004368,321.27716,327.13232,6702.342,"spacetrack"
100524,"2026-09-01 22:26:09.235+00",0.0023124,15.904987,0.00710537,0.0007218,296.0655,305.7073,6679.0234,"spacetrack"
100524,"2026-09-02 22:36:57.078+00",-0.0031993,15.870347,-0.00763445,0.0004638,307.4994,313.70386,6688.739,"spacetrack"
100524,"2026-09-03 21:20:22.345+00",-0.0035747,15.8335285,-0.00717279,0.0003726,318.47067,323.46286,6699.104,"spacetrack"
100524,"2026-09-04 21:37:01.463+00",0.00069027,15.821814,0.0014411,0.0003529,321.90796,326.63855,6702.41,"spacetrack"
100524,"2026-09-05 20:22:40.266+00",0.00084854,15.822193,0.00178242,0.0004118,321.4059,326.92593,6702.3027,"spacetrack"
100524,"2026-09-06 23:41:27.614+00",0.00095859,15.822176,0.00201925,0.0004182,321.36798,326.9738,6702.308,"spacetrack"
100525,"2026-09-01 22:26:42.462+00",-0.0019082,15.895759,-0.00562661,0.0007144,298.6977,308.24435,6681.608,"spacetrack"
100525,"2026-09-02 22:37:26.894+00",-0.0029676,15.87003,-0.00711614,0.00056,306.94492,314.4364,6688.8276,"spacetrack"
100525,"2026-09-03 21:20:50.583+00",-0.0025299,15.835246,-0.00523037,0.0003543,318.10886,322.8555,6698.619,"spacetrack"
100525,"2026-09-04 21:37:24.29+00",0.00067636,15.821743,0.00141105,0.0003481,321.9598,326.62604,6702.43,"spacetrack"
100525,"2026-09-05 23:25:08.402+00",0.00068087,15.821855,0.00142144,0.0003707,321.7769,326.74606,6702.3984,"spacetrack"
100525,"2026-09-06 23:41:50.4+00",0.00056701,15.821925,0.00118051,0.0003971,321.58023,326.90326,6702.379,"spacetrack"
100526,"2026-09-01 22:29:33.827+00",0.00063159,15.897922,0.00186524,0.0003798,300.3277,305.4026,6681.002,"spacetrack"
100526,"2026-09-02 22:41:14.024+00",-0.0030476,15.860688,-0.00699025,0.0005494,309.64056,316.99313,6691.454,"spacetrack"
100526,"2026-09-03 21:25:29.283+00",-0.0025328,15.824864,-0.00500238,0.0004784,320.20572,326.61777,6701.549,"spacetrack"
100526,"2026-09-04 21:42:11.879+00",0.00052326,15.821736,0.00108704,0.0003722,321.80026,326.78955,6702.432,"spacetrack"
100526,"2026-09-05 23:29:56.248+00",0.00060984,15.821948,0.00127122,0.000362,321.80893,326.66147,6702.372,"spacetrack"
100526,"2026-09-06 20:44:36.019+00",-0.0015915,15.818565,-0.00311655,0.0003716,322.69974,327.68167,6703.3276,"spacetrack"
100527,"2026-09-01 22:30:49.874+00",-0.0027705,15.89683,-0.00818266,0.0003207,301.02826,305.31363,6681.308,"spacetrack"
100527,"2026-09-02 19:40:39.111+00",0.0016592,15.881639,0.004796,0.0004617,304.34424,310.51767,6685.568,"spacetrack"
100527,"2026-09-03 21:25:29.555+00",0.00080996,15.821861,0.00169736,0.0004931,320.95483,327.56473,6702.397,"spacetrack"
100527,"2026-09-04 21:44:19.269+00",0.00082116,15.8219795,0.00172169,0.0003519,321.8678,326.58493,6702.3633,"spacetrack"
100527,"2026-09-05 23:32:03.487+00",0.00082481,15.8221245,0.00173068,0.0003461,321.86557,326.5049,6702.3223,"spacetrack"
100527,"2026-09-06 20:46:40.56+00",0.00062089,15.82179,0.00129441,0.0005521,320.57944,327.98022,6702.417,"spacetrack"
100528,"2026-09-01 22:32:02.208+00",0.00061635,15.890348,0.0017968,0.0003843,302.4194,307.55606,6683.1245,"spacetrack"
100528,"2026-09-02 22:44:27.253+00",-0.0042008,15.851343,-0.00899263,0.0003877,313.35138,318.54196,6694.0835,"spacetrack"
100528,"2026-09-03 21:29:20.431+00",6.2891e-05,15.82181,0.00012701,0.0003952,321.62546,326.92303,6702.411,"spacetrack"
100528,"2026-09-04 21:46:02.287+00",0.00063869,15.821758,0.00133125,0.0003705,321.80554,326.77203,6702.426,"spacetrack"
100528,"2026-09-05 23:34:11.788+00",-0.0045653,15.806134,-0.00799238,0.0005335,325.12677,332.28296,6706.842,"spacetrack"
100528,"2026-09-06 20:51:46.971+00",-0.00028262,15.776282,-0.00047271,0.0004044,334.44693,339.87827,6715.3,"spacetrack"
100562,"2026-09-03 13:08:14.964+00",0.00077077,15.55781,0.00322627,0.026737,218.65936,581.10724,6778.0205,"spacetrack"
