norad_id,epoch,bstar,mean_motion,mean_motion_dot,eccentricity,perigee_km,apogee_km,semi_major_axis_km,source_group,prev_epoch,prev_perigee,prev_sma,prev_bstar,hours_elapsed,perigee_rate_km_per_day,sma_rate_km_per_day,alt_band,phase,mean_ap
2150,2026-09-02 21:48:46.894000+00:00,0.00028893,12.641761,5.569e-05,0.1382117,329.92987,2481.5796,7783.8916,spacetrack,2026-09-01 21:06:59.932000+00:00,329.93686,7783.9424,0.00032314,24.69637833333333,-0.0067928988508528,-0.049367562463762574,300-350,quiet_control,5.635574095985869
2150,2026-09-03 20:36:34.364000+00:00,0.00028565,12.641879,5.51e-05,0.1382097,329.9038,2481.509,7783.8433,spacetrack,2026-09-02 21:48:46.894000+00:00,329.92987,7783.8916,0.00028893,22.796519444444446,-0.027446295103289622,-0.05084986779724488,300-350,quiet_control,5.456476043431095
2150,2026-09-04 21:18:20.292000+00:00,0.00026914,12.641987,5.195e-05,0.1382072,329.88504,2481.4392,7783.7993,spacetrack,2026-09-03 20:36:34.364000+00:00,329.9038,7783.8433,0.00028565,24.696091111111112,-0.018231225256417107,-0.04275980337404795,300-350,quiet_control,4.387109439991448
2150,2026-09-05 22:00:05.655000+00:00,0.00030767,12.64212,5.938e-05,0.1382024,329.87524,2481.3396,7783.7446,spacetrack,2026-09-04 21:18:20.292000+00:00,329.88504,7783.7993,0.00026914,24.695934166666667,-0.009523834911946095,-0.05315854792666126,300-350,quiet_control,5.482481816085718
2150,2026-09-06 20:47:51.553000+00:00,0.0003798,12.642251,7.328e-05,0.1381992,329.85397,2481.2537,7783.691,spacetrack,2026-09-05 22:00:05.655000+00:00,329.87524,7783.7446,0.00030767,22.796082777777777,-0.022393321035752686,-0.056430747885269215,300-350,quiet_control,4.771856612109454
2389,2026-09-02 20:49:20.922000+00:00,0.00035782,13.471166,7.987e-05,0.1003506,334.1679,1831.6041,7461.023,spacetrack,2026-09-01 21:39:04.116000+00:00,334.14584,7461.083,0.00037012,23.171335,0.022848920875680467,-0.062145750341435935,300-350,quiet_control,5.6115890603627285
2389,2026-09-03 21:46:33.548000+00:00,0.00036193,13.471342,8.076e-05,0.1003403,334.18616,1831.4557,7460.958,spacetrack,2026-09-02 20:49:20.922000+00:00,334.1679,7461.023,0.00035782,24.953507222222225,0.01756226073141647,-0.06251626218790493,300-350,quiet_control,5.519105675481423
2389,2026-09-04 20:56:48.767000+00:00,0.0003297,13.471489,7.354e-05,0.100329,334.2217,1831.3118,7460.904,spacetrack,2026-09-03 21:46:33.548000+00:00,334.18616,7460.958,0.00036193,23.170894166666667,0.03681169979308256,-0.055932239414596074,300-350,quiet_control,4.323731536327922
2389,2026-09-05 21:53:59.786000+00:00,0.00031692,13.471651,7.066e-05,0.1003175,334.2536,1831.16,7460.8438,spacetrack,2026-09-04 20:56:48.767000+00:00,334.2217,7460.904,0.0003297,24.953060833333332,0.030681606762143453,-0.057900712448441985,300-350,quiet_control,5.4405799738284175
2389,2026-09-06 19:17:17.233000+00:00,0.00033813,13.47179,7.535e-05,0.100308,334.27853,1831.033,7460.7925,spacetrack,2026-09-05 21:53:59.786000+00:00,334.2536,7460.8438,0.00031692,21.388179722222223,0.02797433010991353,-0.05756450600248039,300-350,quiet_control,4.681509167440318
4221,2026-09-02 20:52:52.771000+00:00,0.00036884,15.424821,0.00031391,0.0190777,308.73538,568.8378,6816.924,spacetrack,2026-09-01 21:31:46.489000+00:00,308.78366,6817.121,0.00040006,23.351745,-0.049620274630416183,-0.20246880907627218,300-350,quiet_control,5.614589830438796
4221,2026-09-03 20:13:55.564000+00:00,0.00039157,15.425474,0.00033401,0.0190582,308.67932,568.50854,6816.731,spacetrack,2026-09-02 20:52:52.771000+00:00,308.73538,6816.924,0.00036884,23.350775833333334,-0.05761864229279405,-0.19836600004496913,300-350,quiet_control,5.453213076087063
4221,2026-09-04 21:08:18.609000+00:00,0.00034446,15.426166,0.00029372,0.0190364,308.6282,568.15247,6816.5273,spacetrack,2026-09-03 20:13:55.564000+00:00,308.67932,6816.731,0.00039157,24.906401388888888,-0.04925962530050402,-0.19628688720087817,300-350,quiet_control,4.4427252052392365
4221,2026-09-05 22:02:37.850000+00:00,0.00036901,15.426842,0.00031542,0.0190155,308.5753,567.80707,6816.328,spacetrack,2026-09-04 21:08:18.609000+00:00,308.6282,6816.5273,0.00034446,24.90534472222222,-0.050977009720582195,-0.19205516138532258,300-350,quiet_control,5.456595176842953
4221,2026-09-06 19:50:06.438000+00:00,0.0003595,15.4274435,0.00030757,0.0189965,308.53088,567.4969,6816.151,spacetrack,2026-09-05 22:02:37.850000+00:00,308.5753,6816.328,0.00036901,21.791274444444447,-0.04892233369452363,-0.1949404111652197,300-350,quiet_control,4.719106327318473
5118,2026-09-02 18:19:14.971000+00:00,0.00036288,15.779501,0.00061793,0.0010671,329.08463,343.41446,6714.3867,spacetrack,2026-09-01 22:32:05.706000+00:00,329.26794,6714.6885,0.00036099,19.785906944444445,-0.22235220312887555,-0.36607874586402045,300-350,quiet_control,5.54513078297242
5118,2026-09-03 21:42:52.347000+00:00,0.00038032,15.780969,0.00065193,0.0010327,328.89954,342.76657,6713.97,spacetrack,2026-09-02 18:19:14.971000+00:00,329.08463,6714.3867,0.00036288,27.393715555555556,-0.16215982059794623,-0.36507643440015713,300-350,quiet_control,5.561943323253703
5118,2026-09-04 20:32:26.338000+00:00,0.00033774,15.782242,0.00058176,0.0010111,328.6838,342.26007,6713.609,spacetrack,2026-09-03 21:42:52.347000+00:00,328.89954,6713.97,0.00038032,22.82610861111111,-0.22683498480679232,-0.3795653542005683,300-350,quiet_control,4.3518019223381765
5118,2026-09-05 22:24:29.312000+00:00,0.00032357,15.783545,0.00056037,0.0009843,328.49472,341.71042,6713.2397,spacetrack,2026-09-04 20:32:26.338000+00:00,328.6838,6713.609,0.00033774,25.867492777777777,-0.17542944880609207,-0.3426385415915239,300-350,quiet_control,5.373950299310673
5118,2026-09-06 21:13:50.009000+00:00,0.00038429,15.78479,0.00066983,0.0009541,328.3446,341.15414,6712.886,spacetrack,2026-09-05 22:24:29.312000+00:00,328.49472,6713.2397,0.00032357,22.822415833333334,-0.1578658467320015,-0.37195010650860016,300-350,quiet_control,4.808902801786115
7003,2026-09-02 21:00:57.961000+00:00,0.00034399,15.876366,0.00108088,0.0063566,266.4042,351.41797,6687.048,spacetrack,2026-09-01 19:18:13.558000+00:00,266.95444,6687.7607,0.00036438,25.71233416666667,-0.513596311964522,-0.66523715385496,250-300,quiet_control,5.649973435252426
7003,2026-09-03 19:41:59.931000+00:00,0.00037163,15.878722,0.00118059,0.0063197,265.99347,350.5054,6686.386,spacetrack,2026-09-02 21:00:57.961000+00:00,266.4042,6687.048,0.00034399,22.683880555555557,-0.4345605671771092,-0.7004092602706504,250-300,quiet_control,5.413679721417449
7003,2026-09-04 21:24:15.618000+00:00,0.00032676,15.881315,0.00105018,0.0062905,265.46555,349.57782,6685.6587,spacetrack,2026-09-03 19:41:59.931000+00:00,265.99347,6686.386,0.00037163,25.7043575,-0.49291564669530724,-0.6790755225066896,250-300,quiet_control,4.470401986641111
7003,2026-09-05 20:04:52.543000+00:00,0.0003305,15.88353,0.00107374,0.0062696,264.98776,348.81277,6685.037,spacetrack,2026-09-04 21:24:15.618000+00:00,265.46555,6685.6587,0.00032676,22.67692361111111,-0.5056664738413696,-0.6579728474580999,250-300,quiet_control,5.70420615426169
7003,2026-09-06 18:45:17.639000+00:00,0.00036429,15.8859005,0.00119706,0.0062355,264.55463,347.91544,6684.372,spacetrack,2026-09-05 20:04:52.543000+00:00,264.98776,6685.037,0.0003305,22.673637777777778,-0.45846723414573975,-0.7039011629462201,250-300,quiet_control,4.514797115828201
12139,2026-09-02 22:17:17.447000+00:00,0.00019707,15.169526,8.353e-05,0.0239752,349.7913,680.3227,6893.194,spacetrack,2026-09-01 17:47:30.159000+00:00,349.83524,6893.2607,0.00022916,28.496468888888888,-0.03700669034161204,-0.05617538110519307,300-350,quiet_control,5.684171395582657
12139,2026-09-03 20:27:06.753000+00:00,0.00019338,15.169684,8.2e-05,0.0239709,349.774,680.2438,6893.146,spacetrack,2026-09-02 22:17:17.447000+00:00,349.7913,6893.194,0.00019707,22.16369611111111,-0.018733337522675673,-0.05197689023713394,300-350,quiet_control,5.433843339858101
12139,2026-09-04 21:46:53.700000+00:00,0.00016944,15.169848,7.191e-05,0.023963,349.7799,680.1384,6893.096,spacetrack,2026-09-03 20:27:06.753000+00:00,349.774,6893.146,0.00019338,25.3297075,0.0055902737921440975,-0.04737520162853699,300-350,quiet_control,4.358519964485707
12139,2026-09-05 16:46:43.372000+00:00,0.00019001,15.169993,8.058e-05,0.0239537,349.8012,680.0294,6893.0522,spacetrack,2026-09-04 21:46:53.700000+00:00,349.7799,6893.096,0.00016944,18.997131111111113,0.026909326308798515,-0.05533467100052375,300-350,quiet_control,6.421720285484042
12139,2026-09-06 18:06:28.858000+00:00,0.00019297,15.170165,8.182e-05,0.0239411,349.8374,679.88947,6893.0005,spacetrack,2026-09-05 16:46:43.372000+00:00,349.8012,6893.0522,0.00019001,25.32930166666667,0.03430019553770532,-0.04898674335078382,300-350,quiet_control,4.148976121046282
16326,2026-09-02 23:37:28.224000+00:00,0.00050888,16.073849,0.00399864,0.000168,252.91261,255.14102,6632.164,spacetrack,2026-09-01 19:13:39.409000+00:00,255.72296,6634.7695,0.00054272,28.396893055555555,-2.3752035079346268,-2.202071891374753,250-300,quiet_control,5.683063918915621
16326,2026-09-04 21:55:10.537000+00:00,0.00047364,16.089987,0.00412121,0.0002063,248.2245,250.9591,6627.729,spacetrack,2026-09-02 23:37:28.224000+00:00,252.91261,6632.164,0.00050888,46.29508694444444,-2.430379710378792,-2.299164058763279,250-300,quiet_control,4.818916259730537
16326,2026-09-05 23:17:12.217000+00:00,0.00048427,16.099771,0.0044864,0.0002309,245.37602,248.43547,6625.043,spacetrack,2026-09-04 21:55:10.537000+00:00,248.2245,6627.729,0.00047364,25.36713333333333,-2.694964350195918,-2.54124102841792,200-250,quiet_control,5.491661936136085
16326,2026-09-06 20:09:55.214000+00:00,0.00051949,16.108416,0.00508879,0.0002513,242.87114,246.19969,6622.6724,spacetrack,2026-09-05 23:17:12.217000+00:00,245.37602,6625.043,0.00048427,20.878610277777778,-2.8793640572900685,-2.725008956201391,200-250,quiet_control,4.782172483090316
16719,2026-09-02 11:45:01.606000+00:00,0.00033163,15.746024,0.00048539,0.0003004,343.74295,347.78265,6723.9,spacetrack,2026-09-01 23:32:54.700000+00:00,343.82245,6724.055,0.00035398,12.201918333333333,-0.1563688551158064,-0.3048700948811778,300-350,quiet_control,5.73368499934869
16719,2026-09-03 10:37:40.643000+00:00,0.00032423,15.746997,0.00047649,0.0002886,343.54538,347.42624,6723.623,spacetrack,2026-09-02 11:45:01.606000+00:00,343.74295,6723.9,0.00033163,22.877510277777777,-0.20726381247025363,-0.29059106167066734,300-350,quiet_control,5.344056293421692
16719,2026-09-04 23:13:44.215000+00:00,0.00029403,15.748542,0.00043483,0.000273,343.21075,346.88162,6723.183,spacetrack,2026-09-03 10:37:40.643000+00:00,343.54538,6723.623,0.00032423,36.60099222222222,-0.21942355964667054,-0.28851676850385805,300-350,quiet_control,4.6158877508269125
16719,2026-09-05 23:37:39.822000+00:00,0.00032114,15.749511,0.00047708,0.0002608,343.01706,346.52374,6722.907,spacetrack,2026-09-04 23:13:44.215000+00:00,343.21075,6723.183,0.00029403,24.398779722222223,-0.19052428248148065,-0.2714889873759985,300-350,quiet_control,5.658193470445306
16719,2026-09-06 10:18:06.065000+00:00,0.00032169,15.749971,0.00047885,0.0002588,342.89948,346.37918,6722.7764,spacetrack,2026-09-05 23:37:39.822000+00:00,343.01706,6722.907,0.00032114,10.67395638888889,-0.2643743235580638,-0.29364931669316996,300-350,quiet_control,4.9651233663410705
20453,2026-09-02 22:42:44.880000+00:00,0.00064017,15.875294,0.00184627,0.0032207,287.67426,330.75015,6687.349,spacetrack,2026-09-01 22:33:45.059000+00:00,288.38968,6688.418,0.00068792,24.149950277777776,-0.7109778613415771,-1.0623624357353723,250-300,quiet_control,5.627328425256362
20453,2026-09-03 16:49:15.627000+00:00,0.00059302,15.87821,0.00173421,0.0031945,287.03305,329.7533,6686.5303,spacetrack,2026-09-02 22:42:44.880000+00:00,287.67426,6687.349,0.00064017,18.108540833333333,-0.849822199460302,-1.0850570557196315,250-300,quiet_control,5.171661585654173
20453,2026-09-04 18:28:08.394000+00:00,0.00067003,15.882611,0.00200077,0.0031233,286.2778,328.03818,6685.295,spacetrack,2026-09-03 16:49:15.627000+00:00,287.03305,6686.5303,0.00059302,25.647990833333335,-0.7067220242625144,-1.155926801154179,250-300,quiet_control,4.892428058611089
20453,2026-09-05 20:06:35.897000+00:00,0.00067372,15.886885,0.00205376,0.0030758,285.4001,326.51797,6684.096,spacetrack,2026-09-04 18:28:08.394000+00:00,286.2778,6685.295,0.00067003,25.640973055555556,-0.8215288848188254,-1.1222663015816305,250-300,quiet_control,5.374715985980034
20453,2026-09-06 20:14:09.850000+00:00,0.00071385,15.8911705,0.00222175,0.0030219,284.56223,324.9523,6682.894,spacetrack,2026-09-05 20:06:35.897000+00:00,285.4001,6684.096,0.00067372,24.126098055555556,-0.83349076811738,-1.195717597331936,250-300,quiet_control,4.608970486351957
20775,2026-09-02 13:42:46.331000+00:00,0.00037582,14.945906,0.00013702,0.0342389,345.28003,822.00745,6961.781,spacetrack,2026-09-01 20:02:14.461000+00:00,345.30988,6961.847,0.00037539,17.675519444444443,-0.040530633470317566,-0.08961547098934901,300-350,quiet_control,5.8302737291863345
20775,2026-09-03 20:14:33.630000+00:00,0.00038162,14.946265,0.00013926,0.0342324,345.21753,821.8468,6961.669,spacetrack,2026-09-02 13:42:46.331000+00:00,345.28003,6961.781,0.00037582,30.52980527777778,-0.049132314679118806,-0.08804510790504382,300-350,quiet_control,5.385606137040998
20775,2026-09-04 21:57:04.845000+00:00,0.00032996,14.946551,0.0001206,0.0342289,345.15616,821.73065,6961.5806,spacetrack,2026-09-03 20:14:33.630000+00:00,345.21753,6961.669,0.00038162,25.708670833333333,-0.05729117656641173,-0.08252468646650067,300-350,quiet_control,4.364440596484876
20775,2026-09-05 22:03:09.814000+00:00,0.00033392,14.946822,0.00012217,0.0342282,345.07974,821.63873,6961.496,spacetrack,2026-09-04 21:57:04.845000+00:00,345.15616,6961.5806,0.00032996,24.10138027777778,-0.07609854617707143,-0.08424413774655781,300-350,quiet_control,5.572635725830779
20775,2026-09-06 20:32:48.939000+00:00,0.00035122,14.947068,0.00012859,0.0342277,345.00955,821.55634,6961.42,spacetrack,2026-09-05 22:03:09.814000+00:00,345.07974,6961.496,0.00033392,22.49420138888889,-0.07488863333608711,-0.08108756423339825,300-350,quiet_control,4.759922733173518
22913,2026-09-02 12:59:38.286000+00:00,0.0010667,13.295437,0.00191183,0.1236066,218.1448,2078.8252,7526.622,spacetrack,2026-09-01 11:46:15.468000+00:00,218.4779,7528.096,0.0011237,25.223005,-0.31694875372700604,-1.4025291593916749,200-250,quiet_control,6.054482802505094
22913,2026-09-03 12:24:21.992000+00:00,0.0010586,13.2990885,0.001873,0.1233685,218.72885,2075.4849,7525.244,spacetrack,2026-09-02 12:59:38.286000+00:00,218.1448,7526.622,0.0010667,23.412140555555556,0.5987150114163132,-1.412600437859873,200-250,quiet_control,5.21382204052584
22913,2026-09-04 22:36:27.844000+00:00,0.001033,13.304441,0.00180359,0.1230477,219.37282,2070.804,7523.2256,spacetrack,2026-09-03 12:24:21.992000+00:00,218.72885,7525.244,0.0010586,34.20162555555555,0.45188729333624955,-1.4163537321146322,200-250,quiet_control,4.683547107556258
22913,2026-09-05 21:59:47.992000+00:00,0.00099921,13.30842,0.00179543,0.1230217,218.25339,2068.9243,7521.726,spacetrack,2026-09-04 22:36:27.844000+00:00,219.37282,7523.2256,0.001033,23.388930000000002,-1.1486767457938374,-1.5387792430009584,200-250,quiet_control,5.676667931747579
22913,2026-09-06 15:58:53.227000+00:00,0.0011524,13.311826,0.0020839,0.1229258,217.84961,2066.7625,7520.443,spacetrack,2026-09-05 21:59:47.992000+00:00,218.25339,7521.726,0.00099921,17.9847875,-0.538828718437713,-1.712113640485701,200-250,quiet_control,4.779466983168723
23198,2026-09-02 21:27:52.738000+00:00,0.00025414,14.339317,7.404e-05,0.0620673,334.41824,1222.8192,7156.756,spacetrack,2026-09-01 22:01:36.020000+00:00,334.44315,7156.8076,0.00025934,23.43797722222222,-0.02550732063313986,-0.05283732415357771,300-350,quiet_control,5.616007818649689
23198,2026-09-03 20:54:08.599000+00:00,0.00027288,14.339479,7.965e-05,0.0620628,334.39963,1222.7295,7156.7017,spacetrack,2026-09-02 21:27:52.738000+00:00,334.41824,7156.756,0.00025414,23.437739166666667,-0.019056445539584528,-0.05560263260673538,300-350,quiet_control,5.483840514528201
23198,2026-09-04 18:39:56.768000+00:00,0.0002553,14.339624,7.444e-05,0.0620608,334.3689,1222.6642,7156.6533,spacetrack,2026-09-03 20:54:08.599000+00:00,334.39963,7156.7017,0.00027288,21.763380277777777,-0.033888118049069826,-0.05337406161938305,300-350,quiet_control,4.534249051818939
23198,2026-09-05 21:27:04.194000+00:00,0.0002662,14.339819,7.773e-05,0.0620568,334.33673,1222.5667,7156.589,spacetrack,2026-09-04 18:39:56.768000+00:00,334.3689,7156.6533,0.0002553,26.785396111111112,-0.02882466239429303,-0.057613484362843526,300-350,quiet_control,5.256870301609005
23198,2026-09-06 19:12:50.582000+00:00,0.00029021,14.339983,8.492e-05,0.0620522,334.31845,1222.4758,7156.534,spacetrack,2026-09-05 21:27:04.194000+00:00,334.33673,7156.589,0.0002662,21.762885555555556,-0.020159091444016165,-0.06065372152223719,300-350,quiet_control,4.6629682021843815
24285,2026-09-02 18:41:16.483000+00:00,0.0001504,11.837229,1.958e-05,0.1731588,346.3205,3162.8203,8132.7075,spacetrack,2026-09-01 18:20:54.640000+00:00,346.29288,8132.724,0.00015134,24.339400833333332,0.027234852843670714,-0.016269915710128483,300-350,quiet_control,5.630229188399974
24285,2026-09-03 19:01:38.317000+00:00,0.00014557,11.837268,1.894e-05,0.1731533,346.35037,3162.7544,8132.6895,spacetrack,2026-09-02 18:41:16.483000+00:00,346.3205,8132.7075,0.0001504,24.339398333333335,0.029453480738618684,-0.01774900077990281,300-350,quiet_control,5.425922961165135
24285,2026-09-04 17:20:18.330000+00:00,0.00013047,11.8373,1.697e-05,0.1731505,346.3609,3162.7144,8132.675,spacetrack,2026-09-03 19:01:38.317000+00:00,346.35037,8132.6895,0.00014557,22.311114722222225,0.011327089800165632,-0.015597607037482523,300-350,quiet_control,4.862405101951365
24285,2026-09-05 23:45:45.819000+00:00,0.00012756,11.837345,1.658e-05,0.1731465,346.37646,3162.6577,8132.6543,spacetrack,2026-09-04 17:20:18.330000+00:00,346.3609,8132.675,0.00013047,30.4243025,0.012274398073705908,-0.016329051421994086,300-350,quiet_control,5.041169308647256
24285,2026-09-06 18:01:02.403000+00:00,0.00013061,11.837372,1.696e-05,0.1731419,346.404,3162.6062,8132.642,spacetrack,2026-09-05 23:45:45.819000+00:00,346.37646,8132.6543,0.00012756,18.254606666666668,0.03620784671337962,-0.016171260515122205,300-350,quiet_control,4.659267468923826
24286,2026-09-02 12:46:12.624000+00:00,0.00039638,12.02892,5.691e-05,0.1647655,342.22232,2993.6533,8046.0747,spacetrack,2026-09-01 14:48:54.763000+00:00,342.19934,8046.1245,0.00042283,21.95496138888889,0.02512051787435863,-0.05443872019740974,300-350,quiet_control,5.871773313804633
24286,2026-09-03 20:42:15.403000+00:00,0.00041716,12.029086,5.984e-05,0.1647539,342.2539,2993.4739,8046.001,spacetrack,2026-09-02 12:46:12.624000+00:00,342.22232,8046.0747,0.00039638,31.934105277777775,0.023733873030302898,-0.055389057705301586,300-350,quiet_control,5.427078941785149
24286,2026-09-04 20:39:16.481000+00:00,0.00036565,12.029193,5.246e-05,0.1647461,342.27686,2993.3557,8045.953,spacetrack,2026-09-03 20:42:15.403000+00:00,342.2539,8046.001,0.00041716,23.950299444444443,0.023007645531885196,-0.04809960738348125,300-350,quiet_control,4.427242512555921
24286,2026-09-05 22:36:01.689000+00:00,0.00042056,12.02933,6.027e-05,0.1647384,342.28778,2993.2227,8045.892,spacetrack,2026-09-04 20:39:16.481000+00:00,342.27686,8045.953,0.00036565,25.94589111111111,0.0101010213477592,-0.056425119250868516,300-350,quiet_control,5.374189766806151
24286,2026-09-06 20:33:16.042000+00:00,0.00046386,12.02945,6.642e-05,0.1647301,342.30984,2993.0935,8045.839,spacetrack,2026-09-05 22:36:01.689000+00:00,342.28778,8045.892,0.00042056,21.953986944444445,0.024115892996566936,-0.05793936214028274,300-350,quiet_control,4.779307752414953
28222,2026-09-02 12:30:42.305000+00:00,0.0005495,16.078129,0.00444034,0.0006857,248.30293,257.39667,6630.987,spacetrack,2026-09-01 23:03:58.014000+00:00,249.85715,6632.39,0.00057035,13.445636388888888,-2.7742294169745993,-2.504306901221245,200-250,quiet_control,5.776879285350962
28222,2026-09-03 22:51:11.982000+00:00,0.00058185,16.091661,0.00512542,0.0007492,244.16641,254.09671,6627.2686,spacetrack,2026-09-02 12:30:42.305000+00:00,248.30293,6630.987,0.0005495,34.34157694444444,-2.89085385218631,-2.5986459545629823,200-250,quiet_control,5.4758540055071085
28222,2026-09-04 16:45:31.881000+00:00,0.00057307,16.099241,0.00530185,0.0007742,241.92245,252.18091,6625.1885,spacetrack,2026-09-03 22:51:11.982000+00:00,244.16641,6627.2686,0.00058185,17.905527499999998,-3.007732668026696,-2.788099931711206,200-250,quiet_control,4.601804759265912
28222,2026-09-05 12:08:48.820000+00:00,0.00053591,16.107573,0.00523664,0.0007913,239.52583,250.00725,6622.9033,spacetrack,2026-09-04 16:45:31.881000+00:00,241.92245,6625.1885,0.00057307,19.38803861111111,-2.9667199015704497,-2.828795686871345,200-250,quiet_control,6.045828714637471
28222,2026-09-06 14:58:29.261000+00:00,0.00054108,16.119902,0.00573706,0.0008216,235.95056,246.82776,6619.5264,spacetrack,2026-09-05 12:08:48.820000+00:00,239.52583,6622.9033,0.00053591,26.82790027777778,-3.1984046127932,-3.020944582350972,200-250,quiet_control,4.217232814250662
28485,2026-09-03 08:11:15.488000+00:00,0.00056068,15.779772,0.00102025,0.0001029,335.4816,336.8634,6714.3096,spacetrack,2026-09-01 12:11:04.721000+00:00,336.757,6715.427,0.00062186,44.00299083333333,-0.6956254431871995,-0.6094494826857803,300-350,quiet_control,5.778479798661666
28485,2026-09-04 09:58:38.957000+00:00,0.00058734,15.782054,0.00107999,0.0001145,334.75665,336.29407,6713.662,spacetrack,2026-09-03 08:11:15.488000+00:00,335.4816,6714.3096,0.00056068,25.7898525,-0.6746374373409405,-0.6026556375219246,300-350,quiet_control,5.091228097045792
28485,2026-09-05 17:49:49.722000+00:00,0.00060139,15.784828,0.00111997,0.0001367,333.82086,335.65616,6712.8755,spacetrack,2026-09-04 09:58:38.957000+00:00,334.75665,6713.662,0.00058734,31.852990277777778,-0.705081683199722,-0.5925974244613598,300-350,quiet_control,5.267826564163935
28485,2026-09-06 05:57:48.457000+00:00,0.00053278,15.785851,0.00099656,0.0001365,333.53256,335.3651,6712.586,spacetrack,2026-09-05 17:49:49.722000+00:00,333.82086,6712.8755,0.00060139,12.132981944444445,-0.5702802519349369,-0.5726539470519935,300-350,quiet_control,3.969044456072274
28738,2026-09-02 13:57:24.157000+00:00,0.00038703,15.794716,0.00070227,0.0005149,328.4817,335.39172,6710.0737,spacetrack,2026-09-01 19:42:35.360000+00:00,328.79504,6710.394,0.00039688,18.24688805555556,-0.41213383767704675,-0.4212882753816801,300-350,quiet_control,5.835588403301099
28738,2026-09-03 00:36:00.501000+00:00,0.00035031,15.795331,0.00063679,0.0005117,328.32922,335.19614,6709.9,spacetrack,2026-09-02 13:57:24.157000+00:00,328.4817,6710.0737,0.00038703,10.643428888888888,-0.34382904590263863,-0.3916782874698136,300-350,quiet_control,5.605429552464608
28738,2026-09-04 00:55:34.872000+00:00,0.00039037,15.79683,0.00071522,0.0005075,327.93298,334.74307,6709.475,spacetrack,2026-09-03 00:36:00.501000+00:00,328.32922,6709.9,0.00035031,24.326214166666666,-0.39092642755039564,-0.4193007563815347,300-350,quiet_control,5.394613122599532
28738,2026-09-05 14:55:52.985000+00:00,0.00037346,15.799207,0.00069134,0.0004804,327.4423,333.8881,6708.8022,spacetrack,2026-09-04 00:55:34.872000+00:00,327.93298,6709.475,0.00039037,38.005031388888895,-0.30986213060839235,-0.4248700608816622,300-350,quiet_control,5.315747667123577
28738,2026-09-06 15:15:05.769000+00:00,0.00036279,15.800707,0.00067599,0.0004669,327.1084,333.37268,6708.3774,spacetrack,2026-09-05 14:55:52.985000+00:00,327.4423,6708.8022,0.00037346,24.320217777777778,-0.3295036283483291,-0.41920677245375504,300-350,quiet_control,4.115830080286196
28980,2026-09-02 10:09:03.306000+00:00,0.00060522,12.222647,0.00016216,0.1614891,297.10553,2868.28,7960.8296,spacetrack,2026-09-01 18:26:04.732000+00:00,297.1092,7960.9346,0.00061505,15.716270555555555,-0.005604383030225665,-0.16034338369790446,250-300,quiet_control,5.69146104672062
28980,2026-09-03 01:52:00.742000+00:00,0.00064578,12.2228985,0.00017363,0.1614745,297.13016,2868.0369,7960.7207,spacetrack,2026-09-02 10:09:03.306000+00:00,297.10553,7960.8296,0.00060522,15.715954444444446,0.037612733104415805,-0.1663023400356144,250-300,quiet_control,6.092243840813147
28980,2026-09-04 01:26:24.647000+00:00,0.00070323,12.223289,0.00018993,0.1614549,297.14404,2867.684,7960.551,spacetrack,2026-09-03 01:52:00.742000+00:00,297.13016,7960.7207,0.00064578,23.573306944444443,0.01413123753853284,-0.17277168661934492,250-300,quiet_control,5.192272933940526
28980,2026-09-05 14:45:46.954000+00:00,0.00058669,12.22388,0.00015701,0.1614323,297.1087,2867.206,7960.2944,spacetrack,2026-09-04 01:26:24.647000+00:00,297.14404,7960.551,0.00070323,37.32286305555556,-0.022724944727256453,-0.16500341870472132,250-300,quiet_control,5.321518742603906
28980,2026-09-06 18:15:46.630000+00:00,0.00064234,12.224293,0.00017285,0.1614132,297.11035,2866.8457,7960.115,spacetrack,2026-09-05 14:45:46.954000+00:00,297.1087,7960.2944,0.00058669,27.499910000000003,0.0014400047127284881,-0.1565677851309217,250-300,quiet_control,4.027740555433737
28982,2026-09-02 23:28:33.586000+00:00,0.00050258,14.3357115,0.00048105,0.0731968,255.8793,1303.7582,7157.9556,spacetrack,2026-09-01 20:40:37.141000+00:00,255.83774,7158.342,0.00050397,26.799012500000003,0.03721928186719928,-0.3460426013826401,250-300,quiet_control,5.6641667300241005
28982,2026-09-03 21:14:54.829000+00:00,0.00051532,14.3366585,0.00049402,0.073159,255.85776,1303.1494,7157.6406,spacetrack,2026-09-02 23:28:33.586000+00:00,255.8793,7157.9556,0.00050258,21.7725675,-0.023743639788908637,-0.3472259300614052,250-300,quiet_control,5.448847730062152
28982,2026-09-04 20:41:39.519000+00:00,0.00043346,14.337619,0.00041332,0.0731194,255.84486,1302.5228,7157.321,spacetrack,2026-09-03 21:14:54.829000+00:00,255.85776,7157.6406,0.00051532,23.445747222222224,-0.01320495342142913,-0.32715528011516337,250-300,quiet_control,4.375699774503051
28982,2026-09-05 20:08:18.527000+00:00,0.00045981,14.338568,0.00043956,0.073079,255.84138,1301.8949,7157.0054,spacetrack,2026-09-04 20:41:39.519000+00:00,255.84486,7157.321,0.00043346,23.44416888888889,-0.003562506327113741,-0.3230824703531077,250-300,quiet_control,5.596019529044701
28982,2026-09-06 19:34:51.561000+00:00,0.00049754,14.33957,0.00047738,0.0730404,255.80832,1301.2606,7156.6714,spacetrack,2026-09-05 20:08:18.527000+00:00,255.84138,7157.0054,0.00045981,23.442509444444443,-0.03384620583729778,-0.34194291438776264,250-300,quiet_control,4.573272149452525
28983,2026-09-02 06:35:01.857000+00:00,0.0005853,12.424964,0.00017627,0.152804,292.83295,2699.244,7874.1753,spacetrack,2026-09-01 20:55:21.228000+00:00,292.85886,7874.24,0.00058939,9.661285833333334,-0.06436410336342367,-0.160723947804152,250-300,quiet_control,4.62870711740147
28983,2026-09-03 19:17:43.974000+00:00,0.00054333,12.425532,0.00016306,0.1527816,292.80566,2698.7905,7873.935,spacetrack,2026-09-02 06:35:01.857000+00:00,292.83295,7874.1753,0.0005853,36.71169916666667,-0.017840634317316865,-0.15709433589017788,250-300,quiet_control,5.742425456153975
28983,2026-09-04 20:24:46.859000+00:00,0.00047458,12.425913,0.0001413,0.1527666,292.78784,2698.4873,7873.7744,spacetrack,2026-09-03 19:17:43.974000+00:00,292.80566,7873.935,0.00054333,25.117468055555555,-0.017027193945399755,-0.15345495777992157,250-300,quiet_control,4.585263553579384
28983,2026-09-05 08:00:19.565000+00:00,0.00050438,12.426075,0.00015081,0.1527616,292.76904,2698.369,7873.706,spacetrack,2026-09-04 20:24:46.859000+00:00,292.78784,7873.7744,0.00047458,11.592418333333333,-0.03892199082417272,-0.14160979640307905,250-300,quiet_control,6.797459479382909
28983,2026-09-06 20:42:48.938000+00:00,0.00053616,12.426621,0.00016098,0.1527404,292.74045,2697.936,7873.475,spacetrack,2026-09-05 08:00:19.565000+00:00,292.76904,7873.706,0.00050438,36.70815916666666,-0.018692302081529513,-0.1510290934182479,250-300,quiet_control,4.5560312495769475
32203,2026-09-05 03:40:42.132000+00:00,0.00040896,15.672892,0.00052831,0.0081079,311.97696,421.34927,6744.8003,celestrak:debris,2026-09-04 15:25:09.605000+00:00,312.17242,6744.9517,0.0003945,12.259035277777778,-0.3826598010124662,-0.2964017899989614,300-350,quiet_control,4.021668054494137
37363,2026-09-02 22:13:33.366000+00:00,0.00020059,15.725732,0.00033325,0.0089758,291.1415,411.95007,6729.6826,spacetrack,2026-09-01 21:47:28.729000+00:00,291.23773,6729.8945,0.00020705,24.43462138888889,-0.09451834604852921,-0.2081309106069621,250-300,quiet_control,5.631670167637934
37363,2026-09-03 19:36:19.073000+00:00,0.00023331,15.726417,0.00039033,0.0089631,291.03333,411.66748,6729.4873,spacetrack,2026-09-02 22:13:33.366000+00:00,291.1415,6729.6826,0.00020059,21.379363055555554,-0.12142924900309901,-0.21923945946507428,250-300,quiet_control,5.373475163425706
37363,2026-09-04 21:33:52.855000+00:00,0.00020354,15.72725,0.00034042,0.0089556,290.8483,411.37723,6729.25,spacetrack,2026-09-03 19:36:19.073000+00:00,291.03333,6729.4873,0.00023331,25.95938388888889,-0.17106415233145475,-0.21938887395676251,250-300,quiet_control,4.464369339274039
37363,2026-09-05 21:59:44.936000+00:00,0.00019594,15.728008,0.00032827,0.0089417,290.72757,411.06555,6729.0337,spacetrack,2026-09-04 21:33:52.855000+00:00,290.8483,6729.25,0.00020354,24.43113361111111,-0.11859949055666245,-0.21248297695200669,250-300,quiet_control,5.519756081723639
37363,2026-09-06 19:22:19.673000+00:00,0.00021991,15.728676,0.00037052,0.0089234,290.66193,410.75024,6728.8433,spacetrack,2026-09-05 21:59:44.936000+00:00,290.72757,6729.0337,0.00019594,21.376315833333333,-0.07369651591431756,-0.2137692966185662,250-300,quiet_control,4.689747610988522
38248,2026-09-02 15:52:33.526000+00:00,0.00041468,15.762301,0.0006509,0.0003241,338.95535,343.3108,6719.27,spacetrack,2026-09-01 15:29:47.968000+00:00,339.41385,6719.669,0.00043384,24.37932166666667,-0.45136612701763135,-0.39279189679339777,300-350,quiet_control,5.80508239917987
38248,2026-09-03 14:43:46.807000+00:00,0.00041182,15.763595,0.00065008,0.0003294,338.55215,342.97855,6718.9023,spacetrack,2026-09-02 15:52:33.526000+00:00,338.95535,6719.27,0.00041468,22.85368916666667,-0.4234239789221764,-0.3861433458580568,300-350,quiet_control,5.169599727036532
38248,2026-09-04 02:55:03.081000+00:00,0.00042787,15.764319,0.00067784,0.0003414,338.2657,342.85324,6718.6963,spacetrack,2026-09-03 14:43:46.807000+00:00,338.55215,6718.9023,0.00041182,12.187853888888888,-0.5640697749312118,-0.40564975959470295,300-350,quiet_control,5.984586795132149
38248,2026-09-05 21:34:14.430000+00:00,0.00037404,15.766755,0.00059823,0.000367,337.40213,342.33313,6718.0044,spacetrack,2026-09-04 02:55:03.081000+00:00,338.2657,6718.6963,0.00042787,42.6531525,-0.48591203194182553,-0.3893170616168482,300-350,quiet_control,4.845951011475646
38248,2026-09-06 14:19:31.672000+00:00,0.00040935,15.767719,0.00065807,0.0003577,337.19077,341.9966,6717.7305,spacetrack,2026-09-05 21:34:14.430000+00:00,337.40213,6718.0044,0.00037404,16.754789444444445,-0.3027576095074299,-0.3923415463858919,300-350,quiet_control,4.855007130465283
39265,2026-09-02 21:37:49.954000+00:00,0.0004363,15.30537,0.00042951,0.0272819,287.26398,661.154,6852.346,spacetrack,2026-09-01 22:05:36.498000+00:00,287.29852,6852.6133,0.00045071,23.537071111111114,-0.03521933532369278,-0.2725572765500954,250-300,quiet_control,5.617624471731685
39265,2026-09-03 19:35:50.169000+00:00,0.00043686,15.306174,0.00043086,0.0272596,287.18335,660.7547,6852.106,spacetrack,2026-09-02 21:37:49.954000+00:00,287.26398,6852.346,0.0004363,21.966726388888887,-0.0880932354571711,-0.26221476509618924,250-300,quiet_control,5.389862167167856
39265,2026-09-04 20:42:02.547000+00:00,0.00039945,15.307038,0.00039503,0.0272368,287.08884,660.3337,6851.848,spacetrack,2026-09-03 19:35:50.169000+00:00,287.18335,6852.106,0.00043686,25.103438333333333,-0.09035575007223112,-0.24665943835165713,250-300,quiet_control,4.538073104593973
39265,2026-09-05 21:48:09.720000+00:00,0.00040782,15.307903,0.00040411,0.0272137,286.99603,659.9103,6851.5903,spacetrack,2026-09-04 20:42:02.547000+00:00,287.08884,6851.848,0.00039945,25.101992499999998,-0.08873558543209908,-0.2463868157080648,250-300,quiet_control,5.422226044406634
39265,2026-09-06 19:45:56.654000+00:00,0.00040434,15.308665,0.0004013,0.0271897,286.93918,659.51215,6851.363,spacetrack,2026-09-05 21:48:09.720000+00:00,286.99603,6851.5903,0.00040782,21.96303722222222,-0.06212255555526862,-0.24838094771654998,250-300,quiet_control,4.707164236316537
39267,2026-09-02 20:45:46.023000+00:00,0.00018493,14.816886,0.00010132,0.0455182,305.2745,942.72375,7002.136,spacetrack,2026-09-01 20:27:09.445000+00:00,305.24896,7002.2075,0.00023244,24.310160555555555,0.0252141485696357,-0.07058776909674482,300-350,quiet_control,5.629784427814351
39267,2026-09-03 21:04:21.250000+00:00,0.00018893,14.817097,0.00010347,0.0455061,305.29596,942.56976,7002.07,spacetrack,2026-09-02 20:45:46.023000+00:00,305.2745,7002.136,0.00018493,24.309785277777777,0.021186530202328996,-0.06515894656893945,300-350,quiet_control,5.506371616907307
39267,2026-09-04 19:45:40.888000+00:00,0.00020832,14.817303,0.000114,0.0454942,305.31723,942.41846,7002.005,spacetrack,2026-09-03 21:04:21.250000+00:00,305.29596,7002.07,0.00018893,22.688788333333335,0.022499218226228357,-0.06875642617276811,300-350,quiet_control,4.444867446645637
39267,2026-09-05 23:18:41.547000+00:00,0.00017856,14.817555,9.773e-05,0.0454773,305.35965,942.217,7001.9253,spacetrack,2026-09-04 19:45:40.888000+00:00,305.31723,7002.005,0.00020832,27.550183055555557,0.036953656458356236,-0.06942966571758577,300-350,quiet_control,5.261746889582574
39267,2026-09-06 18:45:30.373000+00:00,0.00017438,14.8177185,9.541e-05,0.0454654,305.39383,942.07983,7001.874,spacetrack,2026-09-05 23:18:41.547000+00:00,305.35965,7001.9253,0.00017856,19.446896111111112,0.04218256709517337,-0.06331087454612032,300-350,quiet_control,4.695065876408211
39269,2026-09-03 21:13:38.309000+00:00,0.00014519,14.936759,8.737e-05,0.0406601,303.3035,869.668,6964.6226,spacetrack,2026-09-01 11:20:58.471000+00:00,303.31158,6964.751,0.00012233,57.87773277777777,-0.0033505113399089088,-0.05324327426307622,300-350,quiet_control,5.756427023138691
39269,2026-09-04 21:20:33.535000+00:00,0.000127,14.936917,7.642e-05,0.0406482,303.33908,869.5338,6964.573,spacetrack,2026-09-03 21:13:38.309000+00:00,303.3035,6964.6226,0.00014519,24.115340555555555,0.03540982546083948,-0.0493627696130839,300-350,quiet_control,4.32593720368821
39269,2026-09-05 21:27:28.063000+00:00,0.0001197,14.937073,7.201e-05,0.0406354,303.3818,869.39435,6964.525,spacetrack,2026-09-04 21:20:33.535000+00:00,303.33908,6964.573,0.000127,24.115146666666668,0.04251601759555477,-0.04777080628784956,300-350,quiet_control,5.521255405546868
39269,2026-09-06 10:19:08.865000+00:00,0.00011406,14.937151,6.861e-05,0.0406288,303.40454,869.3232,6964.501,spacetrack,2026-09-05 21:27:28.063000+00:00,303.3818,6964.525,0.0001197,12.86133388888889,0.04243416777100108,-0.04478540134036913,300-350,quiet_control,4.8023373979569515
39270,2026-09-03 16:37:44.067000+00:00,0.00012044,14.572689,5.122e-05,0.0546495,315.0798,1088.9324,7080.143,spacetrack,2026-09-01 10:14:42.422000+00:00,315.1652,7080.2217,0.00012965,54.38379027777778,-0.03768770049921835,-0.03473093711109774,300-350,quiet_control,5.807466466021368
39270,2026-09-04 10:45:23.992000+00:00,0.00011941,14.572767,5.081e-05,0.0546493,315.05737,1088.9043,7080.1177,spacetrack,2026-09-03 16:37:44.067000+00:00,315.0798,7080.143,0.00012044,18.127756944444446,-0.029695896830999543,-0.033495594731697845,300-350,quiet_control,5.338031724676362
39270,2026-09-05 16:25:12.234000+00:00,0.00013033,14.572907,5.548e-05,0.0546502,315.008,1088.8627,7080.0723,spacetrack,2026-09-04 10:45:23.992000+00:00,315.05737,7080.1177,0.00011941,29.663400555555555,-0.039944172880015144,-0.03673213386168124,300-350,quiet_control,5.403970560728961
39270,2026-09-06 10:32:51.272000+00:00,0.00012838,14.572986,5.467e-05,0.0546493,314.9906,1088.8298,7080.0474,spacetrack,2026-09-05 16:25:12.234000+00:00,315.008,7080.0723,0.00013033,18.127510555555556,-0.02303680909303005,-0.032966468184086495,300-350,quiet_control,4.076552461591603
39473,2026-09-02 13:18:29.990000+00:00,0.00095778,15.924736,0.0033509,0.0021125,281.26544,309.46097,6673.5,spacetrack,2026-09-01 13:11:40.800000+00:00,283.06442,6675.4844,0.00094904,24.11366388888889,-1.7905001993452256,-1.9750461903863403,250-300,quiet_control,5.950456858311891
39473,2026-09-03 05:52:49.254000+00:00,0.00099222,15.929587,0.00356094,0.0020751,280.16296,307.85373,6672.1455,spacetrack,2026-09-02 13:18:29.990000+00:00,281.26544,6673.5,0.00095778,16.572017777777777,-1.596638403048372,-1.9616199086873092,250-300,quiet_control,5.8334121587554275
39473,2026-09-04 13:30:12.178000+00:00,0.0009201,15.939252,0.00347215,0.0020275,277.7885,304.83313,6669.4478,spacetrack,2026-09-03 05:52:49.254000+00:00,280.16296,6672.1455,0.00099222,31.623034444444443,-1.80207374153531,-2.0473936526786263,250-300,quiet_control,4.996216312926046
39473,2026-09-05 21:06:27.380000+00:00,0.00085567,15.948505,0.00338996,0.0019836,275.50653,301.95532,6666.868,spacetrack,2026-09-04 13:30:12.178000+00:00,277.7885,6669.4478,0.0009201,31.604222777777778,-1.732910199535397,-1.9590799759683901,250-300,quiet_control,4.901671191935129
39473,2026-09-06 13:39:16.346000+00:00,0.00095189,15.954,0.00388722,0.0019436,274.2451,300.15457,6665.337,spacetrack,2026-09-05 21:06:27.380000+00:00,275.50653,6666.868,0.00085567,16.546935,-1.8296028841595402,-2.220592514565312,250-300,quiet_control,4.825200591865234
39474,2026-09-02 11:29:40.514000+00:00,0.0010384,15.963327,0.00447244,0.0019994,271.28207,297.92502,6662.7407,spacetrack,2026-09-01 12:56:29.619000+00:00,273.50024,6665.1475,0.00099199,22.55302638888889,-2.360484978026215,-2.5612172399377813,250-300,quiet_control,5.935841266437572
39474,2026-09-03 13:02:23.259000+00:00,0.0010115,15.973279,0.00459779,0.0019312,268.97406,294.69754,6659.9727,spacetrack,2026-09-02 11:29:40.514000+00:00,271.28207,6662.7407,0.0010384,25.545206944444445,-2.168400519144978,-2.6005661314264,250-300,quiet_control,5.274447788612661
39474,2026-09-04 13:04:02.336000+00:00,0.0010004,15.98329,0.00480563,0.001877,266.55914,291.55023,6657.192,spacetrack,2026-09-03 13:02:23.259000+00:00,268.97406,6659.9727,0.0010115,24.02752138888889,-2.412153923908339,-2.777514955448851,250-300,quiet_control,5.374570470850226
39474,2026-09-05 10:04:43.677000+00:00,0.0010825,15.992445,0.00547325,0.0018141,264.44156,288.58597,6654.651,spacetrack,2026-09-04 13:04:02.336000+00:00,266.55914,6657.192,0.0010004,21.01148361111111,-2.4187687523943127,-2.902412848550827,250-300,quiet_control,5.531023822012886
39474,2026-09-06 11:34:34.512000+00:00,0.001013,16.004045,0.0054666,0.0017439,261.69803,284.8969,6651.4346,spacetrack,2026-09-05 10:04:43.677000+00:00,264.44156,6654.651,0.0010825,25.497454166666667,-2.5824037007615948,-3.027502255535876,250-300,quiet_control,4.327085825071752
40021,2026-09-03 15:31:29.827000+00:00,0.0011623,15.943127,0.00431468,0.0006179,286.10995,294.3507,6668.367,spacetrack,2026-09-01 22:50:03.461000+00:00,290.29425,6672.539,0.001242,40.69065722222223,-2.4679670188555,-2.460712282260882,250-300,quiet_control,5.410184016715932
40021,2026-09-04 11:06:09.770000+00:00,0.0011824,15.950908,0.00457438,0.0006218,283.9165,292.20657,6666.1987,spacetrack,2026-09-03 15:31:29.827000+00:00,286.10995,6668.367,0.0011623,19.577761944444443,-2.6889079635039375,-2.6580770645632263,250-300,quiet_control,5.38705966320092
40970,2026-09-02 05:01:34.251000+00:00,0.0016245,15.874959,0.00436248,0.0017324,297.7207,320.89136,6687.443,spacetrack,2026-09-01 19:57:13.457000+00:00,298.43472,6688.3345,0.0017311,9.072442777777779,-1.8888496097186256,-2.3583505042766597,250-300,quiet_control,4.561317829566544
40970,2026-09-03 06:43:16.694000+00:00,0.001438,15.884019,0.00403501,0.0016748,295.56714,317.9589,6684.9,spacetrack,2026-09-02 05:01:34.251000+00:00,297.7207,6687.443,0.0016245,25.695123055555555,-2.011488323611111,-2.3752367275321546,250-300,quiet_control,6.1902481645809075
40970,2026-09-04 05:22:53.380000+00:00,0.001508,15.892068,0.00440307,0.0016105,293.74316,315.26794,6682.6426,spacetrack,2026-09-03 06:43:16.694000+00:00,295.56714,6684.9,0.001438,22.660190555555555,-1.9318248843793495,-2.390871333017345,250-300,quiet_control,5.090957458114934
40970,2026-09-05 19:07:21.519000+00:00,0.0014116,15.9057255,0.00441366,0.001549,290.33408,311.02502,6678.8164,spacetrack,2026-09-04 05:22:53.380000+00:00,293.74316,6682.6426,0.001508,37.74114972222222,-2.167870364368511,-2.433121425178547,250-300,quiet_control,5.053351897312733
40970,2026-09-06 20:46:02.123000+00:00,0.0014832,15.916071,0.00488895,0.0015036,287.74738,307.8232,6675.9224,spacetrack,2026-09-05 19:07:21.519000+00:00,290.33408,6678.8164,0.0014116,25.644612222222225,-2.4208125848049664,-2.7084051573139782,250-300,quiet_control,4.537337082413369
40972,2026-09-02 19:55:55.447000+00:00,0.0010515,15.940063,0.00392409,0.0014226,281.59683,300.5721,6669.2217,spacetrack,2026-09-01 22:50:48.897000+00:00,283.4644,6671.27,0.0012618,21.08515277777778,-2.125746039044062,-2.3314604602637443,250-300,quiet_control,5.573159365035033
40972,2026-09-03 04:57:56.246000+00:00,0.0011291,15.943259,0.00428656,0.0014098,280.7922,299.5942,6668.33,spacetrack,2026-09-02 19:55:55.447000+00:00,281.59683,6669.2217,0.0010515,9.033555277777777,-2.137709839171009,-2.3690340449510807,250-300,quiet_control,6.561102696154545
40972,2026-09-04 05:02:48.750000+00:00,0.00096972,15.950913,0.00383255,0.0013805,278.85727,297.26266,6666.197,spacetrack,2026-09-03 04:57:56.246000+00:00,280.7922,6668.33,0.0011291,24.08125111111111,-1.928401468251463,-2.125803172094137,250-300,quiet_control,4.996625959725423
40972,2026-09-05 05:07:00.597000+00:00,0.00091266,15.958374,0.00375562,0.0013858,276.74692,295.2172,6664.119,spacetrack,2026-09-04 05:02:48.750000+00:00,278.85727,6666.197,0.00096972,24.069957499999997,-2.104216428300754,-2.071960451114644,250-300,quiet_control,4.828196726147106
40972,2026-09-06 20:12:29.823000+00:00,0.00081943,15.96928,0.00357843,0.0013823,273.73996,292.1552,6661.0845,spacetrack,2026-09-05 05:07:00.597000+00:00,276.74692,6664.119,0.00091266,39.091451666666664,-1.8461079577031096,-1.863016002091695,250-300,quiet_control,4.830921005704956
41892,2026-09-02 14:12:12.904000+00:00,0.00039899,15.941251,0.00154898,0.0003281,288.5652,292.9413,6668.89,spacetrack,2026-09-01 18:39:52.082000+00:00,289.266,6669.64,0.00041929,19.539117222222224,-0.8607963097161604,-0.9212289273503229,250-300,quiet_control,5.846461845441612
41892,2026-09-03 23:15:45.077000+00:00,0.00039781,15.945699,0.00158188,0.0003414,287.23672,291.78937,6667.65,spacetrack,2026-09-02 14:12:12.904000+00:00,288.5652,6668.89,0.00039899,33.05893694444444,-0.9644448051545211,-0.9002104347767832,250-300,quiet_control,5.455517882191766
41892,2026-09-04 14:17:10.247000+00:00,0.00043823,15.947801,0.00176276,0.0003262,286.75247,291.10208,6667.0645,spacetrack,2026-09-03 23:15:45.077000+00:00,287.23672,6667.65,0.00039781,15.023658333333334,-0.773579892602682,-0.9353247849629273,250-300,quiet_control,4.849402766044739
41892,2026-09-05 15:49:19.061000+00:00,0.00041342,15.95125,0.00169415,0.0003272,285.78506,290.14737,6666.103,spacetrack,2026-09-04 14:17:10.247000+00:00,286.75247,6667.0645,0.00043823,25.535781666666665,-0.9092276987278716,-0.9036731399583764,250-300,quiet_control,5.4908451989819005
41892,2026-09-06 15:51:01.690000+00:00,0.00039861,15.954594,0.00166338,0.0003303,284.8332,289.2362,6665.172,spacetrack,2026-09-05 15:49:19.061000+00:00,285.78506,6666.103,0.00041342,24.028508055555555,-0.950730688196782,-0.9298954370513149,250-300,quiet_control,4.157873028344607
43879,2026-09-02 20:06:53.221000+00:00,0.00093654,15.874509,0.00252753,0.0007079,304.6984,314.16666,6687.5693,spacetrack,2026-09-01 19:54:17.073000+00:00,306.13663,6689.039,0.001012,24.21004111111111,-1.425752225763842,-1.4569491988100436,300-350,quiet_control,5.628253419368648
43879,2026-09-03 18:48:16.460000+00:00,0.00088785,15.879223,0.00244986,0.0007033,303.4066,312.81146,6686.246,spacetrack,2026-09-02 20:06:53.221000+00:00,304.6984,6687.5693,0.00093654,22.689788611111112,-1.3663943957951656,-1.3997133487814006,300-350,quiet_control,5.374369324409381
43879,2026-09-05 08:36:19.037000+00:00,0.00093206,15.887547,0.00260291,0.0007226,300.9435,310.60312,6683.91,spacetrack,2026-09-03 18:48:16.460000+00:00,303.4066,6686.246,0.00088785,37.80071583333333,-1.5638434007610296,-1.4831465162510904,300-350,quiet_control,5.333364895051921
43879,2026-09-06 19:21:51.366000+00:00,0.00095308,15.895528,0.00277029,0.0007348,298.62613,308.44553,6681.673,spacetrack,2026-09-05 08:36:19.037000+00:00,300.9435,6683.91,0.00093206,34.75898027777778,-1.6000722563071488,-1.5445792589699732,300-350,quiet_control,4.457800325925365
44408,2026-09-02 02:28:12.100000+00:00,0.00032233,15.738651,0.00045596,0.0007351,342.91815,352.8067,6725.9995,spacetrack,2026-09-01 14:15:44.804000+00:00,343.0551,6726.1567,0.00033459,12.207582222222223,-0.26924250356600354,-0.3090538266556735,300-350,quiet_control,5.453411104064285
44408,2026-09-03 02:53:02.533000+00:00,0.00031724,15.739651,0.00045062,0.0007272,342.68683,352.46872,6725.715,spacetrack,2026-09-02 02:28:12.100000+00:00,342.91815,6725.9995,0.00032233,24.414009166666666,-0.22739730955704127,-0.27967549096018934,300-350,quiet_control,6.289268104982484
44408,2026-09-04 03:17:47.216000+00:00,0.00035318,15.740683,0.00050434,0.0007156,342.47104,352.09644,6725.421,spacetrack,2026-09-03 02:53:02.533000+00:00,342.68683,6725.715,0.00031724,24.412411944444447,-0.21214454400429938,-0.2890333006035726,300-350,quiet_control,5.006857304133418
44408,2026-09-05 09:48:34.936000+00:00,0.00030684,15.741909,0.00043993,0.0006956,342.25656,351.6125,6725.072,spacetrack,2026-09-04 03:17:47.216000+00:00,342.47104,6725.421,0.00035318,30.513255555555556,-0.16869783005057568,-0.2745036492338105,300-350,quiet_control,5.259423572924408
44408,2026-09-06 16:19:14.252000+00:00,0.00033617,15.743164,0.00048496,0.0006816,341.99368,351.16083,6724.7144,spacetrack,2026-09-05 09:48:34.936000+00:00,342.25656,6725.072,0.00030684,30.510921111111113,-0.20678235104814033,-0.28128944284416124,300-350,quiet_control,4.368728989535952
44499,2026-09-02 21:48:15.305000+00:00,0.00038883,15.729386,0.00054313,0.0006336,346.24017,354.76672,6728.6406,spacetrack,2026-09-01 18:22:06.674000+00:00,346.84988,6729.06,0.0004286,27.43573083333333,-0.5333570331657285,-0.3668792371948396,300-350,quiet_control,5.671960624826317
44499,2026-09-03 02:22:35.892000+00:00,0.0004052,15.729593,0.00056692,0.0006467,346.09305,354.7958,6728.5815,spacetrack,2026-09-02 21:48:15.305000+00:00,346.24017,6728.6406,0.00038883,4.572385277777777,-0.7722183905104743,-0.31021007938270184,300-350,quiet_control,7.559341474274277
44499,2026-09-04 01:14:15.174000+00:00,0.00045321,15.730773,0.00063851,0.0006526,345.71725,354.49896,6728.245,spacetrack,2026-09-03 02:22:35.892000+00:00,346.09305,6728.5815,0.0004052,22.86091166666667,-0.3945249485894943,-0.35326675146484926,300-350,quiet_control,5.109070599182141
44499,2026-09-05 22:57:14.837000+00:00,0.00040982,15.7331505,0.00058249,0.0006805,344.8522,354.00842,6727.5674,spacetrack,2026-09-04 01:14:15.174000+00:00,345.71725,6728.245,0.00045321,45.71657305555556,-0.4541285274110672,-0.3557222012296782,300-350,quiet_control,4.826012300195316
44499,2026-09-06 02:00:05.957000+00:00,0.00041956,15.733296,0.00059697,0.0006856,344.77625,354.00104,6727.526,spacetrack,2026-09-05 22:57:14.837000+00:00,344.8522,6727.5674,0.00040982,3.0475333333333334,-0.5981230722112291,-0.32603416971155025,300-350,quiet_control,4.656811428550594
44741,2026-09-02 22:00:03+00:00,0.00035047,15.865733,0.00090875,0.0002559,310.18646,313.6104,6690.0356,spacetrack,2026-09-01 13:04:46.961000+00:00,311.42264,6690.989,0.00033744,32.921121944444444,-0.9011940738248869,-0.6950431409536885,300-350,quiet_control,5.784949267499566
44741,2026-09-03 21:01:04.487000+00:00,0.00037209,15.8679,0.00097734,0.0005879,307.3565,315.22195,6689.4263,spacetrack,2026-09-02 22:00:03+00:00,310.18646,6690.0356,0.00035047,23.01707972222222,-2.9508104772486456,-0.6353195182220969,300-350,quiet_control,5.4786480237797335
44741,2026-09-04 16:00:02+00:00,0.00019014,15.869892,0.00049735,0.0002926,308.77222,312.68652,6688.866,spacetrack,2026-09-03 21:01:04.487000+00:00,307.3565,6689.4263,0.00037209,18.9826425,1.7899130745364096,-0.708394524102866,300-350,quiet_control,4.8409294321261
44741,2026-09-05 15:20:15.553000+00:00,0.000399,15.871756,0.00106912,0.0003983,307.54187,312.8698,6688.343,spacetrack,2026-09-04 16:00:02+00:00,308.77222,6688.866,0.00019014,23.337098055555554,-1.2652987072216657,-0.5378560766262551,300-350,quiet_control,5.727969938374109
44741,2026-09-06 14:00:15.487000+00:00,0.00040151,15.873943,0.00108767,0.0003268,307.4057,311.7768,6687.728,spacetrack,2026-09-05 15:20:15.553000+00:00,307.54187,6688.343,0.000399,22.66664833333333,-0.14418011661626318,-0.6511769972752814,300-350,quiet_control,4.118218147088207
44753,2026-09-02 15:07:53.488000+00:00,0.00038222,15.772564,0.00063895,0.0004361,335.28912,341.14716,6716.355,spacetrack,2026-09-01 19:21:40.517000+00:00,335.8442,6716.6777,0.00040415,19.770269722222224,-0.6738360268815793,-0.39173972377876165,300-350,quiet_control,5.834951726266984
44753,2026-09-03 12:25:15.773000+00:00,0.0004044,15.773714,0.00068026,0.000443,334.91626,340.86664,6716.0283,spacetrack,2026-09-02 15:07:53.488000+00:00,335.28912,6716.355,0.00038222,21.28952361111111,-0.4203306829904699,-0.3682938210932393,300-350,quiet_control,5.147092274193025
44753,2026-09-04 08:11:18.487000+00:00,0.0003741,15.774799,0.0006315,0.0004505,334.55814,340.609,6715.7207,spacetrack,2026-09-03 12:25:15.773000+00:00,334.91626,6716.0283,0.0004044,19.767420555555557,-0.434800280382837,-0.3734629907455194,300-350,quiet_control,5.34458372399906
44753,2026-09-05 14:35:49.998000+00:00,0.00035877,15.776437,0.00060973,0.0004889,333.83557,340.40173,6715.256,spacetrack,2026-09-04 08:11:18.487000+00:00,334.55814,6715.7207,0.0003741,30.408753055555554,-0.5702857979186632,-0.366762819232121,300-350,quiet_control,5.56524740030308
44753,2026-09-06 13:24:06.121000+00:00,0.00034279,15.777685,0.00058547,0.0005384,333.14935,340.37997,6714.902,spacetrack,2026-09-05 14:35:49.998000+00:00,333.83557,6715.256,0.00035877,22.80447861111111,-0.7221949811198669,-0.3725583971854951,300-350,quiet_control,4.079128255545028
44771,2026-09-02 19:27:04.204000+00:00,0.00054136,16.03965,0.00356569,0.0005278,259.94525,266.95612,6641.588,spacetrack,2026-09-01 22:30:41.816000+00:00,261.66696,6643.3257,0.00064554,20.939552222222225,-1.9733487880485103,-1.9916758275162447,250-300,quiet_control,5.570191382103736
44771,2026-09-03 16:22:55.843000+00:00,0.00055733,16.046429,0.00382942,0.0006081,257.5427,265.61792,6639.7173,spacetrack,2026-09-02 19:27:04.204000+00:00,259.94525,6641.588,0.00054136,20.931010833333332,-2.7548215640007085,-2.144989573484337,250-300,quiet_control,5.283359981061594
44771,2026-09-06 20:33:12.775000+00:00,0.00053866,16.072931,0.00437546,0.0007938,249.01447,259.5441,6632.4165,spacetrack,2026-09-05 19:10:37.913000+00:00,251.85976,6634.9644,0.00053979,25.376350555555554,-2.690968500395748,-2.4097081992194687,250-300,quiet_control,4.530473966454024
44772,2026-09-02 22:00:03+00:00,0.00036757,15.947197,0.00140916,0.0003533,286.7399,291.45096,6667.2324,spacetrack,2026-09-01 16:00:02+00:00,288.531,6668.642,0.00053231,30.00027777777778,-1.4328667327154605,-1.1276695586151617,250-300,quiet_control,5.700002777752058
44772,2026-09-03 22:00:01.999000+00:00,0.0005506,15.950906,0.002172,0.0003923,285.44687,290.6772,6666.199,spacetrack,2026-09-02 22:00:03+00:00,286.7399,6667.2324,0.00036757,23.999721944444442,-1.2930449807641744,-1.0334119727477646,250-300,quiet_control,5.499994207108812
44772,2026-09-04 20:00:01.999000+00:00,0.00061292,15.954424,0.00246929,0.0004368,284.17053,289.99326,6665.2188,spacetrack,2026-09-03 22:00:01.999000+00:00,285.44687,6666.199,0.0005506,22.0,-1.3923709090909142,-1.069309090909056,250-300,quiet_control,4.363560643939394
44772,2026-09-05 22:00:03+00:00,0.00025266,15.959833,0.00102817,0.000433,282.69064,288.4614,6663.713,spacetrack,2026-09-04 20:00:01.999000+00:00,284.17053,6665.2188,0.00061292,26.000278055555558,-1.366037698678041,-1.3899543659793987,250-300,quiet_control,5.346160806549494
44772,2026-09-06 22:00:01.999000+00:00,0.0018009,15.969911,0.00793986,0.0003287,280.5827,284.9616,6660.909,spacetrack,2026-09-05 22:00:03+00:00,282.69064,6663.713,0.00025266,23.999721944444442,-2.107964422134089,-2.8040324865338726,250-300,quiet_control,4.833389261836239
44927,2026-09-04 22:45:48.252000+00:00,0.00033703,15.808722,0.00066403,0.0005852,324.04855,331.89737,6706.11,spacetrack,2026-09-03 20:58:07.597000+00:00,324.47168,6706.5933,0.00039837,25.79462638888889,-0.39369130015291476,-0.44967505344505176,300-350,quiet_control,4.21581481414276
44927,2026-09-05 21:31:15.844000+00:00,0.00035423,15.810232,0.0007035,0.0005768,323.67807,331.41373,6705.683,spacetrack,2026-09-04 22:45:48.252000+00:00,324.04855,6706.11,0.00033703,22.757664444444444,-0.3907044161629799,-0.4503098296843918,300-350,quiet_control,5.736856906523018
44927,2026-09-06 20:16:35.638000+00:00,0.00039568,15.811743,0.00079297,0.0005687,323.30545,330.932,6705.256,spacetrack,2026-09-05 21:31:15.844000+00:00,323.67807,6705.683,0.00035423,22.755498333333332,-0.39299864450340993,-0.45035269497836317,300-350,quiet_control,4.727434397601146
44961,2026-09-02 00:01:22.615000+00:00,0.00038532,15.777866,0.00065987,0.0004403,333.75665,339.66977,6714.85,spacetrack,2026-09-01 10:20:26.241000+00:00,333.89236,6715.0815,0.00038786,13.682326111111111,-0.23804724237316977,-0.4060713035837491,300-350,quiet_control,6.941902645939792
44961,2026-09-03 00:20:42.899000+00:00,0.00043335,15.77948,0.00074916,0.000436,333.32785,339.1828,6714.392,spacetrack,2026-09-02 00:01:22.615000+00:00,333.75665,6714.85,0.00038532,24.322301111111113,-0.42311786014761144,-0.4519309233858414,300-350,quiet_control,5.67538412735162
44961,2026-09-04 15:51:50.917000+00:00,0.00035763,15.781682,0.00062229,0.0004081,332.89084,338.3706,6713.7676,spacetrack,2026-09-03 00:20:42.899000+00:00,333.32785,6714.392,0.00043335,39.51889388888889,-0.2653981163918291,-0.37920089671857043,300-350,quiet_control,5.127194103456197
44961,2026-09-05 22:15:34.648000+00:00,0.00033339,15.783282,0.00058355,0.0003792,332.63123,337.7226,6713.314,spacetrack,2026-09-04 15:51:50.917000+00:00,332.89084,6713.7676,0.00035763,30.395480833333334,-0.20498573568105438,-0.3581585058545005,300-350,quiet_control,4.9451499510650025
44961,2026-09-06 21:03:14.770000+00:00,0.00037364,15.784601,0.00065935,0.0003934,332.16208,337.44382,6712.94,spacetrack,2026-09-05 22:15:34.648000+00:00,332.63123,6713.314,0.00033339,22.794478333333334,-0.49396173210662725,-0.3937795754198486,300-350,quiet_control,4.79441193129106
45060,2026-09-02 22:04:08.558000+00:00,0.00031801,15.76605,0.00051431,0.0001967,338.7463,341.38925,6718.2046,spacetrack,2026-09-01 23:14:52.308000+00:00,339.0788,6718.5347,0.00039047,22.821180555555557,-0.3496751616584061,-0.3471511905668916,300-350,quiet_control,5.605629516926587
45060,2026-09-03 20:53:18.986000+00:00,0.00034841,15.767195,0.00056734,0.0001892,338.47153,341.01355,6717.8794,spacetrack,2026-09-02 22:04:08.558000+00:00,338.7463,6718.2046,0.00031801,22.819563333333335,-0.2889836191724285,-0.3420223203221684,300-350,quiet_control,5.469253964203327
45060,2026-09-04 21:13:39.474000+00:00,0.00029669,15.768409,0.00048429,0.0001973,338.07236,340.72308,6717.5347,spacetrack,2026-09-03 20:53:18.986000+00:00,338.47153,6717.8794,0.00034841,24.339024444444444,-0.3936098598309265,-0.33989858627550185,300-350,quiet_control,4.364801597544173
45060,2026-09-05 23:05:09.103000+00:00,0.0003265,15.769651,0.00053693,0.0001963,337.72635,340.36353,6717.182,spacetrack,2026-09-04 21:13:39.474000+00:00,338.07236,6717.5347,0.00029669,25.85823027777778,-0.3211449473066235,-0.32735418894012147,300-350,quiet_control,5.409812773021149
45060,2026-09-06 20:22:45.384000+00:00,0.00034896,15.770745,0.00057741,0.0001963,337.41577,340.05283,6716.871,spacetrack,2026-09-05 23:05:09.103000+00:00,337.72635,6717.182,0.0003265,21.293411388888888,-0.35005757714754476,-0.35053096301363224,300-350,quiet_control,4.78702967601572
45062,2026-09-02 22:00:03+00:00,0.00054498,15.917204,0.00179259,0.0002634,295.70996,299.22665,6675.6055,spacetrack,2026-09-01 16:00:02+00:00,296.62784,6676.653,0.00041101,30.00027777777778,-0.7342972009518176,-0.8379922408130507,250-300,quiet_control,5.700002777752058
45062,2026-09-03 22:00:01.999000+00:00,0.00068707,15.920263,0.00230565,0.0002584,294.8884,298.33792,6674.75,spacetrack,2026-09-02 22:00:03+00:00,295.70996,6675.6055,0.00054498,23.999721944444442,-0.8215695184154033,-0.8555099116364889,250-300,quiet_control,5.499994207108812
45062,2026-09-04 20:00:01.999000+00:00,0.00050876,15.923431,0.00172716,0.0002415,294.11588,297.33936,6673.8647,spacetrack,2026-09-03 22:00:01.999000+00:00,294.8884,6674.75,0.00068707,22.0,-0.8427490909090756,-0.9657818181817261,250-300,quiet_control,4.363560643939394
45062,2026-09-05 22:00:03+00:00,0.00059618,15.926851,0.00206716,0.0002562,293.06284,296.48203,6672.9097,spacetrack,2026-09-04 20:00:01.999000+00:00,294.11588,6673.8647,0.00050876,26.000278055555558,-0.9720265277932321,-0.8815290340751132,250-300,quiet_control,5.346160806549494
45062,2026-09-06 22:00:01.999000+00:00,0.00067958,15.930134,0.0024027,0.000261,292.11414,295.59692,6671.9927,spacetrack,2026-09-05 22:00:03+00:00,293.06284,6672.9097,0.00059618,23.999721944444442,-0.9487109914317151,-0.9170106241628108,250-300,quiet_control,4.833389261836239
45100,2026-09-02 20:03:59.668000+00:00,0.00035046,15.779786,0.00060431,0.0003792,333.6224,338.71454,6714.3057,spacetrack,2026-09-01 22:47:07.058000+00:00,333.91617,6714.645,0.00037448,21.281280555555554,-0.3312996124267215,-0.3826461466336599,300-350,quiet_control,5.5770931182216605
45100,2026-09-03 12:47:11.308000+00:00,0.00038438,15.780724,0.00066675,0.0003848,333.31903,338.48615,6714.0396,spacetrack,2026-09-02 20:03:59.668000+00:00,333.6224,6714.3057,0.00035046,16.7199,-0.4354619345809907,-0.3819640069615114,300-350,quiet_control,5.235254131636885
45100,2026-09-04 22:13:23.720000+00:00,0.00033114,15.782614,0.00057778,0.0003703,332.88055,337.85257,6713.5034,spacetrack,2026-09-03 12:47:11.308000+00:00,333.31903,6714.0396,0.00038438,33.43678111111111,-0.314728859965001,-0.3848695829077512,300-350,quiet_control,4.710804498957784
45100,2026-09-05 21:01:07.767000+00:00,0.00034022,15.78384,0.00059724,0.0003653,332.56635,337.47098,6713.156,spacetrack,2026-09-04 22:13:23.720000+00:00,332.88055,6713.5034,0.00033114,22.79556861111111,-0.33080113633687136,-0.3657552984191719,300-350,quiet_control,5.686578289272037
45100,2026-09-06 18:17:34.409000+00:00,0.00046403,15.78526,0.00082452,0.000381,332.05847,337.1736,6712.753,spacetrack,2026-09-05 21:01:07.767000+00:00,332.56635,6713.156,0.00034022,21.274067222222225,-0.5729567304961615,-0.45463802943627385,300-350,quiet_control,4.591602096877416
45190,2026-09-02 22:26:54.427000+00:00,0.00052703,16.082588,0.00453698,0.0003615,249.22763,254.02095,6629.761,spacetrack,2026-09-01 06:09:40.795000+00:00,253.23091,6634.0366,0.0005639,40.28712,-2.3848495499305917,-2.547077080714595,250-300,quiet_control,6.368322879757986
45190,2026-09-03 17:49:54.387000+00:00,0.00055961,16.09055,0.00507304,0.0003527,247.09947,251.77457,6627.574,spacetrack,2026-09-02 22:26:54.427000+00:00,249.22763,6629.761,0.00052703,19.383322222222223,-2.6350405474580483,-2.7078949314397684,200-250,quiet_control,5.22613885132637
45190,2026-09-04 13:12:14.751000+00:00,0.00060754,16.10067,0.00588645,0.0003952,244.04132,249.27756,6624.7964,spacetrack,2026-09-03 17:49:54.387000+00:00,247.09947,6627.574,0.00055961,19.372323333333334,-3.7886834086498107,-3.4411153919407624,200-250,quiet_control,5.318404030698779
45190,2026-09-05 05:35:14.296000+00:00,0.00054735,16.107983,0.00556692,0.0004069,241.95972,247.34935,6622.7915,spacetrack,2026-09-04 13:12:14.751000+00:00,244.04132,6624.7964,0.00060754,16.383206944444446,-3.049366352351493,-2.937007398073212,200-250,quiet_control,5.0067832330683455
45190,2026-09-06 17:18:19.402000+00:00,0.00052387,16.125263,0.00598879,0.0004523,236.92882,242.91551,6618.059,spacetrack,2026-09-05 05:35:14.296000+00:00,241.95972,6622.7915,0.00054735,35.718085,-3.3804051924956235,-3.179901722054856,200-250,quiet_control,4.699818453312936
45206,2026-09-02 22:20:01.672000+00:00,0.00038123,15.825283,0.00081418,0.0006312,319.0635,327.5234,6701.4307,spacetrack,2026-09-01 16:00:02+00:00,319.69284,6702.112,0.00042617,30.333242222222225,-0.4979408363058192,-0.5390521685817572,300-350,quiet_control,5.703295812097311
45206,2026-09-03 22:34:58.773000+00:00,0.00040597,15.827099,0.00087551,0.0006129,318.67386,326.88785,6700.918,spacetrack,2026-09-02 22:20:01.672000+00:00,319.0635,6701.4307,0.00038123,24.24919472222222,-0.38563589872244175,-0.5074312834285212,300-350,quiet_control,5.505138206135849
45206,2026-09-04 00:05:54.574000+00:00,0.00042366,15.8272295,0.000915,0.0006287,318.53107,326.95676,6700.881,spacetrack,2026-09-03 22:34:58.773000+00:00,318.67386,6700.918,0.00040597,1.515500277777778,-2.2612730926218187,-0.5859451251876764,300-350,quiet_control,5.93500972634449
45223,2026-09-02 22:24:28.612000+00:00,0.00038383,15.80995,0.00076243,0.0005919,323.65662,331.59488,6705.7627,spacetrack,2026-09-01 22:07:56.923000+00:00,324.13037,6706.2583,0.00042682,24.275469166666667,-0.4683740578581165,-0.48997611203070857,300-350,quiet_control,5.629255363173036
45223,2026-09-03 21:09:49.741000+00:00,0.00041912,15.811532,0.00084006,0.0005854,323.25302,331.1036,6705.3154,spacetrack,2026-09-02 22:24:28.612000+00:00,323.65662,6705.7627,0.00038383,22.755869166666667,-0.4256660085824566,-0.47175521714286806,300-350,quiet_control,5.472663517613386
45223,2026-09-04 21:26:02.928000+00:00,0.0003457,15.8132715,0.00069611,0.000578,322.81134,330.5621,6704.8237,spacetrack,2026-09-03 21:09:49.741000+00:00,323.25302,6705.3154,0.00041912,24.270329722222225,-0.4367604445972844,-0.48622330784434464,300-350,quiet_control,4.321547867997536
45223,2026-09-05 23:13:06.698000+00:00,0.0003814,15.815064,0.00077586,0.0005659,322.38602,329.97394,6704.317,spacetrack,2026-09-04 21:26:02.928000+00:00,322.81134,6704.8237,0.0003457,25.784380555555558,-0.3958861830326428,-0.4716343669298521,300-350,quiet_control,5.429869267322368
45223,2026-09-06 20:27:01.675000+00:00,0.00040854,15.816612,0.0008382,0.0005593,321.99292,329.49188,6703.8794,spacetrack,2026-09-05 23:13:06.698000+00:00,322.38602,6704.317,0.0003814,21.231938055555556,-0.44434945012144683,-0.4946510286778457,300-350,quiet_control,4.796014500010904
45237,2026-09-02 03:39:19.498000+00:00,0.00038525,15.791507,0.00070249,0.0005823,328.93808,336.7537,6710.983,spacetrack,2026-09-01 21:34:47.007000+00:00,329.0175,6711.0933,0.00041382,6.075691944444445,-0.3137222916218117,-0.4357034596573448,300-350,quiet_control,4.302936963146996
45237,2026-09-03 06:59:39.226000+00:00,0.00038213,15.79324,0.00070226,0.0005769,328.48367,336.22626,6710.492,spacetrack,2026-09-02 03:39:19.498000+00:00,328.93808,6710.983,0.00038525,27.338813333333334,-0.3989141689153991,-0.43103553385149307,300-350,quiet_control,6.0485808902052645
45237,2026-09-04 20:57:35.561000+00:00,0.00036841,15.795631,0.00068413,0.0005905,327.71548,335.63977,6709.8145,spacetrack,2026-09-03 06:59:39.226000+00:00,328.48367,6710.492,0.00038213,37.96564861111111,-0.48561161667087693,-0.42828189678909045,300-350,quiet_control,4.6593948030578956
45237,2026-09-05 06:04:14.851000+00:00,0.00036999,15.796154,0.00068875,0.0005774,327.65543,335.40375,6709.6665,spacetrack,2026-09-04 20:57:35.561000+00:00,327.71548,6709.8145,0.00036841,9.11091388888889,-0.15818391190782216,-0.3898620976250383,300-350,quiet_control,6.982385106506879
45237,2026-09-06 23:03:56.953000+00:00,0.00040696,15.79873,0.00076792,0.0005533,327.08804,334.51215,6708.937,spacetrack,2026-09-05 06:04:14.851000+00:00,327.65543,6709.6665,0.00036999,40.99502833333334,-0.3321710108181272,-0.42707617757085514,300-350,quiet_control,4.754219864682507
45369,2026-09-02 20:10:37.456000+00:00,0.0003723,15.772662,0.00062209,0.0001869,336.93488,339.44543,6716.327,spacetrack,2026-09-01 18:19:24.751000+00:00,337.64813,6716.7725,0.00040348,25.853529166666668,-0.6621146339305009,-0.4135605599942932,300-350,quiet_control,5.651885050509706
45369,2026-09-03 18:59:13.383000+00:00,0.00039207,15.773937,0.00065957,0.000235,336.24994,339.40643,6715.9653,spacetrack,2026-09-02 20:10:37.456000+00:00,336.93488,6716.327,0.0003723,22.80997972222222,-0.7206740295339231,-0.3805702637934425,300-350,quiet_control,5.385665864796241
45369,2026-09-04 16:16:28.707000+00:00,0.00035216,15.775094,0.00059436,0.0001961,336.1828,338.81665,6715.6367,spacetrack,2026-09-03 18:59:13.383000+00:00,336.24994,6715.9653,0.00039207,21.287589999999998,-0.07569480622277472,-0.3704693673636036,300-350,quiet_control,5.009487961452345
45369,2026-09-05 16:36:05.226000+00:00,0.00038913,15.776423,0.00066195,0.0002453,335.47528,338.76978,6715.26,spacetrack,2026-09-04 16:16:28.707000+00:00,336.1828,6715.6367,0.00035216,24.326810833333333,-0.6980150467044594,-0.3716393431895001,300-350,quiet_control,5.576301085910939
45369,2026-09-06 12:21:54.941000+00:00,0.00047707,15.777854,0.00081983,0.0002743,334.8747,338.55847,6714.8535,spacetrack,2026-09-05 16:36:05.226000+00:00,335.47528,6715.26,0.00038913,19.76380972222222,-0.7293087821925672,-0.4936295247283057,300-350,quiet_control,4.180540329641517
45375,2026-09-02 13:24:48.588000+00:00,0.00035777,15.768491,0.00058652,0.0004549,336.3188,342.43036,6717.5117,spacetrack,2026-09-01 17:38:17.586000+00:00,336.62302,6717.82,0.00037552,19.775278333333333,-0.36921250244516635,-0.3741641394508427,300-350,quiet_control,5.848295434864085
45375,2026-09-03 16:47:33.192000+00:00,0.00033494,15.769889,0.00055194,0.0004857,335.71487,342.2399,6717.1143,spacetrack,2026-09-02 13:24:48.588000+00:00,336.3188,6717.5117,0.00035777,27.379056666666667,-0.5293944264210633,-0.3483538573338728,300-350,quiet_control,5.2329903745161905
45375,2026-09-04 17:07:38.847000+00:00,0.00034405,15.77114,0.0005705,0.000518,335.14297,342.10153,6716.7593,spacetrack,2026-09-03 16:47:33.192000+00:00,335.71487,6717.1143,0.00033494,24.334904166666668,-0.5640293426263682,-0.3501143847396707,300-350,quiet_control,5.0339049688059525
45375,2026-09-05 23:32:36.363000+00:00,0.00033121,15.772603,0.00055245,0.0005227,334.69638,341.71765,6716.344,spacetrack,2026-09-04 17:07:38.847000+00:00,335.14297,6716.7593,0.00034405,30.41597666666667,-0.3523858568627371,-0.32769620088889234,300-350,quiet_control,5.027582159945985
45375,2026-09-06 13:13:46.828000+00:00,0.00033472,15.773303,0.00056021,0.0005327,334.43063,341.586,6716.1455,spacetrack,2026-09-05 23:32:36.363000+00:00,334.69638,6716.344,0.00033121,13.686240277777777,-0.4660154922426101,-0.3480868305187796,300-350,quiet_control,4.966640521862336
45376,2026-09-03 19:30:19.380000+00:00,0.0003123,15.725143,0.0004218,0.0003296,349.49557,353.9319,6729.8506,spacetrack,2026-09-02 16:02:55.205000+00:00,349.93008,6730.1533,0.00039329,27.45671527777778,-0.3798065389285614,-0.2645910090302852,300-350,quiet_control,5.366374295703313
45376,2026-09-04 13:48:31.560000+00:00,0.00034604,15.725903,0.00046984,0.0003219,349.3308,353.66336,6729.6343,spacetrack,2026-09-03 19:30:19.380000+00:00,349.49557,6729.8506,0.0003123,18.303383333333333,-0.2160518592646034,-0.2836196950837569,300-350,quiet_control,5.163315889685241
45376,2026-09-05 20:18:44.944000+00:00,0.00032437,15.727132,0.00044222,0.0003508,348.78595,353.5072,6729.2837,spacetrack,2026-09-04 13:48:31.560000+00:00,349.3308,6729.6343,0.00034604,30.50371777777778,-0.42868217229331274,-0.2758483428575439,300-350,quiet_control,4.969267571246142
45376,2026-09-06 13:05:18.792000+00:00,0.00033612,15.727795,0.00045991,0.0003735,348.4441,353.4707,6729.094,spacetrack,2026-09-05 20:18:44.944000+00:00,348.78595,6729.2837,0.00032437,16.77606888888889,-0.4890537857432418,-0.27138658228883805,300-350,quiet_control,4.69822807117705
45377,2026-09-02 22:00:03+00:00,0.00017322,15.885521,0.00048954,0.0005338,302.7734,309.90976,6684.4785,spacetrack,2026-09-01 16:00:02+00:00,303.9225,6685.558,0.00062308,30.00027777777778,-0.919271488226987,-0.863592003777603,300-350,quiet_control,5.700002777752058
45377,2026-09-03 22:00:01.999000+00:00,0.00036727,15.887716,0.0010656,0.0005632,301.9614,309.4901,6683.863,spacetrack,2026-09-02 22:00:03+00:00,302.7734,6684.4785,0.00017322,23.999721944444442,-0.8120094076552451,-0.6155071310489366,300-350,quiet_control,5.499994207108812
45377,2026-09-04 14:30:40.135000+00:00,0.00039187,15.889312,0.00114803,0.0006162,301.16006,309.3967,6683.4155,spacetrack,2026-09-03 22:00:01.999000+00:00,301.9614,6683.863,0.00036727,16.510593333333333,-1.1648376052708544,-0.6504914622494027,300-350,quiet_control,4.93939919313755
45377,2026-09-05 22:00:03+00:00,0.00040366,15.893613,0.00120933,0.0005608,300.325,307.8198,6682.2095,spacetrack,2026-09-04 14:30:40.135000+00:00,301.16006,6683.4155,0.00039187,31.489684722222222,-0.6364446064414468,-0.9191581387786143,300-350,quiet_control,4.872947812319317
45377,2026-09-06 22:00:01.999000+00:00,0.00042775,15.896164,0.00125475,0.0005835,299.45892,307.25623,6681.4946,spacetrack,2026-09-05 22:00:03+00:00,300.325,6682.2095,0.00040366,23.999721944444442,-0.866090034214412,-0.7149082826757647,300-350,quiet_control,4.833389261836239
45379,2026-09-02 21:41:53.779000+00:00,0.00047714,16.0273,0.00292559,0.0009774,260.3672,273.3568,6644.999,spacetrack,2026-09-01 17:15:27.067000+00:00,262.71503,6647.033,0.00050849,28.440753333333333,-1.9812386591728712,-1.716410231046861,250-300,quiet_control,5.6835526860165215
45379,2026-09-03 17:09:00.865000+00:00,0.00047676,16.03239,0.00301491,0.0009881,258.89087,272.01996,6643.5923,spacetrack,2026-09-02 21:41:53.779000+00:00,260.3672,6644.999,0.00047714,19.451968333333333,-1.8215082089807595,-1.7355981369831779,250-300,quiet_control,5.228869811889645
45379,2026-09-04 15:34:54.944000+00:00,0.001194,16.048117,0.00832791,0.001007,254.42892,267.80038,6639.2515,spacetrack,2026-09-03 17:09:00.865000+00:00,258.89087,6643.5923,0.00047676,22.43168861111111,-4.773907210309465,-4.644287008709433,250-300,quiet_control,5.227534054347893
45379,2026-09-05 15:28:41.438000+00:00,0.0010077,16.069555,0.00803358,0.0010297,248.37798,262.0387,6633.345,spacetrack,2026-09-04 15:34:54.944000+00:00,254.42892,6639.2515,0.001194,23.896248333333336,-6.077211701781078,-5.932144578622539,250-300,quiet_control,5.640738863541271
45379,2026-09-06 15:21:16.443000+00:00,0.00056155,16.07747,0.00471163,0.0010327,246.18274,259.87875,6631.168,spacetrack,2026-09-05 15:28:41.438000+00:00,248.37798,6633.345,0.0010077,23.87639027777778,-2.2066049091614977,-2.188270479421773,200-250,quiet_control,4.150851401846815
45383,2026-09-02 13:12:59.349000+00:00,0.00034368,15.747113,0.00051169,2.43e-05,345.28946,345.6162,6723.59,spacetrack,2026-09-01 17:24:51.818000+00:00,345.58408,6723.863,0.00037425,19.802091944444445,-0.3570774249426013,-0.33087413281309946,300-350,quiet_control,5.848500854939133
45383,2026-09-03 18:09:21.249000+00:00,0.00033925,15.748462,0.00050798,3.82e-05,344.81213,345.32578,6723.206,spacetrack,2026-09-02 13:12:59.349000+00:00,345.28946,6723.59,0.00034368,28.939416666666666,-0.39585870482300245,-0.31845838864525655,300-350,quiet_control,5.279733322198962
45383,2026-09-04 06:20:24.631000+00:00,0.00033716,15.749012,0.00050603,7.23e-05,344.42615,345.3983,6723.0493,spacetrack,2026-09-03 18:09:21.249000+00:00,344.81213,6723.206,0.00033925,12.184272777777776,-0.7602850140466035,-0.30866019405524536,300-350,quiet_control,5.4389281018048266
45383,2026-09-05 12:47:56.428000+00:00,0.00036003,15.750373,0.00054426,5.56e-05,344.15143,344.899,6722.662,spacetrack,2026-09-04 06:20:24.631000+00:00,344.42615,6723.0493,0.00033716,30.458832500000003,-0.21646528966597944,-0.30517256365574497,300-350,quiet_control,5.503636351714327
45383,2026-09-06 16:12:35.223000+00:00,0.0003122,15.751554,0.00047316,7.48e-05,343.6863,344.69196,6722.326,spacetrack,2026-09-05 12:47:56.428000+00:00,344.15143,6722.662,0.00036003,27.410776388888888,-0.4072529665567861,-0.2941908644103401,300-350,quiet_control,4.145607260404831
45384,2026-09-02 12:44:49.097000+00:00,0.00039465,15.8185625,0.00081625,0.0003928,322.55826,327.8244,6703.328,spacetrack,2026-09-01 16:00:02+00:00,322.84607,6703.7583,0.00047046,20.74641583333333,-0.3329461848008123,-0.49778236795037034,300-350,quiet_control,5.855396709287014
45384,2026-09-03 20:35:13.947000+00:00,0.00038934,15.820768,0.00081364,0.0004558,321.51328,327.62347,6702.7056,spacetrack,2026-09-02 12:44:49.097000+00:00,322.55826,6703.328,0.00039465,31.840236111111114,-0.7876675258462787,-0.46914224969556856,300-350,quiet_control,5.421713066581985
45384,2026-09-04 22:21:33.698000+00:00,0.00034114,15.822524,0.00071719,0.0004811,320.848,327.29684,6702.2095,spacetrack,2026-09-03 20:35:13.947000+00:00,321.51328,6702.7056,0.00038934,25.772153055555556,-0.6195338032325569,-0.4619870126621233,300-350,quiet_control,4.291774473505538
45384,2026-09-05 16:32:59.773000+00:00,0.00046894,15.823772,0.00099818,0.0006379,319.44492,327.99515,6701.857,spacetrack,2026-09-04 22:21:33.698000+00:00,320.848,6702.2095,0.00034114,18.19057638888889,-1.8511738869675578,-0.4650759722581764,300-350,quiet_control,6.617775611074568
45384,2026-09-06 10:44:19.387000+00:00,0.00035218,15.825038,0.00074978,0.0004978,320.02673,326.69873,6701.4995,spacetrack,2026-09-05 16:32:59.773000+00:00,319.44492,6701.857,0.00046894,18.188781666666667,0.7676951791437974,-0.47171933542562244,300-350,quiet_control,4.101083873218922
45386,2026-09-02 22:00:03+00:00,0.0004417,15.904477,0.00135583,0.0007652,295.91818,306.13998,6679.166,spacetrack,2026-09-01 16:00:02+00:00,297.01212,6680.2407,0.00068227,30.00027777777778,-0.8751438968157502,-0.8597520393330657,250-300,quiet_control,5.700002777752058
45386,2026-09-03 22:00:01.999000+00:00,0.0004437,15.907209,0.00138192,0.00078,295.05508,305.4734,6678.4014,spacetrack,2026-09-02 22:00:03+00:00,295.91818,6679.166,0.0004417,23.999721944444442,-0.8631099996888009,-0.7646088584896333,250-300,quiet_control,5.499994207108812
45386,2026-09-04 18:00:00.999000+00:00,0.00013905,15.910459,0.00041667,0.000808,293.95947,304.7503,6677.4917,spacetrack,2026-09-03 22:00:01.999000+00:00,295.05508,6678.4014,0.0004437,19.99972222222222,-1.314750260420242,-1.091655161877437,250-300,quiet_control,4.499937540799178
45386,2026-09-05 22:00:03+00:00,0.00057461,15.913141,0.00185712,0.0008114,293.18698,304.022,6676.7417,spacetrack,2026-09-04 18:00:00.999000+00:00,293.95947,6677.4917,0.00013905,28.000555833333333,-0.6621211418213852,-0.6428443816308765,250-300,quiet_control,5.17855794350749
45386,2026-09-06 22:00:01.999000+00:00,0.00051728,15.916212,0.0016956,0.0008094,292.3422,303.1491,6675.883,spacetrack,2026-09-05 22:00:03+00:00,293.18698,6676.7417,0.00057461,23.999721944444442,-0.8447897874372507,-0.8587099487110987,250-300,quiet_control,4.833389261836239
45387,2026-09-02 22:00:03+00:00,0.0002688,15.816044,0.00054605,0.0006904,321.27457,330.5315,6704.04,spacetrack,2026-09-01 16:00:02+00:00,322.401,6705.1216,0.00075597,30.00027777777778,-0.9011356561513539,-0.8652719882226793,300-350,quiet_control,5.700002777752058
45387,2026-09-03 22:00:01.999000+00:00,0.00032967,15.818751,0.00068099,0.0007028,320.4271,329.8492,6703.2754,spacetrack,2026-09-02 22:00:03+00:00,321.27457,6704.04,0.0002688,23.999721944444442,-0.8474798186029782,-0.7646088584887238,300-350,quiet_control,5.499994207108812
45387,2026-09-04 00:00:02+00:00,0.0005654,15.818747,0.0011798,0.0007042,320.41885,329.85974,6703.2764,spacetrack,2026-09-03 22:00:01.999000+00:00,320.4271,6703.2754,0.00032967,2.0000002777777777,-0.09899998624970724,0.011999998324864352,300-350,quiet_control,5.999722222260803
45387,2026-09-05 22:00:03+00:00,0.00040932,15.824049,0.00087063,0.0007338,318.72403,328.55957,6701.779,spacetrack,2026-09-04 00:00:02+00:00,320.41885,6703.2764,0.0005654,46.000277777777775,-0.8842485733781764,-0.7812474562347964,300-350,quiet_control,4.847808890042934
45387,2026-09-06 22:00:01.999000+00:00,0.00071614,15.826526,0.0015589,0.0007453,317.94827,327.93692,6701.0796,spacetrack,2026-09-05 22:00:03+00:00,318.72403,6701.779,0.00040932,23.999721944444442,-0.7757689877865849,-0.6994081030966179,300-350,quiet_control,4.833389261836239
45389,2026-09-02 12:20:27.667000+00:00,0.00041633,15.852691,0.00101596,0.0004263,312.71378,318.42084,6693.704,spacetrack,2026-09-01 13:38:38.443000+00:00,313.39233,6694.2695,0.00039629,22.697006666666667,-0.7175043052667172,-0.5979643130627799,300-350,quiet_control,5.9275670149553745
45389,2026-09-03 14:03:40.187000+00:00,0.00035875,15.854641,0.00088142,0.0004536,311.9822,318.05423,6693.1553,spacetrack,2026-09-02 12:20:27.667000+00:00,312.71378,6693.704,0.00041633,25.720144444444447,-0.6826524647995399,-0.5120033454100361,300-350,quiet_control,5.220021368896752
45389,2026-09-04 11:14:23.709000+00:00,0.00035537,15.856367,0.00088042,0.0004635,311.43057,317.63467,6692.6694,spacetrack,2026-09-03 14:03:40.187000+00:00,311.9822,6693.1553,0.00035875,21.17875611111111,-0.6251131997810782,-0.5506272388630002,300-350,quiet_control,5.389065303147984
45389,2026-09-05 20:30:58.532000+00:00,0.00037706,15.859031,0.00094752,0.0004423,310.8233,316.74298,6691.92,spacetrack,2026-09-04 11:14:23.709000+00:00,311.43057,6692.6694,0.00035537,33.276339722222225,-0.43798326744050964,-0.5404921379613685,300-350,quiet_control,4.976298600149024
45389,2026-09-06 14:39:53.116000+00:00,0.00035667,15.860463,0.00090184,0.0004966,310.05728,316.70328,6691.517,spacetrack,2026-09-05 20:30:58.532000+00:00,310.8233,6691.92,0.00037706,18.148495555555556,-1.0130029755757264,-0.5329367368440178,300-350,quiet_control,4.754733205311294
45390,2026-09-02 23:09:17.436000+00:00,0.00040769,15.823509,0.00086397,0.0004811,320.56995,327.01855,6701.931,spacetrack,2026-09-01 16:00:02+00:00,321.18945,6702.5913,0.00045568,31.15428777777778,-0.4772376793221277,-0.5086683448855733,300-350,quiet_control,5.711115206221479
45390,2026-09-03 20:22:29.333000+00:00,0.00039472,15.825593,0.00084435,0.000498,319.86877,326.54333,6701.3433,spacetrack,2026-09-02 23:09:17.436000+00:00,320.56995,6701.931,0.00040769,21.219971388888887,-0.793041597068887,-0.664694581415159,300-350,quiet_control,5.405032879337975
45390,2026-09-04 14:33:42.002000+00:00,0.00035262,15.826856,0.00075727,0.0005068,319.45358,326.2457,6700.987,spacetrack,2026-09-03 20:22:29.333000+00:00,319.86877,6701.3433,0.00039472,18.1868525,-0.5478990935897177,-0.4701858114266323,300-350,quiet_control,5.068751344167747
45390,2026-09-05 10:15:45+00:00,0.00038714,15.8282,0.00083825,0.0005198,318.98715,325.9531,6700.607,spacetrack,2026-09-04 14:33:42.002000+00:00,319.45358,6700.987,0.00035262,19.70083277777778,-0.5682155737409778,-0.46292459323292323,300-350,quiet_control,5.58500065098771
45390,2026-09-06 10:30:26.624000+00:00,0.00033027,15.829813,0.00071857,0.000533,318.44388,325.58624,6700.152,spacetrack,2026-09-05 10:15:45+00:00,318.98715,6700.607,0.00038714,24.244895555555555,-0.5377824775579404,-0.45040408505682383,300-350,quiet_control,4.277167436756218
45395,2026-09-02 22:00:03+00:00,8.5033e-05,15.880383,0.00022946,0.0005951,303.80472,311.7623,6685.9204,spacetrack,2026-09-01 16:00:02+00:00,305.61343,6687.3257,0.00067833,30.00027777777778,-1.4469546022722164,-1.1242295904670365,300-350,quiet_control,5.700002777752058
45395,2026-09-03 22:00:01.999000+00:00,0.00036176,15.882441,0.00102183,0.0006222,303.04617,311.3654,6685.343,spacetrack,2026-09-02 22:00:03+00:00,303.80472,6685.9204,8.5033e-05,23.999721944444442,-0.7585587883951792,-0.5774066896308697,300-350,quiet_control,5.499994207108812
45395,2026-09-04 18:00:00.999000+00:00,0.00040835,15.884616,0.00116922,0.0006521,302.23633,310.95456,6684.7324,spacetrack,2026-09-03 22:00:01.999000+00:00,303.04617,6685.343,0.00036176,19.99972222222222,-0.9718214975208088,-0.7327301768079834,300-350,quiet_control,4.499937540799178
45395,2026-09-05 22:00:03+00:00,0.00042039,15.887175,0.00122024,0.0006592,301.47147,310.28366,6684.0146,spacetrack,2026-09-04 18:00:00.999000+00:00,302.23633,6684.7324,0.00040835,28.000555833333333,-0.6555812716455887,-0.6152449295123799,300-350,quiet_control,5.17855794350749
45395,2026-09-06 15:46:58.807000+00:00,0.00039405,15.888936,0.00115262,0.0006669,300.92636,309.84085,6683.5205,spacetrack,2026-09-05 22:00:03+00:00,301.47147,6684.0146,0.00042039,17.78216861111111,-0.7357167894486113,-0.6668702934584427,300-350,quiet_control,4.799508674474728
45399,2026-09-02 11:53:55.852000+00:00,0.00033505,15.7450075,0.00049428,0.0004911,342.74997,349.35446,6724.1895,spacetrack,2026-09-01 11:31:25.154000+00:00,343.266,6724.508,0.00033839,24.37519388888889,-0.5080870353874569,-0.3135975055144114,300-350,quiet_control,6.113103692918774
45399,2026-09-03 18:21:56.009000+00:00,0.00030811,15.746262,0.00045636,0.0005222,342.184,349.20636,6723.832,spacetrack,2026-09-02 11:53:55.852000+00:00,342.74997,6724.1895,0.00033505,30.46671027777778,-0.44584006202689325,-0.2816188528979429,300-350,quiet_control,5.326041783474106
45399,2026-09-05 09:58:04.692000+00:00,0.00045935,15.748527,0.00069239,0.0005921,341.06976,349.03137,6723.1875,spacetrack,2026-09-03 18:21:56.009000+00:00,342.184,6723.832,0.00030811,39.60241194444444,-0.6752558414248977,-0.39058227114315786,300-350,quiet_control,5.40918780178393
45399,2026-09-06 10:20:09.563000+00:00,0.00028598,15.749544,0.00042917,0.0005646,340.96512,348.5566,6722.898,spacetrack,2026-09-05 09:58:04.692000+00:00,341.06976,6723.1875,0.00045935,24.368019722222222,-0.1030596670811475,-0.28512780600142523,300-350,quiet_control,4.30499317576654
45408,2026-09-02 12:35:00.147000+00:00,0.00042012,15.895347,0.0012269,0.0006377,299.32556,307.84744,6681.7236,spacetrack,2026-09-01 16:00:02+00:00,300.1394,6682.425,0.00061652,20.58281861111111,-0.9489545804701752,-0.8178471723455273,300-350,quiet_control,5.854247367346447
45408,2026-09-03 17:15:03.864000+00:00,0.0003954,15.89847,0.00117169,0.0006502,298.3677,307.05548,6680.8486,spacetrack,2026-09-02 12:35:00.147000+00:00,299.32556,6681.7236,0.00042012,28.66769916666667,-0.8019004199238142,-0.7325317556149649,250-300,quiet_control,5.267468244385035
45408,2026-09-05 22:00:03+00:00,0.00043437,15.904275,0.00133072,0.0006987,296.41885,305.7524,6679.2227,spacetrack,2026-09-03 17:15:03.864000+00:00,298.3677,6680.8486,0.0003954,52.74976,-0.8866846029252045,-0.7397493372481702,250-300,quiet_control,5.052096793110212
45408,2026-09-06 22:00:01.999000+00:00,0.0004274,15.907015,0.0013279,0.0007139,295.55103,305.08652,6678.4556,spacetrack,2026-09-05 22:00:03+00:00,296.41885,6679.2227,0.00043437,23.999721944444442,-0.8678300543736571,-0.7671088874536891,250-300,quiet_control,4.833389261836239
45414,2026-09-02 11:13:02.556000+00:00,0.0012387,15.858946,0.00321261,0.0006608,309.38483,318.2289,6691.944,spacetrack,2026-09-01 16:00:02+00:00,310.8964,6692.442,0.00044573,19.21682111111111,-1.8878085917667464,-0.6219551054195748,300-350,quiet_control,5.803160818771102
45414,2026-09-03 16:00:03+00:00,0.00042011,15.861225,0.00106982,0.0005543,309.45676,316.87473,6691.3027,spacetrack,2026-09-02 11:13:02.556000+00:00,309.38483,6691.944,0.0012387,28.783456666666666,0.05997611822620505,-0.5347238234186658,300-350,quiet_control,5.297604283571686
45414,2026-09-04 16:08:45.121000+00:00,0.00063262,15.863467,0.00164332,0.0005627,308.77057,316.30026,6690.6724,spacetrack,2026-09-03 16:00:03+00:00,309.45676,6691.3027,0.00042011,24.14503361111111,-0.682068215983777,-0.6265139342375605,300-350,quiet_control,5.18892356526827
45414,2026-09-05 16:20:12.783000+00:00,0.00078213,15.865695,0.00206548,0.000544,308.2697,315.5485,6690.046,spacetrack,2026-09-04 16:08:45.121000+00:00,308.77057,6690.6724,0.00063262,24.19101722222222,-0.4969150279864186,-0.6214538174191532,300-350,quiet_control,5.5963762582121
45414,2026-09-06 21:03:36.361000+00:00,0.0015156,15.868429,0.00416299,0.0006701,306.65814,315.6231,6689.278,spacetrack,2026-09-05 16:20:12.783000+00:00,308.2697,6690.046,0.00078213,28.72321611111111,-1.3465567313347684,-0.6417108700049288,300-350,quiet_control,4.306162403780651
45417,2026-09-02 23:30:42.534000+00:00,0.00045394,15.758063,0.000713,0.0001466,341.35254,343.32297,6720.4746,spacetrack,2026-09-01 14:01:21.408000+00:00,342.1123,6721.1143,0.0005003,33.489201666666666,-0.5444811787839677,-0.45844031018799913,300-350,quiet_control,5.760441786185707
45417,2026-09-03 07:07:20.494000+00:00,0.000475,15.758563,0.00074834,0.0001553,341.15198,343.23932,6720.3325,spacetrack,2026-09-02 23:30:42.534000+00:00,341.35254,6720.4746,0.00045394,7.610544444444444,-0.6324698627196932,-0.4481151151371784,300-350,quiet_control,5.9517671388672735
45417,2026-09-04 22:41:36.090000+00:00,0.00040602,15.761067,0.00064506,0.0001949,340.174,342.79333,6719.6206,spacetrack,2026-09-03 07:07:20.494000+00:00,341.15198,6720.3325,0.000475,39.57099888888889,-0.5931495453502592,-0.43177075332316794,300-350,quiet_control,4.5492821356066635
45417,2026-09-05 23:02:30.030000+00:00,0.0004357,15.762567,0.00069775,0.0002121,339.63248,342.48276,6719.195,spacetrack,2026-09-04 22:41:36.090000+00:00,340.174,6719.6206,0.00040602,24.34831666666667,-0.5337732451045469,-0.4195115473422186,300-350,quiet_control,5.617636126795897
45417,2026-09-06 11:12:53.793000+00:00,0.00039788,15.763322,0.0006383,0.0002193,339.36948,342.31644,6718.98,spacetrack,2026-09-05 23:02:30.030000+00:00,339.63248,6719.195,0.0004357,12.1732675,-0.5185132093745122,-0.4238796198311992,300-350,quiet_control,4.921276271962314
45419,2026-09-02 14:12:01.951000+00:00,0.00053708,15.746977,0.00080617,0.0005603,341.7244,349.25888,6723.6284,spacetrack,2026-09-01 15:21:04.476000+00:00,342.63916,6724.166,0.00038663,22.849298611111113,-0.9608277424027432,-0.5646737880058792,300-350,quiet_control,5.868704941405022
45419,2026-09-03 20:39:49.202000+00:00,0.00037866,15.748226,0.00056794,0.0005392,341.51083,348.76123,6723.273,spacetrack,2026-09-02 14:12:01.951000+00:00,341.7244,6723.6284,0.00053708,30.463125277777777,-0.168258507728988,-0.2799975354534382,300-350,quiet_control,5.398081036972468
45419,2026-09-04 07:19:30.359000+00:00,0.00035714,15.748709,0.00053625,0.0005453,341.3324,348.66464,6723.1357,spacetrack,2026-09-03 20:39:49.202000+00:00,341.51083,6723.273,0.00037866,10.6614325,-0.40166459807345767,-0.309076664886051,300-350,quiet_control,4.938804267938041
45419,2026-09-05 16:49:49.137000+00:00,0.0003661,15.750236,0.00055371,0.000567,340.75226,348.3758,6722.701,spacetrack,2026-09-04 07:19:30.359000+00:00,341.3324,6723.1357,0.00035714,33.50521611111111,-0.41555798219081996,-0.3113783825598212,300-350,quiet_control,5.323357180753399
45419,2026-09-06 12:37:38.419000+00:00,0.00031741,15.751111,0.00048067,0.0005849,340.383,348.24692,6722.452,spacetrack,2026-09-05 16:49:49.137000+00:00,340.75226,6722.701,0.0003661,19.79702277777778,-0.4476551903525524,-0.3018635714610173,300-350,quiet_control,4.216596723957455
45531,2026-09-02 22:00:03+00:00,0.00059546,15.895286,0.00181502,0.0005326,300.0449,307.16226,6681.7407,spacetrack,2026-09-01 16:00:02+00:00,300.75345,6682.5396,0.00048918,30.00027777777778,-0.5668347515300803,-0.6391140822768366,300-350,quiet_control,5.700002777752058
45531,2026-09-03 22:00:01.999000+00:00,0.00063485,15.897821,0.00189454,0.0005291,299.35825,306.42813,6681.0303,spacetrack,2026-09-02 22:00:03+00:00,300.0449,6681.7407,0.00059546,23.999721944444442,-0.6866579553774552,-0.7104082305397366,300-350,quiet_control,5.499994207108812
45531,2026-09-04 18:00:00.999000+00:00,0.00017144,15.900777,0.00049413,0.0005418,298.44592,305.68457,6680.202,spacetrack,2026-09-03 22:00:01.999000+00:00,299.35825,6681.0303,0.00063485,19.99972222222222,-1.0948112057111872,-0.9939738051918908,250-300,quiet_control,4.499937540799178
45531,2026-09-05 22:00:03+00:00,0.0006254,15.90306,0.00191715,0.0005341,297.8583,304.99344,6679.563,spacetrack,2026-09-04 18:00:00.999000+00:00,298.44592,6680.202,0.00017144,28.000555833333333,-0.503664287378594,-0.5477034131496128,250-300,quiet_control,5.17855794350749
45531,2026-09-06 17:48:08.544000+00:00,0.00041989,15.905557,0.00129268,0.0005423,297.10504,304.34894,6678.864,spacetrack,2026-09-05 22:00:03+00:00,297.8583,6679.563,0.0006254,19.80154,-0.9129714153545774,-0.8472068334085416,250-300,quiet_control,4.615993840209734
45532,2026-09-02 09:43:16.362000+00:00,0.00036036,15.835525,0.00080705,0.0005165,316.94388,323.86346,6698.5405,spacetrack,2026-09-01 12:30:52.723000+00:00,317.4126,6698.979,0.00036324,21.206566388888888,-0.5304621122396541,-0.49626138465861713,300-350,quiet_control,5.868275063492847
45532,2026-09-03 12:59:01.761000+00:00,0.00034169,15.83746,0.00077173,0.0005414,316.23178,323.48434,6697.995,spacetrack,2026-09-02 09:43:16.362000+00:00,316.94388,6698.5405,0.00036036,27.262610833333333,-0.6268805326268723,-0.4802181302458721,300-350,quiet_control,5.3872547912307125
45532,2026-09-04 18:00:00.999000+00:00,0.00011479,15.839921,0.00025583,0.0005426,315.53015,322.79807,6697.3013,spacetrack,2026-09-03 12:59:01.761000+00:00,316.23178,6697.995,0.00034169,29.016455,-0.5803300230851959,-0.5737709861523534,300-350,quiet_control,4.999980872921934
45532,2026-09-05 13:26:32.944000+00:00,0.00041592,15.84083,0.00095858,0.0006112,314.81473,323.0012,6697.045,spacetrack,2026-09-04 18:00:00.999000+00:00,315.53015,6697.3013,0.00011479,19.442206944444447,-0.8831343092408639,-0.3163838353113473,300-350,quiet_control,6.234456307793704
45532,2026-09-06 10:38:22.873000+00:00,0.00033731,15.842443,0.0007802,0.0005397,314.8391,322.0674,6696.5903,spacetrack,2026-09-05 13:26:32.944000+00:00,314.81473,6697.045,0.00041592,21.1972025,0.027592320260158384,-0.5148226517157402,300-350,quiet_control,4.009303232348702
45542,2026-09-02 11:01:53.981000+00:00,0.00031088,15.78504,0.00054805,0.0005294,331.1249,338.23245,6712.816,spacetrack,2026-09-01 10:43:05.784000+00:00,331.7554,6713.1724,0.0003551,24.313388055555556,-0.6223731536478305,-0.3518061728159417,300-350,quiet_control,6.2764740715497656
45542,2026-09-03 03:44:45.245000+00:00,0.00031315,15.785996,0.00055452,0.0005222,330.90222,337.9128,6712.5444,spacetrack,2026-09-02 11:01:53.981000+00:00,331.1249,6712.816,0.00031088,16.71424,-0.31974651554606176,-0.389990810231326,300-350,quiet_control,6.148169215790448
45542,2026-09-04 13:10:17.966000+00:00,0.00031997,15.787754,0.00057142,0.000525,330.3855,337.43314,6712.0464,spacetrack,2026-09-03 03:44:45.245000+00:00,330.90222,6712.5444,0.00031315,33.425755833333334,-0.37100971065053695,-0.35756857854119994,300-350,quiet_control,4.93256401972328
45542,2026-09-05 19:33:19.791000+00:00,0.00031935,15.789309,0.00057441,0.0005527,329.7593,337.1783,6711.606,spacetrack,2026-09-04 13:10:17.966000+00:00,330.3855,6712.0464,0.00031997,30.38384027777778,-0.4946313521464697,-0.34786912725249675,300-350,quiet_control,5.0438887082017505
45542,2026-09-06 19:51:37.452000+00:00,0.0003542,15.790596,0.00064212,0.0005564,329.36984,336.8381,6711.241,spacetrack,2026-09-05 19:33:19.791000+00:00,329.7593,6711.606,0.00031935,24.304905833333333,-0.3845742116466261,-0.36042106314111805,300-350,quiet_control,4.527951095744148
45544,2026-09-02 13:06:10.380000+00:00,0.00034088,15.810756,0.00067811,0.0005585,323.6529,331.14297,6705.535,spacetrack,2026-09-01 11:18:41.804000+00:00,324.19217,6705.995,0.00035905,25.79127111111111,-0.5018162906450923,-0.42805179909278457,300-350,quiet_control,6.160144362364803
45544,2026-09-03 13:22:28.730000+00:00,0.00032706,15.812225,0.00065464,0.0005699,323.16104,330.80353,6705.119,spacetrack,2026-09-02 13:06:10.380000+00:00,323.6529,6705.535,0.00034088,24.27176388888889,-0.48635278647396946,-0.411342168855494,300-350,quiet_control,5.201761878085361
45544,2026-09-04 19:42:40.085000+00:00,0.00032629,15.814095,0.0006589,0.0005898,322.49948,330.4082,6704.591,spacetrack,2026-09-03 13:22:28.730000+00:00,323.16104,6705.119,0.00032706,30.3364875,-0.5233776652620118,-0.41771480630327124,300-350,quiet_control,4.887189660818693
45544,2026-09-05 09:21:41.096000+00:00,0.00034447,15.814914,0.00069901,0.0005909,322.2607,330.18393,6704.3594,spacetrack,2026-09-04 19:42:40.085000+00:00,322.49948,6704.591,0.00032629,13.650280833333333,-0.41982432962158034,-0.4072004135203112,300-350,quiet_control,6.622318311684714
45544,2026-09-06 18:43:32.495000+00:00,0.00035502,15.816958,0.00072781,0.0006025,321.60556,329.6836,6703.7817,spacetrack,2026-09-05 09:21:41.096000+00:00,322.2607,6704.3594,0.00034447,33.3642775,-0.4712633144835535,-0.41555822690953126,300-350,quiet_control,4.370670081030361
45555,2026-09-02 09:04:22.489000+00:00,0.00036329,15.842425,0.00084182,0.0006578,314.05338,322.8634,6696.595,spacetrack,2026-09-01 11:52:31.929000+00:00,314.63956,6697.0547,0.00037296,21.197377777777778,-0.6636820906569304,-0.5204794723030562,300-350,quiet_control,5.897142872493663
45555,2026-09-03 10:48:34.825000+00:00,0.00035279,15.844358,0.00082474,0.0006572,313.5131,322.3144,6696.051,spacetrack,2026-09-02 09:04:22.489000+00:00,314.05338,6696.595,0.00036329,25.73676,-0.5038209937847614,-0.5072899619065048,300-350,quiet_control,5.506843097836194
45555,2026-09-04 01:56:50.955000+00:00,0.00038537,15.845513,0.00090748,0.0006627,313.15112,322.02567,6695.7256,spacetrack,2026-09-03 10:48:34.825000+00:00,313.5131,6696.051,0.00035279,15.137813888888887,-0.5738952839403726,-0.5159001198810667,300-350,quiet_control,5.71408419276745
45555,2026-09-05 06:42:22.447000+00:00,0.00035575,15.847729,0.00084554,0.0006585,312.5556,321.37305,6695.1016,spacetrack,2026-09-04 01:56:50.955000+00:00,313.15112,6695.7256,0.00038537,28.758747777777778,-0.4969785232110532,-0.5207459001941399,300-350,quiet_control,5.049114466543185
45555,2026-09-06 06:55:15.696000+00:00,0.00035807,15.8496,0.00085893,0.00065,312.08594,320.78888,6694.574,spacetrack,2026-09-05 06:42:22.447000+00:00,312.5556,6695.1016,0.00035575,24.214791388888887,-0.46549399575554257,-0.5229200531464653,300-350,quiet_control,4.569995446653594
45564,2026-09-02 08:47:10.739000+00:00,0.00031989,15.731647,0.00044456,0.0002598,348.11102,351.60687,6727.996,spacetrack,2026-09-01 20:35:19.017000+00:00,348.24716,6728.1294,0.00033728,12.197700555555556,-0.2678668807386103,-0.26247570067908016,300-350,quiet_control,5.455548953420684
45564,2026-09-03 09:10:50.261000+00:00,0.00031107,15.732579,0.00043383,0.0002703,347.77463,351.41165,6727.73,spacetrack,2026-09-02 08:47:10.739000+00:00,348.11102,6727.996,0.00031989,24.394311666666667,-0.330952564282911,-0.26170035405164116,300-350,quiet_control,5.642531201661517
45564,2026-09-04 12:37:21.029000+00:00,0.0003052,15.733622,0.00042743,0.0002908,347.33942,351.2521,6727.4326,spacetrack,2026-09-03 09:10:50.261000+00:00,347.77463,6727.73,0.00031107,27.441879999999998,-0.38062406803031024,-0.26009879789530777,300-350,quiet_control,5.2252261162702975
45564,2026-09-05 11:29:21.621000+00:00,0.00032987,15.734518,0.00046449,0.0003007,347.01743,351.06314,6727.1772,spacetrack,2026-09-04 12:37:21.029000+00:00,347.33942,6727.4326,0.0003052,22.86683111111111,-0.33794625772373477,-0.2680563813243806,300-350,quiet_control,5.611308067366668
45564,2026-09-06 11:52:45.251000+00:00,0.00031394,15.7354355,0.00044342,0.0003089,346.70087,350.85675,6726.916,spacetrack,2026-09-05 11:29:21.621000+00:00,347.01743,6727.1772,0.00032987,24.389897222222224,-0.31149946761880326,-0.2570244533169395,300-350,quiet_control,4.180862545204566
45565,2026-09-02 06:27:06.839000+00:00,0.00038572,15.81007,0.00076742,0.0007961,322.25327,332.9301,6705.7285,spacetrack,2026-09-01 06:10:35.927000+00:00,322.71967,6706.207,0.00039002,24.275253333333332,-0.46111156272178344,-0.4730743626981998,300-350,quiet_control,6.419318086530554
45565,2026-09-03 06:43:28.755000+00:00,0.00038114,15.811663,0.00076384,0.0008008,321.77176,332.51096,6705.2783,spacetrack,2026-09-02 06:27:06.839000+00:00,322.25327,6705.7285,0.00038572,24.272754444444445,-0.4760992423192144,-0.445141074727856,300-350,quiet_control,6.225369491783631
45565,2026-09-04 11:32:43.134000+00:00,0.00035631,15.813584,0.00071966,0.0007977,321.24985,331.9466,6704.7354,spacetrack,2026-09-03 06:43:28.755000+00:00,321.77176,6705.2783,0.00038114,28.820660833333335,-0.434613212807136,-0.45209234012216665,300-350,quiet_control,5.034510774721132
45565,2026-09-05 05:44:45.732000+00:00,0.00037063,15.814777,0.00075332,0.0007944,320.935,331.58694,6704.398,spacetrack,2026-09-04 11:32:43.134000+00:00,321.24985,6704.7354,0.00035631,18.200721666666666,-0.4151703508459501,-0.44490543552548223,300-350,quiet_control,5.092135998636684
45565,2026-09-06 07:31:40.768000+00:00,0.00034858,15.816513,0.00071352,0.0007925,320.45773,331.0834,6703.9077,spacetrack,2026-09-05 05:44:45.732000+00:00,320.935,6704.398,0.00037063,25.78195444444444,-0.4442828422756623,-0.4564122563076264,300-350,quiet_control,4.719871638039337
45567,2026-09-04 21:31:49.290000+00:00,0.00029813,15.789213,0.00053535,0.0005678,329.68484,337.30655,6711.633,spacetrack,2026-09-03 19:42:14.778000+00:00,330.23743,6712.0225,0.0003756,25.826253333333334,-0.5135146716338861,-0.36195726415879964,300-350,quiet_control,4.457943635133035
45567,2026-09-05 21:50:07.352000+00:00,0.00033587,15.79052,0.00060812,0.0005728,329.28134,336.9698,6711.2627,spacetrack,2026-09-04 21:31:49.290000+00:00,329.68484,6711.633,0.00029813,24.305017222222222,-0.39843625336525407,-0.365652898688938,300-350,quiet_control,5.524817543958859
45567,2026-09-06 20:37:10.068000+00:00,0.00036904,15.791786,0.00067322,0.0005649,328.9756,336.55756,6710.904,spacetrack,2026-09-05 21:50:07.352000+00:00,329.28134,6711.2627,0.00033587,22.784087777777778,-0.32205634351343887,-0.3778426454444676,300-350,quiet_control,4.756621324268267
45573,2026-09-02 18:53:08.209000+00:00,0.00035504,15.793992,0.00065396,0.0006182,327.99362,336.2902,6710.279,spacetrack,2026-09-01 07:57:14.459000+00:00,328.69562,6710.86,0.00035554,34.93159722222222,-0.4823140463008049,-0.3991801437327534,300-350,quiet_control,6.373472290090753
45573,2026-09-03 11:35:25.543000+00:00,0.00033948,15.794976,0.00062763,0.0006181,327.71567,336.0106,6710.0,spacetrack,2026-09-02 18:53:08.209000+00:00,327.99362,6710.279,0.00035504,16.704815,-0.39933396448872865,-0.4008425115759035,300-350,quiet_control,5.330680571905632
45573,2026-09-04 01:15:26.032000+00:00,0.0003756,15.795791,0.00069834,0.0006266,327.42792,335.8366,6709.769,spacetrack,2026-09-03 11:35:25.543000+00:00,327.71567,6710.0,0.00033948,13.666802500000001,-0.5053120508619631,-0.4056545047749399,300-350,quiet_control,5.84807171327098
45573,2026-09-05 21:17:23.951000+00:00,0.00035491,15.798363,0.00066708,0.0006304,326.6748,335.13358,6709.041,spacetrack,2026-09-04 01:15:26.032000+00:00,327.42792,6709.769,0.0003756,44.032755277777774,-0.4104871449895653,-0.3967955193759872,300-350,quiet_control,4.857152105308674
45573,2026-09-06 17:01:35.182000+00:00,0.00036474,15.799525,0.00068959,0.0006205,326.41214,334.73767,6708.712,spacetrack,2026-09-05 21:17:23.951000+00:00,326.6748,6709.041,0.00035491,19.736453055555554,-0.3194008559823333,-0.40007188615741385,300-350,quiet_control,4.657340025537348
45578,2026-09-02 22:52:22.576000+00:00,0.00033225,15.790518,0.00060125,0.000474,329.9449,336.30716,6711.263,spacetrack,2026-09-01 22:34:04.713000+00:00,330.05243,6711.6313,0.00035766,24.304961944444443,-0.10618078752391637,-0.3636788249332192,300-350,quiet_control,5.629705242058312
45578,2026-09-03 21:39:25.418000+00:00,0.00034455,15.791776,0.00062763,0.0005189,329.28745,336.252,6710.9067,spacetrack,2026-09-02 22:52:22.576000+00:00,329.9449,6711.263,0.00033225,22.784122777777778,-0.6925348916830196,-0.3753139887548923,300-350,quiet_control,5.4733174449136985
45578,2026-09-04 21:57:29.085000+00:00,0.00031132,15.793133,0.00056956,0.0005085,328.97302,335.79764,6710.5225,spacetrack,2026-09-03 21:39:25.418000+00:00,329.28745,6710.9067,0.00034455,24.30101861111111,-0.31053513108905745,-0.37944088466202075,300-350,quiet_control,4.237427107393658
45578,2026-09-05 22:15:25.459000+00:00,0.00034519,15.794455,0.00063664,0.0005282,328.46652,335.55515,6710.148,spacetrack,2026-09-04 21:57:29.085000+00:00,328.97302,6710.5225,0.00031132,24.298992777777777,-0.5002676494112737,-0.3698918750334942,300-350,quiet_control,5.560400411658582
45578,2026-09-06 13:26:34.339000+00:00,0.0003436,15.795341,0.00063623,0.0005206,328.26672,335.25305,6709.897,spacetrack,2026-09-05 22:15:25.459000+00:00,328.46652,6710.148,0.00034519,15.185799999999999,-0.3157686786339586,-0.3966863780640394,300-350,quiet_control,4.885226457904388
45582,2026-09-02 22:00:03+00:00,0.00064853,15.919589,0.00217216,0.0007671,291.6813,301.922,6674.9385,spacetrack,2026-09-01 16:00:02+00:00,292.48236,6675.9194,0.00040429,30.00027777777778,-0.6408420662771694,-0.7847127341410025,250-300,quiet_control,5.700002777752058
45582,2026-09-03 22:00:01.999000+00:00,0.00060136,15.922858,0.00204684,0.0007655,290.7788,300.99673,6674.025,spacetrack,2026-09-02 22:00:03+00:00,291.6813,6674.9385,0.00064853,23.999721944444442,-0.9025104561686271,-0.913510583612769,250-300,quiet_control,5.499994207108812
45582,2026-09-04 20:00:01.999000+00:00,0.00062995,15.92584,0.00217979,0.0007528,290.03116,300.07834,6673.192,spacetrack,2026-09-03 22:00:01.999000+00:00,290.7788,6674.025,0.00060136,22.0,-0.8156072727272616,-0.9087272727268678,250-300,quiet_control,4.363560643939394
45582,2026-09-05 22:00:03+00:00,0.00051285,15.9294405,0.00180228,0.0007269,289.19928,298.8993,6672.1865,spacetrack,2026-09-04 20:00:01.999000+00:00,290.03116,6673.192,0.00062995,26.000278055555558,-0.7678810187083476,-0.92814392017045,250-300,quiet_control,5.346160806549494
45582,2026-09-06 22:00:01.999000+00:00,0.00057423,15.932781,0.00205851,0.0007209,288.3072,297.9258,6671.2534,spacetrack,2026-09-05 22:00:03+00:00,289.19928,6672.1865,0.00051285,23.999721944444442,-0.8920903354447074,-0.933110810693731,250-300,quiet_control,4.833389261836239
45586,2026-09-02 22:28:10.741000+00:00,0.00037565,15.797629,0.00070413,0.0005214,327.61343,334.60983,6709.2485,spacetrack,2026-09-01 10:01:39.021000+00:00,327.8553,6709.8975,0.00039553,36.442144444444445,-0.15929029667421465,-0.4274172180990503,300-350,quiet_control,6.1601158518235755
45586,2026-09-03 09:05:51.440000+00:00,0.00040457,15.798378,0.00076213,0.000573,327.05557,334.74414,6709.0366,spacetrack,2026-09-02 22:28:10.741000+00:00,327.61343,6709.2485,0.00037565,10.627971944444445,-1.2597549250211149,-0.47851086045088437,300-350,quiet_control,5.417081219556391
45586,2026-09-04 13:56:33.590000+00:00,0.00037431,15.800176,0.00071008,0.0005895,326.4361,334.34546,6708.528,spacetrack,2026-09-03 09:05:51.440000+00:00,327.05557,6709.0366,0.00040457,28.845041666666663,-0.5154189122624883,-0.42317151561297545,300-350,quiet_control,5.211392387387973
45586,2026-09-05 08:09:31.937000+00:00,0.0003654,15.801292,0.00069642,0.0005712,326.24323,333.90668,6708.212,spacetrack,2026-09-04 13:56:33.590000+00:00,326.4361,6708.528,0.00037431,18.2162075,-0.25410777737356494,-0.4163325434229537,300-350,quiet_control,5.4017160420344235
45586,2026-09-06 06:55:38.124000+00:00,0.00035343,15.802765,0.00067781,0.0005708,325.8294,333.48703,6707.7954,spacetrack,2026-09-05 08:09:31.937000+00:00,326.24323,6708.212,0.0003654,22.768385277777778,-0.4362153872059059,-0.4391352253587292,300-350,quiet_control,4.415077414788125
45589,2026-09-02 18:38:31.546000+00:00,0.00034183,15.80386,0.00065816,0.0003994,326.66934,332.02728,6707.4854,spacetrack,2026-09-01 12:17:09.778000+00:00,327.30954,6707.9976,0.00035021,30.356046666666664,-0.5061528653160545,-0.40495391692427996,300-350,quiet_control,5.792922658425511
45589,2026-09-03 11:20:11.251000+00:00,0.00033225,15.804858,0.00064237,0.0004038,326.35733,331.77408,6707.2026,spacetrack,2026-09-02 18:38:31.546000+00:00,326.66934,6707.4854,0.00034183,16.6943625,-0.4485490236599138,-0.4065564048940981,300-350,quiet_control,5.360687344471991
45589,2026-09-04 00:59:40.892000+00:00,0.00036525,15.805687,0.00071015,0.0004062,326.1069,331.55566,6706.9683,spacetrack,2026-09-03 11:20:11.251000+00:00,326.35733,6707.2026,0.00033225,13.658233611111113,-0.4400510469458077,-0.4117077039453665,300-350,quiet_control,5.830009131040838
45589,2026-09-05 10:22:42.667000+00:00,0.00034027,15.807686,0.00066691,0.0004041,325.5558,330.9759,6706.403,spacetrack,2026-09-04 00:59:40.892000+00:00,326.1069,6706.9683,0.00036525,33.383826388888885,-0.39619185188437833,-0.40640038807895673,300-350,quiet_control,5.262313765959939
45590,2026-09-02 11:16:32.036000+00:00,0.0003243,15.735247,0.00045798,0.0003415,346.5354,351.1299,6726.9697,spacetrack,2026-09-01 21:33:22.416000+00:00,346.8481,6727.1353,0.00029835,13.71933888888889,-0.5470234433875087,-0.2896932594343332,300-350,quiet_control,5.7285266823271765
45590,2026-09-03 13:11:18.539000+00:00,0.00030919,15.736288,0.00043822,0.0003566,346.13724,350.93472,6726.673,spacetrack,2026-09-02 11:16:32.036000+00:00,346.5354,6726.9697,0.0003243,25.9129175,-0.3687674303751818,-0.2747973091025726,300-350,quiet_control,5.287457747237025
45590,2026-09-04 13:34:32.092000+00:00,0.00031541,15.737245,0.0004491,0.0003697,345.77664,350.75015,6726.4004,spacetrack,2026-09-03 13:11:18.539000+00:00,346.13724,6726.673,0.00030919,24.387098055555555,-0.35487617183009895,-0.26827300177658875,300-350,quiet_control,5.3690475996568905
45590,2026-09-05 09:23:20.457000+00:00,0.00029658,15.738,0.00042318,0.0003819,345.47943,350.61688,6726.185,spacetrack,2026-09-04 13:34:32.092000+00:00,345.77664,6726.4004,0.00031541,19.813434722222222,-0.3600102708088233,-0.26091387346399847,300-350,quiet_control,5.493505129410999
45590,2026-09-06 12:49:17.054000+00:00,0.00031537,15.739079,0.00045267,0.0003915,345.10748,350.37384,6725.8774,spacetrack,2026-09-05 09:23:20.457000+00:00,345.47943,6726.185,0.00029658,27.432388055555553,-0.32541096976030265,-0.26911255356447783,300-350,quiet_control,4.424839294533407
45665,2026-09-02 22:00:03+00:00,0.00048339,15.880315,0.00135974,0.0007614,302.71185,312.8932,6685.9395,spacetrack,2026-09-01 16:00:02+00:00,303.32333,6686.739,0.00021277,30.00027777777778,-0.48917947056043526,-0.6395940778319491,300-350,quiet_control,5.700002777752058
45665,2026-09-03 22:00:01.999000+00:00,0.00074496,15.8826885,0.00214351,0.0007638,302.02994,312.24234,6685.273,spacetrack,2026-09-02 22:00:03+00:00,302.71185,6685.9395,0.00048339,23.999721944444442,-0.681917900460877,-0.6665077219242235,300-350,quiet_control,5.499994207108812
45665,2026-09-04 20:00:01.999000+00:00,0.00046848,15.885312,0.0013508,0.0007619,301.30716,311.49307,6684.537,spacetrack,2026-09-03 22:00:01.999000+00:00,302.02994,6685.273,0.00074496,22.0,-0.7884872727272729,-0.802909090908956,300-350,quiet_control,4.363560643939394
45665,2026-09-05 22:00:03+00:00,0.00068031,15.887905,0.0020053,0.0007467,300.682,310.6636,6683.8096,spacetrack,2026-09-04 20:00:01.999000+00:00,301.30716,6684.537,0.00046848,26.000278055555558,-0.577064597845481,-0.6714389731799765,300-350,quiet_control,5.346160806549494
45665,2026-09-06 22:00:01.999000+00:00,0.00062608,15.890653,0.00186749,0.0007338,299.9984,309.80646,6683.0396,spacetrack,2026-09-05 22:00:03+00:00,300.682,6683.8096,0.00068031,23.999721944444442,-0.6836079200408456,-0.7700089210519574,300-350,quiet_control,4.833389261836239
45670,2026-09-02 22:00:03+00:00,0.00068861,15.913908,0.00224189,0.0008435,292.75836,304.02167,6676.527,spacetrack,2026-09-01 16:00:02+00:00,293.9291,6677.8257,0.00058231,30.00027777777778,-0.9365833279321675,-1.0389503800892979,250-300,quiet_control,5.700002777752058
45670,2026-09-03 22:00:01.999000+00:00,0.00058778,15.917745,0.00194734,0.0008265,291.7998,302.83432,6675.454,spacetrack,2026-09-02 22:00:03+00:00,292.75836,6676.527,0.00068861,23.999721944444442,-0.9585711056675326,-1.0730124315448109,250-300,quiet_control,5.499994207108812
45670,2026-09-04 20:00:01.999000+00:00,0.00066138,15.920968,0.00223275,0.000806,291.03647,301.79587,6674.553,spacetrack,2026-09-03 22:00:01.999000+00:00,291.7998,6675.454,0.00058778,22.0,-0.8327236363636323,-0.9829090909089163,250-300,quiet_control,4.363560643939394
45670,2026-09-05 22:00:03+00:00,0.00059694,15.925373,0.00205926,0.0007889,289.9206,300.44977,6673.3223,spacetrack,2026-09-04 20:00:01.999000+00:00,291.03647,6674.553,0.00066138,26.000278055555558,-1.0300228306319346,-1.1360186201428126,250-300,quiet_control,5.346160806549494
45670,2026-09-06 22:00:01.999000+00:00,0.00058176,15.929394,0.00204916,0.0007661,288.95062,299.17377,6672.199,spacetrack,2026-09-05 22:00:03+00:00,289.9206,6673.3223,0.00059694,23.999721944444442,-0.9699912379771541,-1.1233130143095436,250-300,quiet_control,4.833389261836239
45671,2026-09-02 22:00:03+00:00,0.00051294,15.859075,0.00129869,0.000727,308.90564,318.63568,6691.9077,spacetrack,2026-09-01 16:00:02+00:00,309.41235,6692.617,0.00016805,30.00027777777778,-0.4053642466273446,-0.5674347459749258,300-350,quiet_control,5.700002777752058
45671,2026-09-03 08:00:02+00:00,0.00035301,15.860357,0.00089297,0.0007444,308.42883,318.3912,6691.547,spacetrack,2026-09-02 22:00:03+00:00,308.90564,6691.9077,0.00051294,9.999722222222223,-1.1443757882163403,-0.8657040473350777,300-350,quiet_control,5.699824995138754
45671,2026-09-04 00:10:32.878000+00:00,0.00046448,15.861727,0.00118923,0.0007443,308.04446,318.0049,6691.1616,spacetrack,2026-09-03 08:00:02+00:00,308.42883,6691.547,0.00035301,16.17524388888889,-0.5703085569137241,-0.5718368182587183,300-350,quiet_control,5.432828782008061
45671,2026-09-05 09:26:24.737000+00:00,0.0004319,15.865029,0.00112234,0.0007256,307.2418,316.95065,6690.2334,spacetrack,2026-09-04 00:10:32.878000+00:00,308.04446,6691.1616,0.00046448,33.264405277777776,-0.5791127133984639,-0.6696888104261071,300-350,quiet_control,5.2068399956947635
45671,2026-09-06 00:33:28.041000+00:00,0.00055595,15.867063,0.00146714,0.0007269,306.66193,316.38736,6689.6616,spacetrack,2026-09-05 09:26:24.737000+00:00,307.2418,6690.2334,0.0004319,15.117584444444443,-0.9205756416406183,-0.9077640710673338,300-350,quiet_control,3.949540549761551
45673,2026-09-02 05:46:53.646000+00:00,0.00036947,15.787955,0.00066248,0.0006449,329.5236,338.18073,6711.9893,spacetrack,2026-09-01 11:32:59.697000+00:00,329.89706,6712.318,0.00038305,18.2316525,-0.491619725639272,-0.4326980233964326,300-350,quiet_control,5.513887637630946
45673,2026-09-03 10:38:44.580000+00:00,0.00037282,15.789682,0.00067389,0.0006403,329.0654,337.66016,6711.5,spacetrack,2026-09-02 05:46:53.646000+00:00,329.5236,6711.9893,0.00036947,28.864148333333333,-0.3809847383336771,-0.40684380721682245,300-350,quiet_control,5.870832957771316
45673,2026-09-04 17:01:32.120000+00:00,0.00037135,15.791506,0.00067685,0.0006477,328.49936,337.19275,6710.983,spacetrack,2026-09-03 10:38:44.580000+00:00,329.0654,6711.5,0.00037282,30.37987222222222,-0.4471697543896376,-0.4084283142876297,300-350,quiet_control,5.0516443910140065
45673,2026-09-05 09:43:58.872000+00:00,0.00037036,15.792524,0.00067818,0.0006411,328.25522,336.85968,6710.6943,spacetrack,2026-09-04 17:01:32.120000+00:00,328.49936,6710.983,0.00037135,16.707431111111113,-0.35070382520408355,-0.4147136656690191,300-350,quiet_control,5.990146633354366
45673,2026-09-06 16:06:26.660000+00:00,0.00038202,15.794359,0.00070588,0.0006446,327.7124,336.36316,6710.175,spacetrack,2026-09-05 09:43:58.872000+00:00,328.25522,6710.6943,0.00037036,30.374385555555556,-0.42890349094213526,-0.4103194113080181,300-350,quiet_control,4.38498011500699
45675,2026-09-02 06:52:33.794000+00:00,0.00037914,15.743944,0.00055808,0.0005419,342.71088,349.99887,6724.4917,spacetrack,2026-09-01 14:07:01.986000+00:00,341.9429,6724.772,0.00043954,16.758835555555553,1.0998091089860438,-0.40141213735929193,300-350,quiet_control,5.314447795100057
45675,2026-09-03 13:20:40.605000+00:00,0.00035292,15.745398,0.00052198,0.0004411,342.97516,348.90714,6724.078,spacetrack,2026-09-02 06:52:33.794000+00:00,342.71088,6724.4917,0.00037914,30.46855861111111,0.20817263070948094,-0.3258703546402386,300-350,quiet_control,5.6726863815924045
45675,2026-09-04 10:40:14.881000+00:00,0.00039342,15.746591,0.00058626,0.0005421,341.9565,349.2464,6723.7383,spacetrack,2026-09-03 13:20:40.605000+00:00,342.97516,6724.078,0.00035292,21.326187777777776,-1.1463764764125028,-0.38229054742292495,300-350,quiet_control,5.3596892401824805
45675,2026-09-05 12:33:53.555000+00:00,0.00037228,15.747968,0.00055748,0.0004824,341.96613,348.45282,6723.3467,spacetrack,2026-09-04 10:40:14.881000+00:00,341.9565,6723.7383,0.00039342,25.89407611111111,0.00892559359942564,-0.3629556026509623,300-350,quiet_control,5.6306152670654805
45675,2026-09-06 11:24:38.470000+00:00,0.00079435,15.750178,0.00121769,0.0004184,341.76764,347.3932,6722.7173,spacetrack,2026-09-05 12:33:53.555000+00:00,341.96613,6723.3467,0.00037228,22.84580972222222,-0.20851788830962087,-0.6611978381883324,300-350,quiet_control,4.0807942351207975
45679,2026-09-02 23:02:51.083000+00:00,0.00034282,15.7676115,0.00055951,0.0005401,335.99594,343.25247,6717.761,spacetrack,2026-09-01 18:08:33.801000+00:00,336.86438,6718.6436,0.00037494,28.904800555555557,-0.7210760703897388,-0.7328332869581614,300-350,quiet_control,5.688633035792729
45679,2026-09-03 09:41:46.678000+00:00,0.00033933,15.76779,0.00055419,0.0005626,335.7942,343.35297,6717.7104,spacetrack,2026-09-02 23:02:51.083000+00:00,335.99594,6717.761,0.00034282,10.648776388888889,-0.4546775914134771,-0.11404127156607308,300-350,quiet_control,5.305779498140044
45679,2026-09-04 23:43:25.785000+00:00,0.00031378,15.769666,0.00051605,0.0005685,335.2223,342.8597,6717.178,spacetrack,2026-09-03 09:41:46.678000+00:00,335.7942,6717.7104,0.00033933,38.02752972222222,-0.36093851218472517,-0.3360092042090861,300-350,quiet_control,4.566756290090336
45679,2026-09-05 16:27:16.222000+00:00,0.00038293,15.77052,0.00063454,0.0005666,334.9925,342.60413,6716.935,spacetrack,2026-09-04 23:43:25.785000+00:00,335.2223,6717.178,0.00031378,16.730676944444443,-0.3296459562463576,-0.34858123310570316,300-350,quiet_control,7.0207173492697725
45679,2026-09-06 10:42:18.418000+00:00,0.00033899,15.771457,0.00056283,0.0005629,334.7516,342.3132,6716.6694,spacetrack,2026-09-05 16:27:16.222000+00:00,334.9925,6716.935,0.00038293,18.250609999999998,-0.3167894114224266,-0.3492705175342171,300-350,quiet_control,4.088442431969854
45685,2026-09-02 06:16:51.048000+00:00,0.00033265,15.72491,0.00044958,0.0005232,348.25922,355.3014,6729.9175,spacetrack,2026-09-01 07:23:59.845000+00:00,348.5687,6730.201,0.00034859,22.88088972222222,-0.3246167474329076,-0.2973660588645234,300-350,quiet_control,6.368979666352573
45685,2026-09-03 06:41:08.216000+00:00,0.00033009,15.725878,0.00044792,0.0005228,347.98602,355.02252,6729.641,spacetrack,2026-09-02 06:16:51.048000+00:00,348.25922,6729.9175,0.00033265,24.404768888888892,-0.2686688011614794,-0.2719140685253475,300-350,quiet_control,6.249976279681585
45685,2026-09-04 13:11:21.976000+00:00,0.00033303,15.727098,0.00045439,0.0005342,347.56116,354.75073,6729.293,spacetrack,2026-09-03 06:41:08.216000+00:00,347.98602,6729.641,0.00033009,30.503822222222222,-0.33427417474824694,-0.2738017530771757,300-350,quiet_control,5.044952763660948
45685,2026-09-05 05:57:55.892000+00:00,0.00032756,15.727761,0.00044808,0.0005419,347.32053,354.61353,6729.104,spacetrack,2026-09-04 13:11:21.976000+00:00,347.56116,6729.293,0.00033303,16.77608777777778,-0.34424712581969286,-0.27038485134740764,300-350,quiet_control,5.164441133441323
45685,2026-09-06 15:30:55.870000+00:00,0.00033688,15.729131,0.00046379,0.0005242,347.04916,354.10355,6728.7134,spacetrack,2026-09-05 05:57:55.892000+00:00,347.32053,6729.104,0.00032756,33.54999388888889,-0.19412462552364493,-0.279415848213307,300-350,quiet_control,4.708205080149956
45695,2026-09-02 22:00:03+00:00,0.00044332,15.831743,0.00097954,0.0007037,316.7558,326.1848,6699.6074,spacetrack,2026-09-01 14:00:02+00:00,317.1889,6700.1743,0.0002895,32.000277777777775,-0.32482218036299343,-0.425171309276683,300-350,quiet_control,5.749984809159643
45695,2026-09-03 22:03:33.659000+00:00,0.0004193,15.833553,0.00093351,0.0006914,316.3281,325.59158,6699.0967,spacetrack,2026-09-02 22:00:03+00:00,316.7558,6699.6074,0.00044332,24.05851638888889,-0.4266597255656646,-0.5094578486001824,300-350,quiet_control,5.50121612629688
45695,2026-09-04 05:38:00.722000+00:00,0.00041943,15.834201,0.00093674,0.0006936,316.1306,325.42334,6698.914,spacetrack,2026-09-03 22:03:33.659000+00:00,316.3281,6699.0967,0.0004193,7.574184166666666,-0.6258099744735697,-0.5789138346152471,300-350,quiet_control,4.9085203639277175
45695,2026-09-05 07:23:01.200000+00:00,0.00039154,15.83619,0.00088173,0.0006963,315.55197,324.8801,6698.353,spacetrack,2026-09-04 05:38:00.722000+00:00,316.1306,6698.914,0.00041943,25.75013277777778,-0.539302850196768,-0.5228710902652907,300-350,quiet_control,5.209741334882868
45697,2026-09-02 22:48:55.617000+00:00,0.00033304,15.757302,0.00051893,0.0006206,338.38327,346.725,6720.691,spacetrack,2026-09-01 23:58:53.631000+00:00,338.67245,6721.008,0.00036554,22.833885000000002,-0.3039482768701456,-0.33318903025044466,300-350,quiet_control,5.605848938978189
45697,2026-09-03 07:56:54.781000+00:00,0.00033211,15.757745,0.00051846,0.0006143,338.29987,346.55673,6720.5654,spacetrack,2026-09-02 22:48:55.617000+00:00,338.38327,6720.691,0.00033304,9.13310111111111,-0.2191588569587279,-0.33005218745670356,300-350,quiet_control,5.688424468456679
45697,2026-09-04 08:18:08.295000+00:00,0.0003534,15.758901,0.00055517,0.0006116,337.98953,346.20972,6720.237,spacetrack,2026-09-03 07:56:54.781000+00:00,338.29987,6720.5654,0.00033211,24.35375388888889,-0.30583211253514603,-0.32362977945686555,300-350,quiet_control,5.065484622870255
45697,2026-09-05 07:07:56.280000+00:00,0.00032056,15.759963,0.00050504,0.0006105,337.69513,345.90015,6719.9346,spacetrack,2026-09-04 08:18:08.295000+00:00,337.98953,6720.237,0.0003534,22.829995833333335,-0.3094875729098317,-0.31789756130463886,300-350,quiet_control,5.331445709491478
45697,2026-09-06 15:05:30.065000+00:00,0.00034908,15.761483,0.00055461,0.0006093,337.2713,345.4597,6719.5024,spacetrack,2026-09-05 07:07:56.280000+00:00,337.69513,6719.9346,0.00032056,31.95938472222222,-0.31827646522016484,-0.3245619429203319,300-350,quiet_control,4.641796312915737
45700,2026-09-02 23:26:34.990000+00:00,0.00037347,15.828981,0.00081142,0.0006154,318.1263,326.37317,6700.3867,spacetrack,2026-09-01 23:11:48.404000+00:00,318.59235,6700.887,0.00040464,24.246273888888886,-0.46131624394153325,-0.4952183603557808,300-350,quiet_control,5.6288089443663205
45700,2026-09-03 20:39:22.795000+00:00,0.00040921,15.830521,0.00089716,0.0006099,317.72894,325.90155,6699.952,spacetrack,2026-09-02 23:26:34.990000+00:00,318.1263,6700.3867,0.00037347,21.213279166666666,-0.4495599159881485,-0.49180515270776926,300-350,quiet_control,5.41811598487085
45700,2026-09-04 22:24:43.392000+00:00,0.00035012,15.832837,0.00077393,0.0006098,317.07648,325.24695,6699.299,spacetrack,2026-09-03 20:39:22.795000+00:00,317.72894,6699.952,0.00040921,25.755721388888887,-0.607982970601469,-0.608486159769025,300-350,quiet_control,4.279817341987132
45700,2026-09-05 22:38:58.974000+00:00,0.00038375,15.834624,0.00085702,0.0006037,316.61368,324.7018,6698.795,spacetrack,2026-09-04 22:24:43.392000+00:00,317.07648,6699.299,0.00035012,24.237661666666664,-0.45826202843964015,-0.4990580430715806,300-350,quiet_control,5.601809085406135
45700,2026-09-06 21:22:11.919000+00:00,0.00040822,15.836364,0.00092037,0.0005956,316.17758,324.1566,6698.304,spacetrack,2026-09-05 22:38:58.974000+00:00,316.61368,6698.795,0.00038375,22.7202625,-0.46066369171572064,-0.5186559794368419,300-350,quiet_control,4.82481243339508
45703,2026-09-02 22:00:03+00:00,0.00050548,15.932458,0.00180069,0.0002526,291.52167,294.89203,6671.3438,spacetrack,2026-09-01 14:00:02+00:00,292.72333,6672.726,0.00053197,32.000277777777775,-0.9012371767606215,-1.0366410013802052,250-300,quiet_control,5.749984809159643
45703,2026-09-03 22:00:01.999000+00:00,0.00043915,15.936,0.00158987,0.0002215,290.74078,293.69574,6670.3555,spacetrack,2026-09-02 22:00:03+00:00,291.52167,6671.3438,0.00050548,23.999721944444442,-0.7808990472216,-0.9883114502287043,250-300,quiet_control,5.499994207108812
45703,2026-09-04 20:00:01.999000+00:00,0.00040882,15.939618,0.00150681,0.000178,290.0216,292.3959,6669.3457,spacetrack,2026-09-03 22:00:01.999000+00:00,290.74078,6670.3555,0.00043915,22.0,-0.7845599999999939,-1.1015999999997967,250-300,quiet_control,4.363560643939394
45703,2026-09-05 22:00:03+00:00,0.00036402,15.943375,0.00136557,0.0001581,289.10687,291.2154,6668.2983,spacetrack,2026-09-04 20:00:01.999000+00:00,290.0216,6669.3457,0.00040882,26.000278055555558,-0.8443571239157668,-0.9668204296229078,250-300,quiet_control,5.346160806549494
45703,2026-09-06 22:00:01.999000+00:00,0.0004564,15.947154,0.00175673,0.0001203,288.30548,289.90964,6667.2446,spacetrack,2026-09-05 22:00:03+00:00,289.10687,6668.2983,0.00036402,23.999721944444442,-0.8013992847301654,-1.0537122079392807,250-300,quiet_control,4.833389261836239
45710,2026-09-02 22:00:03+00:00,0.00013883,15.806036,0.00026498,0.0008005,323.36383,334.10153,6706.8696,spacetrack,2026-09-01 14:00:02+00:00,323.79953,6707.462,0.00030904,32.000277777777775,-0.3267721634360791,-0.4442961432629848,300-350,quiet_control,5.749984809159643
45710,2026-09-03 08:02:04.188000+00:00,0.00038059,15.806449,0.00074439,0.0008156,323.14566,334.08572,6706.753,spacetrack,2026-09-02 22:00:03+00:00,323.36383,6706.8696,0.00013883,10.033663333333333,-0.5218512746590402,-0.27890112584406196,300-350,quiet_control,5.690692233046155
45710,2026-09-04 11:20:50.783000+00:00,0.00037473,15.808235,0.00073877,0.0007953,322.77713,333.4441,6706.2476,spacetrack,2026-09-03 08:02:04.188000+00:00,323.14566,6706.753,0.00038059,27.312943055555557,-0.32382888881692506,-0.4440971438093707,300-350,quiet_control,5.125084764706843
45710,2026-09-05 14:39:25.934000+00:00,0.00042118,15.810075,0.00083927,0.0007838,322.3344,332.8463,6705.7275,spacetrack,2026-09-04 11:20:50.783000+00:00,322.77713,6706.2476,0.00037473,27.309764166666668,-0.38907402990204987,-0.45706729372746024,300-350,quiet_control,5.5731488628848265
45710,2026-09-06 14:55:47.676000+00:00,0.00039375,15.8117,0.00078965,0.0007818,321.88858,332.37296,6705.2676,spacetrack,2026-09-05 14:39:25.934000+00:00,322.3344,6705.7275,0.00042118,24.27270611111111,-0.4408111708279089,-0.4547329807179361,300-350,quiet_control,4.134830706396309
45711,2026-09-02 22:00:03+00:00,0.00061518,15.897382,0.00183286,0.00074,298.07217,307.9603,6681.1533,spacetrack,2026-09-01 14:00:02+00:00,298.79324,6682.009,0.00052616,32.000277777777775,-0.5407978055746026,-0.6417694290848694,250-300,quiet_control,5.749984809159643
45711,2026-09-03 22:00:01.999000+00:00,0.00060179,15.900158,0.00181805,0.0007324,297.3459,307.1313,6680.3755,spacetrack,2026-09-02 22:00:03+00:00,298.07217,6681.1533,0.00061518,23.999721944444442,-0.7262784144062233,-0.7778090114213757,250-300,quiet_control,5.499994207108812
45711,2026-09-04 20:00:01.999000+00:00,0.00067589,15.902789,0.00207389,0.0007106,296.7551,306.2482,6679.6387,spacetrack,2026-09-03 22:00:01.999000+00:00,297.3459,6680.3755,0.00060179,22.0,-0.6445090909090306,-0.8037818181814642,250-300,quiet_control,4.363560643939394
45711,2026-09-05 22:00:03+00:00,0.00059822,15.906224,0.00186457,0.000702,295.8515,305.22836,6678.677,spacetrack,2026-09-04 20:00:01.999000+00:00,296.7551,6679.6387,0.00067589,26.000278055555558,-0.8340833876338933,-0.8877135833201665,250-300,quiet_control,5.346160806549494
45711,2026-09-06 22:00:01.999000+00:00,0.00033465,15.909638,0.00104643,0.000685,295.01035,304.1588,6677.7217,spacetrack,2026-09-05 22:00:03+00:00,295.8515,6678.677,0.00059822,23.999721944444442,-0.841159745380817,-0.9553110678975294,250-300,quiet_control,4.833389261836239
45731,2026-09-02 05:44:53.477000+00:00,0.0004168,15.800925,0.00079423,0.0001579,329.11942,331.2379,6708.3154,spacetrack,2026-09-01 17:36:14.002000+00:00,329.45364,6708.5474,0.00042895,12.144298611111111,-0.6604975928919868,-0.4584867498980142,300-350,quiet_control,4.806322491292496
45731,2026-09-03 02:59:57.055000+00:00,0.00040125,15.802398,0.0007693,0.0001261,328.91617,330.6079,6707.899,spacetrack,2026-09-02 05:44:53.477000+00:00,329.11942,6708.3154,0.0004168,21.25099388888889,-0.2295422052024454,-0.47026506394257506,300-350,quiet_control,6.682035015408037
45731,2026-09-04 21:29:42.873000+00:00,0.00037187,15.805334,0.00072177,9.59e-05,328.28796,329.57437,6707.0684,spacetrack,2026-09-03 02:59:57.055000+00:00,328.91617,6707.899,0.00040125,42.49606055555556,-0.3547867685356435,-0.46908818698488763,300-350,quiet_control,4.541546792265411
45731,2026-09-05 15:42:19.628000+00:00,0.00038506,15.806582,0.00075221,7.2e-05,328.09506,329.06082,6706.715,spacetrack,2026-09-04 21:29:42.873000+00:00,328.28796,6707.0684,0.00037187,18.210209722222224,-0.2542310094512877,-0.4657606984970043,300-350,quiet_control,6.612796957384482
45731,2026-09-06 17:30:02.651000+00:00,0.0004119,15.808385,0.00081245,5.94e-05,327.66992,328.4666,6706.205,spacetrack,2026-09-05 15:42:19.628000+00:00,328.09506,6706.715,0.00038506,25.79528416666667,-0.39555137032314686,-0.47450533674764017,300-350,quiet_control,4.074051056899148
45741,2026-09-02 19:28:54.318000+00:00,0.00040348,15.74786,0.00060451,0.0002073,343.8465,346.634,6723.3774,spacetrack,2026-09-01 19:06:38.952000+00:00,344.39307,6723.736,0.00043362,24.370935,-0.5382509944735705,-0.353141970137365,300-350,quiet_control,5.630707644167121
45741,2026-09-03 22:53:48.164000+00:00,0.0003954,15.749278,0.00059589,0.0002149,343.39197,346.2815,6722.9736,spacetrack,2026-09-02 19:28:54.318000+00:00,343.8465,6723.3774,0.00040348,27.414957222222224,-0.3979112537573823,-0.3535004604036205,300-350,quiet_control,5.562282738479966
45741,2026-09-04 21:44:26.328000+00:00,0.0003246,15.750459,0.00049005,0.0003373,342.23325,346.7683,6722.6377,spacetrack,2026-09-03 22:53:48.164000+00:00,343.39197,6722.9736,0.0003954,22.843934444444447,-1.2173594731516797,-0.35289892901795894,300-350,quiet_control,4.1630753332479555
45741,2026-09-05 11:26:46.455000+00:00,0.00034668,15.751041,0.00052536,0.0003136,342.22678,346.4431,6722.472,spacetrack,2026-09-04 21:44:26.328000+00:00,342.23325,6722.6377,0.0003246,13.705590833333334,-0.011329683038679154,-0.2901589612860261,300-350,quiet_control,7.270198737023923
45741,2026-09-06 17:54:02.994000+00:00,0.0003841,15.752646,0.00058728,0.000271,342.05655,345.69986,6722.015,spacetrack,2026-09-05 11:26:46.455000+00:00,342.22678,6722.472,0.00034668,30.454594166666666,-0.13415118840991794,-0.36014270753248,300-350,quiet_control,4.156313225100986
45755,2026-09-02 19:34:56.058000+00:00,0.00043328,15.844725,0.00101729,0.0001692,316.6777,318.94363,6695.9478,spacetrack,2026-09-01 17:50:44.363000+00:00,317.11804,6696.623,0.00049857,25.736581944444445,-0.41062795451285916,-0.6296407205499271,300-350,quiet_control,5.650303213556967
45755,2026-09-03 19:48:05.017000+00:00,0.00046108,15.846931,0.00109559,0.0001825,315.967,318.41083,6695.3257,spacetrack,2026-09-02 19:34:56.058000+00:00,316.6777,6695.9478,0.00043328,24.21915527777778,-0.704268988920979,-0.6164707162057602,300-350,quiet_control,5.455034404069442
45755,2026-09-04 12:27:00.650000+00:00,0.0004196,15.848261,0.00100173,0.0002429,315.1884,318.4408,6694.9517,spacetrack,2026-09-03 19:48:05.017000+00:00,315.967,6695.3257,0.00046108,16.648786944444446,-1.1223880792249001,-0.5391383786680117,300-350,quiet_control,5.143987233771269
45755,2026-09-05 15:41:24.181000+00:00,0.0004326,15.850895,0.00104674,0.0002139,314.64093,317.50473,6694.21,spacetrack,2026-09-04 12:27:00.650000+00:00,315.1884,6694.9517,0.0004196,27.239869722222224,-0.48235472981283833,-0.6534833015544169,300-350,quiet_control,5.474666336458964
45755,2026-09-06 20:26:19.653000+00:00,0.0004521,15.853501,0.00110896,0.0002387,313.74124,316.9367,6693.476,spacetrack,2026-09-05 15:41:24.181000+00:00,314.64093,6694.21,0.0004326,28.74874222222222,-0.751078423991359,-0.6127572421722246,300-350,quiet_control,4.217668150738034
45759,2026-09-02 19:48:03.350000+00:00,0.00038425,15.745818,0.00057009,0.0002911,343.864,347.7787,6723.9585,spacetrack,2026-09-01 22:28:25.422000+00:00,344.22733,6724.272,0.00039139,21.327202222222223,-0.40886375573982203,-0.3527888900572779,300-350,quiet_control,5.5780037200274535
45759,2026-09-03 23:13:10.447000+00:00,0.00031882,15.7469635,0.00047377,0.000311,343.40436,347.58646,6723.6323,spacetrack,2026-09-02 19:48:03.350000+00:00,343.864,6723.9585,0.00038425,27.418638055555554,-0.4023307057647353,-0.28552840531778845,300-350,quiet_control,5.562341500125366
45759,2026-09-04 22:03:58.289000+00:00,0.00037023,15.7484665,0.00055539,0.0003287,342.85782,347.27765,6723.2046,spacetrack,2026-09-03 23:13:10.447000+00:00,343.40436,6723.6323,0.00031882,22.846622777777778,-0.5741312458994293,-0.44929178810571213,300-350,quiet_control,4.106294922607209
45759,2026-09-05 22:26:03.172000+00:00,0.00044392,15.749773,0.00067199,0.0003517,342.33136,347.0602,6722.833,spacetrack,2026-09-04 22:03:58.289000+00:00,342.85782,6723.2046,0.00037023,24.368023055555557,-0.518509030100374,-0.3659878349456955,300-350,quiet_control,5.564853360932953
45759,2026-09-06 19:45:16.655000+00:00,0.00041407,15.750833,0.000629,0.0003678,341.92172,346.86682,6722.5312,spacetrack,2026-09-05 22:26:03.172000+00:00,342.33136,6722.833,0.00044392,21.32041194444444,-0.46112429842437397,-0.339730771565603,300-350,quiet_control,4.727436825244791
45764,2026-09-02 20:55:02.152000+00:00,0.00038212,15.738894,0.00054986,0.0001865,346.5388,349.04755,6725.93,spacetrack,2026-09-01 19:00:30.038000+00:00,346.77692,6726.3184,0.00045565,25.908920555555557,-0.22057576608591983,-0.3597834182249199,300-350,quiet_control,5.652629294968055
45764,2026-09-03 12:09:24.418000+00:00,0.00039594,15.739641,0.00057198,0.0001748,346.40482,348.7561,6725.7173,spacetrack,2026-09-02 20:55:02.152000+00:00,346.5388,6725.93,0.00038212,15.239518333333335,-0.21099879469070248,-0.3349712168287675,300-350,quiet_control,5.202285629251989
45764,2026-09-04 20:09:26.031000+00:00,0.00036305,15.741346,0.00052756,0.0001606,346.01468,348.1748,6725.232,spacetrack,2026-09-03 12:09:24.418000+00:00,346.40482,6725.7173,0.00039594,32.00044805555555,-0.2926009030793497,-0.3639699037896644,300-350,quiet_control,4.865174960701289
45764,2026-09-05 22:03:36.620000+00:00,0.00053685,15.742445,0.00078935,0.0001584,345.71667,347.8471,6724.919,spacetrack,2026-09-04 20:09:26.031000+00:00,346.01468,6725.232,0.00036305,25.90294138888889,-0.27611690474145933,-0.29000567492403506,300-350,quiet_control,5.357267898865496
45764,2026-09-06 16:20:34.478000+00:00,0.00039712,15.743575,0.00058368,0.0001096,345.72305,347.19708,6724.597,spacetrack,2026-09-05 22:03:36.620000+00:00,345.71667,6724.919,0.00053685,18.28273833333333,0.008375113027807177,-0.4226937923140869,300-350,quiet_control,4.74699365026434
45780,2026-09-02 15:19:28.043000+00:00,0.00044846,15.819407,0.00093316,0.0001918,323.66705,326.23837,6703.09,spacetrack,2026-09-01 19:36:45.016000+00:00,324.06146,6703.5444,0.00048957,19.711951944444444,-0.48020815121090366,-0.5532481020006015,300-350,quiet_control,5.8148883079635265
45780,2026-09-03 15:34:57.226000+00:00,0.00047158,15.821389,0.00099146,0.0001861,323.14554,325.64023,6702.53,spacetrack,2026-09-02 15:19:28.043000+00:00,323.66705,6703.09,0.00044846,24.25810638888889,-0.5159611306566673,-0.5540415968397938,300-350,quiet_control,5.161060352528432
45780,2026-09-04 18:52:09.595000+00:00,0.00043348,15.823595,0.00091947,0.0001615,322.68765,324.8524,6701.907,spacetrack,2026-09-03 15:34:57.226000+00:00,323.14554,6702.53,0.00047158,27.28676916666667,-0.40273584361990533,-0.5479578732338705,300-350,quiet_control,4.914932154389965
45780,2026-09-05 14:34:26.416000+00:00,0.00056489,15.825363,0.00121457,0.0001942,321.96957,324.57242,6701.408,spacetrack,2026-09-04 18:52:09.595000+00:00,322.68765,6701.907,0.00043348,19.704672499999997,-0.8746108315172982,-0.6077746280733725,300-350,quiet_control,6.306221348712539
45780,2026-09-06 13:18:28.124000+00:00,0.00050217,15.826964,0.00108545,0.0001753,321.64426,323.9936,6700.956,spacetrack,2026-09-05 14:34:26.416000+00:00,321.96957,6701.408,0.00056489,22.733807777777777,-0.3434286097743726,-0.47717479210012936,300-350,quiet_control,4.076265612638485
46141,2026-09-02 22:59:31.772000+00:00,0.00067078,15.738517,0.00097331,9.25e-05,347.2786,348.52292,6726.0376,spacetrack,2026-09-01 21:04:54.653000+00:00,347.78403,6726.7256,0.00056587,25.910310833333334,-0.4681657459853485,-0.6372752571829411,300-350,quiet_control,5.652647933948303
46141,2026-09-04 00:53:54.016000+00:00,0.00077727,15.741146,0.00114406,7.27e-05,346.663,347.64087,6725.289,spacetrack,2026-09-02 22:59:31.772000+00:00,347.2786,6726.0376,0.00067078,25.906178888888892,-0.570304098623207,-0.6935179470911194,300-350,quiet_control,5.502113459761916
46141,2026-09-05 19:33:36.555000+00:00,0.00049329,15.743863,0.00072874,8.1e-06,346.3237,346.43262,6724.515,spacetrack,2026-09-04 00:53:54.016000+00:00,346.663,6725.289,0.00077727,42.66181638888889,-0.19087794869704033,-0.4354244983536245,300-350,quiet_control,4.960609682328536
46141,2026-09-06 22:00:01.999000+00:00,0.00039325,15.745817,0.00058361,5.08e-05,345.48004,346.16318,6723.9585,spacetrack,2026-09-05 19:33:36.555000+00:00,346.3237,6724.515,0.00049329,26.44040111111111,-0.7657917107577918,-0.5051360584087998,300-350,quiet_control,4.647547622932767
46159,2026-09-02 23:32:20.527000+00:00,0.00096985,16.244179,0.02775707,0.0008414,202.04295,213.12541,6585.721,spacetrack,2026-09-01 22:23:47.099000+00:00,215.95656,6598.751,0.00087514,25.14261888888889,-13.281299035542002,-12.43784513387402,200-250,quiet_control,5.642042062532424
46160,2026-09-02 21:26:11.543000+00:00,0.00070545,16.028465,0.00435142,0.0005442,262.92404,270.1561,6644.6772,spacetrack,2026-09-01 22:59:03.288000+00:00,265.4523,6646.9966,0.00076555,22.452293055555558,-2.7025408874656396,-2.479283512925364,250-300,quiet_control,5.599150074438697
46160,2026-09-03 15:23:23.114000+00:00,0.00070274,16.035416,0.00451984,0.0005555,260.9298,268.3099,6642.757,spacetrack,2026-09-02 21:26:11.543000+00:00,262.92404,6644.6772,0.00070545,17.95321416666667,-2.6659159499619647,-2.5669386869776263,250-300,quiet_control,5.164495011269337
46160,2026-09-04 16:48:34.529000+00:00,0.00076458,16.046076,0.00524904,0.0005839,257.80048,265.55444,6639.8145,spacetrack,2026-09-03 15:23:23.114000+00:00,260.9298,6642.757,0.00070274,25.4198375,-2.954530295482816,-2.778145218276112,250-300,quiet_control,5.12515705281139
46160,2026-09-05 12:14:12.343000+00:00,0.00086344,16.054867,0.00625662,0.0005825,255.38698,263.11954,6637.39,spacetrack,2026-09-04 16:48:34.529000+00:00,257.80048,6639.8145,0.00076458,19.427170555555556,-2.981597337314545,-2.9951865524422443,250-300,quiet_control,6.05155684448473
46160,2026-09-06 15:06:54.814000+00:00,0.00072212,16.06904,0.00571656,0.0006001,251.36911,259.33063,6633.487,spacetrack,2026-09-05 12:14:12.343000+00:00,255.38698,6637.39,0.00086344,26.878464166666667,-3.587588911407594,-3.4850205509946246,250-300,quiet_control,4.210131498192104
46174,2026-09-02 22:00:03+00:00,0.00027946,15.814033,0.00056234,0.0005101,323.0514,329.89145,6704.6084,spacetrack,2026-09-01 14:00:02+00:00,324.2096,6705.98,0.00094893,32.000277777777775,-0.8686424597008873,-1.028691070389631,300-350,quiet_control,5.749984809159643
46174,2026-09-03 22:00:01.999000+00:00,0.00066561,15.817078,0.00138143,0.0004995,322.26245,328.9595,6703.748,spacetrack,2026-09-02 22:00:03+00:00,323.0514,6704.6084,0.00027946,23.999721944444442,-0.7889591406030062,-0.8604099684076388,300-350,quiet_control,5.499994207108812
46174,2026-09-04 20:00:01.999000+00:00,0.00052103,15.820041,0.00109113,0.0004775,321.57327,327.97455,6702.911,spacetrack,2026-09-03 22:00:01.999000+00:00,322.26245,6703.748,0.00066561,22.0,-0.751832727272751,-0.9130909090904011,300-350,quiet_control,4.363560643939394
46174,2026-09-05 22:00:03+00:00,0.00021367,15.823082,0.00044627,0.0004658,320.79315,327.03677,6702.052,spacetrack,2026-09-04 20:00:01.999000+00:00,321.57327,6702.911,0.00052103,26.000278055555558,-0.7201030681284702,-0.7929145971423178,300-350,quiet_control,5.346160806549494
46174,2026-09-06 22:00:01.999000+00:00,0.00042693,15.825514,0.00091406,0.0004364,320.30377,326.15274,6701.365,spacetrack,2026-09-05 22:00:03+00:00,320.79315,6702.052,0.00021367,23.999721944444442,-0.48938566985021936,-0.6870079594323912,300-350,quiet_control,4.833389261836239
46278,2026-09-02 22:48:01.232000+00:00,0.00049304,15.798224,0.00091077,6.18e-05,330.5287,331.3579,6709.08,spacetrack,2026-09-01 22:28:33.220000+00:00,331.1263,6709.633,0.00052346,24.324447777777777,-0.5896290074508028,-0.5456238974568698,300-350,quiet_control,5.630001877854667
46278,2026-09-03 23:07:18.406000+00:00,0.00057132,15.800235,0.00106718,6.07e-05,329.96707,330.78146,6708.511,spacetrack,2026-09-02 22:48:01.232000+00:00,330.5287,6709.08,0.00049304,24.321437222222222,-0.5542073799686952,-0.5614799765003522,300-350,quiet_control,5.506608105008049
46278,2026-09-04 21:55:13.064000+00:00,0.0018064,15.802127,0.00350415,7.97e-05,329.30392,330.37317,6707.9756,spacetrack,2026-09-03 23:07:18.406000+00:00,329.96707,6708.511,0.00057132,22.79851611111111,-0.6980980657878305,-0.5636156290783123,300-350,quiet_control,4.1278964817617645
46278,2026-09-05 22:14:08.637000+00:00,0.00049521,15.804119,0.00093991,9.46e-05,328.64032,329.90936,6707.4116,spacetrack,2026-09-04 21:55:13.064000+00:00,329.30392,6707.9756,0.0018064,24.315436944444446,-0.6549913142169373,-0.5566833954459613,300-350,quiet_control,5.556237348214994
46278,2026-09-06 19:30:33.091000+00:00,0.00048894,15.8058605,0.00093534,0.0001001,328.11084,329.45355,6706.9194,spacetrack,2026-09-05 22:14:08.637000+00:00,328.64032,6707.4116,0.00049521,21.273459444444445,-0.5973414917862849,-0.5552834521749191,300-350,quiet_control,4.705968106790968
46320,2026-09-02 23:34:04.853000+00:00,0.00050599,15.812418,0.00099823,0.0001486,325.9315,327.92426,6705.065,spacetrack,2026-09-01 23:15:54.900000+00:00,326.53464,6705.682,0.00053401,24.30276472222222,-0.5956260600574295,-0.6093133916761431,300-350,quiet_control,5.629671763568098
46320,2026-09-03 22:20:55.700000+00:00,0.00057215,15.81454,0.00114186,0.000146,325.34937,327.30707,6704.4653,spacetrack,2026-09-02 23:34:04.853000+00:00,325.9315,6705.065,0.00050599,22.78079083333333,-0.6132851182478407,-0.6317954501796452,300-350,quiet_control,5.4732404117226094
46320,2026-09-04 15:03:10.082000+00:00,0.00051054,15.816021,0.00102434,0.0001426,324.95352,326.8655,6704.0464,spacetrack,2026-09-03 22:20:55.700000+00:00,325.34937,6704.4653,0.00057215,16.703995,-0.5687501702436992,-0.6018679962483228,300-350,quiet_control,4.909769655569088
46320,2026-09-06 20:11:27.360000+00:00,0.00053095,15.821031,0.0010911,0.0001614,323.41254,325.57617,6702.6313,spacetrack,2026-09-04 15:03:10.082000+00:00,324.95352,6704.0464,0.00051054,53.13813277777778,-0.6959883245176341,-0.6391342379686884,300-350,quiet_control,4.818385319628018
46353,2026-09-02 22:00:03+00:00,0.00077934,15.99359,0.00392842,0.0007545,271.17517,281.21655,6654.333,spacetrack,2026-09-01 14:00:02+00:00,273.64386,6657.2373,0.00079185,32.000277777777775,-1.8515014279390218,-2.178206091961119,250-300,quiet_control,5.749984809159643
46353,2026-09-03 22:00:01.999000+00:00,0.00080361,16.00209,0.00425334,0.0007167,269.07202,278.60696,6651.9766,spacetrack,2026-09-02 22:00:03+00:00,271.17517,6654.333,0.00077934,23.999721944444442,-2.1031743666381773,-2.35642730073726,250-300,quiet_control,5.499994207108812
46353,2026-09-04 20:42:06.663000+00:00,0.00078493,16.010286,0.00435511,0.0006753,267.07864,276.05975,6649.706,spacetrack,2026-09-03 22:00:01.999000+00:00,269.07202,6651.9766,0.00080361,22.701295555555557,-2.107418049464237,-2.4004973578109223,250-300,quiet_control,4.321437100065655
46353,2026-09-05 22:09:44.508000+00:00,0.00076595,16.020092,0.00449983,0.0006313,264.65878,273.05127,6646.992,spacetrack,2026-09-04 20:42:06.663000+00:00,267.07864,6649.706,0.00078493,25.4605125,-2.2810475633591696,-2.5583145665272293,250-300,quiet_control,5.402243997772367
46353,2026-09-06 23:36:15.827000+00:00,0.0015691,16.036648,0.01013136,0.0004528,261.27182,267.2872,6642.4165,spacetrack,2026-09-05 22:09:44.508000+00:00,264.65878,6646.992,0.00076595,25.442033055555555,-3.1949899531417265,-4.316164504629452,250-300,quiet_control,4.912222412693937
46375,2026-09-02 22:00:03+00:00,0.00070105,15.975592,0.00318321,0.000542,277.5836,284.8023,6659.33,spacetrack,2026-09-01 14:00:02+00:00,280.11008,6661.978,0.00072749,32.000277777777775,-1.8948435517052746,-1.9859827605664184,250-300,quiet_control,5.749984809159643
46375,2026-09-03 22:00:01.999000+00:00,0.0006859,15.982174,0.00323156,0.0005483,275.7143,283.01492,6657.5015,spacetrack,2026-09-02 22:00:03+00:00,277.5836,6659.33,0.00070105,23.999721944444442,-1.8693216573030074,-1.8285211846026983,250-300,quiet_control,5.499994207108812
46375,2026-09-04 20:00:01.999000+00:00,0.00074166,15.988844,0.00363221,0.000574,273.69247,281.33316,6655.65,spacetrack,2026-09-03 22:00:01.999000+00:00,275.7143,6657.5015,0.0006859,22.0,-2.20563272727269,-2.0198181818189123,250-300,quiet_control,4.363560643939394
46375,2026-09-05 22:00:03+00:00,0.00072875,15.996697,0.00373289,0.0005855,271.43878,279.23,6653.471,spacetrack,2026-09-04 20:00:01.999000+00:00,273.69247,6655.65,0.00074166,26.000278055555558,-2.0803069830417784,-2.011363104973712,250-300,quiet_control,5.346160806549494
46375,2026-09-06 23:51:31.671000+00:00,0.00072337,16.00496,0.00388678,0.0005999,269.05435,277.03442,6651.181,spacetrack,2026-09-05 22:00:03+00:00,271.43878,6653.471,0.00072875,25.85796416666667,-2.2131023011382425,-2.125457350228975,250-300,quiet_control,4.917225921079053
46383,2026-09-02 23:12:45.341000+00:00,0.00054315,16.083757,0.00471561,0.0004896,248.0572,254.54875,6629.44,spacetrack,2026-09-01 20:21:38.037000+00:00,251.17154,6632.3975,0.0005753,26.85202888888889,-2.7835572615121227,-2.6433756753993856,250-300,quiet_control,5.664829796018724
46383,2026-09-03 23:03:56.655000+00:00,0.00055465,16.09374,0.00513908,0.0005116,245.17072,251.95114,6626.6978,spacetrack,2026-09-02 23:12:45.341000+00:00,248.0572,6629.44,0.00054315,23.853142777777776,-2.9042512613700135,-2.759082969197056,200-250,quiet_control,5.496921637882472
46383,2026-09-04 12:28:35.258000+00:00,0.00052506,16.099585,0.00505475,0.0005152,243.54414,250.37065,6625.094,spacetrack,2026-09-03 23:03:56.655000+00:00,245.17072,6626.6978,0.00055465,13.410723055555556,-2.910948189615162,-2.8701808128124235,200-250,quiet_control,4.845963749199621
46383,2026-09-05 12:18:19.098000+00:00,0.00055089,16.11061,0.00570829,0.0005495,240.29561,247.57326,6622.0713,spacetrack,2026-09-04 12:28:35.258000+00:00,243.54414,6625.094,0.00052506,23.828844444444442,-3.271863232049288,-3.044411161822998,200-250,quiet_control,5.629489190504879
46383,2026-09-06 16:34:48.055000+00:00,0.00054572,16.12483,0.00622877,0.0006155,235.96683,244.11382,6618.1772,spacetrack,2026-09-05 12:18:19.098000+00:00,240.29561,6622.0713,0.00055089,28.274710277777775,-3.6743336705965266,-3.305370738792019,200-250,quiet_control,4.14552508873826
46384,2026-09-02 21:17:20.291000+00:00,0.00032988,15.721959,0.00044012,0.0005095,349.19302,356.05167,6730.7593,spacetrack,2026-09-01 04:05:40.342000+00:00,349.83942,6731.288,0.00038405,41.194430277777776,-0.37659460017752566,-0.3080222232577204,300-350,quiet_control,6.317871599537771
46384,2026-09-03 14:04:13.591000+00:00,0.00037897,15.722749,0.00050861,0.0004759,349.1939,355.60004,6730.534,spacetrack,2026-09-02 21:17:20.291000+00:00,349.19302,6730.7593,0.00032988,16.781472222222224,0.0012585308201931897,-0.3222124929445218,300-350,quiet_control,5.161549013213977
46384,2026-09-04 09:54:07.670000+00:00,0.00037673,15.723621,0.00050748,0.0004905,348.84692,355.44934,6730.285,spacetrack,2026-09-03 14:04:13.591000+00:00,349.1939,6730.534,0.00037897,19.83168861111111,-0.41990977991322953,-0.30133591330427273,300-350,quiet_control,5.348035444227805
46384,2026-09-05 13:21:34.382000+00:00,0.00040101,15.724801,0.00054355,0.0004852,348.54593,355.07666,6729.948,spacetrack,2026-09-04 09:54:07.670000+00:00,348.84692,6730.285,0.00037673,27.45742,-0.26308954009518415,-0.2945651849295682,300-350,quiet_control,5.622704880664114
46384,2026-09-06 19:51:55.293000+00:00,0.00039454,15.726133,0.0005377,0.0004798,348.2025,354.6602,6729.5684,spacetrack,2026-09-05 13:21:34.382000+00:00,348.54593,6729.948,0.00040101,30.50580861111111,-0.2701885436007815,-0.2986447635643644,300-350,quiet_control,4.176070329629664
46457,2026-09-02 21:51:54.795000+00:00,0.00048854,15.747746,0.00072196,0.0008386,339.63416,350.91064,6723.409,spacetrack,2026-09-01 21:27:47.161000+00:00,340.1933,6723.888,0.00055257,24.402120555555555,-0.549925977516949,-0.4711065980447835,300-350,quiet_control,5.631179594432788
46457,2026-09-03 17:41:24.306000+00:00,0.00049107,15.749058,0.00072989,0.0008377,339.2675,350.53128,6723.0366,spacetrack,2026-09-02 21:51:54.795000+00:00,339.63416,6723.409,0.00048854,19.824864166666668,-0.443878955538901,-0.45082780516653,300-350,quiet_control,5.243374387138508
46457,2026-09-04 21:08:13.319000+00:00,0.00049157,15.750984,0.00073687,0.0008536,338.61276,350.0894,6722.4883,spacetrack,2026-09-03 17:41:24.306000+00:00,339.2675,6723.0366,0.00049107,27.446948055555556,-0.5725139264370582,-0.4794412833577534,300-350,quiet_control,4.668408154223745
46457,2026-09-05 16:57:28.140000+00:00,0.00023536,15.75218,0.00035243,0.0008715,338.1525,349.8692,6722.148,spacetrack,2026-09-04 21:08:13.319000+00:00,338.61276,6722.4883,0.00049157,19.82078361111111,-0.5573059177038711,-0.41205232649923434,300-350,quiet_control,6.237975735374629
46457,2026-09-06 15:49:32.622000+00:00,0.00014598,15.753889,0.00021936,0.0008491,337.8175,349.2322,6721.6616,spacetrack,2026-09-05 16:57:28.140000+00:00,338.1525,6722.148,0.00023536,22.867911666666668,-0.3515843561578466,-0.5104794950301739,300-350,quiet_control,4.266307876677561
46459,2026-09-02 21:30:56.389000+00:00,0.00077318,15.9474535,0.00293497,0.0005666,285.24643,292.80167,6667.161,spacetrack,2026-09-01 21:24:56.275000+00:00,286.67557,6668.8413,0.00080464,24.100031666666666,-1.4232080884541203,-1.67332560213094,250-300,quiet_control,5.626556507290896
46459,2026-09-03 21:36:23.690000+00:00,0.00079473,15.953577,0.00311665,0.0005397,283.7204,290.91507,6665.4546,spacetrack,2026-09-02 21:30:56.389000+00:00,285.24643,6667.161,0.00077318,24.090916944444448,-1.5202709006244672,-1.6999602005371135,250-300,quiet_control,5.501886954835594
46459,2026-09-04 18:40:42.055000+00:00,0.00078489,15.959192,0.00317174,0.0005061,282.3817,289.1269,6663.891,spacetrack,2026-09-03 21:36:23.690000+00:00,283.7204,6665.4546,0.00079473,21.071768055555555,-1.5247320450420538,-1.7808852062661127,250-300,quiet_control,4.479717233557564
46459,2026-09-05 23:15:50.359000+00:00,0.00074952,15.966815,0.00315575,0.0004696,280.50485,286.76157,6661.77,spacetrack,2026-09-04 18:40:42.055000+00:00,282.3817,6663.891,0.00078489,28.58564,-1.575770211896642,-1.7807542528339557,250-300,quiet_control,5.178156186501723
46459,2026-09-06 20:19:04.829000+00:00,0.00078021,15.972828,0.00339424,0.0004406,279.0268,284.89566,6660.098,spacetrack,2026-09-05 23:15:50.359000+00:00,280.50485,6661.77,0.00074952,21.054019444444446,-1.6848659275538131,-1.9059543526070104,250-300,quiet_control,4.790158675164561
46460,2026-09-02 21:37:46.177000+00:00,0.00059644,15.836844,0.00132337,0.0002786,318.16544,321.89764,6698.1685,spacetrack,2026-09-01 21:21:49.035000+00:00,318.77765,6699.0,0.00066981,24.26587277777778,-0.6055022267097565,-0.8223895420024171,300-350,quiet_control,5.629108745338761
46460,2026-09-03 14:18:34.886000+00:00,0.00060629,15.838833,0.00135839,0.0002651,317.6956,321.24664,6697.608,spacetrack,2026-09-02 21:37:46.177000+00:00,318.16544,6698.1685,0.00059644,16.680196944444447,-0.67602079505153,-0.8064652980293845,300-350,quiet_control,5.142115011998009
46460,2026-09-04 22:08:52.228000+00:00,0.00055629,15.842645,0.00126752,0.0002415,316.77948,320.01392,6696.5337,spacetrack,2026-09-03 14:18:34.886000+00:00,317.6956,6697.608,0.00060629,31.838150555555558,-0.6905828264627094,-0.8098209082532999,300-350,quiet_control,4.703389701708489
46460,2026-09-05 22:24:01.394000+00:00,0.0005999,15.845567,0.0013879,0.0002207,316.0956,319.0511,6695.7104,spacetrack,2026-09-04 22:08:52.228000+00:00,316.77948,6696.5337,0.00055629,24.252546111111112,-0.6767586349410204,-0.8147268294831898,300-350,quiet_control,5.5790376007027715
46460,2026-09-06 18:06:07.982000+00:00,0.0006149,15.848026,0.00144019,0.000203,315.52142,318.23962,6695.0176,spacetrack,2026-09-05 22:24:01.394000+00:00,316.0956,6695.7104,0.0005999,19.70183,-0.6994436557416392,-0.8439419079342049,300-350,quiet_control,4.619456895346495
46537,2026-09-02 22:00:03+00:00,0.00041075,15.868824,0.00108683,0.0007457,306.04144,316.01767,6689.1665,spacetrack,2026-09-01 14:00:02+00:00,307.8005,6690.5947,0.00059031,32.000277777777775,-1.3192835478858518,-1.0711407019031634,300-350,quiet_control,5.749984809159643
46537,2026-09-03 22:00:01.999000+00:00,0.00044571,15.872379,0.00120261,0.0007687,304.8896,315.172,6688.168,spacetrack,2026-09-02 22:00:03+00:00,306.04144,6689.1665,0.00041075,23.999721944444442,-1.151853344967623,-0.9985115684043074,300-350,quiet_control,5.499994207108812
46537,2026-09-04 20:00:01.999000+00:00,0.0004949,15.875859,0.00136225,0.0008096,303.63922,314.46713,6687.19,spacetrack,2026-09-03 22:00:01.999000+00:00,304.8896,6688.168,0.00044571,22.0,-1.3640509090908546,-1.0669090909091623,300-350,quiet_control,4.363560643939394
46537,2026-09-05 22:00:03+00:00,0.00039709,15.879601,0.00110899,0.000831,302.44662,313.559,6686.1396,spacetrack,2026-09-04 20:00:01.999000+00:00,303.63922,6687.19,0.0004949,26.000278055555558,-1.1008497654849048,-0.9695896307767954,300-350,quiet_control,5.346160806549494
46537,2026-09-06 22:00:01.999000+00:00,0.00058875,15.882976,0.0016871,0.0008489,301.3805,312.73062,6685.1924,spacetrack,2026-09-05 22:00:03+00:00,302.44662,6686.1396,0.00039709,23.999721944444442,-1.06613235183432,-0.9472109740535885,300-350,quiet_control,4.833389261836239
46562,2026-09-02 21:52:50.098000+00:00,0.00090293,16.169073,0.01440812,0.001321,219.2357,236.68901,6606.099,spacetrack,2026-09-01 14:41:44.940000+00:00,227.89088,6615.0566,0.00089824,31.18476611111111,-6.6610831474534615,-6.8938275577893595,200-250,quiet_control,5.721151775335318
46562,2026-09-03 14:11:18.702000+00:00,0.00083332,16.188936,0.01541097,0.0012284,214.44939,230.66597,6600.695,spacetrack,2026-09-02 21:52:50.098000+00:00,219.2357,6606.099,0.00090293,16.307945555555555,-7.043894009130268,-7.952933099891781,200-250,quiet_control,5.129962245397625
46562,2026-09-04 21:15:18.689000+00:00,0.00092129,16.242327,0.02608867,0.0010489,201.17632,214.99289,6586.2217,spacetrack,2026-09-03 14:11:18.702000+00:00,214.44939,6600.695,0.00083332,31.066663055555555,-10.253875011627095,-11.181091428417012,200-250,quiet_control,4.782223982196993
46563,2026-09-02 22:00:03+00:00,0.0001579,15.770213,0.00025606,0.0002771,337.02417,340.74673,6717.0225,spacetrack,2026-09-01 14:00:02+00:00,338.09912,6717.876,0.00039987,32.000277777777775,-0.8062055016883544,-0.6401194434077349,300-350,quiet_control,5.749984809159643
46563,2026-09-03 15:30:57.067000+00:00,0.00057402,15.771421,0.00096154,0.0003671,336.07666,341.00803,6716.679,spacetrack,2026-09-02 22:00:03+00:00,337.02417,6717.0225,0.0001579,17.515018611111113,-1.2983280523364484,-0.4706817722002864,300-350,quiet_control,5.143592117539382
46563,2026-09-04 15:50:52.287000+00:00,0.00063524,15.773517,0.00107616,0.0003191,335.80447,340.0907,6716.0845,spacetrack,2026-09-03 15:30:57.067000+00:00,336.07666,6716.679,0.00057402,24.332005555555554,-0.26847601958191336,-0.5863881613632935,300-350,quiet_control,5.244146564161835
46563,2026-09-05 14:39:22.046000+00:00,0.00059105,15.77537,0.0010084,0.0003358,335.1664,339.6766,6715.5586,spacetrack,2026-09-04 15:50:52.287000+00:00,335.80447,6716.0845,0.00063524,22.80826638888889,-0.6714092048424775,-0.553378314019515,300-350,quiet_control,5.769176061033135
46563,2026-09-06 10:25:15.800000+00:00,0.00052245,15.776993,0.00089593,0.000358,334.557,339.36502,6715.098,spacetrack,2026-09-05 14:39:22.046000+00:00,335.1664,6715.5586,0.00059105,19.764931666666666,-0.7399772610732451,-0.5592936108477062,300-350,quiet_control,3.9375121374481523
46685,2026-09-02 13:50:38.344000+00:00,0.000773,16.175966,0.01289597,0.0010457,219.17952,232.9916,6604.2227,spacetrack,2026-09-01 23:00:31.726000+00:00,223.95619,6608.6177,0.00085744,14.835171666666668,-7.727587019271649,-7.110130059161564,200-250,quiet_control,5.79777787089982
46685,2026-09-03 23:53:55.857000+00:00,0.0009126,16.227598,0.0229173,0.0011562,204.44978,219.68898,6590.2065,spacetrack,2026-09-02 13:50:38.344000+00:00,219.17952,6604.2227,0.000773,34.05486472222223,-10.38071250270794,-9.877848664026342,200-250,quiet_control,5.47144115394902
46698,2026-09-02 22:00:03+00:00,0.00070243,15.89116,0.00210481,0.0004884,301.49625,308.0241,6682.897,spacetrack,2026-09-01 14:00:02+00:00,303.2839,6684.3286,0.00059104,32.000277777777775,-1.3407258617547038,-1.0736906797683219,300-350,quiet_control,5.749984809159643
46698,2026-09-03 22:00:01.999000+00:00,0.00090103,15.894878,0.00277447,0.0005366,300.13245,307.3034,6681.855,spacetrack,2026-09-02 22:00:03+00:00,301.49625,6682.897,0.00070243,23.999721944444442,-1.363815800689975,-1.042012072385608,300-350,quiet_control,5.499994207108812
46698,2026-09-04 22:00:02+00:00,0.00070934,15.899164,0.00213613,0.0005798,298.64362,306.3905,6680.6543,spacetrack,2026-09-03 22:00:01.999000+00:00,300.13245,6681.855,0.00090103,24.00000027777778,-1.4888299827681786,-1.2006999861024243,300-350,quiet_control,4.208240761478694
46698,2026-09-05 22:00:03+00:00,0.00075346,15.902981,0.00231682,0.0006202,297.3055,305.59088,6679.585,spacetrack,2026-09-04 22:00:02+00:00,298.64362,6680.6543,0.00070934,24.00027777777778,-1.338104512679255,-1.0692876239859457,250-300,quiet_control,5.583361303688615
46698,2026-09-06 22:00:01.999000+00:00,0.00074749,15.907107,0.0023486,0.0006702,295.81683,304.76862,6678.4297,spacetrack,2026-09-05 22:00:03+00:00,297.3055,6679.585,0.00075346,23.999721944444442,-1.4886872474066646,-1.1553133850547324,250-300,quiet_control,4.833389261836239
46705,2026-09-02 19:46:27.208000+00:00,0.00072289,16.014894,0.00411344,0.0004956,266.9981,273.58804,6648.43,spacetrack,2026-09-01 22:48:06.206000+00:00,269.57404,6650.1475,0.0013905,20.972500555555552,-2.9477915538127597,-1.9654308693807536,250-300,quiet_control,5.570866622405886
46705,2026-09-03 19:43:52.439000+00:00,0.00071039,16.023287,0.00424954,0.0005687,264.1918,271.75107,6646.1084,spacetrack,2026-09-02 19:46:27.208000+00:00,266.9981,6648.43,0.00072289,23.95700861111111,-2.8113359682461962,-2.325766163233057,250-300,quiet_control,5.446142581495318
46705,2026-09-04 22:39:59.278000+00:00,0.0007337,16.034248,0.00468962,0.0006358,260.7188,269.16614,6643.0796,spacetrack,2026-09-03 19:43:52.439000+00:00,264.1918,6646.1084,0.00071039,26.935233055555557,-3.0945342046263997,-2.6987403394680527,250-300,quiet_control,4.351709175546086
46705,2026-09-05 21:05:34.940000+00:00,0.0013199,16.051762,0.00934522,0.0003447,257.82117,262.39758,6638.2466,spacetrack,2026-09-04 22:39:59.278000+00:00,260.7188,6643.0796,0.0007337,22.42657277777778,-3.100924991486406,-5.172078727737043,250-300,quiet_control,5.753853904114887
46705,2026-09-06 18:00:04.260000+00:00,0.0015575,16.069958,0.01225936,9.13e-05,254.4921,255.70332,6633.235,spacetrack,2026-09-05 21:05:34.940000+00:00,257.82117,6638.2466,0.0013199,20.908144444444446,-3.821366368129805,-5.752705617641594,250-300,quiet_control,4.574052216759763
46709,2026-09-02 22:00:03+00:00,0.00073188,15.843893,0.00173103,0.0002935,316.07944,320.01007,6696.1816,spacetrack,2026-09-01 14:00:02+00:00,317.55807,6697.5356,0.00062691,32.000277777777775,-1.108962873586174,-1.0154911849725545,300-350,quiet_control,5.749984809159643
46709,2026-09-03 22:00:01.999000+00:00,0.00073817,15.847674,0.00177898,0.0003213,314.82852,319.1308,6695.1167,spacetrack,2026-09-02 22:00:03+00:00,316.07944,6696.1816,0.00073188,23.999721944444442,-1.250934492886842,-1.0649123376999603,300-350,quiet_control,5.499994207108812
46709,2026-09-04 22:00:02+00:00,0.00068637,15.851285,0.00168082,0.0003467,313.642,318.2837,6694.0996,spacetrack,2026-09-03 22:00:01.999000+00:00,314.82852,6695.1167,0.00073817,24.00000027777778,-1.1865199862671596,-1.017099988228037,300-350,quiet_control,4.208240761478694
46709,2026-09-05 22:00:03+00:00,0.00069566,15.85507,0.0017364,0.0003868,312.3085,317.48624,6693.034,spacetrack,2026-09-04 22:00:02+00:00,313.642,6694.0996,0.00068637,24.00027777777778,-1.3334845661508696,-1.0655876668093158,300-350,quiet_control,5.583361303688615
46709,2026-09-06 22:00:01.999000+00:00,0.00083314,15.85872,0.00212782,0.0004131,311.10602,316.63495,6692.0073,spacetrack,2026-09-05 22:00:03+00:00,312.3085,6693.034,0.00069566,23.999721944444442,-1.2024939316715728,-1.0267118951222034,300-350,quiet_control,4.833389261836239
46725,2026-09-02 22:00:03+00:00,0.0004955,15.870537,0.00132537,0.000378,308.01993,313.07657,6688.685,spacetrack,2026-09-01 14:00:02+00:00,309.05594,6689.8306,0.00052944,32.000277777777775,-0.7770007552018026,-0.859192541731282,300-350,quiet_control,5.749984809159643
46725,2026-09-03 22:00:01.999000+00:00,0.00068646,15.873614,0.00187914,0.0004014,306.99927,312.36826,6687.821,spacetrack,2026-09-02 22:00:03+00:00,308.01993,6688.685,0.0004955,23.999721944444442,-1.020671825144605,-0.8640100101164614,300-350,quiet_control,5.499994207108812
46725,2026-09-04 22:00:02+00:00,0.00045483,15.877053,0.00125501,0.0004272,305.86127,311.57452,6686.855,spacetrack,2026-09-03 22:00:01.999000+00:00,306.99927,6687.821,0.00068646,24.00000027777778,-1.1379999868287376,-0.9659999888197938,300-350,quiet_control,4.208240761478694
46725,2026-09-05 22:00:03+00:00,0.00058588,15.879903,0.00164938,0.0004451,304.942,310.89392,6686.055,spacetrack,2026-09-04 22:00:02+00:00,305.86127,6686.855,0.00045483,24.00027777777778,-0.9192593604240522,-0.7999907408471791,300-350,quiet_control,5.583361303688615
46725,2026-09-06 22:00:01.999000+00:00,0.00084961,15.882854,0.0024531,0.0004716,303.93686,310.24237,6685.2266,spacetrack,2026-09-05 22:00:03+00:00,304.942,6686.055,0.00058588,23.999721944444442,-1.0051516453332816,-0.8284095976624499,300-350,quiet_control,4.833389261836239
46786,2026-09-02 22:00:03+00:00,0.00075607,15.994084,0.00381365,0.0004842,272.83698,279.2809,6654.196,spacetrack,2026-09-01 14:00:02+00:00,275.63446,6657.153,0.00087696,32.000277777777775,-2.0980917873976845,-2.2177307488652787,250-300,quiet_control,5.749984809159643
46786,2026-09-03 22:00:01.999000+00:00,0.00077183,16.001997,0.00407536,0.0004934,270.5832,277.14737,6652.0024,spacetrack,2026-09-02 22:00:03+00:00,272.83698,6654.196,0.00075607,23.999721944444442,-2.2538061118046118,-2.193625414571828,250-300,quiet_control,5.499994207108812
46786,2026-09-04 20:00:42.458000+00:00,0.00075469,16.010958,0.00419815,0.0005205,267.92197,274.84412,6649.52,spacetrack,2026-09-03 22:00:01.999000+00:00,270.5832,6652.0024,0.00077183,22.01123861111111,-2.9016776896761676,-2.706690025609125,250-300,quiet_control,4.362864430151774
46786,2026-09-05 22:58:06.249000+00:00,0.00077032,16.021204,0.00455271,0.0005476,264.90775,272.1872,6646.6846,spacetrack,2026-09-04 20:00:42.458000+00:00,267.92197,6649.52,0.00075469,26.95660861111111,-2.683619480611563,-2.5244125098129464,250-300,quiet_control,5.29882042633722
46786,2026-09-06 19:55:21.161000+00:00,0.00079331,16.02956,0.00492848,0.0005558,262.54462,269.93048,6644.3745,spacetrack,2026-09-05 22:58:06.249000+00:00,264.90775,6646.6846,0.00077032,20.95414222222222,-2.706630479001568,-2.645892130158162,250-300,quiet_control,4.756179340409385
46794,2026-09-02 22:00:03+00:00,0.00080368,15.983566,0.00382076,0.0005181,275.52872,282.42682,6657.1147,spacetrack,2026-09-01 14:00:02+00:00,278.13525,6659.942,0.00075922,32.000277777777775,-1.9548805305509234,-2.120456593258681,250-300,quiet_control,5.749984809159643
46794,2026-09-03 22:00:01.999000+00:00,0.0007569,15.991322,0.00375844,0.000502,273.48453,280.1661,6654.9624,spacetrack,2026-09-02 22:00:03+00:00,275.52872,6657.1147,0.00080368,23.999721944444442,-2.044213683540492,-2.152324936079151,250-300,quiet_control,5.499994207108812
46794,2026-09-04 22:00:02+00:00,0.00078764,15.9995165,0.00410043,0.0005002,271.2249,277.88028,6652.6895,spacetrack,2026-09-03 22:00:01.999000+00:00,273.48453,6654.9624,0.0007569,24.00000027777778,-2.2596299738468906,-2.272899973693223,250-300,quiet_control,4.208240761478694
46794,2026-09-05 22:36:39.557000+00:00,0.00074253,16.008057,0.00406055,0.0005127,268.7767,275.59595,6650.323,spacetrack,2026-09-04 22:00:02+00:00,271.2249,6652.6895,0.00078764,24.6104325,-2.3874753115370746,-2.307801782841569,250-300,quiet_control,5.544105781607499
46794,2026-09-06 21:04:48.150000+00:00,0.00079873,16.016615,0.00459445,0.0005203,266.35815,273.276,6647.954,spacetrack,2026-09-05 22:36:39.557000+00:00,268.7767,6650.323,0.00074253,22.46905361111111,-2.5833397794420585,-2.530413651774751,250-300,quiet_control,4.808226445476682
46955,2026-09-02 12:42:40.183000+00:00,0.00023768,15.770139,0.00038432,0.0003098,336.82556,340.98746,6717.0435,spacetrack,2026-09-01 12:20:40.071000+00:00,336.98993,6717.276,0.00022901,24.366697777777777,-0.16189637331974316,-0.2290010756028935,300-350,quiet_control,5.985863321743137
46955,2026-09-03 23:44:10.126000+00:00,0.00024567,15.7712965,0.00039937,0.0002984,336.57346,340.582,6716.715,spacetrack,2026-09-02 12:42:40.183000+00:00,336.82556,6717.0435,0.00023768,35.02498416666667,-0.17274526010372337,-0.2250964614994497,300-350,quiet_control,5.486081138128518
46955,2026-09-05 12:16:52.341000+00:00,0.00022634,15.7724695,0.00036963,0.0002873,336.31512,340.17435,6716.382,spacetrack,2026-09-03 23:44:10.126000+00:00,336.57346,6716.715,0.00024567,36.54505972222222,-0.16965795232318645,-0.2186889297968001,300-350,quiet_control,5.335581716984622
46955,2026-09-06 20:15:21.670000+00:00,0.00023108,15.77344,0.00037904,0.00027,336.1559,339.78262,6716.1064,spacetrack,2026-09-05 12:16:52.341000+00:00,336.31512,6716.382,0.00022634,31.97481361111111,-0.11950906255391702,-0.2068628164794084,300-350,quiet_control,4.226141523247
47122,2026-09-02 22:00:03+00:00,0.00045053,15.910435,0.00142517,0.0004831,296.13568,302.5875,6677.4985,spacetrack,2026-09-01 14:00:02+00:00,297.61578,6679.206,0.00087175,32.000277777777775,-1.1100653640159324,-1.280613883560366,250-300,quiet_control,5.749984809159643
47122,2026-09-03 22:00:01.999000+00:00,0.0005955,15.914173,0.00193219,0.0004578,295.2594,301.37238,6676.453,spacetrack,2026-09-02 22:00:03+00:00,296.13568,6677.4985,0.00045053,23.999721944444442,-0.8762901523893328,-1.0455121129347402,250-300,quiet_control,5.499994207108812
47122,2026-09-04 22:00:02+00:00,0.00045965,15.918682,0.00151923,0.0004355,294.14795,299.96204,6675.192,spacetrack,2026-09-03 22:00:01.999000+00:00,295.2594,6676.453,0.0005955,24.00000027777778,-1.111449987136043,-1.2609999854055147,250-300,quiet_control,4.208240761478694
47122,2026-09-05 22:00:03+00:00,0.00065545,15.922575,0.00222613,0.0004142,293.2025,298.73135,6674.104,spacetrack,2026-09-04 22:00:02+00:00,294.14795,6675.192,0.00045965,24.00027777777778,-0.9454390574183109,-1.0879874075528915,250-300,quiet_control,5.583361303688615
47122,2026-09-06 22:00:01.999000+00:00,0.00041591,15.927246,0.00143528,0.0003909,292.05377,297.27057,6672.7993,spacetrack,2026-09-05 22:00:03+00:00,293.2025,6674.104,0.00065545,23.999721944444442,-1.1487433089357906,-1.304715115970861,250-300,quiet_control,4.833389261836239
47135,2026-09-02 22:00:03+00:00,0.00070447,15.998684,0.00364831,0.0005579,271.0718,278.49515,6652.9204,spacetrack,2026-09-01 14:00:02+00:00,273.85202,6655.7827,0.00085267,32.000277777777775,-2.0851468997664844,-2.146706365395967,250-300,quiet_control,5.749984809159643
47135,2026-09-03 21:32:16.011000+00:00,0.00076229,16.006252,0.00412775,0.0005875,268.77875,276.59344,6650.823,spacetrack,2026-09-02 22:00:03+00:00,271.0718,6652.9204,0.00070447,23.5369475,-2.3381621597278004,-2.1386630530569715,250-300,quiet_control,5.490163284767492
47135,2026-09-04 21:30:28.169000+00:00,0.00068232,16.014296,0.00387069,0.000619,266.3437,274.57465,6648.596,spacetrack,2026-09-03 21:32:16.011000+00:00,268.77875,6650.823,0.00076229,23.97004388888889,-2.4380931578973737,-2.229783151327223,250-300,quiet_control,4.2882259590726655
47135,2026-09-05 22:57:44.539000+00:00,0.00069408,16.023428,0.00415697,0.0006356,263.70865,272.15714,6646.07,spacetrack,2026-09-04 21:30:28.169000+00:00,266.3437,6648.596,0.00068232,25.45454722222222,-2.4844755417527242,-2.3816569774641465,250-300,quiet_control,5.454186127189456
47135,2026-09-06 19:54:49.651000+00:00,0.00074097,16.031353,0.0046557,0.0006641,261.3299,270.15427,6643.879,spacetrack,2026-09-05 22:57:44.539000+00:00,263.70865,6646.07,0.00069408,20.95142,-2.7248749726748467,-2.5098060179212336,250-300,quiet_control,4.755442060198731
47143,2026-09-02 22:00:03+00:00,0.00058561,15.897338,0.00180186,0.0002351,301.45776,304.59924,6681.1655,spacetrack,2026-09-01 14:00:02+00:00,302.68317,6682.65,0.00057395,32.000277777777775,-0.9190495221395729,-1.1133653353700308,300-350,quiet_control,5.749984809159643
47143,2026-09-03 22:00:01.999000+00:00,0.00059685,15.901075,0.00187331,0.0002272,300.46396,303.49942,6680.1187,spacetrack,2026-09-02 22:00:03+00:00,301.45776,6681.1655,0.00058561,23.999721944444442,-0.9938115139505479,-1.046812127997068,300-350,quiet_control,5.499994207108812
47143,2026-09-04 22:00:02+00:00,0.00059514,15.905594,0.00184497,0.0002479,299.0607,302.3721,6678.8535,spacetrack,2026-09-03 22:00:01.999000+00:00,300.46396,6680.1187,0.00059685,24.00000027777778,-1.4032599837585538,-1.265199985356304,300-350,quiet_control,4.208240761478694
47143,2026-09-05 22:00:03+00:00,0.00039948,15.909964,0.00125564,0.000256,297.78403,301.20297,6677.6304,spacetrack,2026-09-04 22:00:02+00:00,299.0607,6678.8535,0.00059514,24.00027777777778,-1.2766552238978957,-1.223085843914002,250-300,quiet_control,5.583361303688615
47143,2026-09-06 22:00:01.999000+00:00,0.00075579,15.913719,0.00245387,0.0002576,296.72296,300.16275,6676.58,spacetrack,2026-09-05 22:00:03+00:00,297.78403,6677.6304,0.00039948,23.999721944444442,-1.0610822933260793,-1.0504121697058904,250-300,quiet_control,4.833389261836239
47171,2026-09-02 22:00:03+00:00,0.00068442,15.932201,0.00244885,0.0004786,290.0855,296.47137,6671.4155,spacetrack,2026-09-01 14:00:02+00:00,291.9099,6673.431,0.00094635,32.000277777777775,-1.3682881224989134,-1.5116118783687513,250-300,quiet_control,5.749984809159643
47171,2026-09-03 22:00:01.999000+00:00,0.0013989,15.94054,0.00526418,0.0004628,287.86502,294.03793,6669.0884,spacetrack,2026-09-02 22:00:03+00:00,290.0855,6671.4155,0.00068442,23.999721944444442,-2.220505725998062,-2.3271269612745975,250-300,quiet_control,5.499994207108812
47171,2026-09-04 22:00:02+00:00,0.00061156,15.943003,0.0023151,0.0004493,287.2687,293.26093,6668.402,spacetrack,2026-09-03 22:00:01.999000+00:00,287.86502,6669.0884,0.0013989,24.00000027777778,-0.5963199930981398,-0.6863999920551496,250-300,quiet_control,4.208240761478694
47171,2026-09-05 22:00:03+00:00,0.00080902,15.948276,0.00316215,0.0004445,285.83157,291.75845,6666.932,spacetrack,2026-09-04 22:00:02+00:00,287.2687,6668.402,0.00061156,24.00027777777778,-1.437113366743465,-1.4699829863082834,250-300,quiet_control,5.583361303688615
47171,2026-09-06 22:00:01.999000+00:00,0.0021796,15.959849,0.00908461,0.0002495,283.9089,287.23407,6663.7085,spacetrack,2026-09-05 22:00:03+00:00,285.83157,6666.932,0.00080902,23.999721944444442,-1.922692275636185,-3.223537346769551,250-300,quiet_control,4.833389261836239
47596,2026-09-02 22:00:03+00:00,0.00063707,15.982202,0.0030066,0.0008438,273.7393,284.97446,6657.4937,spacetrack,2026-09-01 14:00:02+00:00,275.82562,6660.0146,0.00071155,32.000277777777775,-1.564726417305406,-1.8906585880334186,250-300,quiet_control,5.749984809159643
47596,2026-09-03 22:00:01.999000+00:00,0.00079051,15.988807,0.00387992,0.0008166,272.08823,282.95822,6655.66,spacetrack,2026-09-02 22:00:03+00:00,273.7393,6657.4937,0.00063707,23.999721944444442,-1.6510891289377136,-1.8337212448492801,250-300,quiet_control,5.499994207108812
47596,2026-09-04 22:00:02+00:00,0.00063227,15.996391,0.00323343,0.0007623,270.3471,280.49112,6653.556,spacetrack,2026-09-03 22:00:01.999000+00:00,272.08823,6655.66,0.00079051,24.00000027777778,-1.7411299798480309,-2.103999975648417,250-300,quiet_control,4.208240761478694
47596,2026-09-05 21:17:34.984000+00:00,0.0006948,16.003387,0.00370215,0.0007354,268.58823,278.37143,6651.6167,spacetrack,2026-09-04 22:00:02+00:00,270.3471,6653.556,0.00063227,23.292495555555554,-1.812295290528959,-1.998205812210574,250-300,quiet_control,5.63147443864371
47596,2026-09-06 21:16:03.324000+00:00,0.00072531,16.01135,0.00404831,0.0006974,266.63702,275.91162,6649.411,spacetrack,2026-09-05 21:17:34.984000+00:00,268.58823,6651.6167,0.0006948,23.974538888888887,-1.953282197294031,-2.208042467274413,250-300,quiet_control,4.7731193532397915
47625,2026-09-02 22:00:03+00:00,0.00049871,15.809669,0.00099499,0.0007845,322.44452,332.96597,6705.8423,spacetrack,2026-09-01 14:00:02+00:00,323.26736,6706.7764,0.00057372,32.000277777777775,-0.6171246430152405,-0.700568918672198,300-350,quiet_control,5.749984809159643
47625,2026-09-03 22:00:01.999000+00:00,0.00042633,15.81219,0.00085826,0.0007958,321.65625,332.32812,6705.1294,spacetrack,2026-09-02 22:00:03+00:00,322.44452,6705.8423,0.00049871,23.999721944444442,-0.7882791327246857,-0.7129082595047019,300-350,quiet_control,5.499994207108812
47625,2026-09-04 22:00:02+00:00,0.0006987,15.814424,0.00143522,0.0007821,321.1173,331.6045,6704.498,spacetrack,2026-09-03 22:00:01.999000+00:00,321.65625,6705.1294,0.00042633,24.00000027777778,-0.5389499937621526,-0.6313999926923421,300-350,quiet_control,4.208240761478694
47625,2026-09-05 08:05:50.069000+00:00,0.00058307,15.815622,0.00120006,0.0007949,320.69305,331.35132,6704.159,spacetrack,2026-09-04 22:00:02+00:00,321.1173,6704.498,0.0006987,10.096685833333334,-1.0084497198461244,-0.8058089688339418,300-350,quiet_control,7.495487119274479
47625,2026-09-06 00:46:43.586000+00:00,0.00057777,15.817379,0.00119883,0.0007918,320.2177,330.83365,6703.6626,spacetrack,2026-09-05 08:05:50.069000+00:00,320.69305,6704.159,0.00058307,16.6815325,-0.6838940007461045,-0.714178988051599,300-350,quiet_control,4.209036533197548
47627,2026-09-02 22:00:03+00:00,0.00023026,15.839116,0.0005206,0.0007006,314.69873,324.0833,6697.528,spacetrack,2026-09-01 14:00:02+00:00,315.78357,6698.7417,0.00052194,32.000277777777775,-0.8136229373008808,-0.9102670983753833,300-350,quiet_control,5.749984809159643
47627,2026-09-03 22:00:01.999000+00:00,0.00038216,15.841916,0.00088433,0.0006896,313.98395,323.2201,6696.7393,spacetrack,2026-09-02 22:00:03+00:00,314.69873,6697.528,0.00023026,23.999721944444442,-0.7147882812855463,-0.7887091377066234,300-350,quiet_control,5.499994207108812
47627,2026-09-04 22:00:02+00:00,0.00020142,15.845038,0.00046726,0.0006617,313.29163,322.15292,6695.8594,spacetrack,2026-09-03 22:00:01.999000+00:00,313.98395,6696.7393,0.00038216,24.00000027777778,-0.6923199919870322,-0.8798999898158791,300-350,quiet_control,4.208240761478694
47627,2026-09-05 22:00:03+00:00,0.00018018,15.848152,0.0004233,0.000647,312.51346,321.1768,6694.982,spacetrack,2026-09-04 22:00:02+00:00,313.29163,6695.8594,0.00020142,24.00027777777778,-0.7781609935070083,-0.8773898450252489,300-350,quiet_control,5.583361303688615
47627,2026-09-06 22:00:01.999000+00:00,0.00033133,15.852599,0.00080511,0.0005807,311.706,319.4801,6693.73,spacetrack,2026-09-05 22:00:03+00:00,312.51346,6694.982,0.00018018,23.999721944444442,-0.8074693550558301,-1.2520145053999436,300-350,quiet_control,4.833389261836239
47728,2026-09-02 22:00:03+00:00,0.00057295,15.822322,0.00121481,0.000354,321.75696,326.50217,6702.2666,spacetrack,2026-09-01 14:00:02+00:00,322.72614,6703.2783,0.00037848,32.000277777777775,-0.7268786902891426,-0.7587684134686474,300-350,quiet_control,5.749984809159643
47728,2026-09-03 22:00:01.999000+00:00,0.00090217,15.824914,0.00195715,0.000376,320.87787,325.91742,6701.5347,spacetrack,2026-09-02 22:00:03+00:00,321.75696,6702.2666,0.00057295,23.999721944444442,-0.8791001849454491,-0.7319084796338904,300-350,quiet_control,5.499994207108812
47728,2026-09-04 22:00:02+00:00,0.00062302,15.828059,0.0013601,0.0003888,319.9047,325.1151,6700.647,spacetrack,2026-09-03 22:00:01.999000+00:00,320.87787,6701.5347,0.00090217,24.00000027777778,-0.9731699887364402,-0.887699989725917,300-350,quiet_control,4.208240761478694
47728,2026-09-05 22:00:03+00:00,0.00056408,15.831073,0.00124683,0.0004152,318.8778,324.4413,6699.7964,spacetrack,2026-09-04 22:00:02+00:00,319.9047,6700.647,0.00062302,24.00027777777778,-1.0268881147209061,-0.8505901552062953,300-350,quiet_control,5.583361303688615
47728,2026-09-06 22:00:01.999000+00:00,0.00072783,15.83387,0.00163989,0.0004437,317.89795,323.84265,6699.0073,spacetrack,2026-09-05 22:00:03+00:00,318.8778,6699.7964,0.00056408,23.999721944444442,-0.9798613523288611,-0.7891091423408358,300-350,quiet_control,4.833389261836239
47736,2026-09-02 22:36:05.818000+00:00,0.00048099,15.7290745,0.00066591,0.0002221,349.09796,352.08688,6728.7295,spacetrack,2026-09-01 22:12:05.077000+00:00,349.55865,6729.1514,0.00047412,24.40020583333333,-0.4531338823746941,-0.41498010587075346,300-350,quiet_control,5.631150652520109
47736,2026-09-03 21:28:29.119000+00:00,0.00051959,15.730438,0.0007246,0.0002247,348.69153,351.71524,6728.3403,spacetrack,2026-09-02 22:36:05.818000+00:00,349.09796,6728.7295,0.00048099,22.873139166666668,-0.4264530517181966,-0.4083742039931778,300-350,quiet_control,5.475367158282857
47736,2026-09-04 21:52:14.142000+00:00,0.00045007,15.73188,0.00063002,0.0002483,348.12173,351.46283,6727.929,spacetrack,2026-09-03 21:28:29.119000+00:00,348.69153,6728.3403,0.00051959,24.395839722222224,-0.5605545927383228,-0.4046263671343288,300-350,quiet_control,4.2586219419492775
47736,2026-09-05 22:15:51.739000+00:00,5.1099e-05,15.732802,6.581e-05,0.0002203,348.0474,351.0116,6727.6665,spacetrack,2026-09-04 21:52:14.142000+00:00,348.12173,6727.929,0.00045007,24.393776944444443,-0.07313012675583395,-0.2582625894441667,300-350,quiet_control,5.547164675890642
47736,2026-09-06 22:39:20.179000+00:00,0.00054729,15.73482,0.00077865,0.0002793,347.07535,350.8331,6727.0913,spacetrack,2026-09-05 22:15:51.739000+00:00,348.0474,6727.6665,5.1099e-05,24.391233333333332,-0.9564583996708881,-0.5659738403280965,300-350,quiet_control,4.873724188699857
47745,2026-09-02 15:57:05.752000+00:00,0.00078799,16.210571,0.01731858,0.0013436,207.82259,225.54419,6594.8203,spacetrack,2026-09-01 22:10:56.134000+00:00,214.75885,6601.524,0.00083151,17.769338333333334,-9.368398354356287,-9.054293242770376,200-250,quiet_control,5.7240642581295385
47746,2026-09-02 22:08:05.212000+00:00,0.00039889,15.750508,0.00060449,0.000254,342.7789,346.19397,6722.6235,spacetrack,2026-09-01 20:14:40.786000+00:00,343.22806,6723.1016,0.00055193,25.890118333333334,-0.41636889647279773,-0.4431961203218303,300-350,quiet_control,5.652377023382988
47746,2026-09-03 22:29:57.790000+00:00,0.00057336,15.752244,0.0008812,0.000244,342.35254,345.63293,6722.13,spacetrack,2026-09-02 22:08:05.212000+00:00,342.7789,6722.6235,0.00039889,24.364604999999997,-0.41997972058242206,-0.48611500165876065,300-350,quiet_control,5.507482267822524
47746,2026-09-04 19:48:58.693000+00:00,0.00047644,15.753596,0.0007343,0.0003117,341.5127,345.70303,6721.7446,spacetrack,2026-09-03 22:29:57.790000+00:00,342.35254,6722.13,0.00057336,21.316917500000002,-0.9455475914845354,-0.4339088895006902,300-350,quiet_control,4.337052679716318
47746,2026-09-05 23:13:15.743000+00:00,0.00059224,15.755513,0.00092419,0.0003427,340.7595,345.3662,6721.1997,spacetrack,2026-09-04 19:48:58.693000+00:00,341.5127,6721.7446,0.00047644,27.404736111111113,-0.6596232098973095,-0.4772021867670765,300-350,quiet_control,5.27044841701632
47746,2026-09-06 20:32:01.117000+00:00,0.00050456,15.756845,0.00078978,0.0003473,340.34982,345.0181,6720.821,spacetrack,2026-09-05 23:13:15.743000+00:00,340.7595,6721.1997,0.00059224,21.312603888888887,-0.4613382790417978,-0.42645188018266267,300-350,quiet_control,4.800807227085007
47752,2026-09-02 13:46:34.001000+00:00,0.00074631,16.124138,0.00853326,0.0012026,232.27052,248.18903,6618.3667,spacetrack,2026-09-01 21:24:25.429000+00:00,235.77557,6621.5796,0.00076153,16.369047777777777,-5.139040531985037,-4.710695517957545,200-250,quiet_control,5.816727274504462
47752,2026-09-03 22:28:35.365000+00:00,0.0007483,16.150328,0.01025509,0.0012849,224.57802,241.5675,6611.21,spacetrack,2026-09-02 13:46:34.001000+00:00,232.27052,6618.3667,0.00074631,32.70037888888889,-5.645806142715094,-5.252562992728836,200-250,quiet_control,5.449547662393718
47752,2026-09-04 23:42:19.128000+00:00,0.00070006,16.17453,0.01163608,0.0013581,217.5068,235.44626,6604.614,spacetrack,2026-09-03 22:28:35.365000+00:00,224.57802,6611.21,0.0007483,25.22882305555556,-6.726801310797934,-6.274727903533787,200-250,quiet_control,4.025224830202202
47752,2026-09-05 21:55:55.474000+00:00,0.00073627,16.200327,0.01494148,0.0013986,210.23573,228.69054,6597.6,spacetrack,2026-09-04 23:42:19.128000+00:00,217.5068,6604.614,0.00070006,22.22676277777778,-7.8511514134874485,-7.573572529792001,200-250,quiet_control,5.863097522598695
47752,2026-09-06 21:35:51.291000+00:00,0.00070224,16.234097,0.0187804,0.0014519,200.74503,219.87656,6588.4478,spacetrack,2026-09-05 21:55:55.474000+00:00,210.23573,6597.6,0.00073627,23.66550472222222,-9.624844374695039,-9.28155991508408,200-250,quiet_control,4.811102991124552
47762,2026-09-02 12:57:33.182000+00:00,0.00081404,16.076744,0.00678923,0.0009427,246.97955,259.48233,6631.368,spacetrack,2026-09-01 20:32:35.115000+00:00,249.82735,6633.9175,0.00082861,16.416129722222223,-4.163417392315058,-3.727309727404931,200-250,quiet_control,5.817252906089128
47762,2026-09-03 23:15:07.706000+00:00,0.00081187,16.097673,0.00775856,0.0010429,240.57152,254.39122,6625.618,spacetrack,2026-09-02 12:57:33.182000+00:00,246.97955,6631.368,0.00081404,34.292923333333334,-4.484678034156121,-4.024153865758698,200-250,quiet_control,5.475110365335822
47762,2026-09-04 12:39:30.371000+00:00,0.00079103,16.106682,0.00802608,0.0010799,237.85864,252.16331,6623.148,spacetrack,2026-09-03 23:15:07.706000+00:00,240.57152,6625.618,0.00081187,13.406295833333333,-4.85660773187719,-4.421803064543203,200-250,quiet_control,4.832008738017265
47762,2026-09-05 13:57:35.463000+00:00,0.00082184,16.125437,0.00945472,0.0011481,232.2765,247.47278,6618.0117,spacetrack,2026-09-04 12:39:30.371000+00:00,237.85864,6623.148,0.00079103,25.301414444444447,-5.2950146441088375,-4.872107062262288,200-250,quiet_control,5.5928522309666215
47762,2026-09-06 21:10:14.843000+00:00,0.00079408,16.15228,0.01100044,0.0012419,224.33017,240.74977,6610.677,spacetrack,2026-09-05 13:57:35.463000+00:00,232.2765,6618.0117,0.00082184,31.21093888888889,-6.110419192416325,-5.6400994736712615,200-250,quiet_control,4.236510943723612
47767,2026-09-02 22:00:03+00:00,0.0007658,15.901036,0.00233011,0.0005114,298.5764,305.4088,6680.1294,spacetrack,2026-09-01 14:00:02+00:00,300.47675,6681.793,0.00063903,32.000277777777775,-1.4252501280370855,-1.2476891693647447,300-350,quiet_control,5.749984809159643
47767,2026-09-03 22:00:01.999000+00:00,0.00094931,15.905384,0.00296246,0.0005414,297.15924,304.39117,6678.912,spacetrack,2026-09-02 22:00:03+00:00,298.5764,6680.1294,0.0007658,23.999721944444442,-1.4171764189073206,-1.217414104531009,250-300,quiet_control,5.499994207108812
47767,2026-09-04 22:00:02+00:00,0.00079136,15.910222,0.00252746,0.0005884,295.4921,303.35025,6677.558,spacetrack,2026-09-03 22:00:01.999000+00:00,297.15924,6678.912,0.00094931,24.00000027777778,-1.6671399807044156,-1.353999984328973,250-300,quiet_control,4.208240761478694
47767,2026-09-05 22:00:03+00:00,0.0008838,15.914842,0.00289614,0.00063,293.9228,302.33487,6676.2656,spacetrack,2026-09-04 22:00:02+00:00,295.4921,6677.558,0.00079136,24.00027777777778,-1.5692818370157737,-1.2923850418400642,250-300,quiet_control,5.583361303688615
47767,2026-09-06 22:00:01.999000+00:00,0.0009842,15.91961,0.00331096,0.0006593,292.39487,301.19644,6674.9326,spacetrack,2026-09-05 22:00:03+00:00,293.9228,6676.2656,0.0008838,23.999721944444442,-1.5279477022644368,-1.3330154438475375,250-300,quiet_control,4.833389261836239
47818,2026-09-02 14:37:06.944000+00:00,0.00086224,16.130053,0.0101757,0.0008713,232.84654,244.37689,6616.7485,spacetrack,2026-09-01 20:45:58.857000+00:00,237.19043,6620.782,0.00088134,17.85224638888889,-5.83978944324263,-5.422510864529694,200-250,quiet_control,5.83195392139181
47818,2026-09-03 15:52:47.293000+00:00,0.00082001,16.153152,0.01135127,0.0009452,226.05376,238.55013,6610.439,spacetrack,2026-09-02 14:37:06.944000+00:00,232.84654,6616.7485,0.00086224,25.261208055555556,-6.453639099185768,-5.994487661356426,200-250,quiet_control,5.168685838230068
47818,2026-09-04 12:39:11.866000+00:00,0.00080043,16.176142,0.01336213,0.0010086,219.37656,232.6985,6604.1743,spacetrack,2026-09-03 15:52:47.293000+00:00,226.05376,6610.439,0.00082001,20.7734925,-7.714292625565969,-7.237723748186066,200-250,quiet_control,5.390892209814449
47818,2026-09-05 15:18:42.221000+00:00,0.00088839,16.216661,0.02037801,0.0011093,207.71796,222.34557,6593.169,spacetrack,2026-09-04 12:39:11.866000+00:00,219.37656,6604.1743,0.00080043,26.658431944444445,-10.495981180855281,-9.907829558408775,200-250,quiet_control,5.527593515726809
47862,2026-09-02 23:42:19.610000+00:00,0.00076517,16.049334,0.00536068,0.0006464,256.48773,265.07053,6638.916,spacetrack,2026-09-01 20:47:38.927000+00:00,260.38806,6642.371,0.00075615,26.911300833333335,-3.478387038208636,-3.0812334384553597,250-300,quiet_control,5.665568005956358
47862,2026-09-03 23:36:30.062000+00:00,0.00082832,16.06145,0.00625707,0.0006971,252.81435,262.06567,6635.577,spacetrack,2026-09-02 23:42:19.610000+00:00,256.48773,6638.916,0.00076517,23.902903333333335,-3.6883017418665123,-3.352563447313385,250-300,quiet_control,5.497968935712272
47862,2026-09-04 13:02:44.270000+00:00,0.0007982,16.068596,0.00630713,0.0007263,250.65427,260.29025,6633.6094,spacetrack,2026-09-03 23:36:30.062000+00:00,252.81435,6635.577,0.00082832,13.43728,-3.858066513461046,-3.514282652441472,250-300,quiet_control,4.805887013178593
47862,2026-09-05 12:55:07.589000+00:00,0.00081289,16.082127,0.00700175,0.0007819,246.5669,256.9347,6629.8877,spacetrack,2026-09-04 13:02:44.270000+00:00,250.65427,6633.6094,0.0007982,23.873144166666666,-4.109089247530682,-3.7414761698929127,250-300,quiet_control,5.6283210914858905
47862,2026-09-06 18:43:48.315000+00:00,0.00083249,16.10128,0.00812175,0.0008663,240.75336,252.23119,6624.6294,spacetrack,2026-09-05 12:55:07.589000+00:00,246.5669,6629.8877,0.00081289,29.811312777777776,-4.680268897920068,-4.2332654365386615,200-250,quiet_control,4.1187938385731755
47879,2026-09-02 22:31:09.736000+00:00,0.00067703,16.012697,0.00379823,0.0003722,268.42667,273.3762,6649.0386,spacetrack,2026-09-01 22:32:48.585000+00:00,270.55313,6651.2324,0.00072505,23.972541944444444,-2.128895638946933,-2.1963127699189187,250-300,quiet_control,5.624570476470239
47879,2026-09-03 20:58:57.871000+00:00,0.00065408,16.020138,0.0038343,0.0004346,265.95374,271.7313,6646.9795,spacetrack,2026-09-02 22:31:09.736000+00:00,268.42667,6649.0386,0.00067703,22.463370833333332,-2.642093229923031,-2.1999547782319437,250-300,quiet_control,5.465028728559154
47879,2026-09-04 22:25:22.067000+00:00,0.00098712,16.03648,0.0063883,0.0004483,261.348,267.30365,6642.463,spacetrack,2026-09-03 20:58:57.871000+00:00,265.95374,6646.9795,0.00065408,25.440054444444442,-4.345028437002355,-4.2608399379305,250-300,quiet_control,4.243953148859875
47879,2026-09-05 22:20:33.566000+00:00,0.00068969,16.049192,0.00481928,0.0004495,257.83386,263.80228,6638.955,spacetrack,2026-09-04 22:25:22.067000+00:00,261.348,6642.463,0.00098712,23.91986083333333,-3.5259134903690366,-3.519752919409563,250-300,quiet_control,5.623989079553708
47879,2026-09-06 20:45:12.446000+00:00,0.0007182,16.058975,0.00533348,0.0005005,254.8001,261.443,6636.2583,spacetrack,2026-09-05 22:20:33.566000+00:00,257.83386,6638.955,0.00068969,22.410800000000002,-3.2488907134060674,-2.8879290342151203,250-300,quiet_control,4.781182039215219
47993,2026-09-02 22:00:03+00:00,0.00047322,15.87282,0.00127988,0.0005872,305.9796,313.83408,6688.044,spacetrack,2026-09-01 14:00:02+00:00,307.42792,6689.5366,0.00080376,32.000277777777775,-1.0862305709151583,-1.1194402826368055,300-350,quiet_control,5.749984809159643
47993,2026-09-03 20:00:01.999000+00:00,0.00053456,15.876277,0.00147495,0.0005784,305.06818,312.80377,6687.0728,spacetrack,2026-09-02 22:00:03+00:00,305.9796,6688.044,0.00047322,21.999721944444442,-0.9942889303437006,-1.059504300047984,300-350,quiet_control,5.40910868078017
47993,2026-09-04 22:00:02+00:00,0.00056267,15.880354,0.00158661,0.0005619,304.0345,311.54813,6685.928,spacetrack,2026-09-03 20:00:01.999000+00:00,305.06818,6687.0728,0.00053456,26.00000027777778,-0.9541661436520746,-1.0567384502485502,300-350,quiet_control,4.384508574951831
47993,2026-09-05 22:00:03+00:00,0.00049704,15.88432,0.00142594,0.0005351,303.1013,310.25537,6684.8154,spacetrack,2026-09-04 22:00:02+00:00,304.0345,6685.928,0.00056267,24.00027777777778,-0.9331891991990826,-1.112587122833701,300-350,quiet_control,5.583361303688615
47993,2026-09-06 22:00:01.999000+00:00,0.00065681,15.88804,0.00193319,0.0005222,302.14484,309.12537,6683.772,spacetrack,2026-09-05 22:00:03+00:00,303.1013,6684.8154,0.00049704,23.999721944444442,-0.9564710813374051,-1.0434120886058067,300-350,quiet_control,4.833389261836239
48022,2026-09-02 22:32:07.030000+00:00,0.00053056,15.788097,0.00095774,0.000539,330.19418,337.4297,6711.9487,spacetrack,2026-09-01 11:35:21.922000+00:00,331.01184,6712.819,0.00057011,34.94586333333333,-0.5615497265818419,-0.597701644992372,300-350,quiet_control,5.898799562256247
48022,2026-09-03 21:19:20.748000+00:00,0.00056394,15.790111,0.00102862,0.0005358,329.64548,336.8374,6711.3784,spacetrack,2026-09-02 22:32:07.030000+00:00,330.19418,6711.9487,0.00053056,22.787143888888888,-0.5779048073866372,-0.6006544772239542,300-350,quiet_control,5.473387272292109
48022,2026-09-04 21:37:31.906000+00:00,0.00047668,15.792229,0.00087521,0.0005263,329.10953,336.1733,6710.7783,spacetrack,2026-09-03 21:19:20.748000+00:00,329.64548,6711.3784,0.00056394,24.30309944444444,-0.5292658259249604,-0.5926157703841379,300-350,quiet_control,4.292311732803903
48022,2026-09-05 21:55:31.571000+00:00,0.0005185,15.794311,0.00096266,0.0005214,328.55295,335.55032,6710.1885,spacetrack,2026-09-04 21:37:31.906000+00:00,329.10953,6710.7783,0.00047668,24.299906944444444,-0.5497107470633286,-0.5825207492504414,300-350,quiet_control,5.532971256805797
48022,2026-09-06 19:11:06.578000+00:00,0.00055924,15.7962,0.00104886,0.0005102,328.09335,334.93988,6709.654,spacetrack,2026-09-05 21:55:31.571000+00:00,328.55295,6710.1885,0.0005185,21.259724166666665,-0.5188402217040629,-0.6033944701929488,300-350,quiet_control,4.675941089284803
48029,2026-09-02 19:42:14.044000+00:00,0.00085093,16.175133,0.01357491,0.0003707,223.86407,228.76062,6604.449,spacetrack,2026-09-01 21:26:38.342000+00:00,230.27635,6611.0566,0.00088358,22.259917222222224,-6.913535143175021,-7.124123527363917,200-250,quiet_control,5.595685828022073
48029,2026-09-03 22:22:01.450000+00:00,0.0008445,16.211151,0.0182962,0.0003785,214.03009,219.02225,6594.663,spacetrack,2026-09-02 19:42:14.044000+00:00,223.86407,6604.449,0.00085093,26.663168333333335,-8.85174323806604,-8.808555572384204,200-250,quiet_control,5.5499409578794126
48029,2026-09-04 08:43:07.004000+00:00,0.00082494,16.22851,0.02056124,0.0003883,209.26382,214.38158,6589.9595,spacetrack,2026-09-03 22:22:01.450000+00:00,214.03009,6594.663,0.0008445,10.351542777777777,-11.050573084194571,-10.90504115409011,200-250,quiet_control,4.605306981347977
48376,2026-09-02 22:00:03+00:00,0.00049643,15.842187,0.00115576,0.0006704,314.03613,323.015,6696.6626,spacetrack,2026-09-01 14:00:02+00:00,315.09567,6697.8247,0.00055874,32.000277777777775,-0.7946481020129809,-0.8715674343108143,300-350,quiet_control,5.749984809159643
48376,2026-09-03 20:00:01.999000+00:00,0.00053548,15.844825,0.00126469,0.0006653,313.32758,322.23718,6695.9194,spacetrack,2026-09-02 22:00:03+00:00,314.03613,6696.6626,0.00049643,21.999721944444442,-0.7729734058886302,-0.8107738836445435,300-350,quiet_control,5.40910868078017
48376,2026-09-04 22:00:02+00:00,0.0003565,15.848418,0.00085006,0.0006539,312.39236,321.14795,6694.907,spacetrack,2026-09-03 20:00:01.999000+00:00,313.32758,6695.9194,0.00053548,26.00000027777778,-0.8632799907769373,-0.9345230669385014,300-350,quiet_control,4.384508574951831
48376,2026-09-05 22:00:03+00:00,0.00054954,15.851421,0.00134098,0.0006339,311.68115,320.1679,6694.0615,spacetrack,2026-09-04 22:00:02+00:00,312.39236,6694.907,0.0003565,24.00027777777778,-0.7112017684980438,-0.845490214233988,300-350,quiet_control,5.583361303688615
48376,2026-09-06 22:00:01.999000+00:00,0.00039362,15.85472,0.00096963,0.0006138,310.88788,319.10437,6693.1333,spacetrack,2026-09-05 22:00:03+00:00,311.68115,6694.0615,0.00054954,23.999721944444442,-0.793279190653593,-0.928210753922581,300-350,quiet_control,4.833389261836239
48427,2026-09-02 00:43:23.899000+00:00,0.00056284,16.016968,0.0033571,0.0008332,264.1805,275.25848,6647.8564,spacetrack,2026-09-01 15:44:52.748000+00:00,264.89835,6648.557,0.00055386,8.975319722222222,-1.9195305051188019,-1.873404014608163,250-300,quiet_control,5.758235260638038
48427,2026-09-03 15:36:00.536000+00:00,0.0005022,16.027409,0.00318446,0.0007505,261.84506,271.81915,6644.969,spacetrack,2026-09-02 00:43:23.899000+00:00,264.1805,6647.8564,0.00056284,38.876843611111106,-1.441746674721832,-1.7824903866471644,250-300,quiet_control,5.438481056100255
48427,2026-09-04 22:58:50.911000+00:00,0.00052458,16.03729,0.00352823,0.0006934,259.4966,268.70807,6642.2393,spacetrack,2026-09-03 15:36:00.536000+00:00,261.84506,6644.969,0.0005022,31.380659722222223,-1.7961075547460919,-2.087680774716278,250-300,quiet_control,4.600308762363585
48427,2026-09-05 07:56:35.798000+00:00,0.00051483,16.03992,0.00351812,0.0006836,258.8357,267.916,6641.5127,spacetrack,2026-09-04 22:58:50.911000+00:00,259.4966,6642.2393,0.00052458,8.962468611111111,-1.7697802567851015,-1.9457139273414077,250-300,quiet_control,8.105057488656323
48427,2026-09-06 06:20:32.959000+00:00,0.00051786,16.047213,0.00369884,0.0006517,257.03717,265.6911,6639.501,spacetrack,2026-09-05 07:56:35.798000+00:00,258.8357,6641.5127,0.00051483,22.399211388888887,-1.9270642725132339,-2.15546874225894,250-300,quiet_control,4.424687136492814
48442,2026-09-02 20:16:38.639000+00:00,0.00054339,15.738731,0.0007863,0.0003426,345.53543,350.14407,6725.9766,spacetrack,2026-09-01 22:56:24.806000+00:00,346.31952,6726.529,0.00024504,21.337175833333333,-0.8819423970159035,-0.6213380863319533,300-350,quiet_control,5.578200973254388
48442,2026-09-03 20:39:37.008000+00:00,0.00058324,15.740488,0.00085157,0.0003588,344.92627,349.75247,6725.4766,spacetrack,2026-09-02 20:16:38.639000+00:00,345.53543,6725.9766,0.00054339,24.38288027777778,-0.5995944627315039,-0.49214858389542415,300-350,quiet_control,5.493918689694496
48442,2026-09-04 22:33:50.583000+00:00,0.00054517,15.742302,0.00080143,0.0003893,344.20468,349.44073,6724.9595,spacetrack,2026-09-03 20:39:37.008000+00:00,344.92627,6725.4766,0.00058324,25.903770833333333,-0.6685574896190233,-0.47909627057195814,300-350,quiet_control,4.2660252971534875
48442,2026-09-05 21:25:04.009000+00:00,0.00051785,15.744046,0.00076646,0.000417,343.52182,349.13004,6724.463,spacetrack,2026-09-04 22:33:50.583000+00:00,344.20468,6724.9595,0.00054517,22.853729444444447,-0.7171100909302165,-0.5214028646384188,300-350,quiet_control,5.712110128974087
48442,2026-09-06 21:47:32.737000+00:00,0.00051091,15.745782,0.00076185,0.0004405,342.86978,348.79358,6723.9688,spacetrack,2026-09-05 21:25:04.009000+00:00,343.52182,6724.463,0.00051785,24.374646666666667,-0.6420179219008162,-0.4866039767551721,300-350,quiet_control,4.803492832397525
48465,2026-09-02 22:00:03+00:00,0.00073337,15.983803,0.00349089,0.0006397,274.65356,283.1706,6657.0493,spacetrack,2026-09-01 14:00:02+00:00,277.93436,6659.7837,0.00078957,32.000277777777775,-2.4605786408104096,-2.0507821980714063,250-300,quiet_control,5.749984809159643
48465,2026-09-03 20:00:01.999000+00:00,0.00090811,15.990612,0.00450117,0.0006824,272.48065,281.5636,6655.159,spacetrack,2026-09-02 22:00:03+00:00,274.65356,6657.0493,0.00073337,21.999721944444442,-2.3704772329256354,-2.062171518102169,250-300,quiet_control,5.40910868078017
48465,2026-09-04 22:00:02+00:00,0.00087849,15.999446,0.00458226,0.0007543,269.5541,279.59036,6652.7095,spacetrack,2026-09-03 20:00:01.999000+00:00,272.48065,6655.159,0.00090811,26.00000027777778,-2.7014307403693483,-2.261076898919857,250-300,quiet_control,4.384508574951831
48465,2026-09-05 20:25:03.066000+00:00,0.00073024,16.007318,0.00398327,0.0007758,267.23154,277.5505,6650.528,spacetrack,2026-09-04 22:00:02+00:00,269.5541,6652.7095,0.00087849,22.41696277777778,-2.48657414265136,-2.335552791830197,250-300,quiet_control,5.747162398077865
48465,2026-09-06 18:53:17.096000+00:00,0.00074174,16.01548,0.00424687,0.0008308,264.60794,275.6547,6648.2686,spacetrack,2026-09-05 20:25:03.066000+00:00,267.23154,6650.528,0.00073024,22.47056388888889,-2.8021726696024527,-2.4131837664657403,250-300,quiet_control,4.561232071142951
48562,2026-09-02 22:00:03+00:00,0.00038415,15.812405,0.00077172,0.0005572,323.19565,330.66776,6705.069,spacetrack,2026-09-01 14:00:02+00:00,324.33908,6705.896,0.00015937,32.000277777777775,-0.8575650558589077,-0.6202446159316405,300-350,quiet_control,5.749984809159643
48562,2026-09-03 18:07:36.777000+00:00,0.0005734,15.8140745,0.00116988,0.000586,322.53073,330.38852,6704.5967,spacetrack,2026-09-02 22:00:03+00:00,323.19565,6705.069,0.00038415,20.126049166666668,-0.792906738319516,-0.5632103899846526,300-350,quiet_control,5.261001631426336
48562,2026-09-04 21:25:34.200000+00:00,0.00043999,15.816564,0.00090381,0.0006079,321.6808,329.8314,6703.893,spacetrack,2026-09-03 18:07:36.777000+00:00,322.53073,6704.5967,0.0005734,27.299284166666666,-0.7472108014065703,-0.6186535843537764,300-350,quiet_control,4.614192630997254
48562,2026-09-05 21:41:18.908000+00:00,0.00046916,15.818785,0.00097511,0.0006205,320.9692,329.28793,6703.2656,spacetrack,2026-09-04 21:25:34.200000+00:00,321.6808,6703.893,0.00043999,24.262418888888888,-0.7039034351113511,-0.6206141303950152,300-350,quiet_control,5.518905987984985
48562,2026-09-06 17:23:57.466000+00:00,0.00052533,15.820619,0.00110403,0.0006771,320.07227,329.1491,6702.7476,spacetrack,2026-09-05 21:41:18.908000+00:00,320.9692,6703.2656,0.00046916,19.710710555555558,-1.09211283577662,-0.6307230764188092,300-350,quiet_control,4.639282072220238
48582,2026-09-02 22:00:03+00:00,0.0005418,15.763546,0.00087699,0.0009315,334.52054,347.03787,6718.916,spacetrack,2026-09-01 14:00:02+00:00,335.90497,6719.996,0.00096319,32.000277777777775,-1.0383134868621,-0.80999296881098,300-350,quiet_control,5.749984809159643
48582,2026-09-03 20:00:01.999000+00:00,0.00075284,15.765758,0.00123857,0.0009558,333.7295,346.57217,6718.2876,spacetrack,2026-09-02 22:00:03+00:00,334.52054,6718.916,0.0005418,21.999721944444442,-0.8629636341742252,-0.6855359371403689,300-350,quiet_control,5.40910868078017
48582,2026-09-04 15:25:10.575000+00:00,0.00070601,15.767709,0.00117007,0.0009229,333.39682,345.79642,6717.7334,spacetrack,2026-09-03 20:00:01.999000+00:00,333.7295,6718.2876,0.00075284,19.419048888888888,-0.4111591687978089,-0.6849357080304985,300-350,quiet_control,5.038110874980489
48582,2026-09-05 22:00:03+00:00,0.00057947,15.770788,0.00097052,0.0009855,332.10257,345.3415,6716.859,spacetrack,2026-09-04 15:25:10.575000+00:00,333.39682,6717.7334,0.00070601,30.581229166666667,-1.0157211088773637,-0.6862248696944746,300-350,quiet_control,4.910336474103464
48582,2026-09-06 16:05:25.702000+00:00,0.00064758,15.772513,0.00109542,0.000995,331.54968,344.91528,6716.3696,spacetrack,2026-09-05 22:00:03+00:00,332.10257,6716.859,0.00057947,18.089639444444444,-0.7335336915227997,-0.6492998401699217,300-350,quiet_control,4.768922303008865
48909,2026-09-02 13:34:39.525000+00:00,0.00050309,16.02163,0.00287937,0.0001073,267.71704,269.1434,6646.5674,spacetrack,2026-09-01 13:35:21.472000+00:00,269.5038,6648.202,0.00049118,23.988348055555555,-1.7876278892021953,-1.6353939799919708,250-300,quiet_control,5.933747093626578
48909,2026-09-03 19:33:03.173000+00:00,0.00046286,16.028738,0.00276153,0.0001437,265.5101,267.41977,6644.602,spacetrack,2026-09-02 13:34:39.525000+00:00,267.71704,6646.5674,0.00050309,29.973235555555554,-1.7671285404548862,-1.5737239949478252,250-300,quiet_control,5.351117146660324
48909,2026-09-04 19:31:10.153000+00:00,0.00048,16.034924,0.00297065,0.0001634,263.67035,265.84125,6642.8926,spacetrack,2026-09-03 19:33:03.173000+00:00,265.5101,6644.602,0.00046286,23.968605555555555,-1.8421597325576031,-1.711638998142905,250-300,quiet_control,4.618637110720528
48909,2026-09-05 13:29:23.954000+00:00,0.00049291,16.039593,0.00313835,0.0003391,261.21463,265.71896,6641.604,spacetrack,2026-09-04 19:31:10.153000+00:00,263.67035,6642.8926,0.00048,17.970500277777777,-3.2796682946484896,-1.7209537587687564,250-300,quiet_control,6.504631116047734
48909,2026-09-06 13:26:31.565000+00:00,0.00047219,16.046143,0.00312536,0.0002233,260.17624,263.1416,6639.796,spacetrack,2026-09-05 13:29:23.954000+00:00,261.21463,6641.604,0.00049291,23.952114166666668,-1.0404659825261697,-1.8116146114728768,250-300,quiet_control,4.123250671991828
48931,2026-09-02 13:30:16.879000+00:00,0.00028022,15.762577,0.00043894,0.0004435,338.0746,344.03452,6719.1914,spacetrack,2026-09-01 13:07:34.499000+00:00,338.28815,6719.4624,0.00027527,24.37843888888889,-0.2102349548861348,-0.26679312935742305,300-350,quiet_control,5.953801401010319
48931,2026-09-03 07:47:15.325000+00:00,0.00025378,15.76322,0.00039831,0.0004393,337.92032,343.82364,6719.009,spacetrack,2026-09-02 13:30:16.879000+00:00,338.0746,6719.1914,0.00028022,18.282901666666664,-0.2025236511964677,-0.23943682900038532,300-350,quiet_control,5.542590613579665
48931,2026-09-04 00:32:46.585000+00:00,0.00025907,15.763822,0.00040776,0.000434,337.7851,343.61707,6718.838,spacetrack,2026-09-03 07:47:15.325000+00:00,337.92032,6719.009,0.00025378,16.758683333333334,-0.19364767120727025,-0.24488797349871175,300-350,quiet_control,5.392344698254271
48931,2026-09-05 13:06:30.561000+00:00,0.00028136,15.765129,0.00044571,0.0004225,337.49097,343.16806,6718.4663,spacetrack,2026-09-04 00:32:46.585000+00:00,337.7851,6718.838,0.00025907,36.562215555555554,-0.1930714507514924,-0.24398959046772256,300-350,quiet_control,5.328207681554916
48931,2026-09-06 13:28:53.718000+00:00,0.00026931,15.766019,0.00042812,0.0004043,337.36047,342.79282,6718.214,spacetrack,2026-09-05 13:06:30.561000+00:00,337.49097,6718.4663,0.00028136,24.37309916666667,-0.12850232867730738,-0.24843783544292858,300-350,quiet_control,4.138394347948981
48948,2026-09-02 19:35:29.409000+00:00,0.00029976,15.76278,0.0004703,0.0004861,337.73074,344.26306,6719.134,spacetrack,2026-09-01 13:07:06.759000+00:00,338.01855,6719.4863,0.00026739,30.47295833333333,-0.22667441488421827,-0.27746567653526977,300-350,quiet_control,5.7663979949436035
48948,2026-09-03 09:18:12.816000+00:00,0.00028491,15.763297,0.00044781,0.0004764,337.649,344.05084,6718.987,spacetrack,2026-09-02 19:35:29.409000+00:00,337.73074,6719.134,0.00029976,13.7120575,-0.14306824486409825,-0.2572918032176009,300-350,quiet_control,5.518152545670116
48948,2026-09-04 20:20:36.653000+00:00,0.00024359,15.764528,0.00038443,0.0004657,337.37128,343.629,6718.637,spacetrack,2026-09-03 09:18:12.816000+00:00,337.649,6718.987,0.00028491,35.03995472222222,-0.19021942387878182,-0.23972633716565506,300-350,quiet_control,4.789284275536981
48948,2026-09-05 20:43:03.255000+00:00,0.00025126,15.765359,0.00039808,0.0004599,337.17426,343.35385,6718.401,spacetrack,2026-09-04 20:20:36.653000+00:00,337.37128,6718.637,0.00024359,24.37405611111111,-0.19399643532635927,-0.23237822930156676,300-350,quiet_control,5.473221071284334
48948,2026-09-06 13:28:26.208000+00:00,0.00026999,15.765994,0.00042922,0.0004538,337.03503,343.13248,6718.2207,spacetrack,2026-09-05 20:43:03.255000+00:00,337.17426,6718.401,0.00025126,16.756375833333333,-0.19941782359361296,-0.2582419995254376,300-350,quiet_control,4.77039859106367
48957,2026-09-02 13:29:38.928000+00:00,0.00031832,15.762571,0.00049921,0.0004791,337.83698,344.27533,6719.1934,spacetrack,2026-09-01 13:06:56.195000+00:00,338.06238,6719.4893,0.0002699,24.37853694444444,-0.22190010878538974,-0.2913054223141207,300-350,quiet_control,5.9542380363200405
48957,2026-09-03 13:52:16.186000+00:00,0.00028336,15.7634945,0.00044573,0.0004692,337.64127,343.9463,6718.9307,spacetrack,2026-09-02 13:29:38.928000+00:00,337.83698,6719.1934,0.00031832,24.37701611111111,-0.1926831396668841,-0.2586370690845792,300-350,quiet_control,5.184840232815843
48957,2026-09-04 20:20:26.082000+00:00,0.00025316,15.764516,0.00039963,0.0004597,337.4151,343.59222,6718.6406,spacetrack,2026-09-03 13:52:16.186000+00:00,337.64127,6718.9307,0.00028336,30.469415555555553,-0.17814847777777207,-0.22850454703698814,300-350,quiet_control,4.846365393581921
48957,2026-09-05 13:05:52.440000+00:00,0.00027422,15.765115,0.00043432,0.0004597,337.24515,343.4221,6718.4707,spacetrack,2026-09-04 20:20:26.082000+00:00,337.4151,6718.6406,0.00025316,16.757321666666666,-0.24340405233807666,-0.243332441848865,300-350,quiet_control,6.71155971325171
48957,2026-09-06 13:28:15.768000+00:00,0.00027144,15.7659855,0.00043152,0.0004452,337.09518,343.0771,6718.223,spacetrack,2026-09-05 13:05:52.440000+00:00,337.24515,6718.4707,0.00027422,24.373146666666663,-0.14767399750325938,-0.24390777609883854,300-350,quiet_control,4.138396027103052
48964,2026-09-02 19:32:10.308000+00:00,0.0004762,16.011457,0.00256906,4.89e-05,270.91962,271.56992,6649.382,spacetrack,2026-09-01 13:31:52.248000+00:00,272.8655,6651.19,0.00046365,30.005016666666666,-1.5564437280210273,-1.4461581702170856,250-300,quiet_control,5.749002639003144
48964,2026-09-03 12:02:01.480000+00:00,0.00048641,16.015118,0.00268032,5.66e-05,269.855,270.6076,6648.368,spacetrack,2026-09-02 19:32:10.308000+00:00,270.91962,6649.382,0.0004762,16.49754777777778,-1.54876835904163,-1.475128323784082,250-300,quiet_control,5.270573747896406
48964,2026-09-04 09:01:30.484000+00:00,0.00047746,16.019825,0.00270375,7.49e-05,268.43115,269.42688,6647.066,spacetrack,2026-09-03 12:02:01.480000+00:00,269.855,6648.368,0.00048641,20.99139,-1.6279245919398564,-1.4886103302360705,250-300,quiet_control,5.287028845847963
48964,2026-09-06 13:28:33.685000+00:00,0.00044832,16.032059,0.00272743,0.0001172,264.7686,266.32587,6643.684,spacetrack,2026-09-04 09:01:30.484000+00:00,268.43115,6647.066,0.00047746,52.45088916666667,-1.675876260566099,-1.5475047475758341,250-300,quiet_control,4.942324439251509
49158,2026-09-02 22:00:03+00:00,0.00047412,15.972394,0.00207519,0.0005988,278.09366,286.06995,6660.2188,spacetrack,2026-09-01 14:00:02+00:00,279.4948,6661.8276,0.00044008,32.000277777777775,-1.0508458780739738,-1.206589526132566,250-300,quiet_control,5.749984809159643
49158,2026-09-03 20:00:01.999000+00:00,0.00065868,15.976419,0.00295208,0.0005946,277.00363,284.92264,6659.1,spacetrack,2026-09-02 22:00:03+00:00,278.09366,6660.2188,0.00047412,21.999721944444442,-1.1891386657551206,-1.2205245169820647,250-300,quiet_control,5.40910868078017
49158,2026-09-04 22:00:02+00:00,0.00028144,15.982305,0.00129657,0.0005828,275.4483,283.20825,6657.4653,spacetrack,2026-09-03 20:00:01.999000+00:00,277.00363,6659.1,0.00065868,26.00000027777778,-1.4356892154306427,-1.5089538300330254,250-300,quiet_control,4.384508574951831
49158,2026-09-05 22:00:03+00:00,0.00044857,15.986739,0.00212619,0.000596,274.1299,282.06415,6656.234,spacetrack,2026-09-04 22:00:02+00:00,275.4483,6657.4653,0.00028144,24.00027777777778,-1.3183847409173475,-1.231285749006999,250-300,quiet_control,5.583361303688615
49158,2026-09-06 22:00:01.999000+00:00,0.00037391,15.991649,0.00182028,0.0006062,272.70038,280.76874,6654.8716,spacetrack,2026-09-05 22:00:03+00:00,274.1299,6656.234,0.00044857,23.999721944444442,-1.4295365621076486,-1.36241578446989,250-300,quiet_control,4.833389261836239
49176,2026-09-02 22:00:03+00:00,0.0013622,15.960171,0.00558176,0.000321,283.3428,287.62085,6663.6187,spacetrack,2026-09-01 14:00:02+00:00,287.04135,6667.6426,0.0016263,32.000277777777775,-2.7738884211074644,-3.0178988029618847,250-300,quiet_control,5.749984809159643
49176,2026-09-03 20:00:01.999000+00:00,0.0015643,15.973061,0.00687154,0.000322,279.7519,284.04095,6660.033,spacetrack,2026-09-02 22:00:03+00:00,283.3428,6663.6187,0.0013622,21.999721944444442,-3.917394966065201,-3.9117221670941618,250-300,quiet_control,5.40910868078017
49176,2026-09-04 20:00:01.999000+00:00,0.0015546,15.988071,0.00741823,0.0003336,275.5068,279.9476,6655.8643,spacetrack,2026-09-03 20:00:01.999000+00:00,279.7519,6660.033,0.0015643,24.0,-4.2450999999999794,-4.168700000000172,250-300,quiet_control,4.54157412037037
49176,2026-09-05 22:00:03+00:00,0.0013871,16.005123,0.00728998,0.0003339,270.7782,275.21982,6651.136,spacetrack,2026-09-04 20:00:01.999000+00:00,275.5068,6655.8643,0.0015546,26.000278055555558,-4.36481485919149,-4.364537939075881,250-300,quiet_control,5.346160806549494
49176,2026-09-06 22:58:15.304000+00:00,0.00096265,16.021198,0.00555941,0.0003747,266.05865,271.03967,6646.686,spacetrack,2026-09-05 22:00:03+00:00,270.7782,6651.136,0.0013871,24.970084444444446,-4.536196113073287,-4.277118094559717,250-300,quiet_control,4.8787249239934924
50163,2026-09-02 22:00:03+00:00,0.00012597,15.81922,0.00025471,0.0003647,322.5613,327.45056,6703.143,spacetrack,2026-09-01 14:00:02+00:00,323.34763,6704.039,0.0003807,32.000277777777775,-0.5897423807084738,-0.671994166717101,300-350,quiet_control,5.749984809159643
50163,2026-09-03 21:27:14.806000+00:00,0.00049418,15.820866,0.00103734,0.0003477,322.21033,326.87137,6702.6777,spacetrack,2026-09-02 22:00:03+00:00,322.5613,6703.143,0.00012597,23.453279444444444,-0.3591514790054539,-0.4761466312823679,300-350,quiet_control,5.488344475303537
50163,2026-09-04 21:42:36.098000+00:00,0.00043111,15.82301,0.00091187,0.0003453,321.62094,326.2494,6702.0723,spacetrack,2026-09-03 21:27:14.806000+00:00,322.21033,6702.6777,0.00049418,24.255914444444446,-0.5831715820237553,-0.5990126669224292,300-350,quiet_control,4.275055389698082
50163,2026-09-05 21:57:45.666000+00:00,0.00046129,15.825147,0.00098688,0.0003312,321.11237,325.55142,6701.4688,spacetrack,2026-09-04 21:42:36.098000+00:00,321.62094,6702.0723,0.00043111,24.252657777777777,-0.5032718521754883,-0.5972128965294441,300-350,quiet_control,5.542925925369371
50163,2026-09-06 20:41:47.277000+00:00,0.0004993,15.827241,0.00108057,0.0003378,320.4772,325.0043,6700.878,spacetrack,2026-09-05 21:57:45.666000+00:00,321.11237,6701.4688,0.00046129,22.733780833333334,-0.670547504251858,-0.6237061975722255,300-350,quiet_control,4.765069910464006
51053,2026-09-02 22:09:41.524000+00:00,0.00043113,15.843136,0.00098109,0.0002283,316.7294,319.78696,6696.395,spacetrack,2026-09-01 21:54:21.119000+00:00,317.4852,6697.02,0.00049035,24.255668055555557,-0.7478334531316236,-0.6184121569294141,300-350,quiet_control,5.628952705842352
51053,2026-09-03 23:55:46.515000+00:00,0.0007168,15.845408,0.00166267,0.0002515,315.93384,319.3018,6695.755,spacetrack,2026-09-02 22:09:41.524000+00:00,316.7294,6696.395,0.00043113,25.768053055555555,-0.7409733268879636,-0.5960869440501352,300-350,quiet_control,5.53430707496107
51053,2026-09-04 22:39:46.793000+00:00,0.00038324,15.847364,0.00088871,0.0002465,315.41656,318.71732,6695.204,spacetrack,2026-09-03 23:55:46.515000+00:00,315.93384,6695.755,0.0007168,22.733410555555558,-0.5461001977534521,-0.581698903809116,300-350,quiet_control,3.9918546708748965
51053,2026-09-05 04:43:29.289000+00:00,0.0004843,15.847932,0.00112957,0.0002433,315.27832,318.53613,6695.0444,spacetrack,2026-09-04 22:39:46.793000+00:00,315.41656,6695.204,0.00038324,6.061804444444444,-0.5473221761616851,-0.6318910540753955,300-350,quiet_control,7.319872208935221
51053,2026-09-06 23:09:06.532000+00:00,0.00046004,15.851529,0.00109103,0.000274,314.06,317.72833,6694.0312,spacetrack,2026-09-05 04:43:29.289000+00:00,315.27832,6695.0444,0.0004843,42.42701194444444,-0.6891760380930831,-0.5731442985385657,300-350,quiet_control,4.97827320347795
51103,2026-09-02 06:09:09.863000+00:00,0.00032232,14.645707,9.641e-05,0.0472843,344.78796,1012.1199,7056.591,spacetrack,2026-09-01 18:40:29.198000+00:00,344.78677,7056.6245,0.00032824,11.4779625,0.0024882464984702433,-0.07004727537567519,300-350,quiet_control,4.7330694944043135
51103,2026-09-03 05:06:30.234000+00:00,0.00031842,14.645899,9.525e-05,0.0472774,344.7779,1012.0066,7056.5293,spacetrack,2026-09-02 06:09:09.863000+00:00,344.78796,7056.591,0.00032232,22.95565861111111,-0.010517668174563975,-0.06450697081233275,300-350,quiet_control,6.449779478845757
51103,2026-09-04 17:10:50.975000+00:00,0.00028534,14.646192,8.528e-05,0.0472682,344.7534,1011.8434,7056.4355,spacetrack,2026-09-03 05:06:30.234000+00:00,344.7779,7056.5293,0.00031842,36.072428055555555,-0.016300538436008594,-0.06240777572683055,300-350,quiet_control,4.793912380339798
51103,2026-09-05 12:51:22.830000+00:00,0.00029641,14.6463375,8.863e-05,0.0472619,344.75305,1011.7497,7056.388,spacetrack,2026-09-04 17:10:50.975000+00:00,344.7534,7056.4355,0.00028534,19.675515277777777,-0.0004269265572987137,-0.057940032771578706,300-350,quiet_control,6.094887674479231
51103,2026-09-06 20:00:31.396000+00:00,0.00029825,14.64658,8.921e-05,0.0472523,344.7469,1011.6007,7056.3105,spacetrack,2026-09-05 12:51:22.830000+00:00,344.75305,7056.388,0.00029641,31.152379444444446,-0.004738000840770644,-0.05970651466045753,300-350,quiet_control,4.197773032603913
51659,2026-09-02 03:37:26.646000+00:00,0.00044137,15.9143915,0.00140814,0.0007094,293.51865,302.99112,6676.392,spacetrack,2026-09-01 17:03:35.873000+00:00,293.95343,6676.7944,0.00045434,10.564103611111111,-0.9877525234631436,-0.9141902006565867,250-300,quiet_control,5.029909489349586
51659,2026-09-03 03:46:02.225000+00:00,0.00042707,15.917434,0.0013837,0.0006981,292.7438,302.0642,6675.541,spacetrack,2026-09-02 03:37:26.646000+00:00,293.51865,6676.392,0.00044137,24.143216388888888,-0.7702536273732512,-0.8459519092655468,250-300,quiet_control,6.360911615166253
51659,2026-09-04 22:00:23.710000+00:00,0.00041838,15.922886,0.00139406,0.000682,291.32852,300.4319,6674.017,spacetrack,2026-09-03 03:46:02.225000+00:00,292.7438,6675.541,0.00042707,42.23930138888888,-0.8041496635390588,-0.8659234124935027,250-300,quiet_control,4.520530100044728
51659,2026-09-05 14:35:47.843000+00:00,0.00048208,15.925087,0.00162564,0.0006659,290.8215,299.70914,6673.4023,spacetrack,2026-09-04 22:00:23.710000+00:00,291.32852,6674.017,0.00041838,16.590036944444446,-0.7334811875795832,-0.8892566092170362,250-300,quiet_control,6.990336636615553
51659,2026-09-06 17:44:20.253000+00:00,0.00044746,15.928707,0.001537,0.0006505,289.91357,298.59436,6672.391,spacetrack,2026-09-05 14:35:47.843000+00:00,290.8215,6673.4023,0.00048208,27.142336111111113,-0.8028166739516698,-0.8942192706127123,250-300,quiet_control,4.024479019604572
51775,2026-09-02 21:50:13.827000+00:00,0.00036676,15.834478,0.00081779,0.000647,316.3647,325.033,6698.836,spacetrack,2026-09-01 23:06:50.380000+00:00,316.79785,6699.3164,0.00040511,22.723179722222223,-0.4574887901728165,-0.5073937776723957,300-350,quiet_control,5.603928670634136
51775,2026-09-03 22:04:21.343000+00:00,0.00039307,15.836253,0.0008851,0.0006421,315.89734,324.49936,6698.3354,spacetrack,2026-09-02 21:50:13.827000+00:00,316.3647,6698.836,0.00036676,24.235421111111112,-0.46282009908458166,-0.4957372081518777,300-350,quiet_control,5.504856963492233
51775,2026-09-04 22:18:18.823000+00:00,0.00034387,15.838064,0.00077913,0.0006327,315.44992,323.92535,6697.8247,spacetrack,2026-09-03 22:04:21.343000+00:00,315.89734,6698.3354,0.00039307,24.232633333333332,-0.44312476701524417,-0.505797278875823,300-350,quiet_control,4.175150267981148
51775,2026-09-05 22:32:06.417000+00:00,0.00036292,15.839879,0.00083033,0.0006263,314.9815,323.37054,6697.313,spacetrack,2026-09-04 22:18:18.823000+00:00,315.44992,6697.8247,0.00034387,24.22988722222222,-0.46397574602370933,-0.5068451160076894,300-350,quiet_control,5.5935054450773904
51775,2026-09-06 21:14:53.103000+00:00,0.00040011,15.841616,0.00092482,0.0006216,314.52393,322.8494,6696.8237,spacetrack,2026-09-05 22:32:06.417000+00:00,314.9815,6697.313,0.00036292,22.712968333333333,-0.48349823056296903,-0.5170262128517227,300-350,quiet_control,4.814343949319409
52295,2026-09-02 22:00:03+00:00,0.0048617,15.785003,0.00946531,8.9e-05,334.0918,335.28665,6712.826,spacetrack,2026-09-01 14:00:02+00:00,339.44144,6718.1777,0.0027925,32.000277777777775,-4.012195171916927,-4.013740158505692,300-350,quiet_control,5.749984809159643
52295,2026-09-03 20:00:01.999000+00:00,0.0040114,15.799892,0.00838523,8.59e-05,329.89484,331.0474,6708.608,spacetrack,2026-09-02 22:00:03+00:00,334.0918,6712.826,0.0048617,21.999721944444442,-4.578559686088951,-4.601512703462159,300-350,quiet_control,5.40910868078017
52295,2026-09-04 20:00:01.999000+00:00,0.0040819,15.815143,0.00924088,0.0001121,325.40607,326.90918,6704.2944,spacetrack,2026-09-03 20:00:01.999000+00:00,329.89484,6708.608,0.0040114,24.0,-4.488769999999988,-4.313600000000406,300-350,quiet_control,4.54157412037037
52295,2026-09-05 20:00:01.999000+00:00,0.0038369,15.830794,0.00935173,0.0001218,320.92197,322.55405,6699.875,spacetrack,2026-09-04 20:00:01.999000+00:00,325.40607,6704.2944,0.0040819,24.0,-4.484100000000012,-4.419399999999769,300-350,quiet_control,5.541643530092593
52295,2026-09-06 22:00:01.999000+00:00,0.0010906,15.843129,0.00259874,8.9e-05,317.66415,318.8561,6696.397,spacetrack,2026-09-05 20:00:01.999000+00:00,320.92197,6699.875,0.0038369,26.0,-3.007218461538444,-3.2104615384615984,300-350,quiet_control,4.69239311965812
52579,2026-09-02 21:04:30.748000+00:00,0.00088345,16.038311,0.00577412,0.0002082,262.43784,265.20352,6641.9575,spacetrack,2026-09-01 19:38:28.282000+00:00,266.21405,6645.4834,0.00092276,25.434018333333334,-3.563300097225421,-3.327103051156013,250-300,quiet_control,5.646143213311882
52579,2026-09-03 19:30:01.686000+00:00,0.00084264,16.049309,0.00588742,0.0002029,259.43866,262.13275,6638.923,spacetrack,2026-09-02 21:04:30.748000+00:00,262.43784,6641.9575,0.00088345,22.425260555555553,-3.2097874547177585,-3.2475876844148304,250-300,quiet_control,5.39802118984422
52579,2026-09-04 13:25:46.613000+00:00,0.00090366,16.058035,0.00666156,0.000235,256.82065,259.93982,6636.517,spacetrack,2026-09-03 19:30:01.686000+00:00,259.43866,6638.923,0.00084264,17.92914638888889,-3.504474704882729,-3.220677590974665,250-300,quiet_control,5.1672730685712915
52579,2026-09-05 08:50:29.878000+00:00,0.00070156,16.067677,0.00549202,0.0002063,254.35695,257.0941,6633.8623,spacetrack,2026-09-04 13:25:46.613000+00:00,256.82065,6636.517,0.00090366,19.412018055555556,-3.045989336645891,-3.2821317092154203,250-300,quiet_control,5.447313902691867
52579,2026-09-06 17:40:14.677000+00:00,0.00050418,16.07968,0.00425477,0.0002016,251.08688,253.76033,6630.5605,spacetrack,2026-09-05 08:50:29.878000+00:00,254.35695,6633.8623,0.00070156,32.82911083333333,-2.3906124170842005,-2.4138089027846634,250-300,quiet_control,4.390030607912613
52794,2026-09-03 15:58:13.676000+00:00,0.00031741,15.675311,0.00035696,0.0029757,345.90057,386.03745,6744.106,spacetrack,2026-09-01 21:07:52.994000+00:00,346.33322,6744.504,0.00034398,42.83907833333333,-0.2423861671160107,-0.22297398477340374,300-350,quiet_control,5.4397638573534515
52794,2026-09-04 14:55:06.504000+00:00,0.00032403,15.676044,0.00036568,0.0029763,345.687,385.83075,6743.896,spacetrack,2026-09-03 15:58:13.676000+00:00,345.90057,6744.106,0.00031741,22.948007777777775,-0.22336056574652513,-0.2196269083053681,300-350,quiet_control,5.349901155786605
52794,2026-09-05 15:23:42.622000+00:00,0.0003338,15.676817,0.00037815,0.0029739,345.4822,385.59222,6743.6743,spacetrack,2026-09-04 14:55:06.504000+00:00,345.687,6743.896,0.00032403,24.476699444444446,-0.20081138844544832,-0.21738225008964623,300-350,quiet_control,5.564393156766166
52794,2026-09-06 23:31:08.280000+00:00,0.00034306,15.677853,0.00039063,0.0029863,345.10248,385.37796,6743.3774,spacetrack,2026-09-05 15:23:42.622000+00:00,345.4822,6743.6743,0.0003338,32.12379388888889,-0.28369251874546675,-0.22181688827388082,300-350,quiet_control,4.368209275959154
52908,2026-09-02 07:32:34.052000+00:00,0.00082896,15.753559,0.00132163,0.0006071,339.5379,347.69946,6721.756,spacetrack,2026-09-01 10:14:57.794000+00:00,340.38962,6722.4546,0.00096247,21.293405,-0.9599817408253872,-0.7873987274460406,300-350,quiet_control,6.147090300181363
52908,2026-09-03 10:54:54.502000+00:00,0.00086046,15.756684,0.00139212,0.0006311,338.48813,346.9712,6720.8667,spacetrack,2026-09-02 07:32:34.052000+00:00,339.5379,6721.756,0.00082896,27.37234722222222,-0.920435496286014,-0.779735834371196,300-350,quiet_control,5.690978070426916
52908,2026-09-04 09:43:16.469000+00:00,0.00091037,15.7593775,0.00149238,0.0006524,337.57993,346.3483,6720.101,spacetrack,2026-09-03 10:54:54.502000+00:00,338.48813,6720.8667,0.00086046,22.806101944444446,-0.9557442149955055,-0.8057843486258187,300-350,quiet_control,5.247143542858115
52908,2026-09-05 23:43:21.824000+00:00,0.00088074,15.763928,0.00147311,0.0007055,335.93045,345.4107,6718.8076,spacetrack,2026-09-04 09:43:16.469000+00:00,337.57993,6720.101,0.00091037,38.0014875,-1.0417360636211828,-0.8168522350602607,300-350,quiet_control,4.909372750796195
52908,2026-09-06 08:50:29.292000+00:00,0.00082436,15.764906,0.00138339,0.0007209,335.5494,345.23618,6718.53,spacetrack,2026-09-05 23:43:21.824000+00:00,335.93045,6718.8076,0.00088074,9.118741111111111,-1.0029015944818342,-0.7306271686878211,300-350,quiet_control,4.969593268661476
52989,2026-09-02 22:00:03+00:00,0.0011717,15.873598,0.00326171,0.0001575,308.635,310.74167,6687.825,spacetrack,2026-09-01 20:00:02+00:00,311.002,6690.2856,0.001534,26.00027777777778,-2.1848997339772183,-2.271298810910454,300-350,quiet_control,5.653849852031495
52989,2026-09-03 22:00:02+00:00,0.001236,15.881201,0.00358624,0.0001616,306.4733,308.6341,6685.691,spacetrack,2026-09-02 22:00:03+00:00,308.635,6687.825,0.0011717,23.99972222222222,-2.1617250199655054,-2.134024699359961,300-350,quiet_control,5.499994212895983
52989,2026-09-04 20:00:01.999000+00:00,0.0013276,15.8882065,0.00400869,0.0001803,304.38327,306.79343,6683.7256,spacetrack,2026-09-03 22:00:02+00:00,306.4733,6685.691,0.001236,21.99999972222222,-2.280032756061034,-2.1440727543444025,300-350,quiet_control,4.363560623277281
52989,2026-09-05 20:00:01.999000+00:00,0.001299,15.896036,0.00408308,0.0001669,302.27832,304.5086,6681.5303,spacetrack,2026-09-04 20:00:01.999000+00:00,304.38327,6683.7256,0.0013276,24.0,-2.104949999999974,-2.1952999999994063,300-350,quiet_control,5.541643530092593
52989,2026-09-06 20:00:01.999000+00:00,0.0011382,15.904158,0.00371127,0.0001742,299.95514,302.2822,6679.256,spacetrack,2026-09-05 20:00:01.999000+00:00,302.27832,6681.5303,0.001299,24.0,-2.323180000000036,-2.2743000000000393,300-350,quiet_control,4.58342587962963
53152,2026-09-02 22:00:03+00:00,0.0010751,15.964019,0.00458338,6.86e-05,283.95407,284.86816,6662.5483,spacetrack,2026-09-01 20:00:02+00:00,286.1756,6665.0864,0.0011313,26.00027777777778,-2.0506211685772335,-2.3428365081567413,250-300,quiet_control,5.653849852031495
53152,2026-09-03 22:00:02+00:00,0.00091404,15.972659,0.00408391,4.11e-05,281.73447,282.28195,6660.145,spacetrack,2026-09-02 22:00:03+00:00,283.95407,6662.5483,0.0010751,23.99972222222222,-2.219625690112168,-2.403327816294115,250-300,quiet_control,5.499994212895983
53152,2026-09-04 20:00:01.999000+00:00,0.0011032,15.979974,0.00513937,3.76e-05,279.72528,280.22595,6658.113,spacetrack,2026-09-03 22:00:02+00:00,281.73447,6660.145,0.00091404,21.99999972222222,-2.191843664038419,-2.2167273007164203,250-300,quiet_control,4.363560623277281
53152,2026-09-05 20:00:01.999000+00:00,0.0010301,15.988693,0.00503923,7.09e-05,277.0829,278.02667,6655.692,spacetrack,2026-09-04 20:00:01.999000+00:00,279.72528,6658.113,0.0011032,24.0,-2.642380000000003,-2.4210000000002765,250-300,quiet_control,5.541643530092593
53152,2026-09-06 20:00:01.999000+00:00,0.0009324,15.9977255,0.00480042,8.54e-05,274.48096,275.6173,6653.186,spacetrack,2026-09-05 20:00:01.999000+00:00,277.0829,6655.692,0.0010301,24.0,-2.6019400000000132,-2.506000000000313,250-300,quiet_control,4.58342587962963
53206,2026-09-02 22:00:03+00:00,0.0059399,15.76834,0.01058394,0.0001319,338.5313,340.3034,6717.554,spacetrack,2026-09-01 20:00:02+00:00,343.39688,6722.473,0.0063041,26.00027777777778,-4.491256631873611,-4.54056687428541,300-350,quiet_control,5.653849852031495
53206,2026-09-03 22:00:02+00:00,0.0056046,15.784596,0.01074286,0.0001117,334.0545,335.5542,6712.9414,spacetrack,2026-09-02 22:00:03+00:00,338.5313,6717.554,0.0059399,23.99972222222222,-4.4768518154144985,-4.612653387192366,300-350,quiet_control,5.499994212895983
53206,2026-09-04 20:00:01.999000+00:00,0.0046845,15.800008,0.00967943,0.0001267,329.58835,331.2883,6708.575,spacetrack,2026-09-03 22:00:02+00:00,334.0545,6712.9414,0.0056046,21.99999972222222,-4.872163697880885,-4.763345514688581,300-350,quiet_control,4.363560623277281
53206,2026-09-05 20:00:01.999000+00:00,0.0028746,15.814871,0.00609122,0.0001095,325.50034,326.9686,6704.3716,spacetrack,2026-09-04 20:00:01.999000+00:00,329.58835,6708.575,0.0046845,24.0,-4.088009999999997,-4.203399999999419,300-350,quiet_control,5.541643530092593
53206,2026-09-06 20:00:01.999000+00:00,0.0011516,15.823063,0.0024275,0.0001097,323.185,324.65543,6702.057,spacetrack,2026-09-05 20:00:01.999000+00:00,325.50034,6704.3716,0.0028746,24.0,-2.315339999999992,-2.3146000000006097,300-350,quiet_control,4.58342587962963
53323,2026-09-02 14:30:16.630000+00:00,0.00075338,16.070755,0.00581822,0.0008652,249.1393,260.61707,6633.015,spacetrack,2026-09-01 10:05:53.615000+00:00,253.3937,6636.8574,0.00076125,28.406393055555554,-3.5944584657512824,-3.246367809515107,250-300,quiet_control,6.4016927331939115
53323,2026-09-03 23:21:51.972000+00:00,0.00077034,16.088158,0.00663771,0.0009143,244.03392,256.1543,6628.231,spacetrack,2026-09-02 14:30:16.630000+00:00,249.1393,6633.015,0.00075338,32.859817222222226,-3.728843625981484,-3.4941156009342142,200-250,quiet_control,5.452218499017485
53323,2026-09-04 11:18:15.378000+00:00,0.00076512,16.095171,0.00689572,0.0009341,241.97884,254.35811,6626.3057,spacetrack,2026-09-03 23:21:51.972000+00:00,244.03392,6628.231,0.00077034,11.939835,-4.130871155254666,-3.8700032286875907,200-250,quiet_control,4.743701232052202
53323,2026-09-05 12:39:32.411000+00:00,0.00074758,16.110561,0.00744763,0.0009764,237.48201,250.41362,6622.085,spacetrack,2026-09-04 11:18:15.378000+00:00,241.97884,6626.3057,0.00076512,25.354731388888887,-4.256559391013498,-3.9951833228407767,200-250,quiet_control,5.619045340792355
53323,2026-09-06 18:27:16.954000+00:00,0.00075928,16.131397,0.00868281,0.0010192,231.50064,244.98747,6616.381,spacetrack,2026-09-05 12:39:32.411000+00:00,237.48201,6622.085,0.00074758,29.795706388888892,-4.817904906377122,-4.594487481291708,200-250,quiet_control,4.109090074620465
53477,2026-09-02 20:10:34.817000+00:00,0.0004793,16.241352,0.0125419,0.0007489,203.41559,213.28082,6586.4854,spacetrack,2026-09-01 21:58:46.944000+00:00,210.19972,6592.5757,0.00050116,22.19663138888889,-7.335307648596783,-6.585107327285073,200-250,quiet_control,5.594533069351002
53480,2026-09-02 22:00:03+00:00,0.00099418,15.9721775,0.00430595,0.0001227,281.32477,282.9592,6660.279,spacetrack,2026-09-01 20:00:02+00:00,284.35556,6662.8696,0.0011585,26.00027777777778,-2.797622418563927,-2.39129752887213,250-300,quiet_control,5.653849852031495
53480,2026-09-03 22:00:02+00:00,0.00098068,15.9806385,0.00444979,0.0001625,278.70895,280.8728,6657.9277,spacetrack,2026-09-02 22:00:03+00:00,281.32477,6660.279,0.00099418,23.99972222222222,-2.615850276044847,-2.351327214435617,250-300,quiet_control,5.499994212895983
53480,2026-09-04 22:00:02+00:00,0.00092551,15.989268,0.00440566,0.0001581,276.34277,278.44727,6655.532,spacetrack,2026-09-03 22:00:02+00:00,278.70895,6657.9277,0.00098068,24.0,-2.3661800000000426,-2.3957000000000335,250-300,quiet_control,4.208240740740741
53480,2026-09-05 20:00:01.999000+00:00,0.0010222,15.996857,0.00507613,0.0001482,274.3041,276.27618,6653.4272,spacetrack,2026-09-04 22:00:02+00:00,276.34277,6655.532,0.00092551,21.99999972222222,-2.2240036644444556,-2.296145483537265,250-300,quiet_control,5.8181818663911855
53480,2026-09-06 20:41:20.649000+00:00,0.00066766,16.00583,0.00348973,0.0001602,271.73767,273.86862,6650.94,spacetrack,2026-09-05 20:00:01.999000+00:00,274.3041,6653.4272,0.0010222,24.688513888888888,-2.494857336379459,-2.4178369045889183,250-300,quiet_control,4.622931333903024
53490,2026-09-06 20:00:01.999000+00:00,0.0069511,15.746341,0.01135595,0.0001277,344.81403,346.53128,6723.8096,spacetrack,2026-09-05 20:00:01.999000+00:00,349.45258,6728.4487,0.007698,24.0,-4.638550000000009,-4.639100000000326,300-350,quiet_control,4.58342587962963
53492,2026-09-02 21:28:52.660000+00:00,0.00087238,16.022099,0.00500819,0.000289,266.37936,270.221,6646.437,spacetrack,2026-09-01 22:59:23.820000+00:00,269.46405,6649.4204,0.00072852,22.491344444444444,-3.2916022509399556,-3.1835180051981284,250-300,quiet_control,5.599846064239033
53492,2026-09-03 22:57:13.422000+00:00,0.00077826,16.033865,0.00478785,0.0002985,263.06522,267.0312,6643.185,spacetrack,2026-09-02 21:28:52.660000+00:00,266.37936,6646.437,0.00087238,25.47243388888889,-3.1225661570838503,-3.0640181594124227,250-300,quiet_control,5.528902497015238
53492,2026-09-04 21:24:48.775000+00:00,0.0008611,16.044943,0.00565646,0.0003187,259.87405,264.10648,6640.1274,spacetrack,2026-09-03 22:57:13.422000+00:00,263.06522,6643.185,0.00077826,22.45982027777778,-3.4100041341727856,-3.2672745860129755,250-300,quiet_control,4.18991452551076
53492,2026-09-05 12:22:41.867000+00:00,0.00085413,16.05261,0.0058754,0.0003264,257.7087,262.04202,6638.012,spacetrack,2026-09-04 21:24:48.775000+00:00,259.87405,6640.1274,0.0008611,14.964747777777777,-3.472721409790236,-3.392613143497519,250-300,quiet_control,7.087615928931646
53492,2026-09-06 19:47:04.100000+00:00,0.00056111,16.064205,0.00414698,0.0003155,254.58752,258.7741,6634.818,spacetrack,2026-09-05 12:22:41.867000+00:00,257.7087,6638.012,0.00085413,31.406175833333332,-2.38514616989743,-2.4407938236984696,250-300,quiet_control,4.197115627461559
53499,2026-09-02 22:00:03+00:00,0.0020171,15.771327,0.00340741,0.0001061,337.85654,339.2818,6716.706,spacetrack,2026-09-01 20:00:02+00:00,340.6286,6719.5146,0.0032724,26.00027777777778,-2.55879727780687,-2.5925261482251862,300-350,quiet_control,5.653849852031495
53499,2026-09-03 22:00:02+00:00,0.0021671,15.779485,0.00381316,9.92e-05,335.58786,336.92,6714.391,spacetrack,2026-09-02 22:00:03+00:00,337.85654,6716.706,0.0020171,23.99972222222222,-2.2687062581743023,-2.31502679429211,300-350,quiet_control,5.499994212895983
53499,2026-09-04 22:00:02+00:00,0.0011327,15.786543,0.00201289,0.0001088,333.5222,334.9828,6712.3896,spacetrack,2026-09-03 22:00:02+00:00,335.58786,6714.391,0.0021671,24.0,-2.06565999999998,-2.001399999999194,300-350,quiet_control,4.208240740740741
53499,2026-09-05 20:00:01.999000+00:00,0.0026433,15.791468,0.00497364,0.0001298,331.9857,333.72787,6710.9937,spacetrack,2026-09-04 22:00:02+00:00,333.5222,6712.3896,0.0011327,21.99999972222222,-1.6761818393457188,-1.5228000192277509,300-350,quiet_control,5.8181818663911855
53499,2026-09-06 20:00:01.999000+00:00,0.0024124,15.800076,0.00470291,0.0001367,329.50214,331.33627,6708.556,spacetrack,2026-09-05 20:00:01.999000+00:00,331.9857,6710.9937,0.0026433,24.0,-2.4835600000000113,-2.4377000000004045,300-350,quiet_control,4.58342587962963
53505,2026-09-02 22:00:03+00:00,0.00045461,15.981637,0.00207494,0.0005176,276.06757,282.95956,6657.6504,spacetrack,2026-09-01 20:00:02+00:00,278.0136,6659.289,0.00062784,26.00027777777778,-1.796316193203071,-1.512537686562545,250-300,quiet_control,5.653849852031495
53505,2026-09-03 22:00:02+00:00,0.00047755,15.985981,0.00223348,0.0005317,274.76834,281.8468,6656.4443,spacetrack,2026-09-02 22:00:03+00:00,276.06757,6657.6504,0.00045461,23.99972222222222,-1.2992450375582711,-1.206113959652644,250-300,quiet_control,5.499994212895983
53505,2026-09-04 22:00:02+00:00,0.00044729,15.990423,0.00214435,0.000537,273.50064,280.64835,6655.2114,spacetrack,2026-09-03 22:00:02+00:00,274.76834,6656.4443,0.00047755,24.0,-1.2677000000000476,-1.2328999999999724,250-300,quiet_control,4.208240740740741
53505,2026-09-05 20:00:01.999000+00:00,0.00057092,15.9940405,0.00279488,0.0005378,272.4926,279.64987,6654.208,spacetrack,2026-09-04 22:00:02+00:00,273.50064,6655.2114,0.00044729,21.99999972222222,-1.0996800138848424,-1.094618195639676,250-300,quiet_control,5.8181818663911855
53505,2026-09-06 20:00:01.999000+00:00,0.0005953,15.998744,0.00299298,0.0005423,271.15906,278.3748,6652.904,spacetrack,2026-09-05 20:00:01.999000+00:00,272.4926,6654.208,0.00057092,24.0,-1.3335399999999709,-1.3039999999991778,250-300,quiet_control,4.58342587962963
53649,2026-09-02 22:00:03+00:00,0.0010335,15.924962,0.00348258,0.0001616,294.22177,296.37863,6673.437,spacetrack,2026-09-01 20:00:02+00:00,296.82806,6675.9624,0.0011104,26.00027777777778,-2.405780451063558,-2.3311135564795085,250-300,quiet_control,5.653849852031495
53649,2026-09-03 22:00:02+00:00,0.0010989,15.933154,0.00386414,0.0001731,291.85773,294.16727,6671.1494,spacetrack,2026-09-02 22:00:03+00:00,294.22177,6673.437,0.0010335,23.99972222222222,-2.364067361890751,-2.287626477157957,250-300,quiet_control,5.499994212895983
53649,2026-09-04 22:00:02+00:00,0.00090317,15.941529,0.00331818,0.0001516,289.66476,291.68674,6668.813,spacetrack,2026-09-03 22:00:02+00:00,291.85773,6671.1494,0.0010989,24.0,-2.1929700000000025,-2.3364000000001397,250-300,quiet_control,4.208240740740741
53649,2026-09-05 20:00:01.999000+00:00,0.00047367,15.948835,0.00180622,0.0001504,287.63623,289.6416,6666.776,spacetrack,2026-09-04 22:00:02+00:00,289.66476,6668.813,0.00090317,21.99999972222222,-2.2129418461229915,-2.222181846239956,250-300,quiet_control,5.8181818663911855
53649,2026-09-06 20:00:01.999000+00:00,0.00023763,15.953867,0.00092723,0.0001427,286.2859,288.1882,6665.374,spacetrack,2026-09-05 20:00:01.999000+00:00,287.63623,6666.776,0.00047367,24.0,-1.3503299999999854,-1.4020000000000437,250-300,quiet_control,4.58342587962963
53653,2026-09-02 22:00:03+00:00,0.0012513,15.956261,0.0049718,0.0001821,285.3569,287.78418,6664.7075,spacetrack,2026-09-01 20:00:02+00:00,289.18185,6668.2793,0.0014545,26.00027777777778,-3.5306853559256854,-3.297010929370147,250-300,quiet_control,5.653849852031495
53653,2026-09-03 22:00:02+00:00,0.0005401,15.962679,0.00221996,0.0001944,283.4885,286.07904,6662.921,spacetrack,2026-09-02 22:00:03+00:00,285.3569,6664.7075,0.0012513,23.99972222222222,-1.8684216252503005,-1.7865206773228144,250-300,quiet_control,5.499994212895983
53653,2026-09-04 22:00:02+00:00,0.00040012,15.968274,0.00169363,0.0001791,282.0343,284.42038,6661.3643,spacetrack,2026-09-03 22:00:02+00:00,283.4885,6662.921,0.0005401,24.0,-1.4542000000000144,-1.5567000000000917,250-300,quiet_control,4.208240740740741
53653,2026-09-05 20:00:01.999000+00:00,0.0003446,15.972149,0.00148898,0.0001915,280.87463,283.42554,6660.287,spacetrack,2026-09-04 22:00:02+00:00,282.0343,6661.3643,0.00040012,21.99999972222222,-1.2650945614279057,-1.1752363784751227,250-300,quiet_control,5.8181818663911855
53653,2026-09-06 20:00:01.999000+00:00,0.00057679,15.976827,0.00256178,0.0001846,279.62073,282.07922,6658.987,spacetrack,2026-09-05 20:00:01.999000+00:00,280.87463,6660.287,0.0003446,24.0,-1.2539000000000442,-1.300000000000182,250-300,quiet_control,4.58342587962963
53669,2026-09-02 22:00:03+00:00,0.00053331,15.919665,0.00174565,0.0001297,295.91443,297.6459,6674.917,spacetrack,2026-09-01 20:00:02+00:00,298.33337,6677.551,0.0011391,26.00027777777778,-2.2328438371385113,-2.4313586393307896,250-300,quiet_control,5.653849852031495
53669,2026-09-03 22:00:02+00:00,0.00077229,15.92394,0.00258739,0.0001464,294.6087,296.56277,6673.7227,spacetrack,2026-09-02 22:00:03+00:00,295.91443,6674.917,0.00053331,23.99972222222222,-1.30574511279064,-1.194313823076768,250-300,quiet_control,5.499994212895983
53669,2026-09-04 22:00:02+00:00,0.00052982,15.928842,0.00181878,0.0001376,293.2985,295.1347,6672.3535,spacetrack,2026-09-03 22:00:02+00:00,294.6087,6673.7227,0.00077229,24.0,-1.310200000000009,-1.3692000000000917,250-300,quiet_control,4.208240740740741
53669,2026-09-05 20:00:01.999000+00:00,0.00058445,15.933009,0.00205115,0.000114,292.29248,293.8135,6671.19,spacetrack,2026-09-04 22:00:02+00:00,293.2985,6672.3535,0.00052982,21.99999972222222,-1.097476377493365,-1.2692727432995174,250-300,quiet_control,5.8181818663911855
53669,2026-09-06 20:00:01.999000+00:00,0.0005405,15.937736,0.00194407,0.0001144,290.97098,292.49704,6669.871,spacetrack,2026-09-05 20:00:01.999000+00:00,292.29248,6671.19,0.00058445,24.0,-1.3215000000000146,-1.3189999999995052,250-300,quiet_control,4.58342587962963
53673,2026-09-02 23:57:03.971000+00:00,0.00047191,16.121561,0.00503823,0.0003005,238.94615,242.92421,6619.0723,spacetrack,2026-09-01 19:38:09.482000+00:00,242.5361,6622.3657,0.00050584,28.315135833333333,-3.042853140706885,-2.7914964090322854,200-250,quiet_control,5.682148796566784
53673,2026-09-03 22:17:22.941000+00:00,0.00050023,16.13186,0.00572248,0.0003364,235.89192,240.34334,6616.2544,spacetrack,2026-09-02 23:57:03.971000+00:00,238.94615,6619.0723,0.00047191,22.33860277777778,-3.2813833850396126,-3.02747672595161,200-250,quiet_control,5.4628133138238395
53673,2026-09-04 11:41:09.252000+00:00,0.00050167,16.138393,0.00600002,0.0003639,233.92467,238.73868,6614.4688,spacetrack,2026-09-03 22:17:22.941000+00:00,235.89192,6616.2544,0.00050023,13.3961975,-3.524432959427492,-3.19899732741353,200-250,quiet_control,4.880279273278854
53673,2026-09-05 11:29:15.646000+00:00,0.00050541,16.150568,0.00657341,0.0003956,230.39198,235.62271,6611.1445,spacetrack,2026-09-04 11:41:09.252000+00:00,233.92467,6614.4688,0.00050167,23.80177611111111,-3.562110642676832,-3.351985147139469,200-250,quiet_control,5.600352490034766
53673,2026-09-06 17:12:47.487000+00:00,0.00047237,16.16743,0.0069226,0.0004391,225.50856,231.31042,6606.5464,spacetrack,2026-09-05 11:29:15.646000+00:00,230.39198,6611.1445,0.00050541,29.72551138888889,-3.9428112259091037,-3.7124474851340397,200-250,quiet_control,4.179097703776538
53891,2026-09-02 22:00:03+00:00,0.0015287,15.823093,0.00334538,0.0001305,323.0371,324.78635,6702.049,spacetrack,2026-09-01 20:00:02+00:00,325.3115,6704.3564,0.0020437,26.00027777777778,-2.0994237241055247,-2.1298849371264525,300-350,quiet_control,5.653849852031495
53891,2026-09-03 22:00:02+00:00,0.00075149,15.827983,0.00164606,0.0001424,321.5773,323.48566,6700.6685,spacetrack,2026-09-02 22:00:03+00:00,323.0371,6702.049,0.0015287,23.99972222222222,-1.459816896028919,-1.3805159781944032,300-350,quiet_control,5.499994212895983
53891,2026-09-04 22:00:02+00:00,0.00088068,15.831907,0.00197382,0.0001558,320.3802,322.46777,6699.561,spacetrack,2026-09-03 22:00:02+00:00,321.5773,6700.6685,0.00075149,24.0,-1.1970999999999776,-1.1075000000000728,300-350,quiet_control,4.208240740740741
53891,2026-09-05 20:00:01.999000+00:00,0.00075713,15.835611,0.00172085,0.0001571,319.3271,321.43176,6698.5166,spacetrack,2026-09-04 22:00:02+00:00,320.3802,6699.561,0.00088068,21.99999972222222,-1.148836378141905,-1.1393454689308773,300-350,quiet_control,5.8181818663911855
53891,2026-09-06 20:00:01.999000+00:00,0.00073197,15.839704,0.00169563,0.0001584,318.16455,320.2863,6697.3623,spacetrack,2026-09-05 20:00:01.999000+00:00,319.3271,6698.5166,0.00075713,24.0,-1.1625499999999533,-1.1543000000001484,300-350,quiet_control,4.58342587962963
54015,2026-09-02 15:37:01.934000+00:00,0.0018839,15.977001,0.00862725,0.0001355,279.8991,281.70367,6658.9385,spacetrack,2026-09-01 20:00:02+00:00,284.15775,6663.0156,0.0020137,19.61664833333333,-5.2102478600447855,-4.988130405218992,250-300,quiet_control,5.784142137544337
54015,2026-09-03 23:07:15.125000+00:00,0.0019526,16.00083,0.01020793,0.000102,273.5104,274.8675,6652.326,spacetrack,2026-09-02 15:37:01.934000+00:00,279.8991,6658.9385,0.0018839,31.503664166666667,-4.867014807827756,-5.037509261158305,250-300,quiet_control,5.4678208816115585
54015,2026-09-04 14:06:22.472000+00:00,0.0016185,16.01177,0.00902445,9.83e-05,270.50436,271.8116,6649.295,spacetrack,2026-09-03 23:07:15.125000+00:00,273.5104,6652.326,0.0019526,14.985374166666666,-4.814358266774429,-4.854333244598582,250-300,quiet_control,4.858470797461087
54015,2026-09-05 14:03:36.281000+00:00,0.0011435,16.030502,0.00713138,0.0002509,264.31027,267.6443,6644.1143,spacetrack,2026-09-04 14:06:22.472000+00:00,270.50436,6649.295,0.0016185,23.953835833333333,-6.206027336679532,-5.1906843173306925,250-300,quiet_control,5.626204508721168
54015,2026-09-06 18:28:09.119000+00:00,0.001321,16.05295,0.00941041,8.46e-05,259.22028,260.3434,6637.919,spacetrack,2026-09-05 14:03:36.281000+00:00,264.31027,6644.1143,0.0011435,28.409121666666667,-4.300018896512874,-5.233783773557034,250-300,quiet_control,4.066116841306389
54039,2026-09-02 23:15:47.863000+00:00,0.00032351,15.822689,0.00067044,0.0013505,314.97452,333.07706,6702.1626,spacetrack,2026-09-01 13:52:07.044000+00:00,315.68942,6702.806,0.00038289,33.39467194444445,-0.5137825587430078,-0.46239711609345996,300-350,quiet_control,5.764374887514283
54039,2026-09-03 12:55:24.379000+00:00,0.00038402,15.823595,0.00080064,0.0013525,314.7057,332.83435,6701.907,spacetrack,2026-09-02 23:15:47.863000+00:00,314.97452,6702.1626,0.00032351,13.660143333333334,-0.4722995829960879,-0.44907288674043366,300-350,quiet_control,5.053930965747959
54039,2026-09-04 11:41:18.524000+00:00,0.0003637,15.825212,0.00076357,0.0013468,314.28827,332.3393,6701.4507,spacetrack,2026-09-03 12:55:24.379000+00:00,314.7057,6701.907,0.00038402,22.76504027777778,-0.4400747759615721,-0.4810533988242469,300-350,quiet_control,5.381658841050688
54039,2026-09-05 19:33:20.928000+00:00,0.00036371,15.827305,0.0007712,0.0013521,313.66263,331.7831,6700.86,spacetrack,2026-09-04 11:41:18.524000+00:00,314.28827,6701.4507,0.0003637,31.86733444444444,-0.4711834316163983,-0.4448693386869432,300-350,quiet_control,5.051591422369426
54039,2026-09-06 22:52:02.042000+00:00,0.00040127,15.829283,0.00085964,0.0013404,313.18353,331.14572,6700.302,spacetrack,2026-09-05 19:33:20.928000+00:00,313.66263,6700.86,0.00036371,27.311420555555557,-0.42101068952490234,-0.4903443221768151,300-350,quiet_control,4.690044459829859
55010,2026-09-02 21:39:18.126000+00:00,0.00073717,15.737377,0.00104488,0.0004088,345.47574,350.97522,6726.3623,spacetrack,2026-09-01 22:45:45.642000+00:00,346.08502,6726.9766,0.00080819,22.892356666666664,-0.6387599237999073,-0.6440228157667953,300-350,quiet_control,5.606855679777836
55010,2026-09-03 22:04:12.254000+00:00,0.00081477,15.739744,0.00116843,0.0003999,344.86157,350.24078,6725.688,spacetrack,2026-09-02 21:39:18.126000+00:00,345.47574,6726.3623,0.00073717,24.415035555555555,-0.603729614337833,-0.6628374537144502,300-350,quiet_control,5.508499589415119
55010,2026-09-04 14:51:11.784000+00:00,0.00078586,15.741395,0.00113445,0.0003956,344.4206,349.74158,6725.2183,spacetrack,2026-09-03 22:04:12.254000+00:00,344.86157,6725.688,0.00081477,16.783202777777777,-0.6305876262195252,-0.6716715605031945,300-350,quiet_control,4.936241576192335
55010,2026-09-05 18:18:45.972000+00:00,0.0007765,15.74421,0.00113453,0.0003856,343.68628,348.87216,6724.416,spacetrack,2026-09-04 14:51:11.784000+00:00,344.4206,6725.2183,0.00078586,27.459496666666666,-0.6418063744552458,-0.7012218844994688,300-350,quiet_control,5.18433294905017
55010,2026-09-06 21:46:02.523000+00:00,0.00087407,15.747056,0.00129541,0.0003798,342.91534,348.02258,6723.606,spacetrack,2026-09-05 18:18:45.972000+00:00,343.68628,6724.416,0.0007765,27.454597500000002,-0.6739330270640428,-0.7080781278986007,300-350,quiet_control,4.515770628216276
55041,2026-09-02 15:31:06.793000+00:00,0.00041945,15.755166,0.00063819,0.000359,340.7485,345.5744,6721.2983,spacetrack,2026-09-01 22:45:01.425000+00:00,340.92508,6721.563,0.0004272,16.768157777777777,-0.2527361715081421,-0.37886093894061673,300-350,quiet_control,5.759239668678902
55041,2026-09-03 18:57:18.979000+00:00,0.00036782,15.756602,0.00056248,0.0003592,340.33893,345.16724,6720.89,spacetrack,2026-09-02 15:31:06.793000+00:00,340.7485,6721.2983,0.00041945,27.436718333333335,-0.3582673365151373,-0.3571564164835296,300-350,quiet_control,5.307219595200617
55041,2026-09-04 19:20:29.137000+00:00,0.00037685,15.757836,0.00057954,0.0003604,339.9802,344.82437,6720.539,spacetrack,2026-09-03 18:57:18.979000+00:00,340.33893,6720.89,0.00036782,24.386155,-0.35304950698457876,-0.3454419116098303,300-350,quiet_control,4.688618489557793
55041,2026-09-05 22:46:25.267000+00:00,0.00035513,15.759128,0.00054895,0.0003601,339.61505,344.45493,6720.172,spacetrack,2026-09-04 19:20:29.137000+00:00,339.9802,6720.539,0.00037685,27.432258333333333,-0.31946330825238334,-0.32108184069197876,300-350,quiet_control,5.251862917269034
55041,2026-09-06 20:06:29.639000+00:00,0.00039194,15.760243,0.00060936,0.0003465,339.38953,344.0464,6719.855,spacetrack,2026-09-05 22:46:25.267000+00:00,339.61505,6720.172,0.00035513,21.33454777777778,-0.25369555785185627,-0.3566046995345607,300-350,quiet_control,4.76010357847858
56943,2026-09-02 21:37:59.386000+00:00,0.00068754,16.058117,0.00490682,0.0007117,253.63483,263.0812,6636.495,spacetrack,2026-09-01 21:41:46.480000+00:00,256.4912,6639.226,0.00071519,23.936918333333335,-2.863897476081401,-2.7381970848236206,250-300,quiet_control,5.624011751443081
56943,2026-09-03 21:33:18.380000+00:00,0.0007241,16.068502,0.0055086,0.0007391,250.59511,260.40094,6633.6353,spacetrack,2026-09-02 21:37:59.386000+00:00,253.63483,6636.495,0.00068754,23.92194277777778,-3.049638596567895,-2.8690311918877947,250-300,quiet_control,5.498368501610689
56943,2026-09-04 16:58:47.675000+00:00,0.00070992,16.077492,0.00571313,0.0007632,247.96423,258.08606,6631.162,spacetrack,2026-09-03 21:33:18.380000+00:00,250.59511,6633.6353,0.0007241,19.424804166666664,-3.2505408784687684,-3.055845479351252,250-300,quiet_control,4.665642203314076
56943,2026-09-05 18:21:53.228000+00:00,0.00079666,16.090294,0.00694576,0.0007831,244.317,254.69722,6627.644,spacetrack,2026-09-04 16:58:47.675000+00:00,247.96423,6631.162,0.00070992,25.384875833333332,-3.4482548023755815,-3.32607496504401,200-250,quiet_control,5.42723756346914
56943,2026-09-06 21:13:14.546000+00:00,0.00069994,16.10421,0.00667955,0.0007905,240.45256,250.92484,6623.8257,spacetrack,2026-09-05 18:21:53.228000+00:00,244.317,6627.644,0.00079666,26.855921666666667,-3.4534863912384823,-3.4122530270014737,200-250,quiet_control,4.490431336486331
57047,2026-09-03 10:06:05.661000+00:00,5.4094e-05,16.010803,0.00028606,0.0007298,266.57297,276.2787,6649.563,spacetrack,2026-09-01 22:05:56.939000+00:00,266.73837,6649.9414,1.9061e-05,36.002422777777774,-0.11025924628743741,-0.2522496904179454,250-300,quiet_control,5.522167018975775
57047,2026-09-04 22:06:04.758000+00:00,0.00024277,16.010183,0.00130256,0.0008138,266.1857,277.00882,6649.7344,spacetrack,2026-09-03 10:06:05.661000+00:00,266.57297,6649.563,5.4094e-05,35.99974916666667,-0.2581817989055902,0.11426746283591167,250-300,quiet_control,4.688820262381921
57047,2026-09-05 23:36:13.047000+00:00,0.00022708,16.009693,0.00121468,0.0008258,266.24167,277.22458,6649.87,spacetrack,2026-09-04 22:06:04.758000+00:00,266.1857,6649.7344,0.00024277,25.502302500000003,0.052672891006608116,0.1276120067978454,250-300,quiet_control,5.498007614541211
57047,2026-09-06 17:36:20.143000+00:00,6.422e-05,16.00899,0.00033822,0.0010154,265.17545,278.68042,6650.065,spacetrack,2026-09-05 23:36:13.047000+00:00,266.24167,6649.87,0.00022708,18.00197111111111,-1.4214710068168905,0.2599715315121488,250-300,quiet_control,4.688502644833831
58274,2026-09-02 18:05:21.428000+00:00,0.0012108,15.775543,0.00205293,0.0007579,332.28265,342.46204,6715.5093,spacetrack,2026-09-01 20:46:25.632000+00:00,333.1488,6716.4946,0.0012159,21.31549888888889,-0.9752340354949912,-1.1093899384326988,300-350,quiet_control,5.57777202180844
58274,2026-09-03 16:55:19.622000+00:00,0.0010924,15.779171,0.00187819,0.0007505,331.30386,341.3823,6714.48,spacetrack,2026-09-02 18:05:21.428000+00:00,332.28265,6715.5093,0.0012108,22.832831666666667,-1.0288237719675484,-1.0819157413606049,300-350,quiet_control,5.343051259739356
58274,2026-09-05 20:39:21.601000+00:00,0.0010409,15.787626,0.00185771,0.0007235,329.08936,338.80173,6712.0825,spacetrack,2026-09-03 16:55:19.622000+00:00,331.30386,6714.48,0.0010924,51.73388305555555,-1.0273344442930283,-1.1122304493979016,300-350,quiet_control,5.098772441630896
58274,2026-09-06 19:28:15.391000+00:00,0.001156,15.791825,0.00210856,0.0007221,327.90955,337.6014,6710.8926,spacetrack,2026-09-05 20:39:21.601000+00:00,329.08936,6712.0825,0.0010409,22.814941666666666,-1.2410919306170802,-1.2517060274465177,300-350,quiet_control,4.62476094187301
58285,2026-09-02 16:07:33.910000+00:00,0.0012608,15.780228,0.00218542,0.0006953,331.37497,340.71173,6714.18,spacetrack,2026-09-01 18:49:00.276000+00:00,332.55154,6715.3228,0.0014314,21.30934277777778,-1.3251314362189826,-1.2870974147824565,300-350,quiet_control,5.753527254360026
58285,2026-09-03 13:25:48.348000+00:00,0.0012865,15.784214,0.00227194,0.0006862,330.3063,339.5193,6713.05,spacetrack,2026-09-02 16:07:33.910000+00:00,331.37497,6714.18,0.0012608,21.304010555555553,-1.2039085285428364,-1.2729997447795294,300-350,quiet_control,5.193676495810556
58285,2026-09-04 12:15:03.216000+00:00,0.0010457,15.787518,0.00186543,0.0007166,329.1664,338.78622,6712.1133,spacetrack,2026-09-03 13:25:48.348000+00:00,330.3063,6713.05,0.0012865,22.820796666666666,-1.198801268842657,-0.9851014549742488,300-350,quiet_control,5.394377117129566
58285,2026-09-05 06:30:13.091000+00:00,0.0010148,15.790523,0.00183414,0.0007199,328.29337,337.95624,6711.2617,spacetrack,2026-09-04 12:15:03.216000+00:00,329.1664,6712.1133,0.0010457,18.252743055555555,-1.147921708875606,-1.1197440262973675,300-350,quiet_control,5.219543592192194
58285,2026-09-06 18:59:54.745000+00:00,0.0011395,15.796956,0.00212724,0.0006973,326.62384,335.9808,6709.4395,spacetrack,2026-09-05 06:30:13.091000+00:00,328.29337,6711.2617,0.0010148,36.49490388888889,-1.0979264426066728,-1.1983262137951651,300-350,quiet_control,4.588744430025216
58286,2026-09-02 19:52:35.392000+00:00,0.0013215,15.857327,0.00330804,0.0004695,311.12018,317.40433,6692.3994,spacetrack,2026-09-01 18:07:26.176000+00:00,313.26807,6694.443,0.0013594,25.75256,-2.001717887464409,-1.904525220016933,300-350,quiet_control,5.650520181294596
58286,2026-09-03 06:28:37.256000+00:00,0.0013284,15.860483,0.00337867,0.0004612,310.2883,316.46057,6691.511,spacetrack,2026-09-02 19:52:35.392000+00:00,311.12018,6692.3994,0.0013215,10.600517777777778,-1.8834098879447048,-2.011373448634071,300-350,quiet_control,6.148007235705258
58286,2026-09-04 05:11:07.651000+00:00,0.0014516,15.867382,0.00383675,0.0004639,308.33145,314.53802,6689.572,spacetrack,2026-09-03 06:28:37.256000+00:00,310.2883,6691.511,0.0013284,22.708443055555556,-2.0681470713382826,-2.049281841390814,300-350,quiet_control,5.077881715433913
58286,2026-09-05 17:29:54.192000+00:00,0.0014483,15.878551,0.00405186,0.0004739,305.12906,311.46646,6686.4346,spacetrack,2026-09-04 05:11:07.651000+00:00,308.33145,6689.572,0.0014516,36.31292805555555,-2.1165288539226568,-2.0735755564743767,300-350,quiet_control,5.1842401307015376
58286,2026-09-06 19:12:14.971000+00:00,0.0014099,15.886786,0.00391972,0.0004856,302.74063,309.23227,6684.1235,spacetrack,2026-09-05 17:29:54.192000+00:00,305.12906,6686.4346,0.0014483,25.705771944444443,-2.22993964639089,-2.1577410754235284,300-350,quiet_control,4.288071121597107
58294,2026-09-02 19:35:56.131000+00:00,0.0013236,15.972233,0.00575515,0.0008945,276.16904,288.08426,6660.2637,spacetrack,2026-09-01 19:31:56.179000+00:00,279.45078,6663.39,0.001366,24.066653333333335,-3.272651120582351,-3.117641616421849,250-300,quiet_control,5.62603857398259
58294,2026-09-03 16:38:34.566000+00:00,0.0012358,15.982551,0.00568925,0.0009169,273.15573,285.36404,6657.397,spacetrack,2026-09-02 19:35:56.131000+00:00,276.16904,6660.2637,0.0013236,21.04400972222222,-3.4365808111004292,-3.269376934727368,250-300,quiet_control,5.287208084485906
58294,2026-09-04 16:40:30.804000+00:00,0.0012556,15.995921,0.00622946,0.0009598,269.16333,281.93573,6653.6865,spacetrack,2026-09-03 16:38:34.566000+00:00,273.15573,6657.397,0.0012358,24.032288333333334,-3.9870360521224093,-3.705514795962487,250-300,quiet_control,5.09701094492805
58294,2026-09-05 06:11:03.734000+00:00,0.0013226,16.003973,0.00686738,0.000992,266.71948,279.916,6651.4546,spacetrack,2026-09-04 16:40:30.804000+00:00,269.16333,6653.6865,0.0012556,13.509147222222222,-4.341680421064488,-3.9651355573266924,250-300,quiet_control,5.621387195877362
58294,2026-09-06 19:40:22.276000+00:00,0.0013661,16.028252,0.00816301,0.0011048,259.25824,273.94046,6644.7363,spacetrack,2026-09-05 06:11:03.734000+00:00,266.71948,6651.4546,0.0013226,37.48848388888889,-4.7766604947465865,-4.301032831253018,250-300,quiet_control,4.634664162272884
58304,2026-09-02 00:10:02.953000+00:00,0.0011772,15.733538,0.00165468,0.0005454,345.6507,352.98898,6727.457,spacetrack,2026-09-01 18:03:41.874000+00:00,345.84024,6727.6895,0.0012247,6.105855277777779,-0.7450160203692421,-0.9138768847519398,300-350,quiet_control,5.9177083618142685
58304,2026-09-03 18:53:58.668000+00:00,0.0010944,15.739161,0.00157402,0.0005299,344.15344,351.28152,6725.8545,spacetrack,2026-09-02 00:10:02.953000+00:00,345.6507,6727.457,0.0011772,42.732143055555554,-0.8409182744072046,-0.9000250689509706,300-350,quiet_control,5.471173043268919
58304,2026-09-04 02:31:43.542000+00:00,0.0011391,15.740214,0.00164716,0.0005338,343.82706,351.00726,6725.554,spacetrack,2026-09-03 18:53:58.668000+00:00,344.15344,6725.8545,0.0010944,7.629131666666667,-1.02673808006538,-0.9453238343647423,300-350,quiet_control,5.943847912792172
58304,2026-09-05 16:40:01.004000+00:00,0.001158,15.745373,0.00171327,0.0005273,342.40265,349.49387,6724.0854,spacetrack,2026-09-04 02:31:43.542000+00:00,343.82706,6725.554,0.0011391,38.13818388888889,-0.896367800302106,-0.9241761511950823,300-350,quiet_control,5.183521149138212
58304,2026-09-06 20:07:07.536000+00:00,0.0010969,15.749045,0.00164736,0.0005234,341.38412,348.42178,6723.04,spacetrack,2026-09-05 16:40:01.004000+00:00,342.40265,6724.0854,0.001158,27.451814444444445,-0.8904591734535403,-0.9139505168510579,300-350,quiet_control,4.275807310530738
58306,2026-09-02 19:08:28.819000+00:00,0.0013859,15.876329,0.00382846,0.000686,304.33408,313.5087,6687.0586,spacetrack,2026-09-01 18:55:56.636000+00:00,306.30328,6689.1133,0.0014028,24.208939722222222,-1.9522044559687055,-2.0369665324386963,300-350,quiet_control,5.6282365067091895
58306,2026-09-03 19:20:20.267000+00:00,0.001409,15.883915,0.00386546,0.0006784,302.25696,311.32706,6684.929,spacetrack,2026-09-02 19:08:28.819000+00:00,304.33408,6687.0586,0.0013859,24.197624444444447,-2.0601559510295155,-2.112207341565693,300-350,quiet_control,5.435438921873965
58306,2026-09-05 12:08:45.233000+00:00,0.0014062,15.897177,0.00412276,0.0007393,298.13437,308.0132,6681.211,spacetrack,2026-09-03 19:20:20.267000+00:00,302.25696,6684.929,0.001409,40.806934999999996,-2.42464081166596,-2.186687140310742,300-350,quiet_control,5.448994120457439
58306,2026-09-06 19:51:36.914000+00:00,0.0013796,15.908246,0.00427778,0.0007534,294.94275,305.00534,6678.111,spacetrack,2026-09-05 12:08:45.233000+00:00,298.13437,6681.211,0.0014062,31.714355833333332,-2.415274659922017,-2.345940759162786,250-300,quiet_control,4.207307055415957
58308,2026-09-02 19:56:23.940000+00:00,0.0012555,15.762449,0.002008,0.0006789,336.52914,345.6525,6719.228,spacetrack,2026-09-01 18:02:05.508000+00:00,337.69928,6720.4136,0.0012523,25.90512,-1.084085308232507,-1.098408345531504,300-350,quiet_control,5.652578332005411
58308,2026-09-03 17:16:07.141000+00:00,0.0011029,15.765595,0.00178347,0.0006656,335.7252,344.66864,6718.334,spacetrack,2026-09-02 19:56:23.940000+00:00,336.52914,6719.228,0.0012555,21.328666944444446,-0.9046303761157467,-1.0059700428485667,300-350,quiet_control,5.29672116691254
58308,2026-09-04 17:38:18.963000+00:00,0.0011225,15.769587,0.00184869,0.000649,334.70404,343.42297,6717.2007,spacetrack,2026-09-03 17:16:07.141000+00:00,335.7252,6718.334,0.0011029,24.369950555555555,-1.0056581749777846,-1.1160958221061168,300-350,quiet_control,4.951396997089607
58308,2026-09-05 13:26:05.254000+00:00,0.0011895,15.7727585,0.00198971,0.0006272,333.9502,342.37512,6716.3,spacetrack,2026-09-04 17:38:18.963000+00:00,334.70404,6717.2007,0.0011225,19.796191944444445,-0.9139212253939548,-1.0919675895580467,300-350,quiet_control,6.1575863966317534
58308,2026-09-06 18:21:37.638000+00:00,0.0011235,15.777475,0.0019171,0.0006063,332.7527,340.89526,6714.961,spacetrack,2026-09-05 13:26:05.254000+00:00,333.9502,6716.3,0.0011895,28.925662222222225,-0.9935814011518185,-1.110985800536315,300-350,quiet_control,4.079034222437469
58309,2026-09-02 19:45:45.772000+00:00,0.0010818,15.740569,0.00156562,0.0006552,342.9098,351.72284,6725.453,spacetrack,2026-09-01 19:20:53.701000+00:00,343.78247,6726.4155,0.0011878,24.414464166666665,-0.8578554031341177,-0.9461604335158809,300-350,quiet_control,5.631366064863803
58309,2026-09-03 17:07:16.103000+00:00,0.0010422,15.743436,0.00152621,0.0006527,342.11063,350.88898,6724.6367,spacetrack,2026-09-02 19:45:45.772000+00:00,342.9098,6725.453,0.0010818,21.35842527777778,-0.8980100241732647,-0.9172586342492848,300-350,quiet_control,5.297701033436832
58309,2026-09-04 05:19:27.072000+00:00,0.0010994,15.745175,0.00162406,0.0006542,341.6056,350.40344,6724.1416,spacetrack,2026-09-03 17:07:16.103000+00:00,342.11063,6724.6367,0.0010422,12.203046944444443,-0.993253574716344,-0.9737240259828562,300-350,quiet_control,5.619080926714819
58309,2026-09-05 11:49:34.749000+00:00,0.0011582,15.749212,0.00174335,0.0006455,340.51556,349.19495,6722.992,spacetrack,2026-09-04 05:19:27.072000+00:00,341.6056,6724.1416,0.0010994,30.5021325,-0.8576764263941121,-0.9045400350284911,300-350,quiet_control,5.45822451922009
58309,2026-09-06 19:50:41.345000+00:00,0.0010983,15.753704,0.00168423,0.0006324,339.32657,347.82822,6721.7144,spacetrack,2026-09-05 11:49:34.749000+00:00,340.51556,6722.992,0.0011582,32.01849888888889,-0.8912272901682559,-0.9576463939303808,300-350,quiet_control,4.225203518632579
58412,2026-09-02 22:00:03+00:00,0.00013479,15.809817,0.00027376,0.0028344,308.65637,346.6702,6705.8003,spacetrack,2026-09-01 20:00:02+00:00,309.1683,6706.5586,0.00023854,26.00027777777778,-0.4725457206653837,-0.6999617525457642,300-350,quiet_control,5.653849852031495
58412,2026-09-03 22:00:02+00:00,0.00010354,15.812275,0.00021119,0.0028127,308.10876,345.82764,6705.105,spacetrack,2026-09-02 22:00:03+00:00,308.65637,6705.8003,0.00013479,23.99972222222222,-0.5476163381520253,-0.6953080475471625,300-350,quiet_control,5.499994212895983
58412,2026-09-04 20:43:20.085000+00:00,0.00051192,15.814066,0.00108603,0.0028122,307.60733,345.31668,6704.599,spacetrack,2026-09-03 22:00:02+00:00,308.10876,6705.105,0.00010354,22.72169027777778,-0.5296401743390738,-0.5344672800096537,300-350,quiet_control,4.320250956975338
58412,2026-09-05 11:52:45.302000+00:00,0.00061175,15.8156185,0.00131124,0.0027966,307.27432,344.77203,6704.16,spacetrack,2026-09-04 20:43:20.085000+00:00,307.60733,6704.599,0.00051192,15.157004722222222,-0.5272967942196608,-0.6951241484117328,300-350,quiet_control,6.92669945764167
58412,2026-09-06 04:33:00.743000+00:00,0.0005197,15.817335,0.0011197,0.0027897,306.83707,344.23956,6703.6753,spacetrack,2026-09-05 11:52:45.302000+00:00,307.27432,6704.16,0.00061175,16.670955833333334,-0.6294780038357214,-0.6977884241490095,300-350,quiet_control,3.7548103828812986
58435,2026-09-02 22:41:38.219000+00:00,0.00047006,15.948273,0.00178807,0.0002623,287.04703,290.5445,6666.9326,spacetrack,2026-09-01 22:35:50.512000+00:00,287.97192,6667.703,0.00036568,24.096585277777777,-0.9211828042901518,-0.7673120397295232,250-300,quiet_control,5.626503095926212
58435,2026-09-03 22:47:10.557000+00:00,0.00053353,15.951283,0.00206276,0.0001958,286.6516,289.26205,6666.0938,spacetrack,2026-09-02 22:41:38.219000+00:00,287.04703,6666.9326,0.00047006,24.092316111111113,-0.3939148048793848,-0.835585914910291,250-300,quiet_control,5.501915882862515
58435,2026-09-04 13:50:29.987000+00:00,0.00038267,15.953086,0.00149237,0.0002118,286.0429,288.86646,6665.592,spacetrack,2026-09-03 22:47:10.557000+00:00,286.6516,6666.0938,0.00053353,15.055397222222222,-0.9703364039068291,-0.7999257556767709,250-300,quiet_control,4.881353789145015
58435,2026-09-05 22:57:27.772000+00:00,0.00035479,15.956921,0.0014121,0.0002149,284.95453,287.81894,6664.524,spacetrack,2026-09-04 13:50:29.987000+00:00,286.0429,6665.592,0.00038267,33.11605138888889,-0.7887679510234131,-0.7740053214370628,250-300,quiet_control,4.850292705907932
58435,2026-09-06 20:01:38.281000+00:00,0.00036363,15.959494,0.00146763,0.0002088,284.27896,287.06177,6663.807,spacetrack,2026-09-05 22:57:27.772000+00:00,284.95453,6664.524,0.00035479,21.069585833333335,-0.7695300765878765,-0.8167222714358815,250-300,quiet_control,4.761979883351869
58507,2026-09-02 20:51:51.423000+00:00,0.00039937,15.260187,0.00021658,0.0223638,334.18137,641.275,6865.865,spacetrack,2026-09-01 22:49:52.717000+00:00,334.07718,6865.995,0.0004183,22.03297388888889,0.11349171530863676,-0.14160594097449636,300-350,quiet_control,5.591521324112373
58507,2026-09-03 07:52:49.977000+00:00,0.00040175,15.260397,0.00021787,0.0223512,334.20618,641.124,6865.8022,spacetrack,2026-09-02 20:51:51.423000+00:00,334.18137,6865.865,0.00039937,11.016264999999999,0.05405098733554914,-0.13681588088092794,300-350,quiet_control,5.760204797179443
58507,2026-09-04 15:21:17.151000+00:00,0.00036002,15.260987,0.00019523,0.0223147,334.28387,640.6926,6865.625,spacetrack,2026-09-03 07:52:49.977000+00:00,334.20618,6865.8022,0.00040175,31.474215,0.05924087383907981,-0.1351201292868472,300-350,quiet_control,5.08568302127101
58507,2026-09-05 21:15:15.248000+00:00,0.000355,15.26152,0.00019254,0.022285,334.3314,640.3252,6865.4653,spacetrack,2026-09-04 15:21:17.151000+00:00,334.28387,6865.625,0.00036002,29.899471388888887,0.038151845066524595,-0.12818955727184195,300-350,quiet_control,4.926756462444705
58507,2026-09-06 22:25:55.183000+00:00,0.00037989,15.261957,0.00020597,0.0222564,334.39972,639.995,6865.3345,spacetrack,2026-09-05 21:15:15.248000+00:00,334.3314,6865.4653,0.000355,25.17775972222222,0.06512414202418007,-0.1246814662873719,300-350,quiet_control,4.828667474220938
58598,2026-09-02 22:00:03+00:00,0.00050362,15.842066,0.00119572,0.003078,297.94742,339.1723,6696.697,spacetrack,2026-09-01 20:00:02+00:00,298.89978,6697.601,0.00034103,26.00027777777778,-0.8790921464514256,-0.8344526233689853,250-300,quiet_control,5.653849852031495
58598,2026-09-03 22:00:02+00:00,0.00043042,15.845356,0.00103527,0.0030852,296.9749,338.2905,6695.7695,spacetrack,2026-09-02 22:00:03+00:00,297.94742,6696.697,0.00050362,23.99972222222222,-0.9725312561488295,-0.9275107350777341,250-300,quiet_control,5.499994212895983
58598,2026-09-04 22:00:02+00:00,0.00018424,15.848781,0.0004362,0.0031005,295.91092,337.4254,6694.805,spacetrack,2026-09-03 22:00:02+00:00,296.9749,6695.7695,0.00043042,24.0,-1.063980000000015,-0.9645000000000437,250-300,quiet_control,4.208240740740741
58598,2026-09-05 22:00:03+00:00,0.0004519,15.851794,0.00112461,0.0031075,295.01797,336.6209,6693.9565,spacetrack,2026-09-04 22:00:02+00:00,295.91092,6694.805,0.00018424,24.00027777777778,-0.8929396650501578,-0.8484901795118694,250-300,quiet_control,5.583361303688615
58598,2026-09-06 20:00:01.999000+00:00,0.00039644,15.854705,0.0009987,0.0031338,294.02545,335.97537,6693.137,spacetrack,2026-09-05 22:00:03+00:00,295.01797,6693.9565,0.0004519,21.999721944444442,-1.082762775827522,-0.8940112993100411,250-300,quiet_control,4.727332399744093
58672,2026-09-02 09:08:47.274000+00:00,0.00046501,15.694526,0.00057536,0.0028113,341.5192,379.40765,6738.6006,spacetrack,2026-09-01 17:52:22.170000+00:00,341.83295,6738.8374,0.00049845,15.27364,-0.49300625129303105,-0.3720920487856228,300-350,quiet_control,5.61675573078847
58672,2026-09-03 17:13:06.993000+00:00,0.00044058,15.696185,0.00054876,0.0028348,340.8872,379.0897,6738.1255,spacetrack,2026-09-02 09:08:47.274000+00:00,341.5192,6738.6006,0.00046501,32.07214416666667,-0.4729337683560483,-0.3555234704838518,300-350,quiet_control,5.434198571018522
58672,2026-09-04 23:45:37.395000+00:00,0.00042275,15.697713,0.00052984,0.002856,340.3086,378.79428,6737.6885,spacetrack,2026-09-03 17:13:06.993000+00:00,340.8872,6738.1255,0.00044058,30.541778333333333,-0.4546690061215013,-0.3433984716126022,300-350,quiet_control,4.459763885174334
58672,2026-09-06 23:05:39.493000+00:00,0.0005108,15.700123,0.00064883,0.0028741,339.499,378.2246,6736.999,spacetrack,2026-09-04 23:45:37.395000+00:00,340.3086,6737.6885,0.00042275,47.33391611111111,-0.4104963543347867,-0.34960132943923733,300-350,quiet_control,5.345956292157859
58706,2026-09-03 02:00:35.580000+00:00,0.00040667,15.770078,0.00067281,0.0003605,336.5023,341.3453,6717.061,spacetrack,2026-09-01 22:37:50.858000+00:00,336.88205,6717.5205,0.00045482,27.379089444444443,-0.3328817789391231,-0.4027891439697293,300-350,quiet_control,5.891510270784308
58706,2026-09-04 08:25:40.339000+00:00,0.00041536,15.771817,0.00069283,0.0003386,336.15588,340.70435,6716.567,spacetrack,2026-09-03 02:00:35.580000+00:00,336.5023,6717.061,0.00040667,30.417988611111113,-0.2733277372903683,-0.38976936153042413,300-350,quiet_control,4.951758635439762
58706,2026-09-05 23:57:58.117000+00:00,0.00038461,15.774112,0.0006473,0.0003193,335.63428,339.92307,6715.9155,spacetrack,2026-09-04 08:25:40.339000+00:00,336.15588,6716.567,0.00041536,39.53827166666667,-0.31661475002091866,-0.3954649341230757,300-350,quiet_control,4.910510209032489
58706,2026-09-06 19:43:59.111000+00:00,0.00041678,15.775305,0.00070623,0.0002983,335.43686,339.44336,6715.577,spacetrack,2026-09-05 23:57:58.117000+00:00,335.63428,6715.9155,0.00038461,19.76694277777778,-0.23969715768721583,-0.41098920006634776,300-350,quiet_control,4.782426142051922
58720,2026-09-02 22:00:03+00:00,0.00090169,15.931842,0.00323467,0.0007211,288.56793,298.1896,6671.5156,spacetrack,2026-09-01 20:00:02+00:00,290.25235,6673.0674,0.0007649,26.00027777777778,-1.5548326193096123,-1.432415465646905,250-300,quiet_control,5.653849852031495
58720,2026-09-03 22:00:02+00:00,0.00090412,15.9370985,0.003336,0.0007283,287.05396,296.76956,6670.049,spacetrack,2026-09-02 22:00:03+00:00,288.56793,6671.5156,0.00090169,23.99972222222222,-1.5139875230037108,-1.4666169747332478,250-300,quiet_control,5.499994212895983
58720,2026-09-04 22:00:02+00:00,0.00080597,15.942794,0.00306331,0.0007477,285.33716,295.30917,6668.46,spacetrack,2026-09-03 22:00:02+00:00,287.05396,6670.049,0.00090412,24.0,-1.7168000000000347,-1.5889999999999418,250-300,quiet_control,4.208240740740741
58720,2026-09-05 22:00:03+00:00,0.00093677,15.948255,0.00367289,0.0007684,283.67783,293.92358,6666.9375,spacetrack,2026-09-04 22:00:02+00:00,285.33716,6668.46,0.00080597,24.00027777777778,-1.6593107950139578,-1.5224823786762092,250-300,quiet_control,5.583361303688615
58720,2026-09-06 20:00:01.999000+00:00,0.00084423,15.953654,0.00340651,0.000795,281.99728,292.59534,6665.433,spacetrack,2026-09-05 22:00:03+00:00,283.67783,6666.9375,0.00093677,21.999721944444442,-1.8333504442398127,-1.6412934713985543,250-300,quiet_control,4.727332399744093
58925,2026-09-02 13:24:53.795000+00:00,0.0010266,16.163982,0.01436732,0.0008785,223.54453,235.15387,6607.4863,spacetrack,2026-09-01 21:03:40.233000+00:00,229.39323,6612.8735,0.0010047,16.35376722222222,-8.583270025346833,-7.9059948844272485,200-250,quiet_control,5.816556029003307
58925,2026-09-03 19:05:39.174000+00:00,0.0009733,16.206398,0.01940161,0.0010829,210.67247,224.958,6595.952,spacetrack,2026-09-02 13:24:53.795000+00:00,223.54453,6607.4863,0.0010266,29.679271944444444,-10.408929187288487,-9.327156020476503,200-250,quiet_control,5.329303460096295
58925,2026-09-04 23:12:00.729000+00:00,0.00086827,16.268404,0.02892809,0.0012192,193.02336,209.06604,6579.1816,spacetrack,2026-09-03 19:05:39.174000+00:00,210.67247,6595.952,0.0009733,28.105987499999998,-15.070761701576942,-14.320421938564092,200-250,quiet_control,4.367073030257344
58929,2026-09-02 22:30:57.610000+00:00,0.00011191,15.753876,0.00016757,0.0002408,341.9099,345.14706,6721.6655,spacetrack,2026-09-01 22:07:26.884000+00:00,342.05426,6721.7656,0.00011831,24.39186833333333,-0.1420407798473335,-0.09849184027894643,300-350,quiet_control,5.631024574378304
58929,2026-09-03 22:54:26.304000+00:00,0.00013044,15.754267,0.00019589,0.0002428,341.78534,345.04932,6721.554,spacetrack,2026-09-02 22:30:57.610000+00:00,341.9099,6721.6655,0.00011191,24.39130388888889,-0.12256171353599402,-0.109711232010786,300-350,quiet_control,5.508021381117455
58929,2026-09-04 23:17:52.764000+00:00,0.00011642,15.754643,0.00017497,0.0002435,341.67352,344.94687,6721.4473,spacetrack,2026-09-03 22:54:26.304000+00:00,341.78534,6721.554,0.00013044,24.390683333333335,-0.11002889764604992,-0.10499090841406927,300-350,quiet_control,4.024165237956296
58929,2026-09-05 23:41:17.450000+00:00,0.00095821,15.7542305,0.00146733,0.0002235,341.92532,344.92984,6721.5645,spacetrack,2026-09-04 23:17:52.764000+00:00,341.67352,6721.4473,0.00011642,24.390190555555556,0.24777174193186285,0.11532505224210127,300-350,quiet_control,5.664438820497575
58929,2026-09-06 21:01:52.408000+00:00,6.0638e-05,15.753685,9.014e-05,0.0002591,341.84128,345.3245,6721.7197,spacetrack,2026-09-05 23:41:17.450000+00:00,341.92532,6721.5645,0.00095821,21.34304388888889,-0.09450198437020518,0.17452056133009625,300-350,quiet_control,4.846292074500775
58992,2026-09-02 22:14:23.187000+00:00,0.00081239,15.619923,0.00100106,0.0118006,302.13034,461.67538,6760.04,spacetrack,2026-09-01 21:38:15.546000+00:00,302.46548,6760.72,0.00090197,24.6021225,-0.32693764531904007,-0.6633573993466209,300-350,quiet_control,5.6341779047722405
58992,2026-09-03 21:18:03.358000+00:00,0.00091232,15.622114,0.00113288,0.0117496,301.85037,460.69104,6759.4077,spacetrack,2026-09-02 22:14:23.187000+00:00,302.13034,6760.04,0.00081239,23.06115861111111,-0.29136784119607845,-0.6580415258361547,300-350,quiet_control,5.479644531206759
58992,2026-09-04 21:53:45.093000+00:00,0.00081991,15.624517,0.00102509,0.0116957,301.52954,459.62534,6758.7144,spacetrack,2026-09-03 21:18:03.358000+00:00,301.85037,6759.4077,0.00091232,24.59492638888889,-0.31306944685463944,-0.6765297743486964,300-350,quiet_control,4.268608899520661
58992,2026-09-05 22:29:13.221000+00:00,0.00087528,15.626955,0.00110327,0.0116398,301.21265,458.53647,6758.0117,spacetrack,2026-09-04 21:53:45.093000+00:00,301.52954,6758.7144,0.00081991,24.591146666666667,-0.3092722801051443,-0.6858077920724208,300-350,quiet_control,5.5368017947922725
58992,2026-09-06 20:00:03.972000+00:00,0.00094702,15.629107,0.001202,0.0115842,300.975,457.53296,6757.391,spacetrack,2026-09-05 22:29:13.221000+00:00,301.21265,6758.0117,0.00087528,21.514097500000002,-0.2651098889925254,-0.6924204001589903,300-350,quiet_control,4.743800973601922
58993,2026-09-02 04:24:28.913000+00:00,0.0014308,16.0448,0.00939707,0.000934,255.82773,268.23157,6640.1665,spacetrack,2026-09-01 17:55:39.311000+00:00,258.25067,6642.549,0.0015281,10.480445,-5.548481958542817,-5.455875203771693,250-300,quiet_control,4.872560966850379
58993,2026-09-03 17:47:28.847000+00:00,0.0014078,16.07755,0.01128334,0.0011131,245.6277,260.38995,6631.146,spacetrack,2026-09-02 04:24:28.913000+00:00,255.82773,6640.1665,0.0014308,37.383315,-6.548395186462194,-5.791139710322985,250-300,quiet_control,5.674080877465729
58993,2026-09-04 16:10:52.194000+00:00,0.0013217,16.101406,0.01230169,0.0011497,238.84131,254.07391,6624.5947,spacetrack,2026-09-03 17:47:28.847000+00:00,245.6277,6631.146,0.0014078,22.38981861111111,-7.274438566428277,-7.0224418844543415,200-250,quiet_control,5.119034399402794
58993,2026-09-05 17:30:39.195000+00:00,0.0012812,16.134674,0.01471638,0.0011877,229.49097,245.20538,6615.4854,spacetrack,2026-09-04 16:10:52.194000+00:00,238.84131,6624.5947,0.0013217,25.329722500000003,-8.85947960937984,-8.63109337261795,200-250,quiet_control,5.434700084061324
58993,2026-09-06 23:14:01.801000+00:00,0.0015357,16.189295,0.02704938,0.0013192,213.7526,231.1676,6600.597,spacetrack,2026-09-05 17:30:39.195000+00:00,229.49097,6615.4854,0.0012812,29.72294611111111,-12.708056549576003,-12.021742348966573,200-250,quiet_control,4.521127420018163
59322,2026-09-02 22:00:03+00:00,0.00065824,15.882809,0.00190302,0.0025228,290.237,323.96805,6685.2397,spacetrack,2026-09-01 20:00:02+00:00,291.6047,6686.49,0.00070665,26.00027777777778,-1.26247881967069,-1.1541107466797773,250-300,quiet_control,5.653849852031495
59322,2026-09-03 22:00:02+00:00,0.00061047,15.886986,0.00180185,0.0025343,288.99133,322.8702,6684.068,spacetrack,2026-09-02 22:00:03+00:00,290.237,6685.2397,0.00065824,23.99972222222222,-1.2456844176437412,-1.1717135614994278,250-300,quiet_control,5.499994212895983
59322,2026-09-04 22:00:02+00:00,5.3308e-05,15.891973,0.00013758,0.0025447,287.52698,321.53775,6682.6694,spacetrack,2026-09-03 22:00:02+00:00,288.99133,6684.068,0.00061047,24.0,-1.4643500000000245,-1.3986000000004424,250-300,quiet_control,4.208240740740741
59322,2026-09-05 22:00:03+00:00,0.00048478,15.895728,0.00149279,0.0025593,286.37955,320.58008,6681.6167,spacetrack,2026-09-04 22:00:02+00:00,287.52698,6682.6694,5.3308e-05,24.00027777777778,-1.147416719713878,-1.0526878161134257,250-300,quiet_control,5.583361303688615
59322,2026-09-06 20:00:01.999000+00:00,0.00076628,15.899357,0.00242147,0.0025886,285.16956,319.75635,6680.6,spacetrack,2026-09-05 22:00:03+00:00,286.37955,6681.6167,0.00048478,21.999721944444442,-1.3200057743154106,-1.1091412910399598,250-300,quiet_control,4.727332399744093
59586,2026-09-02 00:00:02+00:00,0.00039825,15.692056,0.00048684,0.002857,341.91632,380.42474,6739.3076,spacetrack,2026-09-01 20:00:02+00:00,342.102,6739.6216,0.0014575,4.0,-1.1140799999999444,-1.8840000000018335,300-350,quiet_control,5.999583333333333
59586,2026-09-03 09:19:52.984000+00:00,0.00049107,15.693761,0.00060635,0.0028353,341.57578,379.78894,6738.8193,spacetrack,2026-09-02 00:00:02+00:00,341.91632,6739.3076,0.00039825,33.33082888888889,-0.24520722323602173,-0.3516024170615883,300-350,quiet_control,5.530131630556509
59586,2026-09-04 17:24:19.231000+00:00,0.00050738,15.695514,0.00063113,0.0028031,341.2926,379.06897,6738.318,spacetrack,2026-09-03 09:19:52.984000+00:00,341.57578,6738.8193,0.00049107,32.0739575,-0.21189527360321464,-0.3751080607997197,300-350,quiet_control,4.972418701718087
59586,2026-09-05 08:40:38.523000+00:00,0.00046797,15.696379,0.00058355,0.0028035,341.0431,378.82346,6738.0703,spacetrack,2026-09-04 17:24:19.231000+00:00,341.2926,6738.318,0.00050738,15.272025555555556,-0.39208944342173446,-0.38926074202612404,300-350,quiet_control,6.019560946692439
59586,2026-09-06 15:12:58.745000+00:00,0.00093928,15.700447,0.0012039,0.0027576,340.1914,377.3468,6736.9062,spacetrack,2026-09-05 08:40:38.523000+00:00,341.0431,6738.0703,0.00046797,30.538950555555555,-0.669335377547259,-0.9148447962929958,300-350,quiet_control,4.515786533521825
59878,2026-09-03 22:00:02+00:00,0.0027519,15.678137,0.00329634,0.0026829,347.0672,383.25037,6743.296,spacetrack,2026-09-02 22:00:03+00:00,348.79056,6745.2046,0.0022598,23.99972222222222,-1.7233799465271726,-1.9086220905332065,300-350,quiet_control,5.499994212895983
59878,2026-09-04 22:00:02+00:00,0.0020809,15.686006,0.00255066,0.0026481,345.05237,380.75427,6741.0405,spacetrack,2026-09-03 22:00:02+00:00,347.0672,6743.296,0.0027519,24.0,-2.0148300000000177,-2.255500000000211,300-350,quiet_control,4.208240740740741
59878,2026-09-05 22:00:03+00:00,0.0023895,15.693305,0.00303816,0.0026769,342.77338,378.85236,6738.9497,spacetrack,2026-09-04 22:00:02+00:00,345.05237,6741.0405,0.0020809,24.00027777777778,-2.2789636231062356,-2.0907758012059494,300-350,quiet_control,5.583361303688615
59878,2026-09-06 20:00:01.999000+00:00,0.0026935,15.699997,0.00354169,0.0026545,341.01453,376.78143,6737.035,spacetrack,2026-09-05 22:00:03+00:00,342.77338,6738.9497,0.0023895,21.999721944444442,-1.9187697056625628,-2.088790036349109,300-350,quiet_control,4.727332399744093
59907,2026-09-02 09:31:43.600000+00:00,0.00051308,15.72265,0.00071802,0.0028573,333.19418,371.65665,6730.5625,spacetrack,2026-09-01 18:16:56.715000+00:00,333.6939,6730.85,0.00054152,15.246356944444445,-0.7866325079296672,-0.4525671296527655,300-350,quiet_control,5.6411456033622605
59907,2026-09-03 02:17:55.353000+00:00,0.00051321,15.723673,0.00072151,0.0028629,332.86536,371.40155,6730.2705,spacetrack,2026-09-02 09:31:43.600000+00:00,333.19418,6730.5625,0.00051308,16.76993138888889,-0.470585109562756,-0.41789079737393187,300-350,quiet_control,6.200796869357098
59907,2026-09-04 01:09:54.101000+00:00,0.00053448,15.725091,0.00075677,0.0028797,332.34872,371.1087,6729.8657,spacetrack,2026-09-03 02:17:55.353000+00:00,332.86536,6730.2705,0.00051321,22.86631888888889,-0.5422543112536112,-0.4248694355743,300-350,quiet_control,5.122676647122962
59907,2026-09-05 00:01:45.417000+00:00,0.00047794,15.726514,0.00067986,0.002886,331.90143,370.74387,6729.4595,spacetrack,2026-09-04 01:09:54.101000+00:00,332.34872,6729.8657,0.00053448,22.864254444444445,-0.46950842093207235,-0.4263773403893889,300-350,quiet_control,3.821678832106147
59907,2026-09-06 08:02:09.088000+00:00,0.00046884,15.728481,0.00067257,0.002893,331.29477,370.22818,6728.8984,spacetrack,2026-09-05 00:01:45.417000+00:00,331.90143,6729.4595,0.00047794,32.00657527777778,-0.45490152800285266,-0.42073854772420044,300-350,quiet_control,5.560554662418281
60051,2026-09-02 22:00:03+00:00,0.0058215,15.883332,0.01871404,0.0001726,305.80167,308.10938,6685.0923,spacetrack,2026-09-01 20:00:02+00:00,315.90515,6695.005,0.0062359,26.00027777777778,-9.326189591991529,-9.150086858046258,300-350,quiet_control,5.653849852031495
60051,2026-09-03 22:00:02+00:00,0.0047637,15.917302,0.015677,0.0001589,296.38013,298.50162,6675.5776,spacetrack,2026-09-02 22:00:03+00:00,305.80167,6685.0923,0.0058215,23.99972222222222,-9.421649046863962,-9.514810125117819,300-350,quiet_control,5.499994212895983
60051,2026-09-04 22:00:02+00:00,0.0040577,15.952187,0.01601742,0.0001904,286.43594,288.9743,6665.8423,spacetrack,2026-09-03 22:00:02+00:00,296.38013,6675.5776,0.0047637,24.0,-9.944189999999992,-9.73529999999937,250-300,quiet_control,4.208240740740741
60051,2026-09-05 22:00:03+00:00,0.0035504,15.9870205,0.01689669,0.0001677,276.90274,279.13522,6656.156,spacetrack,2026-09-04 22:00:02+00:00,286.43594,6665.8423,0.0040577,24.00027777777778,-9.533089663314104,-9.68618789134415,250-300,quiet_control,5.583361303688615
60051,2026-09-06 16:00:01.999000+00:00,0.0033383,16.01389,0.01837763,0.0001807,269.36987,271.7727,6648.7085,spacetrack,2026-09-05 22:00:03+00:00,276.90274,6656.156,0.0035504,17.999721944444445,-10.043981821385856,-9.930153396351367,250-300,quiet_control,4.77775894346763
60210,2026-09-02 21:49:48.046000+00:00,0.0003127,15.728724,0.00042603,0.0014999,340.59988,360.785,6728.8296,spacetrack,2026-09-01 21:23:56.264000+00:00,340.85907,6729.087,0.00032173,24.431050555555558,-0.25461696728326777,-0.25285854924503925,300-350,quiet_control,5.63161633268556
60210,2026-09-03 20:43:58.158000+00:00,0.00034265,15.729625,0.00046902,0.0015051,340.30835,360.56268,6728.5728,spacetrack,2026-09-02 21:49:48.046000+00:00,340.59988,6728.8296,0.0003127,22.902808888888888,-0.3054961526310246,-0.2691023633783503,300-350,quiet_control,5.46438105505545
60210,2026-09-04 21:09:39.807000+00:00,0.0002886,15.730522,0.00039605,0.001515,339.98602,360.37283,6728.3164,spacetrack,2026-09-03 20:43:58.158000+00:00,340.30835,6728.5728,0.00034265,24.428235833333336,-0.31667943820341504,-0.25190521501385943,300-350,quiet_control,4.388051763732563
60210,2026-09-05 23:06:52.460000+00:00,0.00030156,15.731461,0.00041566,0.0015186,339.69473,360.12918,6728.049,spacetrack,2026-09-04 21:09:39.807000+00:00,339.98602,6728.3164,0.0002886,25.953514722222224,-0.26936467275525516,-0.24727286722743747,300-350,quiet_control,5.399506594338063
60210,2026-09-06 20:29:12.755000+00:00,0.00033508,15.732281,0.00046389,0.0015213,339.44302,359.9131,6727.815,spacetrack,2026-09-05 23:06:52.460000+00:00,339.69473,6728.049,0.00030156,21.372304166666666,-0.2826574033801175,-0.26276998288130676,300-350,quiet_control,4.794193861616985
60246,2026-09-05 13:37:50.233000+00:00,0.00065448,15.697887,0.00078788,0.0014749,349.56406,369.43875,6737.638,spacetrack,2026-09-04 20:48:04.205000+00:00,349.92828,6737.951,0.0005633,16.829452222222223,-0.5194037146650221,-0.4463603390538954,300-350,quiet_control,6.758960168176069
60246,2026-09-06 14:06:27.741000+00:00,0.00057652,15.699489,0.00069786,0.0014898,349.00635,369.08044,6737.18,spacetrack,2026-09-05 13:37:50.233000+00:00,349.56406,6737.638,0.00065448,24.477085555555558,-0.5468396133036215,-0.44907307183457723,300-350,quiet_control,4.14205472083936
60491,2026-09-02 19:34:05.856000+00:00,0.0010397,15.795017,0.00191746,0.0003879,329.24872,334.45435,6709.989,spacetrack,2026-09-01 19:14:15.174000+00:00,330.45767,6711.0957,0.0010254,24.330745,-1.1925158888476444,-1.0916558453103908,300-350,quiet_control,5.630097639837991
60491,2026-09-03 16:51:10.632000+00:00,0.00098209,15.798267,0.00183609,0.0003841,328.35428,333.5082,6709.0684,spacetrack,2026-09-02 19:34:05.856000+00:00,329.24872,6709.989,0.0010397,21.28466,-1.0085460608719798,-1.038043360804787,300-350,quiet_control,5.295267107860778
60491,2026-09-04 17:10:22.052000+00:00,0.00095668,15.802053,0.00181921,0.000405,327.14276,332.57626,6707.9966,spacetrack,2026-09-03 16:51:10.632000+00:00,328.35428,6709.0684,0.00098209,24.31983888888889,-1.1955868676944432,-1.057704375325667,300-350,quiet_control,5.025850089010549
60491,2026-09-05 11:24:31.874000+00:00,0.00098422,15.804904,0.00189781,0.0004274,326.18628,331.9196,6707.19,spacetrack,2026-09-04 17:10:22.052000+00:00,327.14276,6707.9966,0.00095668,18.236061666666668,-1.2587981122020395,-1.0615449955076652,300-350,quiet_control,6.1151576922782835
60491,2026-09-06 23:52:14.237000+00:00,0.0010584,15.811102,0.00210465,0.000459,324.22214,330.37775,6705.437,spacetrack,2026-09-05 11:24:31.874000+00:00,326.18628,6707.19,0.00098422,36.4617675,-1.292843524384814,-1.1538661695430106,300-350,quiet_control,4.45293144692207
60508,2026-09-02 18:53:15.176000+00:00,0.00076653,15.956728,0.0030576,0.0005612,282.70032,290.18063,6664.5776,spacetrack,2026-09-01 18:48:04.482000+00:00,284.60632,6666.395,0.00081114,24.08630388888889,-1.8991705913459822,-1.8108880549389967,250-300,quiet_control,5.626343666445571
60508,2026-09-03 18:57:50.006000+00:00,0.00072774,15.96333,0.00300809,0.000565,280.83813,288.36703,6662.7397,spacetrack,2026-09-02 18:53:15.176000+00:00,282.70032,6664.5776,0.00076653,24.076341666666668,-1.8562853368157726,-1.8320723559533936,250-300,quiet_control,5.417016520251612
60508,2026-09-04 17:31:34.046000+00:00,0.00078789,15.970084,0.00337911,0.0005745,278.89737,286.55072,6660.861,spacetrack,2026-09-03 18:57:50.006000+00:00,280.83813,6662.7397,0.00072774,22.56223333333333,-2.0644339286742706,-1.9984191872260724,250-300,quiet_control,4.844600810301975
60508,2026-09-05 17:34:55.988000+00:00,0.0008211,15.977148,0.00366121,0.000596,276.79184,284.72925,6658.8975,spacetrack,2026-09-04 17:31:34.046000+00:00,278.89737,6660.861,0.00078789,24.056095,-2.1006202378233487,-1.958921429267558,250-300,quiet_control,5.616547074660289
60508,2026-09-06 19:07:47.556000+00:00,0.00085574,15.985152,0.00398916,0.0006221,274.39633,282.67856,6656.6743,spacetrack,2026-09-05 17:34:55.988000+00:00,276.79184,6658.8975,0.0008211,25.54765777777778,-2.2503918167405836,-2.0885202261641465,250-300,quiet_control,4.29060163462691
60520,2026-09-02 06:24:13.519000+00:00,0.00064343,15.817615,0.0013053,0.0002963,323.47302,327.44556,6703.596,spacetrack,2026-09-01 19:46:30.379000+00:00,323.93726,6703.9736,0.00066415,10.62865,-1.0482761216146046,-0.8526388581820907,300-350,quiet_control,4.702682451048188
60520,2026-09-03 18:50:19.096000+00:00,0.00068092,15.821837,0.00141038,0.0003123,322.17316,326.35947,6702.4033,spacetrack,2026-09-02 06:24:13.519000+00:00,323.47302,6703.596,0.00064343,36.4348825,-0.8562300152882494,-0.7856427147800051,300-350,quiet_control,5.742756737158256
60520,2026-09-05 17:53:09.237000+00:00,0.00069236,15.827169,0.00147116,0.0003488,320.4236,325.09814,6700.898,spacetrack,2026-09-03 18:50:19.096000+00:00,322.17316,6702.4033,0.00068092,47.04726138888889,-0.8924948819638625,-0.7678916675164325,300-350,quiet_control,5.2266875186695385
60520,2026-09-06 19:40:45.658000+00:00,0.00067663,15.830163,0.00145771,0.0003604,319.5014,324.3308,6700.053,spacetrack,2026-09-05 17:53:09.237000+00:00,320.4236,6700.898,0.00069236,25.79345027777778,-0.8580783013379631,-0.7862461121565518,300-350,quiet_control,4.353985105671906
61642,2026-09-02 22:00:03+00:00,0.0007696,15.745836,0.00119401,0.002531,328.7979,362.83456,6723.953,spacetrack,2026-09-01 20:00:02+00:00,329.5059,6724.524,0.00080425,26.00027777777778,-0.653531479364509,-0.5270712919732957,300-350,quiet_control,5.653849852031495
61642,2026-09-03 08:00:02+00:00,0.00079642,15.746608,0.00124008,0.0025032,328.7657,362.4274,6723.7334,spacetrack,2026-09-02 22:00:03+00:00,328.7979,6723.953,0.0007696,9.999722222222223,-0.07728214672640775,-0.5270546404075301,300-350,quiet_control,5.699824995138754
61642,2026-09-04 13:03:21.374000+00:00,0.00056274,15.749125,0.00088163,0.0025497,327.73865,362.022,6723.0176,spacetrack,2026-09-03 08:00:02+00:00,328.7657,6723.7334,0.00079642,29.055381666666666,-0.8483523046705594,-0.5912570757832186,300-350,quiet_control,5.137706369064886
61642,2026-09-05 04:16:31.982000+00:00,0.00056892,15.75028,0.00089638,0.0025696,327.27673,361.826,6722.6885,spacetrack,2026-09-04 13:03:21.374000+00:00,327.73865,6723.0176,0.00056274,15.219613333333333,-0.7284074672068208,-0.5189619359579581,300-350,quiet_control,4.403983142512309
61642,2026-09-06 12:13:58.619000+00:00,0.00057229,15.752867,0.0009127,0.0025974,326.35605,361.27527,6721.9526,spacetrack,2026-09-05 04:16:31.982000+00:00,327.27673,6722.6885,0.00056892,31.95739916666667,-0.6914304848389473,-0.5526607440081053,300-350,quiet_control,5.096101253268272
61915,2026-09-02 22:35:55.266000+00:00,0.00086342,16.050852,0.00619824,0.0003225,258.21948,262.5013,6638.4976,spacetrack,2026-09-01 01:45:59.099000+00:00,266.0896,6646.2144,9.6581e-06,44.832268611111104,-4.2131010955173664,-4.1310244994852505,250-300,quiet_control,6.212633290107813
61915,2026-09-03 16:30:49.460000+00:00,0.0012263,16.061005,0.00934801,0.0003813,255.03244,260.09283,6635.6997,spacetrack,2026-09-02 22:35:55.266000+00:00,258.21948,6638.4976,0.00086342,17.915053888888888,-4.269535580210479,-3.7482220492586213,250-300,quiet_control,5.162715329072878
61915,2026-09-04 13:24:01.342000+00:00,0.00087124,16.07284,0.00717393,0.0004078,251.59975,257.00916,6632.4414,spacetrack,2026-09-03 16:30:49.460000+00:00,255.03244,6635.6997,0.0012263,20.886633888888888,-3.944367504992104,-3.743982894324099,250-300,quiet_control,5.358423533008524
61915,2026-09-05 10:16:12.003000+00:00,0.0013198,16.08864,0.01192524,0.0004174,247.19499,252.72812,6628.0986,spacetrack,2026-09-04 13:24:01.342000+00:00,251.59975,6632.4414,0.00087124,20.869628055555552,-5.065458747927174,-4.99420496247134,250-300,quiet_control,5.552956748244235
61915,2026-09-06 12:58:41.886000+00:00,0.0033313,16.245733,0.09800687,0.0003585,204.80316,209.52481,6585.301,spacetrack,2026-09-05 10:16:12.003000+00:00,247.19499,6628.0986,0.0013198,26.708300833333332,-38.09317284348646,-38.45779656330928,200-250,quiet_control,4.343275269508128
62204,2026-09-02 21:22:35+00:00,0.00085417,15.760116,0.0014246,0.0028787,322.40964,361.09875,6719.891,spacetrack,2026-09-01 20:00:02+00:00,323.18777,6720.391,7.9301e-05,25.375833333333333,-0.7359411513578966,-0.47289087386292733,300-350,quiet_control,5.645331844602804
62204,2026-09-03 04:58:51.955000+00:00,0.0014635,15.761239,0.00248159,0.0027917,322.67572,360.1938,6719.572,spacetrack,2026-09-02 21:22:35+00:00,322.40964,6719.891,0.00085417,7.604709722222223,0.8397322492585084,-1.0067445411645397,300-350,quiet_control,6.6624582609716825
62204,2026-09-04 06:50:06.952000+00:00,0.00099195,15.763426,0.00168222,0.0028005,321.9969,359.62973,6718.95,spacetrack,2026-09-03 04:58:51.955000+00:00,322.67572,6719.572,0.0014635,25.854165833333333,-0.6301375223251697,-0.5773924440741671,300-350,quiet_control,4.928283672144518
62204,2026-09-05 11:43:37.825000+00:00,0.00094317,15.764972,0.00160849,0.0027813,321.68802,359.06042,6718.511,spacetrack,2026-09-04 06:50:06.952000+00:00,321.9969,6718.95,0.00099195,28.891909166666668,-0.2565811749315761,-0.36466956680526874,300-350,quiet_control,5.529200461570975
62204,2026-09-06 16:00:01.999000+00:00,0.00056091,15.767124,0.00095652,0.002763,321.20126,358.32437,6717.9,spacetrack,2026-09-05 11:43:37.825000+00:00,321.68802,6718.511,0.00094317,28.273381666666666,-0.4131886357892961,-0.5186503748614976,300-350,quiet_control,4.2057738956549375
62459,2026-09-02 16:39:35.617000+00:00,0.00065536,15.870349,0.00176086,0.0007608,305.51236,315.68994,6688.7383,spacetrack,2026-09-01 17:59:03.837000+00:00,306.56866,6689.695,0.00075192,22.675494444444443,-1.1179998770087074,-1.0125821095653738,300-350,quiet_control,5.721294402743636
62459,2026-09-03 16:50:30.191000+00:00,0.00063578,15.873949,0.00173853,0.0007908,304.30118,314.87848,6687.727,spacetrack,2026-09-02 16:39:35.617000+00:00,305.51236,6688.7383,0.00065536,24.18182611111111,-1.2020729892952107,-1.0036959114866304,300-350,quiet_control,5.26886362111197
62459,2026-09-04 20:02:22.761000+00:00,0.00058607,15.878035,0.00163311,0.0008181,302.9722,313.91278,6686.5796,spacetrack,2026-09-03 16:50:30.191000+00:00,304.30118,6687.727,0.00063578,27.19793611111111,-1.1727183956053868,-1.012488590586333,300-350,quiet_control,4.782298503654842
62459,2026-09-05 17:11:19.773000+00:00,0.0006092,15.881201,0.0017269,0.0008408,301.93246,313.17514,6685.691,spacetrack,2026-09-04 20:02:22.761000+00:00,302.9722,6686.5796,0.00058607,21.14917,-1.1798931116445643,-1.0083799978914243,300-350,quiet_control,6.017195198046386
62459,2026-09-06 15:50:38.450000+00:00,0.00063023,15.884575,0.00181924,0.0008599,300.85883,312.35526,6684.744,spacetrack,2026-09-05 17:11:19.773000+00:00,301.93246,6685.691,0.0006092,22.655188055555556,-1.1373606759216837,-1.0032139192254192,300-350,quiet_control,4.288394771288407
62460,2026-09-02 16:44:24.460000+00:00,0.00064011,15.869039,0.00170774,0.0007691,305.8246,316.11377,6689.106,spacetrack,2026-09-01 18:03:46.073000+00:00,307.0672,6690.0693,0.00069508,22.677329722222222,-1.315075468112854,-1.0194851106015825,300-350,quiet_control,5.714240801940392
62460,2026-09-03 16:55:26.269000+00:00,0.00063265,15.872616,0.00171827,0.0008006,304.60983,315.31882,6688.1016,spacetrack,2026-09-02 16:44:24.460000+00:00,305.8246,6689.106,0.00064011,24.183835833333333,-1.2055358050278842,-0.9967649535054246,300-350,quiet_control,5.275559734808635
62460,2026-09-04 20:07:27.153000+00:00,0.00057744,15.876657,0.00159734,0.0008178,303.36072,314.2979,6686.9663,spacetrack,2026-09-03 16:55:26.269000+00:00,304.60983,6688.1016,0.00063265,27.200245555555558,-1.102145932424361,-1.0017262507555866,300-350,quiet_control,4.773076241836216
62460,2026-09-05 20:17:47.262000+00:00,0.00057729,15.880194,0.00162606,0.0008442,302.192,313.4806,6685.973,spacetrack,2026-09-04 20:07:27.153000+00:00,303.36072,6686.9663,0.00057744,24.1722525,-1.1603916515434456,-0.9862217019287783,300-350,quiet_control,5.511290097326814
62460,2026-09-06 15:55:56.830000+00:00,0.00060306,15.883097,0.00172585,0.0008578,301.2873,312.75635,6685.1587,spacetrack,2026-09-05 20:17:47.262000+00:00,302.192,6685.973,0.00057729,19.63599111111111,-1.1057654221341293,-0.995274437099407,300-350,quiet_control,4.644758417536234
62607,2026-09-02 00:00:02+00:00,0.00056093,15.691209,0.00068558,0.0027534,342.8565,379.96985,6739.5503,spacetrack,2026-09-01 20:00:02+00:00,342.80347,6739.6543,0.00072957,4.0,0.31817999999987023,-0.6240000000016153,300-350,quiet_control,5.999583333333333
62607,2026-09-03 13:28:46.459000+00:00,0.00083139,15.693392,0.00103144,0.0027313,342.38196,379.19403,6738.925,spacetrack,2026-09-02 00:00:02+00:00,342.8565,6739.5503,0.00056093,37.47901638888889,-0.30387563755211483,-0.4004160579956363,300-350,quiet_control,5.400253596718146
62607,2026-09-04 13:55:04.318000+00:00,0.00075723,15.694859,0.00094171,0.0025829,342.96344,377.7732,6738.5054,spacetrack,2026-09-03 13:28:46.459000+00:00,342.38196,6738.925,0.00083139,24.438294166666665,0.5710513141721251,-0.4120745879939516,300-350,quiet_control,5.368274476877189
62607,2026-09-05 20:27:47.608000+00:00,0.0010694,15.696414,0.00134961,0.0027194,341.59958,378.24655,6738.06,spacetrack,2026-09-04 13:55:04.318000+00:00,342.96344,6738.5054,0.00075723,30.545358333333333,-1.0716076610657883,-0.3499582451558714,300-350,quiet_control,4.954504598762005
62607,2026-09-06 04:05:56.572000+00:00,0.00073643,15.696811,0.00092572,0.0027664,341.16974,378.44943,6737.947,spacetrack,2026-09-05 20:27:47.608000+00:00,341.59958,6738.06,0.0010694,7.635823333333334,-1.351021304404237,-0.35516798668820393,300-350,quiet_control,4.396224026485683
62618,2026-09-02 19:05:39.526000+00:00,0.0012349,15.861795,0.0031527,0.0004511,309.9872,316.02396,6691.1426,spacetrack,2026-09-01 18:51:51.007000+00:00,311.80795,6692.855,0.0012669,24.230144166666665,-1.8034560462960834,-1.6961351825765965,300-350,quiet_control,5.628561846842773
62618,2026-09-03 17:48:05.767000+00:00,0.0011427,15.867468,0.00299276,0.0004621,308.31943,314.5019,6689.548,spacetrack,2026-09-02 19:05:39.526000+00:00,309.9872,6691.1426,0.0012349,22.707289166666666,-1.762715034199514,-1.685379514882289,300-350,quiet_control,5.339419166686821
62618,2026-09-05 19:43:42.455000+00:00,0.0011356,15.880446,0.00317669,0.0006076,303.70306,311.8278,6685.9023,spacetrack,2026-09-03 17:48:05.767000+00:00,308.31943,6689.548,0.0011427,49.92685777777778,-2.219103803670854,-1.7524996343540216,300-350,quiet_control,5.140465857477022
62618,2026-09-06 19:55:13.250000+00:00,0.0011919,15.887198,0.00332211,0.0006264,301.68427,310.05798,6684.0083,spacetrack,2026-09-05 19:43:42.455000+00:00,303.70306,6685.9023,0.0011356,24.1918875,-2.002777170652733,-1.8789769917698138,300-350,quiet_control,4.549672442420579
62628,2026-09-02 12:29:17.734000+00:00,0.00025123,14.538072,0.0001188,0.0575738,304.9634,1121.5186,7091.378,spacetrack,2026-09-01 16:39:54.130000+00:00,305.00677,7091.447,0.00025942,19.823223333333335,-0.05250811043684579,-0.0835383818344689,300-350,quiet_control,5.848662351750061
62628,2026-09-03 13:16:01.053000+00:00,0.00026653,14.538341,0.0001263,0.0575739,304.88025,1121.4268,7091.2905,spacetrack,2026-09-02 12:29:17.734000+00:00,304.9634,7091.378,0.00025123,24.778699722222225,-0.08053691365451396,-0.08475020979845567,300-350,quiet_control,5.222438651638063
62628,2026-09-04 23:57:23.189000+00:00,0.00026141,14.538739,0.00012402,0.0575679,304.80063,1121.2471,7091.1606,spacetrack,2026-09-03 13:16:01.053000+00:00,304.88025,7091.2905,0.00026653,34.689482222222225,-0.05508528457583417,-0.08987162102986412,300-350,quiet_control,4.571359293534186
62628,2026-09-05 19:46:43.072000+00:00,0.00028575,14.538975,0.00013583,0.0575665,304.73843,1121.1562,7091.0845,spacetrack,2026-09-04 23:57:23.189000+00:00,304.80063,7091.1606,0.00026141,19.822189722222223,-0.075309540515945,-0.09213916452216384,300-350,quiet_control,6.237675109416869
62628,2026-09-06 23:51:34.419000+00:00,0.00030719,14.539331,0.00014631,0.0575607,304.67026,1120.9924,7090.9683,spacetrack,2026-09-05 19:46:43.072000+00:00,304.73843,7091.0845,0.00028575,28.08092972222222,-0.05826302818974993,-0.099312951087249,300-350,quiet_control,4.757680892312178
62638,2026-09-02 19:35:02.288000+00:00,0.0014522,16.060217,0.0104823,0.0011888,249.8908,265.66833,6635.9165,spacetrack,2026-09-01 19:38:31.977000+00:00,255.69608,6641.5625,0.0015275,23.941753055555555,-5.81940343619364,-5.659735930178703,250-300,quiet_control,5.6240876773260515
62638,2026-09-03 17:59:59.254000+00:00,0.0014815,16.082123,0.01221295,0.0012621,243.3843,260.11945,6629.8887,spacetrack,2026-09-02 19:35:02.288000+00:00,249.8908,6635.9165,0.0014522,22.415823888888887,-6.966328820838214,-6.453798027548972,200-250,quiet_control,5.330829860443576
62638,2026-09-04 19:21:50.115000+00:00,0.0014654,16.112137,0.01452117,0.0012714,235.09734,251.93488,6621.6533,spacetrack,2026-09-03 17:59:59.254000+00:00,243.3843,6629.8887,0.0014815,25.364128055555557,-7.84127250754978,-7.7924854963315,200-250,quiet_control,4.774183664744986
62638,2026-09-05 17:42:03.130000+00:00,0.0015991,16.145308,0.01914078,0.001345,225.54935,243.33719,6612.58,spacetrack,2026-09-04 19:21:50.115000+00:00,235.09734,6621.6533,0.0014654,22.33694861111111,-10.258865881350175,-9.748833817510778,200-250,quiet_control,5.833830692705652
62638,2026-09-06 21:55:04.719000+00:00,0.0013743,16.201593,0.02667025,0.0014532,209.53224,228.70651,6597.2563,spacetrack,2026-09-05 17:42:03.130000+00:00,225.54935,6612.58,0.0015991,28.217108055555556,-13.623318138880464,-13.033539768707426,200-250,quiet_control,4.469137158309268
62756,2026-09-02 15:29:50.414000+00:00,0.00091425,15.777344,0.00160753,0.0001792,335.65814,338.0648,6714.9985,spacetrack,2026-09-01 18:13:34.725000+00:00,336.02634,6714.976,0.00052829,21.271024722222222,-0.41543837757698976,0.02538664719037844,300-350,quiet_control,5.812201128219689
62756,2026-09-03 17:19:35.162000+00:00,0.00059988,15.777102,0.00104492,0.000161,335.8488,338.01105,6715.067,spacetrack,2026-09-02 15:29:50.414000+00:00,335.65814,6714.9985,0.00091425,25.82909666666667,0.17715834429102564,0.06364914813800465,300-350,quiet_control,5.225473278692975
62756,2026-09-04 17:38:10.183000+00:00,0.00061138,15.777146,0.00106552,0.0001703,335.774,338.06113,6715.0547,spacetrack,2026-09-03 17:19:35.162000+00:00,335.8488,6715.067,0.00059988,24.309728055555553,-0.07384697993728923,-0.012143286808191612,300-350,quiet_control,4.949200594947009
62756,2026-09-05 22:30:14.593000+00:00,0.0011333,15.777403,0.00200383,0.0001479,335.85162,337.83792,6714.982,spacetrack,2026-09-04 17:38:10.183000+00:00,335.774,6715.0547,0.00061138,28.86789166666667,0.06453121071365343,-0.06044085311598335,300-350,quiet_control,5.117931446519639
62756,2026-09-06 16:44:10.928000+00:00,0.00085799,15.777262,0.00150593,0.0001655,335.77347,337.99612,6715.022,spacetrack,2026-09-05 22:30:14.593000+00:00,335.85162,6714.982,0.0011333,18.23231527777778,-0.10287228864933376,0.05265376258434991,300-350,quiet_control,4.727479253678622
62757,2026-09-02 10:59:56.367000+00:00,0.0010956,15.768362,0.00185707,0.0002059,338.028,340.7943,6717.5483,spacetrack,2026-09-01 16:45:21.797000+00:00,337.5946,6717.626,0.0014822,18.242936111111113,0.5701713768358212,-0.10222038758662083,300-350,quiet_control,5.780681731147991
62757,2026-09-03 15:52:51.429000+00:00,0.0010258,15.770364,0.00175192,0.0001758,337.6618,340.0235,6716.9795,spacetrack,2026-09-02 10:59:56.367000+00:00,338.028,6717.5483,0.0010956,28.88196166666667,-0.304300660094815,-0.4726548756470169,300-350,quiet_control,5.307561201550426
62757,2026-09-04 08:36:02.589000+00:00,0.00097541,15.771086,0.00166943,0.0002789,336.7643,340.51093,6716.7744,spacetrack,2026-09-03 15:52:51.429000+00:00,337.6618,6716.9795,0.0010258,16.71976666666667,-1.2882954905671054,-0.29440602241277936,300-350,quiet_control,5.3300481665414
62757,2026-09-05 13:28:40.112000+00:00,0.0011872,15.772874,0.00205859,0.0001075,337.40808,338.85208,6716.267,spacetrack,2026-09-04 08:36:02.589000+00:00,336.7643,6716.7744,0.00097541,28.877089722222223,0.5350511477654132,-0.42170454561557763,300-350,quiet_control,5.60950460506836
62757,2026-09-06 22:54:38.959000+00:00,0.0015452,15.775564,0.00273502,0.0001781,336.17035,338.5624,6715.5034,spacetrack,2026-09-05 13:28:40.112000+00:00,337.40808,6716.267,0.0011872,33.433013055555556,-0.8885086112531464,-0.5481528084098327,300-350,quiet_control,4.339300408884774
63117,2026-09-02 19:17:56.824000+00:00,0.00075445,15.962181,0.00335044,0.002611,267.52524,302.31973,6663.0596,spacetrack,2026-09-01 19:16:00.759000+00:00,269.5013,6665.045,0.00077758,24.032240277777777,-1.973409031027955,-1.9827365010191071,250-300,quiet_control,5.625503078532294
63117,2026-09-03 19:19:14.327000+00:00,0.0007632,15.969379,0.00352762,0.0025886,265.67715,300.16278,6661.057,spacetrack,2026-09-02 19:17:56.824000+00:00,267.52524,6663.0596,0.00075445,24.021528611111112,-1.8464337019536878,-2.0008052267649643,250-300,quiet_control,5.430537755004328
63117,2026-09-04 19:19:51.353000+00:00,0.00077441,15.977084,0.00373736,0.0025641,263.70416,297.85242,6658.915,spacetrack,2026-09-03 19:19:14.327000+00:00,265.67715,6661.057,0.0007632,24.010285,-1.9721448537574442,-2.1410824569552513,250-300,quiet_control,4.654183382015018
63117,2026-09-05 19:19:46.651000+00:00,0.00083653,15.985067,0.00422508,0.0025423,261.63785,295.4845,6656.698,spacetrack,2026-09-04 19:19:51.353000+00:00,263.70416,6658.915,0.00077441,23.998693888888887,-2.066422457388814,-2.217120658579929,250-300,quiet_control,5.569738795275642
63117,2026-09-06 19:18:58.107000+00:00,0.00076245,15.993194,0.00403227,0.00252,259.5367,293.0751,6654.443,spacetrack,2026-09-05 19:19:46.651000+00:00,261.63785,6656.698,0.00083653,23.986515555555556,-2.102331198677201,-2.256267688178986,250-300,quiet_control,4.470744998208252
64093,2026-09-02 21:55:36.891000+00:00,0.00034307,15.617553,0.00032389,0.0060071,341.97437,423.19907,6760.7236,spacetrack,2026-09-01 21:19:20.320000+00:00,342.1075,6760.931,0.00037067,24.604603055555554,-0.1298586281918669,-0.20230360915576268,300-350,quiet_control,5.6342147857586395
64093,2026-09-03 20:59:33.704000+00:00,0.00036587,15.618247,0.00034644,0.0059971,341.84268,422.92975,6760.5234,spacetrack,2026-09-02 21:55:36.891000+00:00,341.97437,6760.7236,0.00034307,23.065781388888887,-0.1370237559575439,-0.20830857272929343,300-350,quiet_control,5.479432140537475
64093,2026-09-04 21:35:42.132000+00:00,0.00031533,15.618958,0.00029901,0.0059848,341.72186,422.64017,6760.318,spacetrack,2026-09-03 20:59:33.704000+00:00,341.84268,6760.5234,0.00036587,24.602341111111112,-0.11786195414915035,-0.20037117515493263,300-350,quiet_control,4.318337184442294
64093,2026-09-05 22:11:46.704000+00:00,0.00034456,15.619649,0.00032768,0.0059676,341.64014,422.32352,6760.1187,spacetrack,2026-09-04 21:35:42.132000+00:00,341.72186,6760.318,0.00031533,24.60127,-0.07972271350220711,-0.1944289867964259,300-350,quiet_control,5.511713555167408
64093,2026-09-06 19:43:17.331000+00:00,0.00034803,15.62029,0.00033178,0.0059595,341.51096,422.0826,6759.9336,spacetrack,2026-09-05 22:11:46.704000+00:00,341.64014,6760.1187,0.00034456,21.525174166666666,-0.14403228405929358,-0.20638160535174754,300-350,quiet_control,4.717437245668434
64230,2026-09-02 10:52:30.921000+00:00,0.00082619,15.79978,0.00158009,0.0008373,324.8859,336.12018,6708.64,spacetrack,2026-09-01 18:10:08.329000+00:00,325.40985,6709.3257,0.0008947,16.706275555555553,-0.7526991852961903,-0.9850669555445791,300-350,quiet_control,5.753102111062988
64230,2026-09-03 17:14:38.288000+00:00,0.00082118,15.803991,0.00160105,0.000789,324.01895,334.60333,6707.448,spacetrack,2026-09-02 10:52:30.921000+00:00,324.8859,6708.64,0.00082619,30.368713055555556,-0.6851393393567942,-0.9420221379702727,300-350,quiet_control,5.345535130284442
64230,2026-09-04 09:56:35.795000+00:00,0.00084622,15.806388,0.00166935,0.0007539,323.5768,333.6893,6706.77,spacetrack,2026-09-03 17:14:38.288000+00:00,324.01895,6707.448,0.00082118,16.6993075,-0.6354515000098439,-0.9744116634774949,300-350,quiet_control,5.281407327818831
64230,2026-09-05 02:38:24.400000+00:00,0.00070022,15.808656,0.00139012,0.0007267,323.11835,332.86505,6706.129,spacetrack,2026-09-04 09:56:35.795000+00:00,323.5768,6706.77,0.00084622,16.696834722222224,-0.6589751999734059,-0.9213722394663109,300-350,quiet_control,4.002023171224819
64230,2026-09-06 21:07:48.616000+00:00,0.00086001,15.814656,0.0017638,0.0006555,321.90042,330.68994,6704.432,spacetrack,2026-09-05 02:38:24.400000+00:00,323.11835,6706.129,0.00070022,42.49005999999999,-0.6879331307134087,-0.9585300656201192,300-350,quiet_control,5.231817721342095
64243,2026-09-02 23:19:16.159000+00:00,0.00059146,15.926204,0.0020944,0.0012282,286.75723,303.14902,6673.0903,spacetrack,2026-09-01 20:00:02+00:00,288.43323,6674.59,0.00075805,27.320599722222223,-1.4722956453727485,-1.3174234960417501,250-300,quiet_control,5.670578241637957
64243,2026-09-03 21:53:39.218000+00:00,0.00062705,15.9305525,0.00227488,0.0012537,285.3741,302.10318,6671.8755,spacetrack,2026-09-02 23:19:16.159000+00:00,286.75723,6673.0903,0.00059146,22.573071944444443,-1.4705628051732522,-1.2915920381483255,250-300,quiet_control,5.468393135434392
64243,2026-09-04 22:00:02+00:00,0.00061561,15.935369,0.00229317,0.0013117,283.64474,301.1442,6670.5312,spacetrack,2026-09-03 21:53:39.218000+00:00,285.3741,6671.8755,0.00062705,24.106328333333334,-1.7217321288455438,-1.3383705537347057,250-300,quiet_control,4.216143842911143
64243,2026-09-05 22:00:03+00:00,0.00060069,15.940285,0.00229819,0.0013437,282.06134,299.98404,6669.1597,spacetrack,2026-09-04 22:00:02+00:00,283.64474,6670.5312,0.00061561,24.00027777777778,-1.5833816738232596,-1.3714841263413267,250-300,quiet_control,5.583361303688615
64243,2026-09-06 20:00:01.999000+00:00,0.00072745,15.944698,0.00285685,0.0013673,280.6749,298.909,6667.9287,spacetrack,2026-09-05 22:00:03+00:00,282.06134,6669.1597,0.00060069,21.999721944444442,-1.5124991163082684,-1.342926064002146,250-300,quiet_control,4.727332399744093
65015,2026-09-03 22:00:50.208000+00:00,0.00072252,15.752627,0.00111703,0.0001014,343.2021,344.5653,6722.0205,spacetrack,2026-09-02 23:10:23.851000+00:00,343.15228,6722.122,0.00065868,22.840654722222222,0.052348762088487585,-0.10665193400283848,300-350,quiet_control,5.474621014767807
65015,2026-09-04 22:22:37.953000+00:00,0.00040513,15.752485,0.00061943,0.0001045,343.22147,344.62637,6722.061,spacetrack,2026-09-03 22:00:50.208000+00:00,343.2021,6722.0205,0.00072252,24.363262499999998,0.019081188326107938,0.039896134600264296,300-350,quiet_control,4.173116729885143
65015,2026-09-05 22:44:24.127000+00:00,0.00061723,15.751955,0.0009486,0.0001373,343.15192,344.99783,6722.212,spacetrack,2026-09-04 22:22:37.953000+00:00,343.22147,6722.061,0.00040513,24.36282611111111,-0.06851421885076582,0.14875121562211516,300-350,quiet_control,5.590719326098982
65015,2026-09-06 20:03:30.051000+00:00,0.00088179,15.752493,0.00136795,0.0001147,343.15088,344.69293,6722.059,spacetrack,2026-09-05 22:44:24.127000+00:00,343.15192,6722.212,0.00061723,21.31831222222222,-0.0011708243945823776,-0.17224628111873896,300-350,quiet_control,4.756002390433139
65267,2026-09-02 11:03:37.289000+00:00,0.00014696,15.964463,0.00060677,0.0005377,280.70502,287.8698,6662.4243,spacetrack,2026-09-01 12:29:37.638000+00:00,280.99237,6662.3945,0.00014433,22.566569722222223,-0.30560249452573723,0.03169289833535898,250-300,quiet_control,5.936479921608724
65268,2026-09-02 21:58:04.496000+00:00,0.00014588,15.963862,0.00059998,0.0004485,281.46628,287.44263,6662.5913,spacetrack,2026-09-01 12:52:10.914000+00:00,281.31082,6662.541,0.00017856,33.09821722222222,0.1127263131711847,0.03647326355652124,250-300,quiet_control,5.7924450647232755
65268,2026-09-03 11:30:27.278000+00:00,0.00014529,15.9645815,0.0005999,0.0004511,281.24905,287.25986,6662.3916,spacetrack,2026-09-02 21:58:04.496000+00:00,281.46628,6662.5913,0.00014588,13.539661666666666,-0.38505541189662923,-0.3539822573116659,250-300,quiet_control,5.186452755199734
65268,2026-09-05 07:08:10.689000+00:00,0.00013316,15.964145,0.00054805,0.0004698,281.2461,287.5062,6662.513,spacetrack,2026-09-03 11:30:27.278000+00:00,281.24905,6662.3916,0.00014529,43.628725277777775,-0.0016227840613996752,0.06678168984881844,250-300,quiet_control,5.315851130980468
65268,2026-09-06 20:44:51.341000+00:00,0.00014313,15.964141,0.00058976,0.0005472,280.73132,288.02277,6662.514,spacetrack,2026-09-05 07:08:10.689000+00:00,281.2461,6662.513,0.00013316,37.611292222222225,-0.3284843266486088,0.0006381062331782714,250-300,quiet_control,4.613812516944157
65269,2026-09-02 13:19:01.752000+00:00,0.0001217,15.964716,0.00050189,0.0004388,281.29367,287.14056,6662.354,spacetrack,2026-09-01 22:16:23.601000+00:00,281.62424,6662.5938,0.00011598,15.043930833333333,-0.5273674871211365,-0.38255958922870514,250-300,quiet_control,5.800584033971175
65269,2026-09-06 19:37:10.851000+00:00,0.00019179,15.963673,0.00079061,0.0006269,280.3305,288.68414,6662.6445,spacetrack,2026-09-05 07:30:45.478000+00:00,280.83096,6662.336,0.00017057,36.10704805555556,-0.3326508437222609,0.20505691821192965,250-300,quiet_control,4.545640377552327
65270,2026-09-02 01:39:27.480000+00:00,0.00012066,15.964423,0.00049697,0.00052,280.83408,287.763,6662.4355,spacetrack,2026-09-01 22:38:55.836000+00:00,280.85806,6662.4634,0.00012584,3.00879,-0.1912795509162267,-0.22254793455212318,250-300,quiet_control,4.347209343290825
65270,2026-09-03 01:43:43.924000+00:00,0.0001335,15.964354,0.00055037,0.000553,280.63367,288.00235,6662.455,spacetrack,2026-09-02 01:39:27.480000+00:00,280.83408,6662.4355,0.00012066,24.071234444444446,-0.19981692302072748,0.019442293293605695,250-300,quiet_control,6.048169666412806
65270,2026-09-04 06:18:48.171000+00:00,0.00014563,15.964541,0.00060155,0.0005653,280.49936,288.03186,6662.403,spacetrack,2026-09-03 01:43:43.924000+00:00,280.63367,6662.455,0.0001335,28.584513055555558,-0.11276875676469875,-0.04366000559697346,250-300,quiet_control,5.061961806105049
65270,2026-09-05 22:56:01.699000+00:00,0.00014406,15.963905,0.00059322,0.0006347,280.2139,288.6714,6662.5796,spacetrack,2026-09-04 06:18:48.171000+00:00,280.49936,6662.403,0.00014563,40.62042444444444,-0.16865998063043414,0.10434159804980578,250-300,quiet_control,4.8862536640708
65270,2026-09-06 16:59:11.581000+00:00,0.00013452,15.964794,0.00055631,0.000645,279.8981,288.49252,6662.3325,spacetrack,2026-09-05 22:56:01.699000+00:00,280.2139,6662.5796,0.00014406,18.052744999999998,-0.41983642930759746,-0.3285040585235202,250-300,quiet_control,4.720857117420216
66052,2026-09-02 22:56:55.283000+00:00,0.00045334,15.898779,0.00135261,0.0005841,298.7226,306.52707,6680.7617,spacetrack,2026-09-01 06:12:44.361000+00:00,299.98807,6682.183,0.00048809,40.73636722222222,-0.7455569082613708,-0.8373648002021954,250-300,quiet_control,6.363009234950462
66052,2026-09-03 04:58:57.330000+00:00,0.00048842,15.899584,0.00146604,0.0005775,298.54144,306.25748,6680.5366,spacetrack,2026-09-02 22:56:55.283000+00:00,298.7226,6680.7617,0.00045334,6.033901944444444,-0.7205685541513663,-0.89534103300533,250-300,quiet_control,6.834421360012709
66052,2026-09-05 15:47:54.137000+00:00,0.0004958,15.906873,0.00154624,0.0005551,296.65134,304.0658,6678.4956,spacetrack,2026-09-03 04:58:57.330000+00:00,298.54144,6680.5366,0.00048842,58.815779722222224,-0.7712624097519405,-0.832837721974406,250-300,quiet_control,5.197013072932568
66515,2026-09-02 23:10:10.705000+00:00,0.00020585,15.838236,0.00047264,0.0011062,312.23026,327.0484,6697.7764,spacetrack,2026-09-01 21:26:33.201000+00:00,312.74243,6698.102,0.0002289,25.727084444444444,-0.4777875249154009,-0.30374215223950063,300-350,quiet_control,5.650174118274662
66515,2026-09-03 20:21:18.937000+00:00,0.00022445,15.839193,0.00051847,0.0011121,311.9211,326.81772,6697.5063,spacetrack,2026-09-02 23:10:10.705000+00:00,312.23026,6697.7764,0.00020585,21.18562,-0.3502300145098002,-0.3059811324848413,300-350,quiet_control,5.403145165342235
66515,2026-09-04 19:03:09.697000+00:00,0.00020802,15.840218,0.00048239,0.0011247,311.54816,326.61288,6697.2173,spacetrack,2026-09-03 20:21:18.937000+00:00,311.9211,6697.5063,0.00022445,22.697433333333333,-0.39434238526238696,-0.30558521301208375,300-350,quiet_control,4.5675322564616945
66515,2026-09-05 11:41:47.593000+00:00,0.00022969,15.84097,0.00053552,0.0011468,311.18854,326.5488,6697.006,spacetrack,2026-09-04 19:03:09.697000+00:00,311.54816,6697.2173,0.00020802,16.64386,-0.5185624007892496,-0.30468893634039806,300-350,quiet_control,6.532006063764322
66515,2026-09-06 17:57:22.034000+00:00,0.00021657,15.842323,0.00050789,0.0011672,310.67075,326.30334,6696.624,spacetrack,2026-09-05 11:41:47.593000+00:00,311.18854,6697.006,0.00022969,30.259566944444448,-0.4106787127130822,-0.3029785593708112,300-350,quiet_control,4.130676642477103
67481,2026-09-02 21:21:41.317000+00:00,0.00016185,15.729508,0.00022537,0.0014578,340.65976,360.27768,6728.606,spacetrack,2026-09-01 08:47:23.565000+00:00,341.1445,6728.826,0.00016816,36.57159777777778,-0.3181091531928857,-0.14437433201823163,300-350,quiet_control,6.333868946812946
67481,2026-09-03 06:30:14.787000+00:00,0.00016145,15.7296915,0.00022499,0.0014575,340.60953,360.22327,6728.553,spacetrack,2026-09-02 21:21:41.317000+00:00,340.65976,6728.606,0.00016185,9.142630555555556,-0.1318570178106387,-0.1391284480180893,300-350,quiet_control,6.16271875921925
67481,2026-09-04 05:21:36.745000+00:00,0.00016115,15.730161,0.00022506,0.0014765,340.3481,360.21713,6728.4194,spacetrack,2026-09-03 06:30:14.787000+00:00,340.60953,6728.553,0.00016145,22.856099444444443,-0.2745140313749169,-0.14028640397704117,300-350,quiet_control,5.072103643911828
67481,2026-09-05 22:29:58.238000+00:00,0.00015896,15.73098,0.0002228,0.001508,339.90286,360.19507,6728.186,spacetrack,2026-09-04 05:21:36.745000+00:00,340.3481,6728.4194,0.00016115,41.13930361111111,-0.2597457677216062,-0.13616176036798233,300-350,quiet_control,4.875075580770816
67481,2026-09-06 04:35:38.521000+00:00,0.0001539,15.731109,0.00021568,0.0015096,339.85544,360.16907,6728.1494,spacetrack,2026-09-05 22:29:58.238000+00:00,339.90286,6728.186,0.00015896,6.094523055555555,-0.1867381564767868,-0.1441294079913521,300-350,quiet_control,4.753797068159968
67559,2026-09-02 13:34:13.098000+00:00,0.00054696,14.960906,0.00041719,0.0418992,287.4917,870.4878,6957.127,spacetrack,2026-09-01 13:29:24.233000+00:00,287.53973,6957.418,0.00056169,24.08024027777778,-0.04786995423233925,-0.2900303285772155,250-300,quiet_control,5.93812085323761
67559,2026-09-03 23:16:49.447000+00:00,0.00060025,14.962144,0.00045819,0.0418496,287.46896,869.7428,6956.7427,spacetrack,2026-09-02 13:34:13.098000+00:00,287.4917,6957.127,0.00054696,33.710096944444444,-0.016189808083299395,-0.27360348489104336,250-300,quiet_control,5.46603535345316
67559,2026-09-04 23:21:26.880000+00:00,0.00052681,14.962972,0.00040305,0.0418262,287.38593,869.31274,6956.4863,spacetrack,2026-09-03 23:16:49.447000+00:00,287.46896,6956.7427,0.00060025,24.077064722222225,-0.08276424152986492,-0.25557932708988224,250-300,quiet_control,3.9885477226811736
67559,2026-09-05 23:26:00.054000+00:00,0.00047369,14.963711,0.00036322,0.0418067,287.30222,868.93854,6956.2573,spacetrack,2026-09-04 23:21:26.880000+00:00,287.38593,6956.4863,0.00052681,24.075881666666668,-0.08344616524600436,-0.22827824443056255,250-300,quiet_control,5.691108716060174
67559,2026-09-06 23:30:29.184000+00:00,0.00048841,14.964464,0.00037505,0.0417849,287.22992,868.54346,6956.0234,spacetrack,2026-09-05 23:26:00.054000+00:00,287.30222,6956.2573,0.00047369,24.074758333333335,-0.07207548985433038,-0.23317368017903503,250-300,quiet_control,4.9560309189673415
67674,2026-09-02 11:31:42.655000+00:00,0.00010477,15.827924,0.00021924,0.0005187,319.0723,326.0236,6700.685,spacetrack,2026-09-01 21:52:20.275000+00:00,319.0403,6700.5986,0.00010887,13.656216666666666,0.056238123540773816,0.15184293356041897,300-350,quiet_control,5.745794548595898
67674,2026-09-06 23:15:35.148000+00:00,0.00016136,15.828471,0.00033968,0.000501,319.03668,325.7506,6700.531,spacetrack,2026-09-05 22:58:57.023000+00:00,319.1401,6700.631,0.00013144,24.277256944444446,-0.10223889814572615,-0.09885795604918793,300-350,quiet_control,4.927597657272395
67685,2026-09-06 16:56:29.529000+00:00,0.00049283,15.713526,0.00064054,0.000832,349.42838,360.63235,6733.1675,spacetrack,2026-09-05 05:50:02.948000+00:00,349.96582,6733.7085,0.00045135,35.10738361111111,-0.3674030552341654,-0.36983673132208916,300-350,quiet_control,4.66610621423488
67686,2026-09-02 18:08:27.614000+00:00,0.00066618,15.798607,0.00127173,0.0008179,325.34766,336.3222,6708.972,spacetrack,2026-09-01 10:15:27.109000+00:00,326.33298,6709.9863,0.00065625,31.883473611111114,-0.7416908298146982,-0.763505265985583,300-350,quiet_control,6.139721863046343
67686,2026-09-03 06:17:06.661000+00:00,0.0006865,15.799984,0.00131969,0.0008095,325.01468,335.8759,6708.5825,spacetrack,2026-09-02 18:08:27.614000+00:00,325.34766,6708.972,0.00066618,12.144179722222221,-0.6580535024014081,-0.7697514540959896,300-350,quiet_control,6.176582463016634
67686,2026-09-04 09:36:20.822000+00:00,0.00068224,15.803085,0.00133041,0.0008025,324.18442,334.9503,6707.7046,spacetrack,2026-09-03 06:17:06.661000+00:00,325.01468,6708.5825,0.0006865,27.320600277777775,-0.7293485427627292,-0.7711982820943929,300-350,quiet_control,4.933242722694772
67686,2026-09-05 23:32:31.889000+00:00,0.00065469,15.807346,0.00130125,0.0007968,323.01837,333.70584,6706.499,spacetrack,2026-09-04 09:36:20.822000+00:00,324.18442,6707.7046,0.00068224,37.9364075,-0.737687141303499,-0.7627079606840883,300-350,quiet_control,4.9170196788460325
67686,2026-09-06 16:13:51.167000+00:00,0.00067845,15.809278,0.00136183,0.0007999,322.45163,333.17984,6705.9526,spacetrack,2026-09-05 23:32:31.889000+00:00,323.01837,6706.499,0.00065469,16.68868833333333,-0.8150287025752609,-0.7857777518567254,300-350,quiet_control,4.825057068761713
67687,2026-09-05 05:30:41.498000+00:00,0.00061419,15.714129,0.00080326,0.0007996,349.4744,360.24182,6732.995,spacetrack,2026-09-04 14:14:54.151000+00:00,349.83688,6733.347,0.00055502,15.263151944444445,-0.5699687739246161,-0.55348987094842,300-350,quiet_control,4.972527991205836
67687,2026-09-06 13:33:35.534000+00:00,0.00067981,15.716981,0.00090161,0.0007989,348.6653,359.422,6732.1807,spacetrack,2026-09-05 05:30:41.498000+00:00,349.4744,6732.995,0.00061419,32.04834333333333,-0.6059096346425819,-0.6098037516863869,300-350,quiet_control,4.825866488713284
67688,2026-09-02 07:25:32.653000+00:00,0.00054897,15.751033,0.00084128,0.0007729,339.14154,349.53314,6722.474,spacetrack,2026-09-01 08:35:03.256000+00:00,339.6593,6722.998,0.00057737,22.841499166666665,-0.5440203337499354,-0.550576821084447,300-350,quiet_control,6.468137970171423
67688,2026-09-03 07:47:13.601000+00:00,0.0005688,15.752941,0.00087963,0.0007723,338.60297,348.98566,6721.931,spacetrack,2026-09-02 07:25:32.653000+00:00,339.14154,6722.474,0.00054897,24.361374444444447,-0.5305809009042797,-0.5349451866820146,300-350,quiet_control,5.9737886299701115
67688,2026-09-04 17:16:45.018000+00:00,0.00056639,15.755564,0.00088614,0.0007832,337.78445,348.3125,6721.1855,spacetrack,2026-09-03 07:47:13.601000+00:00,338.60297,6721.931,0.0005688,33.49206027777778,-0.5865414022628846,-0.5342161650136314,300-350,quiet_control,4.902565199179835
67688,2026-09-05 05:27:24.106000+00:00,0.00056816,15.756555,0.00089286,0.0007777,337.53992,347.99362,6720.904,spacetrack,2026-09-04 17:16:45.018000+00:00,337.78445,6721.1855,0.00056639,12.177524444444446,-0.48193046351693675,-0.554792563201265,300-350,quiet_control,5.495534852367367
67690,2026-09-03 23:55:12.767000+00:00,0.00026669,15.406138,0.00016679,0.0155958,337.89523,550.6979,6822.4336,spacetrack,2026-09-02 02:46:34.011000+00:00,338.04993,6822.621,0.000259,45.144098888888884,-0.08224330735093272,-0.09962763928603124,300-350,quiet_control,5.719306447312456
67690,2026-09-04 20:09:23.851000+00:00,0.00025443,15.406428,0.00015891,0.0155829,337.89893,550.5228,6822.3477,spacetrack,2026-09-03 23:55:12.767000+00:00,337.89523,6822.4336,0.00026669,20.236412222222224,0.004388129626160869,-0.10187576618631053,300-350,quiet_control,4.197809204870583
67690,2026-09-05 22:37:08.936000+00:00,0.00023171,15.406762,0.00014426,0.01557,337.88983,550.3347,6822.249,spacetrack,2026-09-04 20:09:23.851000+00:00,337.89893,6822.3477,0.00025443,26.462523611111113,-0.00825318111036261,-0.08951527204368717,300-350,quiet_control,5.3285439361125855
67690,2026-09-06 18:51:17.305000+00:00,0.00024184,15.407039,0.0001509,0.0155583,337.88937,550.17206,6822.1675,spacetrack,2026-09-05 22:37:08.936000+00:00,337.88983,6822.249,0.00023171,20.235658055555557,-0.0005455715831166068,-0.09666105221957841,300-350,quiet_control,4.6774978036913915
68205,2026-09-02 03:45:48.050000+00:00,0.00045695,14.780521,0.00037222,0.0512469,276.0531,994.9053,7013.616,spacetrack,2026-09-01 18:00:50.437000+00:00,276.0797,7013.7188,0.00045167,9.749336944444444,-0.0654813761836916,-0.2530633635960003,250-300,quiet_control,4.920265603247719
68205,2026-09-03 04:08:08.883000+00:00,0.00044927,14.781296,0.00036657,0.0512255,275.97095,994.49786,7013.3716,spacetrack,2026-09-02 03:45:48.050000+00:00,276.0531,7013.616,0.00045695,24.372453611111112,-0.08089460468190673,-0.24066514162185232,250-300,quiet_control,6.338705856599287
68205,2026-09-04 02:52:56.040000+00:00,0.00048688,14.782059,0.00039862,0.0512088,275.85898,994.1269,7013.13,spacetrack,2026-09-03 04:08:08.883000+00:00,275.97095,7013.3716,0.00044927,22.7464325,-0.11814072382563771,-0.25491469926138743,250-300,quiet_control,5.049933141530363
68205,2026-09-05 03:15:07.304000+00:00,0.00044376,14.782894,0.0003636,0.0511862,275.7669,993.6908,7012.8657,spacetrack,2026-09-04 02:52:56.040000+00:00,275.85898,7013.13,0.00048688,24.369795555555555,-0.09068274680273553,-0.26028942202388117,250-300,quiet_control,4.210670531317091
68205,2026-09-06 16:36:58.928000+00:00,0.00045716,14.784154,0.00037558,0.0511449,275.67834,992.98224,7012.4673,spacetrack,2026-09-05 03:15:07.304000+00:00,275.7669,7012.8657,0.00044376,37.364340000000006,-0.056884184224870765,-0.2559017501714444,250-300,quiet_control,5.187426300049727
68293,2026-09-02 19:57:38.662000+00:00,0.00065524,15.614276,0.00075547,0.0105023,312.51947,454.54562,6761.6694,spacetrack,2026-09-01 13:14:25.082000+00:00,312.90308,6762.279,0.00064686,30.72043888888889,-0.29969103088983945,-0.47624319603415466,300-350,quiet_control,5.764316500107872
68293,2026-09-03 11:19:09.796000+00:00,0.00065724,15.6154,0.00076009,0.0104658,312.44495,453.97073,6761.3447,spacetrack,2026-09-02 19:57:38.662000+00:00,312.51947,6761.6694,0.00065524,15.358648333333333,-0.11644774730068996,-0.5073883997389245,300-350,quiet_control,5.307310427020723
68293,2026-09-04 10:21:19.027000+00:00,0.00070761,15.617084,0.0008235,0.0104222,312.25912,453.18518,6760.8594,spacetrack,2026-09-03 11:19:09.796000+00:00,312.44495,6761.3447,0.00065724,23.0358975,-0.19360739037844032,-0.5056108623501592,300-350,quiet_control,5.2897509443925745
68293,2026-09-05 01:42:40.380000+00:00,0.00063541,15.618168,0.00074083,0.0104,312.09937,452.71872,6760.546,spacetrack,2026-09-04 10:21:19.027000+00:00,312.25912,6760.8594,0.00070761,15.355931388888889,-0.2496755099318528,-0.48981724452366654,300-350,quiet_control,3.767065867581063
68293,2026-09-06 00:44:34.552000+00:00,0.00074664,15.620004,0.00087722,0.0103427,311.96255,451.7962,6760.0166,spacetrack,2026-09-05 01:42:40.380000+00:00,312.09937,6760.546,0.00063541,23.031714444444447,-0.14257210456132893,-0.5516567179858022,300-350,quiet_control,5.6329345000273285
68373,2026-09-02 16:06:02.796000+00:00,0.00016139,15.708079,0.00020147,0.0010423,349.567,363.6062,6734.7236,spacetrack,2026-09-01 14:06:33.371000+00:00,349.7917,6734.854,0.00016559,25.991506944444446,-0.20748316023101188,-0.12040856294671848,300-350,quiet_control,5.834144935698814
68373,2026-09-03 19:37:13.283000+00:00,0.00016623,15.708585,0.00020797,0.0010602,349.30237,363.58237,6734.5796,spacetrack,2026-09-02 16:06:02.796000+00:00,349.567,6734.7236,0.00016139,27.519579722222222,-0.23078550123611435,-0.1255833132224344,300-350,quiet_control,5.375786605348978
68373,2026-09-04 15:29:42.287000+00:00,0.00014771,15.708921,0.00018507,0.0010614,349.19794,363.4939,6734.483,spacetrack,2026-09-03 19:37:13.283000+00:00,349.30237,6734.5796,0.00016623,19.874723333333332,-0.12610590637988783,-0.11665068042019569,300-350,quiet_control,5.064103939168741
68373,2026-09-05 15:57:20.537000+00:00,0.00016313,15.709334,0.00020474,0.0010721,349.00818,363.448,6734.365,spacetrack,2026-09-04 15:29:42.287000+00:00,349.19794,6734.483,0.00014771,24.460625,-0.18618657536350136,-0.11577790837353621,300-350,quiet_control,5.556736591971791
68373,2026-09-06 19:28:23.268000+00:00,0.00016325,15.709803,0.00020532,0.0010842,348.7929,363.39542,6734.231,spacetrack,2026-09-05 15:57:20.537000+00:00,349.00818,6734.365,0.00016313,27.51742527777778,-0.187761752701938,-0.11687139939642141,300-350,quiet_control,4.17653066721934
68826,2026-09-02 12:46:15.016000+00:00,0.00011704,15.855011,0.0002802,0.0012183,306.75995,323.06824,6693.0513,spacetrack,2026-09-01 17:04:43.262000+00:00,306.95398,6693.1816,0.00012773,19.69215388888889,-0.23647590945485453,-0.1588043653142406,300-350,quiet_control,5.847655060135767
68826,2026-09-03 17:33:02.125000+00:00,0.00012313,15.85574,0.00029597,0.0012241,306.51642,322.90186,6692.846,spacetrack,2026-09-02 12:46:15.016000+00:00,306.75995,6693.0513,0.00011704,28.7797525,-0.20308444278666077,-0.17120369607114647,300-350,quiet_control,5.27032034066311
68826,2026-09-04 17:47:06.469000+00:00,0.00012765,15.856375,0.00030784,0.0012201,306.36462,322.69608,6692.6675,spacetrack,2026-09-03 17:33:02.125000+00:00,306.51642,6692.846,0.00012313,24.23454,-0.15033089136412425,-0.17677249083331686,300-350,quiet_control,4.921352701098882
68826,2026-09-05 22:33:44.549000+00:00,0.00012791,15.857138,0.00030959,0.0012082,306.22983,322.4015,6692.4526,spacetrack,2026-09-04 17:47:06.469000+00:00,306.36462,6692.6675,0.00012765,28.777244444444445,-0.1124138207966868,-0.17922494316492252,300-350,quiet_control,5.1318060913870225
68826,2026-09-06 18:15:04.500000+00:00,0.00012611,15.857676,0.00030597,0.0012013,306.12497,322.2039,6692.3013,spacetrack,2026-09-05 22:33:44.549000+00:00,306.22983,6692.4526,0.00012791,19.68887527777778,-0.1278204043904846,-0.1844290214021172,300-350,quiet_control,4.635003260654059
68827,2026-09-02 12:23:52.618000+00:00,0.00011992,15.855504,0.00028916,0.0016222,303.91806,325.63254,6692.912,spacetrack,2026-09-01 19:44:09.273000+00:00,304.02704,6693.031,0.00014078,16.662040277777777,-0.15697477358086254,-0.17140757988693311,300-350,quiet_control,5.819950021126698
68827,2026-09-03 17:10:36.485000+00:00,0.00011796,15.856223,0.00028541,0.0016291,303.6699,325.4761,6692.71,spacetrack,2026-09-02 12:23:52.618000+00:00,303.91806,6692.912,0.00011992,28.778851944444444,-0.2069519663778917,-0.1684570325933827,300-350,quiet_control,5.270297507331459
68827,2026-09-04 20:26:23.241000+00:00,0.00011917,15.856909,0.00028936,0.0016363,303.42905,325.33096,6692.517,spacetrack,2026-09-03 17:10:36.485000+00:00,303.6699,6692.71,0.00011796,27.262987777777777,-0.21202371681033538,-0.1699006740479352,300-350,quiet_control,4.741173646126419
68827,2026-09-05 11:35:07.437000+00:00,0.00013158,15.857292,0.00032034,0.0016365,303.32016,325.22443,6692.409,spacetrack,2026-09-04 20:26:23.241000+00:00,303.42905,6692.517,0.00011917,15.145610000000001,-0.1725490092509142,-0.17113869959705755,300-350,quiet_control,6.852046676671765
68827,2026-09-06 17:52:31.615000+00:00,0.00013243,15.858105,0.00031815,0.0016292,303.14066,324.94647,6692.1807,spacetrack,2026-09-05 11:35:07.437000+00:00,303.32016,6692.409,0.00013158,30.290049444444445,-0.14222492465390218,-0.1808910880136994,300-350,quiet_control,4.144217456524823
68828,2026-09-02 11:59:59.940000+00:00,3.6442e-05,15.855879,8.696e-05,0.0016769,303.44672,325.89304,6692.8066,spacetrack,2026-09-01 10:14:59.417000+00:00,304.12653,6693.056,3.449e-05,25.75014527777778,-0.6336057456762981,-0.23244917399197113,300-350,quiet_control,6.407801776911226
68828,2026-09-06 17:28:29.304000+00:00,2.6815e-05,15.858427,5.998e-05,0.0016797,302.71234,325.19376,6692.09,spacetrack,2026-09-05 05:07:38.664000+00:00,303.74826,6692.3477,1.9961e-05,36.3474,-0.6840126116311149,-0.1701579755361518,300-350,quiet_control,4.7842635236633155
68829,2026-09-02 11:37:59.976000+00:00,0.00013078,15.855155,0.00031494,0.0015983,304.17618,325.57108,6693.0107,spacetrack,2026-09-01 17:27:22.027000+00:00,304.32614,6693.148,0.00013151,18.177208055555557,-0.19799740361669724,-0.18128196530163118,300-350,quiet_control,5.814786004371867
68829,2026-09-03 17:55:38.761000+00:00,0.0001338,15.855985,0.00032353,0.0015919,303.98593,325.2944,6692.7773,spacetrack,2026-09-02 11:37:59.976000+00:00,304.17618,6693.0107,0.00013078,30.294106944444444,-0.15072238334581933,-0.1849072497919944,300-350,quiet_control,5.318899655814064
68829,2026-09-04 12:06:11.231000+00:00,0.00013528,15.856489,0.00032791,0.0015827,303.90564,325.0905,6692.6353,spacetrack,2026-09-03 17:55:38.761000+00:00,303.98593,6692.7773,0.0001338,18.175686111111112,-0.10601855623055664,-0.18750323807102057,300-350,quiet_control,5.334103832546746
68829,2026-09-05 22:56:17.746000+00:00,0.00011606,15.857402,0.00028216,0.0015656,303.76385,324.71902,6692.3784,spacetrack,2026-09-04 12:06:11.231000+00:00,303.90564,6692.6353,0.00013528,34.835143055555555,-0.0976875563442717,-0.17699367532880694,300-350,quiet_control,4.858239055602494
68829,2026-09-06 17:06:44.507000+00:00,0.0001176,15.857849,0.00028657,0.0015671,303.6281,324.60297,6692.2524,spacetrack,2026-09-05 22:56:17.746000+00:00,303.76385,6692.3784,0.00011606,18.17410027777778,-0.17926609571880964,-0.16639063027954296,300-350,quiet_control,4.709121042993402
69537,2026-09-02 10:41:18.769000+00:00,0.00036178,15.717145,0.00050722,0.0048358,321.44138,386.55188,6732.134,spacetrack,2026-09-01 20:57:07.950000+00:00,321.53992,6732.32,0.00039099,13.736338611111112,-0.17216814953057125,-0.32497742858361145,300-350,quiet_control,5.686127928437343
69537,2026-09-03 18:44:16.501000+00:00,0.00034189,15.718548,0.00048111,0.0047875,321.3679,385.82425,6731.733,spacetrack,2026-09-02 10:41:18.769000+00:00,321.44138,6732.134,0.00036178,32.04937,-0.05502510657772872,-0.3002867139040848,300-350,quiet_control,5.408705069709639
69537,2026-09-04 14:34:35.618000+00:00,0.00032391,15.719429,0.00045685,0.0047689,321.2427,385.44623,6731.4814,spacetrack,2026-09-03 18:44:16.501000+00:00,321.3679,6731.733,0.00034189,19.83864361111111,-0.15146196780899118,-0.30437564777010445,300-350,quiet_control,5.228048156910146
69537,2026-09-05 19:34:10.529000+00:00,0.00032342,15.720628,0.00045804,0.0047291,321.17023,384.8347,6731.1396,spacetrack,2026-09-04 14:34:35.618000+00:00,321.2427,6731.4814,0.00032391,28.993030833333332,-0.059989588877358155,-0.2829369598210651,300-350,quiet_control,5.044535731388552
69537,2026-09-06 09:18:08.459000+00:00,0.00032494,15.721196,0.00046128,0.0047203,321.06793,384.6124,6730.977,spacetrack,2026-09-05 19:34:10.529000+00:00,321.17023,6731.1396,0.00032342,13.732758333333333,-0.17878418453202216,-0.28416723758557266,300-350,quiet_control,4.46906326781886
69684,2026-09-02 12:47:37.833000+00:00,0.0010727,15.752434,0.00163338,0.0001363,343.02255,344.855,6722.0757,spacetrack,2026-09-01 13:55:25.975000+00:00,343.2026,6722.194,0.0006795,22.869960555555554,-0.18894654363320096,-0.12414538245945811,300-350,quiet_control,5.915877338757495
69684,2026-09-03 13:11:18.380000+00:00,0.0006936,15.752077,0.00104683,0.000153,343.01175,345.06873,6722.1772,spacetrack,2026-09-02 12:47:37.833000+00:00,343.02255,6722.0757,0.0010727,24.39459638888889,-0.010625303893877008,0.09985818011335382,300-350,quiet_control,5.213414373290114
69684,2026-09-04 02:54:37.687000+00:00,0.0009513,15.751724,0.00144078,0.0002036,342.7719,345.50925,6722.2773,spacetrack,2026-09-03 13:11:18.380000+00:00,343.01175,6722.1772,0.0006936,13.722029722222223,-0.4195006217394735,0.175076140237561,300-350,quiet_control,5.874506194995813
69684,2026-09-05 13:58:39.617000+00:00,0.00095891,15.751876,0.0014534,0.0001062,343.38358,344.8114,6722.2344,spacetrack,2026-09-04 02:54:37.687000+00:00,342.7719,6722.2773,0.0009513,35.06720277777777,0.4186339039651734,-0.02936076785227861,300-350,quiet_control,5.342200091522681
69684,2026-09-06 20:28:15.236000+00:00,0.0015346,15.752588,0.00235902,0.0001844,342.65533,345.1344,6722.0317,spacetrack,2026-09-05 13:58:39.617000+00:00,343.38358,6722.2344,0.00095891,30.493227500000003,-0.5731764536895959,-0.15953706441922444,300-350,quiet_control,4.195588557783491
69726,2026-09-02 21:16:19.163000+00:00,0.0011269,15.751981,0.00171435,9.52e-05,343.42752,344.70743,6722.2046,spacetrack,2026-09-01 16:18:12.809000+00:00,342.9596,6722.2446,0.0012271,28.968431666666667,0.38766613702881336,-0.03313952274136323,300-350,quiet_control,5.6893169742994365
69726,2026-09-03 17:05:32.803000+00:00,0.0011704,15.753094,0.00179078,0.0001014,343.0695,344.43268,6721.888,spacetrack,2026-09-02 21:16:19.163000+00:00,343.42752,6722.2046,0.0011269,19.820455555555554,-0.4335157673806256,-0.3833615215707188,300-350,quiet_control,5.243206092919716
69726,2026-09-04 17:29:14.162000+00:00,0.00094857,15.752184,0.0014394,0.0001138,343.24472,344.7747,6722.1465,spacetrack,2026-09-03 17:05:32.803000+00:00,343.0695,6721.888,0.0011704,24.394821944444445,0.1723841235478626,0.2543162649076343,300-350,quiet_control,4.977280139789229
69726,2026-09-05 14:49:56.627000+00:00,0.0010684,15.752738,0.00162895,7.11e-05,343.3741,344.33,6721.9893,spacetrack,2026-09-04 17:29:14.162000+00:00,343.24472,6722.1465,0.00094857,21.345129166666666,0.1454720641770439,-0.17675226842305974,300-350,quiet_control,6.052315096867337
69726,2026-09-06 15:13:37.683000+00:00,0.0010468,15.751741,0.00158833,0.0001363,343.21936,345.05185,6722.2725,spacetrack,2026-09-05 14:49:56.627000+00:00,343.3741,6721.9893,0.0010684,24.394737777777777,-0.15223611066576487,0.27861746504149504,300-350,quiet_control,4.120537038406826
69727,2026-09-02 20:29:33.780000+00:00,0.0010892,15.752191,0.00165732,0.0001425,343.0501,344.96594,6722.145,spacetrack,2026-09-01 15:31:26.787000+00:00,343.34628,6722.2314,0.0011175,28.968609166666667,-0.24538009260655697,-0.07158093051866488,300-350,quiet_control,5.689318877954416
69727,2026-09-03 16:18:47.920000+00:00,0.0010863,15.751846,0.00165037,0.0001471,343.11707,345.09476,6722.2427,spacetrack,2026-09-02 20:29:33.780000+00:00,343.0501,6722.145,0.0010892,19.820594444444446,0.08109141249550848,0.11830119457600918,300-350,quiet_control,5.24321139600309
69727,2026-09-04 13:39:30.078000+00:00,0.0013022,15.752817,0.00199497,0.0001011,343.14996,344.50916,6721.967,spacetrack,2026-09-03 16:18:47.920000+00:00,343.11707,6722.2427,0.0010863,21.34504388888889,0.03698094996239922,-0.30999233519720154,300-350,quiet_control,5.360115862441032
69727,2026-09-05 15:34:39.982000+00:00,0.00092698,15.751985,0.00140483,0.0001246,343.22897,344.90414,6722.2036,spacetrack,2026-09-04 13:39:30.078000+00:00,343.14996,6721.967,0.0013022,25.919417777777777,0.07315905072626037,0.2190789950873338,300-350,quiet_control,5.51184335159106
69727,2026-09-06 15:58:20.598000+00:00,0.00056071,15.752265,0.00084467,8.44e-05,343.41937,344.55408,6722.1235,spacetrack,2026-09-05 15:34:39.982000+00:00,343.22897,6722.2036,0.00092698,24.394615555555553,0.1873200251749652,-0.07880427529694384,300-350,quiet_control,4.13048605808003
69762,2026-09-02 19:22:53.244000+00:00,0.0013726,15.75333,0.00211052,0.0001992,342.34473,345.0227,6721.821,spacetrack,2026-09-01 12:53:17.629000+00:00,343.0433,6722.0664,0.0011716,30.49322638888889,-0.5498165325696116,-0.19314453396578005,300-350,quiet_control,5.774106216576423
69762,2026-09-03 12:09:09.808000+00:00,0.0012594,15.752567,0.00192563,0.0001674,342.77542,345.02594,6722.0376,spacetrack,2026-09-02 19:22:53.244000+00:00,342.34473,6721.821,0.0013726,16.771267777777776,0.6163255000731314,0.30995867866839644,300-350,quiet_control,5.275384269962761
69762,2026-09-04 14:04:17.283000+00:00,0.0012382,15.753312,0.00189872,0.0001331,342.7941,344.58344,6721.8257,spacetrack,2026-09-03 12:09:09.808000+00:00,342.77542,6722.0376,0.0012594,25.918743055555556,0.01729713509021135,-0.19621321871524539,300-350,quiet_control,5.347239060964838
69762,2026-09-05 12:56:30.787000+00:00,0.0011585,15.7523775,0.00176649,0.0001735,342.78854,345.12112,6722.092,spacetrack,2026-09-04 14:04:17.283000+00:00,342.7941,6721.8257,0.0012382,22.870417777777778,-0.005834611387367056,0.27945270008113776,300-350,quiet_control,5.65586908580983
69762,2026-09-06 11:48:42.621000+00:00,0.0012195,15.753506,0.00187126,0.0002777,341.76724,345.50052,6721.771,spacetrack,2026-09-05 12:56:30.787000+00:00,342.78854,6722.092,0.0011585,22.86995388888889,-1.071764294719825,-0.3368611951483123,300-350,quiet_control,4.081764654969304
69792,2026-09-04 18:52:44.477000+00:00,0.0015123,15.827284,0.00352633,0.0014799,312.81198,332.6452,6700.8657,spacetrack,2026-09-03 09:35:36.105000+00:00,314.571,6702.599,0.00037552,33.28565888888889,-1.2683083769176287,-1.2497634533496702,300-350,quiet_control,4.874880641789909
69792,2026-09-05 08:29:25.872000+00:00,0.0016612,15.8314905,0.00396735,0.0014207,312.02344,331.0599,6699.6787,spacetrack,2026-09-04 18:52:44.477000+00:00,312.81198,6700.8657,0.0015123,13.61149861111111,-1.390365641631244,-2.0929363337511355,300-350,quiet_control,6.376709744691962
69792,2026-09-06 19:15:30.988000+00:00,0.001633,15.842819,0.00411959,0.0013192,309.5134,327.18143,6696.4844,spacetrack,2026-09-05 08:29:25.872000+00:00,312.02344,6699.6787,0.0016612,34.76808777777778,-1.7326509408579969,-2.2049875302317434,300-350,quiet_control,4.4615052647736135
69793,2026-09-02 20:06:57.469000+00:00,0.00039007,15.70263,0.00051405,0.0018084,345.9628,370.32657,6736.2817,spacetrack,2026-09-01 10:34:18.956000+00:00,346.28537,6736.758,0.00043923,33.54403138888889,-0.2307915798863694,-0.34078193725375605,300-350,quiet_control,6.076568216768288
69793,2026-09-03 05:15:49.450000+00:00,0.00040498,15.703078,0.00053448,0.0018141,345.79648,370.2366,6736.1533,spacetrack,2026-09-02 20:06:57.469000+00:00,345.9628,6736.2817,0.00039007,9.1477725,-0.4363554078329995,-0.336868893491878,300-350,quiet_control,6.488919873966889
69793,2026-09-04 10:13:48.289000+00:00,0.00043802,15.704431,0.00058087,0.0018188,345.3787,369.88074,6735.7666,spacetrack,2026-09-03 05:15:49.450000+00:00,345.79648,6736.1533,0.00040498,28.96634416666667,-0.34615068930715104,-0.3203994244700176,300-350,quiet_control,4.913479464419431
69793,2026-09-05 09:05:47.274000+00:00,0.00041667,15.705483,0.00055533,0.0018225,345.05334,369.6041,6735.466,spacetrack,2026-09-04 10:13:48.289000+00:00,345.3787,6735.7666,0.00043802,22.86638472222222,-0.3414899248332456,-0.3155024323971367,300-350,quiet_control,5.47943082631546
69793,2026-09-06 06:26:13.309000+00:00,0.00039179,15.706485,0.00052478,0.0018251,344.75027,369.33502,6735.1797,spacetrack,2026-09-05 09:05:47.274000+00:00,345.05334,6735.466,0.00041667,21.340565277777777,-0.34083820673550613,-0.32197835017852294,300-350,quiet_control,4.288072747734541
69975,2026-09-02 13:23:05.334000+00:00,0.0010213,15.7521925,0.00155198,7.6e-05,343.49637,344.51813,6722.144,spacetrack,2026-09-01 12:59:24.993000+00:00,343.24066,6722.1816,0.00078154,24.394539166666668,0.2515743362918835,-0.036991885512837254,300-350,quiet_control,5.959405839701761
69975,2026-09-03 12:15:16.743000+00:00,0.00085563,15.752557,0.00129823,0.000187,342.6467,345.16074,6722.0405,spacetrack,2026-09-02 13:23:05.334000+00:00,343.49637,6722.144,0.0010213,22.869835833333333,-0.891658346330503,-0.10861468434257524,300-350,quiet_control,5.201802279370684
69975,2026-09-05 14:34:06.040000+00:00,0.00085132,15.7517805,0.00128713,9.79e-05,343.46655,344.78275,6722.2617,spacetrack,2026-09-03 12:15:16.743000+00:00,342.6467,6722.0405,0.00085563,50.313693611111105,0.39107444887834886,0.10551401853006684,300-350,quiet_control,5.4770073170438005
69975,2026-09-06 19:32:13.814000+00:00,0.0013414,15.752436,0.00205313,0.00012,343.13156,344.74484,6722.075,spacetrack,2026-09-05 14:34:06.040000+00:00,343.46655,6722.2617,0.00085132,28.968826111111113,-0.2775314391119367,-0.15467661626392898,300-350,quiet_control,4.121026535670423
69976,2026-09-02 13:20:32.966000+00:00,0.00079946,15.751968,0.00120852,0.0001485,343.07297,345.06946,6722.208,spacetrack,2026-09-01 12:56:52.656000+00:00,343.0846,6722.225,0.00031194,24.394530555555555,-0.01144190905272562,-0.016725060524877364,300-350,quiet_control,5.961140469670398
69976,2026-09-03 12:12:44.758000+00:00,0.0013327,15.752632,0.00204127,9.03e-05,343.2754,344.48938,6722.0195,spacetrack,2026-09-02 13:20:32.966000+00:00,343.07297,6722.208,0.00079946,22.86994222222222,0.21243254367643738,-0.19781422952556432,300-350,quiet_control,5.203651998732155
69976,2026-09-04 00:24:35.276000+00:00,0.0015901,15.752912,0.00245039,0.0001733,342.6378,344.96762,6721.94,spacetrack,2026-09-03 12:12:44.758000+00:00,343.2754,6722.0195,0.0013327,12.19736611111111,-1.2545659333829051,-0.15642721409170107,300-350,quiet_control,5.9838189565424855
69976,2026-09-05 13:00:05.919000+00:00,0.0010319,15.752278,0.00156903,0.0001641,342.87988,345.08606,6722.12,spacetrack,2026-09-04 00:24:35.276000+00:00,342.6378,6721.94,0.0015901,36.59184527777778,0.15877636003036055,0.11805909123228941,300-350,quiet_control,5.327941920089162
69976,2026-09-06 19:29:41.245000+00:00,0.00044321,15.752068,0.00066541,3.89e-05,343.78152,344.3045,6722.18,spacetrack,2026-09-05 13:00:05.919000+00:00,342.87988,6722.12,0.0010319,30.493146111111113,0.7096466832628564,0.04722372676018813,300-350,quiet_control,4.16357565633647
69977,2026-09-02 12:45:58.983000+00:00,0.0011123,15.752541,0.00169582,0.0001452,342.93228,344.88437,6722.0454,spacetrack,2026-09-01 12:22:18.783000+00:00,342.94507,6722.1235,0.00087842,24.3945,-0.012583164237835986,-0.07683699194463216,300-350,quiet_control,5.984755409347735
69977,2026-09-03 13:09:39.776000+00:00,0.00087154,15.752221,0.0013208,0.0001603,342.92154,345.07666,6722.136,spacetrack,2026-09-02 12:45:58.983000+00:00,342.93228,6722.0454,0.0011123,24.394664722222224,-0.010566244829967127,0.08913424409682624,300-350,quiet_control,5.214539363132373
69977,2026-09-04 13:33:20+00:00,0.00059294,15.752005,0.00089279,4.45e-05,343.7616,344.35986,6722.1978,spacetrack,2026-09-03 13:09:39.776000+00:00,342.92154,6722.136,0.00087154,24.39450666666667,0.8264745942802365,0.06080057368057096,300-350,quiet_control,5.3689355199094
69977,2026-09-05 20:02:55.888000+00:00,0.0012277,15.752325,0.0018741,0.0001879,342.70654,345.2327,6722.1064,spacetrack,2026-09-04 13:33:20+00:00,343.7616,6722.1978,0.00059294,30.493302222222223,-0.8303935013488328,-0.07193710881228763,300-350,quiet_control,4.995193261383593
69977,2026-09-06 12:49:12.616000+00:00,0.0011771,15.751856,0.00179138,0.0001481,343.10757,345.0987,6722.24,spacetrack,2026-09-05 20:02:55.888000+00:00,342.70654,6722.1064,0.0012277,16.771313333333335,0.5738799227410811,0.19118359643487026,300-350,quiet_control,4.650985790419117
69978,2026-09-02 19:34:35.963000+00:00,0.00058775,15.752105,0.00088527,3.19e-05,343.81796,344.24683,6722.1694,spacetrack,2026-09-01 13:05:01.738000+00:00,343.5946,6722.383,0.00067606,30.49284027777778,0.17579995668383164,-0.16811815341901656,300-350,quiet_control,5.767689200265363
69978,2026-09-03 12:20:52.689000+00:00,0.0010285,15.752926,0.00156819,4.67e-05,343.4849,344.11273,6721.936,spacetrack,2026-09-02 19:34:35.963000+00:00,343.81796,6722.1694,0.00058775,16.77131277777778,-0.4766138528280576,-0.3339988988473209,300-350,quiet_control,5.263744625702294
69978,2026-09-04 18:50:28.419000+00:00,0.0012061,15.751779,0.00183594,0.0001121,343.37143,344.87857,6722.262,spacetrack,2026-09-03 12:20:52.689000+00:00,343.4849,6721.936,0.0010285,30.493258333333333,-0.08930760925024658,0.25658130444681976,300-350,quiet_control,4.944825345274406
69978,2026-09-05 13:08:13.659000+00:00,0.00089543,15.7528,0.00136145,0.0003721,341.33322,346.3357,6721.9717,spacetrack,2026-09-04 18:50:28.419000+00:00,343.37143,6722.262,0.0012061,18.295900000000003,-2.6736613120972352,-0.38080662880710214,300-350,quiet_control,6.403727337818856
69978,2026-09-06 13:31:54.309000+00:00,0.00082812,15.751876,0.00125201,0.0001076,343.37415,344.82077,6722.2344,spacetrack,2026-09-05 13:08:13.659000+00:00,341.33322,6721.9717,0.00089543,24.394624999999998,2.0079144483672153,0.2584503758514568,300-350,quiet_control,4.1391546293497035
69979,2026-09-02 19:49:20.299000+00:00,0.00097041,15.752097,0.0014726,0.0001279,343.17484,344.89438,6722.1714,spacetrack,2026-09-01 19:25:39.613000+00:00,342.67667,6722.1064,0.00090442,24.394635,0.49011104285841467,0.06394848703463789,300-350,quiet_control,5.631066420956903
69979,2026-09-03 12:35:36.884000+00:00,0.0007204,15.752067,0.0010878,0.000136,343.12885,344.95728,6722.18,spacetrack,2026-09-02 19:49:20.299000+00:00,343.17484,6722.1714,0.00097041,16.77127361111111,-0.06581253312027359,0.012306757661267735,300-350,quiet_control,5.2490982389944705
69979,2026-09-04 19:05:11.480000+00:00,0.00097786,15.752806,0.00148876,0.0001324,342.94287,344.72284,6721.9697,spacetrack,2026-09-03 12:35:36.884000+00:00,343.12885,6722.18,0.0007204,30.492943333333336,-0.1463787851243616,-0.1655202629946875,300-350,quiet_control,4.928736153125993
69979,2026-09-05 13:22:57.395000+00:00,0.0014569,15.751549,0.00222605,0.0001406,343.24524,345.13556,6722.327,spacetrack,2026-09-04 19:05:11.480000+00:00,342.94287,6721.9697,0.00097786,18.2960875,0.39663561950061244,0.4686903689115974,300-350,quiet_control,6.430526851407136
69979,2026-09-06 12:15:09.858000+00:00,0.0014631,15.753779,0.00225805,6.4e-05,343.12585,343.98624,6721.693,spacetrack,2026-09-05 13:22:57.395000+00:00,343.24524,6722.327,0.0014569,22.870128611111113,-0.12528832035549395,-0.6653220127764337,300-350,quiet_control,4.081771670064091
69980,2026-09-02 19:11:13.463000+00:00,0.001217,15.75238,0.00185787,0.0001743,342.7822,345.12552,6722.091,spacetrack,2026-09-01 12:41:37.905000+00:00,342.93832,6722.1914,0.00090704,30.493210555555557,-0.12287587734237607,-0.07902086910771318,300-350,quiet_control,5.780480232220728
69980,2026-09-03 13:28:58.723000+00:00,0.00066587,15.752321,0.00100553,0.0001945,342.66318,345.27808,6722.1074,spacetrack,2026-09-02 19:11:13.463000+00:00,342.7822,6722.091,0.001217,18.295905555555553,-0.15612673509522434,0.021513010044424564,300-350,quiet_control,5.2630603295272795
69980,2026-09-04 19:58:34.623000+00:00,0.0013014,15.753304,0.00199798,0.0001697,342.5507,344.83206,6721.8286,spacetrack,2026-09-03 13:28:58.723000+00:00,342.66318,6722.1074,0.00066587,30.493305555555555,-0.08852828353035988,-0.2194317696325334,300-350,quiet_control,4.870379145149346
69980,2026-09-05 12:44:51.156000+00:00,0.0012046,15.751749,0.00183339,0.0002066,342.7447,345.52234,6722.2705,spacetrack,2026-09-04 19:58:34.623000+00:00,342.5507,6721.8286,0.0013014,16.771259166666667,0.27761779564257943,0.6323675458473768,300-350,quiet_control,6.666694674237092
69980,2026-09-06 13:08:31.735000+00:00,0.00099105,15.751975,0.00150369,7.77e-05,343.5468,344.59146,6722.206,spacetrack,2026-09-05 12:44:51.156000+00:00,342.7447,6722.2705,0.0012046,24.394605277777778,0.7891252914649951,-0.06345665290998165,300-350,quiet_control,4.139153933385021
69981,2026-09-02 18:47:50.388000+00:00,0.0006497,15.752072,0.00097968,0.0001163,343.25977,344.82336,6722.1787,spacetrack,2026-09-01 12:18:14.805000+00:00,343.0326,6722.072,0.0012613,30.4932175,0.17879648154544608,0.08397933081369868,300-350,quiet_control,5.79326181305728
69981,2026-09-03 23:45:56.998000+00:00,0.001269,15.752676,0.00194159,5.75e-05,343.48328,344.25632,6722.007,spacetrack,2026-09-02 18:47:50.388000+00:00,343.25977,6722.1787,0.0006497,28.96850277777778,0.18517491363462613,-0.14225105217311831,300-350,quiet_control,5.585756982607834
69981,2026-09-04 11:57:47.406000+00:00,0.0010481,15.752621,0.00159663,0.0001873,342.62646,345.14453,6722.0225,spacetrack,2026-09-03 23:45:56.998000+00:00,343.48328,6722.007,0.001269,12.197335555555556,-1.6859157400677636,0.03049846405519826,300-350,quiet_control,4.770223223614774
69981,2026-09-05 12:21:28.225000+00:00,0.001202,15.753525,0.00184402,0.0003204,341.47476,345.78207,6721.7656,spacetrack,2026-09-04 11:57:47.406000+00:00,342.62646,6722.0225,0.0010481,24.394671944444447,-1.1330670919841963,-0.2527437144491576,300-350,quiet_control,5.6163981914129035
69981,2026-09-06 12:45:08.738000+00:00,0.00084988,15.751959,0.00128594,0.0001259,343.22745,344.9201,6722.211,spacetrack,2026-09-05 12:21:28.225000+00:00,341.47476,6721.7656,0.001202,24.394586944444445,1.724339915891833,0.4381955728275552,300-350,quiet_control,4.139153286430927
69982,2026-09-02 18:41:44.356000+00:00,0.0011593,15.752413,0.00176799,0.0001651,342.8348,345.05444,6722.0815,spacetrack,2026-09-01 12:12:08.954000+00:00,343.07825,6722.0317,0.0014128,30.493167222222223,-0.19161013867209103,0.03919566607516813,300-350,quiet_control,5.796594195118502
69982,2026-09-03 12:59:29.989000+00:00,0.00088466,15.752249,0.00134119,0.0001665,342.8721,345.1106,6722.1284,spacetrack,2026-09-02 18:41:44.356000+00:00,342.8348,6722.0815,0.0011593,18.296009166666668,0.048928703076479826,0.06152161325080461,300-350,quiet_control,5.289918173260402
69982,2026-09-04 19:29:05.507000+00:00,0.00136,15.752375,0.00208175,3e-06,343.93546,343.9758,6722.093,spacetrack,2026-09-03 12:59:29.989000+00:00,342.8721,6722.1284,0.00088466,30.493199444444443,0.8369289043117887,-0.027861950056830998,300-350,quiet_control,4.902610215877096
69982,2026-09-05 12:15:22.348000+00:00,0.0013322,15.753125,0.00204482,8.7e-05,343.1573,344.32687,6721.879,spacetrack,2026-09-04 19:29:05.507000+00:00,343.93546,6722.093,0.00136,16.77134472222222,-1.1135565042231392,-0.30623662473488755,300-350,quiet_control,6.608083702159905
69982,2026-09-06 12:39:03.151000+00:00,0.00070822,15.75239,0.00107068,0.0001673,342.82663,345.07584,6722.0884,spacetrack,2026-09-05 12:15:22.348000+00:00,343.1573,6721.879,0.0013322,24.3946675,-0.325320277474573,0.2060122360755101,300-350,quiet_control,4.139156129100755
69983,2026-09-02 13:10:23.142000+00:00,0.00038018,15.752069,0.00056998,0.0001516,343.02332,345.0615,6722.179,spacetrack,2026-09-01 12:46:42.803000+00:00,343.45493,6722.215,0.00066346,24.394538611111113,-0.42462946994543127,-0.03541776353203361,300-350,quiet_control,5.968084807780121
69983,2026-09-03 12:02:34.967000+00:00,0.0012159,15.752625,0.00185811,0.0001622,342.79395,344.97455,6722.0215,spacetrack,2026-09-02 13:10:23.142000+00:00,343.02332,6722.179,0.00038018,22.86995138888889,-0.24070361612901794,-0.16528238017342628,300-350,quiet_control,5.2110588220290275
69983,2026-09-04 21:35:07.524000+00:00,0.00097567,15.754035,0.00149342,9.34e-05,342.8553,344.1109,6721.62,spacetrack,2026-09-03 12:02:34.967000+00:00,342.79395,6722.0215,0.0012159,33.54237694444444,0.04389671019554796,-0.2872783886472481,300-350,quiet_control,4.768762064392558
69983,2026-09-05 20:27:20+00:00,0.0014301,15.752567,0.00219379,0.0001198,343.0955,344.7061,6722.0376,spacetrack,2026-09-04 21:35:07.524000+00:00,342.8553,6721.62,0.00097567,22.87013222222222,0.25206675431455944,0.4382309600403583,300-350,quiet_control,5.672912739803913
69983,2026-09-06 23:53:57.618000+00:00,0.001361,15.7527,0.00208632,4.4e-05,343.56732,344.15887,6722.0,spacetrack,2026-09-05 20:27:20+00:00,343.0955,6722.0376,0.0014301,27.443782777777777,0.4126136725279981,-0.032881764416327605,300-350,quiet_control,4.827502096254993
69984,2026-09-02 19:45:46.814000+00:00,0.0007966,15.752141,0.00120507,0.0001783,342.82352,345.22064,6722.159,spacetrack,2026-09-01 13:16:11.044000+00:00,343.74585,6722.2,0.00063894,30.493269444444447,-0.7259280622673281,-0.03226941610169948,300-350,quiet_control,5.7615954413255315
69984,2026-09-03 12:32:03.394000+00:00,0.0014792,15.752766,0.00227335,0.0001924,342.55084,345.13748,6721.981,spacetrack,2026-09-02 19:45:46.814000+00:00,342.82352,6722.159,0.0007966,16.771272222222223,-0.39021011127159333,-0.254721284312393,300-350,quiet_control,5.252634150526578
69984,2026-09-04 23:36:05.400000+00:00,0.001043,15.752524,0.00158791,0.0001078,343.18842,344.6377,6722.0503,spacetrack,2026-09-03 12:32:03.394000+00:00,342.55084,6721.981,0.0014792,35.06722388888889,0.4363596060094388,0.04742890413203416,300-350,quiet_control,4.606341806704181
69984,2026-09-05 13:19:24.912000+00:00,0.001115,15.751885,0.0016957,0.0004372,341.15585,347.03378,6722.232,spacetrack,2026-09-04 23:36:05.400000+00:00,343.18842,6722.0503,0.001043,13.722086666666668,-3.554975360890242,0.31779423246140404,300-350,quiet_control,7.755011021161505
69984,2026-09-06 12:11:36.452000+00:00,0.0011637,15.753418,0.00178276,9.28e-05,343.0349,344.28247,6721.796,spacetrack,2026-09-05 13:19:24.912000+00:00,341.15585,6722.232,0.001115,22.86987222222222,1.9719043273088366,-0.45754518863577187,300-350,quiet_control,4.081761376017016
69985,2026-09-02 12:22:06.111000+00:00,0.0015377,15.752599,0.00236401,0.0001399,342.95145,344.83228,6722.029,spacetrack,2026-09-01 19:35:48.711000+00:00,342.5296,6722.2236,0.00070002,16.7715,0.6036669349789912,-0.27847240854994637,300-350,quiet_control,5.821125122976477
69985,2026-09-03 12:45:46.238000+00:00,0.0010615,15.752319,0.00161528,0.0001314,343.08798,344.85455,6722.1084,spacetrack,2026-09-02 12:22:06.111000+00:00,342.95145,6722.029,0.0015377,24.394479722222222,0.13432219245138904,0.07811603369655154,300-350,quiet_control,5.230856976556183
69985,2026-09-04 19:15:22.106000+00:00,0.00081608,15.752093,0.0012348,0.0002285,342.49954,345.5716,6722.1724,spacetrack,2026-09-03 12:45:46.238000+00:00,343.08798,6722.1084,0.0010615,30.493296666666666,-0.4631365429057619,0.0503717265075636,300-350,quiet_control,4.91761202015729
69985,2026-09-05 13:33:07.828000+00:00,0.00096449,15.751826,0.00146171,0.0001314,343.2282,344.9948,6722.2485,spacetrack,2026-09-04 19:15:22.106000+00:00,342.49954,6722.1724,0.00081608,18.296033888888886,0.9558268259778464,0.09982491347989447,300-350,quiet_control,6.449072584370972
69985,2026-09-06 20:02:43.518000+00:00,0.001161,15.752311,0.00176997,0.0002035,342.60565,345.34155,6722.111,spacetrack,2026-09-05 13:33:07.828000+00:00,343.2282,6722.2485,0.00096449,30.493247222222223,-0.48998389351958627,-0.10822068164622134,300-350,quiet_control,4.181635915930021
69986,2026-09-02 12:00:45.301000+00:00,0.00084595,15.752218,0.00128135,0.0001337,343.10135,344.89883,6722.137,spacetrack,2026-09-01 13:08:33.926000+00:00,343.00644,6722.1914,0.00085779,22.86982638888889,0.09960023138205024,-0.05708832143273289,300-350,quiet_control,5.950032098941625
69986,2026-09-03 12:24:26.102000+00:00,0.00097925,15.752428,0.00148849,0.0001966,342.61877,345.26187,6722.077,spacetrack,2026-09-02 12:00:45.301000+00:00,343.10135,6722.137,0.00084595,24.394666944444445,-0.4747726224906963,-0.05902929534833091,300-350,quiet_control,5.24543956277511
69986,2026-09-04 18:54:01.788000+00:00,0.0011891,15.752451,0.0018148,0.0001663,342.81595,345.05173,6722.071,spacetrack,2026-09-03 12:24:26.102000+00:00,342.61877,6722.077,0.00097925,30.493246111111112,0.15519239843329477,-0.004722357189615118,300-350,quiet_control,4.940937959613389
69986,2026-09-05 23:52:08.515000+00:00,0.0010648,15.752541,0.00162193,0.0001163,343.12646,344.69,6722.0454,spacetrack,2026-09-04 18:54:01.788000+00:00,342.81595,6722.071,0.0011891,28.96853527777778,0.25725291004675893,-0.021209218695633674,300-350,quiet_control,5.170252356275406
69986,2026-09-06 12:03:58.944000+00:00,0.00080176,15.752099,0.00121275,0.0001544,342.99603,345.07184,6722.171,spacetrack,2026-09-05 23:52:08.515000+00:00,343.12646,6722.0454,0.0010648,12.197341388888887,-0.2566395331732952,0.24713582279112506,300-350,quiet_control,4.989262573590433
69987,2026-09-02 20:08:39.017000+00:00,0.00032428,15.750901,0.0004831,0.0002702,342.55832,346.19116,6722.5117,spacetrack,2026-09-01 19:44:58.388000+00:00,342.59235,6722.1206,0.00077341,24.39461916666667,-0.03347951424946604,0.38477337710692994,300-350,quiet_control,5.6310661815004766
69987,2026-09-03 23:35:17.638000+00:00,0.0014066,15.7533,0.00216389,0.0001769,342.5033,344.88147,6721.8296,spacetrack,2026-09-02 20:08:39.017000+00:00,342.55832,6722.5117,0.00032428,27.444061388888887,-0.048115327439602895,-0.5965006333438525,300-350,quiet_control,5.562746933481996
69987,2026-09-04 19:24:31.001000+00:00,0.001459,15.752812,0.00224185,0.0002335,342.2615,345.40067,6721.9683,spacetrack,2026-09-03 23:35:17.638000+00:00,342.5033,6721.8296,0.0014066,19.82037861111111,-0.29278956340153217,0.16794835584745793,300-350,quiet_control,4.273199778964867
69987,2026-09-05 12:10:47.997000+00:00,0.0010798,15.752825,0.00164733,8.4e-05,343.26273,344.39203,6721.9644,spacetrack,2026-09-04 19:24:31.001000+00:00,342.2615,6721.9683,0.001459,16.77138777777778,1.4327687319852231,-0.005580933507406226,300-350,quiet_control,6.598986508040247
69987,2026-09-06 12:34:28.622000+00:00,0.0010501,15.751949,0.00159495,0.0001362,343.16104,344.99216,6722.2134,spacetrack,2026-09-05 12:10:47.997000+00:00,343.26273,6721.9644,0.0010798,24.394618055555554,-0.1000450178986627,0.2449720666413203,300-350,quiet_control,4.139154384291845
69988,2026-09-02 12:14:59.126000+00:00,0.0010331,15.752387,0.00157163,5.49e-05,343.58295,344.32104,6722.089,spacetrack,2026-09-01 13:22:47.642000+00:00,343.1081,6722.211,0.00057511,22.869856666666667,0.49831532248344157,-0.12802878665500278,300-350,quiet_control,5.939662911942653
69988,2026-09-03 12:38:39.296000+00:00,0.00079656,15.7525215,0.00120698,9.3e-05,343.28864,344.53894,6722.051,spacetrack,2026-09-02 12:14:59.126000+00:00,343.58295,6722.089,0.0010331,24.394491666666667,-0.2895506123479337,-0.037385489005107284,300-350,quiet_control,5.235718901477872
69988,2026-09-04 13:02:20.342000+00:00,0.00098425,15.7523775,0.00149583,0.0001016,343.27176,344.6377,6722.092,spacetrack,2026-09-03 12:38:39.296000+00:00,343.28864,6722.051,0.00079656,24.394735,-0.016606862095462478,0.04033657262446952,300-350,quiet_control,5.368932066693899
69988,2026-09-05 13:26:00.765000+00:00,0.0011462,15.751944,0.00174411,0.000247,342.41782,345.7386,6722.2153,spacetrack,2026-09-04 13:02:20.342000+00:00,343.27176,6722.092,0.00098425,24.394561944444444,-0.8401282239325705,0.12130572406850312,300-350,quiet_control,5.614891139843405
69988,2026-09-06 19:55:37.914000+00:00,0.0013772,15.752052,0.00210575,0.0001799,342.83798,345.25662,6722.184,spacetrack,2026-09-05 13:26:00.765000+00:00,342.41782,6722.2153,0.0011462,30.4936525,0.33068652566301254,-0.024634635027454103,300-350,quiet_control,4.177769810728096
69989,2026-09-02 13:37:19.034000+00:00,0.00053106,15.751904,0.00079825,5.52e-05,343.7185,344.46066,6722.2266,spacetrack,2026-09-01 13:13:38.730000+00:00,343.12204,6722.1465,0.0006746,24.39452888888889,0.58681354598816,0.07880455526561592,300-350,quiet_control,5.949684414665656
69989,2026-09-03 12:29:30.933000+00:00,0.0014738,15.75281,0.00226518,0.0001707,342.6844,344.97928,6721.9688,spacetrack,2026-09-02 13:37:19.034000+00:00,343.7185,6722.2266,0.00053106,22.869971944444444,-1.0851959093036592,-0.2705381543553038,300-350,quiet_control,5.191432071790303
69989,2026-09-04 18:59:06.724000+00:00,0.00068178,15.751971,0.00102828,0.0001572,343.01358,345.12704,6722.2075,spacetrack,2026-09-03 12:29:30.933000+00:00,342.6844,6721.9688,0.0014738,30.493275277777776,0.25908400878660665,0.18787093048656123,300-350,quiet_control,4.935382401389392
69989,2026-09-05 13:16:52.212000+00:00,0.0011556,15.751897,0.00175823,0.0001244,343.2551,344.9276,6722.2285,spacetrack,2026-09-04 18:59:06.724000+00:00,343.01358,6722.2075,0.00068178,18.29596888888889,0.31681732928181117,0.027547051651340384,300-350,quiet_control,6.4194603401405
69989,2026-09-06 19:46:27.698000+00:00,0.00077946,15.752174,0.00117892,0.0001828,342.78378,345.2414,6722.1494,spacetrack,2026-09-05 13:16:52.212000+00:00,343.2551,6722.2285,0.0011556,30.493190555555557,-0.3709575742621096,-0.06225652237142988,300-350,quiet_control,4.172745160973371
69990,2026-09-02 12:09:53.344000+00:00,0.00082296,15.752736,0.00124888,0.0002157,342.4027,345.30258,6721.9897,spacetrack,2026-09-01 19:23:37.581000+00:00,342.33585,6722.0234,0.0013378,16.771045277777777,0.0956648779742787,-0.04822597438637714,300-350,quiet_control,5.821120273047316
69990,2026-09-03 07:59:07.961000+00:00,0.00080586,15.751726,0.00121703,0.0001198,343.33478,344.94543,6722.2773,spacetrack,2026-09-02 12:09:53.344000+00:00,342.4027,6721.9897,0.00082296,19.820726944444445,1.1286124904854244,0.3482415160321066,300-350,quiet_control,5.548117776317123
69990,2026-09-04 12:57:15.251000+00:00,0.00056277,15.751935,0.0008466,0.000119,343.28058,344.8805,6722.218,spacetrack,2026-09-03 07:59:07.961000+00:00,343.33478,6722.2773,0.00080586,28.968691666666665,-0.044903650291451686,-0.04912890151801645,300-350,quiet_control,5.137082112307262
69990,2026-09-05 13:20:55.979000+00:00,0.00090184,15.752035,0.00136637,0.0001208,343.24002,344.8641,6722.189,spacetrack,2026-09-04 12:57:15.251000+00:00,343.28058,6722.218,0.00056277,24.394646666666667,-0.03990383682537317,-0.028530849800748583,300-350,quiet_control,5.614889004336197
69990,2026-09-06 19:50:31.730000+00:00,0.00091042,15.752734,0.00138388,0.0001755,342.67368,345.03308,6721.99,spacetrack,2026-09-05 13:20:55.979000+00:00,343.24002,6722.189,0.00090184,30.493264166666666,-0.44574303117272385,-0.1566247540410383,300-350,quiet_control,4.174970162581716
69991,2026-09-02 13:30:42.732000+00:00,0.00064144,15.752163,0.00096745,0.0001437,343.0499,344.98187,6722.153,spacetrack,2026-09-01 22:15:55.172000+00:00,342.77753,6722.1514,0.00085172,15.246544444444444,0.428745019818646,0.002518603487636894,300-350,quiet_control,5.803234102590823
69991,2026-09-03 12:22:54.556000+00:00,0.00098338,15.752438,0.00149492,0.0001702,342.79358,345.08176,6722.0747,spacetrack,2026-09-02 13:30:42.732000+00:00,343.0499,6722.153,0.00064144,22.86995111111111,-0.26898527111456344,-0.08216895571281087,300-350,quiet_control,5.196245719030833
69991,2026-09-04 12:46:34.897000+00:00,0.00044786,15.751943,0.00067212,0.0001711,342.92822,345.22855,6722.2153,spacetrack,2026-09-03 12:22:54.556000+00:00,342.79358,6722.0747,0.00098338,24.394539166666668,0.13246243259291335,0.13832603997718462,300-350,quiet_control,5.368935028389378
69991,2026-09-05 23:50:36.806000+00:00,0.0014014,15.7528,0.00215089,8.03e-05,343.29477,344.3743,6721.9717,spacetrack,2026-09-04 12:46:34.897000+00:00,342.92822,6722.2153,0.00044786,35.06719694444445,0.2508669288263182,-0.1667199123231069,300-350,quiet_control,4.833361154258211
69991,2026-09-06 13:33:56.574000+00:00,0.0012442,15.751859,0.00189615,0.0002699,342.28787,345.91656,6722.2393,spacetrack,2026-09-05 23:50:36.806000+00:00,343.29477,6721.9717,0.0014014,13.722157777777777,-1.761064141030027,0.46803134783975486,300-350,quiet_control,4.988599258198946
69992,2026-09-02 19:54:25.315000+00:00,0.00086238,15.751835,0.00130448,0.0001696,342.96902,345.24924,6722.246,spacetrack,2026-09-01 13:24:49.459000+00:00,343.25098,6722.194,0.00080389,30.493293333333334,-0.22191896185261611,0.04092703226083101,300-350,quiet_control,5.756873141576778
69992,2026-09-03 12:40:41.765000+00:00,0.00083528,15.752128,0.00126444,0.0001524,343.00146,345.05038,6722.163,spacetrack,2026-09-02 19:54:25.315000+00:00,342.96902,6722.246,0.00086238,16.77123611111111,0.04642233851113657,-0.11877478719014647,300-350,quiet_control,5.244046892455585
69992,2026-09-04 13:04:22.204000+00:00,0.0011794,15.753716,0.00181077,0.0004952,340.24518,346.90237,6721.711,spacetrack,2026-09-03 12:40:41.765000+00:00,343.00146,6722.163,0.00083528,24.39456638888889,-2.7116989474397903,-0.4446891913161685,300-350,quiet_control,5.368934616689858
69992,2026-09-05 13:28:02.792000+00:00,0.0011288,15.751886,0.00171667,0.0002038,342.72452,345.4645,6722.2314,spacetrack,2026-09-04 13:04:22.204000+00:00,340.24518,6721.711,0.0011794,24.39460777777778,2.4392341349388165,0.5119819967494463,300-350,quiet_control,5.614889984567172
69992,2026-09-06 19:57:38.536000+00:00,0.00083819,15.752189,0.00126928,0.0001912,342.7231,345.29367,6722.1455,spacetrack,2026-09-05 13:28:02.792000+00:00,342.72452,6722.2314,0.0011288,30.493262222222224,-0.0011176239443173592,-0.06760837804026423,300-350,quiet_control,4.178858090909409
69993,2026-09-02 13:34:46.543000+00:00,0.00071788,15.751958,0.00108341,0.0001236,343.24332,344.90503,6722.211,spacetrack,2026-09-01 13:11:06.368000+00:00,343.42517,6722.1143,0.00095611,24.394493055555557,-0.178909231278573,0.09513622581604712,300-350,quiet_control,5.951419272393843
69993,2026-09-03 12:26:58.576000+00:00,0.0011179,15.752427,0.00170369,0.000141,342.99283,344.88846,6722.0776,spacetrack,2026-09-02 13:34:46.543000+00:00,343.24332,6722.211,0.00071788,22.870009166666666,-0.26286653215518496,-0.13999119880901714,300-350,quiet_control,5.1932839068847
69993,2026-09-04 12:50:39.046000+00:00,0.00080929,15.751891,0.00122318,0.0001161,343.31262,344.8735,6722.23,spacetrack,2026-09-03 12:26:58.576000+00:00,342.99283,6722.0776,0.0011179,24.394575,0.31461749179884946,0.14993497529670585,300-350,quiet_control,5.368934486458567
69993,2026-09-05 23:54:40.260000+00:00,0.0010198,15.752478,0.00155155,4.56e-05,343.6196,344.23264,6722.063,spacetrack,2026-09-04 12:50:39.046000+00:00,343.31262,6722.23,0.00080929,35.06700388888889,0.21009835979556457,-0.11429547881212136,300-350,quiet_control,4.8314317541337966
69993,2026-09-06 15:09:28.930000+00:00,0.00081576,15.75205,0.00123397,0.0001056,343.3379,344.7576,6722.1846,spacetrack,2026-09-05 23:54:40.260000+00:00,343.6196,6722.063,0.0010198,15.246852777777777,-0.443422658993196,0.19140999408358536,300-350,quiet_control,4.973444428513206
69994,2026-09-02 13:15:27.874000+00:00,0.00081574,15.752009,0.00123372,5.53e-05,343.6878,344.43127,6722.1963,spacetrack,2026-09-01 12:51:47.769000+00:00,343.32642,6722.2285,0.00053861,24.39447361111111,0.3555362635924853,-0.031679306236859474,300-350,quiet_control,5.964612101067291
69994,2026-09-03 12:07:39.930000+00:00,0.00085929,15.752281,0.00130234,0.0002252,342.46835,345.49597,6722.119,spacetrack,2026-09-02 13:15:27.874000+00:00,343.6878,6722.1963,0.00081574,22.870015555555554,-1.2797017968311097,-0.08111931517893027,300-350,quiet_control,5.207356974056375
69994,2026-09-04 12:31:20.430000+00:00,0.001368,15.752627,0.00209665,0.0001176,343.09314,344.67416,6722.0205,spacetrack,2026-09-03 12:07:39.930000+00:00,342.46835,6722.119,0.00085929,24.394583333333333,0.6146839974721348,-0.09690675867257678,300-350,quiet_control,5.368934360428374
69994,2026-09-05 23:35:21.998000+00:00,0.0013429,15.752936,0.00206006,0.0001954,342.4823,345.10922,6721.9326,spacetrack,2026-09-04 12:31:20.430000+00:00,343.09314,6722.0205,0.001368,35.067102222222225,-0.41806020660326126,-0.06015894859575803,300-350,quiet_control,4.840607192077969
69994,2026-09-06 19:24:36.517000+00:00,0.00046928,15.752222,0.00070545,0.0001423,343.0424,344.9555,6722.1357,spacetrack,2026-09-05 23:35:21.998000+00:00,342.4823,6721.9326,0.0013429,19.820699722222223,0.6782000730745312,0.24592471851679057,300-350,quiet_control,4.747717660320855
69995,2026-09-02 12:25:08.938000+00:00,0.0013168,15.752651,0.0020164,0.0001458,342.89673,344.85684,6722.0137,spacetrack,2026-09-01 13:32:57.244000+00:00,343.87292,6722.1997,0.00073601,22.869915000000002,-1.0244270693616806,-0.19519093096728457,300-350,quiet_control,5.9322588455425205
69995,2026-09-03 20:26:13.429000+00:00,0.001057,15.752389,0.00160868,8.83e-05,343.358,344.54514,6722.0884,spacetrack,2026-09-02 12:25:08.938000+00:00,342.89673,6722.0137,0.0013168,32.017914166666664,0.34575893802368973,0.05599365376047907,300-350,quiet_control,5.4202328017914905
69995,2026-09-04 23:52:51.813000+00:00,0.0011434,15.752862,0.00174679,0.0001685,342.6841,344.9494,6721.9536,spacetrack,2026-09-03 20:26:13.429000+00:00,343.358,6722.0884,0.001057,27.443995555555556,-0.5893310967515448,-0.11788370951476196,300-350,quiet_control,4.179517986852902
69995,2026-09-05 12:04:41.953000+00:00,0.0012518,15.752278,0.00191133,0.00017,342.84027,345.1258,6722.12,spacetrack,2026-09-04 23:52:51.813000+00:00,342.6841,6721.9536,0.0011434,12.19726111111111,0.30728865815499123,0.32741776728577465,300-350,quiet_control,8.168184820180487
69995,2026-09-06 20:05:46.282000+00:00,0.00094619,15.752207,0.00143589,0.0001489,343.0023,345.00415,6722.14,spacetrack,2026-09-05 12:04:41.953000+00:00,342.84027,6722.12,0.0012518,32.017869166666664,0.12145467831597194,0.014991628503192161,300-350,quiet_control,4.222190258011218
69996,2026-09-02 13:25:37.839000+00:00,0.00036034,15.752047,0.00053994,0.0001748,342.8737,345.2238,6722.1855,spacetrack,2026-09-01 13:01:57.684000+00:00,342.97507,6722.154,0.00091743,24.3944875,-0.09973072809997548,0.03099060802074216,300-350,quiet_control,5.957667075399719
69996,2026-09-03 12:17:49.743000+00:00,0.0013245,15.752618,0.00202819,0.0001354,342.97626,344.79657,6722.0234,spacetrack,2026-09-02 13:25:37.839000+00:00,342.8737,6722.1855,0.00036034,22.86997333333333,0.10762758504896733,-0.17010951186020828,300-350,quiet_control,5.1999487464786425
69996,2026-09-04 12:41:30.354000+00:00,0.00091383,15.75175,0.00138313,0.0001311,343.25195,345.01453,6722.27,spacetrack,2026-09-03 12:17:49.743000+00:00,342.97626,6722.0234,0.0013245,24.394614166666667,0.2712303607179386,0.24261092877199922,300-350,quiet_control,5.368933894117407
69996,2026-09-05 13:05:10.755000+00:00,0.0013315,15.752049,0.00203405,8.59e-05,343.4706,344.6255,6722.185,spacetrack,2026-09-04 12:41:30.354000+00:00,343.25195,6722.27,0.00091383,24.39455583333333,0.21511357025114536,-0.08362521596779254,300-350,quiet_control,5.6148912938805635
69996,2026-09-06 13:28:51.366000+00:00,0.00084312,15.751909,0.00127529,0.0001699,342.9457,345.22992,6722.2246,spacetrack,2026-09-05 13:05:10.755000+00:00,343.4706,6722.185,0.0013315,24.394614166666667,-0.5164090693926077,0.038959419217966404,300-350,quiet_control,4.139154247059383
69997,2026-09-02 12:59:12.357000+00:00,0.00040902,15.752058,0.0006136,0.000158,342.98358,345.1078,6722.1826,spacetrack,2026-09-01 12:35:32.122000+00:00,342.96945,6722.1045,0.00094861,24.39450972222222,0.013901488648965402,0.07683696132190931,300-350,quiet_control,5.975721745677405
69997,2026-09-03 13:22:52.865000+00:00,0.00060578,15.752038,0.0009125,9.93e-05,343.38385,344.71887,6722.1885,spacetrack,2026-09-02 12:59:12.357000+00:00,342.98358,6722.1826,0.00040902,24.394585555555555,0.39379558132364795,0.005804566742082105,300-350,quiet_control,5.2055060191635425
69997,2026-09-04 12:15:04.640000+00:00,0.0014988,15.753992,0.00231704,0.0002573,341.76593,345.22488,6721.6323,spacetrack,2026-09-03 13:22:52.865000+00:00,343.38385,6722.1885,0.00060578,22.8699375,-1.6978655932050217,-0.5836832741672231,300-350,quiet_control,5.393529715592795
69997,2026-09-05 12:38:45.321000+00:00,0.0011347,15.752016,0.00172664,0.0001272,343.20255,344.91266,6722.195,spacetrack,2026-09-04 12:15:04.640000+00:00,341.76593,6721.6323,0.0014988,24.39463361111111,1.413379702669301,0.5535971646582468,300-350,quiet_control,5.614889333413391
69997,2026-09-06 13:02:26.077000+00:00,0.0011319,15.751938,0.00172183,0.0001954,342.76633,345.39337,6722.217,spacetrack,2026-09-05 12:38:45.321000+00:00,343.20255,6722.195,0.0011347,24.39465444444444,-0.42916287352387716,0.02164408605175686,300-350,quiet_control,4.139155668393472
69998,2026-09-02 13:31:43.683000+00:00,0.00098244,15.751836,0.00148948,5.55e-05,343.73587,344.48203,6722.246,spacetrack,2026-09-01 13:08:03.335000+00:00,342.58435,6722.162,0.00052001,24.39454111111111,1.1328960800747503,0.08264143977185721,300-350,quiet_control,5.953503543392928
69998,2026-09-03 01:43:34.032000+00:00,0.0013469,15.752114,0.00205878,0.0001569,342.9748,345.08423,6722.1665,spacetrack,2026-09-02 13:31:43.683000+00:00,343.73587,6722.246,0.00098244,12.197319166666666,-1.4975159500553419,-0.1564278161393095,300-350,quiet_control,5.932637656785649
69998,2026-09-05 00:00:02+00:00,-0.00045895,15.752069,-0.00068094,0.0001547,343.00253,345.08237,6722.179,spacetrack,2026-09-04 22:00:02+00:00,343.10757,6722.173,-0.00060913,2.0,-1.2604800000003706,0.0720000000037544,300-350,quiet_control,2.0013888888888887
100001,2026-09-02 22:23:05.993000+00:00,0.00045001,15.775787,0.00075537,0.0003389,335.02728,339.579,6715.44,spacetrack,2026-09-01 23:33:28.419000+00:00,334.33963,6715.2373,0.0015367,22.827103888888885,0.7229826473096135,0.21311507686981201,300-350,quiet_control,5.605731850881848
100001,2026-09-03 12:04:52.594000+00:00,0.00079792,15.77603,0.00135206,0.0003521,334.86975,339.5987,6715.371,spacetrack,2026-09-02 22:23:05.993000+00:00,335.02728,6715.44,0.00045001,13.696278055555556,-0.27603995659730685,-0.1209087602683716,300-350,quiet_control,5.117915388245886
100001,2026-09-04 09:23:11.716000+00:00,0.00067946,15.775915,0.0011476,0.0003248,335.0856,339.44794,6715.404,spacetrack,2026-09-03 12:04:52.594000+00:00,334.86975,6715.371,0.00079792,21.305311666666668,0.24315063215455124,0.03717382840485193,300-350,quiet_control,5.299765048157917
100001,2026-09-05 23:25:54.293000+00:00,0.00094673,15.776427,0.00161246,0.000379,334.5765,339.66666,6715.259,spacetrack,2026-09-04 09:23:11.716000+00:00,335.0856,6715.404,0.00067946,38.045160277777775,-0.3211551721898391,-0.09147024153932004,300-350,quiet_control,4.925921304766337
100001,2026-09-06 23:46:50.622000+00:00,0.00095162,15.775652,0.00161559,0.0004613,334.2437,340.43942,6715.4785,spacetrack,2026-09-05 23:25:54.293000+00:00,334.5765,6715.259,0.00094673,24.348980277777777,-0.3280301642566134,0.216354029610494,300-350,quiet_control,4.96765681346295
100002,2026-09-02 22:13:58.193000+00:00,0.0006861,15.775905,0.00115907,0.0003844,334.68845,339.85126,6715.4067,spacetrack,2026-09-01 23:24:20.628000+00:00,335.00882,6715.3296,0.0013446,22.827101388888888,-0.33683120204403955,0.08106154033595889,300-350,quiet_control,5.605731807702017
100002,2026-09-03 18:00:58.721000+00:00,0.00080963,15.776074,0.00137251,0.0003442,334.9103,339.53314,6715.359,spacetrack,2026-09-02 22:13:58.193000+00:00,334.68845,6715.4067,0.0006861,19.78348,0.26913364079527075,-0.05786646232007832,300-350,quiet_control,5.242616131686078
100002,2026-09-04 16:50:36.283000+00:00,0.00061618,15.775809,0.00103885,0.0004015,334.6007,339.9932,6715.434,spacetrack,2026-09-03 18:00:58.721000+00:00,334.9103,6715.359,0.00080963,22.827100555555557,-0.32550783144429435,0.07885364133806116,300-350,quiet_control,5.019150105718639
100002,2026-09-05 23:16:46.376000+00:00,0.0013508,15.776878,0.00232553,0.0003553,334.60757,339.37936,6715.1304,spacetrack,2026-09-04 16:50:36.283000+00:00,334.6007,6715.434,0.00061618,30.436136944444442,0.005417244649042351,-0.23939963252578622,300-350,quiet_control,5.008236490225485
100002,2026-09-06 23:37:42.706000+00:00,0.0016358,15.776024,0.00282309,0.0004803,334.01065,340.46146,6715.373,spacetrack,2026-09-05 23:16:46.376000+00:00,334.60757,6715.1304,0.0013508,24.348980555555556,-0.5883646737206656,0.23912294753800487,300-350,quiet_control,4.9551553436015405
100003,2026-09-02 23:31:04.548000+00:00,0.00077368,15.775959,0.00130985,0.0003469,334.9248,339.58395,6715.3916,spacetrack,2026-09-01 10:59:40.387000+00:00,334.8625,6715.36,0.00087816,36.523378055555554,0.04093816288639836,0.02076478245940115,300-350,quiet_control,6.000894997535102
100003,2026-09-03 22:20:41.890000+00:00,0.0011023,15.776179,0.00188156,0.0003534,334.8186,339.565,6715.3286,spacetrack,2026-09-02 23:31:04.548000+00:00,334.9248,6715.3916,0.00077368,22.827039444444445,-0.11165705505539596,-0.06623723604991752,300-350,quiet_control,5.47430765039833
100003,2026-09-04 22:41:38.308000+00:00,0.0012682,15.776113,0.00217158,0.0002497,335.53403,338.88766,6715.3477,spacetrack,2026-09-03 22:20:41.890000+00:00,334.8186,6715.3286,0.0011023,24.349005000000002,0.7051754270862101,0.018826231298175938,300-350,quiet_control,4.120009512594959
100003,2026-09-05 16:57:20.597000+00:00,0.0015719,15.776458,0.00271361,0.0002832,335.21094,339.01447,6715.2495,spacetrack,2026-09-04 22:41:38.308000+00:00,335.53403,6715.3477,0.0012682,18.261746944444447,-0.42461217010558,-0.12905665636362584,300-350,quiet_control,6.599778994613346
100003,2026-09-06 08:10:25.416000+00:00,0.00113,15.776655,0.00193416,0.0003492,334.712,339.4019,6715.194,spacetrack,2026-09-05 16:57:20.597000+00:00,335.21094,6715.2495,0.0015719,15.21800527777778,-0.7868679095207085,-0.08752789709783226,300-350,quiet_control,4.005596623400362
100004,2026-09-02 22:57:35.669000+00:00,0.00074231,15.776007,0.00125606,0.0003286,335.03424,339.4476,6715.378,spacetrack,2026-09-01 15:00:06.809000+00:00,334.86636,6715.247,0.0011498,31.958016666666666,0.12607540830914946,0.09837907129152303,300-350,quiet_control,5.718380521110769
100004,2026-09-03 21:47:13.314000+00:00,0.0011241,15.776223,0.00192012,0.0003765,334.65097,339.70758,6715.3164,spacetrack,2026-09-02 22:57:35.669000+00:00,335.03424,6715.378,0.00074231,22.827123611111112,-0.4029627278805974,-0.06476505867258515,300-350,quiet_control,5.474309588696536
100004,2026-09-04 09:57:41.427000+00:00,0.0012176,15.776259,0.00208427,0.0003484,334.82962,339.50885,6715.306,spacetrack,2026-09-03 21:47:13.314000+00:00,334.65097,6715.3164,0.0011241,12.174475833333332,0.35217943332400375,-0.020501909356904872,300-350,quiet_control,4.767914101161509
100004,2026-09-05 16:23:51.990000+00:00,0.0015703,15.776405,0.00270995,0.0002754,335.2782,338.97696,6715.2646,spacetrack,2026-09-04 09:57:41.427000+00:00,334.82962,6715.306,0.0012176,30.4362675,0.3537201136769214,-0.03264526440306055,300-350,quiet_control,5.422034912789487
100004,2026-09-06 09:08:14.948000+00:00,0.00089309,15.776544,0.00152038,0.000453,334.04654,340.13052,6715.2256,spacetrack,2026-09-05 16:23:51.990000+00:00,335.2782,6715.2646,0.0015703,16.739710555555554,-1.7658513211383169,-0.055914945297869965,300-350,quiet_control,3.9959996653333882
100005,2026-09-02 22:40:36.098000+00:00,0.0012004,15.775931,0.00205109,0.000375,334.74402,339.78058,6715.3994,spacetrack,2026-09-01 10:09:12.708000+00:00,335.0029,6715.288,0.0010579,36.523163888888895,-0.17011450647874893,0.07320285855163314,300-350,quiet_control,6.139057503765304
100005,2026-09-03 13:53:40.912000+00:00,0.00035132,15.775876,0.00058834,0.0003827,334.70782,339.8478,6715.415,spacetrack,2026-09-02 22:40:36.098000+00:00,334.74402,6715.3994,0.0012004,15.218003888888889,-0.057090273227828794,0.024602438186173012,300-350,quiet_control,5.086956615386154
100005,2026-09-04 23:22:28.294000+00:00,0.00098821,15.776081,0.00168191,0.0003534,334.84644,339.59283,6715.3564,spacetrack,2026-09-03 13:53:40.912000+00:00,334.70782,6715.415,0.00035132,33.47982833333333,0.09936968513922717,-0.04200738384930363,300-350,quiet_control,4.608015363678936
100005,2026-09-05 10:01:38.250000+00:00,0.0009886,15.775885,0.00168091,0.0002804,335.3926,339.1586,6715.4126,spacetrack,2026-09-04 23:22:28.294000+00:00,334.84644,6715.3564,0.00098821,10.652765555555556,1.2304635760208882,0.126615008371825,300-350,quiet_control,8.114511578579124
100005,2026-09-06 22:33:02.109000+00:00,0.0012928,15.776744,0.00222148,0.0003331,334.7947,339.26834,6715.1685,spacetrack,2026-09-05 10:01:38.250000+00:00,335.3926,6715.4126,0.0009886,36.523294166666666,-0.39288898571195197,-0.16040174178330469,300-350,quiet_control,4.4933644973106555
100006,2026-09-02 22:28:10.318000+00:00,0.00043643,15.775754,0.00073223,0.0003616,334.88425,339.74088,6715.4497,spacetrack,2026-09-01 23:38:32.828000+00:00,334.47018,6715.0127,0.0019303,22.827080555555558,0.4353460783481992,0.45945428608237115,300-350,quiet_control,5.6057314478697275
100006,2026-09-03 22:49:06.380000+00:00,0.00092828,15.776115,0.00157805,0.0003329,334.97433,339.44543,6715.3467,spacetrack,2026-09-02 22:28:10.318000+00:00,334.88425,6715.4497,0.00043643,24.348906111111113,0.0887892043336379,-0.10152406801032948,300-350,quiet_control,5.507164718396772
100006,2026-09-04 17:04:48.529000+00:00,0.00092057,15.775888,0.00156321,0.0003815,334.71255,339.83643,6715.4116,spacetrack,2026-09-03 22:49:06.380000+00:00,334.97433,6715.3467,0.00092828,18.261708055555555,-0.3440379169838047,0.08529322642048907,300-350,quiet_control,4.558700659450606
100006,2026-09-05 23:30:58.609000+00:00,0.0016386,15.777085,0.00284114,0.0003719,334.43735,339.432,6715.072,spacetrack,2026-09-04 17:04:48.529000+00:00,334.71255,6715.4116,0.00092057,30.436133333333334,-0.21700522624427687,-0.2677869725021762,300-350,quiet_control,5.0237927908786775
100006,2026-09-06 23:51:54.914000+00:00,0.0014852,15.776336,0.00255772,0.0003206,334.99463,339.30048,6715.2847,spacetrack,2026-09-05 23:30:58.609000+00:00,334.43735,6715.072,0.0016386,24.34897361111111,0.5492929687145639,0.2096515475983561,300-350,quiet_control,4.974599921819657
100007,2026-09-02 23:36:54.493000+00:00,0.00061738,15.775853,0.00104101,0.0003593,334.8716,339.6973,6715.4214,spacetrack,2026-09-01 23:15:58.303000+00:00,334.16296,6714.9556,0.0021277,24.34894166666667,0.6984845679466587,0.4591246779034683,300-350,quiet_control,5.630374078544823
100007,2026-09-03 22:26:32.121000+00:00,0.00097584,15.77604,0.00166025,0.0003993,334.55002,339.91293,6715.3687,spacetrack,2026-09-02 23:36:54.493000+00:00,334.8716,6715.4214,0.00061738,22.827118888888887,-0.3381031148769412,-0.0554077808137282,300-350,quiet_control,5.474309479947511
100007,2026-09-04 22:47:28.400000+00:00,0.0009358,15.775809,0.00158887,0.0003254,335.11157,339.48196,6715.4336,spacetrack,2026-09-03 22:26:32.121000+00:00,334.55002,6715.3687,0.00097584,24.348966388888886,0.5535019345276573,0.06396986118959636,300-350,quiet_control,4.1040308589872945
100007,2026-09-05 23:08:24.222000+00:00,0.00094006,15.776477,0.00160111,0.0003383,334.8356,339.37915,6715.244,spacetrack,2026-09-04 22:47:28.400000+00:00,335.11157,6715.4336,0.0009358,24.348839444444444,-0.27201625010142083,-0.18688365046708114,300-350,quiet_control,5.625639880486205
100007,2026-09-06 23:29:20.404000+00:00,0.0014217,15.776686,0.00244975,0.0004902,333.7565,340.34006,6715.185,spacetrack,2026-09-05 23:08:24.222000+00:00,334.8356,6715.244,0.00094006,24.348939444444444,-1.063635648652807,-0.0581544836157522,300-350,quiet_control,4.943696224414611
100008,2026-09-02 23:14:04.844000+00:00,0.00083461,15.775959,0.00141499,0.0003696,334.77237,339.7364,6715.3916,spacetrack,2026-09-01 22:53:08.527000+00:00,334.62817,6715.3413,0.0010717,24.348976944444445,0.14213328173485826,0.04957908509879059,300-350,quiet_control,5.630374614073736
100008,2026-09-03 22:03:42.662000+00:00,0.000753,15.7759,0.00127408,0.0004137,334.493,340.04935,6715.408,spacetrack,2026-09-02 23:14:04.844000+00:00,334.77237,6715.3916,0.00083461,22.827171666666665,-0.2937236420660679,0.017242609192144962,300-350,quiet_control,5.474310695375242
100008,2026-09-04 10:14:10.747000+00:00,0.00078234,15.7759285,0.00132446,0.000294,335.28882,339.2375,6715.4004,spacetrack,2026-09-03 22:03:42.662000+00:00,334.493,6715.408,0.000753,12.174468055555556,1.5688307622840312,-0.014982174101203154,300-350,quiet_control,4.767913314031402
100008,2026-09-05 22:45:34.735000+00:00,0.00099374,15.776113,0.0016916,0.0002891,335.26932,339.15213,6715.3477,spacetrack,2026-09-04 10:14:10.747000+00:00,335.28882,6715.4004,0.00078234,36.52333,-0.012813727554411035,-0.03462992010872147,300-350,quiet_control,4.917971137291637
100008,2026-09-06 23:06:30.926000+00:00,0.0014586,15.776867,0.00251675,0.0003455,334.6767,339.31686,6715.134,spacetrack,2026-09-05 22:45:34.735000+00:00,335.26932,6715.3477,0.00099374,24.348941944444448,-0.58412722953021,-0.21063748937050117,300-350,quiet_control,4.912449549627362
100009,2026-09-02 23:11:17.557000+00:00,0.00089154,15.776029,0.00151375,0.0003277,335.0339,339.43515,6715.3716,spacetrack,2026-09-01 10:39:53.480000+00:00,335.00156,6715.378,0.00086788,36.52335472222222,0.021251059928746208,-0.004205528247650673,300-350,quiet_control,6.055057008918273
100009,2026-09-03 22:00:55.015000+00:00,0.0012486,15.776331,0.00213962,0.0003822,334.58212,339.7153,6715.2856,spacetrack,2026-09-02 23:11:17.557000+00:00,335.0339,6715.3716,0.00089154,22.827071666666665,-0.4749939089136054,-0.09041895649803071,300-350,quiet_control,5.474308392454777
100009,2026-09-04 10:11:23.449000+00:00,0.00081735,15.775874,0.00138442,0.0002643,335.5035,339.05328,6715.4155,spacetrack,2026-09-03 22:00:55.015000+00:00,334.58212,6715.2856,0.0012486,12.174565000000001,1.816337585778217,0.2560748577052046,300-350,quiet_control,4.767923124974075
100009,2026-09-05 22:42:47.332000+00:00,0.0014444,15.776841,0.00249119,0.0003674,334.53683,339.4711,6715.141,spacetrack,2026-09-04 10:11:23.449000+00:00,335.5035,6715.4155,0.00081735,36.52330083333334,-0.6352131234213472,-0.1803780011580457,300-350,quiet_control,4.920516638529757
100009,2026-09-06 23:03:43.551000+00:00,0.00096032,15.776424,0.00163592,0.0003273,334.9245,339.3203,6715.2593,spacetrack,2026-09-05 22:42:47.332000+00:00,334.53683,6715.141,0.0014444,24.348949722222223,0.3821142228368443,0.11660461877790776,300-350,quiet_control,4.908630361982645
100010,2026-09-02 22:31:12.896000+00:00,0.00070162,15.775761,0.00118487,0.000358,334.9064,339.71466,6715.4478,spacetrack,2026-09-01 23:41:35.333000+00:00,334.9181,6715.3765,0.00091414,22.827100833333333,-0.012301167899037395,0.0749635274529412,300-350,quiet_control,5.605731798106498
100010,2026-09-03 10:41:41.167000+00:00,0.0005483,15.775864,0.00092299,0.0003352,335.03043,339.53244,6715.4185,spacetrack,2026-09-02 22:31:12.896000+00:00,334.9064,6715.4478,0.00070162,12.174519722222222,0.24450410101736414,-0.05775997871357564,300-350,quiet_control,5.228755019790764
100010,2026-09-04 23:13:05.300000+00:00,0.00084935,15.775967,0.00144042,0.0003458,334.9299,339.57425,6715.389,spacetrack,2026-09-03 10:41:41.167000+00:00,335.03043,6715.4185,0.0005483,36.52337027777778,-0.06605962104951645,-0.019384848512247456,300-350,quiet_control,4.617788611801547
100010,2026-09-05 09:52:15.001000+00:00,0.00092381,15.776057,0.00156985,0.00032,335.07745,339.3753,6715.3633,spacetrack,2026-09-04 23:13:05.300000+00:00,334.9299,6715.389,0.00084935,10.652694722222222,0.33242293075510704,-0.05790084256490869,300-350,quiet_control,8.041116330998253
100010,2026-09-06 22:23:39.276000+00:00,0.0012224,15.776754,0.00209735,0.0003331,334.79184,339.2655,6715.1655,spacetrack,2026-09-05 09:52:15.001000+00:00,335.07745,6715.3633,0.00092381,36.52340972222222,-0.187677986588143,-0.12997691168767297,300-350,quiet_control,4.4976530387379015
100011,2026-09-02 22:37:33.660000+00:00,0.0007861,15.775824,0.00133092,0.0005006,333.93112,340.6546,6715.4297,spacetrack,2026-09-01 22:16:37.368000+00:00,334.811,6715.0947,0.0015463,24.34897,-0.8672695395328416,0.3301987722684316,300-350,quiet_control,5.63037450865478
100011,2026-09-03 21:27:11.078000+00:00,0.00084208,15.776065,0.00142845,0.0003257,335.03702,339.4114,6715.3613,spacetrack,2026-09-02 22:37:33.660000+00:00,333.93112,6715.4297,0.0007861,22.82706055555556,1.1627252635267364,-0.07191464691686414,300-350,quiet_control,5.47430813657348
100011,2026-09-04 23:19:26.825000+00:00,0.0009325,15.775469,0.00158065,0.0003001,335.37814,339.4088,6715.5303,spacetrack,2026-09-03 21:27:11.078000+00:00,335.03702,6715.3613,0.00084208,25.871040833333335,0.31644957977304977,0.15677761193097278,300-350,quiet_control,4.1331840286844965
100011,2026-09-05 09:58:36.310000+00:00,0.0010164,15.776142,0.00173127,0.0003033,335.16553,339.23907,6715.3394,spacetrack,2026-09-04 23:19:26.825000+00:00,335.37814,6715.5303,0.0009325,10.652634722222222,-0.47900262545894934,-0.4300907821850575,300-350,quiet_control,8.090865366249377
100011,2026-09-06 22:29:59.518000+00:00,0.0014928,15.776896,0.0025778,0.0003196,334.84232,339.1346,6715.1255,spacetrack,2026-09-05 09:58:36.310000+00:00,335.16553,6715.3394,0.0010164,36.523113333333335,-0.21238715136918088,-0.1405575683852914,300-350,quiet_control,4.494740788496734
100012,2026-09-02 22:46:10.920000+00:00,0.00064764,15.775764,0.00109225,0.0002959,335.32236,339.29654,6715.4463,spacetrack,2026-09-01 22:25:14.694000+00:00,334.68396,6715.3076,0.00094844,24.348951666666665,0.629250910254785,0.1367122513346429,300-350,quiet_control,5.630374230348452
100012,2026-09-03 21:35:48.494000+00:00,0.0010353,15.776141,0.00176444,0.0004008,334.51108,339.8941,6715.3394,spacetrack,2026-09-02 22:46:10.920000+00:00,335.32236,6715.4463,0.00064764,22.827103888888885,-0.8529649707108771,-0.11239270704170472,300-350,quiet_control,5.474309134509131
100012,2026-09-04 09:46:16.525000+00:00,0.0013559,15.776434,0.00232983,0.0003584,334.7129,339.5264,6715.257,spacetrack,2026-09-03 21:35:48.494000+00:00,334.51108,6715.3394,0.0010353,12.174453055555556,0.39785606613264957,-0.16243850881688576,300-350,quiet_control,4.76791179599193
100012,2026-09-05 22:17:40.603000+00:00,0.0016813,15.777102,0.00291826,0.0003738,334.4198,339.44,6715.067,spacetrack,2026-09-04 09:46:16.525000+00:00,334.7129,6715.257,0.0013559,36.523355,-0.19260005002277447,-0.12485161891590724,300-350,quiet_control,4.9434370449021205
100012,2026-09-06 22:38:36.891000+00:00,0.0011585,15.776654,0.00198403,0.0003004,335.03973,339.07422,6715.194,spacetrack,2026-09-05 22:17:40.603000+00:00,334.4198,6715.067,0.0016813,24.34896888888889,0.6110451768160765,0.12517983878161945,300-350,quiet_control,4.8742531054931275
100013,2026-09-02 23:03:10.709000+00:00,0.00051521,15.775719,0.00086606,0.0003605,334.90158,339.7434,6715.4595,spacetrack,2026-09-01 22:42:14.461000+00:00,334.7289,6715.334,0.0015862,24.34895777777778,0.17020523169097088,0.1237013931968523,300-350,quiet_control,5.630374323117276
100013,2026-09-03 21:52:48.159000+00:00,0.00092019,15.776061,0.00156401,0.00045,334.2034,340.24722,6715.3623,spacetrack,2026-09-02 23:03:10.709000+00:00,334.90158,6715.4595,0.00051521,22.827069444444444,-0.7340548045723386,-0.10219445845561742,300-350,quiet_control,5.4743083412785385
100013,2026-09-04 10:03:16.153000+00:00,0.00040811,15.775786,0.00068421,0.0003098,335.22293,339.38382,6715.4404,spacetrack,2026-09-03 21:52:48.159000+00:00,334.2034,6715.3623,0.00092019,12.174442777777777,2.009843115338629,0.15396187195002733,300-350,quiet_control,4.767910755851613
100013,2026-09-05 22:34:40.300000+00:00,0.0009395,15.775909,0.00159611,0.0003665,334.8072,339.72958,6715.4053,spacetrack,2026-09-04 10:03:16.153000+00:00,335.22293,6715.4404,0.00040811,36.52337416666666,-0.2731817699665321,-0.02306468170649427,300-350,quiet_control,4.927927029864672
100013,2026-09-06 22:55:36.566000+00:00,0.0010345,15.776495,0.00176571,0.0002995,335.09097,339.1134,6715.2393,spacetrack,2026-09-05 22:34:40.300000+00:00,334.8072,6715.4053,0.0009395,24.34896277777778,0.2797030847743429,-0.1636209327010856,300-350,quiet_control,4.89751863260979
100014,2026-09-02 23:34:06.982000+00:00,0.00092725,15.776132,0.00157648,0.0003707,334.71594,339.6947,6715.3423,spacetrack,2026-09-01 23:13:11.103000+00:00,334.04825,6715.0547,0.0019123,24.348855277777776,0.6581237523155683,0.2834794458001945,300-350,quiet_control,5.6303727671249515
100014,2026-09-03 17:49:48.947000+00:00,0.0007579,15.776103,0.0012835,0.0003433,334.90817,339.51895,6715.3506,spacetrack,2026-09-02 23:34:06.982000+00:00,334.71594,6715.3423,0.00092725,18.261656944444443,0.25263424967598047,0.01090810108820909,300-350,quiet_control,5.178606845718713
100014,2026-09-04 22:44:40.985000+00:00,0.0010102,15.775973,0.00171922,0.000305,335.2021,339.2985,6715.387,spacetrack,2026-09-03 17:49:48.947000+00:00,334.90817,6715.3506,0.0007579,28.914455,0.24397208939264925,0.030213261844257037,300-350,quiet_control,4.51358525615571
100014,2026-09-05 09:23:50.550000+00:00,0.00068939,15.775629,0.00116307,0.0002947,335.36896,339.32706,6715.485,spacetrack,2026-09-04 22:44:40.985000+00:00,335.2021,6715.387,0.0010102,10.652656944444445,0.37592874912671537,0.22078998810015776,300-350,quiet_control,7.818912157152239
100014,2026-09-06 21:55:14.042000+00:00,0.0011241,15.776757,0.00192451,0.0002623,335.26642,338.78918,6715.165,spacetrack,2026-09-05 09:23:50.550000+00:00,335.36896,6715.485,0.00068939,36.52319222222222,-0.0673807476911464,-0.2102773479728912,300-350,quiet_control,4.510607323997753
100015,2026-09-02 23:39:41.818000+00:00,0.0015188,15.776491,0.00261968,0.000381,334.54477,339.66177,6715.24,spacetrack,2026-09-01 23:18:45.651000+00:00,334.8462,6715.265,0.0012336,24.348935277777777,-0.29711032196968473,-0.02464173456326408,300-350,quiet_control,5.630373981559107
100015,2026-09-03 20:58:00.766000+00:00,0.0006966,15.775926,0.00117715,0.0003649,334.81354,339.71442,6715.401,spacetrack,2026-09-02 23:39:41.818000+00:00,334.54477,6715.24,0.0015188,21.305263333333336,0.30276462201276366,0.18136363487025958,300-350,quiet_control,5.435204326400931
100015,2026-09-04 22:50:15.700000+00:00,0.0013819,15.776016,0.00237126,0.0003519,334.87488,339.60117,6715.375,spacetrack,2026-09-03 20:58:00.766000+00:00,334.81354,6715.401,0.0006966,25.870814999999997,0.056904276111932044,-0.024119843151294548,300-350,quiet_control,4.209656045925796
100015,2026-09-05 09:29:25.196000+00:00,0.00075473,15.7757225,0.00127586,0.0003463,334.99597,339.6471,6715.4585,spacetrack,2026-09-04 22:50:15.700000+00:00,334.87488,6715.375,0.0013819,10.652637777777777,0.27281130370001117,0.1881224201740941,300-350,quiet_control,7.8625537086589095
100015,2026-09-06 23:32:07.911000+00:00,0.0013853,15.776694,0.00238491,0.0004329,334.1387,339.9527,6715.1826,spacetrack,2026-09-05 09:29:25.196000+00:00,334.99597,6715.4585,0.00075473,38.04519861111111,-0.5407904479697445,-0.17404561526082987,300-350,quiet_control,4.567747463242095
100016,2026-09-02 23:16:52.015000+00:00,0.0014648,15.776174,0.00251992,0.0003763,334.6665,339.72046,6715.3306,spacetrack,2026-09-01 22:55:54.597000+00:00,334.35303,6715.6,0.00060061,24.34928277777778,0.30897337176871426,-0.2655355420121026,300-350,quiet_control,5.63037925666485
100016,2026-09-03 22:06:29.843000+00:00,0.0011085,15.776134,0.00189249,0.0004637,334.09088,340.3187,6715.342,spacetrack,2026-09-02 23:16:52.015000+00:00,334.6665,6715.3306,0.0014648,22.82717444444444,-0.6051944814116574,0.011985714686316679,300-350,quiet_control,5.474310759344966
100016,2026-09-04 10:16:58.110000+00:00,0.00095452,15.77595,0.00162224,0.0002757,335.40527,339.10815,6715.3936,spacetrack,2026-09-03 22:06:29.843000+00:00,334.09088,6715.342,0.0011085,12.174518611111111,2.591097110912356,0.10172065439091159,300-350,quiet_control,4.767918430359111
100016,2026-09-05 09:06:35.493000+00:00,0.0011514,15.775509,0.00196159,0.0003789,334.8375,339.9265,6715.519,spacetrack,2026-09-04 10:16:58.110000+00:00,335.40527,6715.3936,0.00095452,22.827050833333335,-0.5969443928385945,0.13184357550046738,300-350,quiet_control,5.479120587230188
100016,2026-09-06 23:09:18.192000+00:00,0.0010789,15.776545,0.00184363,0.0003392,334.81042,339.36603,6715.225,spacetrack,2026-09-05 09:06:35.493000+00:00,334.8375,6715.519,0.0011514,38.04519416666666,-0.017082840927339957,-0.18546363488345602,300-350,quiet_control,4.57774785089479
100017,2026-09-02 22:19:48.309000+00:00,0.00052277,15.775758,0.00087908,0.0003526,334.94357,339.6793,6715.448,spacetrack,2026-09-01 23:30:10.686000+00:00,335.01883,6715.389,0.0011304,22.827117500000004,-0.07912694189264058,0.06203148514063217,300-350,quiet_control,5.605732085971871
100017,2026-09-03 21:09:26.067000+00:00,0.0011052,15.776055,0.00188544,0.0003278,335.02576,339.42838,6715.3643,spacetrack,2026-09-02 22:19:48.309000+00:00,334.94357,6715.448,0.00052277,22.827155,0.08641287098629892,-0.08800045384557331,300-350,quiet_control,5.4743103115565654
100017,2026-09-04 23:01:40.600000+00:00,0.00099377,15.77583,0.00168956,0.0003181,335.15463,339.427,6715.4277,spacetrack,2026-09-03 21:09:26.067000+00:00,335.02576,6715.3643,0.0011052,25.87070361111111,0.11955144500483555,0.058815563073689604,300-350,quiet_control,4.178952591086703
100017,2026-09-05 23:22:36.422000+00:00,0.0012933,15.776963,0.00222442,0.0002978,334.96954,338.96906,6715.1064,spacetrack,2026-09-04 23:01:40.600000+00:00,335.15463,6715.4277,0.00099377,24.348839444444444,-0.18243826405506994,-0.3166968190663352,300-350,quiet_control,5.645084110899103
100017,2026-09-06 23:43:32.616000+00:00,0.0011749,15.775944,0.00200704,0.0004683,334.11395,340.4036,6715.396,spacetrack,2026-09-05 23:22:36.422000+00:00,334.96954,6715.1064,0.0012933,24.34894277777778,-0.8433286072174269,0.28544976524996657,300-350,quiet_control,4.963140516915439
100018,2026-09-02 22:11:11.012000+00:00,0.00148,15.776278,0.00254837,0.0004487,334.15088,340.1772,6715.3013,spacetrack,2026-09-01 23:21:33.179000+00:00,334.99878,6715.4487,0.0015038,22.82717583333333,-0.8914637600629274,-0.1549731787157939,300-350,quiet_control,5.605733093497366
100018,2026-09-03 17:58:11.191000+00:00,0.00097055,15.776278,0.00165263,0.0003343,334.91916,339.409,6715.3013,spacetrack,2026-09-02 22:11:11.012000+00:00,334.15088,6715.3013,0.00148,19.783383055555557,0.9320306819223294,0.0,300-350,quiet_control,5.241787920808231
100018,2026-09-04 21:21:44.530000+00:00,0.00085327,15.775965,0.00144721,0.0003545,334.87216,339.63336,6715.3896,spacetrack,2026-09-03 17:58:11.191000+00:00,334.91916,6715.3013,0.00097055,27.39259416666667,-0.041179013317836126,0.07736397608471403,300-350,quiet_control,4.632861219717952
100018,2026-09-05 09:32:12.606000+00:00,0.0011237,15.7756195,0.00191417,0.0003523,334.98483,339.71655,6715.488,spacetrack,2026-09-04 21:21:44.530000+00:00,334.87216,6715.3896,0.00085327,12.174465555555555,0.22211077666284684,0.19397976767192687,300-350,quiet_control,7.148823553194532
100018,2026-09-06 23:34:55.285000+00:00,0.0016495,15.775906,0.00284612,0.0005077,333.86002,340.67886,6715.4062,spacetrack,2026-09-05 09:32:12.606000+00:00,334.98483,6715.488,0.0011237,38.045188611111115,-0.7095625225029165,-0.051601794383665384,300-350,quiet_control,4.566524783003112
100019,2026-09-02 22:17:00.654000+00:00,0.00076489,15.775958,0.00129479,0.0003826,334.68533,339.82394,6715.3916,spacetrack,2026-09-01 14:19:31.988000+00:00,334.5851,6715.4067,0.00033278,31.957962777777777,0.07527138124314198,-0.01133989680477638,300-350,quiet_control,5.739484263120443
100019,2026-09-03 18:04:01.305000+00:00,0.0011251,15.776304,0.00192252,0.0003327,334.9223,339.39066,6715.2935,spacetrack,2026-09-02 22:17:00.654000+00:00,334.68533,6715.3916,0.00076489,19.783514166666667,0.2874757210517316,-0.11900817924303592,300-350,quiet_control,5.245181078167904
100019,2026-09-04 22:58:53.123000+00:00,0.00088768,15.775808,0.00150562,0.0003449,334.9811,339.6134,6715.434,spacetrack,2026-09-03 18:04:01.305000+00:00,334.9223,6715.2935,0.0011251,28.91439388888889,0.04880614151634537,0.11662011705893244,300-350,quiet_control,4.478518292379138
100019,2026-09-05 09:38:02.764000+00:00,0.00056868,15.775824,0.00095759,0.0003201,335.14307,339.4423,6715.4297,spacetrack,2026-09-04 22:58:53.123000+00:00,334.9811,6715.434,0.00088768,10.652678055555556,0.364911056142604,-0.009687704770020048,300-350,quiet_control,7.930011704672804
100019,2026-09-06 23:40:45.372000+00:00,0.001085,15.776686,0.00185541,0.0002955,335.0639,339.0326,6715.185,spacetrack,2026-09-05 09:38:02.764000+00:00,335.14307,6715.4297,0.00056868,38.04516888888889,-0.04994274057633945,-0.15436388302373844,300-350,quiet_control,4.563967444311516
100020,2026-09-02 23:25:29.694000+00:00,0.00062216,15.775865,0.00104925,0.0003599,334.86423,339.698,6715.418,spacetrack,2026-09-01 23:04:33.511000+00:00,335.13113,6715.361,0.0010839,24.348939722222223,-0.2630751101721701,0.05618314454762158,300-350,quiet_control,5.630374049027437
100020,2026-09-03 22:15:07.205000+00:00,0.0012934,15.776392,0.00221915,0.0003787,334.58853,339.67465,6715.2686,spacetrack,2026-09-02 23:25:29.694000+00:00,334.86423,6715.418,0.00062216,22.827086388888887,-0.2898661654525227,-0.1570765510279606,300-350,quiet_control,5.474308731497113
100020,2026-09-04 22:36:01.047000+00:00,0.0014254,15.777555,0.00246553,0.0003659,334.34436,339.25836,6714.9385,spacetrack,2026-09-03 22:15:07.205000+00:00,334.58853,6715.2686,0.0012934,24.348289444444447,-0.24067727687281215,-0.32537809352396885,300-350,quiet_control,4.135344848888655
100020,2026-09-05 09:15:12.055000+00:00,0.00076828,15.775226,0.00129613,0.000291,335.50824,339.41672,6715.5996,spacetrack,2026-09-04 22:36:01.047000+00:00,334.34436,6714.9385,0.0014254,10.653057777777779,2.6220753311099547,1.4893751945175449,300-350,quiet_control,7.751094599651722
100020,2026-09-06 09:36:09.175000+00:00,0.00088713,15.775461,0.00150225,0.000323,335.2265,339.56473,6715.5327,spacetrack,2026-09-05 09:15:12.055000+00:00,335.50824,6715.5996,0.00076828,24.3492,-0.27769947267262673,-0.06594056478222365,300-350,quiet_control,4.363153728984023
100021,2026-09-02 23:00:23.234000+00:00,0.00073443,15.775838,0.00124195,0.000463,334.17957,340.39804,6715.426,spacetrack,2026-09-01 13:31:36.055000+00:00,334.80582,6715.2744,0.00088053,33.479771944444444,-0.44892778914204445,0.10867457538363565,300-350,quiet_control,5.775187179980376
100021,2026-09-03 21:50:00.569000+00:00,0.0007412,15.77599,0.0012541,0.0003424,334.9464,339.5451,6715.383,spacetrack,2026-09-02 23:00:23.234000+00:00,334.17957,6715.426,0.00073443,22.827037500000003,0.8062333975663414,-0.0452095459173708,300-350,quiet_control,5.4743076056189945
100021,2026-09-04 10:00:28.606000+00:00,0.00056956,15.775919,0.00095951,0.0003351,335.01553,339.5162,6715.403,spacetrack,2026-09-03 21:50:00.569000+00:00,334.9464,6715.383,0.0007412,12.17445472222222,0.13627879341259488,0.039426817131639244,300-350,quiet_control,4.767911964663169
100021,2026-09-05 17:57:57.234000+00:00,0.00089665,15.776205,0.00152384,0.0003357,334.93027,339.43893,6715.322,spacetrack,2026-09-04 10:00:28.606000+00:00,335.01553,6715.403,0.00056956,31.95795222222222,-0.06402913383721925,-0.06082993010582721,300-350,quiet_control,5.2532815254433105
100021,2026-09-06 22:52:49.116000+00:00,0.0016067,15.776322,0.00277395,0.0003006,335.13254,339.16977,6715.288,spacetrack,2026-09-05 17:57:57.234000+00:00,334.93027,6715.322,0.00089665,28.914411666666666,0.16789136351670422,-0.028221220940634024,300-350,quiet_control,4.542719556170576
100022,2026-09-02 23:08:29.992000+00:00,0.00073254,15.775998,0.00123927,0.0003539,334.86664,339.61978,6715.3804,spacetrack,2026-09-01 22:47:33.784000+00:00,334.76926,6715.3643,0.0010791,24.348946666666667,0.09598443957333612,0.015869269635583445,300-350,quiet_control,5.630374154446654
100022,2026-09-03 21:58:07.496000+00:00,0.001175,15.776287,0.00200986,0.000387,334.56238,339.76,6715.2983,spacetrack,2026-09-02 23:08:29.992000+00:00,334.86664,6715.3804,0.00073254,22.827084444444445,-0.3198936779583855,-0.0863185136405191,300-350,quiet_control,5.474308686717961
100022,2026-09-04 10:08:35.792000+00:00,0.0012633,15.776288,0.00216483,0.0003076,335.0953,339.22656,6715.298,spacetrack,2026-09-03 21:58:07.496000+00:00,334.56238,6715.2983,0.001175,12.174526666666667,1.0505607610206689,-0.0005913987633110081,300-350,quiet_control,4.767919245594217
100022,2026-09-05 08:58:13.452000+00:00,0.0010113,15.775594,0.00171822,0.0003488,335.01556,339.7003,6715.495,spacetrack,2026-09-04 10:08:35.792000+00:00,335.0953,6715.298,0.0012633,22.82712777777778,-0.08383709149179128,0.20712198424742267,300-350,quiet_control,5.47301312789875
100022,2026-09-06 23:00:56.066000+00:00,0.0010582,15.776473,0.00180698,0.0003527,334.74014,339.47708,6715.2456,spacetrack,2026-09-05 08:58:13.452000+00:00,335.01556,6715.495,0.0010113,38.04517055555556,-0.17374294564792497,-0.15732877294510256,300-350,quiet_control,4.58141250137063
100023,2026-09-02 22:34:15.682000+00:00,0.00053497,15.775828,0.00090014,0.0003487,334.94974,339.63306,6715.428,spacetrack,2026-09-01 23:44:37.943000+00:00,334.8435,6715.4224,0.0015043,22.827149722222224,0.11169857082586804,0.0058877258713229685,300-350,quiet_control,5.6057326425104
100023,2026-09-03 13:47:20.573000+00:00,0.00063679,15.776088,0.00107533,0.0003443,334.90582,339.53003,6715.355,spacetrack,2026-09-02 22:34:15.682000+00:00,334.94974,6715.428,0.00053497,15.218025277777778,-0.06926522861935097,-0.11512663226851469,300-350,quiet_control,5.093900305469258
100023,2026-09-04 17:10:54.431000+00:00,0.00090722,15.775957,0.00154018,0.0002064,335.86893,338.64102,6715.392,spacetrack,2026-09-03 13:47:20.573000+00:00,334.90582,6715.355,0.00063679,27.39273833333333,0.8438236337939196,0.03241735051094575,300-350,quiet_control,5.08960918048658
100023,2026-09-05 08:23:59.028000+00:00,0.0010615,15.77656,0.00181348,0.0003516,334.72272,339.4449,6715.2207,spacetrack,2026-09-04 17:10:54.431000+00:00,335.86893,6715.392,0.00090722,15.217943611111112,-1.807671305859924,-0.2701547663113728,300-350,quiet_control,5.942625333175309
100023,2026-09-06 23:58:00.147000+00:00,0.00080587,15.775733,0.00136417,0.0004286,334.44016,340.19666,6715.4556,spacetrack,2026-09-05 08:23:59.028000+00:00,334.72272,6715.2207,0.0010615,39.5669775,-0.1713914084036302,0.14248245269705312,300-350,quiet_control,4.650396533321253
100024,2026-09-02 22:49:13.634000+00:00,0.00079057,15.775968,0.00133894,0.000326,335.06268,339.4411,6715.3887,spacetrack,2026-09-01 10:17:49.766000+00:00,334.98148,6715.358,0.00067899,36.52329666666666,0.05335772446245701,0.020173425381901235,300-350,quiet_control,6.115462103685602
100024,2026-09-03 23:10:09.563000+00:00,0.00074432,15.776016,0.00125958,0.0003258,335.0502,339.42596,6715.375,spacetrack,2026-09-02 22:49:13.634000+00:00,335.06268,6715.3887,0.00079057,24.348869166666667,-0.012301187293314399,-0.013503707205440016,300-350,quiet_control,5.507163970619716
100024,2026-09-04 21:59:47.462000+00:00,0.00089994,15.775921,0.00152779,0.0004046,334.5481,339.98218,6715.4023,spacetrack,2026-09-03 23:10:09.563000+00:00,335.0502,6715.375,0.00074432,22.82719416666667,-0.5278966793736545,0.028702607741013433,300-350,quiet_control,4.116892134222121
100024,2026-09-05 20:49:24.617000+00:00,0.00088389,15.776302,0.00150254,0.000384,334.5782,339.73553,6715.294,spacetrack,2026-09-04 21:59:47.462000+00:00,334.5481,6715.4023,0.00089994,22.8269875,0.031646751460310166,-0.11386522203146282,300-350,quiet_control,5.679854820965754
100024,2026-09-06 16:36:25.899000+00:00,0.0015791,15.776331,0.00272472,0.0002692,335.34113,338.95667,6715.286,spacetrack,2026-09-05 20:49:24.617000+00:00,334.5782,6715.294,0.00088389,19.783689444444445,0.9255260527324324,-0.009704964310859432,300-350,quiet_control,4.659119489031382
100025,2026-09-02 23:19:39.550000+00:00,0.00071519,15.775942,0.00120915,0.0003551,334.8746,339.64386,6715.396,spacetrack,2026-09-01 22:58:43.560000+00:00,334.4431,6715.046,0.0019363,24.348886111111113,0.42531719737575857,0.34498498048967163,300-350,quiet_control,5.630373235189062
100025,2026-09-03 22:09:17.094000+00:00,0.00059374,15.775907,0.0010008,0.0003491,334.92487,339.61356,6715.4062,spacetrack,2026-09-02 23:19:39.550000+00:00,334.8746,6715.396,0.00071519,22.827095555555555,0.05285297891113684,0.010724097571640884,300-350,quiet_control,5.474308942598722
100025,2026-09-04 10:19:45.407000+00:00,0.00054763,15.775797,0.0009216,0.0003457,334.9789,339.62198,6715.4375,spacetrack,2026-09-03 22:09:17.094000+00:00,334.92487,6715.4062,0.00059374,12.174531388888889,0.10651087574374582,0.06170258024691591,300-350,quiet_control,4.767919723490157
100025,2026-09-05 22:51:09.404000+00:00,0.001556,15.776992,0.002692,0.0003631,334.52298,339.39948,6715.098,spacetrack,2026-09-04 10:19:45.407000+00:00,334.9789,6715.4375,0.00054763,36.5233325,-0.2995915008576998,-0.22309026702317067,300-350,quiet_control,4.91288056903229
100025,2026-09-06 23:12:05.612000+00:00,0.00096739,15.776338,0.00164772,0.0003764,334.61923,339.6745,6715.2837,spacetrack,2026-09-05 22:51:09.404000+00:00,334.52298,6715.098,0.001556,24.348946666666667,0.09487063369202332,0.18303871871801422,300-350,quiet_control,4.920085705738035
100026,2026-09-02 22:43:23.610000+00:00,0.0012815,15.775806,0.00219209,0.0003271,335.1011,339.49432,6715.4346,spacetrack,2026-09-01 10:11:59.927000+00:00,334.98364,6715.3286,0.00080387,36.523245277777775,0.07718481691754477,0.06965427033238705,300-350,quiet_control,6.131426482782659
100026,2026-09-03 21:33:01.152000+00:00,0.00098317,15.776088,0.0016733,0.0003827,334.6479,339.7878,6715.355,spacetrack,2026-09-02 22:43:23.610000+00:00,335.1011,6715.4346,0.0012815,22.827095,-0.4764863860250088,-0.08369001837512235,300-350,quiet_control,5.474308929804691
100026,2026-09-04 21:53:57.427000+00:00,0.0010321,15.775973,0.00175763,0.0004167,334.45203,340.0486,6715.387,spacetrack,2026-09-03 21:33:01.152000+00:00,334.6479,6715.355,0.00098317,24.348965277777776,-0.19306282408191736,0.03154138137872276,300-350,quiet_control,4.25055641481457
100026,2026-09-05 22:14:53.289000+00:00,0.0016617,15.776894,0.00288017,0.0003817,334.42606,339.5524,6715.1265,spacetrack,2026-09-04 21:53:57.427000+00:00,334.45203,6715.387,0.0010321,24.348850555555554,-0.025597922931812886,-0.2567677675675482,300-350,quiet_control,5.552375972299491
100026,2026-09-06 16:30:35.696000+00:00,0.0013466,15.776136,0.00231005,0.0003168,335.07672,339.33157,6715.3413,spacetrack,2026-09-05 22:14:53.289000+00:00,334.42606,6715.1265,0.0016617,18.261779722222226,0.8551105224973189,0.28229450132511297,300-350,quiet_control,4.73870590104801
100027,2026-09-02 22:52:00.887000+00:00,0.00090649,15.776017,0.00153957,0.0003316,335.011,339.46463,6715.375,spacetrack,2026-09-01 17:57:09.628000+00:00,335.51215,6715.2837,0.0015811,28.914238611111113,-0.415974985949585,0.0757827321504875,300-350,quiet_control,5.688734670794981
100027,2026-09-03 21:41:38.202000+00:00,0.0010929,15.776294,0.00186609,0.0003554,334.77264,339.5459,6715.2964,spacetrack,2026-09-02 22:52:00.887000+00:00,335.011,6715.375,0.00090649,22.827031944444446,-0.25060813924134673,-0.08263886450883418,300-350,quiet_control,5.4743074776779945
100027,2026-09-04 09:52:06.507000+00:00,0.00073793,15.775946,0.00124822,0.0003398,334.97623,339.54,6715.395,spacetrack,2026-09-03 21:41:38.202000+00:00,334.77264,6715.2964,0.0010929,12.174529166666666,0.40134283084862143,0.1943730199016938,300-350,quiet_control,4.767919498597994
100027,2026-09-05 08:41:44.057000+00:00,0.00061111,15.775807,0.0010301,0.0003695,334.81595,339.77866,6715.434,spacetrack,2026-09-04 09:52:06.507000+00:00,334.97623,6715.395,0.00073793,22.82709722222222,-0.16851551305679005,0.04100389948324397,300-350,quiet_control,5.460972698748016
100027,2026-09-06 19:41:49.833000+00:00,0.0010037,15.776335,0.00171064,0.0002953,335.16467,339.13074,6715.2847,spacetrack,2026-09-05 08:41:44.057000+00:00,334.81595,6715.434,0.00061111,35.001604444444446,0.23911132454754486,-0.10237244997406622,300-350,quiet_control,4.465911142041615
100083,2026-09-02 18:27:26.523000+00:00,0.00026198,15.951639,0.00103845,0.0018359,275.61966,300.0959,6665.9946,spacetrack,2026-09-01 21:22:41.428000+00:00,276.1513,6666.5234,0.0002752,21.079193055555557,-0.6053059036164931,-0.6020723832526536,250-300,quiet_control,5.573038684342425
100083,2026-09-03 21:33:19.851000+00:00,0.00026294,15.954061,0.00105592,0.0018366,274.94156,299.42462,6665.3203,spacetrack,2026-09-02 18:27:26.523000+00:00,275.61966,6665.9946,0.00026198,27.098146666666665,-0.60057243767227,-0.5972068938537081,250-300,quiet_control,5.557165287072524
100083,2026-09-04 21:38:21.473000+00:00,0.00022867,15.9561825,0.00092949,0.0018466,274.28528,298.89948,6664.7295,spacetrack,2026-09-03 21:33:19.851000+00:00,274.94156,6665.3203,0.00026294,24.083783888888888,-0.6539968998503669,-0.5887446949953856,250-300,quiet_control,4.274474126908491
100083,2026-09-05 23:13:29.550000+00:00,0.00023553,15.9584,0.00096923,0.0018704,273.51025,298.43936,6664.112,spacetrack,2026-09-04 21:38:21.473000+00:00,274.28528,6664.7295,0.00022867,25.585576944444444,-0.7270002173642309,-0.5792325899934394,250-300,quiet_control,5.457016044314985
100083,2026-09-06 21:47:50.659000+00:00,0.00026586,15.960445,0.00110625,0.0018912,272.80338,298.00757,6663.5425,spacetrack,2026-09-05 23:13:29.550000+00:00,273.51025,6664.112,0.00023553,22.572530277777776,-0.7515719235384585,-0.6055147487593928,250-300,quiet_control,4.868082147389841
100086,2026-09-02 21:30:03.266000+00:00,-0.0025241,15.728433,-0.003283,0.000851,345.04926,356.50186,6728.9126,spacetrack,2026-09-01 22:36:11.779000+00:00,342.71246,6725.357,-6.3132e-05,22.897635277777777,2.4493009570481057,3.72677785128361,300-350,quiet_control,5.6069463116685005
100086,2026-09-03 14:18:21.221000+00:00,-0.0025406,15.717518,-0.00316027,0.0008835,347.9426,359.8381,6732.0273,spacetrack,2026-09-02 21:30:03.266000+00:00,345.04926,6728.9126,-0.0025241,16.8049875,4.132116135165264,4.448250854099239,300-350,quiet_control,5.148711373797676
100087,2026-09-02 21:30:19.782000+00:00,-0.00033711,15.720461,-0.00043693,0.0005719,349.2006,356.89972,6731.187,spacetrack,2026-09-01 22:35:29.921000+00:00,345.50757,6728.4346,-0.0030633,22.91385027777778,3.868084975922093,2.8828677502563194,300-350,quiet_control,5.607224456348642
100089,2026-09-02 21:21:07.561000+00:00,0.00022699,15.953495,0.00090841,0.0017857,275.43826,299.24335,6665.478,spacetrack,2026-09-01 19:45:31.446000+00:00,276.03287,6666.0728,0.00025661,25.593365277777778,-0.5575913853107333,-0.5577695564870198,250-300,quiet_control,5.648346362335768
100089,2026-09-03 21:26:12.612000+00:00,0.00022748,15.955486,0.00092025,0.0017905,274.85254,298.71964,6664.923,spacetrack,2026-09-02 21:21:07.561000+00:00,275.43826,6665.478,0.00022699,24.084736388888892,-0.5836592841633095,-0.5530473651416817,250-300,quiet_control,5.501759130503251
100089,2026-09-04 21:31:06.711000+00:00,0.00022499,15.957519,0.00092026,0.0017894,274.29495,298.14536,6664.357,spacetrack,2026-09-03 21:26:12.612000+00:00,274.85254,6664.923,0.00022748,24.08169416666667,-0.5556984449426068,-0.5640799150583827,250-300,quiet_control,4.294383981082726
100089,2026-09-05 21:35:50.196000+00:00,0.0002147,15.959455,0.00088788,0.0018093,273.62436,297.73807,6663.8184,spacetrack,2026-09-04 21:31:06.711000+00:00,274.29495,6664.357,0.00022499,24.078745833333333,-0.6683969385863462,-0.5368385915724077,250-300,quiet_control,5.538164068968847
100089,2026-09-06 21:40:22.926000+00:00,0.00023162,15.961466,0.00096846,0.0018316,272.91696,297.3258,6663.2583,spacetrack,2026-09-05 21:35:50.196000+00:00,273.62436,6663.8184,0.0002147,24.075758333333333,-0.7051740495540015,-0.5583375532301045,250-300,quiet_control,4.8035497670374525
100092,2026-09-02 21:18:35.414000+00:00,0.00022647,15.899219,0.00067781,0.0011418,294.87387,310.1298,6680.6387,spacetrack,2026-09-01 19:37:46.601000+00:00,295.36426,6681.083,0.0002551,25.68022583333333,-0.45830438082530284,-0.4152299932713155,250-300,quiet_control,5.6495357923092
100092,2026-09-03 21:28:37.569000+00:00,0.00023836,15.900741,0.00071871,0.001146,294.41986,309.7309,6680.2124,spacetrack,2026-09-02 21:18:35.414000+00:00,294.87387,6680.6387,0.00022647,24.167265277777776,-0.4508677285062478,-0.42334951358397005,250-300,quiet_control,5.503460575200694
100092,2026-09-04 21:38:31.669000+00:00,0.00018045,15.90206,0.00054868,0.0011628,293.93878,309.47342,6679.8433,spacetrack,2026-09-03 21:28:37.569000+00:00,294.41986,6680.2124,0.00023836,24.16502777777778,-0.4777946090597146,-0.36657934273692633,250-300,quiet_control,4.279806607574537
100092,2026-09-05 21:48:26.442000+00:00,0.000379,15.901733,0.00114674,0.0011719,293.96902,309.62546,6679.934,spacetrack,2026-09-04 21:38:31.669000+00:00,293.93878,6679.8433,0.00018045,24.165214722222224,0.030033252687484028,0.0900798947998605,250-300,quiet_control,5.542889686027459
100092,2026-09-06 21:58:15.662000+00:00,0.00023447,15.903071,0.00071571,0.001187,293.4941,309.35138,6679.5596,spacetrack,2026-09-05 21:48:26.442000+00:00,293.96902,6679.934,0.000379,24.16367222222222,-0.4717031374692149,-0.37186400797768165,250-300,quiet_control,4.825289892241821
100094,2026-09-02 20:00:49.865000+00:00,0.00018889,15.759369,0.00029305,0.0007915,336.64752,347.28546,6720.1035,spacetrack,2026-09-01 21:09:16.724000+00:00,336.8637,6720.2783,0.00018335,22.859205833333334,-0.22696851490941067,-0.18352343605381113,300-350,quiet_control,5.606285534781082
100094,2026-09-03 21:55:12.486000+00:00,0.00010215,15.759741,0.00015881,0.0008029,336.4652,347.2562,6719.9976,spacetrack,2026-09-02 20:00:49.865000+00:00,336.64752,6720.1035,0.00018889,25.90628361111111,-0.16890419581924862,-0.09810747223199945,300-350,quiet_control,5.536791915809443
100094,2026-09-05 15:04:24.911000+00:00,-0.0013173,15.748157,-0.00189237,0.000687,340.537,349.77478,6723.293,spacetrack,2026-09-04 20:46:42.422000+00:00,336.08682,6720.2427,-0.00032133,18.295135833333333,5.8378533492713744,4.001457035733793,300-350,quiet_control,6.603494076878874
100094,2026-09-06 20:03:47.599000+00:00,-0.0021092,15.734895,-0.00283498,0.000885,342.97964,354.88654,6727.0703,spacetrack,2026-09-05 15:04:24.911000+00:00,340.537,6723.293,-0.0013173,28.989635555555555,2.0222179022449427,3.1271590091667263,300-350,quiet_control,4.147418778634755
100102,2026-09-02 22:55:52.419000+00:00,2.4583e-05,15.751853,3.538e-05,0.0001185,343.30725,344.90042,6722.2407,spacetrack,2026-09-01 13:23:19.349000+00:00,343.3053,6722.2666,4.369e-05,33.542519444444444,0.0013952440298363388,-0.01853170275479285,300-350,quiet_control,5.779721136696566
100102,2026-09-03 21:48:04.048000+00:00,3.7011e-05,15.751871,5.393e-05,0.000118,343.30557,344.89203,6722.236,spacetrack,2026-09-02 22:55:52.419000+00:00,343.30725,6722.2407,2.4583e-05,22.869896944444445,-0.001763016252257948,-0.004932247848947349,300-350,quiet_control,5.475292782072853
100102,2026-09-04 19:08:47.170000+00:00,6.8384e-06,15.751799,8.9e-06,0.0001176,343.32883,344.9099,6722.2563,spacetrack,2026-09-03 21:48:04.048000+00:00,343.30557,6722.236,3.7011e-05,21.345311666666667,0.026152815602669414,0.02282468429655379,300-350,quiet_control,4.433412036538546
100102,2026-09-05 14:58:01.435000+00:00,1.0444e-05,15.751813,1.428e-05,0.0001348,343.2091,345.02142,6722.2524,spacetrack,2026-09-04 19:08:47.170000+00:00,343.32883,6722.2563,6.8384e-06,19.820629166666667,-0.14497622531744045,-0.004722352615843655,300-350,quiet_control,6.326540747073773
100102,2026-09-06 22:59:05.707000+00:00,2.3025e-05,15.751902,3.306e-05,0.0001607,343.00992,345.17044,6722.227,spacetrack,2026-09-05 14:58:01.435000+00:00,343.2091,6722.2524,1.0444e-05,32.017853333333335,-0.14930170209200794,-0.01903937761424002,300-350,quiet_control,4.312412323221891
100103,2026-09-04 00:11:22.876000+00:00,1.4328e-05,15.751856,2.008e-05,0.0001345,343.19897,345.00726,6722.24,spacetrack,2026-09-03 10:28:03.962000+00:00,343.15863,6722.2456,1.6771e-05,13.721920555555554,0.07055572112367407,-0.00979454730595306,300-350,quiet_control,5.7628500092127535
100103,2026-09-05 14:18:22.561000+00:00,1.7062e-05,15.751832,2.415e-05,0.0001174,343.32065,344.89905,6722.247,spacetrack,2026-09-04 00:11:22.876000+00:00,343.19897,6722.24,1.4328e-05,38.11657916666667,0.07661547976882664,0.004407530887748603,300-350,quiet_control,5.314823634815952
100103,2026-09-06 23:50:55.678000+00:00,1.9132e-05,15.751874,2.725e-05,0.0001264,343.24823,344.9476,6722.235,spacetrack,2026-09-05 14:18:22.561000+00:00,343.32065,6722.247,1.7062e-05,33.5425325,-0.051817196569774106,-0.008586113765113519,300-350,quiet_control,4.369421478370616
100104,2026-09-02 23:22:17.921000+00:00,0.00075404,15.752175,0.00113987,9.17e-05,343.39584,344.6287,6722.1494,spacetrack,2026-09-01 22:58:37.468000+00:00,342.6225,6721.94,0.0017204,24.394570277777778,0.7608316026336328,0.20601305711843054,300-350,quiet_control,5.631065442124285
100104,2026-09-03 19:11:32.132000+00:00,0.00072278,15.752312,0.00109265,0.0001893,342.7009,345.24588,6722.1104,spacetrack,2026-09-02 23:22:17.921000+00:00,343.39584,6722.1494,0.00075404,19.820614166666665,-0.8414754386395314,-0.047223561901032524,300-350,quiet_control,5.3033646185226555
100104,2026-09-04 01:17:27.173000+00:00,0.00092411,15.752245,0.00140201,4.53e-05,343.68796,344.297,6722.1294,spacetrack,2026-09-03 19:11:32.132000+00:00,342.7009,6722.1104,0.00072278,6.0986225,3.884391926209508,0.07477098312046498,300-350,quiet_control,6.084750240275115
100104,2026-09-05 09:18:30.962000+00:00,0.0013851,15.754587,0.00214216,0.0001998,341.98334,344.66922,6721.4634,spacetrack,2026-09-04 01:17:27.173000+00:00,343.68796,6722.1294,0.00092411,32.017719166666666,-1.2777574750730953,-0.499223567949987,300-350,quiet_control,5.206673094878045
100104,2026-09-06 15:48:07.377000+00:00,0.00063698,15.752098,0.00096037,0.0001288,343.1684,344.90002,6722.1714,spacetrack,2026-09-05 09:18:30.962000+00:00,341.98334,6721.4634,0.0013851,30.49344861111111,0.9327065745406411,0.5572344478551838,300-350,quiet_control,4.4352459223595515
100105,2026-09-02 22:58:55.435000+00:00,0.0011616,15.752399,0.00177158,5.29e-05,343.59296,344.30414,6722.0854,spacetrack,2026-09-01 13:26:21.572000+00:00,343.43585,6722.056,0.0013463,33.54273972222222,0.11241299998824078,0.021035848766430772,300-350,quiet_control,5.778213538394212
100105,2026-09-03 21:51:07.302000+00:00,0.0011491,15.752406,0.00175217,0.000134,343.04572,344.84723,6722.0835,spacetrack,2026-09-02 22:58:55.435000+00:00,343.59296,6722.0854,0.0011616,22.869963055555555,-0.5742798957783741,-0.001993881664528848,300-350,quiet_control,5.475294298864862
100105,2026-09-04 06:59:59.652000+00:00,0.0014438,15.752485,0.00221467,0.0001433,342.9607,344.88724,6722.061,spacetrack,2026-09-03 21:51:07.302000+00:00,343.04572,6722.0835,0.0011491,9.147874999999999,-0.22305508109818134,-0.059030102619556254,300-350,quiet_control,4.797556080874886
100105,2026-09-05 13:29:35.726000+00:00,0.0015487,15.752331,0.00237864,0.0002018,342.6114,345.32443,6722.105,spacetrack,2026-09-04 06:59:59.652000+00:00,342.9607,6722.061,0.0014438,30.493353888888887,-0.2749189226788845,0.03463049698779248,300-350,quiet_control,5.524701329726913
100105,2026-09-06 23:02:08.944000+00:00,0.0014281,15.752684,0.00219178,0.0001805,342.65436,345.081,6722.005,spacetrack,2026-09-05 13:29:35.726000+00:00,342.6114,6722.105,0.0015487,33.54256055555555,0.0307382615674843,-0.0715508881920882,300-350,quiet_control,4.345184688991063
100106,2026-09-02 23:13:09.143000+00:00,0.0012384,15.752608,0.00189323,0.0001325,342.99844,344.7798,6722.026,spacetrack,2026-09-01 22:49:28.645000+00:00,343.0961,6721.977,0.0016084,24.394582777777778,-0.0960803478932302,0.048207424193815365,300-350,quiet_control,5.631065631169617
100106,2026-09-03 23:36:49.401000+00:00,0.00092852,15.752318,0.0014093,0.000156,342.92276,345.02008,6722.1084,spacetrack,2026-09-02 23:13:09.143000+00:00,342.99844,6722.026,0.0012384,24.394516111111113,-0.07445607823200578,0.08106740018937592,300-350,quiet_control,5.508086163900817
100106,2026-09-05 13:43:49.542000+00:00,0.00093952,15.751749,0.00142272,0.0001643,343.02908,345.238,6722.2705,spacetrack,2026-09-03 23:36:49.401000+00:00,342.92276,6722.1084,0.00092852,38.116705833333334,0.06694387524352852,0.10206548322932803,300-350,quiet_control,5.324956662156469
100106,2026-09-06 23:16:22.642000+00:00,0.0013312,15.752658,0.00203914,0.0001748,342.69992,345.04993,6722.0117,spacetrack,2026-09-05 13:43:49.542000+00:00,343.02908,6722.2705,0.00093952,33.54252777777778,-0.23551713372161995,-0.1851738795937024,300-350,quiet_control,4.352253830336447
100107,2026-09-02 22:32:59.758000+00:00,0.0015634,15.752762,0.00240648,0.0001467,342.85928,344.8315,6721.9824,spacetrack,2026-09-01 22:09:19.184000+00:00,342.98007,6722.0435,0.0012084,24.394603888888888,-0.11883611692175866,-0.060111654473939936,300-350,quiet_control,5.631065950445736
100107,2026-09-03 22:56:40.268000+00:00,0.00083255,15.752315,0.00126126,0.0001335,343.07513,344.86993,6722.1094,spacetrack,2026-09-02 22:32:59.758000+00:00,342.85928,6721.9824,0.0015634,24.39458611111111,0.21235859368157906,0.12494575583807478,300-350,quiet_control,5.508087575442229
100107,2026-09-04 20:17:23.762000+00:00,0.0016234,15.753743,0.0025126,0.0001312,342.68433,344.4481,6721.703,spacetrack,2026-09-03 22:56:40.268000+00:00,343.07513,6722.1094,0.00083255,21.345415000000003,-0.43940115476791197,-0.45694122133471604,300-350,quiet_control,4.272706261899023
100107,2026-09-05 14:35:08.634000+00:00,0.00085045,15.751875,0.00128633,6.66e-05,343.64993,344.54535,6722.235,spacetrack,2026-09-04 20:17:23.762000+00:00,342.68433,6721.703,0.0016234,18.29579777777778,1.266651516456292,0.6978651685519804,300-350,quiet_control,6.56210011309215
100107,2026-09-06 14:58:49.541000+00:00,0.00069137,15.752017,0.00104313,0.0001393,343.12094,344.99374,6722.1943,spacetrack,2026-09-05 14:35:08.634000+00:00,343.64993,6722.235,0.00085045,24.394696388888892,-0.5204311542808019,-0.04004149034764614,300-350,quiet_control,4.139157148536396
100108,2026-09-02 22:47:14.133000+00:00,0.0013193,15.752582,0.00201979,0.0001583,342.8325,344.9607,6722.0337,spacetrack,2026-09-01 23:55:02.252000+00:00,343.26367,6722.012,0.0012017,22.869966944444442,-0.4524746373765074,0.022772223557245022,300-350,quiet_control,5.606470791065736
100108,2026-09-03 21:39:25.851000+00:00,0.00084174,15.752281,0.00127522,0.0001328,343.08942,344.87482,6722.119,spacetrack,2026-09-02 22:47:14.133000+00:00,342.8325,6722.0337,0.0013193,22.869921666666666,0.2696152654072292,0.08951495461295964,300-350,quiet_control,5.475293349277614
100108,2026-09-04 19:00:08.780000+00:00,0.0009578,15.75216,0.00145351,8.78e-05,343.42648,344.6069,6722.154,spacetrack,2026-09-03 21:39:25.851000+00:00,343.08942,6722.119,0.00084174,21.345258055555558,0.3789806606669131,0.039353002799594056,300-350,quiet_control,4.453646398616586
100108,2026-09-05 23:58:15.662000+00:00,0.0011628,15.75257,0.00177477,0.0001306,343.02197,344.77777,6722.0366,spacetrack,2026-09-04 19:00:08.780000+00:00,343.42648,6722.154,0.0009578,28.968578333333333,-0.33513001184560676,-0.09726400680008507,300-350,quiet_control,5.173769678913212
100108,2026-09-06 22:50:27.435000+00:00,0.0012056,15.752624,0.00184197,0.0001148,343.11316,344.65652,6722.022,spacetrack,2026-09-05 23:58:15.662000+00:00,343.02197,6722.0366,0.0011628,22.869936944444444,0.09569593503104265,-0.015321423966382508,300-350,quiet_control,4.948052825244028
100109,2026-09-02 22:38:05.330000+00:00,0.00083546,15.752351,0.00126595,0.0001555,342.917,345.00757,6722.099,spacetrack,2026-09-01 23:45:53.559000+00:00,342.91956,6722.1753,0.00059147,22.86993638888889,-0.002686496322318258,-0.08007018335577568,300-350,quiet_control,5.60647026528799
100109,2026-09-03 13:52:53.237000+00:00,0.0010447,15.751705,0.00158487,0.0001492,343.14304,345.14896,6722.283,spacetrack,2026-09-02 22:38:05.330000+00:00,342.917,6722.099,0.00083546,15.246640833333332,0.3558134581448154,0.2896375698934371,300-350,quiet_control,5.089540124020397
100109,2026-09-04 18:51:00.326000+00:00,0.0014986,15.75278,0.00230409,0.0001363,342.92392,344.75635,6721.977,spacetrack,2026-09-03 13:52:53.237000+00:00,343.14304,6722.283,0.0010447,28.968635833333334,-0.1815370261221681,-0.2535155622192384,300-350,quiet_control,4.941309590106595
100109,2026-09-05 14:40:14.354000+00:00,0.00096712,15.752346,0.00146916,0.000171,342.81412,345.1131,6722.1006,spacetrack,2026-09-04 18:51:00.326000+00:00,342.92392,6721.977,0.0014986,19.820563333333336,-0.1329528306376846,0.14966274924228626,300-350,quiet_control,6.296642314292334
100109,2026-09-06 19:38:21.130000+00:00,0.0011214,15.752274,0.00170791,0.0001686,342.8509,345.11758,6722.121,spacetrack,2026-09-05 14:40:14.354000+00:00,342.81412,6722.1006,0.00096712,28.96854888888889,0.030471667855585676,0.016901088207281846,300-350,quiet_control,4.124540296460982
100110,2026-09-02 23:53:17.970000+00:00,0.0006596,15.752015,0.00099455,0.0001103,343.31647,344.7994,6722.195,spacetrack,2026-09-01 21:58:08.615000+00:00,342.91693,6722.0938,0.001018,25.919265277777775,0.3699549310998898,0.0937063598821941,300-350,quiet_control,5.652767935219357
100110,2026-09-03 16:39:34.729000+00:00,0.00097462,15.752153,0.00147952,0.0001961,342.70035,345.3368,6722.156,spacetrack,2026-09-02 23:53:17.970000+00:00,343.31647,6722.195,0.0006596,16.771321944444445,-0.8816764742207697,-0.055809554136207515,300-350,quiet_control,5.105616119606553
100110,2026-09-04 12:28:47.565000+00:00,0.0013806,15.753165,0.00212151,3.19e-05,343.51627,343.94513,6721.8677,spacetrack,2026-09-03 16:39:34.729000+00:00,342.70035,6722.156,0.00097462,19.82023222222222,0.9879843878945538,-0.3490978270298056,300-350,quiet_control,5.370346470881691
100110,2026-09-05 18:58:24.661000+00:00,0.00080042,15.752815,0.0012145,0.0001156,343.05313,344.60724,6721.9673,spacetrack,2026-09-04 12:28:47.565000+00:00,343.51627,6721.8677,0.0013806,30.493637777777778,-0.364514069492245,0.07839012247181422,300-350,quiet_control,5.100986611997825
100110,2026-09-06 23:56:31.494000+00:00,0.0010073,15.752574,0.00153316,0.0003012,341.87418,345.92352,6722.0356,spacetrack,2026-09-05 18:58:24.661000+00:00,343.05313,6721.9673,0.00080042,28.968564722222222,-0.9767415221056603,0.05658547517683348,300-350,quiet_control,4.684576450797006
100111,2026-09-02 22:18:46.091000+00:00,0.001227,15.752425,0.00187383,0.0001164,343.15866,344.72357,6722.078,spacetrack,2026-09-01 23:26:34.094000+00:00,343.21173,6722.07,0.00093465,22.869999166666666,-0.05569217518189469,0.008395277962980003,300-350,quiet_control,5.606471345520745
100111,2026-09-03 16:36:31.602000+00:00,0.00086772,15.752096,0.00131419,0.0001603,342.95734,345.11246,6722.172,spacetrack,2026-09-02 22:18:46.091000+00:00,343.15866,6722.078,0.001227,18.295975277777778,-0.26408430961692286,0.12330580719135117,300-350,quiet_control,5.180147558560655
100111,2026-09-04 23:06:05.266000+00:00,0.00092911,15.753264,0.00141613,0.0002125,342.27414,345.13092,6721.8394,spacetrack,2026-09-03 16:36:31.602000+00:00,342.95734,6722.172,0.00086772,30.492684444444446,-0.5377289765967905,-0.26178082203739333,300-350,quiet_control,4.543721160660175
100111,2026-09-05 20:26:49.905000+00:00,0.0012292,15.752215,0.00187543,0.0001222,343.1795,344.8224,6722.138,spacetrack,2026-09-04 23:06:05.266000+00:00,342.27414,6721.8394,0.00092911,21.345733055555556,1.0179383365962928,0.33572986138963823,300-350,quiet_control,5.9352127088527284
100111,2026-09-06 23:53:28.252000+00:00,0.0009282,15.752455,0.00140968,0.000202,342.57492,345.29062,6722.07,spacetrack,2026-09-05 20:26:49.905000+00:00,343.1795,6722.138,0.0012292,27.443985277777777,-0.528710384192965,-0.05946658196637875,300-350,quiet_control,4.826292306287271
100112,2026-09-02 23:24:50.192000+00:00,-2.9999e-05,15.751679,-4.597e-05,0.0001132,343.3923,344.91425,6722.29,spacetrack,2026-09-01 23:01:09.442000+00:00,343.2732,6722.279,-3.4697e-05,24.39465277777778,0.11717321931320636,0.01082204376480366,300-350,quiet_control,5.631066689819889
100113,2026-09-02 22:44:11.212000+00:00,1.6594e-05,15.751856,2.346e-05,0.0001665,342.98392,345.2224,6722.24,spacetrack,2026-09-01 23:51:59.550000+00:00,342.82428,6722.261,-9.4695e-07,22.86990611111111,0.16752845339138314,-0.02203769432050723,300-350,quiet_control,5.606469744288655
100113,2026-09-03 23:07:51.509000+00:00,1.5913e-05,15.75187,2.244e-05,0.0001391,343.16406,345.0342,6722.2363,spacetrack,2026-09-02 22:44:11.212000+00:00,342.98392,6722.24,1.6594e-05,24.394526944444447,0.17722663816542905,-0.003640160770783765,300-350,quiet_control,5.508086382354184
100113,2026-09-04 18:57:05.879000+00:00,6.6235e-06,15.751812,8.58e-06,0.0001471,343.12674,345.10443,6722.2524,spacetrack,2026-09-03 23:07:51.509000+00:00,343.16406,6722.2363,1.5913e-05,19.82065833333333,-0.04518921546083218,0.019494811601074573,300-350,quiet_control,4.342391124748212
100113,2026-09-05 19:20:46.354000+00:00,1.6095e-05,15.751862,2.271e-05,0.0001541,343.0657,345.13748,6722.239,spacetrack,2026-09-04 18:57:05.879000+00:00,343.12674,6722.2524,6.6235e-06,24.39457638888889,-0.060052692723413875,-0.013183258232923357,300-350,quiet_control,5.52735647353308
100113,2026-09-06 22:47:24.400000+00:00,2.09e-05,15.751901,2.989e-05,0.0001596,343.0175,345.1632,6722.2275,spacetrack,2026-09-05 19:20:46.354000+00:00,343.0657,6722.239,1.6095e-05,27.44390166666667,-0.04215144093032701,-0.010056879059801262,300-350,quiet_control,4.665817904941156
100114,2026-09-02 22:13:41.193000+00:00,0.0011311,15.752428,0.00172428,0.0001344,343.03683,344.84375,6722.077,spacetrack,2026-09-01 23:21:29.348000+00:00,343.3967,6722.0864,0.00086409,22.869956944444446,-0.3776517822478054,-0.00986446981714769,300-350,quiet_control,5.606470618993173
100114,2026-09-03 22:37:21.691000+00:00,0.0011477,15.752533,0.00175098,0.0001419,342.9565,344.86423,6722.0474,spacetrack,2026-09-02 22:13:41.193000+00:00,343.03683,6722.077,0.0011311,24.394582777777778,-0.07903066092838949,-0.02912121951285989,300-350,quiet_control,5.508087508226155
100114,2026-09-04 19:58:04.536000+00:00,0.0012852,15.7522955,0.00196373,0.0001094,343.2427,344.7135,6722.115,spacetrack,2026-09-03 22:37:21.691000+00:00,342.9565,6722.0474,0.0011477,21.345234722222223,0.32179547750998405,0.07600759706317908,300-350,quiet_control,4.317948691254208
100114,2026-09-05 20:21:45.086000+00:00,0.00072357,15.752227,0.0010934,9.54e-05,343.3564,344.63898,6722.135,spacetrack,2026-09-04 19:58:04.536000+00:00,343.2427,6722.115,0.0012852,24.394597222222224,0.1118608343946777,0.01967648802060245,300-350,quiet_control,5.485692858903754
100114,2026-09-06 23:48:23.174000+00:00,0.0011008,15.752508,0.00167769,0.0001216,343.1001,344.7349,6722.0547,spacetrack,2026-09-05 20:21:45.086000+00:00,343.3564,6722.135,0.00072357,27.443913333333334,-0.2241371310748532,-0.07022322132434529,300-350,quiet_control,4.8139481403729185
100115,2026-09-02 23:07:34.575000+00:00,0.0010059,15.752225,0.0015284,0.0001405,343.05362,344.94254,6722.1353,spacetrack,2026-09-01 22:43:53.816000+00:00,342.90994,6722.0547,0.00097462,24.39465527777778,0.14135555353150064,0.07929605800856254,300-350,quiet_control,5.631066727628714
100115,2026-09-03 20:28:17.310000+00:00,0.0008131,15.752405,0.00123186,0.0001912,342.6615,345.23203,6722.084,spacetrack,2026-09-02 23:07:34.575000+00:00,343.05362,6722.1353,0.0010059,21.345204166666665,-0.4408896690103878,-0.05768040400965904,300-350,quiet_control,5.4130519950910125
100115,2026-09-04 23:54:55.319000+00:00,0.0013525,15.753134,0.00207795,0.0005002,340.3774,347.102,6721.8765,spacetrack,2026-09-03 20:28:17.310000+00:00,342.6615,6722.084,0.0008131,27.44389138888889,-1.9974718316438655,-0.18146114665083116,300-350,quiet_control,4.1732568517651
100115,2026-09-05 19:44:09.415000+00:00,0.0011611,15.75253,0.00177186,0.0001483,342.91446,344.90823,6722.0483,spacetrack,2026-09-04 23:54:55.319000+00:00,340.3774,6721.8765,0.0013525,19.820582222222225,3.072030847395218,0.20802617974455923,300-350,quiet_control,6.238018795725476
100115,2026-09-06 23:10:47.690000+00:00,0.0016627,15.752823,0.00256498,0.0001046,343.12482,344.53104,6721.965,spacetrack,2026-09-05 19:44:09.415000+00:00,342.91446,6722.0483,0.0011611,27.443965277777775,0.18396175439296164,-0.07284661599628504,300-350,quiet_control,4.722626078238714
100116,2026-09-02 23:01:58.168000+00:00,2.7004e-05,15.751901,3.9e-05,0.0001601,343.01407,345.16653,6722.2275,spacetrack,2026-09-01 22:38:17.679000+00:00,342.9556,6722.223,3.6206e-05,24.394580277777777,0.057524252683220464,0.004427212879680375,300-350,quiet_control,5.631065593360566
100116,2026-09-03 21:54:10.044000+00:00,1.8446e-05,15.751848,2.622e-05,0.0001524,343.08072,345.12967,6722.242,spacetrack,2026-09-02 23:01:58.168000+00:00,343.01407,6722.2275,2.7004e-05,22.869965555555556,0.0699432623155386,0.015216463669787968,300-350,quiet_control,5.475294356222371
100116,2026-09-04 07:03:02.601000+00:00,1.0098e-05,15.751854,1.376e-05,0.0002253,342.58926,345.61832,6722.2407,spacetrack,2026-09-03 21:54:10.044000+00:00,343.08072,6722.242,1.8446e-05,9.1479325,-1.289366750355784,-0.0034106067133338742,300-350,quiet_control,4.786453113859334
100116,2026-09-05 13:32:38.776000+00:00,3.0369e-07,15.751769,-8.5e-07,0.0002064,342.74036,345.5153,6722.2646,spacetrack,2026-09-04 07:03:02.601000+00:00,342.58926,6722.2407,1.0098e-05,30.493381944444444,0.11892416546667557,0.01881063901171698,300-350,quiet_control,5.526367410779252
100116,2026-09-06 13:56:19.149000+00:00,1.6243e-05,15.75182,2.293e-05,0.0001476,343.12112,345.10553,6722.2505,spacetrack,2026-09-05 13:32:38.776000+00:00,342.74036,6722.2646,3.0369e-07,24.394548055555557,0.3746017339279668,-0.013871952013095677,300-350,quiet_control,4.139151914100843
100117,2026-09-02 22:41:08.339000+00:00,0.0011301,15.752412,0.00172258,9.1e-05,343.33313,344.55655,6722.082,spacetrack,2026-09-01 22:17:27.725000+00:00,343.24384,6721.961,0.0016174,24.394615,0.08784561674779988,0.11904266576874734,300-350,quiet_control,5.631066118485575
100117,2026-09-03 21:33:20.375000+00:00,0.0011173,15.752677,0.00170505,0.0003891,341.25403,346.4851,6722.0063,spacetrack,2026-09-02 22:41:08.339000+00:00,343.33313,6722.082,0.0011301,22.870009999999997,-2.181826767893831,-0.07944028008766889,300-350,quiet_control,5.475295375909324
100117,2026-09-04 18:54:03.025000+00:00,0.0011991,15.752016,0.00182697,0.0001205,343.24753,344.86758,6722.1943,spacetrack,2026-09-03 21:33:20.375000+00:00,341.25403,6722.0063,0.0011173,21.345180555555554,2.2414427404572663,0.2113826110891387,300-350,quiet_control,4.467920158922161
100117,2026-09-05 14:43:17.009000+00:00,0.00073358,15.752333,0.00110926,0.0001107,343.22345,344.71173,6722.1045,spacetrack,2026-09-04 18:54:03.025000+00:00,343.24753,6722.1943,0.0011991,19.82055111111111,-0.029157615081413832,-0.10873562434828615,300-350,quiet_control,6.301764033245852
100117,2026-09-06 22:44:21.608000+00:00,0.00089129,15.753505,0.00135888,0.0001375,342.70984,344.55835,6721.771,spacetrack,2026-09-05 14:43:17.009000+00:00,343.22345,6722.1045,0.00073358,32.017944166666666,-0.3849916139473356,-0.2499848197108231,300-350,quiet_control,4.304744104475651
100118,2026-09-02 23:36:31.569000+00:00,4.8068e-05,15.751908,7.046e-05,0.0001388,343.15512,345.0212,6722.225,spacetrack,2026-09-01 23:12:50.750000+00:00,343.2802,6722.18,0.00010959,24.394671944444447,-0.12305637914851697,0.04427196243758882,300-350,quiet_control,5.631066979687357
100118,2026-09-03 22:28:43.393000+00:00,9.0799e-05,15.751847,0.00013432,0.0001593,343.03476,345.17648,6722.2427,spacetrack,2026-09-02 23:36:31.569000+00:00,343.15512,6722.225,4.8068e-05,22.86995111111111,-0.12630722234455105,0.018574591520650455,300-350,quiet_control,5.475294024823257
100118,2026-09-04 00:00:12.034000+00:00,4.5209e-05,15.751897,6.619e-05,0.0001444,343.12085,345.06223,6722.2285,spacetrack,2026-09-03 22:28:43.393000+00:00,343.03476,6722.2427,9.0799e-05,1.5246225,1.3551944825688385,-0.2235307428500168,300-350,quiet_control,5.99780747183137
100118,2026-09-05 14:07:11.853000+00:00,3.656e-05,15.75187,5.326e-05,0.0001579,343.03754,345.16043,6722.236,spacetrack,2026-09-04 00:00:12.034000+00:00,343.12085,6722.2285,4.5209e-05,38.116616388888886,-0.05245586280800628,0.004722349910510043,300-350,quiet_control,5.314823327379553
100118,2026-09-06 23:39:45.105000+00:00,1.5961e-05,15.751873,2.251e-05,0.000135,343.19073,345.00574,6722.2354,spacetrack,2026-09-05 14:07:11.853000+00:00,343.03754,6722.236,3.656e-05,33.54257,0.10960877475995076,-0.000429305208494735,300-350,quiet_control,4.363868933318666
100119,2026-09-02 23:30:25.723000+00:00,2.1211e-05,15.751886,3.035e-05,0.0001337,343.1958,344.99332,6722.2314,spacetrack,2026-09-01 23:06:45.028000+00:00,343.03702,6722.215,3.6814e-05,24.3946375,0.15621138047248523,0.01613469353617203,300-350,quiet_control,5.631066458765783
100119,2026-09-03 11:42:16.248000+00:00,2.2182e-05,15.75188,3.18e-05,0.0002199,342.61813,345.5746,6722.2334,spacetrack,2026-09-02 23:30:25.723000+00:00,343.1958,6722.2314,2.1211e-05,12.197368055555556,-1.1366452120533979,0.003935275199629337,300-350,quiet_control,5.064632089914662
100119,2026-09-04 12:05:56.705000+00:00,3.1551e-06,15.751804,3.41e-06,0.0001184,343.32196,344.9138,6722.255,spacetrack,2026-09-03 11:42:16.248000+00:00,342.61813,6722.2334,2.2182e-05,24.394571388888888,0.6924458614465928,0.021250629565762992,300-350,quiet_control,5.356821736876181
100119,2026-09-05 14:01:05.867000+00:00,1.0381e-05,15.751847,1.419e-05,0.000122,343.28558,344.9258,6722.2427,spacetrack,2026-09-04 12:05:56.705000+00:00,343.32196,6722.255,3.1551e-06,25.919211666666666,-0.03368620972076372,-0.011389235282467887,300-350,quiet_control,5.57872130498825
100119,2026-09-06 23:33:38.779000+00:00,1.3094e-05,15.751855,1.823e-05,0.0001187,343.3054,344.90125,6722.24,spacetrack,2026-09-05 14:01:05.867000+00:00,343.28558,6722.2427,1.0381e-05,33.542475555555555,0.014181421976832446,-0.001931878876762634,300-350,quiet_control,4.3608334596518885
100120,2026-09-03 11:45:24.484000+00:00,-0.00021512,15.750424,-0.00031893,0.0001467,343.52423,345.49664,6722.6475,spacetrack,2026-09-02 22:02:00.167000+00:00,343.45386,6722.27,-2.3077e-06,13.72342138888889,0.1230655207721479,0.6601852222745115,300-350,quiet_control,5.161025381648328
100120,2026-09-05 14:04:08.820000+00:00,1.173e-05,15.7518425,1.62e-05,0.0001253,343.2645,344.9491,6722.2437,spacetrack,2026-09-04 18:14:54.853000+00:00,343.13315,6722.2544,9.304e-06,19.82054638888889,0.159047078629837,-0.012956252312979772,300-350,quiet_control,6.235946783449335
100120,2026-09-06 23:36:41.967000+00:00,1.2293e-05,15.7518425,1.704e-05,0.0001169,343.321,344.89267,6722.2437,spacetrack,2026-09-05 14:04:08.820000+00:00,343.2645,6722.2437,1.173e-05,33.542540833333334,0.0404262755984524,0.0,300-350,quiet_control,4.362351748894793
100121,2026-09-02 22:50:17.472000+00:00,0.00043498,15.752117,0.00065351,0.000493,340.71484,347.3429,6722.166,spacetrack,2026-09-01 23:58:05.424000+00:00,343.86975,6722.1426,0.0009093,22.870013333333333,-3.310791248627783,0.024556172828389608,300-350,quiet_control,5.6064715892892645
100121,2026-09-03 23:13:57.463000+00:00,0.001295,15.752508,0.00198093,6.49e-05,343.48126,344.3538,6722.0547,spacetrack,2026-09-02 22:50:17.472000+00:00,340.71484,6722.166,0.00043498,24.39444194444444,2.7216888236757324,-0.10950035283016304,300-350,quiet_control,5.508084668330243
100121,2026-09-04 23:37:37.996000+00:00,0.001508,15.754021,0.00233184,0.0002405,341.87073,345.10382,6721.624,spacetrack,2026-09-03 23:13:57.463000+00:00,343.48126,6722.0547,0.001295,24.394592499999998,-1.5844790192744953,-0.42373325153913977,300-350,quiet_control,3.9704975828374898
100121,2026-09-05 14:52:25.905000+00:00,0.00082428,15.752204,0.00124792,9.82e-05,343.34387,344.66412,6722.141,spacetrack,2026-09-04 23:37:37.996000+00:00,341.87073,6721.624,0.001508,15.24664138888889,2.318894968288919,0.8138185770564681,300-350,quiet_control,7.484590695557377
100121,2026-09-06 22:53:30.429000+00:00,0.0012443,15.752609,0.0019024,0.0001509,342.8743,344.903,6722.026,spacetrack,2026-09-05 14:52:25.905000+00:00,343.34387,6722.141,0.00082428,32.017923333333336,-0.3519803543369331,-0.08620171805837795,300-350,quiet_control,4.309505056386646
100122,2026-09-03 11:30:34.826000+00:00,5.8964e-05,15.751838,8.672e-05,0.0001116,343.35806,344.85846,6722.245,spacetrack,2026-09-02 23:18:44.510000+00:00,342.98596,6722.2314,6.1122e-05,12.19731,0.7321614355953158,0.026759998721470425,300-350,quiet_control,5.096575574632622
100122,2026-09-06 23:21:57.744000+00:00,1.8762e-05,15.7518635,2.669e-05,0.0001101,343.3609,344.84113,6722.238,spacetrack,2026-09-05 13:49:24.693000+00:00,343.38193,6722.2397,2.8834e-05,33.54251416666667,-0.015047172596903274,-0.0012163667813476216,300-350,quiet_control,4.355028669213501
100123,2026-09-02 23:42:07.090000+00:00,9.1182e-05,15.75213,0.00013507,0.0002544,342.31525,345.73547,6722.1626,spacetrack,2026-09-01 21:46:58.883000+00:00,343.10248,6722.2363,4.8841e-05,25.918946388888887,-0.7289462972962488,-0.06824351474241525,300-350,quiet_control,5.652763663114864
100123,2026-09-03 11:53:58.152000+00:00,6.3496e-06,15.75179,8.17e-06,0.0001546,343.08264,345.16116,6722.259,spacetrack,2026-09-02 23:42:07.090000+00:00,342.31525,6722.1626,9.1182e-05,12.197517222222222,1.5099269518920533,0.18967794493403348,300-350,quiet_control,5.032674181280335
100123,2026-09-04 07:43:11.975000+00:00,1.8321e-05,15.751881,2.604e-05,0.0001456,343.11728,345.0748,6722.233,spacetrack,2026-09-03 11:53:58.152000+00:00,343.08264,6722.259,6.3496e-06,19.82050638888889,0.041944437931478444,-0.031482545791361026,300-350,quiet_control,5.362225539057662
100123,2026-09-05 14:12:47.733000+00:00,1.9411e-05,15.751859,2.766e-05,0.0001137,343.3379,344.86652,6722.2393,spacetrack,2026-09-04 07:43:11.975000+00:00,343.11728,6722.233,1.8321e-05,30.49326611111111,0.17364095996494705,0.00495847179666826,300-350,quiet_control,5.5483175529519
100123,2026-09-06 23:45:20.860000+00:00,1.1879e-05,15.751845,1.642e-05,6.01e-05,343.70218,344.5102,6722.243,spacetrack,2026-09-05 14:12:47.733000+00:00,343.3379,6722.2393,1.9411e-05,33.54253527777777,0.2606457719310299,0.002647384858348051,300-350,quiet_control,4.366648782519728
100124,2026-09-02 22:27:37.976000+00:00,-0.0049165,15.777934,-0.00754036,0.0001827,335.467,337.92062,6714.831,spacetrack,2026-09-01 23:38:10.901000+00:00,327.67154,6706.726,-0.00048387,22.8241875,8.197051483212702,8.522537768321932,300-350,quiet_control,5.6056814727796995
100124,2026-09-03 21:19:21.040000+00:00,-0.0035994,15.761877,-0.00527761,0.0001926,339.95944,342.54773,6719.3906,spacetrack,2026-09-02 22:27:37.976000+00:00,335.467,6714.831,-0.0049165,22.86196222222222,4.716067630240339,4.786570764849833,300-350,quiet_control,5.475110671456898
100124,2026-09-04 23:14:34.443000+00:00,-0.00089825,15.754727,-0.00133657,8.13e-05,342.73978,343.8327,6721.4233,spacetrack,2026-09-03 21:19:21.040000+00:00,339.95944,6719.3906,-0.0035994,25.920389722222225,2.5743501820419303,1.8821013311459334,300-350,quiet_control,4.149271525334898
100124,2026-09-06 20:59:10.632000+00:00,-3.2392e-07,15.751759,-1.78e-06,0.0001261,343.2832,344.97858,6722.268,spacetrack,2026-09-05 23:38:26.384000+00:00,343.44937,6722.2017,4.239e-05,21.345624444444447,-0.18683360659599424,0.07454455146773581,300-350,quiet_control,4.8419792721505965
100138,2026-09-02 22:48:18.404000+00:00,0.00020413,15.491671,0.00016992,0.0144933,320.6461,517.67664,6797.2983,spacetrack,2026-09-01 18:54:02.475000+00:00,320.70905,6797.4224,0.00021403,27.904424722222224,-0.054141951143571246,-0.10673576071353513,300-350,quiet_control,5.677470505498983
100138,2026-09-03 17:24:27.604000+00:00,0.00021799,15.491966,0.00018167,0.0144819,320.63837,517.5114,6797.212,spacetrack,2026-09-02 22:48:18.404000+00:00,320.6461,6797.2983,0.00020413,18.602555555555554,-0.009972823327714105,-0.11133954116212519,300-350,quiet_control,5.193659174665369
100138,2026-09-04 19:45:38.568000+00:00,0.00020239,15.492364,0.00016871,0.0144704,320.60202,517.31537,6797.0957,spacetrack,2026-09-03 17:24:27.604000+00:00,320.63837,6797.212,0.00021799,26.353045555555557,-0.0331043331656496,-0.10591565191696767,300-350,quiet_control,4.775012932302448
100138,2026-09-05 20:33:46.795000+00:00,0.00020855,15.492743,0.000174,0.0144539,320.60483,517.0907,6796.985,spacetrack,2026-09-04 19:45:38.568000+00:00,320.60202,6797.0957,0.00020239,24.802285277777777,0.0027191042778902785,-0.10711916140988514,300-350,quiet_control,5.4367513199696536
100138,2026-09-06 22:54:53.192000+00:00,0.00026159,15.49318,0.000219,0.0144444,320.5434,516.8964,6796.857,spacetrack,2026-09-05 20:33:46.795000+00:00,320.60483,6796.985,0.00020855,26.351776944444445,-0.05594765025172894,-0.11657657874341137,300-350,quiet_control,4.7952233497388965
100142,2026-09-02 14:01:08.629000+00:00,0.00042799,16.014454,0.00239045,0.001516,260.33606,280.49448,6648.5522,spacetrack,2026-09-01 18:31:15.644000+00:00,261.56512,6649.6465,0.00047158,19.49805138888889,-1.5128404070577757,-1.346965369829738,250-300,quiet_control,5.8461384709597395
100142,2026-09-03 21:30:20.846000+00:00,0.00042962,16.020864,0.00249164,0.0015363,258.43024,278.85315,6646.779,spacetrack,2026-09-02 14:01:08.629000+00:00,260.33606,6648.5522,0.00042799,31.486726944444445,-1.4526654383830497,-1.3515790344000798,250-300,quiet_control,5.428330546018346
100142,2026-09-04 21:29:13.320000+00:00,0.00040656,16.025913,0.00243016,0.0015605,256.87512,277.61536,6645.3823,spacetrack,2026-09-03 21:30:20.846000+00:00,258.43024,6646.779,0.00042962,23.98124277777778,-1.5563363561202228,-1.3977924459806457,250-300,quiet_control,4.2924932743152935
100142,2026-09-05 21:27:38.693000+00:00,0.00041007,16.031046,0.00252746,0.0015798,255.33067,276.32294,6643.964,spacetrack,2026-09-04 21:29:13.320000+00:00,256.87512,6645.3823,0.00040656,23.973714722222223,-1.5461433669952225,-1.4198550535205208,250-300,quiet_control,5.542275241658477
100142,2026-09-06 22:55:27.295000+00:00,0.00041677,16.036695,0.00265823,0.0016135,253.549,274.98404,6642.4033,spacetrack,2026-09-05 21:27:38.693000+00:00,255.33067,6643.964,0.00041007,25.463500555555555,-1.6792695060408933,-1.4709996340949951,250-300,quiet_control,4.8580319573325665
100171,2026-09-02 23:58:15.456000+00:00,0.0015391,15.752768,0.00236805,0.0001635,342.74472,344.9428,6721.981,spacetrack,2026-09-01 15:57:11.408000+00:00,342.94138,6722.213,0.001169,32.01779111111111,-0.14741304244321468,-0.17390331458771505,300-350,quiet_control,5.718906280299994
100171,2026-09-03 01:29:44.097000+00:00,0.000816,15.75209,0.00123456,8.55e-05,343.46158,344.61105,6722.1733,spacetrack,2026-09-02 23:58:15.456000+00:00,342.74472,6721.981,0.0015391,1.5246225,11.28452452984348,3.0271099895316635,300-350,quiet_control,8.942857986157229
100171,2026-09-04 20:11:09.973000+00:00,0.00082206,15.752324,0.00124515,7.07e-05,343.4946,344.4451,6722.107,spacetrack,2026-09-03 01:29:44.097000+00:00,343.46158,6722.1733,0.000816,42.69052111111111,0.018563371431718118,-0.03727291114269639,300-350,quiet_control,4.757451140142508
100171,2026-09-05 14:28:55.832000+00:00,0.00086464,15.752007,0.00130894,0.0001794,342.85428,345.26617,6722.1973,spacetrack,2026-09-04 20:11:09.973000+00:00,343.4946,6722.107,0.00082206,18.296071944444442,-0.8399442266440005,0.11845165490040027,300-350,quiet_control,6.550726697423016
100171,2026-09-06 20:58:31.094000+00:00,0.0013297,15.752445,0.00203482,9.46e-05,343.29962,344.57144,6722.0728,spacetrack,2026-09-05 14:28:55.832000+00:00,342.85428,6722.1973,0.00086464,30.493128333333335,0.35051044560475664,-0.097989290155292,300-350,quiet_control,4.2121275374409946
100179,2026-09-02 12:27:42.616000+00:00,0.001555,15.752801,0.00239356,0.0001549,342.79297,344.87543,6721.971,spacetrack,2026-09-01 22:44:23.816000+00:00,342.71896,6722.0806,0.0010943,13.72188888888889,0.1294457355240166,-0.191693725354846,300-350,quiet_control,5.781371207397751
100179,2026-09-03 20:28:47.049000+00:00,0.001141,15.752457,0.00173983,0.0001186,343.13504,344.72952,6722.0693,spacetrack,2026-09-02 12:27:42.616000+00:00,342.79297,6721.971,0.001555,32.017898055555555,0.2564090867474976,0.07368378760904204,300-350,quiet_control,5.421565271569939
100179,2026-09-04 23:55:25.728000+00:00,0.0013226,15.753644,0.00203456,0.0002128,342.1641,345.02487,6721.7314,spacetrack,2026-09-03 20:28:47.049000+00:00,343.13504,6722.0693,0.001141,27.444077500000002,-0.8490924863479061,-0.2954954488818466,300-350,quiet_control,4.171737083650683
100179,2026-09-05 19:44:39.422000+00:00,0.0011288,15.752423,0.00172073,0.0002097,342.5322,345.35144,6722.0786,spacetrack,2026-09-04 23:55:25.728000+00:00,342.1641,6721.7314,0.0013226,19.820470555555556,0.44572100219502864,0.42041383309480207,300-350,quiet_control,6.238042672324716
100179,2026-09-06 12:30:56.223000+00:00,0.00092253,15.752436,0.0014008,0.0001926,342.6434,345.23273,6722.075,spacetrack,2026-09-05 19:44:39.422000+00:00,342.5322,6722.0786,0.0011288,16.77133361111111,0.15912866930461766,-0.0051516475674241655,300-350,quiet_control,4.596505054979644
100180,2026-09-02 22:49:46.641000+00:00,0.00098233,15.752314,0.00149247,0.0001636,342.87314,345.07263,6722.11,spacetrack,2026-09-01 22:26:06.056000+00:00,342.56635,6721.8765,0.0016478,24.394606944444448,0.30182736769514923,0.22972290608113466,300-350,quiet_control,5.631065996656706
100180,2026-09-03 01:52:44.139000+00:00,0.0013135,15.751911,0.00200459,0.0001696,342.9474,345.22757,6722.2246,spacetrack,2026-09-02 22:49:46.641000+00:00,342.87314,6722.11,0.00098233,3.049305,0.5844741670645971,0.9019760240438957,300-350,quiet_control,7.848546636036736
100180,2026-09-04 19:02:41.302000+00:00,0.0014126,15.75255,0.0021661,0.0001138,343.14062,344.67056,6722.0425,spacetrack,2026-09-03 01:52:44.139000+00:00,342.9474,6722.2246,0.0013135,41.16587861111111,0.11264863417122031,-0.1061655950863192,300-350,quiet_control,4.766667867994206
100180,2026-09-05 20:57:50.255000+00:00,0.00093035,15.752529,0.00141341,0.0001271,343.0571,344.76584,6722.0483,spacetrack,2026-09-04 19:02:41.302000+00:00,343.14062,6722.0425,0.0014126,25.91915361111111,-0.07733585865015381,0.005370545740349905,300-350,quiet_control,5.316280893217182
100180,2026-09-06 15:15:36.125000+00:00,0.00084428,15.752065,0.00127791,9.5e-05,343.40518,344.6824,6722.1807,spacetrack,2026-09-05 20:57:50.255000+00:00,343.0571,6722.0483,0.00093035,18.296075,0.45659629182759487,0.1736765945694998,300-350,quiet_control,4.801695703708156
100181,2026-09-02 22:35:33.098000+00:00,0.0013793,15.7524395,0.00211257,0.0001594,342.86557,345.00858,6722.074,spacetrack,2026-09-01 22:11:52.433000+00:00,342.82483,6722.0073,0.0015078,24.394629166666665,0.04008095361151622,0.06562100161674021,300-350,quiet_control,5.631066332736149
100181,2026-09-03 12:18:52.038000+00:00,0.0005451,15.751962,0.00081984,0.0001838,342.83743,345.3085,6722.21,spacetrack,2026-09-02 22:35:33.098000+00:00,342.86557,6722.074,0.0013793,13.721927777777779,-0.04921757430423926,0.23786745221732408,300-350,quiet_control,5.1025710673144
100181,2026-09-04 02:02:11.286000+00:00,0.0010311,15.751881,0.00156515,0.0002903,342.1447,346.04764,6722.2334,spacetrack,2026-09-03 12:18:52.038000+00:00,342.83743,6722.21,0.0005451,13.722013333333333,-1.2115947999855898,0.04092693880690793,300-350,quiet_control,5.874507239462431
100181,2026-09-05 13:06:13.048000+00:00,0.0012391,15.752557,0.00189388,1.17e-05,343.825,343.9823,6722.0405,spacetrack,2026-09-04 02:02:11.286000+00:00,342.1447,6722.2334,0.0010311,35.06715611111111,1.1499991579648499,-0.13202097100007804,300-350,quiet_control,5.342200546915687
100181,2026-09-06 13:29:53.576000+00:00,0.00094515,15.751896,0.0014323,0.0001135,343.32883,344.85477,6722.229,spacetrack,2026-09-05 13:06:13.048000+00:00,343.825,6722.0405,0.0012391,24.39459111111111,-0.4881442753339009,0.18545094604780332,300-350,quiet_control,4.139153433466034
100182,2026-09-02 12:52:36.658000+00:00,0.00088969,15.751766,0.00134607,0.0001261,343.28088,344.97623,6722.2656,spacetrack,2026-09-01 12:28:56.147000+00:00,342.95642,6722.2183,0.00062188,24.39458638888889,0.31921180690925216,0.04653491483255841,300-350,quiet_control,5.9802307344806955
100182,2026-09-03 23:56:39.329000+00:00,0.0013148,15.752589,0.00201303,0.0003159,341.77106,346.01804,6722.0317,spacetrack,2026-09-02 12:52:36.658000+00:00,343.28088,6722.2656,0.00088969,35.06740861111111,-1.0333150191348859,-0.16008026319417157,300-350,quiet_control,5.486702875606933
100182,2026-09-04 19:45:52.999000+00:00,0.0010268,15.752909,0.00156538,0.0001141,343.03665,344.5706,6721.9404,spacetrack,2026-09-03 23:56:39.329000+00:00,341.77106,6722.0317,0.0013148,19.820463888888888,1.5324646370677604,-0.11055240746447159,300-350,quiet_control,4.219306771466695
100182,2026-09-05 20:09:33.364000+00:00,0.00090642,15.752563,0.00137663,0.0001485,342.90356,344.9,6722.0386,spacetrack,2026-09-04 19:45:52.999000+00:00,343.03665,6721.9404,0.0010268,24.394545833333336,-0.13093746535895634,0.09661175969779445,300-350,quiet_control,5.494030126155819
100182,2026-09-06 12:55:50.207000+00:00,0.0010863,15.752057,0.00165178,9.45e-05,343.4105,344.681,6722.1826,spacetrack,2026-09-05 20:09:33.364000+00:00,342.90356,6722.0386,0.00090642,16.77134527777778,0.725437333647915,0.20606575935114918,300-350,quiet_control,4.67073621255752
100183,2026-09-02 13:23:35.176000+00:00,0.001028,15.753779,0.00157336,0.0001123,342.801,344.3107,6721.693,spacetrack,2026-09-01 12:59:58.259000+00:00,343.09494,6722.2847,0.0011157,24.393588055555554,-0.28919730807677724,-0.5821529808430345,300-350,quiet_control,5.959025446088025
100183,2026-09-03 12:15:48.523000+00:00,0.00063096,15.751808,0.00094997,0.0001273,343.26105,344.97253,6722.254,spacetrack,2026-09-02 13:23:35.176000+00:00,342.801,6721.693,0.001028,22.870374166666664,0.48277303727251686,0.5887092140196074,300-350,quiet_control,5.20143507587515
100183,2026-09-04 12:39:29.437000+00:00,0.0013865,15.752498,0.00212454,7.31e-05,343.4291,344.41187,6722.0576,spacetrack,2026-09-03 12:15:48.523000+00:00,343.26105,6722.254,0.00063096,24.394698333333334,0.1653310053229401,-0.1932223114870312,300-350,quiet_control,5.368932621220499
100183,2026-09-05 00:51:18.703000+00:00,0.00089768,15.75287,0.00136535,0.0003761,341.2865,346.34277,6721.9517,spacetrack,2026-09-04 12:39:29.437000+00:00,343.4291,6722.0576,0.0013865,12.197018333333334,-4.215981200870025,-0.20837879640349685,300-350,quiet_control,3.1725362022676493
100183,2026-09-06 19:32:45.700000+00:00,0.00099248,15.752554,0.00150981,0.0001885,342.6373,345.1715,6722.0415,spacetrack,2026-09-05 00:51:18.703000+00:00,341.2865,6721.9517,0.00089768,42.6908325,0.7593948888206812,0.050483906586164876,300-350,quiet_control,5.277240721933033
100184,2026-09-02 22:16:44.830000+00:00,0.0014028,15.752566,0.00215081,0.000152,342.8792,344.92273,6722.038,spacetrack,2026-09-01 12:44:11.659000+00:00,343.14276,6722.185,0.00092383,33.5425475,-0.18857959431971044,-0.10517984658202412,300-350,quiet_control,5.799163377664012
100184,2026-09-03 13:31:32.417000+00:00,0.00059577,15.752283,0.00089825,0.0001954,342.66812,345.29514,6722.1187,spacetrack,2026-09-02 22:16:44.830000+00:00,342.8792,6722.038,0.0014028,15.246551944444445,-0.33226660155425114,0.1270320008791326,300-350,quiet_control,5.112870146760141
100184,2026-09-04 00:11:54.004000+00:00,0.00097256,15.752101,0.00147598,0.0001811,342.81598,345.25073,6722.1704,spacetrack,2026-09-03 13:31:32.417000+00:00,342.66812,6722.1187,0.00059577,10.672663055555555,0.332498082393192,0.11625964330933262,300-350,quiet_control,6.124367923688315
100184,2026-09-05 12:47:24.884000+00:00,0.00092403,15.752458,0.00140321,0.000146,342.9505,344.91333,6722.069,spacetrack,2026-09-04 00:11:54.004000+00:00,342.81598,6722.1704,0.00097256,36.59191111111111,0.08822933544508223,-0.0665065017402281,300-350,quiet_control,5.327941330081451
100184,2026-09-06 13:11:05.482000+00:00,0.00087957,15.751875,0.00133112,0.0001238,343.26544,344.92987,6722.235,spacetrack,2026-09-05 12:47:24.884000+00:00,342.9505,6722.069,0.00092403,24.394610555555555,0.3098454875017256,0.16331476130390138,300-350,quiet_control,4.139154119629201
100185,2026-09-02 01:41:15.796000+00:00,0.0011854,15.752085,0.00180628,0.0002809,342.14978,345.9263,6722.175,spacetrack,2026-09-01 22:38:18.109000+00:00,342.59616,6721.9727,0.0016438,3.0493575,-3.51323844449181,1.5922042594212549,300-350,quiet_control,4.339596674600031
100185,2026-09-03 23:25:38.708000+00:00,0.0016129,15.752458,0.0024816,9.7e-05,343.27994,344.58405,6722.069,spacetrack,2026-09-02 01:41:15.796000+00:00,342.14978,6722.175,0.0011854,45.73969777777778,0.5930043554677272,-0.05561908197020034,300-350,quiet_control,5.651575383289711
100185,2026-09-05 15:04:07.253000+00:00,0.0011872,15.752289,0.00181052,0.0001363,343.06378,344.89624,6722.117,spacetrack,2026-09-03 23:25:38.708000+00:00,343.27994,6722.069,0.0016129,39.6412625,-0.13086969669545845,0.029060628429646674,300-350,quiet_control,5.311961228390353
100185,2026-09-06 15:27:47.914000+00:00,0.0010622,15.752105,0.00161483,0.0001503,343.02194,345.04263,6722.1694,spacetrack,2026-09-05 15:04:07.253000+00:00,343.06378,6722.117,0.0011872,24.394628055555554,-0.04116316091042763,0.05155233345332785,300-350,quiet_control,4.109616483073385
100186,2026-09-02 22:26:24.201000+00:00,0.001314,15.752428,0.00201002,0.0001534,342.9091,344.9714,6722.077,spacetrack,2026-09-01 12:53:51.124000+00:00,343.0701,6722.229,0.0011242,33.54252138888889,-0.11519706450213368,-0.108757477045523,300-350,quiet_control,5.794364461619475
100186,2026-09-03 12:09:42.946000+00:00,0.00073208,15.75223,0.00110646,0.0001261,343.1492,344.8445,6722.134,spacetrack,2026-09-02 22:26:24.201000+00:00,342.9091,6722.077,0.001314,13.721873611111112,0.4199426523892179,0.09969484042523286,300-350,quiet_control,5.113683029801668
100186,2026-09-04 01:53:02.068000+00:00,0.0014263,15.752313,0.0021854,0.0001973,342.6468,345.29932,6722.11,spacetrack,2026-09-03 12:09:42.946000+00:00,343.1492,6722.134,0.00073208,13.721978333333334,-0.8787071154827806,-0.041976454561875536,300-350,quiet_control,5.874509470026614
100186,2026-09-05 23:37:26.747000+00:00,0.00094258,15.751958,0.00142875,0.0001625,342.98166,345.16638,6722.211,spacetrack,2026-09-04 01:53:02.068000+00:00,342.6468,6722.11,0.0014263,45.740188611111115,0.17570194273417494,0.05299497167846806,300-350,quiet_control,4.811454726122534
100186,2026-09-06 19:26:39.927000+00:00,0.00091603,15.752804,0.00139297,0.0001668,342.71234,344.9548,6721.9707,spacetrack,2026-09-05 23:37:26.747000+00:00,342.98166,6722.211,0.00094258,19.820327777777777,-0.32611367846533856,-0.29097399723507167,300-350,quiet_control,4.751190822889743
100187,2026-09-02 12:40:55.138000+00:00,0.00057932,15.751956,0.00087191,0.0001868,342.819,345.3304,6722.212,spacetrack,2026-09-01 12:17:15.010000+00:00,343.25177,6722.2144,0.00079671,24.394479999999998,-0.42577173196559714,-0.0023611899079439783,300-350,quiet_control,5.988214433028381
100187,2026-09-03 22:13:28.608000+00:00,0.0014105,15.752552,0.00216274,0.0001107,343.16095,344.64923,6722.042,spacetrack,2026-09-02 12:40:55.138000+00:00,342.819,6722.212,0.00057932,33.542630555555554,0.2446677515768263,-0.12163625608445278,300-350,quiet_control,5.463369458451174
100187,2026-09-04 13:28:16.456000+00:00,0.0012789,15.751787,0.00194947,9.6e-05,343.47733,344.768,6722.26,spacetrack,2026-09-03 22:13:28.608000+00:00,343.16095,6722.042,0.0014105,15.246624444444445,0.4980197438237761,0.34315792450064353,300-350,quiet_control,4.919679707610326
100187,2026-09-05 12:20:28.231000+00:00,0.0016273,15.753972,0.00252154,0.0001857,342.2528,344.74924,6721.638,spacetrack,2026-09-04 13:28:16.456000+00:00,343.47733,6722.26,0.0012789,22.8699375,-1.2850371803596043,-0.6527346215968959,300-350,quiet_control,5.655882859321326
100187,2026-09-06 12:44:08.924000+00:00,0.001143,15.752041,0.00173975,0.0001093,343.31586,344.78534,6722.1875,spacetrack,2026-09-05 12:20:28.231000+00:00,342.2528,6721.638,0.0016273,24.394636944444443,1.0458626647366656,0.5406106280669741,300-350,quiet_control,4.139155050848893
100188,2026-09-02 12:47:00.839000+00:00,0.00096945,15.752559,0.00147414,0.0001802,342.69177,345.1144,6722.04,spacetrack,2026-09-01 20:00:44.847000+00:00,342.62247,6722.0723,0.0016246,16.77110888888889,0.09917054447734554,-0.046222346127034235,300-350,quiet_control,5.821120951519935
100188,2026-09-03 11:39:13.080000+00:00,0.00093133,15.752156,0.0014126,6.8e-05,343.5605,344.4747,6722.155,spacetrack,2026-09-02 12:47:00.839000+00:00,342.69177,6722.04,0.00096945,22.870066944444442,0.9116510262364593,0.12068176305295931,300-350,quiet_control,5.243234980085141
100188,2026-09-04 12:02:53.571000+00:00,0.0013088,15.752426,0.00200183,0.0001088,343.20953,344.67224,6722.078,spacetrack,2026-09-03 11:39:13.080000+00:00,343.5605,6722.155,0.00093133,24.394580833333332,-0.34529308199838643,-0.0757545297707446,300-350,quiet_control,5.354735889600072
100188,2026-09-05 12:26:34.122000+00:00,0.0012225,15.75207,0.00186387,0.0002311,342.48862,345.5956,6722.179,spacetrack,2026-09-04 12:02:53.571000+00:00,343.20953,6722.078,0.0013088,24.394597500000003,-0.7092488408549769,0.09936626337006758,300-350,quiet_control,5.614890243628738
100188,2026-09-06 12:50:14.788000+00:00,0.00099027,15.751948,0.00150231,8.92e-05,343.47733,344.67657,6722.214,spacetrack,2026-09-05 12:26:34.122000+00:00,342.48862,6722.179,0.0012225,24.394629444444444,0.972715738684985,0.03443380855239048,300-350,quiet_control,4.139154786186659
100189,2026-09-02 12:38:22.877000+00:00,0.00072257,15.751947,0.00109053,0.0001201,343.26962,344.8843,6722.214,spacetrack,2026-09-01 12:14:42.462000+00:00,343.08115,6722.1934,0.00054909,24.39455972222222,0.18542166989303788,0.02026681381527764,300-350,quiet_control,5.98995151639855
100189,2026-09-03 22:10:56.019000+00:00,0.0014945,15.752726,0.0022971,6.21e-05,343.43832,344.2732,6721.9927,spacetrack,2026-09-02 12:38:22.877000+00:00,343.26962,6722.214,0.00072257,33.542539444444444,0.12070642435126121,-0.15834221522793546,300-350,quiet_control,5.463368000809454
100189,2026-09-04 11:54:15.351000+00:00,0.0013709,15.753162,0.00210692,0.0004461,340.7327,346.72995,6721.868,spacetrack,2026-09-03 22:10:56.019000+00:00,343.43832,6721.9927,0.0014945,13.722036666666668,-4.732160507757392,-0.2181017346539741,300-350,quiet_control,4.906867809467544
100189,2026-09-05 18:23:52.359000+00:00,0.001188,15.752148,0.00181068,0.0001193,343.21814,344.82205,6722.157,spacetrack,2026-09-04 11:54:15.351000+00:00,340.7327,6721.868,0.0013709,30.493613333333332,1.9561656845302116,0.22745746541005432,300-350,quiet_control,5.160758362078879
100189,2026-09-06 12:41:36.569000+00:00,0.00098968,15.753192,0.00150966,0.0001454,342.74567,344.70038,6721.86,spacetrack,2026-09-05 18:23:52.359000+00:00,343.21814,6722.157,0.001188,18.29561388888889,-0.6197813349617172,-0.3896015757274168,300-350,quiet_control,4.409346547996249
100190,2026-09-02 22:13:41.867000+00:00,0.001517,15.752622,0.0023315,0.0001341,342.98386,344.7867,6722.0225,spacetrack,2026-09-01 12:41:08.718000+00:00,343.2902,6722.2124,0.00092167,33.54254138888889,-0.2191891161364492,-0.1358752143186471,300-350,quiet_control,5.8006783409019
100190,2026-09-03 11:57:00.569000+00:00,0.00079283,15.752195,0.00119954,0.0001466,343.02094,344.99188,6722.1436,spacetrack,2026-09-02 22:13:41.867000+00:00,342.98386,6722.0225,0.001517,13.721861666666666,0.06485417369873947,0.21180799446968565,300-350,quiet_control,5.132747698512403
100190,2026-09-04 12:20:41.282000+00:00,0.0015496,15.75286,0.00238558,0.000131,342.93674,344.6979,6721.954,spacetrack,2026-09-03 11:57:00.569000+00:00,343.02094,6722.1436,0.00079283,24.3946425,-0.08283786081309598,-0.18653276021629067,300-350,quiet_control,5.36689031436126
100190,2026-09-05 21:53:14.621000+00:00,0.00095517,15.75225,0.00145006,0.0001724,342.83206,345.14984,6722.128,spacetrack,2026-09-04 12:20:41.282000+00:00,342.93674,6721.954,0.0015496,33.54259416666667,-0.0748993947074019,0.1244984207020405,300-350,quiet_control,4.884105722327065
100190,2026-09-06 14:39:31.332000+00:00,0.0011172,15.751939,0.00169897,0.0001443,343.10956,345.0496,6722.217,spacetrack,2026-09-05 21:53:14.621000+00:00,342.83206,6722.128,0.00095517,16.771308611111113,0.39710675859766253,0.12736036582043975,300-350,quiet_control,4.874034559451243
100191,2026-09-02 22:20:48.267000+00:00,0.00113,15.752523,0.0017232,3.16e-05,343.70065,344.1255,6722.0503,spacetrack,2026-09-01 12:48:15.623000+00:00,343.04224,6722.2515,0.001108,33.54240111111111,0.4711004423224083,-0.14396107136202202,300-350,quiet_control,5.797142139595717
100191,2026-09-03 13:35:36.381000+00:00,0.00054452,15.752155,0.00081963,0.0001304,343.14133,344.89447,6722.155,spacetrack,2026-09-02 22:20:48.267000+00:00,343.70065,6722.0503,0.00113,15.246698333333335,-0.8804319273932638,0.16480945218829038,300-350,quiet_control,5.108433913396988
100191,2026-09-04 12:27:48.166000+00:00,0.0011001,15.752462,0.00167619,0.0001383,343.0009,344.8602,6722.0674,spacetrack,2026-09-03 13:35:36.381000+00:00,343.14133,6722.155,0.00054452,22.86994027777778,-0.14736898999576328,-0.09192853039668755,300-350,quiet_control,5.393529667794764
100191,2026-09-05 20:28:52.684000+00:00,0.001074,15.752385,0.00163513,8.2e-05,343.40143,344.50385,6722.09,spacetrack,2026-09-04 12:27:48.166000+00:00,343.0009,6722.0674,0.0011001,32.017921666666666,0.3002293559237396,0.016940512430899328,300-350,quiet_control,4.954903277346807
100191,2026-09-06 23:55:30.579000+00:00,0.0014694,15.752809,0.00225829,3.37e-05,343.60568,344.05872,6721.969,spacetrack,2026-09-05 20:28:52.684000+00:00,343.40143,6722.09,0.001074,27.443859722222225,0.17861919021655426,-0.10581601966325468,300-350,quiet_control,4.8312578522042395
100192,2026-09-02 22:10:38.983000+00:00,0.0013789,15.7525,0.00211256,0.0001576,342.8605,344.97928,6722.057,spacetrack,2026-09-01 12:38:05.645000+00:00,342.84012,6722.1636,0.00065111,33.54259388888889,0.01458205652252054,-0.07627317101582866,300-350,quiet_control,5.802194743469535
100192,2026-09-03 22:34:18.798000+00:00,0.001297,15.752782,0.00198645,3.22e-05,343.62317,344.05606,6721.9766,spacetrack,2026-09-02 22:10:38.983000+00:00,342.8605,6722.057,0.0013789,24.394393055555557,0.7503396357644482,-0.07910014385688513,300-350,quiet_control,5.508083682480998
100192,2026-09-04 19:55:02.434000+00:00,0.0013698,15.753506,0.00210761,0.0001283,342.7715,344.4963,6721.771,spacetrack,2026-09-03 22:34:18.798000+00:00,343.62317,6721.9766,0.001297,21.345454444444442,-0.9575846723338431,-0.2311686552679521,300-350,quiet_control,4.325075325691252
100192,2026-09-05 12:41:19.248000+00:00,0.0006958,15.752177,0.00105066,0.0001754,342.83267,345.1908,6722.149,spacetrack,2026-09-04 19:55:02.434000+00:00,342.7715,6721.771,0.0013698,16.771337222222222,0.08753505940211354,0.5409228781110048,300-350,quiet_control,6.6596580932541425
100192,2026-09-06 13:04:59.800000+00:00,0.0011579,15.751855,0.00176155,0.0001705,342.95718,345.24948,6722.24,spacetrack,2026-09-05 12:41:19.248000+00:00,342.83267,6722.149,0.0006958,24.394597777777776,0.12249597337988538,0.08952801845235037,300-350,quiet_control,4.1391536687221
100193,2026-09-02 12:49:34.427000+00:00,0.00096243,15.751961,0.0014594,0.0001081,343.3465,344.79984,6722.21,spacetrack,2026-09-01 12:25:53.924000+00:00,343.4086,6722.2266,0.0006375,24.394584166666665,-0.06109552799986642,-0.01633149379699622,300-350,quiet_control,5.982305680941044
100193,2026-09-03 23:53:37.098000+00:00,0.0012631,15.752548,0.00193173,0.0003522,341.5387,346.2737,6722.043,spacetrack,2026-09-02 12:49:34.427000+00:00,343.3465,6722.21,0.00096243,35.06740861111111,-1.2372513886370384,-0.11429415969844349,300-350,quiet_control,5.486702875606933
100193,2026-09-04 12:05:26.551000+00:00,0.0010807,15.752173,0.00164403,0.000166,342.8969,345.12866,6722.15,spacetrack,2026-09-03 23:53:37.098000+00:00,341.5387,6722.043,0.0012631,12.197070277777778,2.672510632277768,0.21054236316716324,300-350,quiet_control,4.762759558858545
100193,2026-09-05 12:29:07.247000+00:00,0.0011579,15.752027,0.00176285,0.000151,343.03943,345.06952,6722.1914,spacetrack,2026-09-04 12:05:26.551000+00:00,342.8969,6722.15,0.0010807,24.394637777777778,0.14022425875555566,0.040730262488534404,300-350,quiet_control,5.614889228388717
100193,2026-09-06 12:52:47.822000+00:00,0.00079692,15.75194,0.00120446,0.0001076,343.35583,344.80246,6722.2163,spacetrack,2026-09-05 12:29:07.247000+00:00,343.03943,6722.1914,0.0011579,24.394604166666667,0.31128195186610674,0.02449722061179481,300-350,quiet_control,4.13915389417571
100194,2026-09-02 22:44:11.083000+00:00,0.00095054,15.752263,0.00144295,0.0001062,343.27353,344.7013,6722.1245,spacetrack,2026-09-01 22:20:30.343000+00:00,343.46008,6722.0415,0.0012644,24.394650000000002,-0.1835320449360932,0.08165724861767207,300-350,quiet_control,5.631066647810073
100194,2026-09-03 12:27:30.161000+00:00,0.00067878,15.75205,0.00102402,0.0001172,343.25992,344.8356,6722.1846,spacetrack,2026-09-02 22:44:11.083000+00:00,343.27353,6722.1245,0.00095054,13.721966111111112,-0.023804168976545182,0.10511613192403046,300-350,quiet_control,5.092085058753526
100194,2026-09-04 12:51:10.732000+00:00,0.0012932,15.752519,0.00197817,8.13e-05,343.36795,344.46094,6722.0513,spacetrack,2026-09-03 12:27:30.161000+00:00,343.25992,6722.1846,0.00067878,24.394603055555553,0.10628252462624868,-0.13114376129434988,300-350,quiet_control,5.368934062157259
100194,2026-09-05 11:43:22.608000+00:00,0.0010687,15.752238,0.00162581,0.0001918,342.70493,345.28354,6722.1313,spacetrack,2026-09-04 12:51:10.732000+00:00,343.36795,6722.0513,0.0012932,22.869965555555556,-0.6957806718749066,0.08395290300434444,300-350,quiet_control,5.631653480117469
100194,2026-09-06 19:44:27.035000+00:00,0.0010398,15.752263,0.0015812,0.0001878,342.72473,345.24957,6722.124,spacetrack,2026-09-05 11:43:22.608000+00:00,342.70493,6722.1313,0.0010687,32.017896388888886,0.014841699599155309,-0.005471939751355222,300-350,quiet_control,4.228398706220091
100195,2026-09-02 19:01:04.875000+00:00,0.00069704,15.752078,0.00105209,0.000145,343.06528,345.0147,6722.177,spacetrack,2026-09-01 12:31:29.330000+00:00,343.40207,6722.2173,0.00074404,30.493206944444445,-0.2650741201057181,-0.03171853986285639,300-350,quiet_control,5.786024018373126
100195,2026-09-03 22:27:43.034000+00:00,0.001461,15.75261,0.00224302,0.0001518,342.86798,344.90878,6722.0254,spacetrack,2026-09-02 19:01:04.875000+00:00,343.06528,6722.177,0.00069704,27.443933055555554,-0.17254086687990453,-0.13257574971547664,300-350,quiet_control,5.562744888798991
100195,2026-09-04 21:19:54.399000+00:00,0.00072142,15.752903,0.00109339,0.0001814,342.58588,345.0246,6721.9424,spacetrack,2026-09-03 22:27:43.034000+00:00,342.86798,6722.0254,0.001461,22.869823611111112,-0.2960407616222713,-0.08710167747184222,300-350,quiet_control,4.236667204533776
100195,2026-09-05 12:34:42.713000+00:00,0.0012222,15.753044,0.00187145,6.93e-05,343.29913,344.2308,6721.902,spacetrack,2026-09-04 21:19:54.399000+00:00,342.58588,6721.9424,0.00072142,15.246753888888888,1.1227307874678283,-0.06359386444240539,300-350,quiet_control,7.032913545130936
100195,2026-09-06 12:58:23.251000+00:00,0.0010424,15.751961,0.00158313,8.53e-05,343.49982,344.6466,6722.2104,spacetrack,2026-09-05 12:34:42.713000+00:00,343.29913,6721.902,0.0012222,24.39459388888889,0.1974437460175973,0.30341148672979773,300-350,quiet_control,4.139153531489411
100196,2026-09-02 12:43:58.716000+00:00,0.00093967,15.75243,0.0014272,9.68e-05,343.2892,344.5906,6722.077,spacetrack,2026-09-01 12:20:18.736000+00:00,342.6855,6722.2295,0.00063379,24.39443888888889,0.5939386458525759,-0.15003419495213471,300-350,quiet_control,5.986122337991878
100196,2026-09-03 23:48:01.029000+00:00,0.0017169,15.752875,0.00265182,0.0001272,342.9581,344.66818,6721.95,spacetrack,2026-09-02 12:43:58.716000+00:00,343.2892,6722.077,0.00093967,35.06730916666667,-0.22660421312147,-0.08691855954853428,300-350,quiet_control,5.4867014199906174
100196,2026-09-04 11:59:51.365000+00:00,0.0013759,15.753154,0.00211485,0.0004635,340.61823,346.8494,6721.8706,spacetrack,2026-09-03 23:48:01.029000+00:00,342.9581,6721.95,0.0017169,12.197315555555557,-4.604036006465576,-0.15623109784373856,300-350,quiet_control,4.7702212071435754
100196,2026-09-05 12:23:32.049000+00:00,0.0010988,15.752467,0.00167433,0.0001429,342.96872,344.8899,6722.0664,spacetrack,2026-09-04 11:59:51.365000+00:00,340.61823,6721.8706,0.0013759,24.394634444444442,2.312465887876746,0.19263252379083617,300-350,quiet_control,5.6149876377642425
100196,2026-09-06 12:47:12.672000+00:00,0.0010457,15.752012,0.00158851,0.0001266,343.2075,344.90955,6722.1953,spacetrack,2026-09-05 12:23:32.049000+00:00,342.96872,6722.0664,0.0010988,24.394617500000003,0.2349173951999497,0.12681485987696683,300-350,quiet_control,4.13915436468721
100197,2026-09-02 12:32:47.428000+00:00,0.0015437,15.752933,0.00237714,0.0002403,342.18152,345.41208,6721.9336,spacetrack,2026-09-01 22:49:28.542000+00:00,343.17422,6722.0444,0.0010939,13.721912777777778,-1.7362593966188058,-0.1937922243824357,300-350,quiet_control,5.781371588015164
100197,2026-09-03 20:33:51.992000+00:00,0.0012065,15.752487,0.00184231,0.000108,343.19754,344.6495,6722.0605,spacetrack,2026-09-02 12:32:47.428000+00:00,342.18152,6721.9336,0.0015437,32.01793444444444,0.7615881668541447,0.09512168891680489,300-350,quiet_control,5.4242115208972645
100197,2026-09-04 19:26:03.870000+00:00,0.00081048,15.752533,0.00122847,0.0001208,343.09848,344.7225,6722.0474,spacetrack,2026-09-03 20:33:51.992000+00:00,343.19754,6722.0605,0.0012065,22.86996611111111,-0.10395467961997346,-0.013747287532199629,300-350,quiet_control,4.519120358216535
100197,2026-09-05 12:12:20.496000+00:00,0.0012881,15.752334,0.00196854,0.0001592,342.89716,345.03748,6722.1045,spacetrack,2026-09-04 19:26:03.870000+00:00,343.09848,6722.0474,0.00081048,16.771285,-0.2880924151011824,0.08171109130873339,300-350,quiet_control,6.602072629894887
100197,2026-09-06 12:36:01.102000+00:00,0.0010448,15.752488,0.00159051,0.0001738,342.755,345.0916,6722.0605,spacetrack,2026-09-05 12:12:20.496000+00:00,342.89716,6722.1045,0.0012881,24.394612777777777,-0.13986038766345024,-0.04328824604179189,300-350,quiet_control,4.139154198047779
100198,2026-09-02 12:58:43.107000+00:00,0.0011493,15.75253,0.0017534,0.0001618,342.82364,344.9989,6722.0483,spacetrack,2026-09-01 12:35:02.757000+00:00,343.19107,6722.042,0.0014568,24.39454166666667,-0.36148742290370195,0.006198107841757406,300-350,quiet_control,5.976056153271992
100198,2026-09-03 22:31:15.984000+00:00,0.0011354,15.752603,0.00173229,6.26e-05,343.46988,344.31146,6722.028,spacetrack,2026-09-02 12:58:43.107000+00:00,342.82364,6722.0483,0.0011493,33.54246583333333,0.46239176562226386,-0.014524871320553025,300-350,quiet_control,5.463366823135817
100198,2026-09-04 19:51:59.426000+00:00,0.0014075,15.753603,0.0021681,0.0001667,342.48566,344.72668,6721.743,spacetrack,2026-09-03 22:31:15.984000+00:00,343.46988,6722.028,0.0011354,21.345400555555553,-1.1066215383740805,-0.3204437406641341,300-350,quiet_control,4.3322158057417575
100198,2026-09-05 12:38:16.056000+00:00,0.0011892,15.751977,0.00181121,0.0001419,343.11472,345.0225,6722.2056,spacetrack,2026-09-04 19:51:59.426000+00:00,342.48566,6721.743,0.0014075,16.77128611111111,0.9001957214239746,0.6619885873058177,300-350,quiet_control,6.653600937978818
100198,2026-09-06 13:01:56.715000+00:00,0.0011615,15.751977,0.00176805,0.0001502,343.05893,345.0783,6722.2056,spacetrack,2026-09-05 12:38:16.056000+00:00,343.11472,6722.2056,0.0011892,24.3946275,-0.05488749520770682,0.0,300-350,quiet_control,4.139154717570498
100199,2026-09-02 12:13:59.373000+00:00,0.0012138,15.752496,0.00185384,0.0001263,343.07214,344.77014,6722.058,spacetrack,2026-09-01 22:30:40.490000+00:00,342.78427,6721.9995,0.001477,13.721911944444445,0.5034925182417552,0.10231810302285928,300-350,quiet_control,5.7813715747378325
100199,2026-09-03 11:06:11.299000+00:00,0.0014429,15.752392,0.00221226,0.0001856,342.7031,345.19833,6722.088,spacetrack,2026-09-02 12:13:59.373000+00:00,343.07214,6722.058,0.0012138,22.869979444444446,-0.38727450636826616,0.031482319507234624,300-350,quiet_control,5.291373336753958
100199,2026-09-04 02:20:58.904000+00:00,0.0011059,15.751867,0.00168088,0.0001234,343.27032,344.92938,6722.237,spacetrack,2026-09-03 11:06:11.299000+00:00,342.7031,6722.088,0.0014429,15.246556944444446,0.8928756865963042,0.23454475741890257,300-350,quiet_control,5.728239080572017
100199,2026-09-05 21:02:25.120000+00:00,0.001033,15.752144,0.00156987,0.0002129,342.5901,345.4524,6722.158,spacetrack,2026-09-04 02:20:58.904000+00:00,343.27032,6722.237,0.0011059,42.69061555555555,-0.38240910297382635,-0.04441257113114238,300-350,quiet_control,4.858509627174372
100199,2026-09-06 12:17:13.038000+00:00,0.00097375,15.752618,0.00148117,0.0001606,342.80692,344.96603,6722.0234,spacetrack,2026-09-05 21:02:25.120000+00:00,342.5901,6722.158,0.001033,15.246643888888888,0.3413000289061545,-0.21187613638446873,300-350,quiet_control,4.80587931937954
100200,2026-09-02 22:38:05.318000+00:00,0.0012746,15.752415,0.00194822,0.0001071,343.2241,344.66397,6722.081,spacetrack,2026-09-01 22:14:26.015000+00:00,343.34164,6721.972,0.0012149,24.394250833333334,-0.11564036211943943,0.10723838243207975,300-350,quiet_control,5.631060610900088
100200,2026-09-03 10:49:55.378000+00:00,0.0011744,15.752525,0.00179255,9.84e-05,343.2511,344.574,6722.0493,spacetrack,2026-09-02 22:38:05.318000+00:00,343.2241,6722.081,0.0012746,12.197238888888888,0.05312677778164868,-0.062374772433454954,300-350,quiet_control,5.207681428811529
100200,2026-09-04 12:45:04.705000+00:00,0.0013783,15.752708,0.00211363,9.98e-05,343.18964,344.53134,6721.9976,spacetrack,2026-09-03 10:49:55.378000+00:00,343.2511,6722.0493,0.0011744,25.9192575,-0.0569090376142242,-0.0478717416962882,300-350,quiet_control,5.302171057347783
100200,2026-09-05 13:08:45.448000+00:00,0.0011524,15.752216,0.00175576,0.0001228,343.17514,344.82608,6722.1377,spacetrack,2026-09-04 12:45:04.705000+00:00,343.18964,6721.9976,0.0013783,24.394650833333333,-0.014265422464028149,0.13783349567021727,300-350,quiet_control,5.6148888993116355
100200,2026-09-06 13:32:26.195000+00:00,0.00086012,15.751843,0.00130103,0.0001497,343.10022,345.11285,6722.2437,spacetrack,2026-09-05 13:08:45.448000+00:00,343.17514,6722.1377,0.0011524,24.394651944444444,-0.07370795878110369,0.10428515257311446,300-350,quiet_control,4.139155580172872
100201,2026-09-02 22:56:53.472000+00:00,0.0010937,15.752446,0.00166623,0.0001409,342.9879,344.8822,6722.0723,spacetrack,2026-09-01 22:33:12.976000+00:00,342.88345,6722.006,0.0014879,24.394582222222223,0.10276052187183818,0.0652275978941963,300-350,quiet_control,5.631065622767605
100201,2026-09-03 01:59:51.182000+00:00,0.0010373,15.7518,0.00157411,0.0001802,342.90784,345.33054,6722.2563,spacetrack,2026-09-02 22:56:53.472000+00:00,342.9879,6722.0723,0.0010937,3.0493638888888888,-0.6301117446170713,1.448170884457412,300-350,quiet_control,7.9652136921088275
100201,2026-09-04 19:09:48.127000+00:00,0.0015928,15.753303,0.00245904,8.19e-05,343.14102,344.24207,6721.8286,spacetrack,2026-09-03 01:59:51.182000+00:00,342.90784,6722.2563,0.0010373,41.165818055555555,0.13594579834287662,-0.24935250858252234,300-350,quiet_control,4.749380920099264
100201,2026-09-05 21:04:57.413000+00:00,0.0005812,15.752105,0.00087532,0.0001542,342.99567,345.0688,6722.1694,spacetrack,2026-09-04 19:09:48.127000+00:00,343.14102,6721.8286,0.0015928,25.91924611111111,-0.13458724783298268,0.3155647338250474,300-350,quiet_control,5.318069532757972
100201,2026-09-06 19:57:09.242000+00:00,0.0012819,15.752385,0.00195943,0.0001761,342.76874,345.13626,6722.0894,spacetrack,2026-09-05 21:04:57.413000+00:00,342.99567,6722.1694,0.0005812,22.8699525,-0.23814303943136406,-0.08395295092975177,300-350,quiet_control,4.69545988101394
100202,2026-09-02 19:57:00.613000+00:00,0.0011542,15.752166,0.00175814,0.0001177,343.22363,344.80603,6722.152,spacetrack,2026-09-01 22:36:15.958000+00:00,342.75412,6722.015,0.0015066,21.3457375,0.5278918097817109,0.15403543681698464,300-350,quiet_control,5.578370154697162
100202,2026-09-03 12:43:15.598000+00:00,0.00078867,15.752286,0.00119365,0.0001893,342.70822,345.2532,6722.1177,spacetrack,2026-09-02 19:57:00.613000+00:00,343.22363,6722.152,0.0011542,16.770829166666665,-0.7375807049890398,-0.04908522958676104,300-350,quiet_control,5.241480590015882
100202,2026-09-04 23:47:16.398000+00:00,0.0010817,15.752811,0.00165031,0.0002397,342.22,345.4425,6721.9683,spacetrack,2026-09-03 12:43:15.598000+00:00,342.70822,6722.1177,0.00078867,35.06688888888889,-0.3341408482835674,-0.10225030259585088,300-350,quiet_control,4.590392377107876
100202,2026-09-05 13:30:36.784000+00:00,0.001293,15.751893,0.0019728,0.0003382,341.81915,346.3661,6722.2295,spacetrack,2026-09-04 23:47:16.398000+00:00,342.22,6721.9683,0.0010817,13.722329444444444,-0.7010763033309934,0.4568320579517907,300-350,quiet_control,7.795710827036857
100202,2026-09-06 12:22:47.793000+00:00,0.0010689,15.753394,0.00163447,0.0001987,342.32996,345.0012,6721.8027,spacetrack,2026-09-05 13:30:36.784000+00:00,341.81915,6722.2295,0.001293,22.869724722222223,0.5360554247550183,-0.4478934540935356,300-350,quiet_control,4.081755453768336
100213,2026-09-02 21:32:55.363000+00:00,0.0013058,15.752301,0.00199603,9.82e-05,343.31628,344.6365,6722.1133,spacetrack,2026-09-01 21:09:14.739000+00:00,343.34076,6722.0474,0.0012461,24.39461777777778,-0.024084001042836,0.06483397339519645,300-350,quiet_control,5.631066160495512
100213,2026-09-03 15:50:40.691000+00:00,0.0008367,15.751797,0.00126476,9.05e-05,343.51157,344.72827,6722.257,spacetrack,2026-09-02 21:32:55.363000+00:00,343.31628,6722.1133,0.0013058,18.29592444444444,0.25617508501589786,0.1885009970643081,300-350,quiet_control,5.180145280685462
100213,2026-09-04 14:42:52.344000+00:00,0.0011501,15.752697,0.00175589,9.16e-05,343.248,344.47946,6722.0005,spacetrack,2026-09-03 15:50:40.691000+00:00,343.51157,6722.257,0.0008367,22.869903611111113,-0.27659408222984844,-0.2691747243305956,300-350,quiet_control,5.3565980753477636
100213,2026-09-05 16:38:01.830000+00:00,0.0010299,15.751855,0.00156291,9.63e-05,343.45618,344.7509,6722.2407,spacetrack,2026-09-04 14:42:52.344000+00:00,343.248,6722.0005,0.0011501,25.91930166666667,0.19276445269457748,0.22241339964101925,300-350,quiet_control,5.389612155831616
100214,2026-09-02 22:41:01.353000+00:00,0.00077799,15.752079,0.00117622,0.0002182,342.57278,345.50635,6722.177,spacetrack,2026-09-01 20:45:51.739000+00:00,343.09818,6722.124,0.0010435,25.91933722222222,-0.48649392119443535,0.049075328936522465,300-350,quiet_control,5.652768899033277
100214,2026-09-03 16:58:45.983000+00:00,0.00087929,15.7527075,0.00133559,0.0001702,342.71683,345.005,6721.998,spacetrack,2026-09-02 22:41:01.353000+00:00,342.57278,6722.177,0.00077799,18.295730555555558,0.18896211821123698,-0.23480887997104882,300-350,quiet_control,5.180136592280257
100214,2026-09-04 21:56:51.748000+00:00,0.00095117,15.752986,0.00144891,0.0003682,341.30652,346.25653,6721.9185,spacetrack,2026-09-03 16:58:45.983000+00:00,342.71683,6721.998,0.00087929,28.968268055555555,-1.1684316071326062,-0.06586517344898331,300-350,quiet_control,4.6263993748331815
100214,2026-09-05 20:49:04.764000+00:00,0.00060942,15.752278,0.00091902,5.49e-05,343.61392,344.35202,6722.12,spacetrack,2026-09-04 21:56:51.748000+00:00,341.30652,6721.9185,0.00095117,22.870282222222222,2.4213780775382086,0.21145344657373766,300-350,quiet_control,5.672888650161922
100214,2026-09-06 21:12:45.381000+00:00,0.00027914,15.751917,0.00041711,6.03e-05,343.68045,344.49115,6722.2227,spacetrack,2026-09-05 20:49:04.764000+00:00,343.61392,6722.12,0.00060942,24.394615833333333,0.06545378746314226,0.10103868889957594,300-350,quiet_control,4.7403761465260486
100215,2026-09-02 21:12:35.065000+00:00,0.0012833,15.752463,0.0019622,0.0001,343.25815,344.60254,6722.0674,spacetrack,2026-09-01 20:48:54.766000+00:00,343.1491,6722.1104,0.0011852,24.3945275,0.10728635756526106,-0.04230457015377598,300-350,quiet_control,5.631064795167686
100215,2026-09-03 17:01:49.098000+00:00,0.00064262,15.752049,0.00096876,8.47e-05,343.47873,344.61746,6722.185,spacetrack,2026-09-02 21:12:35.065000+00:00,343.25815,6722.0674,0.0012833,19.820564722222223,0.26709228895301007,0.1423975572627075,300-350,quiet_control,5.2432102611495
100215,2026-09-05 14:46:12.354000+00:00,0.0012299,15.752922,0.00188339,0.0004761,340.59943,347.00006,6721.9365,spacetrack,2026-09-03 17:01:49.098000+00:00,343.47873,6722.185,0.00064262,45.73979333333333,-1.510789510927684,-0.13038974523892677,300-350,quiet_control,5.480319070090537
100215,2026-09-06 21:15:48.625000+00:00,0.0011163,15.752173,0.00169924,0.0001251,343.1718,344.8537,6722.15,spacetrack,2026-09-05 14:46:12.354000+00:00,340.59943,6721.9365,0.0012299,30.49340861111111,2.0245975380235226,0.1680363145145108,300-350,quiet_control,4.221586102154991
100216,2026-09-02 20:51:14.678000+00:00,0.0012722,15.752341,0.00194384,0.000107,343.24588,344.6844,6722.102,spacetrack,2026-09-01 15:53:07.817000+00:00,343.3689,6722.1357,0.0011339,28.9685725,-0.10192010669493373,-0.027919912173749065,300-350,quiet_control,5.689318484713045
100216,2026-09-03 13:37:31.190000+00:00,0.0014593,15.752641,0.00224067,8.46e-05,343.31113,344.4485,6722.0166,spacetrack,2026-09-02 20:51:14.678000+00:00,343.24588,6722.102,0.0012722,16.771253333333334,0.09337405910429691,-0.12220911337167784,300-350,quiet_control,5.187578275472422
100216,2026-09-04 21:38:35.784000+00:00,0.0011072,15.753113,0.00169221,0.0001467,342.75952,344.73172,6721.883,spacetrack,2026-09-03 13:37:31.190000+00:00,343.31113,6722.0166,0.0014593,32.017942777777776,-0.41347565931649816,-0.10014384816216794,300-350,quiet_control,4.752331995374052
100216,2026-09-05 15:56:21.449000+00:00,0.00087551,15.752043,0.00132592,0.0002052,342.67062,345.42938,6722.187,spacetrack,2026-09-04 21:38:35.784000+00:00,342.75952,6721.883,0.0011072,18.296018055555553,-0.1166155386118405,0.39877529514061,300-350,quiet_control,6.591162937472809
100216,2026-09-06 16:20:01.411000+00:00,0.0010516,15.751891,0.00159684,9.11e-05,343.48062,344.7054,6722.23,spacetrack,2026-09-05 15:56:21.449000+00:00,342.67062,6722.187,0.00087551,24.394433888888887,0.7969031004590983,0.04230473249317829,300-350,quiet_control,4.145314194055333
100217,2026-09-02 16:49:50.577000+00:00,0.00060414,15.751736,0.00090879,0.0001028,343.44638,344.82846,6722.2744,spacetrack,2026-09-01 21:00:36.323000+00:00,343.38303,6722.0825,0.00089247,19.82062611111111,0.07670797034744836,0.23236400173118132,300-350,quiet_control,5.66391416551002
100217,2026-09-03 17:13:30.865000+00:00,0.00076268,15.752056,0.00115253,0.0001431,343.0843,345.00818,6722.183,spacetrack,2026-09-02 16:49:50.577000+00:00,343.44638,6722.2744,0.00060414,24.394524444444446,-0.35622420186095594,-0.0899218185212681,300-350,quiet_control,5.2892434376894775
100217,2026-09-04 20:40:09.595000+00:00,0.0011205,15.753013,0.00171214,0.000138,342.84644,344.70166,6721.911,spacetrack,2026-09-03 17:13:30.865000+00:00,343.0843,6722.183,0.00076268,27.444091666666665,-0.20800979931625674,-0.23786540575971313,300-350,quiet_control,4.724388613092496
100217,2026-09-05 14:58:11.508000+00:00,0.0010223,15.738853,0.00146574,0.0003613,345.3749,350.23508,6725.942,spacetrack,2026-09-04 20:40:09.595000+00:00,342.84644,6721.911,0.0011205,18.30053138888889,3.315916828341104,5.286403872334363,300-350,quiet_control,6.6031591250241926
100218,2026-09-02 21:06:59.855000+00:00,0.0007148,15.752064,0.00107921,0.000137,343.1231,344.965,6722.181,spacetrack,2026-09-01 20:43:19.227000+00:00,343.0563,6722.0703,0.0011112,24.39461888888889,0.0657194116170526,0.10890926446047373,300-350,quiet_control,5.631066177299483
100218,2026-09-03 13:53:16.354000+00:00,0.00095745,15.752112,0.00145267,0.0001212,343.2154,344.84485,6722.167,spacetrack,2026-09-02 21:06:59.855000+00:00,343.1231,6722.181,0.0007148,16.771249722222223,0.13208318024529822,-0.020034285193185956,300-350,quiet_control,5.171923598948657
100218,2026-09-04 21:54:20.943000+00:00,0.00093711,15.752936,0.00142641,6.72e-05,343.3439,344.2473,6721.9326,spacetrack,2026-09-03 13:53:16.354000+00:00,343.2154,6722.167,0.00095745,32.01794138888889,0.09632099586111975,-0.17570148972659774,300-350,quiet_control,4.7277322612931885
100218,2026-09-05 20:46:32.337000+00:00,0.00051026,15.752295,0.00076795,6e-05,343.57492,344.38156,6722.115,spacetrack,2026-09-04 21:54:20.943000+00:00,343.3439,6721.9326,0.00093711,22.869831666666666,0.2424364149597671,0.1914137394536657,300-350,quiet_control,5.6729610092597245
100218,2026-09-06 16:35:47.283000+00:00,0.0012245,15.751872,0.00186544,0.0002223,342.60416,345.59286,6722.2354,spacetrack,2026-09-05 20:46:32.337000+00:00,343.57492,6722.115,0.00051026,19.82081833333333,-1.1754428908124122,0.1457861099072501,300-350,quiet_control,4.653597173207866
100219,2026-09-02 16:06:08.465000+00:00,0.00072374,15.751745,0.00109149,0.000265,342.35327,345.91608,6722.2715,spacetrack,2026-09-01 15:42:27.459000+00:00,343.5537,6722.268,0.0009331,24.394723888888887,-1.1810061934384872,0.0034433675239728713,300-350,quiet_control,5.786646374786461
100219,2026-09-03 16:29:48.626000+00:00,0.00092328,15.751785,0.00139793,0.0001685,342.99048,345.25586,6722.2603,spacetrack,2026-09-02 16:06:08.465000+00:00,342.35327,6722.2715,0.00072374,24.394489166666666,0.6269055234366792,-0.011018882099212202,300-350,quiet_control,5.229526919223025
100219,2026-09-04 03:10:09.569000+00:00,0.001506,15.752687,0.00231495,0.000223,342.3675,345.3655,6722.0034,spacetrack,2026-09-03 16:29:48.626000+00:00,342.99048,6722.2603,0.00092328,10.672484166666667,-1.4009409399451394,-0.577709922425047,300-350,quiet_control,5.968268920416659
100219,2026-09-05 17:17:09.516000+00:00,0.00087448,15.751862,0.0013232,9.39e-05,343.47015,344.7326,6722.2383,spacetrack,2026-09-04 03:10:09.569000+00:00,342.3675,6722.0034,0.001506,38.11665194444444,0.6942792362396009,0.1479038612369732,300-350,quiet_control,5.139345783306563
100220,2026-09-02 17:07:37.895000+00:00,0.00065866,15.751971,0.00099293,0.0001419,343.11636,345.02414,6722.207,spacetrack,2026-09-01 21:18:23.724000+00:00,342.9995,6722.0435,0.0013217,19.820603055555555,0.14150124454529464,0.19797581279514878,300-350,quiet_control,5.633997709818534
100220,2026-09-03 23:37:13.459000+00:00,0.00095214,15.752229,0.0014452,0.0001062,343.2832,344.711,6722.1343,spacetrack,2026-09-02 17:07:37.895000+00:00,343.11636,6722.207,0.00065866,30.493212222222223,0.1313131581815705,-0.05721929153608186,300-350,quiet_control,5.549223814509393
100220,2026-09-04 16:23:29.624000+00:00,0.001233,15.751775,0.00187779,0.0001452,343.15018,345.10233,6722.263,spacetrack,2026-09-03 23:37:13.459000+00:00,343.2832,6722.1343,0.00095214,16.771156944444446,-0.190355382790607,0.1841733405892537,300-350,quiet_control,4.594834633832738
100220,2026-09-05 16:47:10.300000+00:00,0.00062441,15.752447,0.0009426,4.17e-05,343.65454,344.21515,6722.072,spacetrack,2026-09-04 16:23:29.624000+00:00,343.15018,6722.263,0.001233,24.394632222222224,0.4962009629714271,-0.18791019098945477,300-350,quiet_control,5.566358336845414
100220,2026-09-06 21:45:19.417000+00:00,0.0011146,15.750653,0.00168539,0.0001721,343.28833,345.60223,6722.582,spacetrack,2026-09-05 16:47:10.300000+00:00,343.65454,6722.072,0.00062441,28.969199166666666,-0.3033925773865939,0.4225177206171844,300-350,quiet_control,4.382584829057475
100221,2026-09-02 16:00:02.154000+00:00,0.00097332,15.752033,0.00147668,0.0001066,343.33606,344.76923,6722.1895,spacetrack,2026-09-01 17:07:50.247000+00:00,343.44003,6722.178,0.00056033,22.86997416666667,-0.10910725048552969,0.012068225263448133,300-350,quiet_control,5.781320405951487
100221,2026-09-03 16:23:42.648000+00:00,0.0011083,15.751858,0.00168453,0.0001174,343.31348,344.89185,6722.2397,spacetrack,2026-09-02 16:00:02.154000+00:00,343.33606,6722.1895,0.00097332,24.394581666666667,-0.02221476914028193,0.049388016423274596,300-350,quiet_control,5.221187573825308
100221,2026-09-04 13:44:25.494000+00:00,0.0013131,15.752622,0.0020104,7.93e-05,343.35208,344.4182,6722.022,spacetrack,2026-09-03 16:23:42.648000+00:00,343.31348,6722.2397,0.0011083,21.345235000000002,0.04340078710772571,-0.24477594179701448,300-350,quiet_control,5.356277173804832
100221,2026-09-05 21:45:29.982000+00:00,0.00072133,15.752269,0.00109017,8.13e-05,343.43927,344.5323,6722.1226,spacetrack,2026-09-04 13:44:25.494000+00:00,343.35208,6722.022,0.0013131,32.01791333333333,0.06535591430382107,0.07540778734885917,300-350,quiet_control,4.882617949077256
100221,2026-09-06 16:03:15.476000+00:00,0.00086829,15.751798,0.00131331,8.58e-05,343.54294,344.6965,6722.257,spacetrack,2026-09-05 21:45:29.982000+00:00,343.43927,6722.1226,0.00072133,18.295970555555556,0.13599059926578583,0.17630111451062042,300-350,quiet_control,4.762228003634194
100222,2026-09-02 22:03:26.882000+00:00,0.00095744,15.7516165,0.0014495,0.000157,343.1159,345.2267,6722.308,spacetrack,2026-09-01 17:05:17.768000+00:00,343.88412,6722.228,0.00087005,28.969198333333335,-0.6364442601362854,0.0662772914150341,300-350,quiet_control,5.689325196491746
100222,2026-09-03 14:49:41.669000+00:00,0.0012566,15.75226,0.00191861,0.0001068,343.27023,344.7061,6722.125,spacetrack,2026-09-02 22:03:26.882000+00:00,343.1159,6722.308,0.00095744,16.770774166666666,0.22085563631059052,-0.2618841537279357,300-350,quiet_control,5.1158284500448845
100222,2026-09-04 21:19:17.150000+00:00,0.0014623,15.752384,0.00224271,0.0001367,343.0338,344.8716,6722.09,spacetrack,2026-09-03 14:49:41.669000+00:00,343.27023,6722.125,0.0012566,30.493189166666667,-0.1860848325502082,-0.027547135047282803,300-350,quiet_control,4.771611567796272
100222,2026-09-05 14:05:33.007000+00:00,0.00089314,15.75258,0.00135622,0.0001487,342.89777,344.89688,6722.034,spacetrack,2026-09-04 21:19:17.150000+00:00,343.0338,6722.09,0.0014623,16.77107138888889,-0.1946637709838297,-0.08013799290737601,300-350,quiet_control,6.846291805017359
100222,2026-09-06 22:06:37.897000+00:00,0.00091899,15.752251,0.00139413,0.000103,343.29834,344.6831,6722.128,spacetrack,2026-09-05 14:05:33.007000+00:00,342.89777,6722.034,0.00089314,32.018025,0.3002583700899848,0.07046031102796697,300-350,quiet_control,4.285106653031986
100223,2026-09-02 15:53:25.626000+00:00,0.00093221,15.751744,0.00141139,9.34e-05,343.50705,344.76276,6722.272,spacetrack,2026-09-01 15:29:45.340000+00:00,343.28458,6722.239,0.001177,24.394523888888887,0.2188720724503093,0.03246630283156677,300-350,quiet_control,5.804017354259129
100223,2026-09-03 17:48:34.247000+00:00,0.0011431,15.753111,0.00174821,0.0001044,343.0443,344.44785,6721.8833,spacetrack,2026-09-02 15:53:25.626000+00:00,343.50705,6722.272,0.00093221,25.91906138888889,-0.42848773855523514,-0.35992044079140617,300-350,quiet_control,5.258495653901048
100223,2026-09-04 15:09:18.014000+00:00,0.0009533,15.751729,0.00144383,0.0001583,343.07507,345.20337,6722.2764,spacetrack,2026-09-03 17:48:34.247000+00:00,343.0443,6721.8833,0.0011431,21.345490833333336,0.034596534029840816,0.44198561999103203,300-350,quiet_control,5.268228794665935
100223,2026-09-05 17:04:27.107000+00:00,0.00113,15.752422,0.00172248,6.97e-05,343.4734,344.41043,6722.079,spacetrack,2026-09-04 15:09:18.014000+00:00,343.07507,6722.2764,0.0009533,25.919192499999998,0.36883556461109107,-0.182783472131718,300-350,quiet_control,5.356586051050781
100223,2026-09-06 15:56:39.116000+00:00,0.0011593,15.751797,0.00176318,0.0001062,343.40616,344.83398,6722.257,spacetrack,2026-09-05 17:04:27.107000+00:00,343.4734,6722.079,0.00113,22.870002500000002,-0.07056230098797053,0.18679490743375327,300-350,quiet_control,4.27128085748521
100224,2026-09-02 17:13:13.420000+00:00,0.00077261,15.751983,0.00116742,0.0001829,342.83762,345.2966,6722.204,spacetrack,2026-09-01 16:49:32.900000+00:00,343.23587,6722.2285,0.00096355,24.39458888888889,-0.3918082015455693,-0.02410370605911178,300-350,quiet_control,5.69498199281899
100224,2026-09-03 23:42:48.808000+00:00,0.0015173,15.752721,0.002333,0.0001174,343.0679,344.6462,6721.994,spacetrack,2026-09-02 17:13:13.420000+00:00,342.83762,6722.204,0.00077261,30.493163333333335,0.18124456093928293,-0.1652829503094368,300-350,quiet_control,5.555336028509414
100224,2026-09-04 08:51:41.587000+00:00,0.00086124,15.752248,0.00130505,8.49e-05,343.42084,344.56226,6722.1284,spacetrack,2026-09-03 23:42:48.808000+00:00,343.0679,6721.994,0.0015173,9.147994166666667,0.9259472454480413,0.35260188640602064,300-350,quiet_control,4.3905647926037465
100224,2026-09-05 21:27:12.639000+00:00,0.0011116,15.752378,0.00169358,0.0002055,342.57315,345.3359,6722.0913,spacetrack,2026-09-04 08:51:41.587000+00:00,343.42084,6722.1284,0.00086124,36.59195888888889,-0.5559844462488617,-0.024333214920059448,300-350,quiet_control,4.983822705674589
100225,2026-09-02 21:29:53.455000+00:00,0.0007405,15.75159,0.00111623,8e-05,343.64105,344.7166,6722.316,spacetrack,2026-09-01 22:37:40.884000+00:00,342.3436,6722.0903,0.0010459,22.87015861111111,1.3615471816130007,0.23685012824385876,300-350,quiet_control,5.606474089094097
100225,2026-09-03 14:16:09.358000+00:00,0.0011089,15.752404,0.00168945,0.00011,343.20764,344.6865,6722.084,spacetrack,2026-09-02 21:29:53.455000+00:00,343.64105,6722.316,0.0007405,16.771084166666665,-0.6202246614845386,-0.3320000033787899,300-350,quiet_control,5.14917449764685
100225,2026-09-04 14:39:48.846000+00:00,0.0010612,15.752702,0.00161746,0.0001446,342.89047,344.83447,6721.9995,spacetrack,2026-09-03 14:16:09.358000+00:00,343.20764,6722.084,0.0011089,24.394302222222223,-0.31204335875885353,-0.08313416721348162,300-350,quiet_control,5.368938611894435
100225,2026-09-05 16:34:59.319000+00:00,0.00071153,15.751881,0.00107339,0.0002126,342.66693,345.5252,6722.233,spacetrack,2026-09-04 14:39:48.846000+00:00,342.89047,6721.9995,0.0010612,25.919575833333333,-0.2069848686760083,0.21620724181758127,300-350,quiet_control,5.395475896901734
100226,2026-09-02 20:45:08.684000+00:00,0.0010705,15.752319,0.00162918,0.0001063,343.2567,344.68585,6722.1084,spacetrack,2026-09-01 21:52:56.810000+00:00,343.2875,6722.141,0.0010254,22.869965,-0.03232186844186174,-0.03421080880487305,300-350,quiet_control,5.606470757607193
100226,2026-09-03 15:02:53.845000+00:00,0.0011535,15.751741,0.00175382,8.78e-05,343.54553,344.72595,6722.273,spacetrack,2026-09-02 20:45:08.684000+00:00,343.2567,6722.1084,0.0010705,18.295878055555555,0.37887878236563777,0.2159174863325018,300-350,quiet_control,5.1801432019577085
100226,2026-09-04 21:32:29.146000+00:00,0.00079397,15.752473,0.00120273,0.0001054,343.21918,344.6362,6722.0645,spacetrack,2026-09-03 15:02:53.845000+00:00,343.54553,6722.273,0.0011535,30.49313916666667,-0.2568577789643155,-0.16410248786269999,300-350,quiet_control,4.748383445562131
100226,2026-09-05 15:50:15.077000+00:00,0.001036,15.751657,0.00157108,6.81e-05,343.70197,344.61752,6722.297,spacetrack,2026-09-04 21:32:29.146000+00:00,343.21918,6722.0645,0.00079397,18.296091944444445,0.6333024579885155,0.3049831634495185,300-350,quiet_control,6.591144396030779
100226,2026-09-06 20:48:21.942000+00:00,0.0011562,15.752412,0.00176327,6.6e-05,343.5012,344.3885,6722.082,spacetrack,2026-09-05 15:50:15.077000+00:00,343.70197,6722.297,0.001036,28.96857361111111,-0.1663347344845676,-0.17812406193180697,300-350,quiet_control,4.251556492756782
100227,2026-09-02 16:52:24.826000+00:00,0.0007204,15.750513,0.00108045,0.0001865,343.23138,345.73892,6722.622,spacetrack,2026-09-01 16:28:42.644000+00:00,343.2189,6722.127,0.00094286,24.395050555555557,0.01227790036005333,0.4869840287046223,300-350,quiet_control,5.723422358146373
100227,2026-09-03 14:13:05.436000+00:00,0.0011013,15.752362,0.00167739,0.0001738,342.79083,345.12744,6722.096,spacetrack,2026-09-02 16:52:24.826000+00:00,343.23138,6722.622,0.0007204,21.34461388888889,-0.49535681718296737,-0.5914372621464711,300-350,quiet_control,5.2283275210855304
100227,2026-09-04 16:08:15.652000+00:00,0.00084136,15.751587,0.00127082,0.0002035,342.81165,345.54764,6722.3164,spacetrack,2026-09-03 14:13:05.436000+00:00,342.79083,6722.096,0.0011013,25.919504444444446,0.019278146349981228,0.20407797577077014,300-350,quiet_control,5.215550288727227
100227,2026-09-05 22:37:51.160000+00:00,0.0010607,15.752366,0.00161441,0.0001871,342.70016,345.21558,6722.0947,spacetrack,2026-09-04 16:08:15.652000+00:00,342.81165,6722.3164,0.00084136,30.493196666666666,-0.08774940945844037,-0.1744913810829714,300-350,quiet_control,4.960062093267653
100227,2026-09-06 15:24:19.707000+00:00,0.0011165,15.743813,0.00163855,0.0003367,344.1282,348.65652,6724.5293,spacetrack,2026-09-05 22:37:51.160000+00:00,342.70016,6722.0947,0.0010607,16.774596388888888,2.0431466251373935,3.483267116859812,300-350,quiet_control,4.870037376458155
100228,2026-09-02 13:58:34.353000+00:00,0.00093716,15.751964,0.0014204,0.0001285,343.20877,344.93637,6722.2095,spacetrack,2026-09-01 21:12:17.656000+00:00,343.14697,6722.027,0.0013207,16.771304722222222,0.08843676890772027,0.2611603612564392,300-350,quiet_control,5.821123040235208
100228,2026-09-03 15:53:43.583000+00:00,0.00091357,15.751672,0.00138224,0.000103,343.4632,344.848,6722.2925,spacetrack,2026-09-02 13:58:34.353000+00:00,343.20877,6722.2095,0.00093716,25.919230555555554,0.23559032691617168,0.07685413329386534,300-350,quiet_control,5.189790763464664
100228,2026-09-04 22:23:19.438000+00:00,0.0011273,15.751746,0.00171317,0.0001414,343.18375,345.08478,6722.2715,spacetrack,2026-09-03 15:53:43.583000+00:00,343.4632,6722.2925,0.00091357,30.493293055555554,-0.21994344749125158,-0.016528224717327324,300-350,quiet_control,4.637243572368441
100228,2026-09-05 16:41:04.978000+00:00,0.0010663,15.751904,0.00161965,0.0001587,343.02283,345.15646,6722.2266,spacetrack,2026-09-04 22:23:19.438000+00:00,343.18375,6722.2715,0.0011273,18.295983333333332,-0.21108895486164575,-0.05889817346048951,300-350,quiet_control,6.591171650608194
100229,2026-09-02 15:47:50.393000+00:00,0.00048431,15.751862,0.00072714,0.0001316,343.21677,344.98605,6722.2383,spacetrack,2026-09-01 21:30:04.807000+00:00,343.43268,6722.1016,0.001133,18.29599611111111,-0.28322262250882724,0.1793179218051994,300-350,quiet_control,5.748870586226926
100229,2026-09-03 14:40:02.022000+00:00,0.0012097,15.751837,0.00184204,0.0001312,343.22653,344.99045,6722.2456,spacetrack,2026-09-02 15:47:50.393000+00:00,343.21677,6722.2383,0.00048431,22.869896944444445,0.010242284893967722,0.007660725381960827,300-350,quiet_control,5.166040599050944
100229,2026-09-04 22:41:06.662000+00:00,0.0011009,15.75192,0.00167347,0.0001593,343.01422,345.1559,6722.222,spacetrack,2026-09-03 14:40:02.022000+00:00,343.22653,6722.2456,0.0012097,32.01795555555555,-0.15914320298055148,-0.017690073903308262,300-350,quiet_control,4.654707757730384
100229,2026-09-05 03:15:32.495000+00:00,0.00070066,15.752547,0.00105984,0.00019,342.62912,345.18347,6722.0435,spacetrack,2026-09-04 22:41:06.662000+00:00,343.01422,6722.222,0.0011009,4.5738425,-2.0207079714704967,-0.9366304152361282,300-350,quiet_control,5.845839442195242
100229,2026-09-06 15:51:03.857000+00:00,0.00088555,15.752434,0.00134362,0.0001079,343.21332,344.66394,6722.0757,spacetrack,2026-09-05 03:15:32.495000+00:00,342.62912,6722.0435,0.00070066,36.592045,0.38316524807510044,0.02111934438245734,300-350,quiet_control,5.231872050332251
100230,2026-09-02 16:45:16.321000+00:00,0.0009099,15.752019,0.0013787,0.0001284,343.19373,344.91998,6722.194,spacetrack,2026-09-01 16:21:36.039000+00:00,342.95468,6722.1997,0.0012327,24.39452277777778,0.23518394076668692,-0.005607816198706841,300-350,quiet_control,5.733175054026813
100230,2026-09-03 20:11:53.652000+00:00,0.00091696,15.752765,0.00139419,0.0001805,342.6312,345.05783,6721.9814,spacetrack,2026-09-02 16:45:16.321000+00:00,343.19373,6722.194,0.0009099,27.443703055555556,-0.49194235824045973,-0.18592243144771414,300-350,quiet_control,5.442761201717079
100230,2026-09-04 14:29:39.024000+00:00,0.0010949,15.752708,0.00167001,0.0001728,342.69894,345.02206,6721.9976,spacetrack,2026-09-03 20:11:53.652000+00:00,342.6312,6721.9814,0.00091696,18.295936666666666,0.08885907453769909,0.02125062012862029,300-350,quiet_control,5.087643868465512
100230,2026-09-05 14:53:30.962000+00:00,0.0013394,15.748991,0.00201968,0.0004308,342.0219,347.8145,6723.055,spacetrack,2026-09-04 14:29:39.024000+00:00,342.69894,6721.9976,0.0010949,24.397760555555553,-0.6660021096198286,1.0401610402818582,300-350,quiet_control,5.614810525984295
100231,2026-09-02 21:01:55.276000+00:00,0.00088555,15.752063,0.00134145,0.0001539,343.0097,345.0788,6722.181,spacetrack,2026-09-01 16:03:48.802000+00:00,343.22504,6722.118,0.0014892,28.968465000000002,-0.17840641538995114,0.052194688257752586,300-350,quiet_control,5.689317331795109
100231,2026-09-03 16:51:09.789000+00:00,0.00072484,15.752051,0.00109452,0.0001311,343.16626,344.92883,6722.1846,spacetrack,2026-09-02 21:01:55.276000+00:00,343.0097,6722.181,0.00088555,19.820698055555557,0.18957152717167494,0.004359079572170899,300-350,quiet_control,5.243215352054888
100231,2026-09-04 14:11:52.255000+00:00,0.0012646,15.752658,0.0019347,1.86e-05,343.75006,344.0001,6722.012,spacetrack,2026-09-03 16:51:09.789000+00:00,343.16626,6722.1846,0.00072484,21.345129444444446,0.6564120417478494,-0.194067691684819,300-350,quiet_control,5.334843639713489
100231,2026-09-05 22:12:57.108000+00:00,0.00079504,15.752015,0.00120197,0.0001273,343.20212,344.91357,6722.195,spacetrack,2026-09-04 14:11:52.255000+00:00,343.75006,6722.012,0.0012646,32.018014722222226,-0.4107237789129303,0.137172777203814,300-350,quiet_control,4.868328396688278
100231,2026-09-06 22:36:37.742000+00:00,0.00090037,15.752309,0.00136575,0.000124,343.14075,344.80783,6722.1113,spacetrack,2026-09-05 22:12:57.108000+00:00,343.20212,6722.195,0.00079504,24.39462055555556,-0.060377245739264666,-0.08234602360091925,300-350,quiet_control,4.86990358097392
100232,2026-09-02 16:22:24.340000+00:00,0.0011666,15.751775,0.00177446,0.0001559,343.07816,345.17416,6722.263,spacetrack,2026-09-01 15:58:43.627000+00:00,343.45898,6722.177,0.00062541,24.3946425,-0.37465931300281674,0.08460874144828162,300-350,quiet_control,5.76442140705462
100232,2026-09-03 13:43:06.958000+00:00,0.0012652,15.752622,0.00193526,9.39e-05,343.25397,344.5164,6722.022,spacetrack,2026-09-02 16:22:24.340000+00:00,343.07816,6722.263,0.0011666,21.345171666666666,0.1976765549554309,-0.27097463025008783,300-350,quiet_control,5.204890728735974
100232,2026-09-04 09:32:21.079000+00:00,0.0011024,15.752446,0.00167971,0.0001014,343.25345,344.6167,6722.0723,spacetrack,2026-09-03 13:43:06.958000+00:00,343.25397,6722.022,0.0012652,19.820589166666668,-0.0006296482861799523,0.06090636306751736,300-350,quiet_control,5.32991898253501
100233,2026-09-02 16:41:12.202000+00:00,0.0011812,15.751782,0.0017971,8.54e-05,343.55008,344.69824,6722.261,spacetrack,2026-09-01 16:17:31.926000+00:00,343.39496,6722.2607,0.0007335,24.39452111111111,0.15261131723152432,0.000295148241761718,300-350,quiet_control,5.738734549183153
100233,2026-09-03 17:04:52.267000+00:00,0.0011606,15.752841,0.00177337,8.7e-05,343.23804,344.40765,6721.96,spacetrack,2026-09-02 16:41:12.202000+00:00,343.55008,6722.261,0.0011812,24.3944625,-0.30699426150501263,-0.2961327801343955,300-350,quiet_control,5.277436244211388
100235,2026-09-02 15:44:47.744000+00:00,0.0008683,15.751849,0.00131371,0.0002101,342.6928,345.5175,6722.242,spacetrack,2026-09-01 21:27:01.897000+00:00,343.13156,6722.021,0.001411,18.29606861111111,-0.5755465954912897,0.28989834443394624,300-350,quiet_control,5.754417672636928
100235,2026-09-03 23:45:51.781000+00:00,0.0010772,15.7524185,0.00164034,7.48e-05,343.44012,344.44574,6722.08,spacetrack,2026-09-02 15:44:47.744000+00:00,342.6928,6722.242,0.0008683,32.017788055555556,0.5601786097427784,-0.12143249849927285,300-350,quiet_control,5.4844488051377205
100235,2026-09-05 21:30:15.103000+00:00,0.00088421,15.752462,0.00134173,0.0001263,343.08157,344.77957,6722.0674,spacetrack,2026-09-03 23:45:51.781000+00:00,343.44012,6722.08,0.0010772,45.73981166666666,-0.18813369986546397,-0.0066113083762622035,300-350,quiet_control,4.862951362052565
100236,2026-09-02 17:05:05.590000+00:00,0.0007664,15.752017,0.00115804,0.00015,343.04907,345.06573,6722.1943,spacetrack,2026-09-01 16:41:25.160000+00:00,343.04633,6722.2305,0.0010707,24.394563888888886,0.0026956825421665886,-0.035614491980526644,300-350,quiet_control,5.706091395817579
100236,2026-09-03 23:34:41.047000+00:00,0.0011097,15.75218,0.00168908,0.0001459,343.0302,344.99173,6722.148,spacetrack,2026-09-02 17:05:05.590000+00:00,343.04907,6722.1943,0.0007664,30.4931825,-0.014851844342577978,-0.03644093232968948,300-350,quiet_control,5.546448529018649
100236,2026-09-04 16:20:57.383000+00:00,0.0010833,15.751801,0.00164525,0.000116,343.339,344.89856,6722.256,spacetrack,2026-09-03 23:34:41.047000+00:00,343.0302,6722.148,0.0011097,16.771204444444447,0.44190028358132993,0.1545506173149541,300-350,quiet_control,4.604924750650651
100236,2026-09-05 22:50:33.312000+00:00,0.00066147,15.752215,0.00099832,0.0001852,342.7559,345.24576,6722.1377,spacetrack,2026-09-04 16:20:57.383000+00:00,343.339,6722.256,0.0010833,30.493313611111112,-0.45893339695626845,-0.09310893647739292,300-350,quiet_control,4.973936335350895
100245,2026-09-02 15:21:18.295000+00:00,0.001137,15.7496395,0.00477081,0.0172553,228.72862,460.73892,6722.8706,spacetrack,2026-09-01 16:31:10.925000+00:00,229.25603,6725.7188,0.0012301,22.835380555555556,-0.5543082572766929,-2.993460075416019,200-250,quiet_control,5.837525637908133
100245,2026-09-04 22:05:59.710000+00:00,0.0011656,15.774209,0.00515468,0.0163724,227.7958,447.7062,6715.888,spacetrack,2026-09-02 15:21:18.295000+00:00,228.72862,6722.8706,0.001137,54.7448375,-0.4089459576896144,-3.0611543965219843,200-250,quiet_control,4.89141119673816
100245,2026-09-05 22:24:12.618000+00:00,0.0011494,15.785232,0.00521856,0.0159957,227.24907,441.9997,6712.761,spacetrack,2026-09-04 22:05:59.710000+00:00,227.7958,6715.888,0.0011656,24.303585555555554,-0.5399005825706715,-3.0879394247583662,200-250,quiet_control,5.571777909130645
100245,2026-09-06 21:10:20.533000+00:00,0.0012364,15.795977,0.00578094,0.0156546,226.54169,436.61755,6709.717,spacetrack,2026-09-05 22:24:12.618000+00:00,227.24907,6712.761,0.0011494,22.768865277777778,-0.7456287255812234,-3.2085920448271406,200-250,quiet_control,4.80569410604137
100246,2026-09-02 15:33:19.079000+00:00,0.00096598,15.751907,0.00146455,0.0001667,342.9679,345.20908,6722.2256,spacetrack,2026-09-01 15:09:38.486000+00:00,343.16357,6722.1147,0.0014683,24.394609166666665,-0.19250482628830118,0.1091060726494051,300-350,quiet_control,5.831495580996589
100246,2026-09-03 15:56:59.525000+00:00,0.00089335,15.751899,0.0013525,0.000165,342.98175,345.20007,6722.228,spacetrack,2026-09-02 15:33:19.079000+00:00,342.9679,6722.2256,0.00096598,24.394568333333332,0.013625984090301777,0.0023611813589118954,300-350,quiet_control,5.18467913497046
100246,2026-09-04 16:20:39.801000+00:00,0.00072538,15.751715,0.00109371,9.09e-05,343.5322,344.7543,6722.2803,spacetrack,2026-09-03 15:56:59.525000+00:00,342.98175,6722.228,0.00089335,24.39452111111111,0.54154783116374,0.051454176709997676,300-350,quiet_control,5.164666665360969
100246,2026-09-05 15:12:52.295000+00:00,0.00099828,15.751709,0.00151338,0.0003195,341.9972,346.29272,6722.2817,spacetrack,2026-09-04 16:20:39.801000+00:00,343.5322,6722.2803,0.00072538,22.870137222222223,-1.6108342351441127,0.0014691647738782985,300-350,quiet_control,5.804087363125427
100246,2026-09-06 15:36:32.283000+00:00,0.0010089,15.751863,0.0015306,0.0001491,343.09897,345.10355,6722.2383,spacetrack,2026-09-05 15:12:52.295000+00:00,341.9972,6722.2817,0.00099828,24.39444111111111,1.0839551469763231,-0.04269825224711266,300-350,quiet_control,4.115603602678697
100247,2026-09-02 20:54:30.967000+00:00,0.0011103,15.752276,0.00169077,0.0001554,342.9388,345.02808,6722.1206,spacetrack,2026-09-01 23:33:47.770000+00:00,343.0721,6722.0513,0.0011592,21.3453325,-0.14987819936743124,0.07791867378981748,300-350,quiet_control,5.578362154817687
100247,2026-09-03 15:12:16.333000+00:00,0.0011228,15.751735,0.00170614,0.0001226,343.31342,344.96173,6722.2744,spacetrack,2026-09-02 20:54:30.967000+00:00,342.9388,6722.1206,0.0011103,18.295935,0.49141407640548757,0.20174973293254037,300-350,quiet_control,5.180145753687909
100247,2026-09-04 14:04:27.952000+00:00,0.0010271,15.752401,0.00156236,8.69e-05,343.36386,344.53217,6722.085,spacetrack,2026-09-03 15:12:16.333000+00:00,343.31342,6722.2744,0.0011228,22.86989416666667,0.052932470573648194,-0.19875911829230186,300-350,quiet_control,5.38458695923373
100247,2026-09-05 15:59:36.966000+00:00,0.0011986,15.751848,0.00182484,0.0001098,343.36722,344.8434,6722.242,spacetrack,2026-09-04 14:04:27.952000+00:00,343.36386,6722.085,0.0010271,25.919170555555553,0.0031112106703735216,0.14537502239615568,300-350,quiet_control,5.463718349869177
100247,2026-09-06 16:23:17.146000+00:00,0.00094688,15.751963,0.00143555,0.000267,342.27786,345.86752,6722.2095,spacetrack,2026-09-05 15:59:36.966000+00:00,343.36722,6722.242,0.0011986,24.394494444444444,-1.0717434648847215,-0.031974427745673065,300-350,quiet_control,4.147537684390991
100248,2026-09-02 15:11:27.840000+00:00,0.0013903,15.752216,0.0021279,0.0001153,343.22546,344.77557,6722.1377,spacetrack,2026-09-01 20:53:42.296000+00:00,343.14023,6722.0806,0.0013948,18.295984444444443,0.111801581719299,0.07490168152257645,300-350,quiet_control,5.815143407909909
100248,2026-09-03 17:06:37.099000+00:00,0.00067311,15.751945,0.0010149,0.0001438,343.11127,345.0446,6722.215,spacetrack,2026-09-02 15:11:27.840000+00:00,343.22546,6722.1377,0.0013903,25.919238611111112,-0.10573458738966807,0.07157617659350758,300-350,quiet_control,5.204534246703212
100248,2026-09-04 15:58:48.901000+00:00,0.00088533,15.751754,0.00133928,0.0001377,343.20648,345.05777,6722.269,spacetrack,2026-09-03 17:06:37.099000+00:00,343.11127,6722.215,0.00067311,22.869944999999998,0.0999145384914659,0.05666826046158377,300-350,quiet_control,5.172669583984084
100248,2026-09-05 20:56:55.616000+00:00,0.00097354,15.752442,0.00147968,0.0001313,343.05365,344.81888,6722.073,spacetrack,2026-09-04 15:58:48.901000+00:00,343.20648,6722.269,0.00088533,28.968531944444443,-0.12661739321254412,-0.16238309932374856,300-350,quiet_control,5.003258852290054
100248,2026-09-06 16:46:09.956000+00:00,0.00083259,15.751858,0.00125878,0.0001087,343.37183,344.83325,6722.2397,spacetrack,2026-09-05 20:56:55.616000+00:00,343.05365,6722.073,0.00097354,19.82065,0.38527091694770926,0.2018500906879614,300-350,quiet_control,4.66234620066558
100249,2026-09-02 15:35:51.670000+00:00,0.00084152,15.751772,0.00127209,0.0002036,342.75833,345.49564,6722.264,spacetrack,2026-09-01 15:12:10.973000+00:00,342.91046,6722.2495,0.0013491,24.394638055555557,-0.14966895559938415,0.014265429936401983,300-350,quiet_control,5.828020722723255
100249,2026-09-03 15:59:31.838000+00:00,0.0010504,15.751826,0.0015945,0.0001181,343.31757,344.90533,6722.2485,spacetrack,2026-09-02 15:35:51.670000+00:00,342.75833,6722.264,0.00084152,24.394491111111112,0.5501963512526986,-0.015249344547337803,300-350,quiet_control,5.188151632777564
100249,2026-09-04 20:57:38.712000+00:00,0.00094272,15.752266,0.00143088,0.0001119,343.23428,344.7387,6722.1235,spacetrack,2026-09-03 15:59:31.838000+00:00,343.31757,6722.2485,0.0010504,28.96857611111111,-0.06900442715348812,-0.10356049218619787,300-350,quiet_control,4.761338497882293
100249,2026-09-05 15:15:24.667000+00:00,0.00094919,15.751748,0.00143781,0.0002993,342.12183,346.14578,6722.271,spacetrack,2026-09-04 20:57:38.712000+00:00,343.23428,6722.1235,0.00094272,18.296098611111113,-1.459261920669063,0.19348387190321834,300-350,quiet_control,6.593287807031721
100249,2026-09-06 15:39:04.428000+00:00,0.0011704,15.75188,0.00178114,9.64e-05,343.44836,344.74442,6722.2334,spacetrack,2026-09-05 15:15:24.667000+00:00,342.12183,6722.271,0.00094919,24.394378055555556,1.3050843078472878,-0.03699212982338142,300-350,quiet_control,4.117341540020816
100250,2026-09-02 21:51:56.601000+00:00,0.00059832,15.7520485,0.00090124,0.0002034,342.68094,345.41553,6722.185,spacetrack,2026-09-01 15:22:21.085000+00:00,342.56662,6722.2593,0.00083183,30.49319888888889,0.08997678498729883,-0.05847861375518863,300-350,quiet_control,5.7048522185949
100250,2026-09-03 19:12:39.012000+00:00,0.0010415,15.752297,0.0015841,0.0001238,343.1453,344.8097,6722.1143,spacetrack,2026-09-02 21:51:56.601000+00:00,342.68094,6722.185,0.00059832,21.345114166666665,0.5221166733042765,-0.07949360152193309,300-350,quiet_control,5.353989712790245
100250,2026-09-04 13:30:24.262000+00:00,0.0012002,15.75231,0.00183098,3.07e-05,343.7677,344.18045,6722.111,spacetrack,2026-09-03 19:12:39.012000+00:00,343.1453,6722.1143,0.0010415,18.295902777777776,0.8164450905446721,-0.004328838044745211,300-350,quiet_control,5.195580765274555
100250,2026-09-05 21:31:28.897000+00:00,0.00090663,15.752248,0.00137503,5.3e-05,343.63538,344.34793,6722.1284,spacetrack,2026-09-04 13:30:24.262000+00:00,343.7677,6722.111,0.0012002,32.01795416666666,-0.09918435086355315,0.013042682171996965,300-350,quiet_control,4.889915089741098
100250,2026-09-06 21:55:10.995000+00:00,0.00092312,15.751675,0.00139698,0.0001443,343.18466,345.1247,6722.2915,spacetrack,2026-09-05 21:31:28.897000+00:00,343.63538,6722.1284,0.00090663,24.39502722222222,-0.4434215178963171,0.1604589314190343,300-350,quiet_control,4.813257615412468
100251,2026-09-02 16:16:30.875000+00:00,0.00045203,15.7519245,0.00067836,8.17e-05,343.5343,344.63272,6722.2207,spacetrack,2026-09-01 23:30:14.448000+00:00,343.10263,6722.1284,0.00078229,16.771229722222223,0.6177293002118149,0.13208333775732745,300-350,quiet_control,5.6690471597466345
100251,2026-09-03 15:08:42.933000+00:00,0.001263,15.752199,0.00192819,0.0001644,342.90045,345.1107,6722.1426,spacetrack,2026-09-02 16:16:30.875000+00:00,343.5343,6722.2207,0.00045203,22.870016111111113,-0.6651678742197795,-0.08195884038239376,300-350,quiet_control,5.193288111418276
100251,2026-09-04 21:38:18.425000+00:00,0.0014721,15.754601,0.00228055,0.0001223,342.50034,344.1444,6721.4595,spacetrack,2026-09-03 15:08:42.933000+00:00,342.90045,6722.1426,0.001263,30.493192222222223,-0.31491094569631806,-0.5376413161511209,300-350,quiet_control,4.735658593085604
100251,2026-09-05 15:56:03.494000+00:00,0.00095074,15.7521105,0.00144228,0.0001079,343.30548,344.75613,6722.168,spacetrack,2026-09-04 21:38:18.425000+00:00,342.50034,6721.4595,0.0014721,18.295852500000002,1.0561606790391354,0.9293909644272405,300-350,quiet_control,6.591204481999403
100251,2026-09-06 16:19:44.228000+00:00,0.0011597,15.753503,0.00177727,0.0001033,342.94025,344.32895,6721.7715,spacetrack,2026-09-05 15:56:03.494000+00:00,343.30548,6722.168,0.00095074,24.394648333333333,-0.35932143313673204,-0.39008555769968334,300-350,quiet_control,4.145099675436555
100252,2026-09-02 20:48:24.987000+00:00,0.00080359,15.752158,0.00121586,0.0001132,343.2562,344.77808,6722.1543,spacetrack,2026-09-01 20:24:44.327000+00:00,343.44827,6722.1304,0.00069222,24.394627777777778,-0.18896291601543524,0.023513373732468756,300-350,quiet_control,5.631066311731204
100252,2026-09-03 15:06:10.300000+00:00,0.0012501,15.751768,0.00190433,8.53e-05,343.55457,344.7014,6722.265,spacetrack,2026-09-02 20:48:24.987000+00:00,343.2562,6722.1543,0.00080359,18.295920277777775,0.39139217329769527,0.145212700955592,300-350,quiet_control,5.1801450939738185
100252,2026-09-04 09:23:55.646000+00:00,0.0009831,15.752912,0.00149758,0.0001316,342.91806,344.68726,6721.9395,spacetrack,2026-09-03 15:06:10.300000+00:00,343.55457,6722.265,0.0012501,18.295929444444447,-0.8349529356453828,-0.4269802211316567,300-350,quiet_control,5.344116403791456
100252,2026-09-05 20:27:57.667000+00:00,0.00086259,15.75216,0.00130663,8.24e-05,343.4627,344.57053,6722.154,spacetrack,2026-09-04 09:23:55.646000+00:00,342.91806,6721.9395,0.0009831,35.06722805555555,0.3727514470003329,0.14680373344152794,300-350,quiet_control,5.034309914921277
100252,2026-09-06 20:51:38.450000+00:00,0.0011436,15.752352,0.0017431,0.0001292,343.09363,344.8306,6722.099,spacetrack,2026-09-05 20:27:57.667000+00:00,343.4627,6722.154,0.00086259,24.394661944444444,-0.36309910832834397,-0.0541101984939618,300-350,quiet_control,4.682665673796145
100253,2026-09-02 16:37:20.859000+00:00,0.00063387,15.751982,0.00095511,0.0001031,343.37424,344.76035,6722.204,spacetrack,2026-09-01 20:48:07.108000+00:00,343.08685,6722.1206,0.0011608,19.82048638888889,0.3479914601826117,0.10098642186252077,300-350,quiet_control,5.684925912304176
100253,2026-09-03 17:01:01.540000+00:00,0.0010187,15.751807,0.00154535,8.89e-05,343.51947,344.7147,6722.254,spacetrack,2026-09-02 16:37:20.859000+00:00,343.37424,6722.204,0.00063387,24.39463361111111,0.14288060462662866,0.04919114667325018,300-350,quiet_control,5.272172781260943
100253,2026-09-04 15:53:13.404000+00:00,0.00098987,15.752629,0.00150621,5.15e-05,343.537,344.22934,6722.02,spacetrack,2026-09-03 17:01:01.540000+00:00,343.51947,6722.254,0.0010187,22.869962222222224,0.018396182552079615,-0.24556227707846023,300-350,quiet_control,5.188969947285537
100253,2026-09-05 16:16:53.856000+00:00,0.00083263,15.752387,0.00126178,2.42e-05,343.78934,344.1147,6722.089,spacetrack,2026-09-04 15:53:13.404000+00:00,343.537,6722.02,0.00098987,24.39457,0.24825852638517878,0.06788395942163053,300-350,quiet_control,5.566367433408336
100253,2026-09-06 21:15:01.013000+00:00,0.0010873,15.752334,0.00165532,0.0001132,343.20618,344.72806,6722.104,spacetrack,2026-09-05 16:16:53.856000+00:00,343.78934,6722.089,0.00083263,28.968654722222222,-0.4831373819117237,0.012427225339245646,300-350,quiet_control,4.312883570121678
100254,2026-09-02 16:11:26.131000+00:00,0.0011459,15.751785,0.0017423,0.000105,343.4174,344.82907,6722.2603,spacetrack,2026-09-01 20:22:11.982000+00:00,343.2208,6722.083,0.0013275,19.820596944444446,0.23805539324698677,0.21468576410356693,300-350,quiet_control,5.728505458035803
100254,2026-09-03 15:03:38.336000+00:00,0.00080075,15.751878,0.00121014,0.0002592,342.35452,345.83932,6722.234,spacetrack,2026-09-02 16:11:26.131000+00:00,343.4174,6722.2603,0.0011459,22.870056944444446,-1.1153938121783642,-0.027599406574377768,300-350,quiet_control,5.185886762051375
100254,2026-09-04 13:55:49.642000+00:00,0.0011936,15.752677,0.00182361,0.0001071,343.14963,344.5895,6722.0063,spacetrack,2026-09-03 15:03:38.336000+00:00,342.35452,6722.234,0.00080075,22.86980722222222,0.8344031855877756,-0.238952604493263,300-350,quiet_control,5.3908800377829555
100254,2026-09-05 20:25:25.228000+00:00,0.00097625,15.752469,0.00148405,0.0001071,343.2088,344.64868,6722.066,spacetrack,2026-09-04 13:55:49.642000+00:00,343.14963,6722.0063,0.0011936,30.49321833333333,0.0465703549056849,0.04698749683724891,300-350,quiet_control,4.958317835807317
100254,2026-09-06 20:49:05.707000+00:00,0.0010163,15.752142,0.00154384,4.8e-05,343.69907,344.3444,6722.1587,spacetrack,2026-09-05 20:25:25.228000+00:00,343.2088,6722.066,0.00097625,24.3945775,0.48233997903838377,0.09120059570630387,300-350,quiet_control,4.675717904020997
100255,2026-09-02 15:14:30.731000+00:00,0.0010313,15.751762,0.00156452,0.0001368,343.21017,345.04938,6722.2666,spacetrack,2026-09-01 16:22:18.856000+00:00,343.12537,6721.8726,0.0016718,22.869965277777776,0.08899007826558754,0.41346805231898487,300-350,quiet_control,5.847671852487265
100255,2026-09-03 17:09:39.455000+00:00,0.0010636,15.753756,0.00162883,0.0002539,341.85608,345.26935,6721.6997,spacetrack,2026-09-02 15:14:30.731000+00:00,343.21017,6722.2666,0.0010313,25.91909,-1.253831056568716,-0.5249258365164564,300-350,quiet_control,5.208449812259784
100255,2026-09-04 20:36:18.075000+00:00,0.0010837,15.751975,0.00164719,0.0001021,343.383,344.75565,6722.2065,spacetrack,2026-09-03 17:09:39.455000+00:00,341.85608,6721.6997,0.0010636,27.44406111111111,1.3353009181706856,0.4431997127086358,300-350,quiet_control,4.731417250564835
100255,2026-09-05 20:59:58.647000+00:00,0.0010861,15.752187,0.00165246,0.0001321,343.12094,344.8969,6722.146,spacetrack,2026-09-04 20:36:18.075000+00:00,343.383,6722.2065,0.0010837,24.394603333333333,-0.257820957941344,-0.05952136135077071,300-350,quiet_control,5.45957579278805
100255,2026-09-06 16:49:12.991000+00:00,0.0012333,15.751843,0.00187884,0.0001222,343.28528,344.9282,6722.2437,spacetrack,2026-09-05 20:59:58.647000+00:00,343.12094,6722.146,0.0010861,19.82065111111111,0.19899245377406036,0.11830085635742624,300-350,quiet_control,4.664911207087827
100256,2026-09-02 16:33:47.954000+00:00,0.0010508,15.75212,0.00159722,0.0001679,342.89935,345.15665,6722.165,spacetrack,2026-09-01 20:44:33.571000+00:00,342.9894,6722.0767,0.0010191,19.820661944444446,-0.10903773073052504,0.1069187298561575,300-350,quiet_control,5.690896241090053
100256,2026-09-03 15:25:59.510000+00:00,0.0011859,15.751735,0.00180405,0.0001274,343.2811,344.99393,6722.2744,spacetrack,2026-09-02 16:33:47.954000+00:00,342.89935,6722.165,0.0010508,22.869876666666666,0.4006143160952288,0.11480604107644964,300-350,quiet_control,5.218475938921888
100256,2026-09-04 20:24:05.856000+00:00,0.00081817,15.752059,0.00123773,1.32e-05,343.95673,344.1342,6722.1826,spacetrack,2026-09-03 15:25:59.510000+00:00,343.2811,6722.2744,0.0011859,28.968429444444446,0.5597514366837733,-0.07605521052595729,300-350,quiet_control,4.819235952518656
100256,2026-09-05 20:47:46.803000+00:00,0.00082755,15.752117,0.00125248,0.0001114,343.27982,344.77753,6722.1655,spacetrack,2026-09-04 20:24:05.856000+00:00,343.95673,6722.1826,0.00081817,24.3947075,-0.6659575647709857,-0.016823321206071586,300-350,quiet_control,5.467898655203525
100256,2026-09-06 16:37:01.318000+00:00,0.00098106,15.752025,0.0014886,0.0001398,343.11536,344.99487,6722.192,spacetrack,2026-09-05 20:47:46.803000+00:00,343.27982,6722.1655,0.00082755,19.820698611111112,-0.1991372795400092,0.0320876681734151,300-350,quiet_control,4.654650767369101
100257,2026-09-02 16:26:40.455000+00:00,0.0006334,15.752197,0.00095531,9.93e-05,343.33853,344.67355,6722.143,spacetrack,2026-09-01 16:03:00.489000+00:00,343.2097,6722.208,0.0009368,24.394435,0.12674694043948323,-0.06394901132124584,300-350,quiet_control,5.75858667492538
100257,2026-09-03 15:18:52.888000+00:00,0.0010895,15.7526245,0.00166101,0.0001416,342.93253,344.8362,6722.0215,spacetrack,2026-09-02 16:26:40.455000+00:00,343.33853,6722.143,0.0006334,22.87012027777778,-0.4260581003357511,-0.1275026088445239,300-350,quiet_control,5.208099559015825
100257,2026-09-04 14:11:04.535000+00:00,0.0013659,15.7527685,0.00209459,0.0001248,343.00464,344.68243,6721.9805,spacetrack,2026-09-03 15:18:52.888000+00:00,342.93253,6722.0215,0.0010895,22.869901944444443,0.07567325842516909,-0.04302598246351684,300-350,quiet_control,5.379770272298816
100257,2026-09-05 02:22:54.646000+00:00,0.0011181,15.752617,0.00170544,0.0001196,343.0827,344.6906,6722.0234,spacetrack,2026-09-04 14:11:04.535000+00:00,343.00464,6721.9805,0.0013659,12.197253055555555,0.15359523914661583,0.08441244887839584,300-350,quiet_control,3.4228983616096986
100257,2026-09-06 16:29:54.277000+00:00,0.00085209,15.751862,0.00128877,9.25e-05,343.47955,344.72318,6722.2383,spacetrack,2026-09-05 02:22:54.646000+00:00,343.0827,6722.0234,0.0011181,38.11656416666666,0.24987561728687718,0.13531125149283557,300-350,quiet_control,5.268636154545554
100258,2026-09-02 09:45:41.878000+00:00,0.00072497,15.752087,0.0010949,0.000152,343.01584,345.0594,6722.175,spacetrack,2026-09-01 06:19:03.704000+00:00,343.5375,6722.137,0.00084887,27.44393722222222,-0.4561969333562759,0.03323138340633941,300-350,quiet_control,6.672058716388827
100258,2026-09-03 14:43:48.797000+00:00,0.0012983,15.751822,0.00198004,0.0001112,343.36517,344.8602,6722.2495,spacetrack,2026-09-02 09:45:41.878000+00:00,343.01584,6722.175,0.00072497,28.96858861111111,0.2894141690003889,0.06172202670955773,300-350,quiet_control,5.361658435800563
100258,2026-09-04 13:35:59.802000+00:00,0.00088199,15.752637,0.00133932,0.0001064,343.16568,344.59613,6722.018,spacetrack,2026-09-03 14:43:48.797000+00:00,343.36517,6722.2495,0.0012983,22.869723611111112,-0.20934927248850305,-0.24294128317744554,300-350,quiet_control,5.393533396075998
100258,2026-09-05 15:31:10+00:00,0.00098309,15.752188,0.00149278,8.28e-05,343.45218,344.56537,6722.146,spacetrack,2026-09-04 13:35:59.802000+00:00,343.16568,6722.018,0.00088199,25.919499444444444,0.26528290080360883,0.11852080733956032,300-350,quiet_control,5.518592833765072
100258,2026-09-06 15:54:50.204000+00:00,0.00090382,15.751817,0.00136811,0.0001042,343.4138,344.8147,6722.2515,spacetrack,2026-09-05 15:31:10+00:00,343.45218,6722.146,0.00098309,24.39450111111111,-0.037759329276911516,0.10379388323955228,300-350,quiet_control,4.128100317325612
100259,2026-09-02 16:02:48.149000+00:00,0.0006787,15.751987,0.00102368,0.0002022,342.70657,345.42502,6722.2026,spacetrack,2026-09-01 15:39:07.421000+00:00,343.39468,6722.2603,0.0010218,24.394646666666667,-0.6769780364380439,-0.05676655288060835,300-350,quiet_control,5.791207629251263
100259,2026-09-03 08:49:04.310000+00:00,0.00058811,15.752134,0.00088597,0.000161,342.94153,345.10608,6722.1606,spacetrack,2026-09-02 16:02:48.149000+00:00,342.70657,6722.2026,0.0006787,16.771155833333335,0.336234428684528,-0.06010319205213263,300-350,quiet_control,5.441888463229718
100259,2026-09-04 13:47:11.384000+00:00,0.0010876,15.7525425,0.00165746,0.0001313,343.02505,344.79028,6722.0444,spacetrack,2026-09-03 08:49:04.310000+00:00,342.94153,6722.1606,0.00058811,28.968631666666663,0.06919484575817944,-0.09626964891194181,300-350,quiet_control,5.194545874400503
100259,2026-09-05 21:48:15.647000+00:00,0.0011425,15.75249,0.00174253,7.14e-05,343.44263,344.40253,6722.0596,spacetrack,2026-09-04 13:47:11.384000+00:00,343.02505,6722.0444,0.0010876,32.017850833333334,0.31301039074009307,0.011393644186009856,300-350,quiet_control,4.881180457467551
100259,2026-09-06 16:06:00.847000+00:00,0.00093559,15.751891,0.00141753,0.0001266,343.2421,344.94415,6722.23,spacetrack,2026-09-05 21:48:15.647000+00:00,343.44263,6722.0596,0.0011425,18.29588888888889,-0.2630492581818817,0.22352562506448945,300-350,quiet_control,4.759720656735271
100260,2026-09-02 21:05:11.088000+00:00,0.0010212,15.752331,0.00155271,0.0001068,343.24997,344.6858,6722.105,spacetrack,2026-09-01 16:07:04.503000+00:00,343.12604,6722.2,0.0011285,28.968495833333336,0.1026742989043373,-0.07870619217248319,300-350,quiet_control,5.6893176624778725
100260,2026-09-03 15:22:56.560000+00:00,0.0010347,15.75174,0.00156967,0.0001328,343.24316,345.0286,6722.273,spacetrack,2026-09-02 21:05:11.088000+00:00,343.24997,6722.105,0.0010212,18.295964444444444,-0.008933117491401086,0.22037646674800515,300-350,quiet_control,5.180147073112905
100260,2026-09-04 20:21:03.003000+00:00,0.0010892,15.752059,0.00165641,2.22e-05,343.8961,344.19458,6722.182,spacetrack,2026-09-03 15:22:56.560000+00:00,343.24316,6722.273,0.0010347,28.96845638888889,0.5409525378097332,-0.07539234989566357,300-350,quiet_control,4.824497168821838
100260,2026-09-05 20:44:42.900000+00:00,0.00081248,15.752649,0.00123218,9.8e-05,343.2185,344.53604,6722.014,spacetrack,2026-09-04 20:21:03.003000+00:00,343.8961,6722.182,0.0010892,24.394415833333333,-0.6666443710358556,-0.16528372835567187,300-350,quiet_control,5.470022254751677
100260,2026-09-06 16:33:57.768000+00:00,0.00075859,15.751795,0.00114493,5.7e-05,343.73743,344.50378,6722.258,spacetrack,2026-09-05 20:44:42.900000+00:00,343.2185,6722.014,0.00081248,19.820796666666666,0.6283460856518017,0.2954472566605122,300-350,quiet_control,4.652065280255301
100261,2026-09-02 20:42:49.656000+00:00,0.0013201,15.752401,0.00201928,0.0001232,343.11975,344.77606,6722.085,spacetrack,2026-09-01 15:44:42.830000+00:00,343.17325,6722.2163,0.0010172,28.968562777777777,-0.04432391105659638,-0.1087799910604325,300-350,quiet_control,5.689318380444333
100261,2026-09-03 16:32:03.341000+00:00,0.00056629,15.752218,0.00085299,8.25e-05,343.4455,344.55466,6722.137,spacetrack,2026-09-02 20:42:49.656000+00:00,343.11975,6722.085,0.0013201,19.820468055555555,0.3944407356115873,0.06296521335895042,300-350,quiet_control,5.243206570200264
100261,2026-09-04 01:40:56.350000+00:00,0.0012122,15.752572,0.0018519,0.0001061,343.18622,344.6126,6722.0366,spacetrack,2026-09-03 16:32:03.341000+00:00,343.4455,6722.137,0.00056629,9.148058055555556,-0.680223055233098,-0.2634001648602524,300-350,quiet_control,6.144039373991002
100261,2026-09-05 20:22:22.238000+00:00,0.00066664,15.752197,0.00100611,0.0001031,343.31287,344.69897,6722.143,spacetrack,2026-09-04 01:40:56.350000+00:00,343.18622,6722.0366,0.0012122,42.69052444444445,0.07120081187934829,0.059816552577496296,300-350,quiet_control,4.903525859186239
100261,2026-09-06 16:11:36.554000+00:00,0.0012371,15.7517805,0.00188429,8.6e-05,343.5465,344.70276,6722.2617,spacetrack,2026-09-05 20:22:22.238000+00:00,343.31287,6722.143,0.00066664,19.820643333333336,0.28289293670757687,0.143728937153558,300-350,quiet_control,4.633289260316083
100262,2026-09-02 20:31:38.727000+00:00,0.00084124,15.751962,0.00127265,9.75e-05,343.41766,344.72852,6722.21,spacetrack,2026-09-01 23:10:55.635000+00:00,343.13477,6722.0703,0.0013227,21.345303333333334,0.3180727813503493,0.15707436655432683,300-350,quiet_control,5.578361578682961
100262,2026-09-03 17:52:21.257000+00:00,0.00043516,15.751892,0.00065272,0.0001376,343.1678,345.01776,6722.23,spacetrack,2026-09-02 20:31:38.727000+00:00,343.41766,6722.21,0.00084124,21.345147222222224,-0.28093692386235947,0.02248754693473963,300-350,quiet_control,5.297264158272768
100262,2026-09-04 03:01:14.181000+00:00,0.00068768,15.751881,0.00103685,4.21e-05,343.81308,344.3791,6722.233,spacetrack,2026-09-03 17:52:21.257000+00:00,343.1678,6722.23,0.00043516,9.148034444444445,1.6929013652113367,0.007870543169893022,300-350,quiet_control,5.99549502497865
100262,2026-09-05 21:42:40.546000+00:00,0.00095113,15.752465,0.00144515,0.0001439,342.96246,344.89706,6722.067,spacetrack,2026-09-04 03:01:14.181000+00:00,343.81308,6722.233,0.00068768,42.69065694444444,-0.47820486872728973,-0.0933225273433623,300-350,quiet_control,4.843275849487363
100262,2026-09-06 16:00:26.256000+00:00,0.00090717,15.751956,0.00137418,0.0002084,342.67374,345.47556,6722.2114,spacetrack,2026-09-05 21:42:40.546000+00:00,342.96246,6722.067,0.00095113,18.296030555555557,-0.3787313307637774,0.18941813577977734,300-350,quiet_control,4.764794670853773
100263,2026-09-02 09:18:33.401000+00:00,0.0010563,15.799904,0.00199649,0.0008388,324.84073,336.0951,6708.605,spacetrack,2026-09-01 16:35:37.255000+00:00,327.21643,6706.178,0.0008065,16.71559611111111,-3.410994117170607,3.4846498810337962,300-350,quiet_control,5.659556147048699
100263,2026-09-03 21:52:15.008000+00:00,0.00074475,15.751998,0.00112478,0.0001677,342.9354,345.19003,6722.1997,spacetrack,2026-09-02 09:18:33.401000+00:00,324.84073,6708.605,0.0010563,36.5615575,11.877833158502622,8.92393055191955,300-350,quiet_control,5.58127390892591
100263,2026-09-04 16:10:00.205000+00:00,0.0010328,15.751869,0.00156756,0.0001277,343.24094,344.9578,6722.2363,spacetrack,2026-09-03 21:52:15.008000+00:00,342.9354,6722.1997,0.00074475,18.295888055555555,0.4007982546533744,0.048010787851324975,300-350,quiet_control,4.761093510431617
100263,2026-09-05 21:08:06.975000+00:00,0.0010283,15.752345,0.00156394,0.000123,343.13724,344.7909,6722.101,spacetrack,2026-09-04 16:10:00.205000+00:00,343.24094,6722.2363,0.0010328,28.968547222222224,-0.08591386999520935,-0.11209398852790922,300-350,quiet_control,5.012596420428019
100263,2026-09-06 21:31:47.620000+00:00,0.00046378,15.751987,0.00069638,0.0001006,343.3893,344.7418,6722.2026,spacetrack,2026-09-05 21:08:06.975000+00:00,343.13724,6722.101,0.0010283,24.39462361111111,0.24798251026279255,0.09995645101441386,300-350,quiet_control,4.781311045939141
100264,2026-09-03 17:34:34.579000+00:00,0.00072878,15.752175,0.00110115,0.0001155,343.23572,344.7885,6722.149,spacetrack,2026-09-01 07:38:20.637000+00:00,343.4651,6722.1475,0.00072867,57.93720611111112,-0.09501873441122047,0.0006213623752980753,300-350,quiet_control,5.971709615576044
100264,2026-09-04 21:01:12.636000+00:00,0.0009542,15.752311,0.00144891,0.0001063,343.2591,344.6882,6722.111,spacetrack,2026-09-03 17:34:34.579000+00:00,343.23572,6722.149,0.00072878,27.44390472222222,0.020446070108421355,-0.03323142276006737,300-350,quiet_control,4.685292525540255
100264,2026-09-05 15:18:58.433000+00:00,0.0016268,15.753079,0.00251063,0.0001147,342.98416,344.52615,6721.892,spacetrack,2026-09-04 21:01:12.636000+00:00,343.2591,6722.111,0.0009542,18.296054722222223,-0.36065480237036074,-0.28727504808002857,300-350,quiet_control,6.591153736437745
100264,2026-09-06 15:42:38.707000+00:00,0.001227,15.751884,0.00186939,0.000119,343.29504,344.89493,6722.232,spacetrack,2026-09-05 15:18:58.433000+00:00,342.98416,6721.892,0.0016268,24.394520555555555,0.30585229100970207,0.33450134760468375,300-350,quiet_control,4.119769143512351
100265,2026-09-02 15:20:45.440000+00:00,0.00071871,15.808537,0.00139995,0.0001102,327.2864,328.76443,6706.1626,spacetrack,2026-09-01 16:33:27.636000+00:00,326.90952,6706.2314,0.0011569,22.78827888888889,0.3969198395413222,-0.07245830227246064,300-350,quiet_control,5.837990787759263
100265,2026-09-05 22:33:59.982000+00:00,0.00090398,15.752498,0.00137244,6.49e-05,343.4844,344.3569,6722.0576,spacetrack,2026-09-04 22:10:19.908000+00:00,343.1603,6722.104,0.00091277,24.394464999999997,0.31885921662966143,-0.04564969963490595,300-350,quiet_control,5.571848094776144
100265,2026-09-06 21:26:12.446000+00:00,0.0011288,15.752252,0.00171933,0.0001178,343.19873,344.78247,6722.1274,spacetrack,2026-09-05 22:33:59.982000+00:00,343.4844,6722.0576,0.00090398,22.870128888888893,-0.29978318151632666,0.07324838474430306,300-350,quiet_control,4.825250316813062
100266,2026-09-03 21:57:50.058000+00:00,0.0012391,15.752498,0.00189339,0.0001077,343.19647,344.6444,6722.0576,spacetrack,2026-09-02 21:34:09.663000+00:00,343.25552,6722.138,0.00085423,24.39455416666667,-0.05809493341496762,-0.07909962144881082,300-350,quiet_control,5.508086931287431
100266,2026-09-04 17:47:04.379000+00:00,0.00082711,15.752147,0.00125195,0.0001091,343.28702,344.7538,6722.157,spacetrack,2026-09-03 21:57:50.058000+00:00,343.19647,6722.0576,0.0012391,19.82064472222222,0.10964325482125525,0.12035935427099301,300-350,quiet_control,4.529906605095436
100266,2026-09-05 22:45:11.186000+00:00,0.0008592,15.752186,0.00130155,0.0001058,343.2981,344.7205,6722.1465,spacetrack,2026-09-04 17:47:04.379000+00:00,343.28702,6722.157,0.00082711,28.9685575,0.009179607924896627,-0.008699086932709143,300-350,quiet_control,5.124291378486637
100266,2026-09-06 21:37:23.252000+00:00,0.0013611,15.752431,0.00208403,0.0001394,343.00247,344.8766,6722.0767,spacetrack,2026-09-05 22:45:11.186000+00:00,343.2981,6722.1465,0.0008592,22.870018333333334,-0.3102367429963017,-0.07324873883303842,300-350,quiet_control,4.841549439558579
100267,2026-09-04 16:30:19.278000+00:00,0.00074702,15.751981,0.00112816,0.0001443,343.0977,345.03772,6722.2046,spacetrack,2026-09-03 20:41:05.832000+00:00,343.2058,6722.1353,0.001137,19.820401666666665,-0.1308954300539752,0.08391353656569973,300-350,quiet_control,4.803940821582744
100267,2026-09-05 15:22:31.491000+00:00,0.0012032,15.751684,0.00183056,0.0001141,343.38486,344.91888,6722.289,spacetrack,2026-09-04 16:30:19.278000+00:00,343.0977,6722.2046,0.00074702,22.870059166666667,0.3013477118609998,0.08856995013576115,300-350,quiet_control,5.804100346482852
100267,2026-09-06 21:52:07.012000+00:00,0.0011849,15.752207,0.00180638,0.0001275,343.1463,344.86044,6722.1406,spacetrack,2026-09-05 15:22:31.491000+00:00,343.38486,6722.289,0.0012032,30.493200277777778,-0.1877612040666205,-0.1167998100414688,300-350,quiet_control,4.278359015941268
100268,2026-09-02 20:58:04.389000+00:00,0.0011367,15.75234,0.00173228,0.000151,342.95026,344.98032,6722.102,spacetrack,2026-09-01 15:59:57.777000+00:00,342.83038,6722.1714,0.00077944,28.96850333333333,0.09931890394523521,-0.05749692971162164,300-350,quiet_control,5.689317742914113
100268,2026-09-03 15:15:49.730000+00:00,0.0011718,15.751848,0.00178305,0.0001517,343.08557,345.1251,6722.242,spacetrack,2026-09-02 20:58:04.389000+00:00,342.95026,6722.102,0.0011367,18.295928055555557,0.17749523228005984,0.1836474208799479,300-350,quiet_control,5.18014544250215
100268,2026-09-04 14:08:00.897000+00:00,0.0009307,15.752485,0.00141366,0.0001038,343.22638,344.6219,6722.061,spacetrack,2026-09-03 15:15:49.730000+00:00,343.08557,6722.242,0.0011718,22.869768611111112,0.14776887591061272,-0.18994507875787484,300-350,quiet_control,5.381997136029907
100268,2026-09-05 02:19:51.768000+00:00,0.00082937,15.752621,0.00125826,0.0003062,341.8273,345.94388,6722.0225,spacetrack,2026-09-04 14:08:00.897000+00:00,343.22638,6722.061,0.0009307,12.197464166666666,-2.7528607209818787,-0.07575345066533648,300-350,quiet_control,3.4145961486393657
100268,2026-09-06 21:01:17.487000+00:00,0.00080995,15.752248,0.00122611,5.39e-05,343.62943,344.35406,6722.129,spacetrack,2026-09-05 02:19:51.768000+00:00,341.8273,6722.0225,0.00082937,42.6904775,1.0131327296585242,0.059872836980960374,300-350,quiet_control,5.242663737676238
100269,2026-09-02 09:59:24.939000+00:00,0.00083631,15.752054,0.00126562,0.0001681,342.91672,345.1767,6722.1836,spacetrack,2026-09-01 15:41:39.914000+00:00,343.10925,6722.2144,0.0010455,18.295840277777778,-0.2525557684066464,-0.040402626431260705,300-350,quiet_control,5.726181520465528
100269,2026-09-03 14:57:32.379000+00:00,0.00076147,15.751798,0.00114948,0.0002475,342.456,345.7835,6722.257,spacetrack,2026-09-02 09:59:24.939000+00:00,342.91672,6722.1836,0.00083631,28.968733333333333,-0.3816970480817089,0.06081039097268477,300-350,quiet_control,5.34587215871825
100269,2026-09-04 01:37:53.736000+00:00,0.0012861,15.752431,0.00196634,0.0001139,343.17398,344.7053,6722.0767,spacetrack,2026-09-03 14:57:32.379000+00:00,342.456,6722.257,0.00076147,10.672599166666668,1.6145570287899011,-0.4054495003911234,300-350,quiet_control,6.1243746544402375
100269,2026-09-05 15:44:53.427000+00:00,0.00057682,15.752265,0.00086925,0.0001482,342.9905,344.98297,6722.1235,spacetrack,2026-09-04 01:37:53.736000+00:00,343.17398,6722.0767,0.0012861,38.11658083333333,-0.11552767598053987,0.02946749093033986,300-350,quiet_control,5.25593789596859
100269,2026-09-06 16:08:33.678000+00:00,0.00094284,15.751701,0.00142751,9.48e-05,343.5099,344.78442,6722.284,spacetrack,2026-09-05 15:44:53.427000+00:00,342.9905,6722.1235,0.00057682,24.394514166666667,0.5110001336707819,0.1579043539740763,300-350,quiet_control,4.137475990589004
100272,2026-09-02 23:26:35.076000+00:00,0.00087275,15.752848,0.00135578,0.0001413,342.87106,344.7707,6721.958,spacetrack,2026-09-01 16:59:20.013000+00:00,343.28986,6721.9775,0.0008366,30.454184166666664,-0.33004331834969564,-0.015367346485028403,300-350,quiet_control,5.704474106062219
100272,2026-09-03 16:11:34.135000+00:00,0.001091,15.752561,0.0017013,0.0002178,342.43854,345.36667,6722.0396,spacetrack,2026-09-02 23:26:35.076000+00:00,342.87106,6721.958,0.00087275,16.749738611111113,-0.6197398204837813,0.11692122757732575,300-350,quiet_control,5.104463636820602
100272,2026-09-04 22:38:48.548000+00:00,0.00086362,15.7527075,0.00134046,0.0001335,342.96335,344.75812,6721.9976,spacetrack,2026-09-03 16:11:34.135000+00:00,342.43854,6722.0396,0.001091,30.454003611111112,0.4135889704631354,-0.0330990963579297,300-350,quiet_control,4.601586967041088
100272,2026-09-05 15:23:47.789000+00:00,0.00082161,15.752707,0.00127393,0.0001193,343.05905,344.6629,6721.998,spacetrack,2026-09-04 22:38:48.548000+00:00,342.96335,6721.9976,0.00086362,16.749789166666666,0.13712411404982544,0.0005731415423840033,300-350,quiet_control,7.014988497118894
100272,2026-09-06 11:11:30.445000+00:00,0.00080537,15.752372,0.00124638,0.0001206,343.14563,344.767,6722.0933,spacetrack,2026-09-05 15:23:47.789000+00:00,343.05905,6721.998,0.00082161,19.795182222222223,0.10497099630972723,0.11554326574741239,300-350,quiet_control,3.999242562612317
100273,2026-09-02 15:36:41.704000+00:00,0.00048807,15.752539,0.00074889,0.0001016,343.2258,344.5917,6722.046,spacetrack,2026-09-01 13:43:32.382000+00:00,343.38647,6722.029,0.00091677,25.88592277777778,-0.14896436310587638,0.015761462455804887,300-350,quiet_control,5.886083622327459
100273,2026-09-03 20:32:34.714000+00:00,0.00067496,15.752698,0.00104248,0.0001331,342.9689,344.7583,6722.0005,spacetrack,2026-09-02 15:36:41.704000+00:00,343.2258,6722.046,0.00048807,28.931391666666666,-0.21311107571444832,-0.03774446845093663,300-350,quiet_control,5.404319875152912
100273,2026-09-04 20:54:22.813000+00:00,0.00092597,15.752277,0.00143676,0.00026,342.23553,345.73102,6722.12,spacetrack,2026-09-03 20:32:34.714000+00:00,342.9689,6722.0005,0.00067496,24.363360833333335,-0.7224323491494569,0.11771774918963604,300-350,quiet_control,4.429527551383824
100273,2026-09-05 10:36:10.035000+00:00,0.0012581,15.76228,0.00205731,0.0003119,339.04306,343.23453,6719.276,spacetrack,2026-09-04 20:54:22.813000+00:00,342.23553,6722.12,0.00092597,13.696450555555556,-5.594097513747506,-4.983480918880492,300-350,quiet_control,6.972646035503685
100273,2026-09-06 17:03:53.528000+00:00,0.0010449,15.752383,0.00162653,0.0002367,342.3619,345.54416,6722.09,spacetrack,2026-09-05 10:36:10.035000+00:00,339.04306,6719.276,0.0012581,30.46208138888889,2.614797031861798,2.2170513937580525,300-350,quiet_control,4.266783103470906
100274,2026-09-04 18:27:40.718000+00:00,0.0008483,15.798624,0.00162201,0.0001315,329.948,331.71243,6708.9673,spacetrack,2026-09-03 19:41:13.429000+00:00,330.23657,6708.9863,0.00075593,22.774246944444446,-0.30410138332540043,-0.02002261594405855,300-350,quiet_control,4.6796052861316095
100274,2026-09-05 17:14:08.353000+00:00,0.0013718,15.799126,0.00266565,0.0001563,329.63943,331.7366,6708.825,spacetrack,2026-09-04 18:27:40.718000+00:00,329.948,6708.9673,0.0008483,22.774343055555555,-0.3251764488632684,-0.14995822235922943,300-350,quiet_control,5.799832523526261
100274,2026-09-06 16:00:35.733000+00:00,0.0010229,15.79895,0.00196813,0.0001039,330.04068,331.43478,6708.8745,spacetrack,2026-09-05 17:14:08.353000+00:00,329.63943,6708.825,0.0013718,22.774272222222223,0.4228455647686314,0.05216412574724202,300-350,quiet_control,4.28371406672588
100275,2026-09-02 18:38:56.829000+00:00,0.00070903,15.752732,0.00109627,0.0001057,343.14337,344.5644,6721.9907,spacetrack,2026-09-01 18:17:09.103000+00:00,343.0172,6721.8843,0.0012917,24.36325722222222,0.12428879982591458,0.10481357138423347,300-350,quiet_control,5.630591266269976
100275,2026-09-03 20:32:06.376000+00:00,0.00050458,15.752535,0.00077467,0.0001259,343.0637,344.7563,6722.047,spacetrack,2026-09-02 18:38:56.829000+00:00,343.14337,6721.9907,0.00070903,25.88598527777778,-0.0738654518838025,0.05219812904485967,300-350,quiet_control,5.518469340772737
100275,2026-09-04 17:51:10.375000+00:00,0.0011406,15.7528105,0.00178258,0.0001421,342.87646,344.78687,6721.9688,spacetrack,2026-09-03 20:32:06.376000+00:00,343.0637,6722.047,0.00050458,21.3177775,-0.21079871013755463,-0.08803919639362894,300-350,quiet_control,4.642136488092054
100275,2026-09-05 15:10:15.196000+00:00,0.00088335,15.752736,0.00137191,0.0001342,342.95053,344.7547,6721.9897,spacetrack,2026-09-04 17:51:10.375000+00:00,342.87646,6721.9688,0.0011406,21.31800583333333,0.08338866279980672,0.0235294053267496,300-350,quiet_control,6.0810571439081205
100276,2026-09-04 17:58:11.271000+00:00,0.0011442,15.753156,0.0017912,0.0001458,342.7534,344.7135,6721.8706,spacetrack,2026-09-03 17:36:23.316000+00:00,342.98178,6721.9346,0.00097133,24.363320833333333,-0.22497425689609735,-0.06304559261412289,300-350,quiet_control,4.896735375941669
100276,2026-09-05 06:09:05.216000+00:00,0.00089059,15.752827,0.00138395,0.0001345,342.92294,344.73117,6721.964,spacetrack,2026-09-04 17:58:11.271000+00:00,342.7534,6721.8706,0.0011442,12.18165138888889,0.3340236779153753,0.18401445981605813,300-350,quiet_control,6.002515167107544
100276,2026-09-06 17:10:25.219000+00:00,0.00093179,15.752731,0.00144881,0.0001449,342.88013,344.82816,6721.991,spacetrack,2026-09-05 06:09:05.216000+00:00,342.92294,6721.964,0.00089059,35.02222305555556,-0.0293368013323873,0.018502537630838825,300-350,quiet_control,4.610240570822321
100277,2026-09-04 17:57:42.720000+00:00,0.0011101,15.75252,0.00173142,0.0001029,343.22266,344.60605,6722.0513,spacetrack,2026-09-03 20:38:38.450000+00:00,342.76675,6721.9644,0.00089932,21.31785277777778,0.5132712057851547,0.09783349297635993,300-350,quiet_control,4.6165829709501445
100277,2026-09-05 22:53:35.004000+00:00,0.0010309,15.75273,0.00160657,6.16e-05,343.44022,344.26837,6721.991,spacetrack,2026-09-04 17:57:42.720000+00:00,343.22266,6722.0513,0.0011101,28.93119,0.18047788563138267,-0.050022138736855966,300-350,quiet_control,5.138001351943467
100277,2026-09-06 09:33:07.951000+00:00,0.00097918,15.752732,0.00152418,0.0001184,343.05792,344.6497,6721.9907,spacetrack,2026-09-05 22:53:35.004000+00:00,343.44022,6721.991,0.0010309,10.659151944444444,-0.8607814249971169,-0.0006754758755914281,300-350,quiet_control,4.896150900268358
100278,2026-09-02 19:51:10.299000+00:00,0.00069478,15.752694,0.00107365,8.85e-05,343.26965,344.45947,6722.0015,spacetrack,2026-09-01 13:23:55.828000+00:00,343.23206,6722.051,0.0010359,30.454019722222224,0.029623675568261527,-0.03900962864140526,300-350,quiet_control,5.75704878441015
100278,2026-09-03 20:12:58.007000+00:00,0.00087214,15.752872,0.00135495,7.79e-05,343.29028,344.33755,6721.951,spacetrack,2026-09-02 19:51:10.299000+00:00,343.26965,6722.0015,0.00069478,24.363252222222222,0.020322409975626274,-0.04974705301869839,300-350,quiet_control,5.475279949169348
100278,2026-09-04 20:34:46.122000+00:00,0.00095833,15.752434,0.00148905,0.000177,342.74878,345.1284,6722.0757,spacetrack,2026-09-03 20:12:58.007000+00:00,343.29028,6721.951,0.00087214,24.363365277777778,-0.5334238456726461,0.12284017277108454,300-350,quiet_control,4.48319197146125
100278,2026-09-05 11:48:23.616000+00:00,0.00097547,15.752751,0.0015184,0.000137,342.92758,344.7694,6721.9854,spacetrack,2026-09-04 20:34:46.122000+00:00,342.74878,6722.0757,0.00095833,15.227081666666667,0.2818136852442972,-0.14232536788465744,300-350,quiet_control,6.889533220909369
100278,2026-09-06 16:44:16.697000+00:00,0.0013379,15.753021,0.00210203,0.000188,342.50775,345.0352,6721.9087,spacetrack,2026-09-05 11:48:23.616000+00:00,342.92758,6721.9854,0.00097547,28.93141138888889,-0.3482692173071593,-0.06362634630047151,300-350,quiet_control,4.167373397240165
100279,2026-09-02 13:58:19.698000+00:00,0.0010794,15.752731,0.00168417,0.0002255,342.33838,345.37,6721.991,spacetrack,2026-09-01 16:39:15.424000+00:00,342.86838,6721.9644,0.00099793,21.31785388888889,-0.5966829525288433,0.029946729315759077,300-350,quiet_control,5.859272888554525
100279,2026-09-03 20:25:34.207000+00:00,0.00030413,15.752473,0.00046252,0.0001274,343.0712,344.78397,6722.0645,spacetrack,2026-09-02 13:58:19.698000+00:00,342.33838,6721.991,0.0010794,30.45403027777778,0.5775156798485805,0.057923367906326476,300-350,quiet_control,5.390102681994042
100279,2026-09-04 17:44:38.292000+00:00,0.00091703,15.753545,0.00143051,9.36e-05,342.99356,344.2519,6721.76,spacetrack,2026-09-03 20:25:34.207000+00:00,343.0712,6722.0645,0.00030413,21.317801388888892,-0.08740863872437528,-0.3428120877330981,300-350,quiet_control,4.667683965480858
100279,2026-09-05 15:03:42.967000+00:00,0.0011874,15.752595,0.00185588,0.0001365,342.97543,344.81055,6722.03,spacetrack,2026-09-04 17:44:38.292000+00:00,342.99356,6721.76,0.00091703,21.317965277777777,-0.020410953593831924,0.303968972439575,300-350,quiet_control,6.081064907760701
100279,2026-09-06 10:51:25.660000+00:00,0.0011861,15.752202,0.00185048,0.0001701,342.86115,345.148,6722.1416,spacetrack,2026-09-05 15:03:42.967000+00:00,342.97543,6722.03,0.0011874,19.7951925,-0.13855485365955347,0.1353055798777572,300-350,quiet_control,3.9485227705329633
100280,2026-09-02 15:30:09.556000+00:00,0.00052647,15.7523985,0.00080839,8.55e-05,343.37405,344.52356,6722.086,spacetrack,2026-09-01 18:11:05.361000+00:00,343.34705,6722.028,0.00068125,21.317831944444446,0.030397087362749202,0.06529744692741087,300-350,quiet_control,5.812114623132082
100280,2026-09-03 20:26:02.649000+00:00,0.00056759,15.752815,0.00087431,0.0001385,342.89914,344.76114,6721.9673,spacetrack,2026-09-02 15:30:09.556000+00:00,343.37405,6722.086,0.00052647,28.93141472222222,-0.3939606863139624,-0.098467359005835,300-350,quiet_control,5.393025812493153
100280,2026-09-04 20:47:50.330000+00:00,0.00074934,15.752569,0.00115901,0.0001295,343.02966,344.7707,6722.037,spacetrack,2026-09-03 20:26:02.649000+00:00,342.89914,6721.9673,0.00056759,24.36324472222222,0.12857400710433942,0.0686608052036059,300-350,quiet_control,4.447414896307657
100280,2026-09-05 12:01:28.022000+00:00,0.0011372,15.752581,0.00177532,0.0001553,342.853,344.94086,6722.034,spacetrack,2026-09-04 20:47:50.330000+00:00,343.02966,6722.037,0.00074934,15.227136666666667,-0.2784397416804304,-0.00472840045970571,300-350,quiet_control,6.943545160566044
100280,2026-09-06 10:51:53.788000+00:00,0.00082716,15.752499,0.00128152,8.66e-05,343.33826,344.5025,6722.0576,spacetrack,2026-09-05 12:01:28.022000+00:00,342.853,6722.034,0.0011372,22.840490555555558,0.509894477602051,0.02479806633894078,300-350,quiet_control,4.08058016753532
100281,2026-09-02 15:23:37.358000+00:00,0.00058188,15.752568,0.00089574,9.67e-05,343.2505,344.55054,6722.0376,spacetrack,2026-09-01 18:04:33.235000+00:00,342.99823,6721.9097,0.0011251,21.317811944444447,0.2840103860461193,0.14399226374580826,300-350,quiet_control,5.822335372833695
100281,2026-09-03 20:19:30.320000+00:00,0.00060809,15.752648,0.00093718,0.0001326,342.98645,344.76913,6722.0146,spacetrack,2026-09-02 15:23:37.358000+00:00,343.2505,6722.0376,0.00058188,28.931378333333335,-0.21904245027615998,-0.019079630207092562,300-350,quiet_control,5.381727002636756
100281,2026-09-04 17:38:34.533000+00:00,0.00063858,15.752735,0.00098542,0.0001014,343.1714,344.5346,6721.99,spacetrack,2026-09-03 20:19:30.320000+00:00,342.98645,6722.0146,0.00060809,21.317836944444444,0.20821999959790166,-0.027695117546593692,300-350,quiet_control,4.691387297176401
100281,2026-09-05 10:23:34.005000+00:00,0.0012189,15.752708,0.0019074,0.0001161,343.08017,344.64102,6721.9976,spacetrack,2026-09-04 17:38:34.533000+00:00,343.1714,6721.99,0.00063858,16.749853333333334,-0.13071875654234,0.01088964759081689,300-350,quiet_control,6.176985579575224
100281,2026-09-06 15:19:27.042000+00:00,0.0011969,15.752909,0.00187368,0.000124,342.96994,344.637,6721.9404,spacetrack,2026-09-05 10:23:34.005000+00:00,343.08017,6721.9976,0.0012189,28.931399166666665,-0.0914411357971263,-0.04745017660827443,300-350,quiet_control,4.362840528596396
100282,2026-09-02 19:50:42.378000+00:00,0.0013618,15.753014,0.00214063,0.0002656,341.98846,345.55914,6721.9106,spacetrack,2026-09-01 17:57:32.538000+00:00,343.1584,6721.8823,0.0013734,25.886066666666665,-1.0846978168435502,0.026238053418647593,300-350,quiet_control,5.652322613709821
100282,2026-09-03 20:12:29.739000+00:00,0.00036272,15.752781,0.00055421,0.000144,342.87192,344.80783,6721.977,spacetrack,2026-09-02 19:50:42.378000+00:00,341.98846,6721.9106,0.0013618,24.363155833333334,0.8702911948291453,0.0654102453267788,300-350,quiet_control,5.474955574139324
100282,2026-09-04 20:34:17.462000+00:00,0.0013989,15.753019,0.0022007,0.0001845,342.53183,345.01224,6721.909,spacetrack,2026-09-03 20:12:29.739000+00:00,342.87192,6721.977,0.00036272,24.36325638888889,-0.335019254803797,-0.06698611934114662,300-350,quiet_control,4.4844877913430725
100282,2026-09-05 05:42:28.232000+00:00,0.00044266,15.75242,0.00067769,0.0001237,343.111,344.77402,6722.0796,spacetrack,2026-09-04 20:34:17.462000+00:00,342.53183,6721.909,0.0013989,9.136325,1.5214082248605907,0.4481451787243827,300-350,quiet_control,6.65251673949865
100282,2026-09-06 12:09:43.031000+00:00,0.0011458,15.752638,0.00178955,0.0001351,342.9726,344.78888,6722.0176,spacetrack,2026-09-05 05:42:28.232000+00:00,343.111,6722.0796,0.00044266,30.454110833333335,-0.10906901922626905,-0.04886039878625763,300-350,quiet_control,4.771627036047195
100283,2026-09-03 17:50:27.653000+00:00,0.00055432,15.798513,0.00104988,0.0001033,330.1684,331.55447,6708.9985,spacetrack,2026-09-01 06:37:40.672000+00:00,330.24808,6709.115,0.00041799,59.213050277777775,-0.03229558333895845,-0.047219320519473626,300-350,quiet_control,5.989394830337255
100283,2026-09-04 18:08:00.455000+00:00,0.00080002,15.798792,0.00152892,0.0002481,329.11804,332.44702,6708.9194,spacetrack,2026-09-03 17:50:27.653000+00:00,330.1684,6708.9985,0.00055432,24.292444999999997,-1.0377152238072491,-0.07814775334463941,300-350,quiet_control,4.872061697920212
100283,2026-09-05 22:58:51.878000+00:00,0.0010933,15.799185,0.00210994,0.0001662,329.55634,331.78635,6708.808,spacetrack,2026-09-04 18:08:00.455000+00:00,329.11804,6708.9194,0.00080002,28.8476175,0.3646470978062321,-0.0926800974116709,300-350,quiet_control,5.148568325346876
100283,2026-09-06 12:38:44.829000+00:00,0.0011078,15.798294,0.00212996,0.000281,329.03842,332.8089,6709.0605,spacetrack,2026-09-05 22:58:51.878000+00:00,329.55634,6708.808,0.0010933,13.664708611111111,-0.9096483762480588,0.44347817230898434,300-350,quiet_control,4.9254339915489105
100284,2026-09-02 13:25:38.826000+00:00,0.0012738,15.7525215,0.001994,0.0001358,343.0009,344.82657,6722.051,spacetrack,2026-09-01 16:06:34.541000+00:00,343.0084,6722.033,0.0004857,21.317856944444447,-0.008443625476469168,0.0202647011435772,300-350,quiet_control,5.859272908725385
100284,2026-09-03 19:52:53.115000+00:00,0.001196,15.753138,0.00187425,7.91e-05,343.20676,344.27017,6721.8755,spacetrack,2026-09-02 13:25:38.826000+00:00,343.0009,6722.051,0.0012738,30.453969166666667,0.16223304006648553,-0.13830709478149228,300-350,quiet_control,5.3722138791815395
100284,2026-09-04 17:11:57.626000+00:00,0.00053436,15.752609,0.00082148,9.8e-05,343.23007,344.54758,6722.026,spacetrack,2026-09-03 19:52:53.115000+00:00,343.20676,6721.8755,0.001196,21.31791972222222,0.026242710700225276,0.16943491893481957,300-350,quiet_control,4.795436731625014
100284,2026-09-05 16:02:23.828000+00:00,0.0010598,15.753,0.00165476,9.56e-05,343.13504,344.42026,6721.9146,spacetrack,2026-09-04 17:11:57.626000+00:00,343.23007,6722.026,0.00053436,22.840611666666668,-0.09985371816152622,-0.11705465856225047,300-350,quiet_control,5.809004823061144
100284,2026-09-06 11:50:06.473000+00:00,0.00098511,15.752476,0.00153187,0.0001474,342.93588,344.91757,6722.064,spacetrack,2026-09-05 16:02:23.828000+00:00,343.13504,6721.9146,0.0010598,19.795179166666667,-0.2414648516063435,0.1811350111972531,300-350,quiet_control,4.096742536008873
100285,2026-09-03 16:15:30.418000+00:00,0.00065267,15.798499,0.00124006,9.44e-05,330.2321,331.49875,6709.0024,spacetrack,2026-09-01 06:33:49.171000+00:00,329.9132,6708.9316,0.001372,57.694790833333336,0.13265669030864657,0.02945153237349646,300-350,quiet_control,5.990230337904521
100285,2026-09-04 18:04:09.253000+00:00,0.00091688,15.798812,0.00175799,9.59e-05,330.1337,331.42044,6708.914,spacetrack,2026-09-03 16:15:30.418000+00:00,330.2321,6709.0024,0.00065267,25.810787500000004,-0.09149662713703077,-0.08219818942033952,300-350,quiet_control,4.945878314122212
100285,2026-09-05 15:19:31.249000+00:00,0.0010246,15.798718,0.00196936,0.000119,330.0051,331.60184,6708.9404,spacetrack,2026-09-04 18:04:09.253000+00:00,330.1337,6708.914,0.00091688,21.25611,-0.14520060349700747,0.029807899941032313,300-350,quiet_control,6.089683533607774
100285,2026-09-06 09:32:41.216000+00:00,0.0016387,15.800274,0.00322357,0.0001344,329.46136,331.26462,6708.5,spacetrack,2026-09-05 15:19:31.249000+00:00,330.0051,6708.9404,0.0010246,18.21943527777778,-0.7162549113647395,-0.580127750331622,300-350,quiet_control,3.900956102020908
100286,2026-09-03 20:06:25.687000+00:00,0.0011803,15.753226,0.0018497,0.0001055,343.00418,344.4225,6721.85,spacetrack,2026-09-02 15:10:33.277000+00:00,343.2718,6722.001,0.001118,28.931225,-0.22200511730834652,-0.12526258393815531,300-350,quiet_control,5.35913380208869
100286,2026-09-04 20:28:13.994000+00:00,0.00078736,15.752662,0.00121953,0.0001475,342.88248,344.86545,6722.0107,spacetrack,2026-09-03 20:06:25.687000+00:00,343.00418,6721.85,0.0011803,24.36341861111111,-0.11988465357110145,0.1583029073854156,300-350,quiet_control,4.50108075851926
100286,2026-09-05 14:44:34.776000+00:00,0.00082157,15.75267,0.00127364,0.0001044,343.1696,344.57315,6722.0083,spacetrack,2026-09-04 20:28:13.994000+00:00,342.88248,6722.0107,0.00078736,18.272439444444448,0.3771187761191614,-0.0031522884593854225,300-350,quiet_control,6.58386666792742
100286,2026-09-06 12:03:39.281000+00:00,0.001223,15.752757,0.00191447,0.0001212,343.03192,344.66135,6721.9834,spacetrack,2026-09-05 14:44:34.776000+00:00,343.1696,6722.0083,0.00082157,21.317918055555555,-0.15500200307499595,-0.02803275622182555,300-350,quiet_control,4.014913184989596
100287,2026-09-03 17:43:02.789000+00:00,0.00051593,15.798533,0.00097594,0.0001184,330.06146,331.65015,6708.9927,spacetrack,2026-09-01 06:30:15.814000+00:00,330.14328,6708.867,0.001469,59.21304861111111,-0.03316296063214963,0.050948229668151795,300-350,quiet_control,5.991481729287568
100287,2026-09-04 18:00:35.925000+00:00,0.0013769,15.798509,0.00266825,0.0001011,330.18442,331.541,6708.9995,spacetrack,2026-09-03 17:43:02.789000+00:00,330.06146,6708.9927,0.00051593,24.292537777777778,0.12147928005689904,0.006718112430064041,300-350,quiet_control,4.8873152015955155
100287,2026-09-05 22:51:26.874000+00:00,0.0014407,15.799074,0.00280392,0.0001177,329.9132,331.49246,6708.84,spacetrack,2026-09-04 18:00:35.925000+00:00,330.18442,6708.9995,0.0013769,28.84748583333333,-0.2256446207342555,-0.13269787260180577,300-350,quiet_control,5.144293106074553
100287,2026-09-06 12:31:19.614000+00:00,0.00093483,15.798472,0.00179046,0.0001413,329.9252,331.82117,6709.0103,spacetrack,2026-09-05 22:51:26.874000+00:00,329.9132,6708.84,0.0014407,13.66465,0.021076280768260507,0.29910755123581517,300-350,quiet_control,4.916387540112627
100288,2026-09-02 15:10:04.955000+00:00,0.0012047,15.75274,0.0018849,9.76e-05,343.19547,344.5076,6721.989,spacetrack,2026-09-01 19:22:22.115000+00:00,343.0468,6721.933,0.0010102,19.795233333333332,0.18024945399311051,0.06789513300289698,300-350,quiet_control,5.831470230487586
100288,2026-09-03 20:05:58.224000+00:00,0.00098134,15.752625,0.00152698,0.0002403,342.26895,345.49954,6722.0215,spacetrack,2026-09-02 15:10:04.955000+00:00,343.19547,6721.989,0.0012047,28.931463611111113,-0.7685916032073699,0.026960267565120807,300-350,quiet_control,5.358331556544806
100288,2026-09-04 18:56:23.662000+00:00,0.0010982,15.752762,0.00171432,0.0001212,343.03058,344.65997,6721.9824,spacetrack,2026-09-03 20:05:58.224000+00:00,342.26895,6722.0215,0.00098134,22.840399444444444,0.8002977375443991,-0.04108509583125275,300-350,quiet_control,4.6025102110128016
100288,2026-09-05 14:44:06.687000+00:00,0.00096769,15.7525,0.00150437,0.0001981,342.58826,345.25153,6722.057,spacetrack,2026-09-04 18:56:23.662000+00:00,343.03058,6721.9824,0.0010982,19.79528472222222,-0.53627316550202,0.09044578166577913,300-350,quiet_control,6.3073725680323
100288,2026-09-06 10:31:49.063000+00:00,0.00088265,15.752328,0.00136831,8.09e-05,343.42505,344.5127,6722.106,spacetrack,2026-09-05 14:44:06.687000+00:00,342.58826,6722.057,0.00096769,19.795104444444444,1.0145417548244624,0.05940862819390297,300-350,quiet_control,3.9391316393941174
100289,2026-09-02 13:06:30.759000+00:00,0.00089997,15.752351,0.00139588,0.0001232,343.13422,344.79056,6722.0996,spacetrack,2026-09-01 18:50:10.028000+00:00,342.9772,6721.9873,0.00083076,18.272425277777778,0.20623863240443358,0.1475009452233172,300-350,quiet_control,5.835818182075234
100289,2026-09-03 16:31:02.090000+00:00,0.0012456,15.752789,0.00195095,0.0001277,342.97928,344.69608,6721.9746,spacetrack,2026-09-02 13:06:30.759000+00:00,343.13422,6722.0996,0.00089997,27.408703055555556,-0.1356707755366238,-0.1094542851560399,300-350,quiet_control,5.233820003907721
100289,2026-09-04 19:55:32.996000+00:00,0.00091136,15.752895,0.00141737,0.0001482,342.8112,344.8036,6721.9443,spacetrack,2026-09-03 16:31:02.090000+00:00,342.97928,6721.9746,0.0012456,27.408585000000002,-0.14717724391831105,-0.026531833000011634,300-350,quiet_control,4.804115693434496
100289,2026-09-05 09:37:48.972000+00:00,0.00098519,15.752393,0.00153143,0.0001209,343.13776,344.76315,6722.0874,spacetrack,2026-09-04 19:55:32.996000+00:00,342.8112,6721.9443,0.00091136,13.704437777777779,0.571890662505643,0.25060495408097305,300-350,quiet_control,6.686475929856948
100289,2026-09-06 11:30:58.516000+00:00,0.00089329,15.752648,0.00138715,0.0001336,342.9795,344.77563,6722.0146,spacetrack,2026-09-05 09:37:48.972000+00:00,343.13776,6722.0874,0.00098519,25.885984444444443,-0.14672959447042208,-0.06749598431335503,300-350,quiet_control,4.371839999560465
100290,2026-09-03 19:33:16.823000+00:00,0.00136,15.752628,0.00213403,8.69e-05,343.29922,344.4675,6722.0205,spacetrack,2026-09-02 13:06:02.220000+00:00,343.06927,6722.002,0.00097428,30.45405638888889,0.18121723850268098,0.01457933860473536,300-350,quiet_control,5.3614864733901575
100290,2026-09-04 19:55:04.744000+00:00,0.00068523,15.752605,0.0010582,0.0001278,343.03085,344.74902,6722.027,spacetrack,2026-09-03 19:33:16.823000+00:00,343.29922,6722.0205,0.00136,24.36331138888889,-0.26436800388872955,0.006403070482491914,300-350,quiet_control,4.59179132749025
100290,2026-09-05 20:16:52.452000+00:00,0.0011213,15.753463,0.00175679,8.94e-05,343.04517,344.24704,6721.783,spacetrack,2026-09-04 19:55:04.744000+00:00,343.03085,6722.027,0.00068523,24.363252222222222,0.014106491073735706,-0.24036199874215125,300-350,quiet_control,5.492227342208053
100290,2026-09-06 11:30:30.029000+00:00,0.0007717,15.7524,0.00119341,0.0001503,342.9379,344.95856,6722.0854,spacetrack,2026-09-05 20:16:52.452000+00:00,343.04517,6721.783,0.0011213,15.227104722222222,-0.1690721937599964,0.47662376613186797,300-350,quiet_control,4.66137423403446
100291,2026-09-02 13:12:35.045000+00:00,0.0009859,15.752074,0.00153039,0.0001104,343.29892,344.78317,6722.178,spacetrack,2026-09-01 17:24:52.030000+00:00,343.0195,6721.96,0.0010069,19.795281944444444,0.3387716335044396,0.2643054044231331,300-350,quiet_control,5.848448735995804
100291,2026-09-03 19:39:48.475000+00:00,0.0010694,15.752975,0.00166996,0.0002128,342.3543,345.21515,6721.922,spacetrack,2026-09-02 13:12:35.045000+00:00,343.29892,6722.178,0.0009859,30.453730555555552,-0.744436874774408,-0.20174868194880916,300-350,quiet_control,5.365052019260913
100291,2026-09-04 18:30:14.907000+00:00,0.0011481,15.752566,0.0017927,0.0001149,343.12875,344.6735,6722.038,spacetrack,2026-09-03 19:39:48.475000+00:00,342.3543,6721.922,0.0010694,22.840675555555556,0.8137587679835134,0.12188781339799279,300-350,quiet_control,4.678853096775499
100291,2026-09-05 17:20:41.073000+00:00,0.0010855,15.75298,0.00169567,0.0001063,343.06857,344.49765,6721.92,spacetrack,2026-09-04 18:30:14.907000+00:00,343.12875,6722.038,0.0011481,22.840601666666664,-0.06323476154780489,-0.12398972852455953,300-350,quiet_control,5.786934356151301
100291,2026-09-06 11:37:02.235000+00:00,0.0011973,15.752396,0.00187015,0.0001178,343.15768,344.74142,6722.0864,spacetrack,2026-09-05 17:20:41.073000+00:00,343.06857,6721.92,0.0010855,18.272544999999997,0.11704116750020993,0.2185574040179738,300-350,quiet_control,4.235696368513526
100292,2026-09-02 13:32:39.468000+00:00,0.00085172,15.75254,0.00132065,0.0001965,342.58768,345.22943,6722.0454,spacetrack,2026-09-01 19:16:18.435000+00:00,342.85294,6721.892,0.0011765,18.272509166666666,-0.34840535264931216,0.20148300194697005,300-350,quiet_control,5.835818935832157
100292,2026-09-03 19:59:53.612000+00:00,0.0012236,15.753189,0.00191907,9.55e-05,343.08194,344.3658,6721.861,spacetrack,2026-09-02 13:32:39.468000+00:00,342.58768,6722.0454,0.00085172,30.45392888888889,0.3895142739473548,-0.14532115104586668,300-350,quiet_control,5.376048505472894
100292,2026-09-04 17:18:58.276000+00:00,0.0010654,15.752812,0.00166234,8.19e-05,343.28055,344.38162,6721.9683,spacetrack,2026-09-03 19:59:53.612000+00:00,343.08194,6721.861,0.0012236,21.317962222222224,0.2235973565537096,0.12079953858485737,300-350,quiet_control,4.768035312526745
100292,2026-09-05 17:40:45.725000+00:00,0.0012647,15.753273,0.00198605,0.0001177,342.9089,344.4912,6721.837,spacetrack,2026-09-04 17:18:58.276000+00:00,343.28055,6721.9683,0.0010654,24.363180277777776,-0.3661098386295443,-0.12934271979567985,300-350,quiet_control,5.570962370596368
100292,2026-09-06 22:36:39.167000+00:00,0.0016362,15.753275,0.00259006,0.0001199,342.8936,344.5055,6721.8364,spacetrack,2026-09-05 17:40:45.725000+00:00,342.9089,6721.837,0.0012647,28.931511666666665,-0.012692043341228582,-0.0004977271901035903,300-350,quiet_control,4.503965908299027
100293,2026-09-02 19:18:29.470000+00:00,0.00072349,15.752745,0.00111914,9.08e-05,343.23993,344.46066,6721.9873,spacetrack,2026-09-01 11:19:53.518000+00:00,343.2287,6721.6797,0.0013035,31.976653333333335,0.00842864940213519,0.2308684377644555,300-350,quiet_control,5.9377922184060115
100293,2026-09-03 13:34:50.667000+00:00,0.0007084,15.752683,0.00109505,8.91e-05,343.26886,344.4667,6722.005,spacetrack,2026-09-02 19:18:29.470000+00:00,343.23993,6721.9873,0.00072349,18.27255472222222,0.0379979707575133,0.023247980726599823,300-350,quiet_control,5.256768358897452
100293,2026-09-04 23:04:48.673000+00:00,0.00079274,15.752676,0.00122809,0.0001227,343.0451,344.6947,6722.007,spacetrack,2026-09-03 13:34:50.667000+00:00,343.26886,6722.005,0.0007084,33.49944611111111,-0.16030832217907762,0.0014328595114302606,300-350,quiet_control,4.634604082923229
100293,2026-09-05 17:21:09.745000+00:00,0.0014791,15.753069,0.00233139,0.0001209,342.94522,344.57056,6721.895,spacetrack,2026-09-04 23:04:48.673000+00:00,343.0451,6722.007,0.00079274,18.27252,-0.1311871597349261,-0.14710614627758475,300-350,quiet_control,6.597067071208569
100293,2026-09-06 16:11:35.514000+00:00,0.0011681,15.753051,0.00182864,0.000109,343.03046,344.49585,6721.9004,spacetrack,2026-09-05 17:21:09.745000+00:00,342.94522,6721.895,0.0014791,22.84049138888889,0.08956724989704751,0.0056741336161994956,300-350,quiet_control,4.285117138886229
100294,2026-09-02 13:19:34.975000+00:00,0.00072662,15.752398,0.00112234,0.0001213,343.13376,344.76453,6722.086,spacetrack,2026-09-01 16:00:30.782000+00:00,343.36215,6722.0337,0.00066094,21.317831388888887,-0.25712559124830675,0.058880285574502936,300-350,quiet_control,5.859272740023469
100294,2026-09-03 19:46:49.878000+00:00,0.0010022,15.752926,0.00156229,0.0001854,342.55252,345.045,6721.9355,spacetrack,2026-09-02 13:19:34.975000+00:00,343.13376,6722.086,0.00072662,30.454139722222223,-0.45805792339687895,-0.11860456519084939,300-350,quiet_control,5.368904243934069
100294,2026-09-04 17:05:53.828000+00:00,0.00086806,15.752533,0.00134645,8.23e-05,343.3572,344.46365,6722.0474,spacetrack,2026-09-03 19:46:49.878000+00:00,342.55252,6721.9355,0.0010022,21.317763888888887,0.9059261609546645,0.12597944202856406,300-350,quiet_control,4.819122680028849
100294,2026-09-05 15:56:20.043000+00:00,0.0010133,15.752877,0.0015796,0.0001356,342.90115,344.72415,6721.9497,spacetrack,2026-09-04 17:05:53.828000+00:00,343.3572,6722.0474,0.00086806,22.840615277777776,-0.47919899997829657,-0.1026592310009938,300-350,quiet_control,5.809004220855842
100294,2026-09-06 11:44:02.841000+00:00,0.00097365,15.752389,0.00151309,0.0001796,342.74414,345.1587,6722.0884,spacetrack,2026-09-05 15:56:20.043000+00:00,342.90115,6721.9497,0.0010133,19.795221666666666,-0.19036109135086565,0.16816179460085554,300-350,quiet_control,4.081429962938025
100295,2026-09-03 18:59:44.915000+00:00,0.001055,15.798855,0.00203068,0.000109,330.0336,331.49615,6708.902,spacetrack,2026-09-01 07:46:57.952000+00:00,330.17325,6709.0635,0.00059171,59.21304527777777,-0.0566023919944926,-0.06545854856511621,300-350,quiet_control,5.986709774534809
100295,2026-09-04 17:46:12.176000+00:00,0.00097622,15.798856,0.00187517,0.0001107,330.02188,331.50723,6708.9014,spacetrack,2026-09-03 18:59:44.915000+00:00,330.0336,6708.902,0.001055,22.774239166666668,-0.012350796790214419,-0.0006322933513570756,300-350,quiet_control,4.811112631265972
100295,2026-09-05 15:01:34.124000+00:00,0.0013561,15.798601,0.00262762,0.0001323,329.9491,331.7243,6708.9736,spacetrack,2026-09-04 17:46:12.176000+00:00,330.02188,6708.9014,0.00097622,21.256096666666668,-0.0821750120632316,0.08152014112402117,300-350,quiet_control,6.092943373579565
100296,2026-09-02 14:30:51.768000+00:00,0.00073561,15.752328,0.00113615,0.000103,343.2765,344.66122,6722.106,spacetrack,2026-09-01 12:37:42.359000+00:00,343.13745,6721.9956,0.00091586,25.885946944444445,0.12891937108432333,0.10235669591984467,300-350,quiet_control,5.9757230030292385
100296,2026-09-03 11:49:54.653000+00:00,0.0010683,15.751876,0.00166002,0.000153,343.069,345.126,6722.2344,spacetrack,2026-09-02 14:30:51.768000+00:00,343.2765,6722.106,0.00073561,21.317468055555555,-0.2336112331455669,0.14455750523379635,300-350,quiet_control,5.1713980260189585
100296,2026-09-04 22:51:16.356000+00:00,0.00094908,15.752662,0.00147587,0.0002035,342.50604,345.24188,6722.0107,spacetrack,2026-09-03 11:49:54.653000+00:00,343.069,6722.2344,0.0010683,35.02269527777778,-0.38577956073454045,-0.153294883715522,300-350,quiet_control,4.665023441188767
100296,2026-09-05 17:07:36.932000+00:00,0.0011826,15.753,0.00185145,0.000115,343.00458,344.55063,6721.9146,spacetrack,2026-09-04 22:51:16.356000+00:00,342.50604,6722.0107,0.00094908,18.272382222222223,0.6548111710058491,-0.12622327904180256,300-350,quiet_control,6.597101734104608
100296,2026-09-06 11:23:57.877000+00:00,0.00078991,15.7523365,0.00122178,0.00013,343.09262,344.84036,6722.1035,spacetrack,2026-09-05 17:07:36.932000+00:00,343.00458,6721.9146,0.0011826,18.272484722222224,0.11563616180951827,0.24811075608611166,300-350,quiet_control,4.199932381634226
100297,2026-09-03 18:55:57.037000+00:00,0.0011288,15.799521,0.00218377,0.000129,329.7107,331.44153,6708.713,spacetrack,2026-09-01 07:43:11.046000+00:00,330.22675,6709.0527,0.00062772,59.21277527777778,-0.20916432208926142,-0.13768650366013932,300-350,quiet_control,5.986705154106876
100297,2026-09-04 17:42:25.033000+00:00,0.00093758,15.798145,0.00179312,9.58e-05,330.32285,331.6083,6709.1025,spacetrack,2026-09-03 18:55:57.037000+00:00,329.7107,6708.713,0.0011288,22.774443333333334,0.645091508274012,0.41046008735253736,300-350,quiet_control,4.82498446479897
100297,2026-09-05 11:55:35.628000+00:00,0.00063364,15.798508,0.00120324,0.0001114,330.11572,331.61047,6709.0,spacetrack,2026-09-04 17:42:25.033000+00:00,330.32285,6709.1025,0.00093758,18.219609722222224,-0.27284448326776967,-0.13501935757705594,300-350,quiet_control,6.260948387493664
100298,2026-09-03 18:54:41.962000+00:00,0.00090119,15.798848,0.00172747,0.0001064,330.05292,331.4806,6708.904,spacetrack,2026-09-01 07:41:55.134000+00:00,330.03455,6708.996,0.00090704,59.21300777777778,0.007445661292081862,-0.03728910391240234,300-350,quiet_control,5.986709132811227
100298,2026-09-04 17:41:09.465000+00:00,0.0010612,15.798817,0.00204264,9.57e-05,330.1335,331.4176,6708.9126,spacetrack,2026-09-03 18:54:41.962000+00:00,330.05292,6708.904,0.00090119,22.77430638888889,0.08491674639737118,0.009062844613420563,300-350,quiet_control,4.829579893413755
100298,2026-09-05 11:54:19.752000+00:00,0.0006525,15.798469,0.00123955,0.0001035,330.17984,331.5686,6709.011,spacetrack,2026-09-04 17:41:09.465000+00:00,330.1335,6708.9126,0.0010612,18.219524166666666,0.06104220888679499,0.12961919194020502,300-350,quiet_control,6.255184308005849
100298,2026-09-06 15:14:04.627000+00:00,0.0011134,15.798728,0.00214525,0.0001263,329.9534,331.64807,6708.9375,spacetrack,2026-09-05 11:54:19.752000+00:00,330.17984,6709.011,0.0006525,27.329131944444445,-0.19885593186963102,-0.06454650676779801,300-350,quiet_control,4.2213360234487265
100299,2026-09-04 17:34:14.702000+00:00,0.00091042,15.798932,0.0017463,6.93e-05,330.27805,331.2079,6708.88,spacetrack,2026-09-03 20:18:53.397000+00:00,330.1446,6708.9814,0.00069439,21.255918055555554,0.15067803665918209,-0.1144904677195688,300-350,quiet_control,4.701639955042586
100299,2026-09-05 14:49:36.579000+00:00,0.00079706,15.798614,0.00152175,0.0001267,329.98322,331.68326,6708.97,spacetrack,2026-09-04 17:34:14.702000+00:00,330.27805,6708.88,0.00091042,21.25607694444444,-0.33288927295914567,0.10161799873273591,300-350,quiet_control,6.068506278276472
100299,2026-09-06 12:04:58.343000+00:00,0.00085354,15.798532,0.00163156,0.0001021,330.17126,331.54126,6708.993,spacetrack,2026-09-05 14:49:36.579000+00:00,329.98322,6708.97,0.00079706,21.256045555555556,0.21231418554334525,0.025969082469295197,300-350,quiet_control,4.012045775630578
100300,2026-09-04 20:32:12.817000+00:00,0.00091552,15.7987175,0.00175458,0.0001784,329.60684,332.00058,6708.941,spacetrack,2026-09-03 20:14:39.236000+00:00,330.10983,6708.868,0.00097958,24.29266138888889,-0.4969303200974807,0.07212054586934614,300-350,quiet_control,4.4828787399797845
100300,2026-09-05 17:47:34.211000+00:00,0.0012552,15.799231,0.00243297,0.0001657,329.5468,331.7701,6708.7954,spacetrack,2026-09-04 20:32:12.817000+00:00,329.60684,6708.941,0.00091552,21.25594277777778,-0.06779092393424488,-0.16439637782847258,300-350,quiet_control,5.9736231543298866
100300,2026-09-06 16:34:02.035000+00:00,0.00091344,15.798678,0.00175015,0.000133,329.9225,331.70706,6708.9517,spacetrack,2026-09-05 17:47:34.211000+00:00,329.5468,6708.7954,0.0012552,22.774395555555554,0.39591830123457794,0.16471128688534836,300-350,quiet_control,4.3081724305794475
100371,2026-09-02 21:16:56.497000+00:00,0.0012766,15.752344,0.00195066,0.0001137,343.19986,344.7285,6722.101,spacetrack,2026-09-01 17:50:18.412000+00:00,343.20255,6722.227,0.00024007,27.443912500000003,-0.0023524342602151377,-0.11018837055412159,300-350,quiet_control,5.672058420970407
100371,2026-09-03 18:37:39.141000+00:00,0.0008302,15.752312,0.00125762,0.0001327,343.08145,344.86548,6722.1104,spacetrack,2026-09-02 21:16:56.497000+00:00,343.19986,6722.101,0.0012766,21.34517888888889,-0.13313732411391951,0.010569131379609764,300-350,quiet_control,5.326664774835181
100371,2026-09-04 17:29:51.195000+00:00,0.00087281,15.752147,0.0013223,0.0001114,343.2715,344.7692,6722.157,spacetrack,2026-09-03 18:37:39.141000+00:00,343.08145,6722.1104,0.0008302,22.870015000000002,0.19944018401385585,0.0489024602744657,300-350,quiet_control,4.879853999512753
100371,2026-09-05 20:56:29.128000+00:00,0.00074349,15.752262,0.00112415,0.0001607,342.9072,345.0677,6722.1245,spacetrack,2026-09-04 17:29:51.195000+00:00,343.2715,6722.157,0.00087281,27.44387027777778,-0.31858480278126095,-0.02842164724257948,300-350,quiet_control,5.170106807801333
100371,2026-09-06 21:20:09.739000+00:00,0.00065975,15.752058,0.00099497,0.0001255,343.20197,344.88925,6722.1826,spacetrack,2026-09-05 20:56:29.128000+00:00,342.9072,6722.1245,0.00074349,24.394614166666667,0.29000171725066265,0.05716015799544878,300-350,quiet_control,4.760615682803664
100372,2026-09-02 19:48:00.040000+00:00,0.00090443,15.75228,0.00137188,0.0001774,342.78992,345.17493,6722.1196,spacetrack,2026-09-01 17:52:50.957000+00:00,343.198,6722.2183,0.0003895,25.91918972222222,-0.37786366414080635,-0.09139174586079665,300-350,quiet_control,5.652766923022917
100372,2026-09-03 18:40:11.725000+00:00,0.00055009,15.752098,0.00082789,0.0001288,343.1683,344.89996,6722.171,spacetrack,2026-09-02 19:48:00.040000+00:00,342.78992,6722.1196,0.00090443,22.869912499999998,0.39707716415617367,0.05393986531460692,300-350,quiet_control,5.373409216633913
100372,2026-09-04 19:03:52.455000+00:00,0.00078098,15.752113,0.00118091,0.0001349,343.1231,344.93677,6722.167,spacetrack,2026-09-03 18:40:11.725000+00:00,343.1683,6722.171,0.00055009,24.394647222222222,-0.04446877178084306,-0.0039352895380376325,300-350,quiet_control,4.7348193302424155
100372,2026-09-05 14:53:06.405000+00:00,0.0012501,15.752367,0.00190938,0.000142,343.0031,344.9122,6722.0947,spacetrack,2026-09-04 19:03:52.455000+00:00,343.1231,6722.167,0.00078098,19.820541666666667,-0.14530379887869405,-0.0875455388252856,300-350,quiet_control,6.31828595333545
100372,2026-09-06 21:22:42.166000+00:00,0.00046373,15.752033,0.00069645,0.0001524,343.02817,345.07712,6722.1895,spacetrack,2026-09-05 14:53:06.405000+00:00,343.0031,6722.0947,0.0012501,30.493266944444443,0.01973156897539066,0.07461319261604235,300-350,quiet_control,4.225349628867525
100373,2026-09-02 21:22:01.376000+00:00,0.00064268,15.752039,0.00096885,0.0001792,342.84647,345.25568,6722.188,spacetrack,2026-09-01 17:55:23.387000+00:00,343.15482,6722.174,0.000589,27.443885833333333,-0.26965569106873916,0.012243164180302163,300-350,quiet_control,5.672058102316233
100373,2026-09-03 18:42:44.188000+00:00,0.00078233,15.752226,0.00118357,0.0001431,343.03598,344.95987,6722.135,spacetrack,2026-09-02 21:22:01.376000+00:00,342.84647,6722.188,0.00064268,21.345225555555558,0.21307996901517143,-0.05959178068587523,300-350,quiet_control,5.330636000150541
100373,2026-09-04 20:37:53.661000+00:00,0.0011558,15.752368,0.00176227,0.0001849,342.7145,345.20032,6722.094,spacetrack,2026-09-03 18:42:44.188000+00:00,343.03598,6722.135,0.00078233,25.919298055555554,-0.29767472805253875,-0.037963991073172804,300-350,quiet_control,4.626236255776517
100373,2026-09-05 13:24:10.279000+00:00,0.0011881,15.752606,0.00181451,0.000139,342.9551,344.82385,6722.0264,spacetrack,2026-09-04 20:37:53.661000+00:00,342.7145,6722.094,0.0011558,16.771282777777778,0.34430282265897216,-0.09673678641667054,300-350,quiet_control,6.7448364199531685
100373,2026-09-06 21:25:14.739000+00:00,0.00068249,15.752078,0.00102983,0.000123,343.21295,344.8666,6722.177,spacetrack,2026-09-05 13:24:10.279000+00:00,342.9551,6722.0264,0.0011881,32.01790555555556,0.19327935080767072,0.11288683432859395,300-350,quiet_control,4.26356084954547
100374,2026-09-02 21:26:05.149000+00:00,0.00045617,15.751988,0.00068485,0.0001366,343.14725,344.98373,6722.2026,spacetrack,2026-09-01 21:02:24.646000+00:00,343.08563,6722.1436,0.0012179,24.394584166666665,0.06062329203466784,0.05804567072382168,300-350,quiet_control,5.63106565217464
100374,2026-09-03 18:46:47.940000+00:00,0.00079363,15.752331,0.00120148,0.0001421,343.01282,344.92325,6722.105,spacetrack,2026-09-02 21:26:05.149000+00:00,343.14725,6722.2026,0.00045617,21.34521972222222,-0.15114953333749645,-0.109738856309955,300-350,quiet_control,5.333807903984123
100374,2026-09-04 20:41:57.582000+00:00,0.0010118,15.7522955,0.00153802,0.0001644,342.87296,345.0832,6722.115,spacetrack,2026-09-03 18:46:47.940000+00:00,343.01282,6722.105,0.00079363,25.919345000000003,-0.12950327255569036,0.009259493247427305,300-350,quiet_control,4.615784143722253
100374,2026-09-05 13:28:13.832000+00:00,0.0012974,15.752528,0.00198481,0.0001251,343.07098,344.75284,6722.049,spacetrack,2026-09-04 20:41:57.582000+00:00,342.87296,6722.115,0.0010118,16.771180555555556,0.28337182252961474,-0.09444773400108529,300-350,quiet_control,6.752927086395727
100374,2026-09-06 21:29:18.600000+00:00,0.00064696,15.751927,0.0009749,0.0001539,343.0483,345.1174,6722.2197,spacetrack,2026-09-05 13:28:13.832000+00:00,343.07098,6722.049,0.0012974,32.01799111111111,-0.017000441973762256,0.12795306194492545,300-350,quiet_control,4.265678476878555
100375,2026-09-02 21:28:36.131000+00:00,0.00021752,15.751761,0.00032418,0.0001608,343.04916,345.21106,6722.267,spacetrack,2026-09-01 18:01:59.743000+00:00,343.17062,6722.2075,0.00039964,27.443441111111113,-0.10621991565117889,0.05203429096969814,300-350,quiet_control,5.672052788002734
100375,2026-09-03 18:49:20.474000+00:00,0.00060822,15.752007,0.0009161,0.0001211,343.2462,344.8743,6722.1973,spacetrack,2026-09-02 21:28:36.131000+00:00,343.04916,6722.267,0.00021752,21.34565083333333,0.22154208540765763,-0.07836725209559026,300-350,quiet_control,5.335806332549424
100375,2026-09-04 20:44:30.125000+00:00,0.00086181,15.752205,0.0013057,0.0001491,343.00162,345.00616,6722.141,spacetrack,2026-09-03 18:49:20.474000+00:00,343.2462,6722.1973,0.00060822,25.9193475,-0.2264686639970253,-0.05213094195386709,300-350,quiet_control,4.6092451572881785
100375,2026-09-05 21:08:09.586000+00:00,0.0010222,15.752788,0.00155753,0.000155,342.79605,344.87985,6721.975,spacetrack,2026-09-04 20:44:30.125000+00:00,343.00162,6722.141,0.00086181,24.39429472222222,-0.20224729003975528,-0.163316875742791,300-350,quiet_control,5.465166416815062
100375,2026-09-06 21:31:50.970000+00:00,0.00063564,15.752143,0.00095851,0.00013,343.14758,344.89536,6722.1587,spacetrack,2026-09-05 21:08:09.586000+00:00,342.79605,6721.975,0.0010222,24.394828888888892,0.3458405073643815,0.18072682616758284,300-350,quiet_control,4.781380762571448
100376,2026-09-02 21:29:38.660000+00:00,0.00049952,15.751993,0.00075065,0.0001541,343.02814,345.09995,6722.201,spacetrack,2026-09-01 18:03:00.807000+00:00,343.2124,6722.228,0.00043016,27.443848055555556,-0.16113775265945857,-0.02361184913607153,300-350,quiet_control,5.672057650888426
100376,2026-09-03 18:50:21.468000+00:00,0.00055803,15.752097,0.00083997,0.0001265,343.18417,344.8849,6722.1714,spacetrack,2026-09-02 21:29:38.660000+00:00,343.02814,6722.201,0.00049952,21.345224444444447,0.17543596272534545,-0.033281449058793794,300-350,quiet_control,5.3365868149951
100376,2026-09-04 20:45:31.054000+00:00,0.0010444,15.752272,0.00158843,0.0001569,342.93008,345.0395,6722.1216,spacetrack,2026-09-03 18:50:21.468000+00:00,343.18417,6722.1714,0.00055803,25.919329444444443,-0.23527460511936749,-0.046112304045382475,300-350,quiet_control,4.606631584454784
100376,2026-09-05 13:31:47.614000+00:00,0.0011637,15.75259,0.00177624,0.0001352,342.9854,344.80304,6722.0312,spacetrack,2026-09-04 20:45:31.054000+00:00,342.93008,6722.1216,0.0010444,16.771266666666666,0.07916396694353661,-0.12936411084043042,300-350,quiet_control,6.759989439610339
100376,2026-09-06 21:32:52.021000+00:00,0.00058881,15.752003,0.00088651,0.0001531,343.0323,345.09064,6722.198,spacetrack,2026-09-05 13:31:47.614000+00:00,342.9854,6722.0312,0.0011637,32.01789083333333,0.035155345049399836,0.12503009710531984,300-350,quiet_control,4.267527754686666
100377,2026-09-02 21:30:39.565000+00:00,0.00087959,15.752208,0.00133312,0.0001454,343.02554,344.98035,6722.14,spacetrack,2026-09-01 18:04:01.603000+00:00,343.17087,6722.1133,0.00092763,27.443878333333334,-0.12709282404023792,0.02334946949644491,300-350,quiet_control,5.6720580126946345
100377,2026-09-03 18:51:22.529000+00:00,0.00061827,15.752125,0.00093191,0.0001381,343.0982,344.95486,6722.1636,spacetrack,2026-09-02 21:30:39.565000+00:00,343.02554,6722.14,0.00087959,21.34526777777778,0.0816967965994076,0.02653515551481904,300-350,quiet_control,5.337382782371591
100377,2026-09-04 20:46:32.001000+00:00,0.0010417,15.752252,0.00158407,0.0001468,343.00378,344.97742,6722.1274,spacetrack,2026-09-03 18:51:22.529000+00:00,343.0982,6722.1636,0.00061827,25.919297777777775,-0.08742829452513874,-0.033519426623284304,300-350,quiet_control,4.604015978142068
100377,2026-09-05 13:32:48.675000+00:00,0.00067133,15.752197,0.00101328,9.58e-05,343.3621,344.65005,6722.143,spacetrack,2026-09-04 20:46:32.001000+00:00,343.00378,6722.1274,0.0010417,16.771298333333334,0.5127617331156616,0.022323853082334175,300-350,quiet_control,6.762005008755533
100377,2026-09-06 21:33:52.902000+00:00,0.00028066,15.751964,0.0004195,0.000125,343.2323,344.91284,6722.2095,spacetrack,2026-09-05 13:32:48.675000+00:00,343.3621,6722.143,0.00067133,32.01784083333333,-0.09729575508278934,0.04984720888287246,300-350,quiet_control,4.268054797261599
100378,2026-09-02 21:27:36.759000+00:00,0.00073433,15.752018,0.00110889,0.0001377,343.1314,344.9827,6722.194,spacetrack,2026-09-01 21:03:56.231000+00:00,343.15546,6722.1665,0.0011549,24.39459111111111,-0.02367082101808502,0.02705517780549637,300-350,quiet_control,5.631065757199729
100378,2026-09-03 18:48:19.537000+00:00,0.00044826,15.752024,0.00067295,0.0001188,343.2568,344.854,6722.1924,spacetrack,2026-09-02 21:27:36.759000+00:00,343.1314,6722.194,0.00073433,21.345216111111114,0.1409964642350794,-0.001798997949343779,300-350,quiet_control,5.334999796597672
100378,2026-09-04 19:12:00.439000+00:00,0.00068469,15.752038,0.00103302,0.0001644,342.94617,345.1564,6722.1885,spacetrack,2026-09-03 18:48:19.537000+00:00,343.2568,6722.1924,0.00044826,24.394695000000002,-0.3056041487708733,-0.0038368997846816846,300-350,quiet_control,4.712597440641182
100378,2026-09-05 13:29:45.529000+00:00,0.00073645,15.751878,0.00111145,0.0001136,343.33334,344.86063,6722.234,spacetrack,2026-09-04 19:12:00.439000+00:00,342.94617,6722.1885,0.00068469,18.29585833333333,0.5078788778699346,0.05968563923643143,300-350,quiet_control,6.4429628502747045
100378,2026-09-06 21:30:50.111000+00:00,0.00062749,15.751872,0.00094494,0.0001376,343.17358,345.02353,6722.2354,spacetrack,2026-09-05 13:29:45.529000+00:00,343.33334,6722.234,0.00073645,32.017939444444444,-0.11975286562875395,0.0010494116911849503,300-350,quiet_control,4.266471213160691
100379,2026-09-02 21:31:40.606000+00:00,0.00075172,15.752086,0.00113589,0.000166,342.922,345.15375,6722.175,spacetrack,2026-09-01 16:33:33.737000+00:00,342.81726,6722.108,0.00080671,28.968574722222225,0.08677541177311847,0.05550842647314139,300-350,quiet_control,5.689318508545884
100379,2026-09-03 18:52:23.299000+00:00,0.00086678,15.752378,0.00131436,0.0001465,342.9697,344.93927,6722.0913,spacetrack,2026-09-02 21:31:40.606000+00:00,342.922,6722.175,0.00075172,21.3451925,0.053632685673793874,-0.09411018429574941,300-350,quiet_control,5.338171281946092
100379,2026-09-04 17:44:35.275000+00:00,0.00062241,15.75207,0.00093801,0.0001304,343.16537,344.91852,6722.179,spacetrack,2026-09-03 18:52:23.299000+00:00,342.9697,6722.0913,0.00086678,22.869993333333333,0.20533805723308035,0.09203325813537526,300-350,quiet_control,4.826162036970909
100379,2026-09-05 13:33:49.543000+00:00,0.0011209,15.75255,0.00170933,0.0001132,343.1446,344.66644,6722.0425,spacetrack,2026-09-04 17:44:35.275000+00:00,343.16537,6722.179,0.00062241,19.820629999999998,-0.025149553772977458,-0.1652823346186561,300-350,quiet_control,6.171980700579817
100379,2026-09-06 18:31:56.491000+00:00,0.00086046,15.752195,0.00130355,0.0001107,343.2625,344.7508,6722.1436,spacetrack,2026-09-05 13:33:49.543000+00:00,343.1446,6722.0425,0.0011209,28.968596666666667,0.09767818691939116,0.08375966664655399,300-350,quiet_control,4.086333325240278
100380,2026-09-02 21:32:41.574000+00:00,0.00064462,15.7520485,0.00097183,0.0001407,343.10263,344.99426,6722.1855,spacetrack,2026-09-01 21:09:01.009000+00:00,342.79156,6722.072,0.0010727,24.39460138888889,0.30603820414953625,0.11166405044142835,300-350,quiet_control,5.631065912636751
100380,2026-09-03 18:53:24.456000+00:00,0.00081094,15.752249,0.00122767,0.0001559,342.94342,345.03937,6722.1284,spacetrack,2026-09-02 21:32:41.574000+00:00,343.10263,6722.1855,0.00064462,21.345245,-0.17901129736385585,-0.06420165240547909,300-350,quiet_control,5.338968780478588
100380,2026-09-04 20:48:33.973000+00:00,0.0010203,15.752271,0.00155093,0.0001412,343.036,344.93436,6722.122,spacetrack,2026-09-03 18:53:24.456000+00:00,342.94342,6722.1284,0.00081094,25.91931027777778,0.0857245033215619,-0.005926083616312965,300-350,quiet_control,4.598788427979968
100380,2026-09-05 16:37:47.959000+00:00,0.00089468,15.752452,0.00135783,0.0001458,342.95343,344.91357,6722.0703,spacetrack,2026-09-04 20:48:33.973000+00:00,343.036,6722.122,0.0010203,19.820551666666667,-0.09998107183525659,-0.06260168843263349,300-350,quiet_control,6.247639746432666
100380,2026-09-06 18:32:57.477000+00:00,0.00049162,15.752046,0.00073882,0.0001146,343.2788,344.81952,6722.186,spacetrack,2026-09-05 16:37:47.959000+00:00,342.95343,6722.0703,0.00089468,25.919310555555555,0.30127653215395334,0.10713247923910951,300-350,quiet_control,4.168159393985938
100381,2026-09-02 21:40:49.288000+00:00,0.0007658,15.7521515,0.0011578,0.0001295,343.14853,344.88956,6722.1562,spacetrack,2026-09-01 21:17:08.866000+00:00,342.86295,6722.107,0.0009706,24.394561666666668,0.2809609819456165,0.0484042310800222,300-350,quiet_control,5.631065311892944
100381,2026-09-03 17:30:03.392000+00:00,0.00098169,15.752492,0.00149266,0.0001659,342.80695,345.03732,6722.059,spacetrack,2026-09-02 21:40:49.288000+00:00,343.14853,6722.1562,0.0007658,19.820584444444446,-0.4136063708403076,-0.11769582307436133,300-350,quiet_control,5.243211014183571
100381,2026-09-04 17:53:44.073000+00:00,0.00068103,15.752099,0.00102776,0.0002299,342.48853,345.5794,6722.171,spacetrack,2026-09-03 17:30:03.392000+00:00,342.80695,6722.059,0.00098169,24.39463361111111,-0.3132688984727341,0.1101881685477583,300-350,quiet_control,4.910321681518274
100381,2026-09-05 15:14:27.056000+00:00,0.0006885,15.752151,0.00103933,9.01e-05,343.41367,344.625,6722.1562,spacetrack,2026-09-04 17:53:44.073000+00:00,342.48853,6722.171,0.00068103,21.345273055555552,1.0402003264240787,-0.016640686632289334,300-350,quiet_control,6.075843854213728
100381,2026-09-06 18:41:05.222000+00:00,0.00083086,15.752188,0.00125794,0.0001077,343.2848,344.73273,6722.146,spacetrack,2026-09-05 15:14:27.056000+00:00,343.41367,6722.1562,0.0006885,27.443935,-0.11269812437611991,-0.008920003637049414,300-350,quiet_control,4.067456272417041
100382,2026-09-02 21:42:20.747000+00:00,0.00075609,15.752155,0.00114292,0.0001159,343.23886,344.79706,6722.155,spacetrack,2026-09-01 21:18:40.581000+00:00,342.79556,6722.15,0.00072318,24.394490555555556,0.4361312639741194,0.004919143514365819,300-350,quiet_control,5.631064236430616
100382,2026-09-03 17:31:34.979000+00:00,0.00080119,15.752284,0.00121283,0.000112,343.22855,344.73428,6722.1187,spacetrack,2026-09-02 21:42:20.747000+00:00,343.23886,6722.155,0.00075609,19.82062,-0.012483968715413386,-0.04395422544774748,300-350,quiet_control,5.243212371762337
100382,2026-09-04 20:58:13.150000+00:00,0.00088039,15.75229,0.00133483,0.0001563,342.9291,345.03046,6722.1167,spacetrack,2026-09-03 17:31:34.979000+00:00,343.22855,6722.1187,0.00080119,27.44393638888889,-0.26187205429135096,-0.0017490202327247939,300-350,quiet_control,4.691479318984559
100382,2026-09-05 15:15:58.574000+00:00,0.0007701,15.7521715,0.00116449,4.59e-05,343.70474,344.32184,6722.1504,spacetrack,2026-09-04 20:58:13.150000+00:00,342.9291,6722.1167,0.00088039,18.295951111111112,1.0174579002178874,0.04420650203473307,300-350,quiet_control,6.592801983632565
100382,2026-09-06 18:42:36.660000+00:00,0.00080948,15.752239,0.00122535,0.0001304,343.11758,344.87073,6722.1313,spacetrack,2026-09-05 15:15:58.574000+00:00,343.70474,6722.1504,0.0007701,27.443912777777776,-0.5134778015841668,-0.01670315758989089,300-350,quiet_control,4.071159961540146
100383,2026-09-02 21:43:21.873000+00:00,0.00053378,15.752042,0.00080288,0.0001354,343.14005,344.9604,6722.187,spacetrack,2026-09-01 21:19:41.472000+00:00,342.97858,6722.175,0.00056524,24.39455583333333,0.15885839555658393,0.011805912842227661,300-350,quiet_control,5.631065223671661
100383,2026-09-03 17:32:35.917000+00:00,0.00062798,15.75213,0.00094676,0.0001027,343.33478,344.7155,6722.162,spacetrack,2026-09-02 21:43:21.873000+00:00,343.14005,6722.187,0.00053378,19.820567777777775,0.23579142900442035,-0.030271584886885576,300-350,quiet_control,5.2432103778168475
100383,2026-09-04 20:59:14.164000+00:00,0.0011146,15.7524,0.00169839,0.0001783,342.74966,345.14676,6722.085,spacetrack,2026-09-03 17:32:35.917000+00:00,343.33478,6722.162,0.00062798,27.4439575,-0.5116929655644753,-0.06733722714755747,300-350,quiet_control,4.689627640862899
100383,2026-09-05 15:16:59.469000+00:00,0.00087401,15.752148,0.00132415,5.51e-05,343.64966,344.39044,6722.157,spacetrack,2026-09-04 20:59:14.164000+00:00,342.74966,6722.085,0.0011146,18.295918055555553,1.1805912080722627,0.09444729664593611,300-350,quiet_control,6.591883936467007
100383,2026-09-06 18:43:37.696000+00:00,0.00077815,15.752222,0.00117713,0.0001339,343.09872,344.89893,6722.1357,spacetrack,2026-09-05 15:16:59.469000+00:00,343.64966,6722.157,0.00087401,27.443951944444443,-0.481802330319119,-0.018627054916979118,300-350,quiet_control,4.073628143144715
100384,2026-09-02 18:44:28.242000+00:00,0.00069434,15.75209,0.00104802,0.0001562,342.98627,345.08627,6722.1733,spacetrack,2026-09-01 21:23:45.512000+00:00,342.72134,6722.1465,0.00087881,21.345202777777775,0.29788051517689906,0.030133234465347596,300-350,quiet_control,5.578359592377834
100384,2026-09-03 17:36:39.821000+00:00,0.00047642,15.752053,0.00071576,0.0001165,343.26382,344.83008,6722.184,spacetrack,2026-09-02 18:44:28.242000+00:00,342.98627,6722.1733,0.00069434,22.869883055555555,0.29126515355671323,0.011228741282661815,300-350,quiet_control,5.344115579272445
100384,2026-09-04 21:03:18.343000+00:00,0.0010293,15.752164,0.00156419,0.0001629,342.9205,345.1106,6722.1523,spacetrack,2026-09-03 17:36:39.821000+00:00,343.26382,6722.184,0.00047642,27.44403388888889,-0.30023574644163686,-0.027721872196016788,300-350,quiet_control,4.680209284912177
100384,2026-09-05 15:21:03.343000+00:00,0.0008234,15.752429,0.00124787,0.0002127,342.51028,345.36987,6722.077,spacetrack,2026-09-04 21:03:18.343000+00:00,342.9205,6722.1523,0.0010293,18.295833333333334,-0.5381159644727606,-0.09877658847579339,300-350,quiet_control,6.59120929173309
100384,2026-09-06 18:47:41.549000+00:00,0.00079661,15.752222,0.00120548,0.0001356,343.08737,344.91043,6722.1357,spacetrack,2026-09-05 15:21:03.343000+00:00,342.51028,6722.077,0.0008234,27.443946111111114,0.5046708641652851,0.05133372563429486,300-350,quiet_control,4.083501354265481
100385,2026-09-02 20:18:29.409000+00:00,0.00072753,15.752114,0.00109894,0.0001369,343.10938,344.9499,6722.1665,spacetrack,2026-09-01 21:26:17.907000+00:00,342.8139,6722.1885,0.00064294,22.869861666666665,0.3100814558199097,-0.02308715320163043,300-350,quiet_control,5.606468979516493
100385,2026-09-03 17:39:12.490000+00:00,0.00075525,15.752171,0.00114172,0.0001426,343.05508,344.97226,6722.151,spacetrack,2026-09-02 20:18:29.409000+00:00,343.10938,6722.1665,0.00072753,21.345300277777778,-0.061053252146423403,-0.017427723909678866,300-350,quiet_control,5.297269197209831
100385,2026-09-04 21:05:50.458000+00:00,0.00079649,15.752189,0.00120511,0.0001239,343.17557,344.8413,6722.1455,spacetrack,2026-09-03 17:39:12.490000+00:00,343.05508,6722.151,0.00075525,27.443879999999996,0.10536994040202885,-0.00480981552189647,300-350,quiet_control,4.674043255626472
100385,2026-09-05 15:23:35.840000+00:00,0.00074048,15.752216,0.00111928,0.0001148,343.22885,344.77228,6722.1377,spacetrack,2026-09-04 21:05:50.458000+00:00,343.17557,6722.1455,0.00079649,18.295939444444443,0.0698909178117654,-0.010231778507694723,300-350,quiet_control,6.591182664058641
100386,2026-09-02 18:47:31.047000+00:00,0.00030697,15.751955,0.00045915,0.0001829,342.84534,345.30432,6722.212,spacetrack,2026-09-01 21:26:48.262000+00:00,342.96027,6722.164,0.00064009,21.345218055555556,-0.12922425963604015,0.05396993354755547,300-350,quiet_control,5.578359894165731
100386,2026-09-03 17:39:42.911000+00:00,0.00073996,15.752133,0.00111808,0.0001152,343.2498,344.79858,6722.161,spacetrack,2026-09-02 18:47:31.047000+00:00,342.84534,6722.212,0.00030697,22.869962222222224,0.4244449512280879,-0.05351998346634443,300-350,quiet_control,5.344117849682111
100386,2026-09-04 21:06:21.089000+00:00,0.00084957,15.75216,0.00128661,0.0001473,343.02634,345.00668,6722.1533,spacetrack,2026-09-03 17:39:42.911000+00:00,343.2498,6722.161,0.00073996,27.44393833333333,-0.1954180167168571,-0.006733727417623095,300-350,quiet_control,4.672805929680201
100386,2026-09-05 15:24:06.316000+00:00,0.00062856,15.752228,0.00094805,0.0001384,343.06702,344.9277,6722.1343,spacetrack,2026-09-04 21:06:21.089000+00:00,343.02634,6722.1533,0.00084957,18.295896388888888,0.05336278579895841,-0.024923621686145814,300-350,quiet_control,6.591193468444283
100386,2026-09-06 14:15:52.771000+00:00,0.041804,15.791732,0.09161879,0.0003714,330.2897,335.27457,6710.919,spacetrack,2026-09-05 15:24:06.316000+00:00,343.06702,6722.1343,0.00062856,22.862904166666667,-13.412805204646496,-11.773097504928215,300-350,quiet_control,4.134198502413936
100387,2026-09-02 20:22:33.347000+00:00,0.0008291,15.752198,0.00125533,0.0001823,342.78033,345.23123,6722.1426,spacetrack,2026-09-01 13:52:57.748000+00:00,342.98004,6722.149,0.00076681,30.493221944444446,-0.15718378362024177,-0.005037184994256842,300-350,quiet_control,5.741493116334533
100387,2026-09-03 17:43:16.334000+00:00,0.00051224,15.75205,0.00077017,0.0001392,343.11197,344.98343,6722.1846,spacetrack,2026-09-02 20:22:33.347000+00:00,342.78033,6722.1426,0.0008291,21.345274166666666,0.3728862856411269,0.047223567714168635,300-350,quiet_control,5.297268337577767
100387,2026-09-04 21:09:54.439000+00:00,0.00049482,15.751993,0.00074351,0.0001422,343.10825,345.02005,6722.201,spacetrack,2026-09-03 17:43:16.334000+00:00,343.11197,6722.1846,0.00051224,27.443918055555553,-0.0032531798054110713,0.0143419754866474,300-350,quiet_control,4.664167131545692
100387,2026-09-05 15:27:39.785000+00:00,0.00085225,15.752228,0.00129111,0.0001254,343.15424,344.84015,6722.1343,spacetrack,2026-09-04 21:09:54.439000+00:00,343.10825,6722.201,0.00049482,18.295929444444447,0.060328173179284794,-0.08749487173462628,300-350,quiet_control,6.591185173459802
100387,2026-09-06 20:25:46.669000+00:00,0.00066165,15.7521515,0.00099829,0.0001314,343.13583,344.9024,6722.1562,spacetrack,2026-09-05 15:27:39.785000+00:00,343.15424,6722.1343,0.00085225,28.96857888888889,-0.015252387826655944,0.01814379649175678,300-350,quiet_control,4.199573591632098
100388,2026-09-02 18:54:07.300000+00:00,0.00078723,15.752263,0.00119132,0.000188,342.72363,345.25113,6722.1245,spacetrack,2026-09-01 13:56:00.865000+00:00,342.92365,6722.156,0.00083269,28.968454166666668,-0.16571405475697357,-0.02609735388887731,300-350,quiet_control,5.726130584481097
100388,2026-09-03 20:49:16.765000+00:00,0.0012485,15.752355,0.0019068,0.0001547,342.92145,345.00125,6722.098,spacetrack,2026-09-02 18:54:07.300000+00:00,342.72363,6722.1245,0.00078723,25.919295833333333,0.18317164287672388,-0.02453770365091013,300-350,quiet_control,5.530130892937818
100388,2026-09-04 21:12:57.425000+00:00,0.00048496,15.752013,0.0007286,0.0001365,343.1408,344.97598,6722.1953,spacetrack,2026-09-03 20:49:16.765000+00:00,342.92145,6722.098,0.0012485,24.394627777777778,0.21580161205804785,0.09572599431649745,300-350,quiet_control,4.373202103013118
100388,2026-09-05 15:30:42.799000+00:00,0.00072428,15.752305,0.00109487,0.0001338,343.07605,344.87488,6722.1123,spacetrack,2026-09-04 21:12:57.425000+00:00,343.1408,6722.1953,0.00048496,18.29593722222222,-0.08493688960151224,-0.10887663068680853,300-350,quiet_control,6.5911832217031066
100388,2026-09-06 18:57:20.669000+00:00,0.0010757,15.752474,0.00163835,0.000105,343.22137,344.63303,6722.064,spacetrack,2026-09-05 15:30:42.799000+00:00,343.07605,6722.1123,0.00072428,27.443852777777778,0.12708419726050146,-0.04223896729711238,300-350,quiet_control,4.106955099335644
100389,2026-09-02 18:55:39.096000+00:00,0.00080065,15.752093,0.00121101,0.0001178,343.24374,344.82748,6722.173,spacetrack,2026-09-01 13:57:32.194000+00:00,343.4986,6722.155,0.00082036,28.96858388888889,-0.21114735961761216,0.014912706870921475,300-350,quiet_control,5.725256063316562
100389,2026-09-03 20:50:48.393000+00:00,0.00081659,15.752239,0.00123631,0.0001584,342.9292,345.05878,6722.131,spacetrack,2026-09-02 18:55:39.096000+00:00,343.24374,6722.173,0.00080065,25.919249166666667,-0.291249177453367,-0.03889001542851063,300-350,quiet_control,5.531112028418777
100389,2026-09-04 21:14:28.923000+00:00,0.00058224,15.751988,0.00087645,0.0001413,343.1156,345.0153,6722.2026,spacetrack,2026-09-03 20:50:48.393000+00:00,342.9292,6722.131,0.00081659,24.394591666666667,0.18338491011155705,0.0704418431537609,300-350,quiet_control,4.367988840422621
100389,2026-09-05 20:06:40.461000+00:00,0.00057575,15.75226,0.0008676,0.000155,342.9462,345.03006,6722.125,spacetrack,2026-09-04 21:14:28.923000+00:00,343.1156,6722.2026,0.00058224,22.86987166666667,-0.17777100192151948,-0.0814346502304765,300-350,quiet_control,5.6729545851554475
100389,2026-09-06 20:30:21.193000+00:00,0.0011645,15.752478,0.00177674,0.0001881,342.6617,345.19055,6722.063,spacetrack,2026-09-05 20:06:40.461000+00:00,342.9462,6722.125,0.00057575,24.394647777777777,-0.27989746202523424,-0.06099698645180046,300-350,quiet_control,4.624491583604655
100390,2026-09-02 18:57:10.612000+00:00,0.00078483,15.752068,0.00118657,0.000119,343.24304,344.84293,6722.18,spacetrack,2026-09-01 13:59:03.555000+00:00,343.0143,6722.092,0.0010152,28.968626944444445,0.18950708331908717,0.07290645856518849,300-350,quiet_control,5.724380418559515
100390,2026-09-03 20:52:19.807000+00:00,0.00077613,15.752142,0.00117362,0.0001564,342.97046,345.07315,6722.1587,spacetrack,2026-09-02 18:57:10.612000+00:00,343.24304,6722.18,0.00078483,25.919220833333334,-0.25239647603862003,-0.01972281509908181,300-350,quiet_control,5.532091204945021
100390,2026-09-04 21:16:00.377000+00:00,0.00062311,15.752053,0.00093902,0.0001536,343.01456,345.07962,6722.184,spacetrack,2026-09-03 20:52:19.807000+00:00,342.97046,6722.1587,0.00077613,24.39460277777778,0.043386646203745306,0.024890751677209527,300-350,quiet_control,4.362783172552853
100390,2026-09-05 20:08:11.919000+00:00,0.00089992,15.752368,0.00136541,0.0001089,343.2255,344.68958,6722.0947,spacetrack,2026-09-04 21:16:00.377000+00:00,343.01456,6722.184,0.00062311,22.86987277777778,0.2213637150145864,-0.0937128081488793,300-350,quiet_control,5.672954406708427
100390,2026-09-06 19:00:23.577000+00:00,0.00086657,15.752385,0.00131406,8.64e-05,343.37164,344.5332,6722.0894,spacetrack,2026-09-05 20:08:11.919000+00:00,343.2255,6722.0947,0.00089992,22.869905,0.15336137163665797,-0.00556189455073622,300-350,quiet_control,4.537229457956501
100391,2026-09-02 18:59:42.729000+00:00,0.0011959,15.75247,0.00182563,0.0001716,342.77487,345.08188,6722.0654,spacetrack,2026-09-01 14:01:35.994000+00:00,343.7006,6722.1826,0.00073235,28.9685375,-0.7669534576952562,-0.09709844689233695,300-350,quiet_control,5.722917838016503
100391,2026-09-03 20:54:52.376000+00:00,0.00075681,15.752104,0.00114378,0.0001576,342.97305,345.0919,6722.1694,spacetrack,2026-09-02 18:59:42.729000+00:00,342.77487,6722.0654,0.0011959,25.919346388888886,0.18350462734038872,0.09629872461037903,300-350,quiet_control,5.533728554347655
100391,2026-09-04 21:18:32.822000+00:00,0.00055961,15.751998,0.00084203,0.0001459,343.08182,345.04333,6722.1997,spacetrack,2026-09-03 20:54:52.376000+00:00,342.97305,6722.1694,0.00075681,24.394568333333332,0.10701070682332187,0.029809914652795394,300-350,quiet_control,4.354100091907982
100391,2026-09-05 20:10:44.491000+00:00,0.001133,15.752479,0.00172755,0.0001524,342.90143,344.95032,6722.063,spacetrack,2026-09-04 21:18:32.822000+00:00,343.08182,6722.1997,0.00055961,22.869908055555555,-0.1893037781123933,-0.14345488368517872,300-350,quiet_control,5.67294874102455
100391,2026-09-06 20:34:25.163000+00:00,0.0010824,15.752331,0.00164781,0.0001529,342.9401,344.99573,6722.105,spacetrack,2026-09-05 20:10:44.491000+00:00,342.90143,6722.063,0.001133,24.394631111111114,0.03804443673577465,0.04132056743944615,300-350,quiet_control,4.635605566762231
100392,2026-09-02 17:27:13.289000+00:00,0.00091923,15.751908,0.00139241,0.0001165,343.305,344.87128,6722.225,spacetrack,2026-09-01 14:00:35.317000+00:00,343.32455,6722.189,0.00065259,27.44388111111111,-0.017096707207698205,0.03148242759481975,300-350,quiet_control,5.747951354709994
100392,2026-09-03 20:53:51.217000+00:00,0.00081087,15.752227,0.00122744,0.0001569,342.94287,345.05228,6722.135,spacetrack,2026-09-02 17:27:13.289000+00:00,343.305,6722.225,0.00091923,27.44386888888889,-0.31668712728467546,-0.07870610403907026,300-350,quiet_control,5.519198368208694
100392,2026-09-04 21:17:31.844000+00:00,0.00062311,15.7520075,0.00093882,0.000135,343.1526,344.9676,6722.1973,spacetrack,2026-09-03 20:53:51.217000+00:00,342.94287,6722.135,0.00081087,24.39461861111111,0.2063373107094555,0.06129220644217272,300-350,quiet_control,4.357577280790764
100392,2026-09-05 20:09:43.404000+00:00,0.00094234,15.752423,0.00143129,0.0001452,342.96564,344.91772,6722.0786,spacetrack,2026-09-04 21:17:31.844000+00:00,343.1526,6722.1973,0.00062311,22.869877777777777,-0.19619868735634216,-0.12456559793108646,300-350,quiet_control,5.67295360369705
100392,2026-09-06 17:30:26.551000+00:00,0.0009253,15.752251,0.00140387,9.68e-05,343.34003,344.64142,6722.128,spacetrack,2026-09-05 20:09:43.404000+00:00,342.96564,6722.0786,0.00094234,21.34531861111111,0.4209522548575537,0.05554379494620957,300-350,quiet_control,4.506749899246058
100393,2026-09-02 20:51:50.321000+00:00,0.00094717,15.798226,0.00176853,0.0001672,329.82092,332.06445,6709.0796,spacetrack,2026-09-01 22:03:36.926000+00:00,329.90067,6709.0874,0.00072152,22.803720833333333,-0.0839336709122474,-0.008209186622471675,300-350,quiet_control,5.605327566243302
100393,2026-09-03 19:40:03.657000+00:00,0.00078473,15.798079,0.00145875,0.0001315,330.10242,331.8669,6709.1216,spacetrack,2026-09-02 20:51:50.321000+00:00,329.82092,6709.0796,0.00094717,22.803704444444442,0.2962676531990306,0.04420334434980278,300-350,quiet_control,5.415344224773616
100393,2026-09-04 19:59:29.870000+00:00,0.0010562,15.798284,0.00197768,0.0002125,329.50073,332.35208,6709.0635,spacetrack,2026-09-03 19:40:03.657000+00:00,330.10242,6709.1216,0.00078473,24.323948055555558,-0.5936766501481758,-0.057326220102916256,300-350,quiet_control,4.575783253296565
100393,2026-09-05 21:50:08.896000+00:00,0.00063436,15.797936,0.00117431,0.0001262,330.17804,331.87143,6709.1616,spacetrack,2026-09-04 19:59:29.870000+00:00,329.50073,6709.0635,0.0010562,25.84417388888889,0.6289788975220241,0.09109983589051872,300-350,quiet_control,5.353946568615196
100393,2026-09-06 17:35:56.764000+00:00,0.00091196,15.7981825,0.00170103,0.000107,330.2372,331.67297,6709.0923,spacetrack,2026-09-05 21:50:08.896000+00:00,330.17804,6709.1616,0.00063436,19.76329666666667,0.0718422651820966,-0.08415600028956147,300-350,quiet_control,4.627471170323754
100394,2026-09-02 20:37:48.135000+00:00,0.00086205,15.752036,0.00130511,0.0001655,342.9392,345.16428,6722.189,spacetrack,2026-09-01 20:14:07.527000+00:00,343.37265,6722.087,0.0010884,24.394613333333332,-0.42643840498120256,0.10035002262781027,300-350,quiet_control,5.6310660932796095
100394,2026-09-03 21:01:28.659000+00:00,0.0004537,15.752036,0.00068126,0.0001636,342.95215,345.15164,6722.189,spacetrack,2026-09-02 20:37:48.135000+00:00,342.9392,6722.189,0.00086205,24.39459,0.012740529764990703,0.0,300-350,quiet_control,5.508087653860958
100394,2026-09-04 18:22:11.542000+00:00,0.00049983,15.752037,0.00075127,0.0001354,343.14133,344.9617,6722.1885,spacetrack,2026-09-03 21:01:28.659000+00:00,342.95215,6722.189,0.0004537,21.345245277777778,0.21270872931715692,-0.0005621860909201051,300-350,quiet_control,4.542550440227496
100394,2026-09-05 21:48:49.720000+00:00,0.0010906,15.752267,0.00165999,0.0001252,343.14468,344.8279,6722.1235,spacetrack,2026-09-04 18:22:11.542000+00:00,343.14133,6722.1885,0.00049983,27.44393833333333,0.0029296086816602398,-0.05684315352499724,300-350,quiet_control,5.215928718847426
100394,2026-09-06 17:38:03.836000+00:00,0.00080352,15.752297,0.0012165,0.0001139,343.21185,344.74313,6722.1143,spacetrack,2026-09-05 21:48:49.720000+00:00,343.14468,6722.1235,0.0010906,19.820587777777778,0.08133361220539591,-0.011139931997162287,300-350,quiet_control,4.62387661000523
100404,2026-09-03 21:05:10.718000+00:00,0.0010714,15.798993,0.00206449,9.13e-05,330.11322,331.33826,6708.863,spacetrack,2026-09-02 22:18:43.427000+00:00,330.09122,6708.943,0.00084145,22.774247499999998,0.02318408105469973,-0.08430574928977363,300-350,quiet_control,5.473089066938436
100404,2026-09-04 19:51:38.195000+00:00,0.00097256,15.79881,0.00186756,0.0001075,330.0562,331.49863,6708.9146,spacetrack,2026-09-03 21:05:10.718000+00:00,330.11322,6708.863,0.0010714,22.774299166666665,-0.06008878648628209,0.05437708492945838,300-350,quiet_control,4.437632310602752
100404,2026-09-05 20:09:11.360000+00:00,0.00099646,15.798989,0.0019163,7.83e-05,330.20142,331.25204,6708.864,spacetrack,2026-09-04 19:51:38.195000+00:00,330.0562,6708.9146,0.00097256,24.29254583333333,0.1434711711119838,-0.049990643563809195,300-350,quiet_control,5.504753715888956
100405,2026-09-02 22:08:56.106000+00:00,-0.00086981,15.799176,-0.00161936,7.41e-05,330.17657,331.17084,6708.8105,spacetrack,2026-09-01 21:52:43.845000+00:00,317.8151,6696.888,-0.0045624,24.2700725,12.2239140406359,11.789828810770636,300-350,quiet_control,5.629172924802758
100405,2026-09-04 22:44:03.067000+00:00,0.00059033,15.798587,0.00111983,7.81e-05,330.3166,331.36453,6708.9775,spacetrack,2026-09-03 20:55:23.974000+00:00,330.3341,6708.895,0.00089015,25.810859166666663,-0.016272220823320187,0.0767118981667109,300-350,quiet_control,4.2232258552071755
100405,2026-09-05 19:59:24.617000+00:00,0.00069104,15.798756,0.00131609,7.14e-05,330.3139,331.27194,6708.93,spacetrack,2026-09-04 22:44:03.067000+00:00,330.3166,6708.9775,0.00059033,21.255986111111113,-0.0030485529893262376,-0.053631950737690365,300-350,quiet_control,5.951827949120215
100405,2026-09-06 18:45:52.195000+00:00,0.0010275,15.798953,0.00197735,7.41e-05,330.24,331.23425,6708.874,spacetrack,2026-09-05 19:59:24.617000+00:00,330.3139,6708.93,0.00069104,22.77432722222222,-0.0778771632941556,-0.059013817923036435,300-350,quiet_control,4.5053646541430945
100406,2026-09-02 22:05:05.592000+00:00,-0.005818,15.805564,-0.01007342,6.2e-06,328.8245,328.90765,6707.003,spacetrack,2026-09-01 21:50:04.131000+00:00,313.73325,6692.71,-0.0036438,24.250405833333332,14.935420152934213,14.145412755463179,300-350,quiet_control,5.628872190352003
100406,2026-09-04 22:40:12.056000+00:00,0.00037343,15.798309,0.00070149,0.0001056,330.21082,331.62778,6709.056,spacetrack,2026-09-03 20:51:32.659000+00:00,330.32114,6708.9604,0.00040246,25.81094361111111,-0.1025797444639049,0.0888925269281472,300-350,quiet_control,4.235665659776075
100406,2026-09-05 19:55:33.397000+00:00,0.00093104,15.798957,0.00178705,6.36e-05,330.30933,331.1627,6708.873,spacetrack,2026-09-04 22:40:12.056000+00:00,330.21082,6709.056,0.00037343,21.255928055555557,0.11122732415259079,-0.20662471139912944,300-350,quiet_control,5.951838742606458
100406,2026-09-06 17:10:55.159000+00:00,0.00091391,15.798824,0.00175227,5.38e-05,330.4124,331.13428,6708.91,spacetrack,2026-09-05 19:55:33.397000+00:00,330.30933,6708.873,0.00093104,21.256045,0.11637536521963791,0.04177635115122716,300-350,quiet_control,4.501970080093033
100407,2026-09-02 22:10:40.609000+00:00,-0.00044561,15.798941,-0.00083957,0.0001023,330.05432,331.42694,6708.8774,spacetrack,2026-09-01 21:54:21.841000+00:00,318.84952,6697.242,-0.004622,24.27188,11.079290108553636,11.505066768622902,300-350,quiet_control,5.629200539884014
100407,2026-09-04 21:14:41.671000+00:00,0.00097656,15.798876,0.00187602,9.85e-05,330.09793,331.4196,6708.896,spacetrack,2026-09-03 20:57:08.259000+00:00,330.23596,6708.897,0.00085583,24.292614444444443,-0.13636737237875138,-0.0009879545925275276,300-350,quiet_control,4.356211156175359
100407,2026-09-05 20:01:09.066000+00:00,0.00082952,15.798888,0.00158721,8.32e-05,330.19733,331.31366,6708.8926,spacetrack,2026-09-04 21:14:41.671000+00:00,330.09793,6708.896,0.00097656,22.77427638888889,0.1047497606186932,-0.0035829897994142925,300-350,quiet_control,5.688371852770783
100407,2026-09-06 17:16:30.988000+00:00,0.0008757,15.7986965,0.00167623,0.0001015,330.12863,331.49054,6708.947,spacetrack,2026-09-05 20:01:09.066000+00:00,330.19733,6708.8926,0.00082952,21.256089444444445,-0.07756836008383386,0.061422398668957476,300-350,quiet_control,4.506353512657458
100408,2026-09-02 22:03:13.550000+00:00,-0.0013855,15.825113,-0.0028631,6.79e-05,322.8863,323.79636,6701.4785,spacetrack,2026-09-01 21:49:25.917000+00:00,310.50006,6689.4463,-0.0033968,24.229898055555555,12.268716909926914,11.918036111332382,300-350,quiet_control,5.628558074022254
100408,2026-09-03 20:48:18.355000+00:00,-0.0048118,15.801773,-0.0083585,4.31e-05,329.64972,330.22794,6708.0757,spacetrack,2026-09-02 22:03:13.550000+00:00,322.8863,6701.4785,-0.0013855,22.75133472222222,7.134617901843484,6.959275222009424,300-350,quiet_control,5.463991825632208
100408,2026-09-05 19:52:19.788000+00:00,0.00067072,15.799054,0.00127838,0.0001453,329.73358,331.68317,6708.845,spacetrack,2026-09-04 21:05:52.632000+00:00,330.08023,6709.012,0.00083169,22.77421,-0.36530795140638905,-0.17598854142414064,300-350,quiet_control,5.6883826047094495
100408,2026-09-06 20:09:52.746000+00:00,0.00098397,15.79905,0.00189219,8.64e-05,330.12973,331.28903,6708.846,spacetrack,2026-09-05 19:52:19.788000+00:00,329.73358,6708.845,0.00067072,24.29248833333333,0.39138024353616546,0.0009879597204593316,300-350,quiet_control,4.5793408154358834
100409,2026-09-02 22:13:00.527000+00:00,-0.00059599,15.799184,-0.00111816,5.27e-05,330.31818,331.0253,6708.8086,spacetrack,2026-09-01 21:56:35.332000+00:00,318.48172,6698.019,-0.0046776,24.27366527777778,11.703013811435666,10.667956282525953,300-350,quiet_control,5.629227811415882
100409,2026-09-04 22:48:07.592000+00:00,0.0008266,15.79886,0.00158128,8.32e-05,330.20523,331.3216,6708.9004,spacetrack,2026-09-03 20:59:28.564000+00:00,330.26834,6708.861,0.001006,25.810841111111113,-0.05868231854517947,0.036635768510720534,300-350,quiet_control,4.21006595118494
100409,2026-09-05 20:03:30.962000+00:00,0.0010607,15.798871,0.00204216,0.0001254,329.9189,331.6015,6708.897,spacetrack,2026-09-04 22:48:07.592000+00:00,330.20523,6708.9004,0.0008266,21.256491666666665,-0.32328570997326556,-0.003838827276479469,300-350,quiet_control,5.9517339604881485
100409,2026-09-06 20:21:02.249000+00:00,0.00091004,15.799053,0.00174653,5.16e-05,330.36258,331.05493,6708.8457,spacetrack,2026-09-05 20:03:30.962000+00:00,329.9189,6708.897,0.0010607,24.292024166666664,0.4383463447484494,-0.05068330212232516,300-350,quiet_control,4.610013000723477
100410,2026-09-02 22:15:15.336000+00:00,-0.00049599,15.798888,-0.00093245,5.61e-05,330.37888,331.13162,6708.892,spacetrack,2026-09-01 21:58:43.690000+00:00,319.1025,6698.518,-0.0046392,24.27545722222222,11.148425239639,10.256284679658998,300-350,quiet_control,5.629255180752631
100410,2026-09-04 21:19:16.173000+00:00,0.0010015,15.798974,0.00192608,9.31e-05,330.1065,331.3557,6708.868,spacetrack,2026-09-03 21:01:42.854000+00:00,330.28787,6708.8853,0.00089151,24.29258861111111,-0.17918551496028784,-0.017091632622413803,300-350,quiet_control,4.341690245055193
100410,2026-09-05 20:05:43.712000+00:00,0.00074369,15.798814,0.00141898,9.52e-05,330.13782,331.4152,6708.9136,spacetrack,2026-09-04 21:19:16.173000+00:00,330.1065,6708.868,0.0010015,22.77431638888889,0.0330056010096786,0.048054131737677634,300-350,quiet_control,5.688365374645531
100410,2026-09-06 20:23:16.790000+00:00,0.0009674,15.799072,0.00185967,8.79e-05,330.11346,331.29288,6708.8403,spacetrack,2026-09-05 20:05:43.712000+00:00,330.13782,6708.9136,0.00074369,24.292521666666666,-0.024066665783909043,-0.07241734819215292,300-350,quiet_control,4.616113294491476
100411,2026-09-02 22:14:54.061000+00:00,-0.0015511,15.799485,-0.00284629,0.0001279,329.72824,331.44434,6708.723,spacetrack,2026-09-01 21:58:20.615000+00:00,320.36038,6699.031,-0.0041118,24.27595722222222,9.261370743980054,9.581826078811456,300-350,quiet_control,5.629262816802075
100411,2026-09-04 21:18:54.835000+00:00,0.00084471,15.798825,0.00161648,8.29e-05,330.21713,331.32947,6708.91,spacetrack,2026-09-03 21:01:21.660000+00:00,329.8378,6708.869,0.00098526,24.292548611111112,0.374761831117034,0.0405062480580546,300-350,quiet_control,4.34266348820383
100411,2026-09-05 20:05:22.253000+00:00,0.00075138,15.798883,0.00143444,7.6e-05,330.24677,331.2665,6708.8936,spacetrack,2026-09-04 21:18:54.835000+00:00,330.21713,6708.91,0.00084471,22.774282777777778,0.031235231727903708,-0.017282651832731644,300-350,quiet_control,5.688370818068695
100411,2026-09-06 20:22:55.724000+00:00,0.00038664,15.798568,0.00072764,0.0001069,330.12888,331.56326,6708.983,spacetrack,2026-09-05 20:05:22.253000+00:00,330.24677,6708.8936,0.00075138,24.292630833333334,-0.11646988831356869,0.08832308096709272,300-350,quiet_control,4.61513800864462
100412,2026-09-03 21:02:58.362000+00:00,0.00096158,15.798895,0.00184669,3.24e-05,330.53622,330.97095,6708.8906,spacetrack,2026-09-02 22:16:31.026000+00:00,330.77145,6709.004,0.00054786,22.774259999999998,-0.24789038150965315,-0.11950333402729224,300-350,quiet_control,5.473089356141539
100412,2026-09-04 21:20:31.772000+00:00,0.00071296,15.7986355,0.00135797,0.0001033,330.13385,331.51993,6708.964,spacetrack,2026-09-03 21:02:58.362000+00:00,330.53622,6708.8906,0.00096158,24.29261388888889,-0.3975232984054211,0.07251586873535273,300-350,quiet_control,4.338234175202545
100412,2026-09-05 20:06:58.913000+00:00,0.00088066,15.798956,0.00168803,4.35e-05,330.44443,331.02808,6708.873,spacetrack,2026-09-04 21:20:31.772000+00:00,330.13385,6708.964,0.00071296,22.774205833333333,0.32729659398662736,-0.09589796526787261,300-350,quiet_control,5.688383279519406
100412,2026-09-06 20:24:32.206000+00:00,0.0010153,15.799112,0.00195463,4.95e-05,330.35992,331.0241,6708.829,spacetrack,2026-09-05 20:06:58.913000+00:00,330.44443,6708.873,0.00088066,24.29258138888889,-0.08349215620733667,-0.04347006121300297,300-350,quiet_control,4.619556292751606
100413,2026-09-02 22:07:52.884000+00:00,-0.0046278,15.815775,-0.00856549,0.0002191,324.51022,327.44797,6704.116,spacetrack,2026-09-01 21:53:44.349000+00:00,311.286,6690.1455,-0.0040024,24.235704166666668,13.0956079434457,13.834630002670309,300-350,quiet_control,5.6286470598045
100413,2026-09-04 21:11:46.321000+00:00,0.00090849,15.798865,0.00174195,0.0001039,330.06467,331.4588,6708.899,spacetrack,2026-09-03 20:54:13.298000+00:00,329.9518,6708.9536,0.00082311,24.29250638888889,0.11151093084568217,-0.053942560681467126,300-350,quiet_control,4.36622477875922
100413,2026-09-05 19:58:13.754000+00:00,0.00066451,15.798723,0.00126435,8.81e-05,330.21088,331.393,6708.939,spacetrack,2026-09-04 21:11:46.321000+00:00,330.06467,6708.899,0.00090849,22.774286944444444,0.1540790281847181,0.04215280163725649,300-350,quiet_control,5.688370143263297
100413,2026-09-06 20:15:47.186000+00:00,0.00097777,15.798957,0.00187913,0.0001203,329.92874,331.5429,6708.873,spacetrack,2026-09-05 19:58:13.754000+00:00,330.21088,6708.939,0.00066451,24.29262,-0.2787414449326288,-0.06520498818230035,300-350,quiet_control,4.595538434672296
100414,2026-09-03 21:16:47.583000+00:00,0.0010606,15.799066,0.00204391,8.61e-05,330.1274,331.28268,6708.842,spacetrack,2026-09-02 20:59:14.510000+00:00,330.1888,6708.975,0.00043589,24.29252027777778,-0.06066064711070017,-0.1313984701265127,300-350,quiet_control,5.506020789000749
100414,2026-09-04 23:05:26.821000+00:00,0.00073359,15.798671,0.00139835,7.19e-05,330.33466,331.29938,6708.954,spacetrack,2026-09-03 21:16:47.583000+00:00,330.1274,6708.842,0.0010606,25.810899444444445,0.1927185842828022,0.10414205075602229,300-350,quiet_control,4.164994809793855
100414,2026-09-05 20:20:48.210000+00:00,0.00098686,15.798992,0.00189735,0.0001088,329.99597,331.45584,6708.863,spacetrack,2026-09-04 23:05:26.821000+00:00,330.33466,6708.954,0.00073359,21.25594138888889,-0.38241354975925423,-0.10274774285594312,300-350,quiet_control,5.9518362637144495
100414,2026-09-06 19:07:16.162000+00:00,0.00094679,15.79885,0.00181714,0.0001214,329.95178,331.5807,6708.9033,spacetrack,2026-09-05 20:20:48.210000+00:00,329.99597,6708.863,0.00098686,22.774431111111113,-0.046568012822191994,0.042468678812354096,300-350,quiet_control,4.567994965894501
100415,2026-09-02 22:11:35.575000+00:00,-0.0049554,15.810994,-0.00892455,5.48e-05,326.96286,327.69778,6705.4673,spacetrack,2026-09-01 21:56:43.251000+00:00,314.44418,6693.2485,-0.0042986,24.247867777777778,12.3907109174914,12.09389636596281,300-350,quiet_control,5.628833343926094
100415,2026-09-04 21:15:32.736000+00:00,0.00099604,15.79878,0.00191361,6.45e-05,330.3532,331.21866,6708.923,spacetrack,2026-09-03 20:57:59.588000+00:00,330.5916,6708.836,0.00097547,24.292541111111113,-0.23552908581405335,0.08595230900046921,300-350,quiet_control,4.353283611928984
100415,2026-09-05 20:02:00.082000+00:00,0.0008266,15.798827,0.00158106,6.67e-05,330.32504,331.22003,6708.9097,spacetrack,2026-09-04 21:15:32.736000+00:00,330.3532,6708.923,0.00099604,22.77426277777778,-0.029675603842588168,-0.014015821416721225,300-350,quiet_control,5.688374057138037
100415,2026-09-06 18:48:27.747000+00:00,0.00065224,15.798673,0.00124023,7.01e-05,330.34604,331.28662,6708.953,spacetrack,2026-09-05 20:02:00.082000+00:00,330.32504,6708.9097,0.0008266,22.77435138888889,0.02213015823784342,0.0456302786525694,300-350,quiet_control,4.512951039647245
100416,2026-09-03 21:08:34.717000+00:00,0.0011115,15.799124,0.0021454,0.0001,330.0179,331.35968,6708.8257,spacetrack,2026-09-02 22:22:08.962000+00:00,330.34595,6709.0664,0.00089684,22.773820833333335,-0.34571273997539725,-0.25365967539051526,300-350,quiet_control,5.473079195282156
100416,2026-09-04 19:55:02.476000+00:00,0.00091345,15.798749,0.00175074,7.39e-05,330.29886,331.29044,6708.9316,spacetrack,2026-09-03 21:08:34.717000+00:00,330.0179,6708.8257,0.0011115,22.7743775,0.2960801014209867,0.11159909859180817,300-350,quiet_control,4.430162873460171
100416,2026-09-05 20:12:35.638000+00:00,0.00095585,15.798992,0.00183621,7.63e-05,330.21402,331.2378,6708.863,spacetrack,2026-09-04 19:55:02.476000+00:00,330.29886,6708.9316,0.00091345,24.292545,-0.08381830722139876,-0.06777387877600043,300-350,quiet_control,5.502417945734198
100416,2026-09-06 20:30:08.910000+00:00,0.0010867,15.799101,0.00209589,9.66e-05,330.04712,331.34326,6708.832,spacetrack,2026-09-05 20:12:35.638000+00:00,330.21402,6708.863,0.00095585,24.292575555555555,-0.16488988542361058,-0.030626641390794386,300-350,quiet_control,4.634957328983643
100417,2026-09-03 21:08:50.118000+00:00,0.00055803,15.79861,0.00105753,5.28e-05,330.47986,331.18832,6708.971,spacetrack,2026-09-02 22:22:23.239000+00:00,330.6078,6708.956,0.00081421,22.774133055555556,-0.13482664707851666,0.01580740742612862,300-350,quiet_control,5.4730864191086
100417,2026-09-04 22:57:29.638000+00:00,0.00039519,15.798396,0.00074345,0.0001451,329.92105,331.868,6709.0317,spacetrack,2026-09-03 21:08:50.118000+00:00,330.47986,6708.971,0.00055803,25.81097777777778,-0.519602167553163,0.056441100858030134,300-350,quiet_control,4.185542155189782
100417,2026-09-05 20:12:50.713000+00:00,0.0008147,15.798914,0.00155838,7.17e-05,330.2669,331.22897,6708.885,spacetrack,2026-09-04 22:57:29.638000+00:00,329.92105,6709.0317,0.00039519,21.255854166666666,0.39049948004524987,-0.16563907394063548,300-350,quiet_control,5.95185247985604
100417,2026-09-06 20:30:24.138000+00:00,0.00050888,15.798778,0.00096346,0.0001188,329.98965,331.5837,6708.924,spacetrack,2026-09-05 20:12:50.713000+00:00,330.2669,6708.885,0.0008147,24.292618055555558,-0.27391037000555735,0.038530223372946856,300-350,quiet_control,4.63564922700283
100418,2026-09-02 22:41:03.542000+00:00,0.00069672,15.798813,0.0013275,8.01e-05,330.23932,331.3141,6708.9136,spacetrack,2026-09-01 22:23:30.351000+00:00,330.4329,6709.0107,0.00043417,24.292553055555558,-0.19124873327949526,-0.09593063333727986,300-350,quiet_control,5.629516091642671
100418,2026-09-03 21:27:31.202000+00:00,0.00065423,15.798736,0.00124447,0.0001133,330.0384,331.55862,6708.9355,spacetrack,2026-09-02 22:41:03.542000+00:00,330.23932,6708.9136,0.00069672,22.774350000000002,-0.2117329363955465,0.023078594998038313,300-350,quiet_control,5.47309143839451
100418,2026-09-04 20:13:58.549000+00:00,0.00088053,15.798793,0.00168648,7.63e-05,330.27036,331.29413,6708.9194,spacetrack,2026-09-03 21:27:31.202000+00:00,330.0384,6708.9355,0.00065423,22.774263055555554,0.24444435310239263,-0.016966520455708695,300-350,quiet_control,4.388584923963938
100418,2026-09-05 19:00:25.678000+00:00,0.00081189,15.7989,0.00155279,0.0001099,330.0148,331.48944,6708.889,spacetrack,2026-09-04 20:13:58.549000+00:00,330.27036,6708.9194,0.00088053,22.7742025,-0.2693152482507374,-0.03203624803070397,300-350,quiet_control,5.722065337841017
100418,2026-09-06 19:17:59.389000+00:00,0.00071781,15.798734,0.00136804,7.69e-05,330.2831,331.31494,6708.936,spacetrack,2026-09-05 19:00:25.678000+00:00,330.0148,6708.889,0.00081189,24.2926975,0.26506731086575525,0.046433707083772695,300-350,quiet_control,4.436918383028938
100419,2026-09-03 21:10:55.020000+00:00,0.0010184,15.798943,0.00195915,0.0001088,330.01,331.46985,6708.877,spacetrack,2026-09-02 20:53:22.474000+00:00,330.10464,6709.0317,0.00082215,24.29237388888889,-0.09350094850300078,-0.15283808889824166,300-350,quiet_control,5.506017812220127
100419,2026-09-04 19:57:22.431000+00:00,0.00097578,15.798828,0.00187406,8.45e-05,330.2055,331.3393,6708.909,spacetrack,2026-09-03 21:10:55.020000+00:00,330.01,6708.877,0.0010184,22.774280833333332,0.20602187328489235,0.03372225035785825,300-350,quiet_control,4.425035119111153
100419,2026-09-05 20:14:55.612000+00:00,0.0010093,15.799048,0.00194228,9.14e-05,330.09686,331.32324,6708.847,spacetrack,2026-09-04 19:57:22.431000+00:00,330.2055,6708.909,0.00097578,24.292550277777778,-0.10733167041686292,-0.061253346519107174,300-350,quiet_control,5.500816842785856
100419,2026-09-06 20:32:28.657000+00:00,0.0010977,15.799197,0.00211871,4.65e-05,330.35593,330.97986,6708.8047,spacetrack,2026-09-05 20:14:55.612000+00:00,330.09686,6708.847,0.0010093,24.2925125,0.25595047033526075,-0.04179065463078969,300-350,quiet_control,4.641356032828817
100420,2026-09-03 21:12:50.520000+00:00,0.00096096,15.798955,0.00184596,7.5e-05,330.23322,331.23953,6708.8735,spacetrack,2026-09-02 20:55:17.625000+00:00,330.57162,6709.022,0.00081863,24.292470833333333,-0.3343258104834398,-0.14671212428154318,300-350,quiet_control,5.506019783564626
100420,2026-09-04 23:01:29.735000+00:00,0.00079004,15.798716,0.00150876,6.46e-05,330.37082,331.2376,6708.9414,spacetrack,2026-09-03 21:12:50.520000+00:00,330.23322,6708.8735,0.00096096,25.810893055555553,0.12794597974161587,0.0631361338986856,300-350,quiet_control,4.175200468492981
100420,2026-09-05 20:16:51.326000+00:00,0.00095345,15.798958,0.00183119,9.46e-05,330.10098,331.3703,6708.8726,spacetrack,2026-09-04 23:01:29.735000+00:00,330.37082,6708.9414,0.00079004,21.2559975,-0.30467448069655206,-0.07768160492116376,300-350,quiet_control,5.951825831744664
100420,2026-09-06 17:32:13.205000+00:00,0.00078331,15.798667,0.00149528,7.61e-05,330.30734,331.32843,6708.955,spacetrack,2026-09-05 20:16:51.326000+00:00,330.10098,6708.8726,0.00095345,21.2560775,0.2329987741153291,0.09303692085266545,300-350,quiet_control,4.518667961616573
100421,2026-09-03 21:14:07.955000+00:00,0.0010612,15.7989855,0.00204432,8.87e-05,330.1328,331.32297,6708.8647,spacetrack,2026-09-02 22:27:40.770000+00:00,330.07162,6708.9673,0.00071903,22.774218055555554,0.06447290512533366,-0.10812226325387722,300-350,quiet_control,5.473088385703205
100421,2026-09-04 23:02:47.100000+00:00,0.00068011,15.798637,0.00129413,7.02e-05,330.35547,331.2974,6708.9634,spacetrack,2026-09-03 21:14:07.955000+00:00,330.1328,6708.8647,0.0010612,25.810873611111113,0.20704762188679593,0.09177527408330545,300-350,quiet_control,4.171868671413195
100421,2026-09-05 20:18:08.521000+00:00,0.00090073,15.79892,0.00172715,4.87e-05,330.41977,331.07324,6708.8833,spacetrack,2026-09-04 23:02:47.100000+00:00,330.35547,6708.9634,0.00068011,21.255950277777778,0.07260084728432123,-0.09044055781364292,300-350,quiet_control,5.951834611121505
100421,2026-09-06 17:33:30.477000+00:00,0.00091983,15.798788,0.00176362,6.45e-05,330.35092,331.21637,6708.9204,spacetrack,2026-09-05 20:18:08.521000+00:00,330.41977,6708.8833,0.00090073,21.25609888888889,-0.07773768877529355,0.041889154009099386,300-350,quiet_control,4.519675228897704
100422,2026-09-03 21:15:11.740000+00:00,0.0010224,15.798958,0.00196721,5.68e-05,330.3546,331.11673,6708.8726,spacetrack,2026-09-02 20:57:38.851000+00:00,330.21988,6708.961,0.00091573,24.292469166666667,0.13309803864800118,-0.08733570825827462,300-350,quiet_control,5.50601974967345
100422,2026-09-04 23:03:51.018000+00:00,0.00078838,15.798691,0.00150534,0.0001009,330.13434,331.48822,6708.948,spacetrack,2026-09-03 21:15:11.740000+00:00,330.3546,6708.8726,0.0010224,25.81091055555556,-0.20480641272309136,0.07010988613207034,300-350,quiet_control,4.169119738532622
100422,2026-09-05 20:19:12.391000+00:00,0.00057652,15.798734,0.00109388,8.07e-05,330.2577,331.3405,6708.936,spacetrack,2026-09-04 23:03:51.018000+00:00,330.13434,6708.948,0.00078838,21.255936944444446,0.13928532097822166,-0.013549155737888592,300-350,quiet_control,5.95183709001144
100422,2026-09-06 17:34:34.540000+00:00,0.0010849,15.798855,0.00209004,0.0001353,329.85712,331.67255,6708.902,spacetrack,2026-09-05 20:19:12.391000+00:00,330.2577,6708.936,0.00057652,21.256152500000002,-0.4522888137916671,-0.03838888528822975,300-350,quiet_control,4.520506056357617
100423,2026-09-02 20:54:43.333000+00:00,-0.0014358,15.80341,-0.00268776,8.35e-05,328.9157,330.03586,6707.613,spacetrack,2026-09-01 22:09:21.538000+00:00,319.3548,6699.289,-0.0042897,22.756054166666665,10.083540772025325,8.779026387300782,300-350,quiet_control,5.604500853527441
100423,2026-09-04 21:29:48.779000+00:00,0.00067968,15.798751,0.00129404,0.0002002,329.4512,332.13745,6708.931,spacetrack,2026-09-03 21:12:15.522000+00:00,329.66156,6708.9224,0.00045659,24.292571388888888,-0.2078264963877011,0.00849642455204787,300-350,quiet_control,4.312754480945174
100423,2026-09-05 20:16:16.274000+00:00,0.00063646,15.798676,0.00120965,0.0001425,329.85962,331.77167,6708.9526,spacetrack,2026-09-04 21:29:48.779000+00:00,329.4512,6708.931,0.00067968,22.774304166666667,0.4304008556427176,0.02276249567087051,300-350,quiet_control,5.688367354070276
100423,2026-09-06 17:31:38.003000+00:00,0.0011699,15.798972,0.00225997,8.03e-05,330.1928,331.27023,6708.8687,spacetrack,2026-09-05 20:16:16.274000+00:00,329.85962,6708.9526,0.00063646,21.256035833333335,0.3761905588933756,-0.0947307398133681,300-350,quiet_control,4.51821287258159
100424,2026-09-03 21:17:42.169000+00:00,0.0010747,15.79895,0.00207081,1.46e-05,330.63992,330.83582,6708.875,spacetrack,2026-09-02 22:31:14.794000+00:00,330.52948,6708.835,0.00087898,22.774270833333333,0.11638396765359817,0.04215283145724396,300-350,quiet_control,5.473089606783971
100424,2026-09-04 23:06:21.334000+00:00,0.00077493,15.798674,0.00147898,5.7e-05,330.4337,331.19852,6708.953,spacetrack,2026-09-03 21:17:42.169000+00:00,330.63992,6708.875,0.0010747,25.810879166666666,-0.19175170160001564,0.07252755661372001,300-350,quiet_control,4.162646683275727
100424,2026-09-05 20:21:42.733000+00:00,0.00081642,15.79894,0.00156195,6.84e-05,330.28183,331.19962,6708.878,spacetrack,2026-09-04 23:06:21.334000+00:00,330.4337,6708.953,0.00077493,21.25594416666667,-0.17147579855404563,-0.08468219458537166,300-350,quiet_control,5.951835747279007
100424,2026-09-06 17:37:04.724000+00:00,0.0010798,15.798936,0.00208057,7.79e-05,330.2193,331.26453,6708.879,spacetrack,2026-09-05 20:21:42.733000+00:00,330.28183,6708.878,0.00081642,21.25610861111111,-0.07060182216120434,0.0011290871929561007,300-350,quiet_control,4.522473885970897
100425,2026-09-03 21:18:24.473000+00:00,0.00066358,15.798714,0.00126249,0.0001003,330.13193,331.47772,6708.942,spacetrack,2026-09-02 21:00:51.335000+00:00,330.49713,6709.03,0.00046957,24.292538333333336,-0.3608021475455958,-0.08694027651674853,300-350,quiet_control,5.506021156153367
100425,2026-09-04 23:07:03.634000+00:00,0.00075223,15.798679,0.00143474,9.71e-05,330.16312,331.466,6708.9517,spacetrack,2026-09-03 21:18:24.473000+00:00,330.13193,6708.942,0.00066358,25.810878055555552,0.02900172548908782,0.009019452941104693,300-350,quiet_control,4.160825666516726
100425,2026-09-05 20:22:25.133000+00:00,0.0010134,15.799002,0.00194984,8.8e-05,330.13287,331.31366,6708.8604,spacetrack,2026-09-04 23:07:03.634000+00:00,330.16312,6708.9517,0.00075223,21.255971944444443,-0.03415510718101761,-0.10308632349196431,300-350,quiet_control,5.9518305829319935
100425,2026-09-06 17:37:47.063000+00:00,0.0011111,15.798895,0.00214229,0.0001227,329.93042,331.57678,6708.8906,spacetrack,2026-09-05 20:22:25.133000+00:00,330.13287,6708.8604,0.0010134,21.256091666666666,-0.22858388438451444,0.034098460402304936,300-350,quiet_control,4.523029189148784
100426,2026-09-03 21:22:15.566000+00:00,0.00094948,15.798897,0.00182284,8.78e-05,330.1639,331.342,6708.89,spacetrack,2026-09-02 22:35:47.988000+00:00,330.19638,6708.9136,0.00081267,22.77432722222222,-0.03422801439502089,-0.02487010898113909,300-350,quiet_control,5.473090911406115
100426,2026-09-04 20:08:42.969000+00:00,0.00094759,15.798808,0.00181837,9.09e-05,330.1682,331.3879,6708.915,spacetrack,2026-09-03 21:22:15.566000+00:00,330.1639,6708.89,0.00094948,22.774278611111114,0.004531427834103429,0.026345510663004747,300-350,quiet_control,4.400133408299321
100426,2026-09-05 20:26:16.134000+00:00,0.00063822,15.798733,0.00121336,9.79e-05,330.14267,331.45627,6708.9365,spacetrack,2026-09-04 20:08:42.969000+00:00,330.1682,6708.915,0.00094759,24.29254583333333,-0.02522255197968298,0.021241083727336126,300-350,quiet_control,5.493035740902001
100426,2026-09-06 17:41:38.181000+00:00,0.0010326,15.798799,0.00198589,0.0001308,329.90326,331.65833,6708.918,spacetrack,2026-09-05 20:26:16.134000+00:00,330.14267,6708.9365,0.00063822,21.25612416666667,-0.27031456699010925,-0.02088809777934084,300-350,quiet_control,4.526045611403992
100427,2026-09-03 21:19:23.582000+00:00,0.0010249,15.799014,0.00197273,9.64e-05,330.07303,331.3665,6708.857,spacetrack,2026-09-02 22:32:56.597000+00:00,330.16467,6709.012,0.00070481,22.7741625,-0.09657259624803392,-0.16334299889156795,300-350,quiet_control,5.473087100348915
100427,2026-09-04 20:05:51.028000+00:00,0.00073441,15.798734,0.00140037,9.83e-05,330.1395,331.45847,6708.936,spacetrack,2026-09-03 21:19:23.582000+00:00,330.07303,6708.857,0.0010249,22.774290555555556,0.07004740701397591,0.08325177003289153,300-350,quiet_control,4.406425734983865
100427,2026-09-05 20:23:24.278000+00:00,0.00094332,15.798957,0.00181122,0.0001257,329.8927,331.5793,6708.873,spacetrack,2026-09-04 20:05:51.028000+00:00,330.1395,6708.936,0.00073441,24.292569444444446,-0.24382764505608018,-0.06224125461327967,300-350,quiet_control,5.494998436307398
100427,2026-09-06 17:38:46.325000+00:00,0.0010204,15.798835,0.00196212,0.0001276,329.9144,331.6265,6708.907,spacetrack,2026-09-05 20:23:24.278000+00:00,329.8927,6708.873,0.00094332,21.25612416666667,0.024501174151821216,0.03838893645968991,300-350,quiet_control,4.52379977498511
100428,2026-09-03 21:24:25.939000+00:00,0.0005327,15.798584,0.00100855,0.0001841,329.60632,332.07657,6708.9785,spacetrack,2026-09-02 22:37:58.301000+00:00,329.6193,6708.878,0.00069522,22.77434388888889,-0.013678549929714512,0.10590864930198665,300-350,quiet_control,5.473091297007483
100428,2026-09-04 20:10:53.284000+00:00,0.00059017,15.798571,0.00111944,0.0001067,330.12936,331.56107,6708.9824,spacetrack,2026-09-03 21:24:25.939000+00:00,329.60632,6708.9785,0.0005327,22.7742625,0.5511906258216219,0.004109902570626618,300-350,quiet_control,4.395363918663302
100428,2026-09-05 20:28:26.458000+00:00,0.0010198,15.798991,0.00196233,0.0001112,329.9801,331.47214,6708.8633,spacetrack,2026-09-04 20:10:53.284000+00:00,330.12936,6708.9824,0.00059017,24.292548333333333,-0.1474625037623254,-0.11766571216718155,300-350,quiet_control,5.49154526970056
100428,2026-09-06 19:14:54.152000+00:00,0.0011574,15.799088,0.00223626,0.0001231,329.8732,331.52493,6708.836,spacetrack,2026-09-05 20:28:26.458000+00:00,329.9801,6708.8633,0.0010198,22.774359444444446,-0.11265300375443726,-0.028769195532900582,300-350,quiet_control,4.590347375790323
100429,2026-09-03 21:21:09.120000+00:00,0.00097623,15.798888,0.0018755,5.83e-05,330.36417,331.14642,6708.892,spacetrack,2026-09-02 22:34:41.896000+00:00,329.97992,6708.8765,0.00076545,22.77422888888889,0.4049313829676774,0.016334252272750562,300-350,quiet_control,5.473088636346561
100429,2026-09-04 20:07:36.624000+00:00,0.00091246,15.7988,0.00174923,5.14e-05,330.4355,331.12515,6708.9175,spacetrack,2026-09-03 21:21:09.120000+00:00,330.36417,6708.892,0.00097623,22.774306666666668,0.07516891842443514,0.02687238777237771,300-350,quiet_control,4.402563005211135
100429,2026-09-05 20:25:09.828000+00:00,0.00099351,15.799011,0.00191068,5.72e-05,330.33682,331.1043,6708.8574,spacetrack,2026-09-04 20:07:36.624000+00:00,330.4355,6708.9175,0.00091246,24.292556666666666,-0.09749159104565389,-0.05937621221943419,300-350,quiet_control,5.493792817470702
100429,2026-09-06 19:11:37.450000+00:00,0.00092387,15.7988,0.00177167,5.9e-05,330.3843,331.17596,6708.917,spacetrack,2026-09-05 20:25:09.828000+00:00,330.33682,6708.8574,0.00099351,22.774339444444447,0.05003526020062674,0.0628075296542111,300-350,quiet_control,4.580752982444106
100430,2026-09-03 21:21:40.782000+00:00,0.00099425,15.79893,0.00191141,8.19e-05,330.19415,331.29306,6708.8804,spacetrack,2026-09-02 21:04:07.729000+00:00,330.29028,6709.0605,0.00041982,24.292514722222222,-0.09497246482637288,-0.17793135249336628,300-350,quiet_control,5.506020676030602
100430,2026-09-04 20:08:08.256000+00:00,0.0010942,15.798872,0.00210854,9.5e-05,330.12268,331.39737,6708.897,spacetrack,2026-09-03 21:21:40.782000+00:00,330.19415,6708.8804,0.00099425,22.774298333333334,-0.07531648066139932,0.017493403931356486,300-350,quiet_control,4.401404975594199
100430,2026-09-05 20:25:41.391000+00:00,0.0009809,15.799005,0.00188572,9.2e-05,330.10516,331.3396,6708.8594,spacetrack,2026-09-04 20:08:08.256000+00:00,330.12268,6708.897,0.0010942,24.292537499999998,-0.01730901928214664,-0.037147210331228586,300-350,quiet_control,5.4934338717531395
100430,2026-09-06 19:12:08.892000+00:00,0.00089245,15.798915,0.00171083,8.88e-05,330.15195,331.34344,6708.885,spacetrack,2026-09-05 20:25:41.391000+00:00,330.10516,6708.8594,0.0009809,22.774305833333333,0.04930819881921876,0.026977770672566848,300-350,quiet_control,4.582290781127724
100431,2026-09-03 21:28:24.684000+00:00,0.0010437,15.799065,0.00201033,4.33e-05,330.41492,330.99588,6708.8423,spacetrack,2026-09-02 22:41:57.368000+00:00,330.43713,6708.9346,0.00069869,22.774254444444445,-0.023405376509734226,-0.09726772858307797,300-350,quiet_control,5.473089227606866
100431,2026-09-04 20:14:52.288000+00:00,0.00090327,15.798788,0.00173108,7.02e-05,330.31284,331.25476,6708.921,spacetrack,2026-09-03 21:28:24.684000+00:00,330.41492,6708.8423,0.0010437,22.774334444444445,-0.10757372541341825,0.08293546424411015,300-350,quiet_control,4.38662361690677
100431,2026-09-05 20:32:25.394000+00:00,0.00080453,15.79891,0.00153847,5.15e-05,330.40366,331.09467,6708.886,spacetrack,2026-09-04 20:14:52.288000+00:00,330.31284,6708.921,0.00090327,24.292529444444444,0.08972635002810171,-0.034578531721759856,300-350,quiet_control,5.488815045631427
100431,2026-09-06 17:47:47.309000+00:00,0.0010221,15.798926,0.00196633,6.11e-05,330.33472,331.15454,6708.882,spacetrack,2026-09-05 20:32:25.394000+00:00,330.40366,6708.886,0.00080453,21.2560875,-0.07783934837490421,-0.004516353257369579,300-350,quiet_control,4.530873789554273
100432,2026-09-03 21:25:14.674000+00:00,0.00098829,15.798915,0.00189949,0.0001151,329.97562,331.52002,6708.885,spacetrack,2026-09-02 22:38:47.322000+00:00,329.85428,6708.9346,0.00078932,22.774264444444444,0.12787065009732052,-0.05226952566959123,300-350,quiet_control,5.473089458969232
100432,2026-09-04 20:11:42.128000+00:00,0.00093893,15.798767,0.00180098,0.0001058,330.07983,331.49945,6708.927,spacetrack,2026-09-03 21:25:14.674000+00:00,329.97562,6708.885,0.00098829,22.774292777777777,0.10981855833701101,0.04426043038186648,300-350,quiet_control,4.3935788029227005
100432,2026-09-05 20:29:15.282000+00:00,0.00072307,15.798839,0.00137895,0.0001095,330.03473,331.504,6708.9062,spacetrack,2026-09-04 20:11:42.128000+00:00,330.07983,6708.927,0.00093893,24.292542777777776,-0.04455688356304687,-0.02054951614371493,300-350,quiet_control,5.490987552032715
100433,2026-09-02 22:41:13.351000+00:00,0.0010408,15.822157,0.00219669,0.0003445,321.8673,326.4852,6702.3135,spacetrack,2026-09-01 22:24:31.766000+00:00,322.00256,6702.205,0.0012291,24.278218055555556,-0.1337099779140325,0.10725663613564776,300-350,quiet_control,5.629297340545941
100433,2026-09-03 19:55:50.071000+00:00,0.0008178,15.822003,0.00171475,0.0003665,321.76318,326.67603,6702.3564,spacetrack,2026-09-02 22:41:13.351000+00:00,321.8673,6702.3135,0.0010408,21.243533333333335,-0.1176301494101995,0.04846651373063079,300-350,quiet_control,5.384781028788892
100433,2026-09-04 18:41:31.220000+00:00,0.0105,15.836999,0.02729993,0.0009556,313.58743,326.3889,6698.125,spacetrack,2026-09-03 19:55:50.071000+00:00,321.76318,6702.3564,0.0008178,22.76143027777778,-8.620635768727132,-4.46165283818477,300-350,quiet_control,4.637757312873414
100433,2026-09-05 22:00:31.628000+00:00,0.00067663,15.822215,0.00141492,0.0003947,321.51443,326.80524,6702.297,spacetrack,2026-09-04 18:41:31.220000+00:00,313.58743,6698.125,0.0105,27.316779999999998,6.964510458406902,3.665439338018233,300-350,quiet_control,5.233381297340153
100434,2026-09-02 22:40:19.039000+00:00,0.00092436,15.822049,0.00194413,0.0003925,321.576,326.83734,6702.3438,spacetrack,2026-09-01 20:52:34.298000+00:00,321.34778,6702.444,0.0006939,25.795761388888888,0.21233255795115896,-0.09322461794263104,300-350,quiet_control,5.651105471774264
100434,2026-09-03 18:23:52.958000+00:00,0.00091177,15.822077,0.00191729,0.0003957,321.54657,326.8508,6702.3354,spacetrack,2026-09-02 22:40:19.039000+00:00,321.576,6702.3438,0.00092436,19.72608861111111,-0.03580638888559455,-0.010219968285020014,300-350,quiet_control,5.259764244246259
100434,2026-09-04 21:42:40.337000+00:00,0.00051476,15.821651,0.00106863,0.0003458,322.0013,326.63675,6702.456,spacetrack,2026-09-03 18:23:52.958000+00:00,321.54657,6702.3354,0.00091177,27.313160833333335,0.39957001192926644,0.1059708913833333,300-350,quiet_control,4.563225142002413
100434,2026-09-05 17:26:14.176000+00:00,0.0011157,15.822074,0.00235842,0.0003639,321.7605,326.63846,6702.3364,spacetrack,2026-09-04 21:42:40.337000+00:00,322.0013,6702.456,0.00051476,19.726066388888892,-0.29297275422615976,-0.14551304570365847,300-350,quiet_control,6.258324916077274
100434,2026-09-06 17:42:56.161000+00:00,0.00093531,15.8221,0.00196816,0.0003848,321.61334,326.77145,6702.3296,spacetrack,2026-09-05 17:26:14.176000+00:00,321.7605,6702.3364,0.0011157,24.278329166666666,-0.14547294320602364,-0.00672204412759826,300-350,quiet_control,4.212491638490819
100435,2026-09-02 22:41:28.675000+00:00,0.0010892,15.822353,0.00230386,0.0003584,321.7187,326.5229,6702.258,spacetrack,2026-09-01 22:24:46.824000+00:00,321.44458,6702.254,0.0011276,24.278291944444444,0.27097787665850886,0.003954149666599483,300-350,quiet_control,5.629298468747534
100435,2026-09-03 21:27:08.155000+00:00,0.00101,15.822169,0.00213004,0.0003635,321.73627,326.60886,6702.3096,spacetrack,2026-09-02 22:41:28.675000+00:00,321.7187,6702.258,0.0010892,22.760966666666665,0.018526453914499932,0.05440893693712744,300-350,quiet_control,5.472781618824039
100435,2026-09-04 20:12:31.981000+00:00,0.00065346,15.821716,0.00136229,0.0003623,321.87222,326.72882,6702.4375,spacetrack,2026-09-03 21:27:08.155000+00:00,321.73627,6702.3096,0.00101,22.756618333333332,0.14337806928112912,0.1348882314167716,300-350,quiet_control,4.3905055532928845
100435,2026-09-05 18:58:11.149000+00:00,0.00077874,15.822061,0.0016316,0.000371,321.71686,326.69,6702.3403,spacetrack,2026-09-04 20:12:31.981000+00:00,321.87222,6702.4375,0.00065346,22.76088,-0.16381791916660177,-0.10249164355700534,300-350,quiet_control,5.7253004448373215
100436,2026-09-02 22:45:37.768000+00:00,0.0011155,15.82222,0.00235959,0.0003392,321.88486,326.43167,6702.2954,spacetrack,2026-09-01 22:28:55.778000+00:00,321.67224,6702.32,0.00083393,24.278330555555556,0.21018249126823457,-0.024317981775669448,300-350,quiet_control,5.6292990582937525
100436,2026-09-03 21:31:17.019000+00:00,0.00083531,15.822005,0.0017524,0.0003981,321.55078,326.8872,6702.356,spacetrack,2026-09-02 22:45:37.768000+00:00,321.88486,6702.2954,0.0011155,22.760903055555556,-0.3522672180638125,0.06389904637988786,300-350,quiet_control,5.472780145378678
100436,2026-09-04 23:19:01.476000+00:00,0.00053395,15.821762,0.00110978,0.0003893,321.6784,326.8969,6702.425,spacetrack,2026-09-03 21:31:17.019000+00:00,321.55078,6702.356,0.00083531,25.795682499999998,0.11873614896604731,0.0641967895212679,300-350,quiet_control,4.128822268351819
100436,2026-09-05 22:04:40.471000+00:00,0.0006348,15.822115,0.0013253,0.0003893,321.57867,326.79712,6702.3247,spacetrack,2026-09-04 23:19:01.476000+00:00,321.6784,6702.425,0.00053395,22.760831944444444,-0.10515960074933707,-0.10576063326143165,300-350,quiet_control,5.785266612069138
100436,2026-09-06 07:10:57.925000+00:00,0.00059944,15.820995,0.00124375,0.0004172,321.70782,327.3005,6702.641,spacetrack,2026-09-05 22:04:40.471000+00:00,321.57867,6702.3247,0.0006348,9.104848333333333,0.34043400686347725,0.8337535917206038,300-350,quiet_control,4.788893640122263
100437,2026-09-02 22:46:01.013000+00:00,0.00079786,15.821983,0.00167201,0.0003982,321.55637,326.89413,6702.3623,spacetrack,2026-09-01 22:29:18.916000+00:00,320.83676,6702.2563,0.0010992,24.278360277777775,0.7113594082302057,0.10478467124169669,300-350,quiet_control,5.629299512115825
100437,2026-09-03 21:31:40.282000+00:00,0.0012416,15.822241,0.00263593,0.0004862,320.89377,327.41107,6702.2896,spacetrack,2026-09-02 22:46:01.013000+00:00,321.55637,6702.3623,0.00079786,22.760908055555557,-0.6986715978635322,-0.07665775002185132,300-350,quiet_control,5.472780261195643
100437,2026-09-04 18:46:16.916000+00:00,0.00087459,15.822012,0.00183657,0.0003496,321.87405,326.56033,6702.354,spacetrack,2026-09-03 21:31:40.282000+00:00,320.89377,6702.2896,0.0012416,21.243509444444445,1.1074780304792105,0.07275634019166857,300-350,quiet_control,4.47887201730139
100437,2026-09-05 22:05:03.286000+00:00,0.0010556,15.82266,0.00223413,0.0003787,321.49582,326.57205,6702.171,spacetrack,2026-09-04 18:46:16.916000+00:00,321.87405,6702.354,0.00087459,27.312880555555555,-0.3323530808673465,-0.16080325145735952,300-350,quiet_control,5.236462975293403
100437,2026-09-06 16:17:35.080000+00:00,0.00094987,15.821498,0.00199422,0.0004605,321.27582,327.44882,6702.4995,spacetrack,2026-09-05 22:05:03.286000+00:00,321.49582,6702.171,0.0010556,18.208831666666665,-0.2899691807061367,0.4329767084630409,300-350,quiet_control,4.75276231189035
100438,2026-09-02 22:46:13.602000+00:00,0.0010996,15.82219,0.00232464,0.0003614,321.74463,326.58905,6702.3037,spacetrack,2026-09-01 22:29:31.483000+00:00,321.66833,6702.316,0.00075353,24.27836638888889,0.07542517361616116,-0.01215897294148362,300-350,quiet_control,5.629299605424897
100438,2026-09-03 21:31:52.769000+00:00,0.00090268,15.822034,0.00189742,0.0004154,321.42685,326.99518,6702.348,spacetrack,2026-09-02 22:46:13.602000+00:00,321.74463,6702.3037,0.0010996,22.760879722222224,-0.33508019431046276,0.04671172700550559,300-350,quiet_control,5.4727796048988395
100438,2026-09-04 23:19:36.745000+00:00,0.00087773,15.822215,0.00184563,0.0004696,321.0123,327.3071,6702.297,spacetrack,2026-09-03 21:31:52.769000+00:00,321.42685,6702.348,0.00090268,25.795548888888888,-0.3856944484048551,-0.047450046722459074,300-350,quiet_control,4.127293408156463
100438,2026-09-05 22:05:16.268000+00:00,0.00089781,15.822279,0.00188902,0.0003872,321.54648,326.73672,6702.279,spacetrack,2026-09-04 23:19:36.745000+00:00,321.0123,6702.297,0.00087773,22.76097861111111,0.5632587341275994,-0.01897985176120606,300-350,quiet_control,5.786115962622824
100438,2026-09-06 23:53:00.865000+00:00,0.00087911,15.822049,0.00184669,0.00037,321.72675,326.6865,6702.3438,spacetrack,2026-09-05 22:05:16.268000+00:00,321.54648,6702.279,0.00089781,25.795721388888886,0.16772083768371523,0.060289067963440066,300-350,quiet_control,4.921360052852004
100439,2026-09-02 22:47:04.510000+00:00,0.0011149,15.822256,0.00235864,0.000367,321.6884,326.60788,6702.285,spacetrack,2026-09-01 22:30:22.535000+00:00,321.76065,6702.3257,0.00072573,24.27832638888889,-0.0714217270261882,-0.04023341577854059,300-350,quiet_control,5.629298994673747
100439,2026-09-03 21:32:43.821000+00:00,0.00091199,15.822144,0.0019182,0.0003551,321.80005,326.56003,6702.317,spacetrack,2026-09-02 22:47:04.510000+00:00,321.6884,6702.285,0.0011149,22.760919722222223,0.11772810733055555,0.03374204598831935,300-350,quiet_control,5.472780531435027
100439,2026-09-04 20:18:22.811000+00:00,0.0011664,15.822138,0.00247013,0.0004561,321.12457,327.23843,6702.3184,spacetrack,2026-09-03 21:32:43.821000+00:00,321.80005,6702.317,0.00091199,22.760830555555557,-0.7122552035361848,0.0014762202952334014,300-350,quiet_control,4.377958612865499
100439,2026-09-05 22:06:07.365000+00:00,0.00046403,15.821934,0.00096326,0.0003848,321.66022,326.81836,6702.3765,spacetrack,2026-09-04 20:18:22.811000+00:00,321.12457,6702.3184,0.0011664,25.795709444444444,0.4983619476597916,0.054055501090511326,300-350,quiet_control,5.368690264748377
100439,2026-09-06 14:47:36.351000+00:00,0.0011304,15.822191,0.00239185,0.0003685,321.69672,326.63632,6702.3037,spacetrack,2026-09-05 22:06:07.365000+00:00,321.66022,6702.3765,0.00046403,16.691385,0.05248216370307876,-0.10467675390616023,300-350,quiet_control,4.8862913912376555
100440,2026-09-02 22:47:34.135000+00:00,0.0010246,15.8221655,0.00216158,0.0003626,321.7434,326.6039,6702.3105,spacetrack,2026-09-01 20:59:49.681000+00:00,321.90918,6702.3613,0.00072602,25.795681666666667,-0.15423976971854703,-0.047263724826276,300-350,quiet_control,5.651104393506691
100440,2026-09-03 21:33:13.339000+00:00,0.0011963,15.822242,0.00253633,0.0004143,321.3753,326.92883,6702.289,spacetrack,2026-09-02 22:47:34.135000+00:00,321.7434,6702.3105,0.0010246,22.76089,-0.38813947960737216,-0.022670466752222063,300-350,quiet_control,5.472779842967476
100440,2026-09-04 20:18:52.294000+00:00,0.0010096,15.822211,0.00212955,0.0003356,321.91153,326.4101,6702.298,spacetrack,2026-09-03 21:33:13.339000+00:00,321.3753,6702.289,0.0011963,22.760820833333334,0.5654242478440684,0.009489991665151907,300-350,quiet_control,4.37687847007568
100440,2026-09-05 22:06:36.842000+00:00,0.00036794,15.821867,0.00076123,0.0003743,321.74924,326.76663,6702.395,spacetrack,2026-09-04 20:18:52.294000+00:00,321.91153,6702.298,0.0010096,25.795707777777775,-0.1509925617686049,0.09024757219576633,300-350,quiet_control,5.3690078370919325
100440,2026-09-06 23:54:21.948000+00:00,0.0011067,15.821957,0.00233782,0.0004176,321.43393,327.03174,6702.3696,spacetrack,2026-09-05 22:06:36.842000+00:00,321.74924,6702.395,0.00036794,25.795862777777778,-0.29335867015540734,-0.023631696495758837,300-350,quiet_control,4.923101256138124
100441,2026-09-02 22:49:58.629000+00:00,0.001061,15.822237,0.00224135,0.0003676,321.68982,326.61734,6702.2905,spacetrack,2026-09-01 22:33:16.817000+00:00,321.71512,6702.2744,0.0010407,24.278281111111113,-0.02501000780168438,0.015915459509978885,300-350,quiet_control,5.629298303334947
100441,2026-09-03 21:35:37.948000+00:00,0.00097088,15.822131,0.00204504,0.0003413,321.8958,326.47083,6702.3203,spacetrack,2026-09-02 22:49:58.629000+00:00,321.68982,6702.2905,0.001061,22.760921944444444,0.21719331106475198,0.031422277258877696,300-350,quiet_control,5.472780582909165
100441,2026-09-04 21:52:19.853000+00:00,0.0010678,15.822093,0.00225454,0.0003687,321.72314,326.66547,6702.3315,spacetrack,2026-09-03 21:35:37.948000+00:00,321.8958,6702.3203,0.00097088,24.278306944444445,-0.1706807649101087,0.01107161222621902,300-350,quiet_control,4.249930456321289
100441,2026-09-05 22:09:01.413000+00:00,0.00087419,15.822294,0.0018383,0.0003856,321.55298,326.72177,6702.2744,spacetrack,2026-09-04 21:52:19.853000+00:00,321.72314,6702.3315,0.0010678,24.278211111111112,-0.16821008686802444,-0.05644567442502451,300-350,quiet_control,5.554659962591057
100442,2026-09-02 22:49:06.901000+00:00,0.0010135,15.821842,0.00213444,0.0003904,321.64838,326.88162,6702.402,spacetrack,2026-09-01 22:32:24.830000+00:00,321.02628,6702.271,0.0011647,24.278353055555556,0.6149675789718878,0.12949807562371185,300-350,quiet_control,5.629299401841405
100442,2026-09-03 21:34:45.915000+00:00,0.00074145,15.82198,0.00155127,0.0003461,321.9063,326.5457,6702.363,spacetrack,2026-09-02 22:49:06.901000+00:00,321.64838,6702.402,0.0010135,22.76083722222222,0.27196187642679115,-0.041123267604602304,300-350,quiet_control,5.472778620450571
100442,2026-09-04 18:49:22.386000+00:00,0.0008194,15.821761,0.00171647,0.0004336,321.38177,327.19412,6702.425,spacetrack,2026-09-03 21:34:45.915000+00:00,321.9063,6702.363,0.00074145,21.24346416666667,-0.5925926158386339,0.07004507307863615,300-350,quiet_control,4.471593204137257
100442,2026-09-05 22:08:09.322000+00:00,0.00080498,15.822198,0.00168895,0.0003959,321.51123,326.8181,6702.302,spacetrack,2026-09-04 18:49:22.386000+00:00,321.38177,6702.425,0.0008194,27.31303777777778,0.11375666175542713,-0.10808025178414361,300-350,quiet_control,5.238342116142009
100442,2026-09-06 19:22:44.581000+00:00,0.0015201,15.82338,0.00326761,0.0003524,321.46878,326.19232,6701.968,spacetrack,2026-09-05 22:08:09.322000+00:00,321.51123,6702.302,0.00080498,21.2431275,-0.04795903992953664,-0.3773455674074349,300-350,quiet_control,4.6947235314364875
100443,2026-09-02 18:18:45.052000+00:00,0.01368,15.835142,0.0359423,0.0010859,313.23752,327.78564,6698.6484,spacetrack,2026-09-01 22:35:10.061000+00:00,321.8187,6702.3164,0.0008196,19.726386388888887,-10.440245665876331,-4.4626521180573135,300-350,quiet_control,5.543758303088428
100443,2026-09-03 21:37:31.181000+00:00,0.00093421,15.822109,0.00196587,0.0003821,321.62854,326.75046,6702.3267,spacetrack,2026-09-02 18:18:45.052000+00:00,313.23752,6698.6484,0.01368,27.31281361111111,7.373260143293116,3.2321532763683174,300-350,quiet_control,5.5606457770751865
100443,2026-09-04 17:21:05.177000+00:00,0.0010641,15.822405,0.00224975,0.000356,321.72025,326.49225,6702.243,spacetrack,2026-09-03 21:37:31.181000+00:00,321.62854,6702.3267,0.00093421,19.72611,0.11158003275865491,-0.1018345735667813,300-350,quiet_control,4.610686434262902
100443,2026-09-05 20:39:52.214000+00:00,0.0010678,15.822327,0.00225717,0.0003852,321.54654,326.70996,6702.265,spacetrack,2026-09-04 17:21:05.177000+00:00,321.72025,6702.243,0.0010641,27.313065833333333,-0.15263903457197067,0.01933140729130628,300-350,quiet_control,5.185288701417901
100443,2026-09-06 23:58:39.366000+00:00,0.0013041,15.824454,0.00280388,0.0006102,319.4382,327.6169,6701.6646,spacetrack,2026-09-05 20:39:52.214000+00:00,321.54654,6702.265,0.0010678,27.313097777777777,-1.8525968900228074,-0.5275710619587839,300-350,quiet_control,4.852492503799968
100444,2026-09-02 22:49:46.803000+00:00,0.001277,15.822489,0.0027164,0.0004253,321.232,326.93292,6702.219,spacetrack,2026-09-01 22:33:05.039000+00:00,321.9751,6702.315,0.00065542,24.278267777777778,-0.734582885535324,-0.0948996864635481,300-350,quiet_control,5.629298099750023
100444,2026-09-03 21:35:26.235000+00:00,0.00097331,15.822217,0.00205098,0.0002955,322.17862,326.13968,6702.2964,spacetrack,2026-09-02 22:49:46.803000+00:00,321.232,6702.219,0.001277,22.760953333333333,0.9981515126929321,0.08161345321518476,300-350,quiet_control,5.472781309980279
100444,2026-09-04 17:19:00.230000+00:00,0.0016833,15.822999,0.00362754,0.0003755,321.42184,326.4551,6702.0757,spacetrack,2026-09-03 21:35:26.235000+00:00,322.17862,6702.2964,0.00097331,19.726109722222223,-0.9207451573454531,-0.26851721269852763,300-350,quiet_control,4.6177242950491655
100444,2026-09-05 22:08:49.709000+00:00,0.00059348,15.822097,0.00123756,0.0004035,321.48886,326.8976,6702.33,spacetrack,2026-09-04 17:19:00.230000+00:00,321.42184,6702.0757,0.0016833,28.830410833333335,0.055791088420447485,0.21169313317360108,300-350,quiet_control,5.097225471186728
100444,2026-09-06 23:56:34.633000+00:00,0.00091144,15.822008,0.00191578,0.000355,321.83875,326.5974,6702.355,spacetrack,2026-09-05 22:08:49.709000+00:00,321.48886,6702.33,0.00059348,25.79581222222222,0.3255319091199752,0.023259589379177957,300-350,quiet_control,4.925960656576858
100445,2026-09-02 22:52:02.554000+00:00,0.0010202,15.822211,0.0021525,0.0003618,321.7359,326.5857,6702.298,spacetrack,2026-09-01 21:04:18.251000+00:00,321.54987,6702.238,0.0011488,25.795639722222223,0.17308041390243817,0.05582338780872555,300-350,quiet_control,5.651103826192504
100445,2026-09-03 21:37:41.818000+00:00,0.00086079,15.822074,0.00180753,0.0003668,321.7411,326.65793,6702.3364,spacetrack,2026-09-02 22:52:02.554000+00:00,321.7359,6702.298,0.0010202,22.760906666666667,0.005483085618149813,0.040490478411321314,300-350,quiet_control,5.472780229024268
100445,2026-09-04 21:54:13.263000+00:00,0.001986,15.827047,0.00440132,0.0004793,319.5838,326.0073,6700.9326,spacetrack,2026-09-03 21:37:41.818000+00:00,321.7411,6702.3364,0.00086079,24.27540138888889,-2.132825701646217,-1.3878740647897974,300-350,quiet_control,4.244530091017491
100445,2026-09-06 23:58:39.961000+00:00,-0.0022283,15.824255,-0.00441765,0.0004845,320.3366,326.8306,6701.7207,spacetrack,2026-09-05 07:00:40.238000+00:00,324.1323,6705.7925,-0.014196,40.966589722222224,-2.2236852180689333,-2.385436538960512,300-350,quiet_control,4.73040012422589
100446,2026-09-02 22:53:44.005000+00:00,0.001208,15.822244,0.00256198,0.0003989,321.4781,326.8252,6702.2886,spacetrack,2026-09-01 22:37:02.074000+00:00,321.13403,6702.264,0.0010486,24.278314166666664,0.3401257576334207,0.024317998191335653,300-350,quiet_control,5.629298808054938
100446,2026-09-03 21:39:23.213000+00:00,0.0010527,15.822228,0.00222352,0.0004407,321.2022,327.1096,6702.293,spacetrack,2026-09-02 22:53:44.005000+00:00,321.4781,6702.2886,0.001208,22.76089111111111,-0.29092006844877194,0.004639537155193792,300-350,quiet_control,5.472779868704613
100446,2026-09-04 18:53:59.859000+00:00,0.000759,15.82167,0.001587,0.0004949,320.99683,327.6309,6702.4507,spacetrack,2026-09-03 21:39:23.213000+00:00,321.2022,6702.293,0.0010527,21.243512777777777,-0.23201812485345402,0.17816262496732604,300-350,quiet_control,4.460712084575467
100446,2026-09-06 17:57:57.236000+00:00,-0.0063326,15.783882,-0.00980348,0.0005153,331.5477,338.46628,6713.144,spacetrack,2026-09-05 22:12:46.190000+00:00,320.87863,6702.391,-2.4628e-05,19.753068333333335,12.962931919184577,13.06490696255618,300-350,quiet_control,4.609226926573405
100447,2026-09-02 22:55:33.639000+00:00,0.001162,15.82188,0.00245711,0.00041,321.50616,327.00214,6702.391,spacetrack,2026-09-01 22:38:51.440000+00:00,321.23044,6702.284,0.00093356,24.278388611111108,0.2725584513039889,0.10577308243694745,300-350,quiet_control,5.629299944730223
100447,2026-09-03 21:41:12.420000+00:00,0.00079988,15.82214,0.00167749,0.0003785,321.6443,326.71796,6702.3184,spacetrack,2026-09-02 22:55:33.639000+00:00,321.50616,6702.391,0.001162,22.7607725,0.14566113694072313,-0.07655276199383239,300-350,quiet_control,5.472777121251046
100447,2026-09-04 21:57:54.591000+00:00,0.00069887,15.821816,0.0014596,0.0004104,321.52155,327.0229,6702.409,spacetrack,2026-09-03 21:41:12.420000+00:00,321.6443,6702.3184,0.00079988,24.278380833333333,-0.12134252363136022,0.08956116204436465,300-350,quiet_control,4.234616346085957
100447,2026-09-05 20:43:33.293000+00:00,0.0011454,15.822625,0.00242951,0.0003684,321.57474,326.5129,6702.1807,spacetrack,2026-09-04 21:57:54.591000+00:00,321.52155,6702.409,0.00069887,22.760750555555557,0.056086023915811106,-0.24073019853279476,300-350,quiet_control,5.6905637094422135
100447,2026-09-06 19:29:13.113000+00:00,0.00084749,15.822077,0.00177902,0.0003685,321.72885,326.6685,6702.3354,spacetrack,2026-09-05 20:43:33.293000+00:00,321.57474,6702.1807,0.0011454,22.761061111111115,0.1624985751738318,0.16312069028226017,300-350,quiet_control,4.633792117190397
100448,2026-09-02 22:57:40.477000+00:00,0.00089534,15.82227,0.00188363,0.0003906,321.5261,326.76193,6702.2812,spacetrack,2026-09-01 22:40:58.542000+00:00,321.2697,6702.2017,0.0011666,24.27831527777778,0.2534607500394438,0.07858864909642438,300-350,quiet_control,5.629298825020292
100448,2026-09-03 21:43:20.083000+00:00,0.0010677,15.822224,0.00225604,0.0004082,321.42142,326.89316,6702.2944,spacetrack,2026-09-02 22:57:40.477000+00:00,321.5261,6702.2812,0.00089534,22.761001666666665,-0.11037827055206621,0.013918543859601389,300-350,quiet_control,5.472782429537189
100448,2026-09-04 22:00:02.013000+00:00,0.00082376,15.821943,0.00172717,0.0004037,321.53076,326.94226,6702.3735,spacetrack,2026-09-03 21:43:20.083000+00:00,321.42142,6702.2944,0.0010677,24.27831388888889,0.10808658344269757,0.07819323898217795,300-350,quiet_control,4.228779936552888
100448,2026-09-05 20:45:39.249000+00:00,0.0012846,15.823623,0.00274786,0.0003796,321.21814,326.30624,6701.8994,spacetrack,2026-09-04 22:00:02.013000+00:00,321.53076,6702.3735,0.00082376,22.760343333333335,-0.32964704838223224,-0.4999221599316912,300-350,quiet_control,5.6906297400610395
100448,2026-09-06 22:33:25.721000+00:00,0.00050984,15.821884,0.00105955,0.000393,321.61917,326.88727,6702.39,spacetrack,2026-09-05 20:45:39.249000+00:00,321.21814,6701.8994,0.0012846,25.796242222222222,0.37310550572007595,0.456438573439157,300-350,quiet_control,4.799965137041062
100449,2026-09-04 21:51:40.770000+00:00,0.0014472,15.82206,0.00308576,0.0004144,321.42618,326.98108,6702.341,spacetrack,2026-09-03 21:34:58.964000+00:00,321.6969,6702.332,0.00087019,24.278279444444443,-0.2676169872279692,0.008896841330730139,300-350,quiet_control,4.25171713271005
100449,2026-09-05 14:33:09.641000+00:00,0.0012248,15.822321,0.00259973,0.0004138,321.35635,326.90314,6702.2666,spacetrack,2026-09-04 21:51:40.770000+00:00,321.42618,6702.341,0.0014472,16.691353055555556,-0.10040647959581739,-0.10697754664148353,300-350,quiet_control,6.952147012381044
100449,2026-09-06 19:22:59.444000+00:00,0.0010339,15.822171,0.00218193,0.0003761,321.65128,326.69275,6702.309,spacetrack,2026-09-05 14:33:09.641000+00:00,321.35635,6702.2666,0.0012248,28.830500833333332,0.24551498570622587,0.03529595291768099,300-350,quiet_control,4.1114680504789085
100450,2026-09-02 22:58:36.508000+00:00,0.00061294,15.821796,0.00127693,0.0003736,321.77393,326.78195,6702.415,spacetrack,2026-09-01 22:41:54.225000+00:00,321.55914,6702.199,0.0011351,24.278411944444443,0.212326902261803,0.21352302662426076,300-350,quiet_control,5.629300301000148
100450,2026-09-03 21:44:15.665000+00:00,0.0011066,15.822281,0.00234109,0.0003795,321.5977,326.68472,6702.2783,spacetrack,2026-09-02 22:58:36.508000+00:00,321.77393,6702.415,0.00061294,22.760876944444448,-0.18582412313569188,-0.14414207361202938,300-350,quiet_control,5.472779540555928
100450,2026-09-04 18:58:52.470000+00:00,0.0013541,15.821387,0.00287098,0.0004099,321.64612,327.14087,6702.5303,spacetrack,2026-09-03 21:44:15.665000+00:00,321.5977,6702.2783,0.0011066,21.243556944444443,0.05470270364984329,0.2846980859102993,300-350,quiet_control,4.449236863386226
100450,2026-09-05 14:42:26.374000+00:00,0.0013129,15.822421,0.00279434,0.0004049,321.3879,326.8154,6702.239,spacetrack,2026-09-04 18:58:52.470000+00:00,321.64612,6702.5303,0.0013541,19.726084444444442,-0.31416675810415257,-0.3544139750444771,300-350,quiet_control,6.316149862708575
100450,2026-09-06 21:03:18.657000+00:00,0.00087243,15.822147,0.00183323,0.0003794,321.6361,326.72183,6702.316,spacetrack,2026-09-05 14:42:26.374000+00:00,321.3879,6702.239,0.0013129,30.34785638888889,0.19628404470046404,0.06089392200636656,300-350,quiet_control,4.210988176787116
100451,2026-09-02 22:58:52.878000+00:00,0.0012606,15.822265,0.00267752,0.0004193,321.33536,326.9559,6702.2827,spacetrack,2026-09-01 22:42:10.952000+00:00,321.47516,6702.2456,0.0011192,24.27831277777778,-0.13819741226301074,0.036674706687373534,300-350,quiet_control,5.629298786848244
100451,2026-09-03 21:44:32.173000+00:00,0.0011879,15.822278,0.0025188,0.0004636,321.0347,327.24905,6702.279,spacetrack,2026-09-02 22:58:52.878000+00:00,321.33536,6702.2827,0.0012606,22.760915277777777,-0.3170276727423569,-0.003901424828458664,300-350,quiet_control,5.472780428486724
100451,2026-09-04 22:01:13.896000+00:00,0.0014059,15.822043,0.00299392,0.0003528,321.84354,326.5727,6702.345,spacetrack,2026-09-03 21:44:32.173000+00:00,321.0347,6702.279,0.0011879,24.278256388888888,0.7995697750718572,0.06524356504943303,300-350,quiet_control,4.225485966678254
100451,2026-09-05 16:13:45.605000+00:00,0.00087729,15.821921,0.00184256,0.0005493,320.56113,327.92438,6702.38,spacetrack,2026-09-04 22:01:13.896000+00:00,321.84354,6702.345,0.0014059,18.208808055555558,-1.6902720873379873,0.046131520384730576,300-350,quiet_control,6.613152038492237
100451,2026-09-06 22:34:37.463000+00:00,0.00092163,15.8224125,0.0019415,0.0003702,321.62274,326.58508,6702.2407,spacetrack,2026-09-05 16:13:45.605000+00:00,320.56113,6702.38,0.00087729,30.347738333333332,0.8395564677719495,-0.11016306926317479,300-350,quiet_control,4.38265835259296
100452,2026-09-02 22:59:44.840000+00:00,0.00089897,15.822211,0.00189087,0.0003793,321.61862,326.703,6702.298,spacetrack,2026-09-01 22:43:03.100000+00:00,321.52277,6702.264,0.001032,24.278261111111114,0.09475143172210951,0.03361031485151011,300-350,quiet_control,5.629297997957478
100452,2026-09-03 21:45:24.291000+00:00,0.0012159,15.822189,0.00257851,0.0004026,321.46872,326.86542,6702.304,spacetrack,2026-09-02 22:59:44.840000+00:00,321.61862,6702.298,0.00089897,22.76095861111111,-0.15806012661715546,0.0063266228135581675,300-350,quiet_control,5.472781432230978
100452,2026-09-04 22:02:06.317000+00:00,0.00071228,15.821972,0.00148932,0.0004339,321.32028,327.1366,6702.365,spacetrack,2026-09-03 21:45:24.291000+00:00,321.46872,6702.304,0.0012159,24.278340555555555,-0.1467382003250068,0.06030066168001182,300-350,quiet_control,4.22309304363265
100452,2026-09-05 17:45:40.094000+00:00,0.0011112,15.822208,0.00235054,0.0004537,321.12067,327.20233,6702.2983,spacetrack,2026-09-04 22:02:06.317000+00:00,321.32028,6702.365,0.00071228,19.726049166666666,-0.2428585653175524,-0.08115157710803356,300-350,quiet_control,6.258328633893111
100452,2026-09-06 21:04:27.362000+00:00,0.0011152,15.822376,0.00236079,0.0003661,321.66058,326.568,6702.2515,spacetrack,2026-09-05 17:45:40.094000+00:00,321.12067,6702.2983,0.0011112,27.313129999999997,0.4744179813884064,-0.04112307890021452,300-350,quiet_control,4.427296647762043
100453,2026-09-02 23:00:38.614000+00:00,0.001194,15.822471,0.00253401,0.0004121,321.32568,326.84967,6702.2246,spacetrack,2026-09-01 19:41:51.799000+00:00,321.57217,6702.307,0.00088893,27.313004166666666,-0.2165913337069285,-0.07240507078379628,300-350,quiet_control,5.670486631749436
100453,2026-09-03 21:46:18.143000+00:00,0.0010339,15.822206,0.00218244,0.0004105,321.41104,326.91364,6702.2993,spacetrack,2026-09-02 23:00:38.614000+00:00,321.32568,6702.2246,0.001194,22.760980277777776,0.09000666821020162,0.07876637904533765,300-350,quiet_control,5.472781934101672
100453,2026-09-04 22:02:59.952000+00:00,0.00064651,15.821849,0.00134833,0.0003391,321.99045,326.536,6702.4004,spacetrack,2026-09-03 21:46:18.143000+00:00,321.41104,6702.2993,0.0010339,24.278280277777775,0.5727687398323716,0.09994118085206351,300-350,quiet_control,4.2206339916831705
100453,2026-09-05 17:46:33.993000+00:00,0.0011506,15.82224,0.00243702,0.0004894,320.87253,327.43274,6702.2896,spacetrack,2026-09-04 22:02:59.952000+00:00,321.99045,6702.4004,0.00064651,19.7261225,-1.3601294425704107,-0.13480601674298387,300-350,quiet_control,6.258312803238447
100454,2026-09-02 23:01:42.900000+00:00,0.00087776,15.822027,0.0018438,0.000419,321.40457,327.02112,6702.3496,spacetrack,2026-09-01 22:45:00.810000+00:00,321.50046,6702.208,0.0011783,24.278358333333333,-0.09479059368030848,0.13997651543565592,300-350,quiet_control,5.629299482426565
100454,2026-09-03 21:47:22.189000+00:00,0.00085391,15.822038,0.00179243,0.0003625,321.78027,326.63947,6702.3467,spacetrack,2026-09-02 23:01:42.900000+00:00,321.40457,6702.3496,0.00087776,22.76091361111111,0.3961528150433372,-0.0030578737381617917,300-350,quiet_control,5.472780389881099
100454,2026-09-04 22:04:03.829000+00:00,0.00081102,15.8221855,0.00170167,0.0003596,321.75806,326.57837,6702.305,spacetrack,2026-09-03 21:47:22.189000+00:00,321.78027,6702.3467,0.00085391,24.278233333333333,-0.021955469027785356,-0.041222109790841815,300-350,quiet_control,4.217707173458073
100454,2026-09-05 14:45:32.808000+00:00,0.0012819,15.822401,0.00272589,0.0003859,321.5208,326.6936,6702.244,spacetrack,2026-09-04 22:04:03.829000+00:00,321.75806,6702.305,0.00081102,16.691383055555555,-0.34114848248626944,-0.08770992764001162,300-350,quiet_control,6.9892414381013195
100454,2026-09-06 18:03:54.373000+00:00,0.028155,15.880978,0.06201348,0.0037726,282.39368,332.83902,6685.7534,spacetrack,2026-09-05 14:45:32.808000+00:00,321.5208,6702.244,0.0012819,27.305990277777777,-34.389922154342095,-14.494050425341726,300-350,quiet_control,4.013590200725695
100455,2026-09-02 23:01:53.369000+00:00,0.0010469,15.822269,0.00221121,0.0003835,321.5742,326.71484,6702.2817,spacetrack,2026-09-01 22:45:11.461000+00:00,321.2031,6702.287,0.00087471,24.278307777777776,0.36684599608513235,-0.0052392448922494745,300-350,quiet_control,5.6292987105041234
100455,2026-09-03 21:47:32.747000+00:00,0.00060768,15.82189,0.0012663,0.0003556,321.8681,326.63483,6702.3887,spacetrack,2026-09-02 23:01:53.369000+00:00,321.5742,6702.2817,0.0010469,22.760938333333332,0.30989935022451204,0.11282487401937644,300-350,quiet_control,5.472780962530615
100455,2026-09-04 22:04:14.485000+00:00,0.0008535,15.822106,0.00179216,0.0003673,321.7286,326.65213,6702.327,spacetrack,2026-09-03 21:47:32.747000+00:00,321.8681,6702.3887,0.00060768,24.278260555555555,-0.13790114791544256,-0.060992837465284166,300-350,quiet_control,4.217221492780842
100455,2026-09-05 17:47:58.944000+00:00,0.00056895,15.817562,0.00116014,0.00019,324.2004,326.74777,6703.611,spacetrack,2026-09-04 22:04:14.485000+00:00,321.7286,6702.327,0.0008535,19.72901638888889,3.006901045173784,1.561963323085218,300-350,quiet_control,6.257688185981114
100456,2026-09-02 23:02:03.624000+00:00,0.0011624,15.82259,0.00246644,0.0004217,321.22763,326.88025,6702.191,spacetrack,2026-09-01 22:45:22.121000+00:00,321.22018,6702.26,0.0010102,24.278195277777776,0.007364633077254791,-0.06820935333384179,300-350,quiet_control,5.629296992753089
100456,2026-09-03 21:47:43.306000+00:00,0.0011812,15.822246,0.00250388,0.0004887,320.87576,327.42657,6702.288,spacetrack,2026-09-02 23:02:03.624000+00:00,321.22763,6702.191,0.0011624,22.76102277777778,-0.3710237489083344,0.10228011380345148,300-350,quiet_control,5.472782918537565
100456,2026-09-04 22:04:25.752000+00:00,0.00055981,15.821423,0.0011624,0.0003459,322.06506,326.70187,6702.5205,spacetrack,2026-09-03 21:47:43.306000+00:00,320.87576,6702.288,0.0011812,24.278457222222222,1.175659546187074,0.22983338475454435,300-350,quiet_control,4.216720296363331
100456,2026-09-06 21:12:09.914000+00:00,-0.0084393,15.746424,-0.01110249,0.0003987,342.96817,348.3297,6723.786,spacetrack,2026-09-05 22:21:42.322000+00:00,327.84558,6709.1978,-0.0085146,22.84099777777778,15.88994331732346,15.328437199036696,300-350,quiet_control,4.805810147036775
100457,2026-09-02 23:04:32.777000+00:00,0.00087398,15.822134,0.00183642,0.0003767,321.6578,326.70734,6702.32,spacetrack,2026-09-01 22:47:51.039000+00:00,321.71658,6702.3726,0.00060283,24.278260555555555,-0.05810630447647526,-0.05199713534299075,300-350,quiet_control,5.629297989474763
100457,2026-09-03 21:50:12.085000+00:00,0.00091259,15.82216,0.00191977,0.0003865,321.58502,326.76593,6702.3125,spacetrack,2026-09-02 23:04:32.777000+00:00,321.6578,6702.32,0.00087398,22.76091888888889,-0.07674206865405772,-0.007908292317709764,300-350,quiet_control,5.472780512132224
100457,2026-09-04 22:06:54.192000+00:00,0.0006853,15.821803,0.0014305,0.0003639,321.83704,326.71506,6702.413,spacetrack,2026-09-03 21:50:12.085000+00:00,321.58502,6702.3125,0.00091259,24.278363055555555,0.24913047004692204,0.09934771938577697,300-350,quiet_control,4.209919950785626
100457,2026-09-05 17:50:27.953000+00:00,0.0010124,15.822062,0.00213491,0.0005002,320.8506,327.5556,6702.3403,spacetrack,2026-09-04 22:06:54.192000+00:00,321.83704,6702.413,0.0006853,19.726044722222223,-1.2001676125842902,-0.08845158898111637,300-350,quiet_control,6.258329593330509
100457,2026-09-06 18:07:09.894000+00:00,0.0011738,15.822377,0.00248837,0.0003327,321.88406,326.34372,6702.251,spacetrack,2026-09-05 17:50:27.953000+00:00,320.8506,6702.3403,0.0010124,24.278316944444445,1.0216128266533488,-0.08827630040812044,300-350,quiet_control,4.24388124286622
100458,2026-09-02 23:05:14.662000+00:00,0.00099624,15.822399,0.00210275,0.0003982,321.43903,326.7767,6702.2446,spacetrack,2026-09-01 22:48:33.086000+00:00,321.42502,6702.2417,0.0011158,24.278215555555555,0.01384945278330774,0.0028667675287151542,300-350,quiet_control,5.629297302373586
100458,2026-09-03 21:50:54.256000+00:00,0.00093411,15.822194,0.00196651,0.0004002,321.48352,326.84805,6702.3027,spacetrack,2026-09-02 23:05:14.662000+00:00,321.43903,6702.2446,0.00099624,22.760998333333333,0.046911826289982195,0.06126269065986399,300-350,quiet_control,5.4727823523265196
100458,2026-09-04 22:07:36.376000+00:00,0.0008281,15.821891,0.00173593,0.000378,321.7179,326.78488,6702.388,spacetrack,2026-09-03 21:50:54.256000+00:00,321.48352,6702.3027,0.00093411,24.278366666666667,0.231692686630472,0.08432198212099422,300-350,quiet_control,4.207989646017739
100458,2026-09-05 17:51:10.254000+00:00,0.0011121,15.822064,0.0023514,0.0005357,320.61188,327.7928,6702.3394,spacetrack,2026-09-04 22:07:36.376000+00:00,321.7179,6702.388,0.0008281,19.726077222222223,-1.3456542677474967,-0.05912985064703534,300-350,quiet_control,6.258322577454508
100458,2026-09-06 21:09:57.323000+00:00,0.0013076,15.822659,0.00278522,0.0002414,322.41656,325.65237,6702.1714,spacetrack,2026-09-05 17:51:10.254000+00:00,320.61188,6702.3394,0.0011121,27.313074722222222,1.5857723980362075,-0.14762160763656124,300-350,quiet_control,4.440724557751233
100459,2026-09-02 23:05:28.899000+00:00,0.00099219,15.8223,0.00209291,0.000379,321.59573,326.67606,6702.273,spacetrack,2026-09-01 22:48:46.875000+00:00,321.48428,6702.26,0.00080545,24.27834,0.11017227701728277,0.012850960979954938,300-350,quiet_control,5.629299202499018
100459,2026-09-03 21:51:08.309000+00:00,0.0011773,15.822306,0.00249581,0.0004296,321.25485,327.01343,6702.271,spacetrack,2026-09-02 23:05:28.899000+00:00,321.59573,6702.273,0.00099219,22.760947222222224,-0.359436710613395,-0.002108875326722562,300-350,quiet_control,5.472781168426769
100459,2026-09-04 22:07:50.333000+00:00,0.00067605,15.821828,0.00141104,0.000381,321.71548,326.82272,6702.4062,spacetrack,2026-09-03 21:51:08.309000+00:00,321.25485,6702.271,0.0011773,24.27834,0.45534908894104364,0.13364999419296986,300-350,quiet_control,4.207348928212463
100459,2026-09-05 17:51:24.174000+00:00,0.0011393,15.822195,0.00241207,0.0005023,320.7987,327.53183,6702.3022,spacetrack,2026-09-04 22:07:50.333000+00:00,321.71548,6702.4062,0.00067605,19.726066944444444,-1.1154134304607108,-0.12653307965729188,300-350,quiet_control,6.258324796147838
100473,2026-09-06 16:17:20.540000+00:00,-0.00065205,15.862213,-0.00163583,0.0001508,311.8789,313.8969,6691.025,spacetrack,2026-09-05 16:06:14.854000+00:00,305.17416,6683.68,-0.0037253,24.18491277777778,6.653476962209904,7.288841668346166,300-350,quiet_control,4.162051993709669
100474,2026-09-02 15:50:43.903000+00:00,-0.0011464,15.998424,-0.00600486,0.0001398,273.92566,275.78583,6652.9927,spacetrack,2026-09-01 15:52:26.133000+00:00,266.37057,6645.1416,-0.00083734,23.97160277777778,7.564039905086777,7.860400564232284,250-300,quiet_control,5.804307735877763
100474,2026-09-03 17:21:50.060000+00:00,-0.0018822,15.96629,-0.00821061,4.89e-05,283.4534,284.10495,6661.916,spacetrack,2026-09-02 15:50:43.903000+00:00,273.92566,6652.9927,-0.0011464,25.518376944444448,8.960826956111807,8.392351929993467,250-300,quiet_control,5.243331861590771
100474,2026-09-04 15:55:55.402000+00:00,-0.0023332,15.926151,-0.00820879,6.1e-05,294.56088,295.375,6673.105,spacetrack,2026-09-03 17:21:50.060000+00:00,283.4534,6661.916,-0.0018822,22.568150555555558,11.812200532062512,11.898892615898493,250-300,quiet_control,5.170148019070434
100474,2026-09-05 16:04:01.774000+00:00,-0.0033967,15.883861,-0.00873265,0.0001761,305.63004,307.98447,6684.9443,spacetrack,2026-09-04 15:55:55.402000+00:00,294.56088,6673.105,-0.0023332,24.135103333333333,11.007197124078342,11.773026039112871,250-300,quiet_control,5.604707997244954
100474,2026-09-06 16:16:20.078000+00:00,-0.0038912,15.836646,-0.00799929,0.0001101,319.35,320.82495,6698.2246,spacetrack,2026-09-05 16:04:01.774000+00:00,305.63004,6684.9443,-0.0033967,24.205084444444445,13.603713746827127,13.167778890899136,300-350,quiet_control,4.159556353082108
100475,2026-09-02 17:21:36.874000+00:00,-0.0011151,15.995251,-0.00573926,0.0001888,274.4792,276.9917,6653.8726,spacetrack,2026-09-01 15:53:13.296000+00:00,266.22852,6645.42,-0.0007501,25.47321611111111,7.773510778390773,7.963752951929173,250-300,quiet_control,5.696917518311009
100475,2026-09-03 15:52:44.518000+00:00,-0.0016032,15.96584,-0.00698716,9.38e-05,283.2794,284.5292,6662.0415,spacetrack,2026-09-02 17:21:36.874000+00:00,274.4792,6653.8726,-0.0011151,22.51879,9.379047453260164,8.706222670046385,250-300,quiet_control,5.27706975177421
100475,2026-09-04 15:56:52.803000+00:00,-0.0021165,15.930997,-0.00764285,8.01e-05,293.0803,294.1491,6671.7515,spacetrack,2026-09-03 15:52:44.518000+00:00,283.2794,6662.0415,-0.0016032,24.06896805555556,9.772816161335461,9.682176629347056,250-300,quiet_control,5.219243496856285
100475,2026-09-05 14:33:04.770000+00:00,-0.00062491,15.912816,-0.00208269,0.0001164,297.91843,299.47278,6676.8325,spacetrack,2026-09-04 15:56:52.803000+00:00,293.0803,6671.7515,-0.0021165,22.603324166666667,5.13708157011859,5.3949586839901675,250-300,quiet_control,5.789441516142777
100475,2026-09-06 16:13:17.697000+00:00,-0.0039334,15.863669,-0.00910027,5.26e-05,312.1267,312.83057,6690.6157,spacetrack,2026-09-05 14:33:04.770000+00:00,297.91843,6676.8325,-0.00062491,25.670257499999998,13.283796627283568,12.886384174369752,250-300,quiet_control,4.086757700034759
100476,2026-09-03 17:25:21.320000+00:00,-0.0013472,15.966688,-0.00590799,0.0001685,282.5459,284.79092,6661.805,spacetrack,2026-09-02 15:54:04.343000+00:00,271.68356,6653.5425,-0.00037737,25.5213825,10.214813402056116,7.769955252228888,250-300,quiet_control,5.2477841973403185
100476,2026-09-04 22:01:03.763000+00:00,-0.00047196,15.919614,-0.00163829,0.0004165,294.01453,299.57477,6674.9316,spacetrack,2026-09-03 17:25:21.320000+00:00,282.5459,6661.805,-0.0013472,28.595123055555554,9.625666567870327,11.017207353433076,250-300,quiet_control,4.598682450153238
100477,2026-09-02 15:55:26.702000+00:00,-0.00038332,15.994069,-0.00198914,0.0005717,272.25894,279.86737,6654.2,spacetrack,2026-09-01 15:56:35.707000+00:00,267.8043,6646.8794,-0.00074705,23.980831944444443,4.458200626553634,7.3264514094851005,250-300,quiet_control,5.797831543584085
100477,2026-09-03 17:27:07.035000+00:00,-0.00065198,15.960782,-0.00279055,0.0001987,283.9878,286.63583,6663.4487,spacetrack,2026-09-02 15:55:26.702000+00:00,272.25894,6654.2,-0.00038332,25.527870277777776,11.026875212737258,8.695155435399876,250-300,quiet_control,5.249767723910206
100477,2026-09-04 22:02:54.514000+00:00,-0.00043596,15.921749,-0.00153303,0.0004854,292.958,299.43744,6674.335,spacetrack,2026-09-03 17:27:07.035000+00:00,283.9878,6663.4487,-0.00065198,28.596521944444447,7.528356085339427,9.13646773225025,250-300,quiet_control,4.594447796045594
100477,2026-09-06 16:21:23.222000+00:00,-0.0040224,15.837217,-0.00826797,0.0001714,318.77832,321.0744,6698.0635,spacetrack,2026-09-04 22:02:54.514000+00:00,292.958,6674.335,-0.00043596,42.30797444444445,14.647065668760042,13.46044114562389,250-300,quiet_control,5.222949156656231
100478,2026-09-06 16:21:46.608000+00:00,-0.0041589,15.837901,-0.00854637,0.0001074,319.01428,320.453,6697.8706,spacetrack,2026-09-05 04:05:09.411000+00:00,301.8376,6680.748,-0.00078724,36.27699916666667,11.3636830352492,11.327904993244625,300-350,quiet_control,5.046102880753252
100479,2026-09-02 15:56:05.778000+00:00,-0.00036998,15.992994,-0.00190898,0.000515,272.9343,279.78842,6654.4985,spacetrack,2026-09-01 17:26:59.830000+00:00,269.2855,6647.6426,-0.00082813,22.484985555555557,3.894652268449552,7.317843260047585,250-300,quiet_control,5.783416509001785
100479,2026-09-03 17:27:51.978000+00:00,-0.0010251,15.959725,-0.00433957,0.0001352,284.70486,286.50674,6663.7427,spacetrack,2026-09-02 15:56:05.778000+00:00,272.9343,6654.4985,-0.00036998,25.5295,11.065372999862895,8.690369964159197,250-300,quiet_control,5.250665961599979
100479,2026-09-04 16:01:58.114000+00:00,-0.0029904,15.928531,-0.01062652,5.8e-05,293.91632,294.69034,6672.4404,spacetrack,2026-09-03 17:27:51.978000+00:00,284.70486,6663.7427,-0.0010251,22.568371111111112,9.795790706895882,9.249440244149627,250-300,quiet_control,5.152298689010884
100480,2026-09-04 16:03:22.283000+00:00,-0.0028706,15.921157,-0.00982309,3.21e-05,296.14902,296.5775,6674.5005,spacetrack,2026-09-03 15:58:35.007000+00:00,285.63364,6664.3833,-0.0023369,24.079798888888888,10.480532713936004,10.083672256583224,250-300,quiet_control,5.201622946371045
100480,2026-09-05 23:44:36.073000+00:00,-0.000224,15.878065,-0.00061971,0.0002734,306.60577,310.262,6686.571,spacetrack,2026-09-04 16:03:22.283000+00:00,296.14902,6674.5005,-0.0028706,31.687163888888886,7.91998933322019,9.142250818527058,250-300,quiet_control,4.918743613234907
100480,2026-09-06 16:23:16.748000+00:00,-0.0035854,15.840921,-0.00756944,0.0003467,316.56033,321.20404,6697.019,spacetrack,2026-09-05 23:44:36.073000+00:00,306.60577,6686.571,-0.000224,16.644631944444445,14.353542979948095,15.065037234644432,300-350,quiet_control,4.8178020691522585
100481,2026-09-02 12:58:09.274000+00:00,-0.00037893,15.9933405,-0.00195517,4.24e-05,275.9832,276.5475,6654.4023,spacetrack,2026-09-01 15:58:56.596000+00:00,269.42682,6648.2324,-0.00078355,20.986855,7.497698916774322,7.055730837231062,250-300,quiet_control,5.857053379365323
100481,2026-09-03 17:30:22.494000+00:00,-0.0018761,15.953461,-0.00763787,0.0001624,286.2678,288.43274,6665.4873,spacetrack,2026-09-02 12:58:09.274000+00:00,275.9832,6654.4023,-0.00037893,28.537005555555556,8.649484947517474,9.322631958776364,250-300,quiet_control,5.264113399735743
100481,2026-09-04 14:34:21.774000+00:00,-0.0023777,15.928641,-0.00847355,0.0001577,293.2201,295.32455,6672.409,spacetrack,2026-09-03 17:30:22.494000+00:00,286.2678,6665.4873,-0.0018761,21.066466666666667,7.920416965983831,7.8855558755303194,250-300,quiet_control,5.3082506321262555
100482,2026-09-02 15:58:47.345000+00:00,-0.0012066,15.98682,-0.00591793,0.0001075,277.35886,278.78995,6656.2114,spacetrack,2026-09-01 17:29:18.313000+00:00,270.25085,6648.9297,-0.00077415,22.49139777777778,7.584777152825516,7.770117345604913,250-300,quiet_control,5.779487421808377
100482,2026-09-03 16:00:46.674000+00:00,-0.0013939,15.95709,-0.00580127,0.0001291,285.4791,287.19986,6664.4766,spacetrack,2026-09-02 15:58:47.345000+00:00,277.35886,6656.2114,-0.0012066,24.033146944444443,8.109040420320436,8.253800488905602,250-300,quiet_control,5.207745705008876
100482,2026-09-04 16:04:51.528000+00:00,-0.0025299,15.935006,-0.00931412,9.17e-05,291.8839,293.1073,6670.633,spacetrack,2026-09-03 16:00:46.674000+00:00,285.4791,6664.4766,-0.0013939,24.068015000000003,6.386700357299892,6.139002323207642,250-300,quiet_control,5.197112017754684
100483,2026-09-02 15:57:30.982000+00:00,-0.00038496,15.990519,-0.00195764,0.0005174,273.60468,280.4915,6655.185,spacetrack,2026-09-01 15:58:20.224000+00:00,269.62106,6647.8696,-0.00080241,23.98632166666667,3.985891681460372,7.319571647535916,250-300,quiet_control,5.794999321256681
100483,2026-09-03 17:29:39.142000+00:00,-0.0015783,15.951766,-0.00637745,0.000177,286.64255,289.0023,6665.9595,spacetrack,2026-09-02 15:57:30.982000+00:00,273.60468,6655.185,-0.00038496,25.535600000000002,12.253829163990716,10.12656839862736,250-300,quiet_control,5.252698672528635
100483,2026-09-04 16:05:00.878000+00:00,-0.0026472,15.911678,-0.00863684,0.0001742,297.8505,300.17682,6677.151,spacetrack,2026-09-03 17:29:39.142000+00:00,286.64255,6665.9595,-0.0015783,22.589371111111113,11.907848105947942,11.890370859766099,250-300,quiet_control,5.1440970714152
100483,2026-09-05 23:47:35.531000+00:00,-2.4849e-05,15.87414,-7.477e-05,0.0001487,308.5416,310.53052,6687.673,spacetrack,2026-09-04 16:05:00.878000+00:00,297.8505,6677.151,-0.0026472,31.709625833333334,8.091751108910124,7.963764735897312,250-300,quiet_control,4.9198202021603095
100484,2026-09-02 14:29:28.593000+00:00,-0.00083361,15.988895,-0.00415211,0.000253,275.81467,279.1824,6655.6357,spacetrack,2026-09-01 17:29:55.652000+00:00,270.99918,6649.256,-0.0007974,20.992483611111112,5.505387649264517,7.293696297990534,250-300,quiet_control,5.857091706937805
100484,2026-09-03 16:01:32.805000+00:00,-0.0015063,15.957309,-0.00627217,9.48e-05,285.64694,286.91052,6664.4155,spacetrack,2026-09-02 14:29:28.593000+00:00,275.81467,6655.6357,-0.00083361,25.534503333333333,9.241396902047956,8.252175389874667,250-300,quiet_control,5.177583377054132
100484,2026-09-06 16:20:09.621000+00:00,-0.0040657,15.882374,-0.01020254,0.0002282,305.69888,308.75006,6685.3613,spacetrack,2026-09-05 16:12:21.861000+00:00,298.83768,6677.732,-0.002582,24.12993333333333,6.824254245763903,7.588218229639693,250-300,quiet_control,4.168924592967517
100485,2026-09-02 16:00:17.005000+00:00,-0.0011827,15.984501,-0.00572921,0.00026,276.98764,280.44922,6656.8555,spacetrack,2026-09-01 16:00:41.025000+00:00,270.55716,6649.1895,-0.00074257,23.993327777777775,6.432268230126004,7.668131811644116,250-300,quiet_control,5.791214988240943
100485,2026-09-03 16:02:28.144000+00:00,-0.0014785,15.95447,-0.00606445,0.000139,286.14288,287.99582,6665.2065,spacetrack,2026-09-02 16:00:17.005000+00:00,276.98764,6656.8555,-0.0011827,24.0364275,9.141365121751136,8.338343957312858,250-300,quiet_control,5.209926151555684
100485,2026-09-04 16:07:29.464000+00:00,-0.0018924,15.922326,-0.00653926,5.09e-05,295.6969,296.37634,6674.174,spacetrack,2026-09-03 16:02:28.144000+00:00,286.14288,6665.2065,-0.0014785,24.0837,9.520816153664132,8.93633453331481,250-300,quiet_control,5.190348474509961
100485,2026-09-05 16:15:55.926000+00:00,-0.0032136,15.879686,-0.00814126,6.4e-05,307.5509,308.40674,6686.1157,spacetrack,2026-09-04 16:07:29.464000+00:00,295.6969,6674.174,-0.0018924,24.140683888888887,11.784918824563341,11.872107738087726,250-300,quiet_control,5.603874703816617
100485,2026-09-06 21:01:29.298000+00:00,-0.00025926,15.828585,-0.00056492,0.0001572,321.30826,323.4149,6700.4985,spacetrack,2026-09-05 16:15:55.926000+00:00,307.5509,6686.1157,-0.0032136,28.75927,11.4807030915597,12.002641235329888,300-350,quiet_control,4.298362232421059
100486,2026-09-02 16:01:01.137000+00:00,-0.0011093,15.983522,-0.00534762,0.0002531,277.30515,280.67496,6657.127,spacetrack,2026-09-01 16:01:18.409000+00:00,271.20963,6649.538,-0.00076925,23.995202222222222,6.09673878324382,7.590517400655297,250-300,quiet_control,5.7902095196623105
100487,2026-09-02 13:01:34.801000+00:00,-0.00031497,15.987697,-0.00158115,0.0001129,277.07974,278.58264,6655.9683,spacetrack,2026-09-01 17:31:48.721000+00:00,271.562,6650.3306,-0.00077601,19.496133333333333,6.792411486722158,6.940083845685915,250-300,quiet_control,5.846123333857654
100487,2026-09-03 16:04:04.924000+00:00,-0.002241,15.951867,-0.00903004,4.19e-05,287.51486,288.07346,6665.931,spacetrack,2026-09-02 13:01:34.801000+00:00,277.07974,6655.9683,-0.00031497,27.041700833333334,9.261358283029582,8.842076963784884,250-300,quiet_control,5.223421628342472
100487,2026-09-04 22:12:02.328000+00:00,-0.00055695,15.901071,-0.00175495,0.0004527,298.9588,305.00696,6680.12,spacetrack,2026-09-03 16:04:04.924000+00:00,287.51486,6665.931,-0.002241,30.13261222222222,9.114860602674451,11.301243897761662,250-300,quiet_control,4.6458994538623
100487,2026-09-05 16:19:03.502000+00:00,-0.0004389,15.88337,-0.00122999,9.49e-05,306.31036,307.5792,6685.0815,spacetrack,2026-09-04 22:12:02.328000+00:00,298.9588,6680.12,-0.00055695,18.116992777777778,9.738781825669077,6.57261397962615,250-300,quiet_control,6.636531075015608
100487,2026-09-06 14:59:49.449000+00:00,-0.0047684,15.8461,-0.01001798,0.0001118,316.67468,318.1718,6695.56,spacetrack,2026-09-05 16:19:03.502000+00:00,306.31036,6685.0815,-0.0004389,22.67942972222222,10.967810171887672,11.088638606886569,300-350,quiet_control,4.248346105900395
100488,2026-09-02 16:02:23.472000+00:00,-0.0011572,15.981028,-0.00549829,0.000128,278.83057,280.53497,6657.82,spacetrack,2026-09-01 17:32:23.682000+00:00,272.10934,6650.648,-0.00078613,22.499941666666665,7.169330587153426,7.650153167063309,250-300,quiet_control,5.774234673941748
100488,2026-09-03 16:04:47.685000+00:00,-0.0020967,15.952732,-0.00849333,9.14e-05,286.9441,288.16257,6665.6904,spacetrack,2026-09-02 16:02:23.472000+00:00,278.83057,6657.82,-0.0011572,24.04005916666667,8.100010014534389,7.857285154352959,250-300,quiet_control,5.212968104522483
100488,2026-09-04 16:09:52.109000+00:00,-0.0018708,15.921961,-0.00645401,0.0002059,294.7643,297.5128,6674.2754,spacetrack,2026-09-03 16:04:47.685000+00:00,286.9441,6665.6904,-0.0020967,24.08456222222222,7.792742847815932,8.554857592964382,250-300,quiet_control,5.1837967114573065
100489,2026-09-04 16:11:21.169000+00:00,-0.0018433,15.915697,-0.00615752,0.0001342,296.9939,298.78574,6676.027,spacetrack,2026-09-03 16:05:43.743000+00:00,287.0833,6666.3022,-0.0013801,24.093729444444445,9.872045776410276,9.686968575710287,250-300,quiet_control,5.180000153566929
100489,2026-09-05 16:20:54.905000+00:00,-0.0036957,15.867042,-0.00873467,0.0001475,310.54376,312.5172,6689.6675,spacetrack,2026-09-04 16:11:21.169000+00:00,296.9939,6676.027,-0.0018433,24.159371111111113,13.460476206288321,13.550518285197711,250-300,quiet_control,5.601087114390486
100489,2026-09-06 13:32:47.040000+00:00,-0.0048037,15.825271,-0.00922336,0.0001664,322.18182,324.41205,6701.434,spacetrack,2026-09-05 16:20:54.905000+00:00,310.54376,6689.6675,-0.0036957,21.197815277777778,13.176520143224922,13.321938902640511,300-350,quiet_control,4.20018900008498
100490,2026-09-04 16:12:51.100000+00:00,-0.0018308,15.916401,-0.00613773,5.33e-05,297.33698,298.04865,6675.8296,spacetrack,2026-09-03 16:07:16.935000+00:00,286.88354,6666.9146,-0.0014748,24.092823611111108,10.413165515572786,8.880652739321315,250-300,quiet_control,5.175821892099843
100490,2026-09-05 16:21:50.782000+00:00,-0.0033958,15.873424,-0.00832047,5.29e-05,309.3835,310.0911,6687.8745,spacetrack,2026-09-04 16:12:51.100000+00:00,297.33698,6675.8296,-0.0018308,24.149911666666668,11.971740683385566,11.97013073960851,250-300,quiet_control,5.602497648887191
100491,2026-09-02 11:32:55.670000+00:00,-0.00058069,15.984474,-0.00283322,0.0001638,277.63544,279.81622,6656.863,spacetrack,2026-09-01 17:33:37.576000+00:00,272.44153,6651.29,-0.00071784,17.988359444444445,6.929694749817705,7.4354751701004,250-300,quiet_control,5.808142438534402
100491,2026-09-06 14:59:22.349000+00:00,-0.0044073,15.84405,-0.00925353,0.0001536,316.97192,319.029,6696.1377,spacetrack,2026-09-04 16:10:30.775000+00:00,293.4884,6671.991,-0.0026714,46.81432611111111,12.03914542446509,12.379133657174652,250-300,quiet_control,4.947145363989776
100492,2026-09-02 16:05:03.878000+00:00,-0.0011381,15.976477,-0.00527371,0.0001329,280.06207,281.83206,6659.084,spacetrack,2026-09-01 17:34:40.453000+00:00,273.5279,6651.926,-0.00077075,22.506506944444446,6.967766272531696,7.632992557398705,250-300,quiet_control,5.7703410340898325
100492,2026-09-03 16:07:46.523000+00:00,-0.00039816,15.9538765,-0.00165622,0.0001663,286.12598,288.3429,6665.3716,spacetrack,2026-09-02 16:05:03.878000+00:00,280.06207,6659.084,-0.0011381,24.045179166666667,6.052516348131481,6.275786050669419,250-300,quiet_control,5.216841814387719
100492,2026-09-04 16:13:03.126000+00:00,-0.00094405,15.914601,-0.00315629,0.0001004,297.5259,298.86655,6676.333,spacetrack,2026-09-03 16:07:46.523000+00:00,286.12598,6665.3716,-0.00039816,24.087945277777777,11.358298802364247,10.921379842334616,250-300,quiet_control,5.175100251563129
100492,2026-09-05 07:18:21.561000+00:00,-0.0035386,15.887382,-0.00920693,0.0001056,305.11383,306.52548,6683.9565,spacetrack,2026-09-04 16:13:03.126000+00:00,297.5259,6676.333,-0.00094405,15.088454166666667,12.06951474209451,12.126093102646498,250-300,quiet_control,5.61401805850997
100492,2026-09-06 13:31:55.377000+00:00,-0.0036788,15.85221,-0.00814174,0.0001865,314.4541,316.9509,6693.8394,spacetrack,2026-09-05 07:18:21.561000+00:00,305.11383,6683.9565,-0.0035386,30.22606,7.416331470261072,7.8471888165374715,300-350,quiet_control,4.615828912754976
100493,2026-09-03 16:09:14.573000+00:00,0.00064591,15.953027,0.00258194,0.0002544,285.77545,289.1669,6665.6084,spacetrack,2026-09-02 11:36:03.470000+00:00,276.0332,6658.237,0.00017991,28.553084166666668,8.188747619528861,6.195954138170883,250-300,quiet_control,5.2785030237490504
100493,2026-09-05 16:24:08.681000+00:00,-0.003643,15.867763,-0.00865035,0.0001694,310.19476,312.46115,6689.465,spacetrack,2026-09-04 16:14:37.620000+00:00,298.15417,6676.7134,-0.0029805,24.158628055555557,11.961530238201828,12.667871672854995,250-300,quiet_control,5.601197874313618
100494,2026-09-04 16:15:27.239000+00:00,-0.003042,15.899824,-0.00849969,6.02e-05,301.92993,302.73428,6680.469,spacetrack,2026-09-03 16:08:45.967000+00:00,289.0729,6668.567,-0.0022755,24.111464444444444,12.797593473054182,11.846978463633619,250-300,quiet_control,5.169263832907887
100494,2026-09-05 14:55:15.799000+00:00,-0.0039596,15.8593025,-0.00898017,8.52e-05,313.13638,314.27667,6691.8438,spacetrack,2026-09-04 16:15:27.239000+00:00,301.92993,6680.469,-0.003042,22.66348888888889,11.867316692438212,12.04559462748166,300-350,quiet_control,5.828323443874974
100494,2026-09-06 15:09:49.190000+00:00,-0.0042944,15.812262,-0.00787764,7.81e-05,326.4483,327.49564,6705.109,spacetrack,2026-09-05 14:55:15.799000+00:00,313.13638,6691.8438,-0.0039596,24.242608611111113,13.178700573236622,13.132448124996806,300-350,quiet_control,4.120254419815085
100495,2026-09-02 14:37:34.364000+00:00,-0.001118,15.974427,-0.00512714,0.0003862,278.94476,284.08868,6659.654,spacetrack,2026-09-01 17:36:54.689000+00:00,274.5756,6653.2114,-0.00076245,21.011020833333333,4.990706583548872,7.359109356300472,250-300,quiet_control,5.85721778947358
100495,2026-09-03 16:11:06.137000+00:00,-0.0019861,15.938794,-0.00747586,0.0001254,290.60223,292.27496,6669.5757,spacetrack,2026-09-02 14:37:34.364000+00:00,278.94476,6659.654,-0.001118,25.558825833333334,10.946484076554029,9.316578216572232,250-300,quiet_control,5.178366011923279
100495,2026-09-04 16:17:18.585000+00:00,-0.002494,15.910797,-0.0081043,0.0001359,298.35284,300.16776,6677.3975,spacetrack,2026-09-03 16:11:06.137000+00:00,290.60223,6669.5757,-0.0019861,24.10345777777778,7.717342537115,7.788226972690399,250-300,quiet_control,5.163855098337206
100495,2026-09-05 16:27:09.875000+00:00,-0.0037929,15.863656,-0.00880857,0.0001561,311.438,313.5268,6690.6196,spacetrack,2026-09-04 16:17:18.585000+00:00,298.35284,6677.3975,-0.002494,24.16424722222222,12.99621863292288,13.132227835683278,250-300,quiet_control,5.600360449879523
100495,2026-09-06 15:09:01.185000+00:00,-0.0046755,15.835146,-0.00938841,0.0001112,319.76553,321.2553,6698.6475,spacetrack,2026-09-05 16:27:09.875000+00:00,311.438,6690.6196,-0.0037929,22.69758611111111,8.805373356515787,8.488550238638982,300-350,quiet_control,4.253558105970887
100496,2026-09-02 11:36:00.773000+00:00,-0.00025953,15.978603,-0.00124587,0.0001769,279.17822,281.534,6658.493,spacetrack,2026-09-01 16:06:22.250000+00:00,273.7718,6652.5493,-0.0008692,19.494034166666665,6.656091750463347,7.317561813035905,250-300,quiet_control,5.825598680667588
100496,2026-09-05 16:22:06.406000+00:00,-0.0033885,15.890928,-0.00900552,0.0002749,302.9879,306.6622,6682.962,spacetrack,2026-09-04 16:14:41.866000+00:00,291.95743,6670.997,-0.0011968,24.123483333333333,10.974007208743384,11.903753534764679,250-300,quiet_control,5.606444342960421
100496,2026-09-06 13:31:55.354000+00:00,-0.0036489,15.852248,-0.00808267,0.0001879,314.4339,316.94943,6693.8286,spacetrack,2026-09-05 16:22:06.406000+00:00,302.9879,6682.962,-0.0033885,21.163596666666667,12.980024346838302,12.322971568001522,300-350,quiet_control,4.201711224572887
100497,2026-09-04 16:18:11.048000+00:00,-0.0030227,15.904697,-0.00864622,7.4e-05,300.47308,301.4616,6679.1045,spacetrack,2026-09-03 16:11:51.141000+00:00,290.5352,6669.617,-0.0022443,24.105529722222226,9.894373728701973,9.445965412247048,250-300,quiet_control,5.161508758012381
100497,2026-09-05 16:27:14.910000+00:00,-0.0035485,15.878523,-0.00886968,0.0002203,306.8324,309.77844,6686.4424,spacetrack,2026-09-04 16:18:11.048000+00:00,300.47308,6679.1045,-0.0030227,24.151072777777777,6.319540394927502,7.291999060266726,300-350,quiet_control,5.602324451609937
100497,2026-09-06 13:40:55.148000+00:00,-0.0050334,15.81769,-0.00931551,0.0001844,324.20193,326.67422,6703.575,spacetrack,2026-09-05 16:27:14.910000+00:00,306.8324,6686.4424,-0.0035485,21.227843888888888,19.637826723334726,19.369955900948547,300-350,quiet_control,4.216238112213156
100498,2026-09-02 11:38:00.972000+00:00,-0.00022078,15.97507,-0.00104509,0.0001639,280.24658,282.42953,6659.475,spacetrack,2026-09-01 16:08:04.628000+00:00,274.35556,6653.494,-0.00080944,19.498984444444442,7.250863777179013,7.361614160419217,250-300,quiet_control,5.82735528220672
100498,2026-09-03 16:12:38.207000+00:00,-0.0022629,15.936566,-0.00840809,4.82e-05,291.73856,292.38156,6670.1973,spacetrack,2026-09-02 11:38:00.972000+00:00,280.24658,6659.475,-0.00022078,28.577009722222222,9.651377897160641,9.004972966078963,250-300,quiet_control,5.277964925865279
100498,2026-09-04 16:18:51.066000+00:00,-0.0030783,15.907149,-0.00889266,7.98e-05,299.7482,300.81406,6678.418,spacetrack,2026-09-03 16:12:38.207000+00:00,291.73856,6670.1973,-0.0022629,24.103571944444443,7.975222943846983,8.185376028695647,250-300,quiet_control,5.15959592849188
100498,2026-09-05 16:28:55.070000+00:00,-0.0038077,15.8614855,-0.00875527,0.0001763,311.91293,314.27225,6691.2295,spacetrack,2026-09-04 16:18:51.066000+00:00,299.7482,6678.418,-0.0030783,24.16777888888889,12.080279339787648,12.7225592973866,250-300,quiet_control,5.599834324866244
100498,2026-09-06 13:41:12.165000+00:00,-0.004955,15.819794,-0.00926688,0.0001802,323.6358,326.05157,6702.9805,spacetrack,2026-09-05 16:28:55.070000+00:00,311.91293,6691.2295,-0.0038077,21.20474861111111,13.268201625959176,13.300039777514968,300-350,quiet_control,4.2193206985411225
100499,2026-09-02 11:38:38.825000+00:00,-0.00014829,15.973999,-0.0007096,0.0001688,280.51157,282.75992,6659.773,spacetrack,2026-09-01 16:08:36.363000+00:00,274.3925,6653.791,-0.00077349,19.50068388888889,7.530898959070721,7.36220333697125,250-300,quiet_control,5.827909525452256
100499,2026-09-03 16:13:17.251000+00:00,-0.0012331,15.939185,-0.00467021,8.22e-05,290.7813,291.87775,6669.4663,spacetrack,2026-09-02 11:38:38.825000+00:00,280.51157,6659.773,-0.00014829,28.57734055555556,8.624788563541966,8.140687533458102,250-300,quiet_control,5.277605345556123
100499,2026-09-04 22:20:30.998000+00:00,-0.00079249,15.915678,-0.00267356,0.0005332,294.33548,301.4548,6676.032,spacetrack,2026-09-03 16:13:17.251000+00:00,290.7813,6669.4663,-0.0012331,30.120485277777778,2.8319703090219934,5.231549178135559,250-300,quiet_control,4.626590004309267
100499,2026-09-05 16:27:14.767000+00:00,-0.0035479,15.878608,-0.00887094,0.0002023,306.92883,309.63416,6686.4185,spacetrack,2026-09-04 22:20:30.998000+00:00,294.33548,6676.032,-0.00079249,18.112158055555554,16.687155615191493,13.762909932399257,250-300,quiet_control,6.637768715486371
100500,2026-09-04 16:20:56.115000+00:00,-0.0031402,15.89563,-0.00858214,0.0001237,302.68063,304.33368,6681.644,spacetrack,2026-09-03 16:13:55.010000+00:00,290.21497,6669.378,-0.0019264,24.11697361111111,12.405198298270925,12.206506701337721,250-300,quiet_control,5.154301710396337
100500,2026-09-05 16:31:40.729000+00:00,-0.00074511,15.863204,-0.00187214,0.00011,311.87338,313.34534,6690.7466,spacetrack,2026-09-04 16:20:56.115000+00:00,302.68063,6681.644,-0.0031402,24.179059444444444,9.12467255010171,9.03519016122025,300-350,quiet_control,5.598154849649859
100500,2026-09-06 15:14:12.917000+00:00,-0.0050937,15.825341,-0.00972279,0.0001105,322.53644,324.01746,6701.414,spacetrack,2026-09-05 16:31:40.729000+00:00,311.87338,6690.7466,-0.00074511,22.70894111111111,11.269281061933201,11.273867801555904,300-350,quiet_control,4.256244407794933
100501,2026-09-02 16:10:46.233000+00:00,-0.0011978,15.966432,-0.00525066,7.2e-05,283.2601,284.21942,6661.877,spacetrack,2026-09-01 16:09:31.200000+00:00,275.4407,6654.326,-0.00076886,24.0208425,7.812615231959525,7.544448118337616,250-300,quiet_control,5.776901316707216
100501,2026-09-03 16:14:40.694000+00:00,-0.0024032,15.933178,-0.00876791,9.19e-05,292.39273,293.61887,6671.1426,spacetrack,2026-09-02 16:10:46.233000+00:00,283.2601,6661.877,-0.0011978,24.065128055555554,9.107914135923298,9.240524275899588,250-300,quiet_control,5.225394453599706
100501,2026-09-04 16:22:11.888000+00:00,-0.0030158,15.890721,-0.00808397,0.0001111,304.14072,305.62567,6683.02,spacetrack,2026-09-03 16:14:40.694000+00:00,292.39273,6671.1426,-0.0024032,24.125331666666668,11.686958915038074,11.81569662703804,250-300,quiet_control,5.151104911695284
100501,2026-09-05 16:33:37.650000+00:00,-0.0042397,15.847102,-0.00905305,0.0001015,316.46133,317.82047,6695.278,spacetrack,2026-09-04 16:22:11.888000+00:00,304.14072,6683.02,-0.0030158,24.190489444444445,12.223590625526121,12.161473651685835,300-350,quiet_control,5.596454722414899
100502,2026-09-02 19:06:50.572000+00:00,-0.0022664,15.940276,-0.00837799,0.0004988,287.69876,294.3519,6669.162,spacetrack,2026-09-01 23:32:56.234000+00:00,279.45712,6660.504,-0.0019064,19.56509388888889,10.10980888327511,10.620547040564658,250-300,quiet_control,5.539997096302659
100502,2026-09-03 20:45:23.892000+00:00,-0.0016121,15.902099,-0.00490374,0.0004254,298.8534,304.53662,6679.832,spacetrack,2026-09-02 19:06:50.572000+00:00,287.69876,6669.162,-0.0022664,25.64258888888889,10.440106541504544,9.986511155703274,250-300,quiet_control,5.522537939270302
100503,2026-09-03 19:14:03.964000+00:00,0.001163,15.930089,0.00408298,0.0010866,286.61847,301.11807,6672.0054,spacetrack,2026-09-02 20:37:27.627000+00:00,283.28018,6667.5566,0.00078686,22.61009361111111,3.543504125990369,4.722280315882155,250-300,quiet_control,5.3911760918676235
100503,2026-09-05 02:59:50.570000+00:00,-0.0026724,15.8608,-0.00618334,0.0004381,310.35397,316.21698,6691.4224,spacetrack,2026-09-04 16:24:14.861000+00:00,305.4198,6686.393,-0.0018707,10.5932525,11.17882161309757,11.394574046073991,300-350,quiet_control,3.697958467220316
100503,2026-09-06 00:13:02.333000+00:00,-0.0034617,15.826466,-0.00675099,0.0003869,320.36694,325.55225,6701.0967,spacetrack,2026-09-05 02:59:50.570000+00:00,310.35397,6691.4224,-0.0026724,21.21993416666667,11.324789139897184,10.941749308756911,300-350,quiet_control,5.565752880974877
100504,2026-09-02 23:38:18.738000+00:00,0.0028985,15.9476,0.01108779,0.0009612,282.5746,295.39145,6667.12,spacetrack,2026-09-01 14:31:58.331000+00:00,271.6117,6651.9873,0.00094252,33.10566861111111,7.9475694356371775,10.970471681641511,250-300,quiet_control,5.742253514875142
100504,2026-09-04 22:28:37.791000+00:00,-0.0035519,15.856834,-0.00790679,0.0004152,311.6223,317.17978,6692.538,spacetrack,2026-09-03 20:45:57.756000+00:00,298.76135,6680.571,-0.0022211,25.711120833333336,12.005030896974057,11.170574859873044,250-300,quiet_control,4.262436698516805
100504,2026-09-05 22:44:12.703000+00:00,-0.0007913,15.822291,-0.00160511,0.0003925,321.50754,326.76883,6702.2754,spacetrack,2026-09-04 22:28:37.791000+00:00,311.6223,6692.538,-0.0035519,24.259697777777777,9.779419437670022,9.633162050934189,300-350,quiet_control,5.605721913362666
100505,2026-09-02 20:38:28.744000+00:00,-7.9669e-05,15.937675,-0.00030348,0.000573,287.92877,295.57245,6669.8877,spacetrack,2026-09-01 20:33:43.269000+00:00,278.09183,6659.356,-0.0015597,24.079298611111113,9.804544717555014,10.497016714738418,250-300,quiet_control,5.626234960355238
100505,2026-09-03 20:46:42.343000+00:00,-0.0022861,15.900145,-0.00688241,0.0006576,297.84937,306.6354,6680.3794,spacetrack,2026-09-02 20:38:28.744000+00:00,287.92877,6669.8877,-7.9669e-05,24.137110833333335,9.864246041874765,10.432101908910044,250-300,quiet_control,5.493660551452127
100505,2026-09-04 22:29:18.105000+00:00,-0.0037193,15.857572,-0.00827365,0.0003939,311.55746,316.82968,6692.3306,spacetrack,2026-09-03 20:46:42.343000+00:00,297.84937,6680.3794,-0.0022861,25.70993388888889,12.796382963169783,11.15634140638415,250-300,quiet_control,4.260132491805318
100505,2026-09-05 22:44:46.451000+00:00,-0.0011029,15.822421,-0.00222197,0.0003917,321.47632,326.72687,6702.239,spacetrack,2026-09-04 22:29:18.105000+00:00,311.55746,6692.3306,-0.0037193,24.25787388888889,9.81341732958047,9.803068524851524,300-350,quiet_control,5.606765917678094
100506,2026-09-02 22:13:23.192000+00:00,-0.0023154,15.923126,-0.0078222,0.0003018,293.7987,297.82712,6673.9497,spacetrack,2026-09-01 22:07:20.398000+00:00,282.6392,6663.4663,-0.0010936,24.10077611111111,11.112837145378219,10.43956422150267,250-300,quiet_control,5.6265680425183175
100506,2026-09-03 20:52:15.584000+00:00,-0.0028629,15.886335,-0.0074112,0.0003826,303.55573,308.6705,6684.25,spacetrack,2026-09-02 22:13:23.192000+00:00,293.7987,6673.9497,-0.0023154,22.64788666666667,10.339539553800883,10.915243600359345,250-300,quiet_control,5.464453146425533
100506,2026-09-04 21:05:16.945000+00:00,-0.0030739,15.846299,-0.00659907,0.0004082,314.6338,320.1,6695.504,spacetrack,2026-09-03 20:52:15.584000+00:00,303.55573,6684.25,-0.0028629,24.217044722222223,10.978783045151156,11.15313627645698,300-350,quiet_control,4.380349166606839
100506,2026-09-06 21:38:16.057000+00:00,0.00080418,15.822004,0.00168584,0.0004288,321.3454,327.09335,6702.3564,spacetrack,2026-09-05 21:21:34.304000+00:00,321.07474,6702.427,0.00064471,24.27826472222222,0.26755783719803516,-0.06979081987063956,300-350,quiet_control,4.7939441901125255
100507,2026-09-02 19:17:54.461000+00:00,-0.0023029,15.912125,-0.0073567,0.0003985,296.228,301.5496,6677.026,spacetrack,2026-09-01 20:41:22.546000+00:00,284.99084,6666.2715,-0.0018322,22.608865277777777,11.928588042190697,11.416229732400332,250-300,quiet_control,5.601926063540833
100507,2026-09-03 20:59:08.144000+00:00,-0.0026972,15.872736,-0.00659077,0.0005175,306.46948,313.39163,6688.0674,spacetrack,2026-09-02 19:17:54.461000+00:00,296.228,6677.026,-0.0023029,25.687134166666667,9.56881831991051,10.316199474827943,250-300,quiet_control,5.532279297235301
100507,2026-09-04 22:44:23.300000+00:00,-0.0039127,15.829833,-0.00767866,0.0005323,318.4429,325.57587,6700.1465,spacetrack,2026-09-03 20:59:08.144000+00:00,306.46948,6688.0674,-0.0026972,25.75421,11.157868169903125,11.256349932690547,300-350,quiet_control,4.216026902872277
100507,2026-09-06 23:17:46.666000+00:00,0.00071685,15.821921,0.00149874,0.0004414,321.2842,327.20108,6702.38,spacetrack,2026-09-05 23:01:04.426000+00:00,321.65442,6702.3604,0.00078439,24.2784,-0.36597469355478207,0.019375247133785058,300-350,quiet_control,4.930563472972776
100508,2026-09-02 22:09:43.713000+00:00,-0.0020829,15.935326,-0.00750197,0.0003433,290.11627,294.69626,6670.5435,spacetrack,2026-09-01 22:04:43.864000+00:00,279.24323,6660.082,-0.0018571,24.083291388888888,10.835435895626535,10.425319195192035,250-300,quiet_control,5.626296926999262
100508,2026-09-03 20:47:30.048000+00:00,-0.0010312,15.897404,-0.00306944,0.0004118,300.25882,305.7614,6681.147,spacetrack,2026-09-02 22:09:43.713000+00:00,290.11627,6670.5435,-0.0020829,22.6295375,10.756790765167015,11.245656257888788,250-300,quiet_control,5.460513941126724
100508,2026-09-04 22:30:09.530000+00:00,-0.0038884,15.85651,-0.00857514,0.0003769,311.96988,317.0148,6692.6294,spacetrack,2026-09-03 20:47:30.048000+00:00,300.25882,6681.147,-0.0010312,25.710967222222223,10.931733433858216,10.718289888441562,300-350,quiet_control,4.257464664722303
100508,2026-09-05 22:45:45.067000+00:00,-0.00054238,15.822211,-0.00110675,0.0003825,321.59708,326.72433,6702.298,spacetrack,2026-09-04 22:30:09.530000+00:00,311.96988,6692.6294,-0.0038884,24.25987138888889,9.524073573853464,9.565030097656551,300-350,quiet_control,5.607811262441771
100509,2026-09-02 22:20:07.413000+00:00,-0.012454,15.88965,-0.02969336,0.0003639,302.75134,307.61548,6683.3203,spacetrack,2026-09-01 22:12:26.540000+00:00,287.0887,6667.374,-0.0021028,24.12802027777778,15.57953597818434,15.861690913468541,250-300,quiet_control,5.626989703407655
100509,2026-09-03 21:00:07.087000+00:00,-0.0019662,15.87304,-0.00489762,0.0003568,307.4587,312.23123,6687.982,spacetrack,2026-09-02 22:20:07.413000+00:00,302.75134,6683.3203,-0.012454,22.666576111111112,4.984283442112765,4.935937366612153,300-350,quiet_control,5.470586120233765
100509,2026-09-04 21:14:02.884000+00:00,-0.0042513,15.835579,-0.00848925,0.000432,317.49457,323.28207,6698.5254,spacetrack,2026-09-03 21:00:07.087000+00:00,307.4587,6687.982,-0.0019662,24.232165833333337,9.939717384596129,10.442384793022992,300-350,quiet_control,4.351920416340095
100510,2026-09-02 20:49:31.857000+00:00,-0.0024458,15.90999,-0.00772465,0.0003441,297.1883,301.7838,6677.623,spacetrack,2026-09-01 22:12:25.969000+00:00,285.9524,6667.0137,-0.003047,22.618302222222223,11.922274154381974,11.257396664804293,250-300,quiet_control,5.602092150349039
100510,2026-09-03 21:00:19.621000+00:00,-0.0028074,15.871265,-0.00678743,0.0003241,308.17572,312.5112,6688.4805,spacetrack,2026-09-02 20:49:31.857000+00:00,297.1883,6677.623,-0.0024458,24.17993444444444,10.905657358413007,10.776704155203877,250-300,quiet_control,5.503720738880783
100510,2026-09-04 07:36:11.584000+00:00,-0.0035142,15.852785,-0.00768639,0.0003424,313.2487,317.83252,6693.6777,spacetrack,2026-09-03 21:00:19.621000+00:00,308.17572,6688.4805,-0.0028074,10.597767500000002,11.488412064144578,11.769724142373617,300-350,quiet_control,4.848206893050301
100510,2026-09-06 23:19:12.480000+00:00,0.00076717,15.821949,0.00160663,0.0005109,320.81067,327.65915,6702.372,spacetrack,2026-09-05 23:02:30.141000+00:00,321.75842,6702.358,0.0007097,24.278427500000003,-0.9368811056646744,0.013839446562301804,300-350,quiet_control,4.932526073472702
100511,2026-09-02 22:20:17.163000+00:00,-0.0024086,15.90694,-0.00749096,0.0003264,298.15976,302.51947,6678.4766,spacetrack,2026-09-01 22:12:37.443000+00:00,286.1938,6667.051,-0.0029386,24.1277,11.902628099653091,11.365128047845001,250-300,quiet_control,5.6269847519655825
100511,2026-09-03 21:00:32.195000+00:00,-0.0030217,15.870232,-0.00723922,0.0004824,307.40738,313.8607,6688.771,spacetrack,2026-09-02 22:20:17.163000+00:00,298.15976,6678.4766,-0.0024086,22.670842222222223,9.789794213399299,10.89794536869115,250-300,quiet_control,5.470685743283173
100511,2026-09-04 15:11:16.733000+00:00,-0.026122,15.813795,-0.04267361,0.0006416,322.2369,330.84036,6704.676,spacetrack,2026-09-03 21:00:32.195000+00:00,307.40738,6688.771,-0.0030217,18.179038333333335,19.577959706889523,20.997810390227777,300-350,quiet_control,4.968486384608598
100511,2026-09-06 23:19:28.073000+00:00,0.00081722,15.822128,0.00171459,0.0003858,321.59863,326.77014,6702.3213,spacetrack,2026-09-05 21:31:43.581000+00:00,321.0688,6702.3633,0.00066732,25.795692222222222,0.49294742278889925,-0.03907629193763383,300-350,quiet_control,4.878012082379129
100512,2026-09-02 22:20:28.082000+00:00,-0.0018791,15.906467,-0.00583665,0.0002718,298.65677,302.28726,6678.609,spacetrack,2026-09-01 17:41:41.850000+00:00,288.33188,6671.159,-0.015566,28.646175555555555,8.650277225294127,6.2416708873845295,250-300,quiet_control,5.6858219351987955
100512,2026-09-03 21:00:44.480000+00:00,-0.0029526,15.87022,-0.00707985,0.0003492,308.30154,312.973,6688.7744,spacetrack,2026-09-02 22:20:28.082000+00:00,298.65677,6678.609,-0.0018791,22.671221666666668,10.210057640622654,10.761202179003147,250-300,quiet_control,5.470694602327341
100512,2026-09-05 21:31:57.287000+00:00,0.0005557,15.821928,0.00115643,0.0003319,322.01633,326.46536,6702.378,spacetrack,2026-09-04 18:12:48.040000+00:00,312.7824,6694.036,0.0016449,27.31923527777778,8.112025016317602,7.328462819852288,300-350,quiet_control,5.215749420023521
100512,2026-09-06 23:19:41.552000+00:00,0.00057006,15.821513,0.00118457,0.0003643,321.9162,326.79965,6702.495,spacetrack,2026-09-05 21:31:57.287000+00:00,322.01633,6702.378,0.0005557,25.795629166666668,-0.0931599684765519,0.10885565077176182,300-350,quiet_control,4.878304523273835
100513,2026-09-02 19:23:29.342000+00:00,-0.00099994,15.898069,-0.00298629,0.0003504,300.48257,305.16458,6680.9604,spacetrack,2026-09-01 23:46:42.438000+00:00,290.50708,6671.2026,-0.0022169,19.613028888888888,12.20677139448011,11.940389285444768,250-300,quiet_control,5.541121361163209
100513,2026-09-03 05:58:07.876000+00:00,-0.0031407,15.882266,-0.00792804,0.000505,303.8787,310.63092,6685.3916,spacetrack,2026-09-02 19:23:29.342000+00:00,300.48257,6680.9604,-0.00099994,10.577370555555555,7.7058016991935006,10.05437026540988,300-350,quiet_control,6.289513456584227
100513,2026-09-04 21:20:49.281000+00:00,-0.0026924,15.827633,-0.00536351,0.000412,319.8695,325.39096,6700.767,spacetrack,2026-09-03 05:58:07.876000+00:00,303.8787,6685.3916,-0.0031407,39.378168055555555,9.745989185138248,9.370918410409317,300-350,quiet_control,4.591849650474331
100513,2026-09-06 23:25:17.347000+00:00,0.00083321,15.822037,0.00174799,0.0003532,321.84274,326.5773,6702.347,spacetrack,2026-09-05 23:08:35.331000+00:00,321.6007,6702.3105,0.00089708,24.27833777777778,0.23926514463920143,0.03608154759283619,300-350,quiet_control,4.940878686368058
100514,2026-09-04 03:10:56.389000+00:00,-0.0038704,15.844102,-0.00808621,0.0004262,315.13223,320.84003,6696.123,spacetrack,2026-09-03 21:07:18.619000+00:00,312.49652,6693.3555,-0.0037446,6.060491666666667,10.43760860986258,10.959506860691707,300-350,quiet_control,5.4448205293208245
100515,2026-09-02 19:24:28.723000+00:00,0.0052882,15.947175,0.02012114,0.0023356,273.5297,304.6737,6667.239,spacetrack,2026-09-01 22:17:27.923000+00:00,293.22992,6673.681,0.00059351,21.11688888888889,-22.389911813608908,-7.321533054111514,250-300,quiet_control,5.573800854502979
100515,2026-09-03 18:05:59.412000+00:00,0.0010875,15.878696,0.00294262,0.0012611,299.8246,316.689,6686.3936,spacetrack,2026-09-02 19:24:28.723000+00:00,273.5297,6667.239,0.0052882,22.691858055555556,27.810750378173438,20.258825825303852,250-300,quiet_control,5.343369621965118
100515,2026-09-06 23:27:21.581000+00:00,0.00091479,15.822164,0.00192456,0.0003946,321.5297,326.81915,6702.3115,spacetrack,2026-09-05 23:10:39.474000+00:00,321.57877,6702.322,0.00079625,24.278363055555555,-0.0485073889580544,-0.010379612473503188,300-350,quiet_control,4.9437205215201505
100516,2026-09-03 18:06:50.513000+00:00,-0.0018466,15.861137,-0.0043662,0.0004068,310.46857,315.91266,6691.3276,spacetrack,2026-09-02 22:26:57.663000+00:00,301.25436,6682.8633,-0.0028221,19.664680555555556,11.245595339077298,10.330358503718507,300-350,quiet_control,5.2430098943608
100516,2026-09-04 21:24:10.345000+00:00,-0.00036564,15.82232,-0.00075028,0.0003622,321.7026,326.55774,6702.267,spacetrack,2026-09-03 18:06:50.513000+00:00,310.46857,6691.3276,-0.0018466,27.288842222222222,9.880108426895534,9.620987136867434,300-350,quiet_control,4.617547584975512
100516,2026-09-06 23:28:37.083000+00:00,0.00087986,15.822082,0.00184899,0.0004597,321.11646,327.2786,6702.3345,spacetrack,2026-09-05 23:11:55.655000+00:00,321.97107,6702.462,0.00070858,24.278174444444446,-0.8448180503412168,-0.1260391306197423,300-350,quiet_control,4.945455559375986
100517,2026-09-02 23:58:14.894000+00:00,-0.0028208,15.88709,-0.00733346,0.0003182,303.77475,308.02847,6684.0386,spacetrack,2026-09-01 22:18:32.590000+00:00,291.051,6671.839,-0.0022146,25.661751111111112,11.899811461727557,11.40960329372163,250-300,quiet_control,5.649283481823532
100517,2026-09-04 22:56:03.029000+00:00,0.00078124,15.82228,0.00163889,0.0004301,321.25882,327.02414,6702.2783,spacetrack,2026-09-03 18:06:19.158000+00:00,302.8696,6683.606,0.001105,28.828853055555555,15.30901278484787,15.5446766868044,300-350,quiet_control,4.479231189979414
100518,2026-09-02 17:57:14.254000+00:00,-0.0012882,15.891799,-0.00372463,0.0004013,301.89908,307.26263,6682.718,spacetrack,2026-09-01 20:49:29.985000+00:00,290.8101,6672.165,-0.0020203,21.12896361111111,12.595767823654551,11.986958028874108,250-300,quiet_control,5.5784024691014915
100518,2026-09-03 21:11:16.349000+00:00,-0.0024476,15.851603,-0.00545721,0.000333,313.6445,318.10272,6694.0107,spacetrack,2026-09-02 17:57:14.254000+00:00,301.89908,6682.718,-0.0012882,27.23391527777778,10.350699747899075,9.95173838339539,300-350,quiet_control,5.55599182167619
100518,2026-09-05 23:14:49.052000+00:00,0.000772,15.821896,0.00161603,0.0003967,321.591,326.9087,6702.3867,spacetrack,2026-09-04 21:27:05.382000+00:00,321.92624,6702.4478,0.00029425,25.79546388888889,-0.3119060015612123,-0.056847204078743316,300-350,quiet_control,5.430599975210972
100518,2026-09-06 23:31:31.194000+00:00,0.00084193,15.822093,0.00176739,0.0004101,321.44556,326.9428,6702.331,spacetrack,2026-09-05 23:14:49.052000+00:00,321.591,6702.3867,0.000772,24.27837277777778,-0.14377240319808948,-0.05506135078463316,300-350,quiet_control,4.94943197158715
100519,2026-09-02 05:53:02.711000+00:00,-0.0027715,15.912787,-0.00887478,0.0004388,295.77365,301.63324,6676.8403,spacetrack,2026-09-01 22:20:29.620000+00:00,292.43478,6673.1836,-0.0022932,7.542525277777778,10.624144706029924,11.63546647414693,250-300,quiet_control,4.042012159867913
100519,2026-09-03 21:11:57.723000+00:00,-0.0023265,15.850849,-0.00518533,0.0003749,313.57596,318.59528,6694.2227,spacetrack,2026-09-02 05:53:02.711000+00:00,295.77365,6676.8403,-0.0027715,39.315281111111105,10.867414092563918,10.61108017569558,250-300,quiet_control,5.8414909662070045
100519,2026-09-04 21:27:40.252000+00:00,-0.00023583,15.822584,-0.00048684,0.0003502,321.7084,326.40262,6702.1924,spacetrack,2026-09-03 21:11:57.723000+00:00,313.57596,6694.2227,-0.0023265,24.26181361111111,8.04468137166028,7.883697528382418,300-350,quiet_control,4.316501597978689
100519,2026-09-06 23:32:07.268000+00:00,0.00083588,15.822098,0.00175448,0.0004189,321.38525,327.00046,6702.33,spacetrack,2026-09-05 23:15:25.317000+00:00,321.61295,6702.1987,0.0010464,24.27831972222222,-0.2250897122422627,0.1297948143056999,300-350,quiet_control,4.950259519950533
100520,2026-09-04 21:28:16.690000+00:00,-0.00040943,15.821799,-0.00083699,0.0003697,321.79916,326.7549,6702.414,spacetrack,2026-09-03 21:12:24.940000+00:00,313.62408,6694.742,-0.0024147,24.264375,8.086007572830518,7.588408932848659,300-350,quiet_control,4.315010746779543
100520,2026-09-06 23:32:44.209000+00:00,0.00082865,15.82206,0.00173859,0.0004032,321.50122,326.90598,6702.341,spacetrack,2026-09-05 23:16:02.148000+00:00,321.9819,6702.3657,0.00068345,24.27835027777778,-0.47516902376021286,-0.0244168155256055,300-350,quiet_control,4.951103635874215
100521,2026-09-02 21:00:18.617000+00:00,-0.0028255,15.886196,-0.00731607,0.0003588,303.75385,308.5505,6684.289,spacetrack,2026-09-01 20:50:57.815000+00:00,291.70187,6673.0107,-0.0021711,24.15577833333333,11.974257919102463,11.205567308360326,250-300,quiet_control,5.62741833958707
100521,2026-09-03 22:44:13.724000+00:00,-0.0033813,15.844183,-0.0071481,0.000547,314.30038,321.62592,6696.1,spacetrack,2026-09-02 21:00:18.617000+00:00,303.75385,6684.289,-0.0028255,25.731974166666667,9.836661515379927,11.016022251693974,300-350,quiet_control,5.533654125319896
100521,2026-09-05 23:17:17+00:00,0.00083042,15.822104,0.00174271,0.0003893,321.58185,326.8003,6702.328,spacetrack,2026-09-04 21:29:32.957000+00:00,321.74384,6702.4434,0.00068289,25.7955675,-0.1507142651542778,-0.10736728315794376,300-350,quiet_control,5.433772531312254
100521,2026-09-06 23:33:58.929000+00:00,0.00088157,15.822216,0.00185388,0.0004675,321.0261,327.29272,6702.2964,spacetrack,2026-09-05 23:17:17+00:00,321.58185,6702.328,0.00083042,24.278313611111113,-0.5493791790338981,-0.031237754489627755,300-350,quiet_control,4.9528148743719385
100523,2026-09-03 21:19:53.277000+00:00,-0.004633,15.831829,-0.00902761,0.0003576,319.05026,323.8418,6699.583,spacetrack,2026-09-02 16:33:22.512000+00:00,304.55258,6685.93,-0.0032098,28.7752125,12.091807141302606,11.387300788829418,300-350,quiet_control,5.482627857801803
100523,2026-09-05 20:22:13.871000+00:00,0.00092638,15.822271,0.00195046,0.0003705,321.66052,326.62692,6702.281,spacetrack,2026-09-04 21:36:34.895000+00:00,321.84216,6702.431,0.00046543,22.760826666666667,-0.19152907158610882,-0.15816648721566362,300-350,quiet_control,5.690551368374436
100523,2026-09-06 23:41:01.327000+00:00,0.00083555,15.822056,0.00175351,0.0004368,321.27716,327.13232,6702.342,spacetrack,2026-09-05 20:22:13.871000+00:00,321.66052,6702.281,0.00092638,27.313182222222224,-0.33685712360953735,0.053600491809465675,300-350,quiet_control,4.809442237578078
100524,2026-09-03 21:20:22.345000+00:00,-0.0035747,15.8335285,-0.00717279,0.0003726,318.47067,323.46286,6699.104,spacetrack,2026-09-02 22:36:57.078000+00:00,307.4994,6688.739,-0.0031993,22.72368527777778,11.587490179574871,10.947167986140302,300-350,quiet_control,5.471916643215651
100524,2026-09-05 20:22:40.266000+00:00,0.00084854,15.822193,0.00178242,0.0004118,321.4059,326.92593,6702.3027,spacetrack,2026-09-04 21:37:01.463000+00:00,321.90796,6702.41,0.00069027,22.76077861111111,-0.5293948948705349,-0.11314199940132558,300-350,quiet_control,5.690559160352879
100524,2026-09-06 23:41:27.614000+00:00,0.00095859,15.822176,0.00201925,0.0004182,321.36798,326.9738,6702.308,spacetrack,2026-09-05 20:22:40.266000+00:00,321.4059,6702.3027,0.00084854,27.31315222222222,-0.03332021117867177,0.004657097026386577,300-350,quiet_control,4.8105146901755145
100525,2026-09-02 22:37:26.894000+00:00,-0.0029676,15.87003,-0.00711614,0.00056,306.94492,314.4364,6688.8276,spacetrack,2026-09-01 22:26:42.462000+00:00,298.6977,6681.608,-0.0019082,24.179008888888887,8.186161844332586,7.166149811856457,250-300,quiet_control,5.62777630624323
100525,2026-09-03 21:20:50.583000+00:00,-0.0025299,15.835246,-0.00523037,0.0003543,318.10886,322.8555,6698.619,spacetrack,2026-09-02 22:37:26.894000+00:00,306.94492,6688.8276,-0.0029676,22.723246944444444,11.791209269303213,10.34155024475737,300-350,quiet_control,5.471906456443548
100525,2026-09-05 23:25:08.402000+00:00,0.00068087,15.821855,0.00142144,0.0003707,321.7769,326.74606,6702.3984,spacetrack,2026-09-04 21:37:24.290000+00:00,321.9598,6702.43,0.00067636,25.795586666666665,-0.1701686438351624,-0.02940037804940058,300-350,quiet_control,5.443922491823321
100525,2026-09-06 23:41:50.400000+00:00,0.00056701,15.821925,0.00118051,0.0003971,321.58023,326.90326,6702.379,spacetrack,2026-09-05 23:25:08.402000+00:00,321.7769,6702.3984,0.00068087,24.27833277777778,-0.19441532675263856,-0.01917759362905458,300-350,quiet_control,4.96360268560451
100526,2026-09-03 21:25:29.283000+00:00,-0.0025328,15.824864,-0.00500238,0.0004784,320.20572,326.61777,6701.549,spacetrack,2026-09-02 22:41:14.024000+00:00,309.64056,6691.454,-0.0030476,22.737571944444447,11.151755368582966,10.655491298366325,300-350,quiet_control,5.472239163032885
100526,2026-09-05 23:29:56.248000+00:00,0.00060984,15.821948,0.00127122,0.000362,321.80893,326.66147,6702.372,spacetrack,2026-09-04 21:42:11.879000+00:00,321.80026,6702.432,0.00052326,25.795658055555556,0.00806647380546541,-0.05582334813426659,300-350,quiet_control,5.450112238419451
100527,2026-09-03 21:25:29.555000+00:00,0.00080996,15.821861,0.00169736,0.0004931,320.95483,327.56473,6702.397,spacetrack,2026-09-02 19:40:39.111000+00:00,304.34424,6685.568,0.0016592,25.747345555555558,15.48331105200014,15.686898640813242,300-350,quiet_control,5.533932537856869
100527,2026-09-04 21:44:19.269000+00:00,0.00082116,15.8219795,0.00172169,0.0003519,321.8678,326.58493,6702.3633,spacetrack,2026-09-03 21:25:29.555000+00:00,320.95483,6702.397,0.00080996,24.313809444444445,0.9011866301767839,-0.033265046427502054,300-350,quiet_control,4.274447966321471
100527,2026-09-05 23:32:03.487000+00:00,0.00082481,15.8221245,0.00173068,0.0003461,321.86557,326.5049,6702.3223,spacetrack,2026-09-04 21:44:19.269000+00:00,321.8678,6702.3633,0.00082116,25.79561611111111,-0.0020747711459732083,-0.0381460165853597,300-350,quiet_control,5.452858171917197
100527,2026-09-06 20:46:40.560000+00:00,0.00062089,15.82179,0.00129441,0.0005521,320.57944,327.98022,6702.417,spacetrack,2026-09-05 23:32:03.487000+00:00,321.86557,6702.3223,0.00082481,21.24363138888889,-1.4530058178351206,0.10698735815959057,300-350,quiet_control,4.826406104742005
100528,2026-09-04 21:46:02.287000+00:00,0.00063869,15.821758,0.00133125,0.0003705,321.80554,326.77203,6702.426,spacetrack,2026-09-03 21:29:20.431000+00:00,321.62546,6702.411,6.2891e-05,24.278293333333334,0.178015807810795,0.014828060402153117,300-350,quiet_control,4.267209016705549
100528,2026-09-06 20:51:46.971000+00:00,-0.00028262,15.776282,-0.00047271,0.0004044,334.44693,339.87827,6715.3,spacetrack,2026-09-05 23:34:11.788000+00:00,325.12677,6706.842,-0.0045653,21.29310638888889,10.504988605923735,9.533226213810572,300-350,quiet_control,4.8324804599318485
