"norad_id","epoch","bstar","mean_motion","mean_motion_dot","eccentricity","perigee_km","apogee_km","semi_major_axis_km","source_group"
2150,"2026-09-07 19:35:36.689+00",0.00047794,12.64242,9.217e-05,0.1381925,329.84616,2481.1223,7783.621,"spacetrack"
2150,"2026-09-08 18:23:20.926+00",0.00054291,12.64259,0.0001047,0.1381865,329.83282,2480.9963,7783.552,"spacetrack"
2150,"2026-09-09 20:59:01.107+00",0.00043865,12.642792,8.471e-05,0.1381826,329.79196,2480.8718,7783.4688,"spacetrack"
2150,"2026-09-10 19:46:43.132+00",0.00040215,12.642939,7.772e-05,0.1381773,329.7812,2480.762,7783.4087,"spacetrack"
2150,"2026-09-11 22:22:21.069+00",0.00044681,12.643117,8.636e-05,0.1381722,329.75778,2480.639,7783.3354,"spacetrack"
2150,"2026-09-12 21:10:01.065+00",0.00042813,12.643275,8.281e-05,0.1381688,329.7281,2480.5383,7783.27,"spacetrack"
2150,"2026-09-13 21:51:38.294+00",0.00054568,12.643464,0.0001055,0.1381624,329.71112,2480.4004,7783.193,"spacetrack"
2389,"2026-09-07 20:14:26.863+00",0.0004235,13.471976,9.433e-05,0.1002962,334.30466,1830.8691,7460.724,"spacetrack"
2389,"2026-09-08 22:58:31.772+00",0.00045601,13.472197,0.00010154,0.100283,334.32993,1830.6812,7460.6426,"spacetrack"
2389,"2026-09-09 22:08:43.164+00",0.00040827,13.472357,9.089e-05,0.1002737,334.34598,1830.5465,7460.5835,"spacetrack"
2389,"2026-09-10 23:05:49.992+00",0.00034936,13.472521,7.776e-05,0.1002645,334.36014,1830.4113,7460.523,"spacetrack"
2389,"2026-09-11 22:16:00.018+00",0.00035241,13.4726715,7.843e-05,0.1002563,334.37143,1830.2891,7460.4673,"spacetrack"
2389,"2026-09-12 23:13:05.568+00",0.00034873,13.472824,7.761e-05,0.1002488,334.3766,1830.171,7460.4106,"spacetrack"
2389,"2026-09-13 22:23:14.419+00",0.00035704,13.472975,7.945e-05,0.1002408,334.38635,1830.0503,7460.3555,"spacetrack"
4221,"2026-09-07 22:17:41.245+00",0.00051072,15.428319,0.00043971,0.0189689,308.46597,567.04596,6815.893,"spacetrack"
4221,"2026-09-08 21:38:24.51+00",0.00056516,15.429284,0.00048812,0.0189382,308.39658,566.5473,6815.609,"spacetrack"
4221,"2026-09-09 20:59:03.157+00",0.00047591,15.430065,0.0004109,0.0189138,308.3371,566.1465,6815.379,"spacetrack"
4221,"2026-09-10 21:52:59.879+00",0.00043194,15.430846,0.00037318,0.0188918,308.26144,565.76227,6815.149,"spacetrack"
4221,"2026-09-11 21:13:30.265+00",0.00045055,15.431592,0.00039013,0.0188702,308.19318,565.39136,6814.929,"spacetrack"
4221,"2026-09-12 22:07:18.405+00",0.0004493,15.4323635,0.00038972,0.0188476,308.12445,565.00604,6814.702,"spacetrack"
4221,"2026-09-13 21:27:40.621+00",0.00046995,15.433145,0.00040852,0.0188229,308.06708,564.60333,6814.472,"spacetrack"
5118,"2026-09-07 21:34:20.612+00",0.00048505,15.7863245,0.00085275,0.0009256,328.10138,340.52747,6712.4517,"spacetrack"
5118,"2026-09-08 21:54:41.958+00",0.00048259,15.788042,0.00085488,0.0009046,327.75598,339.89926,6711.965,"spacetrack"
5118,"2026-09-09 22:14:54.401+00",0.00044654,15.789548,0.00079572,0.0008699,327.56247,339.2392,6711.538,"spacetrack"
5118,"2026-09-10 22:34:58.35+00",0.00040505,15.791072,0.00072611,0.0008429,327.31235,338.62595,6711.106,"spacetrack"
5118,"2026-09-11 21:23:39.59+00",0.00040648,15.79245,0.00073318,0.0008235,327.05234,338.1049,6710.716,"spacetrack"
5118,"2026-09-12 21:43:27.816+00",0.00040974,15.793909,0.00074391,0.0007986,326.80643,337.5241,6710.3022,"spacetrack"
5118,"2026-09-13 22:03:07.711+00",0.0004339,15.795458,0.00079358,0.0007686,326.56958,336.88397,6709.864,"spacetrack"
7003,"2026-09-07 18:56:10.464+00",0.00047369,15.88882,0.00157905,0.0061908,264.03976,346.79285,6683.553,"spacetrack"
7003,"2026-09-08 19:06:45.126+00",0.00049717,15.892401,0.0016853,0.0061404,263.37878,345.44583,6682.5493,"spacetrack"
7003,"2026-09-09 20:47:39.216+00",0.00047491,15.89575,0.00163544,0.0061002,262.71448,344.23282,6681.611,"spacetrack"
7003,"2026-09-10 17:56:23.559+00",0.000433,15.898446,0.00150895,0.0060556,262.26154,343.17468,6680.855,"spacetrack"
7003,"2026-09-11 16:35:30.845+00",0.00043759,15.901386,0.00154559,0.0060076,261.76367,342.0256,6680.0317,"spacetrack"
7003,"2026-09-12 18:15:33.26+00",0.00042473,15.90463,0.00152301,0.0059623,261.16357,340.80945,6679.1235,"spacetrack"
7003,"2026-09-13 19:55:16.41+00",0.00045149,15.908023,0.00164517,0.0059115,260.5585,339.51456,6678.1733,"spacetrack"
12139,"2026-09-07 17:51:14.397+00",0.00025535,15.170377,0.00010814,0.0239295,349.85486,679.7439,6892.9365,"spacetrack"
12139,"2026-09-08 17:35:58.804+00",0.00030919,15.170622,0.00013089,0.0239178,349.86285,679.58704,6892.862,"spacetrack"
12139,"2026-09-09 17:20:41.995+00",0.00024147,15.17083,0.00010236,0.0239134,349.8318,679.4923,6892.799,"spacetrack"
12139,"2026-09-10 17:05:24.143+00",0.00024256,15.171043,0.0001029,0.0239126,349.7741,679.4205,6892.7344,"spacetrack"
12139,"2026-09-11 16:50:05.299+00",0.00025221,15.171254,0.00010709,0.0239156,349.69107,679.37573,6892.6704,"spacetrack"
12139,"2026-09-12 18:09:44.083+00",0.00026472,15.171481,0.00011251,0.0239191,349.59982,679.32947,6892.6016,"spacetrack"
12139,"2026-09-13 17:54:23.087+00",0.00028202,15.171706,0.00011994,0.0239198,349.52847,679.2645,6892.5337,"spacetrack"
16326,"2026-09-07 22:59:29.445+00",0.00064877,16.121912,0.00693241,0.0002813,238.97714,242.70097,6618.976,"spacetrack"
16326,"2026-09-08 22:48:54.677+00",0.00069087,16.13744,0.00818227,0.0003298,234.41081,238.7739,6614.7295,"spacetrack"
16326,"2026-09-09 22:36:57.391+00",0.00060377,16.15278,0.00795809,0.0003664,229.98146,234.82567,6610.5405,"spacetrack"
16326,"2026-09-10 22:23:34.354+00",0.00060608,16.170069,0.00901126,0.0004123,224.96768,230.41486,6605.828,"spacetrack"
16326,"2026-09-11 22:08:35.05+00",0.00061413,16.1897,0.01067355,0.0004795,219.18523,225.51509,6600.4873,"spacetrack"
16326,"2026-09-12 11:29:21.421+00",0.00060558,16.20193,0.01154978,0.0005151,215.62987,222.42627,6597.165,"spacetrack"
16326,"2026-09-13 12:40:08.727+00",0.00059331,16.228584,0.01396189,0.0006144,207.75345,215.85117,6589.9395,"spacetrack"
16719,"2026-09-07 09:10:24.128+00",0.00034379,15.751004,0.00051419,0.0002475,342.68167,346.0093,6722.4824,"spacetrack"
16719,"2026-09-08 11:05:33.236+00",0.00047405,15.752549,0.00071518,0.0002243,342.39807,345.41357,6722.043,"spacetrack"
16719,"2026-09-09 23:40:47.9+00",0.00045624,15.7546625,0.00069449,0.0002135,341.86966,344.73972,6721.442,"spacetrack"
16719,"2026-09-10 11:52:29.178+00",0.00038396,15.755269,0.00058535,0.0002022,341.7732,344.49127,6721.269,"spacetrack"
16719,"2026-09-11 09:12:52.26+00",0.00040095,15.75636,0.00061432,0.0001927,341.52692,344.1172,6720.959,"spacetrack"
16719,"2026-09-12 23:19:03.037+00",0.00042345,15.758349,0.00065469,0.0001948,340.94727,343.56552,6720.3936,"spacetrack"
16719,"2026-09-13 16:04:52.506+00",0.00045002,15.759256,0.00069883,0.0001788,340.79703,343.20016,6720.1357,"spacetrack"
20453,"2026-09-07 20:21:19.552+00",0.00087278,15.895979,0.0027819,0.00297,283.5651,323.25348,6681.5464,"spacetrack"
20453,"2026-09-08 18:57:35.998+00",0.00090239,15.901248,0.00295269,0.0029246,282.3967,321.4698,6680.0703,"spacetrack"
20453,"2026-09-09 16:03:04.33+00",0.00067238,15.905542,0.00224583,0.0028735,281.53918,319.92267,6678.868,"spacetrack"
20453,"2026-09-10 17:39:14.535+00",0.00074132,15.911088,0.00254607,0.0028187,280.35742,318.00012,6677.316,"spacetrack"
20453,"2026-09-11 13:13:36.478+00",0.00073297,15.915272,0.00257105,0.0027819,279.43634,316.5811,6676.1455,"spacetrack"
20453,"2026-09-12 17:49:25.768+00",0.00078355,15.921564,0.00283764,0.0027217,278.0838,314.41516,6674.3867,"spacetrack"
20453,"2026-09-13 16:23:33.185+00",0.00073978,15.92636,0.00274549,0.0026813,277.01706,312.80194,6673.0464,"spacetrack"
20775,"2026-09-07 22:15:14.636+00",0.00045955,14.9474,0.00016827,0.0342247,344.93094,821.4289,6961.317,"spacetrack"
20775,"2026-09-08 22:21:14.067+00",0.00048888,14.947737,0.00017915,0.0342188,344.87097,821.2796,6961.2124,"spacetrack"
20775,"2026-09-09 22:27:11.399+00",0.00045659,14.948048,0.00016743,0.0342087,344.84814,821.10956,6961.1157,"spacetrack"
20775,"2026-09-10 22:33:06.659+00",0.00042157,14.948351,0.00015468,0.034197,344.8385,820.9306,6961.0215,"spacetrack"
20775,"2026-09-11 21:02:36.485+00",0.00039377,14.948618,0.00014456,0.0341876,344.82407,820.77966,6960.939,"spacetrack"
20775,"2026-09-12 22:44:51.437+00",0.00037408,14.948916,0.00013742,0.0341776,344.80396,820.61395,6960.846,"spacetrack"
20775,"2026-09-13 13:12:21.439+00",0.00037403,14.949083,0.00013746,0.0341734,344.7832,820.53125,6960.7944,"spacetrack"
22913,"2026-09-07 11:45:38.29+00",0.0012711,13.314728,0.00231182,0.1228401,217.5354,2064.8909,7519.35,"spacetrack"
22913,"2026-09-08 21:53:59.697+00",0.0018187,13.323186,0.00307525,0.1220959,220.33731,2055.7239,7516.1675,"spacetrack"
22913,"2026-09-09 19:26:59.77+00",0.0013345,13.327631,0.00242411,0.1222546,217.67757,2055.041,7514.496,"spacetrack"
22913,"2026-09-11 03:45:34.373+00",0.0013416,13.33423,0.00244457,0.1219734,217.61353,2050.146,7512.0166,"spacetrack"
22913,"2026-09-12 22:48:50.048+00",0.0012364,13.342164,0.00229165,0.1216962,217.07997,2044.7229,7509.0386,"spacetrack"
22913,"2026-09-13 23:55:03.664+00",0.0012258,13.346929,0.00227338,0.121482,217.11818,2041.11,7507.251,"spacetrack"
23198,"2026-09-07 21:59:55.729+00",0.00039683,14.3402195,0.0001168,0.0620435,334.3069,1222.33,7156.4556,"spacetrack"
23198,"2026-09-08 21:26:06.36+00",0.0004525,14.3404665,0.00013346,0.0620336,334.30066,1222.1719,7156.373,"spacetrack"
23198,"2026-09-09 22:32:41.951+00",0.00039513,14.340703,0.00011636,0.0620273,334.2719,1222.0432,7156.2944,"spacetrack"
23198,"2026-09-10 21:58:49.915+00",0.00035285,14.340902,0.00010377,0.0620234,334.23764,1221.9448,7156.228,"spacetrack"
23198,"2026-09-11 21:24:56.737+00",0.00036383,14.341111,0.00010711,0.0620185,334.20773,1221.8362,7156.159,"spacetrack"
23198,"2026-09-12 22:31:28.497+00",0.00037335,14.341332,0.00010998,0.0620108,334.1938,1221.703,7156.0854,"spacetrack"
23198,"2026-09-13 21:57:32.924+00",0.00040125,14.34155,0.00011838,0.0620041,334.17392,1221.5782,7156.013,"spacetrack"
24285,"2026-09-07 18:21:24.571+00",0.00016322,11.837418,2.119e-05,0.1731357,346.43677,3162.5308,8132.6206,"spacetrack"
24285,"2026-09-08 06:31:35.635+00",0.00019098,11.83745,2.479e-05,0.1731325,346.45065,3162.4875,8132.606,"spacetrack"
24285,"2026-09-09 17:00:27.115+00",0.00017296,11.837505,2.243e-05,0.1731231,346.50604,3162.381,8132.5806,"spacetrack"
24285,"2026-09-10 07:12:20.045+00",0.00018446,11.837542,2.391e-05,0.1731192,346.52408,3162.33,8132.564,"spacetrack"
24285,"2026-09-11 05:31:00.485+00",0.00017427,11.837582,2.258e-05,0.1731127,346.56174,3162.2556,8132.546,"spacetrack"
24285,"2026-09-12 15:59:52.267+00",0.00017476,11.837643,2.263e-05,0.1731045,346.60535,3162.1562,8132.5176,"spacetrack"
24285,"2026-09-13 12:16:51.045+00",0.00018888,11.837685,2.445e-05,0.1731015,346.61374,3162.1091,8132.4985,"spacetrack"
24286,"2026-09-07 22:29:59.266+00",0.0005573,12.029611,7.971e-05,0.1647186,342.34283,2992.918,8045.7676,"spacetrack"
24286,"2026-09-08 22:26:56.448+00",0.00065615,12.02978,9.375e-05,0.1647059,342.38153,2992.7273,8045.6914,"spacetrack"
24286,"2026-09-09 18:24:23.129+00",0.0005937,12.029919,8.479e-05,0.164694,342.42587,2992.5598,8045.63,"spacetrack"
24286,"2026-09-10 12:22:04.607+00",0.00054274,12.030023,7.75e-05,0.1646862,342.44992,2992.443,8045.5835,"spacetrack"
24286,"2026-09-11 12:18:58.879+00",0.00055592,12.030182,7.933e-05,0.164674,342.48865,2992.262,8045.512,"spacetrack"
24286,"2026-09-12 18:15:05.379+00",0.0005644,12.030365,8.047e-05,0.1646594,342.53796,2992.0496,8045.4307,"spacetrack"
24286,"2026-09-13 12:12:44.44+00",0.00059252,12.030492,8.444e-05,0.1646513,342.55588,2991.9185,8045.374,"spacetrack"
28222,"2026-09-07 23:43:59.126+00",0.00073322,16.139563,0.00884797,0.0008943,230.0976,241.92766,6614.1494,"spacetrack"
28222,"2026-09-08 22:02:32.593+00",0.00060062,16.155642,0.00812429,0.0009223,225.52698,237.71935,6609.7603,"spacetrack"
28222,"2026-09-09 23:17:53.039+00",0.00064214,16.17602,0.01016729,0.0010287,219.27693,232.86443,6604.2075,"spacetrack"
28222,"2026-09-10 21:33:19.26+00",0.00057737,16.195276,0.01056185,0.0010547,213.87459,227.79446,6598.9717,"spacetrack"
28222,"2026-09-11 19:47:05.003+00",0.00061443,16.217735,0.01340192,0.0011253,207.32188,222.1598,6592.878,"spacetrack"
28222,"2026-09-12 23:53:33.678+00",0.00061613,16.25368,0.0180642,0.0011728,197.2967,212.73816,6583.1543,"spacetrack"
28222,"2026-09-13 23:30:22.369+00",0.00061072,16.296515,0.02618761,0.0011927,185.63872,201.31464,6571.614,"spacetrack"
28485,"2026-09-07 07:44:35.935+00",0.0005991,15.788156,0.00113279,0.0001521,332.7746,334.81635,6711.9326,"spacetrack"
28485,"2026-09-08 08:00:10.619+00",0.0007976,15.790883,0.00153036,0.0001645,331.9185,334.12646,6711.1597,"spacetrack"
28485,"2026-09-09 05:13:35.217+00",0.00068242,15.79341,0.0013228,0.0001595,331.23627,333.37692,6710.4434,"spacetrack"
28485,"2026-09-11 04:12:36.545+00",0.00064703,15.798383,0.0012829,0.0001854,329.6546,332.1423,6709.0356,"spacetrack"
28485,"2026-09-12 16:34:27.508+00",0.00071023,15.802414,0.00143595,0.000229,328.2214,331.2936,6707.8945,"spacetrack"
28485,"2026-09-13 13:46:56.928+00",0.00070654,15.804769,0.00144423,0.0002402,327.47998,330.70212,6707.228,"spacetrack"
28738,"2026-09-07 14:02:59.252+00",0.00044307,15.802097,0.00083261,0.0004722,326.6795,333.01453,6707.984,"spacetrack"
28738,"2026-09-08 14:21:54.515+00",0.00054491,15.804159,0.00103633,0.0004558,326.20633,332.3208,6707.4004,"spacetrack"
28738,"2026-09-09 14:40:38.971+00",0.00042585,15.8059635,0.00081414,0.0004313,325.86032,331.6457,6706.89,"spacetrack"
28738,"2026-09-10 14:59:13.559+00",0.00042732,15.807733,0.00082365,0.0004209,325.42996,331.0754,6706.3896,"spacetrack"
28738,"2026-09-11 15:17:38.789+00",0.00042441,15.809357,0.00082413,0.0004159,325.0044,330.5824,6705.93,"spacetrack"
28738,"2026-09-12 14:04:46.953+00",0.00043003,15.810847,0.0008409,0.0004001,324.689,330.05475,6705.509,"spacetrack"
28738,"2026-09-13 12:51:48.036+00",0.00041284,15.812209,0.00081201,0.0003923,324.35648,329.6173,6705.124,"spacetrack"
28980,"2026-09-07 17:50:00.668+00",0.00083466,12.224703,0.00022755,0.1613956,297.10117,2866.4988,7959.937,"spacetrack"
28980,"2026-09-08 21:19:52.894+00",0.00089788,12.225269,0.00024553,0.1613684,297.11163,2865.9968,7959.6914,"spacetrack"
28980,"2026-09-09 22:51:50.131+00",0.00080576,12.225755,0.00021938,0.1613453,297.11862,2865.568,7959.4805,"spacetrack"
28980,"2026-09-10 18:30:13.125+00",0.00069545,12.226103,0.00018814,0.1613314,297.10263,2865.2822,7959.3296,"spacetrack"
28980,"2026-09-11 18:04:14.032+00",0.00077376,12.226522,0.00021041,0.1613113,297.11002,2864.911,7959.1475,"spacetrack"
28980,"2026-09-12 23:31:40.69+00",0.00085357,12.227097,0.00023282,0.1612744,297.19473,2864.328,7958.8984,"spacetrack"
28980,"2026-09-13 23:05:34.373+00",0.00084608,12.227542,0.00023078,0.1612553,297.1845,2863.9512,7958.705,"spacetrack"
28982,"2026-09-07 19:01:18.557+00",0.00066845,14.340675,0.00064721,0.0729957,255.78738,1300.5461,7156.3037,"spacetrack"
28982,"2026-09-08 23:28:57.214+00",0.0007803,14.3425045,0.00075918,0.0729226,255.74658,1299.3705,7155.6953,"spacetrack"
28982,"2026-09-09 21:14:39.84+00",0.00063594,14.343602,0.00061663,0.0728817,255.70056,1298.6858,7155.33,"spacetrack"
28982,"2026-09-10 19:00:16.346+00",0.0005682,14.344687,0.00054934,0.0728327,255.71663,1297.9481,7154.969,"spacetrack"
28982,"2026-09-11 20:06:37.227+00",0.00059037,14.345907,0.000572,0.0727851,255.68118,1297.1725,7154.564,"spacetrack"
28982,"2026-09-12 22:53:14.675+00",0.00061573,14.347225,0.00059774,0.0727311,255.66127,1296.3162,7154.1255,"spacetrack"
28982,"2026-09-13 20:38:30.724+00",0.0006467,14.348366,0.00062892,0.0726828,255.65506,1295.5637,7153.7466,"spacetrack"
28983,"2026-09-07 16:01:58.7+00",0.00065191,12.426929,0.00019785,0.1527303,292.7098,2697.7065,7873.345,"spacetrack"
28983,"2026-09-08 07:29:16.883+00",0.00081329,12.427273,0.00024923,0.1527169,292.69244,2697.4338,7873.2,"spacetrack"
28983,"2026-09-09 22:07:25.859+00",0.00066629,12.427994,0.00020258,0.1526869,292.67044,2696.8464,7872.8955,"spacetrack"
28983,"2026-09-10 23:14:09.407+00",0.00061861,12.428404,0.00018747,0.1526699,292.65768,2696.5132,7872.7227,"spacetrack"
28983,"2026-09-11 08:53:39.145+00",0.00061048,12.428561,0.00018496,0.1526657,292.63443,2696.4036,7872.656,"spacetrack"
28983,"2026-09-12 21:35:40.135+00",0.0005974,12.429116,0.00018093,0.1526462,292.5893,2695.9797,7872.4214,"spacetrack"
28983,"2026-09-13 20:46:21.654+00",0.00061535,12.429483,0.00018679,0.1526351,292.5453,2695.7136,7872.2666,"spacetrack"
32185,"2026-09-10 11:21:18.078+00",0.003862,15.63137,0.00389941,0.0049017,345.48254,411.72156,6756.7393,"celestrak:debris"
32185,"2026-09-11 22:40:45.022+00",0.0036493,15.642247,0.00384062,0.0048416,342.77112,408.16766,6753.6064,"celestrak:debris"
32203,"2026-09-07 23:05:40.538+00",0.00063569,15.676411,0.0008363,0.0080851,311.12952,420.17795,6743.7905,"celestrak:debris"
32203,"2026-09-12 10:18:39.005+00",0.00051168,15.683235,0.0006902,0.0080132,309.67365,417.72098,6741.8345,"celestrak:debris"
32203,"2026-09-13 15:24:17.331+00",0.00052201,15.684893,0.0007094,0.0080113,309.21533,417.22943,6741.3594,"celestrak:debris"
34861,"2026-09-09 22:06:02.901+00",0.0045794,15.693153,0.00578625,0.0020177,347.25922,374.45374,6738.9937,"celestrak:debris"
34861,"2026-09-10 02:29:19.445+00",0.0042817,15.694256,0.0054135,0.0020605,346.65576,374.42584,6738.6777,"celestrak:debris"
34861,"2026-09-11 19:50:12.894+00",0.0040477,15.711245,0.00550108,0.0021384,341.28247,370.08167,6733.819,"celestrak:debris"
34861,"2026-09-12 05:07:58.073+00",0.003871,15.715075,0.00533709,0.0021592,340.0507,369.12527,6732.725,"celestrak:debris"
34861,"2026-09-13 19:10:55.497+00",0.0042973,15.733379,0.0064897,0.0022088,334.50534,364.22476,6727.502,"celestrak:debris"
35622,"2026-09-13 14:33:46.213+00",0.0068728,15.716764,0.00973295,0.0006817,349.51605,358.6948,6732.242,"celestrak:debris"
35891,"2026-09-07 06:05:16.308+00",0.0012355,15.775522,0.00213392,0.0021865,322.69492,352.06186,6715.5156,"celestrak:debris"
37363,"2026-09-07 22:51:16.345+00",0.00030355,15.729749,0.00051761,0.0089061,290.4751,410.32513,6728.537,"spacetrack"
37363,"2026-09-08 20:13:41.895+00",0.00032876,15.730727,0.00056373,0.0088937,290.2821,409.96033,6728.2583,"spacetrack"
37363,"2026-09-09 20:39:14.263+00",0.00026883,15.731694,0.00046076,0.0088766,290.12366,409.56686,6727.9824,"spacetrack"
37363,"2026-09-10 22:36:16.871+00",0.00026399,15.732665,0.00045377,0.008852,290.0148,409.1221,6727.7056,"spacetrack"
37363,"2026-09-11 21:30:03.625+00",0.00028787,15.733598,0.0004976,0.0088369,289.85287,408.7523,6727.4395,"spacetrack"
37363,"2026-09-12 21:55:20.082+00",0.00027287,15.734593,0.00047309,0.0088251,289.65115,408.38678,6727.156,"spacetrack"
37363,"2026-09-13 22:20:31.104+00",0.00028526,15.735591,0.00049683,0.0088036,289.5138,407.95514,6726.8716,"spacetrack"
38248,"2026-09-07 16:13:01.982+00",0.00052256,15.769328,0.00084828,0.0003568,336.74002,341.53345,6717.274,"spacetrack"
38248,"2026-09-08 21:09:04.672+00",0.00064463,15.771754,0.00106063,0.0003591,336.03592,340.85977,6716.585,"spacetrack"
38248,"2026-09-09 16:56:45.132+00",0.0004693,15.773126,0.00077388,0.0003531,335.68695,340.42993,6716.1953,"spacetrack"
38248,"2026-09-10 17:18:21.755+00",0.00044903,15.774808,0.00074567,0.0003597,335.16553,339.99683,6715.7183,"spacetrack"
38248,"2026-09-11 16:08:29.37+00",0.00049872,15.7763,0.00083471,0.0003611,334.7325,339.5823,6715.2944,"spacetrack"
38248,"2026-09-12 21:03:47.62+00",0.00050455,15.778262,0.00085203,0.000362,334.17007,339.03156,6714.738,"spacetrack"
38248,"2026-09-13 16:50:58.865+00",0.00048658,15.779654,0.00082649,0.0003606,333.785,338.62738,6714.3433,"spacetrack"
39265,"2026-09-07 22:26:00.959+00",0.00050343,15.309699,0.00049967,0.0271499,286.91183,658.9227,6851.054,"spacetrack"
39265,"2026-09-08 21:57:44.694+00",0.00053864,15.310726,0.0005355,0.0271174,286.83636,658.3853,6850.748,"spacetrack"
39265,"2026-09-09 23:03:29.541+00",0.00045538,15.31165,0.00045436,0.0270975,286.70462,657.96594,6850.472,"spacetrack"
39265,"2026-09-10 22:35:02.844+00",0.00041676,15.312467,0.00041675,0.0270725,286.6389,657.54456,6850.2285,"spacetrack"
39265,"2026-09-11 18:58:19.964+00",0.00040025,15.313157,0.00040066,0.027044,286.63373,657.13776,6850.023,"spacetrack"
39265,"2026-09-12 23:12:01.193+00",0.00039079,15.314089,0.00039166,0.0270061,286.62305,656.59283,6849.745,"spacetrack"
39265,"2026-09-13 22:43:20.76+00",0.00040061,15.3148575,0.00040218,0.0269856,286.54047,656.21704,6849.5156,"spacetrack"
39267,"2026-09-07 22:18:28.155+00",0.00024059,14.817988,0.00013142,0.0454501,305.41986,941.88385,7001.789,"spacetrack"
39267,"2026-09-08 22:36:56.089+00",0.00028351,14.818299,0.00015471,0.0454303,305.4651,941.64294,7001.691,"spacetrack"
39267,"2026-09-09 21:18:08.6+00",0.0002124,14.818521,0.00011594,0.0454143,305.51044,941.4579,7001.621,"spacetrack"
39267,"2026-09-10 23:13:47.226+00",0.00018187,14.818732,9.93e-05,0.0454008,305.5413,941.29364,7001.5547,"spacetrack"
39267,"2026-09-11 21:54:57.396+00",0.00021319,14.818934,0.00011629,0.0453889,305.5638,941.14374,7001.4907,"spacetrack"
39267,"2026-09-12 22:13:19.812+00",0.00020086,14.819157,0.0001095,0.0453713,305.6203,940.94745,7001.421,"spacetrack"
39267,"2026-09-13 22:31:40.937+00",0.00018579,14.819365,0.00010125,0.0453555,305.6684,940.7684,7001.3555,"spacetrack"
39269,"2026-09-07 04:00:12.178+00",0.00011822,14.937261,7.108e-05,0.0406213,303.424,869.2354,6964.467,"spacetrack"
39269,"2026-09-08 20:11:39.926+00",0.00019065,14.937609,0.00011453,0.0406099,303.3997,869.0435,6964.3584,"spacetrack"
39269,"2026-09-09 18:42:03.862+00",0.00016627,14.937781,9.996e-05,0.0406059,303.37604,868.9598,6964.3047,"spacetrack"
39269,"2026-09-10 10:46:37.567+00",0.00015765,14.937916,9.481e-05,0.0406016,303.36578,868.8862,6964.263,"spacetrack"
39269,"2026-09-11 20:32:11.116+00",0.00015781,14.938188,9.489e-05,0.0405866,303.38925,868.6939,6964.1787,"spacetrack"
39269,"2026-09-12 20:38:59.802+00",0.00015865,14.938373,9.538e-05,0.0405754,303.41202,868.55597,6964.121,"spacetrack"
39269,"2026-09-13 09:30:37.427+00",0.00015504,14.93847,9.321e-05,0.0405701,303.42014,868.48785,6964.091,"spacetrack"
39270,"2026-09-07 09:37:07.664+00",0.00014335,14.573103,6.104e-05,0.0546475,314.96725,1088.7769,7080.0093,"spacetrack"
39270,"2026-09-08 16:55:45.737+00",0.00019542,14.573322,8.313e-05,0.0546451,314.9171,1088.6849,7079.938,"spacetrack"
39270,"2026-09-09 09:24:30.347+00",0.00018558,14.573426,7.902e-05,0.0546456,314.88196,1088.6532,7079.905,"spacetrack"
39270,"2026-09-11 22:22:47.56+00",0.00017417,14.5738,7.433e-05,0.0546434,314.78296,1088.5098,7079.783,"spacetrack"
39270,"2026-09-12 16:30:22.34+00",0.00016947,14.573908,7.238e-05,0.0546433,314.75073,1088.4724,7079.7485,"spacetrack"
39270,"2026-09-13 22:10:01.68+00",0.00018585,14.574095,7.938e-05,0.0546394,314.72095,1088.3807,7079.688,"spacetrack"
39473,"2026-09-07 16:43:05.981+00",0.0011189,15.964194,0.00483328,0.0018865,271.79333,296.93094,6662.499,"spacetrack"
39473,"2026-09-08 12:15:07.152+00",0.0013711,15.97404,0.00625136,0.0018172,269.52228,293.7265,6659.761,"spacetrack"
39473,"2026-09-09 12:16:35.242+00",0.0011088,15.986097,0.00539987,0.0017428,266.67432,289.8759,6656.412,"spacetrack"
39473,"2026-09-10 12:16:59.987+00",0.0011669,15.998032,0.00607616,0.0016765,263.81036,286.1182,6653.101,"spacetrack"
39473,"2026-09-11 12:16:19.202+00",0.0012068,16.010546,0.00674739,0.0016162,260.75015,282.24445,6649.6343,"spacetrack"
39473,"2026-09-12 22:43:16.487+00",0.0011807,16.030474,0.00741287,0.001542,255.73999,276.23047,6644.122,"spacetrack"
39473,"2026-09-13 15:10:51.525+00",0.0012059,16.041239,0.00806779,0.0014963,253.07481,272.94913,6641.149,"spacetrack"
39474,"2026-09-07 02:33:57.049+00",0.0010423,16.011343,0.0058658,0.0017145,259.8761,282.67694,6649.4136,"spacetrack"
39474,"2026-09-08 21:59:20.284+00",0.0014402,16.04085,0.00960895,0.0015637,252.73444,273.5043,6641.2563,"spacetrack"
39474,"2026-09-09 17:25:34.18+00",0.0011639,16.055378,0.00848428,0.001482,249.27641,268.94922,6637.25,"spacetrack"
39474,"2026-09-10 12:50:42.65+00",0.0012356,16.071184,0.00990426,0.0013961,245.49976,264.02014,6632.897,"spacetrack"
39474,"2026-09-11 12:43:08.36+00",0.0012227,16.091772,0.01112997,0.0012996,240.4886,257.7141,6627.2383,"spacetrack"
39474,"2026-09-12 12:33:35.413+00",0.0013239,16.116156,0.01399122,0.0012015,234.46054,250.36974,6620.5522,"spacetrack"
39474,"2026-09-13 13:50:45.542+00",0.001342,16.14922,0.0173712,0.001072,226.28792,240.46301,6611.5127,"spacetrack"
40021,"2026-09-07 20:19:03.698+00",0.00161,15.988451,0.00763277,0.0006762,273.12125,282.1225,6655.759,"spacetrack"
40021,"2026-09-08 17:20:13.921+00",0.0016199,16.003305,0.00834345,0.0006866,268.93542,278.06946,6651.6396,"spacetrack"
40021,"2026-09-09 17:20:05.788+00",0.0013471,16.02032,0.00765788,0.0007048,264.10696,273.47647,6646.9287,"spacetrack"
40021,"2026-09-10 17:18:23.546+00",0.001423,16.0388,0.0090006,0.0007082,258.98206,268.38953,6641.8228,"spacetrack"
40021,"2026-09-11 17:14:59.863+00",0.0014272,16.058535,0.01014773,0.0007365,253.35518,263.13055,6636.38,"spacetrack"
40021,"2026-09-12 17:09:43.582+00",0.0015,16.081276,0.01221689,0.0007786,246.82233,257.14676,6630.1216,"spacetrack"
40021,"2026-09-13 17:02:14.849+00",0.0015218,16.108442,0.01461434,0.0008231,239.07704,249.97928,6622.665,"spacetrack"
40970,"2026-09-07 05:48:50.754+00",0.0015723,15.920243,0.00529517,0.0014855,286.70334,306.53406,6674.756,"spacetrack"
40970,"2026-09-08 04:25:09.939+00",0.0021473,15.933504,0.00774347,0.0014589,283.18243,302.64725,6671.052,"spacetrack"
40970,"2026-09-09 22:33:33.3+00",0.0019,15.9619665,0.00797714,0.0014369,275.40802,294.5565,6663.119,"spacetrack"
40970,"2026-09-11 03:06:39.558+00",0.0015989,15.981209,0.00746919,0.0014449,270.0128,289.2524,6657.7695,"spacetrack"
40970,"2026-09-12 06:07:28.128+00",0.0019084,16.00422,0.01013612,0.0015057,263.23462,283.26462,6651.3867,"spacetrack"
40970,"2026-09-13 10:35:46.69+00",0.0020882,16.030853,0.0128905,0.0015391,255.65442,276.10602,6644.017,"spacetrack"
40972,"2026-09-07 03:43:21.556+00",0.00087917,15.971712,0.00389464,0.0014175,272.83026,291.71252,6660.408,"spacetrack"
40972,"2026-09-08 20:16:33.017+00",0.0013024,15.990202,0.00640105,0.0014206,267.6816,286.59058,6655.273,"spacetrack"
40972,"2026-09-09 21:46:35.289+00",0.001742,16.01096,0.00960971,0.0014028,262.05444,280.71036,6649.5195,"spacetrack"
40972,"2026-09-10 20:14:46.1+00",0.0016469,16.032877,0.01032597,0.001426,255.84749,274.79462,6643.458,"spacetrack"
40972,"2026-09-11 18:41:05.323+00",0.0016678,16.055744,0.01197109,0.0014511,249.38078,268.64313,6637.149,"spacetrack"
40972,"2026-09-12 23:03:58.145+00",0.0011839,16.080162,0.00995645,0.0015037,242.321,262.26135,6630.428,"spacetrack"
40972,"2026-09-13 22:55:46.639+00",0.001645,16.108192,0.01623019,0.0015396,234.40024,254.79295,6622.7334,"spacetrack"
41892,"2026-09-07 20:22:39.393+00",0.00048815,15.958992,0.00208728,0.0003323,283.59567,288.02454,6663.9473,"spacetrack"
41892,"2026-09-08 14:23:24.757+00",0.00052598,15.962414,0.0022919,0.000333,282.63885,287.07642,6662.9946,"spacetrack"
41892,"2026-09-09 12:54:01.584+00",0.00047222,15.9665785,0.00210521,0.0003343,281.47192,285.92603,6661.836,"spacetrack"
41892,"2026-09-10 18:54:19.53+00",0.00045232,15.97182,0.00207598,0.0003469,279.9309,284.55188,6660.3784,"spacetrack"
41892,"2026-09-11 12:54:13.454+00",0.00048573,15.974923,0.00226849,0.0003554,279.01215,283.74573,6659.516,"spacetrack"
41892,"2026-09-12 12:53:45.437+00",0.0004981,15.979212,0.00238309,0.0003748,277.69162,282.6827,6658.324,"spacetrack"
41892,"2026-09-13 17:22:41.186+00",0.00046484,15.984491,0.00229133,0.000408,276.00494,281.43692,6656.858,"spacetrack"
43879,"2026-09-07 19:32:01.262+00",0.0011161,15.901908,0.00335099,0.0007377,296.82074,306.67624,6679.8853,"spacetrack"
43879,"2026-09-08 19:41:29.45+00",0.0013331,15.910421,0.00417886,0.0007259,294.51825,304.21265,6677.5024,"spacetrack"
43879,"2026-09-09 19:50:13.691+00",0.0011333,15.918018,0.00369362,0.0007325,292.35092,302.13037,6675.3774,"spacetrack"
43879,"2026-09-10 18:27:47.694+00",0.0011081,15.925191,0.00374791,0.0007473,290.2492,300.22324,6673.373,"spacetrack"
43879,"2026-09-11 20:05:37.506+00",0.0011042,15.93352,0.00390023,0.0007457,287.9356,297.8848,6671.0474,"spacetrack"
43879,"2026-09-12 08:09:01.882+00",0.0011651,15.937532,0.00420257,0.0007435,286.83148,296.74966,6669.9277,"spacetrack"
43879,"2026-09-13 18:47:45.955+00",0.0011594,15.949962,0.0044675,0.0007766,283.148,293.50238,6666.4624,"spacetrack"
44408,"2026-09-07 16:43:39.2+00",0.00041039,15.744301,0.00059599,0.0006755,341.7111,350.79575,6724.3906,"spacetrack"
44408,"2026-09-08 21:42:29.095+00",0.00047525,15.745998,0.00069621,0.0006484,341.41028,350.12985,6723.907,"spacetrack"
44408,"2026-09-09 16:00:36.26+00",0.00036376,15.746866,0.00053353,0.0006467,341.17477,349.87115,6723.66,"spacetrack"
44408,"2026-09-10 16:24:40.077+00",0.00037556,15.748079,0.00055389,0.0006354,340.9058,349.44977,6723.315,"spacetrack"
44408,"2026-09-11 21:23:06.064+00",0.000405,15.74949,0.00060134,0.0006098,340.6766,348.8759,6722.913,"spacetrack"
44408,"2026-09-12 15:40:58.793+00",0.00039699,15.750359,0.00059157,0.0006049,340.46268,348.59576,6722.666,"spacetrack"
44408,"2026-09-13 02:21:22.907+00",0.00036961,15.750842,0.00055154,0.0005939,340.39905,348.38406,6722.5283,"spacetrack"
44499,"2026-09-07 00:51:25.529+00",0.00046884,15.734533,0.00067194,0.0007067,344.28198,353.79016,6727.173,"spacetrack"
44499,"2026-09-08 01:14:02.975+00",0.00060558,15.736082,0.00087751,0.0007233,343.72925,353.46014,6726.7314,"spacetrack"
44499,"2026-09-09 07:42:06.206+00",0.00051163,15.738259,0.00074645,0.0007376,343.01315,352.9355,6726.1113,"spacetrack"
44499,"2026-09-10 23:18:13.897+00",0.0005094,15.740691,0.00075132,0.0008021,341.887,352.6759,6725.4185,"spacetrack"
44499,"2026-09-11 17:34:47.195+00",0.00052103,15.741788,0.00077243,0.0007923,341.64084,352.29745,6725.106,"spacetrack"
44499,"2026-09-12 22:30:50.491+00",0.00052132,15.743515,0.0007788,0.0008042,341.06937,351.88522,6724.6143,"spacetrack"
44499,"2026-09-13 21:21:16.345+00",0.00053229,15.744946,0.00080053,0.0008121,340.60907,351.53052,6724.207,"spacetrack"
44741,"2026-09-07 16:00:02+00",0.00057704,15.876463,0.00159556,0.0003773,306.36078,311.4068,6687.021,"spacetrack"
44741,"2026-09-08 14:20:55.412+00",0.00057506,15.879616,0.00161557,0.0003847,305.42654,310.57083,6686.1357,"spacetrack"
44741,"2026-09-09 16:00:02+00",0.00058644,15.883832,0.00168427,0.0004381,303.88657,309.74393,6684.952,"spacetrack"
44741,"2026-09-10 22:00:03.999+00",0.00034022,15.887599,0.00098471,0.0004764,302.5746,308.943,6683.896,"spacetrack"
44741,"2026-09-11 22:00:01.999+00",0.00037235,15.890261,0.00109444,0.0004909,301.73135,308.29288,6683.149,"spacetrack"
44741,"2026-09-12 22:00:01.999+00",0.0003201,15.892935,0.00095108,0.0005133,300.8324,307.69257,6682.3994,"spacetrack"
44741,"2026-09-13 22:00:01.999+00",0.00030245,15.895758,0.00091084,0.0005413,299.85468,307.0882,6681.6084,"spacetrack"
44748,"2026-09-13 06:56:25.392+00",0.00036942,15.729442,0.00050985,8.93e-05,349.8867,351.08844,6728.6245,"spacetrack"
44753,"2026-09-07 18:17:05.198+00",0.00045633,15.779384,0.00078948,0.000528,332.73758,339.828,6714.42,"spacetrack"
44753,"2026-09-08 12:31:29.372+00",0.00050921,15.780832,0.0008886,0.000546,332.20602,339.53772,6714.009,"spacetrack"
44753,"2026-09-09 23:28:50.373+00",0.00047806,15.783186,0.00084239,0.0005811,331.30328,339.10553,6713.3413,"spacetrack"
44753,"2026-09-10 11:38:16.879+00",0.0004055,15.783966,0.00071495,0.0005807,331.0849,338.8815,6713.12,"spacetrack"
44753,"2026-09-11 14:59:24.179+00",0.00042816,15.785618,0.00076143,0.0006019,330.47443,338.5551,6712.652,"spacetrack"
44753,"2026-09-12 16:49:11.584+00",0.00042217,15.787183,0.00075602,0.0006135,329.95316,338.18903,6712.208,"spacetrack"
44753,"2026-09-13 11:03:04.172+00",0.00041655,15.788283,0.00074959,0.0006289,329.53824,337.98047,6711.8965,"spacetrack"
44771,"2026-09-07 14:27:25.192+00",0.00061226,16.080318,0.0052135,0.0007486,247.28432,257.21133,6630.385,"spacetrack"
44771,"2026-09-08 18:47:02.767+00",0.0006943,16.095858,0.00654993,0.0009026,241.99918,253.96063,6626.1167,"spacetrack"
44771,"2026-09-09 14:08:58.411+00",0.0006245,16.106531,0.00632444,0.0009256,238.92203,251.18288,6623.1895,"spacetrack"
44771,"2026-09-10 13:57:59.745+00",0.00060918,16.119837,0.00674898,0.0009589,235.0597,247.75465,6619.544,"spacetrack"
44771,"2026-09-11 16:44:11.134+00",0.00061042,16.135942,0.00755307,0.0009853,230.484,243.51979,6615.1387,"spacetrack"
44771,"2026-09-12 12:03:10.543+00",0.00062417,16.148825,0.00845319,0.0010373,226.62517,240.34164,6611.6206,"spacetrack"
44771,"2026-09-13 10:19:14.364+00",0.00064393,16.165771,0.00982212,0.0010279,222.07043,235.6531,6606.9985,"spacetrack"
44772,"2026-09-07 16:00:02+00",0.002387,15.984416,0.01135745,0.000186,277.50366,279.98,6656.879,"spacetrack"
44772,"2026-09-08 17:01:30.603+00",0.0020827,16.008331,0.01135158,0.0002251,270.61365,273.60757,6650.2476,"spacetrack"
44772,"2026-09-09 22:58:37.757+00",0.00060347,16.020664,0.00354455,0.0002793,266.84048,270.5534,6646.834,"spacetrack"
44772,"2026-09-10 21:25:48.296+00",0.00054609,16.027105,0.0033305,0.0002987,264.93103,268.9008,6645.0527,"spacetrack"
44772,"2026-09-11 15:23:08.955+00",0.00055516,16.032413,0.00349626,0.0003142,263.36172,267.53653,6643.586,"spacetrack"
44772,"2026-09-12 15:19:03.229+00",0.00057203,16.039648,0.00376528,0.0003469,261.14722,265.75516,6641.5884,"spacetrack"
44772,"2026-09-13 21:12:59.803+00",0.00056895,16.049242,0.00397184,0.0003724,258.33188,263.27655,6638.9414,"spacetrack"
44927,"2026-09-07 22:03:48.13+00",0.00049936,15.813711,0.00101438,0.0005532,322.85327,330.27133,6704.699,"spacetrack"
44927,"2026-09-08 22:19:47.955+00",0.00054283,15.815952,0.00111612,0.0005391,322.31482,329.54315,6704.066,"spacetrack"
44927,"2026-09-09 22:35:36.293+00",0.00047677,15.817865,0.00098669,0.0005226,321.8851,328.89163,6703.5254,"spacetrack"
44927,"2026-09-10 22:51:14.326+00",0.00043766,15.819675,0.00091206,0.000513,321.43842,328.3157,6703.014,"spacetrack"
44927,"2026-09-11 21:35:44.611+00",0.00043592,15.821382,0.00091567,0.0004929,321.09137,327.69873,6702.532,"spacetrack"
44927,"2026-09-12 21:51:03.293+00",0.00042171,15.823176,0.00089281,0.0004809,320.66522,327.11124,6702.0254,"spacetrack"
44927,"2026-09-13 22:06:11.944+00",0.00045818,15.825038,0.00098013,0.0004657,320.24173,326.48352,6701.4995,"spacetrack"
44961,"2026-09-07 21:21:55.492+00",0.00073494,15.786883,0.00132698,0.0002339,332.5861,335.7261,6712.293,"spacetrack"
44961,"2026-09-08 21:40:25.264+00",0.00052686,15.78866,0.00095298,0.0003307,331.43274,335.87192,6711.7896,"spacetrack"
44961,"2026-09-09 20:27:37.056+00",0.00045554,15.790179,0.0008275,0.0003135,331.118,335.32602,6711.359,"spacetrack"
44961,"2026-09-10 23:48:05.039+00",0.00041522,15.791928,0.00075907,0.0003129,330.6267,334.82635,6710.864,"spacetrack"
44961,"2026-09-11 19:32:45.149+00",0.00041976,15.793181,0.00077194,0.0002949,330.39243,334.35028,6710.5083,"spacetrack"
44961,"2026-09-12 22:52:54.444+00",0.00042885,15.794945,0.00079538,0.0002779,330.00732,333.73676,6710.0093,"spacetrack"
44961,"2026-09-13 21:39:33.583+00",0.00044558,15.796481,0.00083287,0.0002628,329.6736,333.20016,6709.5737,"spacetrack"
45060,"2026-09-07 22:14:00.765+00",0.00046274,15.772218,0.00077471,0.0002006,336.96893,339.66357,6716.453,"spacetrack"
45060,"2026-09-08 22:33:51.85+00",0.00051378,15.773893,0.00086832,0.0002077,336.44565,339.23547,6715.9775,"spacetrack"
45060,"2026-09-09 22:53:34.201+00",0.00043683,15.775414,0.0007412,0.0002064,336.0227,338.7949,6715.546,"spacetrack"
45060,"2026-09-10 23:13:08.455+00",0.0002951,15.776736,0.00050013,0.0002612,335.27982,338.78784,6715.171,"spacetrack"
45060,"2026-09-11 22:01:22.245+00",0.00042112,15.778168,0.00072306,0.0002221,335.13626,338.11896,6714.7646,"spacetrack"
45060,"2026-09-12 23:51:53.509+00",0.00044832,15.779736,0.00077612,0.0002085,334.7828,337.58267,6714.32,"spacetrack"
45060,"2026-09-13 22:39:51.919+00",0.00045782,15.781176,0.00079811,0.0002453,334.12738,337.42123,6713.911,"spacetrack"
45062,"2026-09-07 16:00:02+00",0.00049234,15.93334,0.0017614,0.0002703,291.15732,294.7637,6671.0977,"spacetrack"
45062,"2026-09-08 16:00:02+00",0.00057702,15.937957,0.00212242,0.0002896,289.7406,293.60376,6669.809,"spacetrack"
45062,"2026-09-09 16:00:02+00",0.0004873,15.94235,0.00183028,0.0003135,288.35608,292.5373,6668.5835,"spacetrack"
45062,"2026-09-10 22:00:03.999+00",0.00069029,15.947495,0.00268097,0.000357,286.63208,291.39243,6667.1494,"spacetrack"
45062,"2026-09-11 22:00:01.999+00",0.00065739,15.95181,0.00261272,0.0003933,285.18848,290.4319,6665.9473,"spacetrack"
45062,"2026-09-12 22:00:01.999+00",0.00059604,15.956369,0.00242621,0.0004403,283.60565,289.47458,6664.6772,"spacetrack"
45062,"2026-09-13 22:00:01.999+00",0.00056793,15.9611225,0.00237195,0.0004709,282.0793,288.3549,6663.354,"spacetrack"
45100,"2026-09-07 21:38:33.795+00",0.00064638,15.786945,0.00116452,0.0003318,331.91138,336.36563,6712.2754,"spacetrack"
45100,"2026-09-08 20:25:53.521+00",0.00053626,15.788793,0.00097097,0.0003736,331.10745,336.12247,6711.752,"spacetrack"
45100,"2026-09-09 16:10:47.561+00",0.0004021,15.790326,0.00072942,0.0004119,330.41605,335.94482,6711.3174,"spacetrack"
45100,"2026-09-10 16:28:59.427+00",0.00042649,15.791753,0.0007796,0.0004142,329.9965,335.55582,6710.913,"spacetrack"
45100,"2026-09-11 18:18:09.787+00",0.0004454,15.793523,0.00082142,0.0003862,329.68307,334.86618,6710.4116,"spacetrack"
45100,"2026-09-12 14:02:42.706+00",0.00045338,15.794833,0.00084148,0.000395,329.25308,334.55402,6710.0405,"spacetrack"
45100,"2026-09-13 17:22:41.335+00",0.00045856,15.796719,0.00085874,0.0004052,328.65082,334.0882,6709.5063,"spacetrack"
45190,"2026-09-07 23:02:19.247+00",0.00063688,16.143,0.00821972,0.0005139,231.67511,238.47217,6613.2104,"spacetrack"
45190,"2026-09-08 21:18:49.286+00",0.00068098,16.160643,0.00993291,0.0005549,226.59254,233.92653,6608.3965,"spacetrack"
45190,"2026-09-09 15:06:57.902+00",0.00056125,16.174507,0.00908218,0.000599,222.5263,230.43864,6604.6196,"spacetrack"
45190,"2026-09-10 20:45:00.819+00",0.00056508,16.201174,0.0113504,0.0006958,214.64293,223.82382,6597.3706,"spacetrack"
45190,"2026-09-11 13:01:38.24+00",0.00054921,16.217533,0.01257085,0.0007413,209.90816,219.68283,6592.9326,"spacetrack"
45190,"2026-09-12 20:02:43.477+00",0.00077617,16.267317,0.02712975,0.0008115,195.99849,206.67697,6579.4746,"spacetrack"
45190,"2026-09-13 21:03:24.09+00",0.00059879,16.3476,0.04570326,0.000815,174.43408,185.12349,6557.916,"spacetrack"
45206,"2026-09-07 03:51:30.593+00",0.00041169,15.832955,0.00091321,0.0005822,317.22806,325.0287,6699.265,"spacetrack"
45206,"2026-09-09 16:00:02+00",0.00043266,15.838884,0.00098834,0.0005543,315.744,323.1689,6697.5933,"spacetrack"
45206,"2026-09-10 00:00:02+00",0.00047265,15.839457,0.00108449,0.0005447,315.64697,322.94315,6697.432,"spacetrack"
45206,"2026-09-11 22:00:01.999+00",0.0004173,15.8435135,0.00097407,0.0005171,314.6891,321.61438,6696.2886,"spacetrack"
45206,"2026-09-12 22:00:01.999+00",0.00042862,15.845575,0.001011,0.0004937,314.26517,320.87653,6695.708,"spacetrack"
45206,"2026-09-13 15:49:27.364+00",0.00046921,15.847112,0.00111694,0.0004758,313.95248,320.3237,6695.275,"spacetrack"
45223,"2026-09-07 22:13:45.209+00",0.00053399,15.818727,0.00111213,0.0005481,321.4711,328.81924,6703.282,"spacetrack"
45223,"2026-09-08 22:29:16.58+00",0.00056819,15.8212185,0.00119885,0.0005373,320.83994,328.0425,6702.578,"spacetrack"
45223,"2026-09-09 22:44:35.323+00",0.00051358,15.823335,0.00109235,0.0005248,320.32645,327.36084,6701.9805,"spacetrack"
45223,"2026-09-10 22:59:42.671+00",0.00046528,15.82535,0.00099724,0.0005123,319.84146,326.70773,6701.4116,"spacetrack"
45223,"2026-09-11 21:43:43.039+00",0.00046032,15.827268,0.00099543,0.0005024,319.36664,326.09967,6700.87,"spacetrack"
45223,"2026-09-12 23:29:23.704+00",0.00046557,15.829385,0.00101718,0.0004842,318.8914,325.37994,6700.2725,"spacetrack"
45223,"2026-09-13 22:13:03.111+00",0.00047941,15.831349,0.00105787,0.0004715,318.42264,324.74048,6699.7188,"spacetrack"
45237,"2026-09-07 18:48:06.186+00",0.00048774,15.800137,0.00092939,0.0005438,326.75388,334.05008,6708.539,"spacetrack"
45237,"2026-09-08 19:05:21.723+00",0.00031008,15.802282,0.00059202,0.0006279,325.5828,334.00662,6707.9316,"spacetrack"
45237,"2026-09-09 23:55:36.026+00",0.00050491,15.804569,0.0009828,0.0005447,325.494,332.8009,6707.2847,"spacetrack"
45237,"2026-09-11 03:14:33.646+00",0.0004381,15.806541,0.00085833,0.0005249,325.06934,332.11008,6706.7266,"spacetrack"
45237,"2026-09-12 23:14:40.472+00",0.0004473,15.809756,0.0008899,0.0004972,324.34625,331.01453,6705.8174,"spacetrack"
45237,"2026-09-13 17:26:58.684+00",0.00047341,15.811102,0.00094877,0.0004834,324.05847,330.54126,6705.437,"spacetrack"
45369,"2026-09-07 12:41:16.571+00",0.00044437,15.779156,0.00076719,0.0002833,334.44522,338.24963,6714.4844,"spacetrack"
45369,"2026-09-08 13:00:29.167+00",0.00051817,15.781004,0.00090469,0.0003009,333.80283,337.84326,6713.96,"spacetrack"
45369,"2026-09-09 11:48:16.118+00",0.0003862,15.783405,0.00067812,0.0003257,332.9555,337.32855,6713.279,"spacetrack"
45369,"2026-09-10 12:07:05.655+00",0.0004144,15.784985,0.00073388,0.0003547,332.31335,337.07544,6712.8315,"spacetrack"
45369,"2026-09-11 10:54:36.951+00",0.00040005,15.786375,0.00071254,0.0003706,331.81253,336.78778,6712.437,"spacetrack"
45369,"2026-09-12 14:15:28.928+00",0.00043454,15.788085,0.00078126,0.0003871,331.2172,336.4136,6711.9526,"spacetrack"
45369,"2026-09-13 13:02:44.157+00",0.00041621,15.789483,0.00075255,0.0003976,330.75064,336.08768,6711.556,"spacetrack"
45375,"2026-09-07 22:40:56.566+00",0.00047834,15.775177,0.0008127,0.0005624,333.69955,341.25327,6715.6133,"spacetrack"
45375,"2026-09-08 12:21:58.546+00",0.00049538,15.77618,0.00084604,0.0005694,333.3678,341.01523,6715.3286,"spacetrack"
45375,"2026-09-09 11:10:15.268+00",0.00035641,15.777645,0.00060916,0.000587,332.83423,340.71753,6714.913,"spacetrack"
45375,"2026-09-10 11:29:37.383+00",0.00041933,15.779063,0.0007235,0.0005998,332.34634,340.4011,6714.5107,"spacetrack"
45375,"2026-09-11 20:56:02.878+00",0.00039526,15.780883,0.00068696,0.0006219,331.68204,340.0329,6713.9946,"spacetrack"
45375,"2026-09-12 21:15:07.167+00",0.00039355,15.782233,0.00068818,0.0006353,331.2094,339.73972,6713.6113,"spacetrack"
45375,"2026-09-13 20:02:53.042+00",0.00040535,15.783516,0.0007134,0.0006437,330.78928,339.43192,6713.2476,"spacetrack"
45376,"2026-09-07 13:29:19.521+00",0.00039544,15.728882,0.00054528,0.0003968,347.97748,353.31744,6728.7847,"spacetrack"
45376,"2026-09-08 23:02:00.885+00",0.0009247,15.73274,0.00131698,0.0004277,346.66962,352.42447,6727.684,"spacetrack"
45376,"2026-09-09 11:13:47.364+00",0.00066507,15.7337,0.00094518,0.0004432,346.29193,352.25513,6727.4106,"spacetrack"
45376,"2026-09-10 11:37:14.956+00",0.00045349,15.734901,0.00064353,0.000452,345.89044,351.9717,6727.068,"spacetrack"
45376,"2026-09-11 13:32:03.785+00",0.00037907,15.735987,0.00053877,0.0004684,345.471,351.77264,6726.759,"spacetrack"
45376,"2026-09-12 21:32:33.628+00",0.00038234,15.737377,0.00054683,0.0004897,344.93167,351.51947,6726.363,"spacetrack"
45376,"2026-09-13 20:24:14.211+00",0.00039875,15.738411,0.00057335,0.0005032,344.54648,351.31558,6726.068,"spacetrack"
45377,"2026-09-07 20:58:56.871+00",0.0005527,15.898955,0.00165541,0.0006172,298.45215,306.69882,6680.7124,"spacetrack"
45377,"2026-09-08 16:00:02+00",0.00072147,15.901772,0.00220328,0.0006275,297.595,305.9783,6679.924,"spacetrack"
45377,"2026-09-09 16:00:02+00",0.00034132,15.905446,0.0010442,0.0006338,296.52478,304.99094,6678.895,"spacetrack"
45377,"2026-09-10 22:00:03.999+00",0.00056225,15.909165,0.00177665,0.0006237,295.552,303.88196,6677.854,"spacetrack"
45377,"2026-09-11 22:00:01.999+00",0.00062611,15.912467,0.00201699,0.0006324,294.5705,303.01547,6676.93,"spacetrack"
45377,"2026-09-12 22:00:01.999+00",0.00047759,15.916041,0.00155956,0.0006373,293.53888,302.04803,6675.9307,"spacetrack"
45377,"2026-09-13 22:00:01.999+00",0.00070636,15.919309,0.00236323,0.0006306,292.67062,301.08917,6675.017,"spacetrack"
45379,"2026-09-07 22:40:20.899+00",0.00065486,16.090189,0.00596374,0.0010064,242.86578,256.20596,6627.673,"spacetrack"
45379,"2026-09-08 13:34:32.237+00",0.00067147,16.098265,0.0064434,0.0009828,240.80772,253.83072,6625.456,"spacetrack"
45379,"2026-09-09 11:54:58.498+00",0.00055723,16.110102,0.00578167,0.0009405,237.84528,250.30167,6622.2104,"spacetrack"
45379,"2026-09-10 22:08:23.873+00",0.00057224,16.128849,0.00673307,0.0008605,233.24686,244.63484,6617.0776,"spacetrack"
45379,"2026-09-11 11:31:14.5+00",0.00059677,16.136854,0.00741213,0.0008112,231.38625,242.11826,6614.889,"spacetrack"
45379,"2026-09-12 14:15:42.415+00",0.00056392,16.153776,0.00788034,0.0007385,227.25053,237.0139,6610.269,"spacetrack"
45379,"2026-09-13 14:00:22.91+00",0.00056953,16.17106,0.00899387,0.0006626,223.04431,231.798,6605.558,"spacetrack"
45383,"2026-09-08 21:30:06.846+00",0.00049673,15.754499,0.00076916,0.000109,342.61844,344.08374,6721.4883,"spacetrack"
45383,"2026-09-09 15:46:15.845+00",0.00036991,15.755451,0.0005722,0.0001076,342.35724,343.80365,6721.2173,"spacetrack"
45383,"2026-09-10 08:31:00.634+00",0.00039253,15.756336,0.00061023,0.0001274,341.97256,343.68506,6720.966,"spacetrack"
45383,"2026-09-11 10:23:41.877+00",0.00037153,15.757561,0.00058018,0.0001456,341.50198,343.45905,6720.6177,"spacetrack"
45383,"2026-09-12 09:13:36.776+00",0.00037875,15.758692,0.00059465,0.0001589,341.0911,343.2268,6720.296,"spacetrack"
45383,"2026-09-13 12:37:22.958+00",0.00039047,15.760046,0.0006171,0.0001631,340.67786,342.8699,6719.9106,"spacetrack"
45384,"2026-09-07 18:33:57.354+00",0.00046323,15.827365,0.00100242,0.0005345,319.12433,326.28754,6700.843,"spacetrack"
45384,"2026-09-09 09:57:47.113+00",0.00044524,15.831135,0.00098035,0.0005524,317.94098,325.3429,6699.779,"spacetrack"
45384,"2026-09-10 08:41:17.879+00",0.00046263,15.833015,0.00102867,0.0005615,317.34982,324.87308,6699.2485,"spacetrack"
45384,"2026-09-11 08:55:32.066+00",0.00042252,15.834953,0.00094665,0.0005649,316.78085,324.34906,6698.702,"spacetrack"
45384,"2026-09-12 22:00:01.999+00",0.00044202,15.838065,0.00100619,0.0005702,315.86823,323.50644,6697.824,"spacetrack"
45384,"2026-09-13 18:28:37.195+00",0.00047848,15.839718,0.00109966,0.0005848,315.30487,323.1381,6697.3584,"spacetrack"
45386,"2026-09-07 16:00:02+00",0.00056584,15.918998,0.00188595,0.0008334,291.40384,302.5299,6675.104,"spacetrack"
45386,"2026-09-08 16:00:02+00",0.0006275,15.9235325,0.00214598,0.0008268,290.18146,301.21732,6673.8364,"spacetrack"
45386,"2026-09-09 16:00:02+00",0.00046521,15.927611,0.00161693,0.0008242,289.0605,300.05975,6672.6973,"spacetrack"
45386,"2026-09-10 22:00:03.999+00",0.0007015,15.932155,0.002515,0.0007838,288.06238,298.52054,6671.428,"spacetrack"
45386,"2026-09-11 22:00:01.999+00",0.00070238,15.936113,0.00257207,0.0007777,286.99908,297.3741,6670.3237,"spacetrack"
45386,"2026-09-12 22:00:01.999+00",0.00072644,15.9428425,0.00275791,0.0006985,285.65152,294.96732,6668.4463,"spacetrack"
45386,"2026-09-13 22:00:01.999+00",0.00064499,15.94728,0.00250432,0.0006845,284.50873,293.6361,6667.2095,"spacetrack"
45387,"2026-09-07 00:00:02+00",0.00048349,15.826972,0.00104615,0.0007426,317.8407,327.79297,6700.9536,"spacetrack"
45387,"2026-09-09 16:00:02+00",0.000375,15.833737,0.00083428,0.000775,315.71606,326.09958,6699.045,"spacetrack"
45387,"2026-09-10 22:00:03.999+00",0.00085458,15.8376045,0.0019712,0.0007599,314.72757,324.90714,6697.9546,"spacetrack"
45387,"2026-09-11 22:00:01.999+00",0.00083186,15.840914,0.00194856,0.000756,313.8216,323.9475,6697.0215,"spacetrack"
45387,"2026-09-12 22:00:01.999+00",0.00081255,15.844387,0.00193471,0.0007531,312.8628,322.94836,6696.0425,"spacetrack"
45387,"2026-09-13 22:00:01.999+00",0.00054246,15.848182,0.00130351,0.0007549,311.7827,321.89078,6694.9736,"spacetrack"
45389,"2026-09-07 19:23:46.353+00",0.00049803,15.863001,0.0012836,0.0004946,309.35718,315.97574,6690.803,"spacetrack"
45389,"2026-09-08 19:35:12.712+00",0.00056389,15.865903,0.00147853,0.0005067,308.46082,315.24045,6689.988,"spacetrack"
45389,"2026-09-09 09:11:31.94+00",0.00040339,15.867308,0.00105772,0.0005017,308.0997,314.81204,6689.593,"spacetrack"
45389,"2026-09-10 22:00:03.999+00",0.00068817,15.87069,0.00185701,0.0005105,307.09064,313.91974,6688.642,"spacetrack"
45389,"2026-09-11 22:00:01.999+00",0.00070453,15.874064,0.00193526,0.0005498,305.88052,313.2343,6687.6943,"spacetrack"
45389,"2026-09-12 22:00:01.999+00",0.0006481,15.876625,0.00179955,0.0005409,305.2213,312.4553,6686.975,"spacetrack"
45389,"2026-09-13 22:00:01.999+00",0.00045032,15.879462,0.00125804,0.0005461,304.3905,311.69315,6686.1787,"spacetrack"
45390,"2026-09-07 04:41:21.932+00",0.00038404,15.83108,0.00084305,0.0005537,317.94766,325.36703,6699.7944,"spacetrack"
45390,"2026-09-08 10:59:20.784+00",0.00051916,15.833822,0.0011615,0.0005717,317.05408,324.7137,6699.021,"spacetrack"
45390,"2026-09-09 09:42:36.718+00",0.00042988,15.835925,0.00096805,0.0005817,316.39432,324.18726,6698.4277,"spacetrack"
45390,"2026-09-10 08:25:42.5+00",0.00046798,15.837877,0.0010656,0.0005936,315.76462,323.71634,6697.8774,"spacetrack"
45390,"2026-09-11 22:00:01.999+00",0.00036655,15.841368,0.00084502,0.0006168,314.6259,322.88718,6696.8936,"spacetrack"
45390,"2026-09-12 08:53:01.934+00",0.00043895,15.842202,0.00101951,0.0006275,314.31912,322.72342,6696.658,"spacetrack"
45390,"2026-09-13 06:04:45.465+00",0.00042878,15.84397,0.00100405,0.0006299,313.80508,322.2409,6696.16,"spacetrack"
45395,"2026-09-07 14:25:30.329+00",0.00047581,15.891405,0.0014152,0.0006858,300.10822,309.27438,6682.828,"spacetrack"
45395,"2026-09-08 14:34:19.612+00",0.00057019,15.894893,0.00167405,0.0006846,299.13928,308.2881,6681.8506,"spacetrack"
45395,"2026-09-09 16:00:02+00",0.00054813,15.898281,0.00163678,0.0007239,297.9282,307.6008,6680.9014,"spacetrack"
45395,"2026-09-10 22:00:03.999+00",0.00054547,15.901872,0.00165917,0.0007115,297.00595,306.51144,6679.8955,"spacetrack"
45395,"2026-09-11 22:00:01.999+00",0.00060197,15.904946,0.00186422,0.0007171,296.10815,305.68723,6679.0347,"spacetrack"
45395,"2026-09-12 22:00:01.999+00",0.0006795,15.908135,0.00214409,0.0007243,295.16815,304.84213,6678.142,"spacetrack"
45395,"2026-09-13 22:00:01.999+00",0.00073318,15.911501,0.00235707,0.0007175,294.27243,303.85422,6677.2,"spacetrack"
45399,"2026-09-07 19:50:20.194+00",0.00083713,15.752194,0.00129671,0.0005684,340.18597,347.8277,6722.144,"spacetrack"
45399,"2026-09-09 19:02:14.603+00",0.00047015,15.755373,0.0007305,0.0004704,339.9411,346.26443,6721.2397,"spacetrack"
45399,"2026-09-10 08:44:19.641+00",0.00044626,15.756011,0.00069487,0.0005452,339.2568,346.58545,6721.058,"spacetrack"
45399,"2026-09-11 22:47:41.465+00",0.00042124,15.7579,0.00066085,0.0005878,338.43378,346.33444,6720.521,"spacetrack"
45399,"2026-09-12 06:24:19.779+00",0.00036706,15.758281,0.00057539,0.0005831,338.3571,346.19443,6720.4126,"spacetrack"
45399,"2026-09-13 09:48:08.088+00",0.00039889,15.75973,0.0006303,0.0005887,337.90762,345.81976,6720.0005,"spacetrack"
45408,"2026-09-07 16:00:02+00",0.00059506,15.909173,0.00188395,0.0007495,294.70972,304.71982,6677.8516,"spacetrack"
45408,"2026-09-08 16:00:02+00",0.00073938,15.913201,0.00239921,0.0007585,293.5234,303.652,6676.7246,"spacetrack"
45408,"2026-09-09 16:00:02+00",0.00055129,15.916988,0.00181611,0.0007601,292.45447,302.6028,6675.6655,"spacetrack"
45408,"2026-09-10 22:00:03.999+00",0.00064457,15.921167,0.00217654,0.0007511,291.34714,301.37357,6674.4976,"spacetrack"
45408,"2026-09-11 22:00:01.999+00",0.00068245,15.924636,0.00234917,0.0007497,290.388,300.3943,6673.5283,"spacetrack"
45408,"2026-09-12 22:00:01.999+00",0.00066506,15.928188,0.00233211,0.0007504,289.39172,299.40588,6672.5356,"spacetrack"
45408,"2026-09-13 22:00:01.999+00",0.0006947,15.932044,0.0024879,0.0007339,288.42606,298.21844,6671.4595,"spacetrack"
45414,"2026-09-07 13:41:13.821+00",0.0015098,15.869348,0.00416513,0.0006234,306.7124,315.05228,6689.0195,"spacetrack"
45414,"2026-09-08 16:00:02+00",0.00059502,15.872083,0.00161193,0.0006306,305.89642,314.33163,6688.251,"spacetrack"
45414,"2026-09-09 09:30:47.91+00",0.0011829,15.876818,0.00335244,0.0005885,304.849,312.71948,6686.9214,"spacetrack"
45414,"2026-09-10 08:10:36.876+00",0.00045889,15.87625,0.0012623,0.0006292,304.73587,313.1509,6687.0806,"spacetrack"
45414,"2026-09-11 22:00:01.999+00",0.00062279,15.879717,0.00175545,0.0006297,303.75995,312.18042,6686.1074,"spacetrack"
45414,"2026-09-12 22:00:01.999+00",0.00069453,15.882226,0.0019884,0.0006324,303.03824,311.49396,6685.4033,"spacetrack"
45414,"2026-09-13 07:10:06.522+00",0.0016208,15.8836355,0.00483564,0.0006485,302.5353,311.20575,6685.0073,"spacetrack"
45417,"2026-09-07 22:12:35.072+00",0.00063583,15.765787,0.00104015,0.0002462,338.4886,341.79666,6718.28,"spacetrack"
45417,"2026-09-08 04:17:42.603+00",0.00067124,15.766384,0.00110218,0.0002527,338.27524,341.67056,6718.11,"spacetrack"
45417,"2026-09-09 21:21:59.53+00",0.00058187,15.769712,0.00096728,0.0002721,337.19986,340.85535,6717.1646,"spacetrack"
45417,"2026-09-10 11:03:16.376+00",0.00062513,15.771753,0.00105024,0.0002964,336.45724,340.43884,6716.585,"spacetrack"
45417,"2026-09-11 20:30:35.989+00",0.00054482,15.7741,0.00092272,0.00029,335.8342,339.72943,6715.919,"spacetrack"
45417,"2026-09-12 22:00:01.999+00",0.00029337,15.776118,0.00049578,0.0002945,335.23157,339.1869,6715.346,"spacetrack"
45417,"2026-09-13 12:02:29.698+00",0.00053516,15.77702,0.00091814,0.0002978,334.9535,338.953,6715.0903,"spacetrack"
45419,"2026-09-07 12:59:29.034+00",0.00041859,15.752265,0.00064044,0.0006061,339.9126,348.06116,6722.124,"spacetrack"
45419,"2026-09-09 12:11:25.86+00",0.00037077,15.75511,0.00057327,0.0006336,338.91888,347.43616,6721.3145,"spacetrack"
45419,"2026-09-10 11:01:33.262+00",0.00037847,15.756341,0.00058865,0.0006485,338.46872,347.18582,6720.9644,"spacetrack"
45419,"2026-09-11 11:22:54.5+00",0.00038122,15.757532,0.00059616,0.0006554,338.08405,346.89343,6720.6255,"spacetrack"
45419,"2026-09-12 16:18:07.188+00",0.00039232,15.759006,0.0006179,0.0006665,337.59067,346.5487,6720.2065,"spacetrack"
45419,"2026-09-13 09:02:38.556+00",0.00038898,15.759834,0.00061485,0.0006769,337.28552,346.38303,6719.971,"spacetrack"
45531,"2026-09-07 01:20:31.876+00",0.00044827,15.906461,0.00138893,0.0005383,296.8788,304.069,6678.611,"spacetrack"
45531,"2026-09-10 22:00:03.999+00",0.00056191,15.920415,0.0018826,0.0004961,293.25928,299.88193,6674.7075,"spacetrack"
45531,"2026-09-11 22:00:01.999+00",0.00060573,15.924097,0.00207199,0.0004852,292.3036,298.77972,6673.6787,"spacetrack"
45531,"2026-09-12 22:00:01.999+00",0.00067414,15.927885,0.00235666,0.0004764,291.30475,297.6624,6672.6206,"spacetrack"
45531,"2026-09-13 22:00:01.999+00",0.00065704,15.931815,0.00234456,0.0004674,290.26807,296.5046,6671.5234,"spacetrack"
45532,"2026-09-07 07:50:05.659+00",0.00038514,15.844042,0.0009,0.0005415,314.377,321.62894,6696.14,"spacetrack"
45532,"2026-09-09 09:47:04.708+00",0.0004495,15.849047,0.0010795,0.0005381,312.99075,320.19565,6694.73,"spacetrack"
45532,"2026-09-10 23:36:54.766+00",0.00043755,15.852466,0.00106799,0.00054,312.01587,319.24512,6693.7676,"spacetrack"
45532,"2026-09-11 16:15:26.098+00",0.00070205,15.855177,0.00175446,0.000541,311.24664,318.48846,6693.0044,"spacetrack"
45532,"2026-09-12 22:00:01.999+00",0.00072622,15.857973,0.00184144,0.0004938,310.77612,317.38535,6692.218,"spacetrack"
45532,"2026-09-13 22:00:01.999+00",0.00067338,15.860364,0.00172458,0.0004898,310.13058,316.6856,6691.545,"spacetrack"
45542,"2026-09-08 11:21:04.233+00",0.00049017,15.793269,0.00090491,0.0005475,328.67258,336.02057,6710.4834,"spacetrack"
45542,"2026-09-10 07:23:24.596+00",0.00043509,15.796301,0.00081281,0.0005571,327.74994,335.2258,6709.625,"spacetrack"
45542,"2026-09-11 01:36:39.002+00",0.00041214,15.797484,0.00077343,0.0005654,327.35925,334.9461,6709.2896,"spacetrack"
45542,"2026-09-12 17:05:03.196+00",0.00045628,15.800093,0.00086829,0.0005685,326.60068,334.2283,6708.5513,"spacetrack"
45542,"2026-09-13 06:44:47.621+00",0.00043261,15.8010025,0.0008259,0.0005616,326.38943,333.9242,6708.294,"spacetrack"
45544,"2026-09-07 08:22:24.397+00",0.00037104,15.81786,0.00076452,0.0005992,321.37332,329.40683,6703.527,"spacetrack"
45544,"2026-09-08 10:09:00.184+00",0.0005007,15.820098,0.0010485,0.0005987,320.74475,328.77078,6702.8945,"spacetrack"
45544,"2026-09-09 17:59:11.865+00",0.00043707,15.822707,0.0009243,0.000605,319.96597,328.0756,6702.1577,"spacetrack"
45544,"2026-09-10 07:37:45.503+00",0.00046033,15.823836,0.00097965,0.0005973,319.69885,327.70486,6701.839,"spacetrack"
45544,"2026-09-11 00:18:08.923+00",0.00043114,15.82508,0.00092188,0.0006042,319.30176,327.3998,6701.488,"spacetrack"
45544,"2026-09-12 23:16:59.557+00",0.00044556,15.828741,0.00097006,0.0005939,318.3379,326.2967,6700.454,"spacetrack"
45544,"2026-09-13 15:57:04.092+00",0.00046865,15.830072,0.00102778,0.0005789,318.063,325.8203,6700.0786,"spacetrack"
45555,"2026-09-10 22:00:03.999+00",0.00061745,15.86016,0.00157734,0.0006267,309.27188,317.65912,6691.6025,"spacetrack"
45555,"2026-09-11 22:00:01.999+00",0.000508,15.862558,0.00130756,0.0006113,308.7009,316.88123,6690.928,"spacetrack"
45555,"2026-09-12 22:00:01.999+00",0.00060463,15.86498,0.00158123,0.0006123,308.0136,316.20648,6690.247,"spacetrack"
45555,"2026-09-13 22:00:01.999+00",0.00055565,15.867535,0.00146883,0.0005908,307.43967,315.344,6689.529,"spacetrack"
45564,"2026-09-09 17:36:37.956+00",0.00040664,15.739301,0.00058694,0.0003197,345.52737,349.82785,6725.8145,"spacetrack"
45564,"2026-09-10 07:19:32.796+00",0.00040406,15.739984,0.00058489,0.0003198,345.33224,349.63394,6725.62,"spacetrack"
45564,"2026-09-11 09:13:50.885+00",0.00037769,15.74119,0.00054895,0.0003201,344.98663,349.29214,6725.2764,"spacetrack"
45564,"2026-09-12 23:19:22.101+00",0.00040399,15.742979,0.00059253,0.0003342,344.38242,348.87723,6724.7666,"spacetrack"
45564,"2026-09-13 03:53:36.748+00",0.00036416,15.743209,0.00053364,0.0003344,344.3157,348.81317,6724.7017,"spacetrack"
45565,"2026-09-07 15:22:20.49+00",0.00047733,15.81878,0.00099331,0.0007878,319.8493,330.41095,6703.267,"spacetrack"
45565,"2026-09-08 08:03:02.276+00",0.00054084,15.820418,0.00113689,0.0007736,319.48196,329.85257,6702.804,"spacetrack"
45565,"2026-09-09 03:45:32.877+00",0.00056591,15.822355,0.00120167,0.000773,318.9394,329.3011,6702.2573,"spacetrack"
45565,"2026-09-10 04:00:44.725+00",0.00051143,15.824644,0.0010956,0.0007554,318.41135,328.53616,6701.611,"spacetrack"
45565,"2026-09-11 05:46:41.144+00",0.00045769,15.826703,0.00098802,0.0007509,317.86078,327.92438,6701.03,"spacetrack"
45565,"2026-09-12 22:41:34.719+00",0.00043547,15.830086,0.00095448,0.0007496,316.91568,326.96045,6700.075,"spacetrack"
45565,"2026-09-13 22:00:01.999+00",0.00045022,15.83224,0.00099768,0.0007463,316.33044,326.33005,6699.4673,"spacetrack"
45567,"2026-09-07 22:26:20.907+00",0.0004989,15.793452,0.0009222,0.0005779,328.41687,336.1728,6710.4316,"spacetrack"
45567,"2026-09-08 21:13:06.871+00",0.00053869,15.795324,0.00100586,0.0005807,327.86807,335.66098,6709.9014,"spacetrack"
45567,"2026-09-09 21:30:50.151+00",0.00046932,15.796961,0.00088074,0.0005856,327.3721,335.2302,6709.438,"spacetrack"
45567,"2026-09-10 23:19:29.978+00",0.00042017,15.798694,0.00079324,0.0005778,326.93396,334.68683,6708.9473,"spacetrack"
45567,"2026-09-11 22:05:49.843+00",0.00040855,15.80012,0.00077598,0.0005649,326.61685,334.19617,6708.5435,"spacetrack"
45567,"2026-09-12 22:23:06.212+00",0.00043649,15.801826,0.00083668,0.0005712,326.09235,333.75565,6708.061,"spacetrack"
45567,"2026-09-13 22:40:13.448+00",0.00046814,15.803524,0.0009056,0.0005682,325.63208,333.25458,6707.5806,"spacetrack"
45573,"2026-09-07 06:41:21.532+00",0.00038451,15.800353,0.00073047,0.0006196,326.184,334.49713,6708.4775,"spacetrack"
45573,"2026-09-08 08:29:40.161+00",0.0005388,15.80258,0.00104067,0.0006194,325.55563,333.8653,6707.8477,"spacetrack"
45573,"2026-09-09 05:44:34.589+00",0.0004657,15.804446,0.00090483,0.0006113,325.08218,333.28253,6707.3193,"spacetrack"
45573,"2026-09-11 07:49:12.776+00",0.000443,15.8080225,0.00087438,0.0005993,324.15167,332.18985,6706.3076,"spacetrack"
45573,"2026-09-12 21:45:00.346+00",0.00045857,15.810708,0.00091725,0.0006228,323.23502,331.58746,6705.5483,"spacetrack"
45573,"2026-09-13 22:01:18.126+00",0.00047217,15.812558,0.00095333,0.0006542,322.50183,331.2747,6705.0254,"spacetrack"
45578,"2026-09-07 21:19:49.026+00",0.00049352,15.797342,0.00092846,0.0005304,327.6344,334.75165,6709.33,"spacetrack"
45578,"2026-09-08 23:08:25.317+00",0.00054739,15.799525,0.0010423,0.0005311,327.01205,334.13806,6708.712,"spacetrack"
45578,"2026-09-09 21:54:40.63+00",0.00047849,15.801088,0.00091542,0.0005261,326.60342,333.66187,6708.2695,"spacetrack"
45578,"2026-09-10 23:42:56.138+00",0.00043183,15.802849,0.00083138,0.0005233,326.1241,333.14447,6707.7715,"spacetrack"
45578,"2026-09-11 22:28:54.19+00",0.00044553,15.80442,0.00086454,0.0005196,325.70462,332.67487,6707.3267,"spacetrack"
45578,"2026-09-12 22:45:47.233+00",0.00044026,15.806082,0.00086078,0.0005203,325.2301,332.20926,6706.8564,"spacetrack"
45578,"2026-09-13 21:31:28.263+00",0.00046814,15.80775,0.00092346,0.0005122,324.81293,331.68295,6706.385,"spacetrack"
45582,"2026-09-07 16:00:02+00",0.0004702,15.935987,0.00170854,0.000711,287.4792,296.96445,6670.359,"spacetrack"
45582,"2026-09-08 16:00:02+00",0.00062195,15.940801,0.00233036,0.0006891,286.2834,295.4746,6669.016,"spacetrack"
45582,"2026-09-09 16:00:02+00",0.00049558,15.945114,0.00189353,0.000665,285.2421,294.1103,6667.813,"spacetrack"
45582,"2026-09-10 22:00:03.999+00",0.00061273,15.950598,0.0024201,0.0006418,283.86945,292.4263,6666.2847,"spacetrack"
45582,"2026-09-11 22:00:01.999+00",0.0005911,15.954944,0.00238945,0.0006241,282.7776,291.09692,6665.074,"spacetrack"
45582,"2026-09-12 22:00:02+00",0.00058139,15.959504,0.00240916,0.0006048,281.63733,289.69788,6663.8047,"spacetrack"
45582,"2026-09-13 22:00:01.999+00",0.00055004,15.964373,0.00233945,0.0005846,280.41766,288.2074,6662.4497,"spacetrack"
45586,"2026-09-07 07:12:40.396+00",0.00040725,15.804384,0.00078894,0.0005605,325.44052,332.95944,6707.337,"spacetrack"
45586,"2026-09-08 21:08:56.642+00",0.00059233,15.807769,0.00117402,0.0005601,324.48633,331.9988,6706.3794,"spacetrack"
45586,"2026-09-09 06:15:10.451+00",0.00047568,15.8085165,0.00094215,0.0005586,324.2849,331.77704,6706.168,"spacetrack"
45586,"2026-09-11 05:16:58.077+00",0.00045062,15.812208,0.00090714,0.0005394,323.37045,330.60394,6705.124,"spacetrack"
45586,"2026-09-12 05:33:07.329+00",0.00045261,15.814093,0.00091933,0.0005418,322.822,330.08707,6704.5913,"spacetrack"
45586,"2026-09-13 04:18:06.247+00",0.00043339,15.815915,0.00088714,0.0005348,322.35406,329.52475,6704.0767,"spacetrack"
45589,"2026-09-07 16:59:50.37+00",0.00045418,15.811156,0.00090958,0.0004067,324.55734,330.01154,6705.4214,"spacetrack"
45589,"2026-09-08 11:12:02.477+00",0.00042608,15.812598,0.00085822,0.0004668,323.74698,330.00677,6705.0137,"spacetrack"
45589,"2026-09-11 07:26:51.608+00",0.00041826,15.818064,0.0008642,0.0004874,322.0651,328.59964,6703.469,"spacetrack"
45589,"2026-09-12 09:13:25.984+00",0.0004951,15.820537,0.00103825,0.0004746,321.45264,327.8149,6702.771,"spacetrack"
45589,"2026-09-13 22:00:01.999+00",0.0006337,15.823475,0.00135392,0.0003663,321.3491,326.25894,6701.941,"spacetrack"
45590,"2026-09-07 19:17:58.262+00",0.00039587,15.740411,0.00057391,0.0003401,345.07394,349.64862,6725.498,"spacetrack"
45590,"2026-09-09 18:32:05.196+00",0.00037924,15.742881,0.00055543,0.0004126,343.88303,349.4323,6724.7944,"spacetrack"
45590,"2026-09-10 08:14:48.746+00",0.00040767,15.743585,0.0005997,0.000411,343.6937,349.2213,6724.5947,"spacetrack"
45590,"2026-09-11 17:45:46.643+00",0.00041234,15.745159,0.00061093,0.0004343,343.0887,348.9293,6724.146,"spacetrack"
45590,"2026-09-12 07:28:23.19+00",0.000407,15.745813,0.00060461,0.0004305,342.92807,348.7174,6723.96,"spacetrack"
45590,"2026-09-13 16:59:03.717+00",0.0004272,15.747456,0.00063979,0.0004385,342.40698,348.30347,6723.492,"spacetrack"
45665,"2026-09-07 10:18:44.822+00",0.00046973,15.8923,0.00135518,0.0007357,299.52417,309.35693,6682.5776,"spacetrack"
45665,"2026-09-08 16:00:02+00",0.00058339,15.896943,0.00173226,0.0007221,298.3148,307.9639,6681.2764,"spacetrack"
45665,"2026-09-09 16:00:02+00",0.00044563,15.900452,0.00133921,0.0007135,297.3899,306.92267,6680.2935,"spacetrack"
45665,"2026-09-10 22:00:03.999+00",0.00031744,15.907572,0.00097986,0.0006608,295.74994,304.576,6678.3,"spacetrack"
45665,"2026-09-11 22:00:01.999+00",0.00057147,15.91072,0.00182142,0.0006524,294.92563,303.6383,6677.419,"spacetrack"
45665,"2026-09-12 22:00:02+00",0.00059887,15.9144,0.0019474,0.0006334,294.02365,302.4813,6676.3896,"spacetrack"
45665,"2026-09-13 22:00:01.999+00",0.00053842,15.918266,0.00178318,0.0006139,293.07324,301.2692,6675.308,"spacetrack"
45670,"2026-09-07 16:00:02+00",0.00073549,15.932333,0.00264008,0.0007379,288.3188,298.16443,6671.3784,"spacetrack"
45670,"2026-09-08 16:00:02+00",0.0008988,15.937956,0.00333139,0.0007072,286.9555,296.38928,6669.8096,"spacetrack"
45670,"2026-09-09 16:00:02+00",0.00074935,15.943123,0.00284991,0.0006829,285.67752,294.78516,6668.368,"spacetrack"
45670,"2026-09-10 22:00:03.999+00",0.0013685,15.952365,0.00548853,0.0004925,284.3726,290.9384,6665.7925,"spacetrack"
45670,"2026-09-11 22:00:01.999+00",0.0023928,15.970453,0.01055095,0.0002261,281.11533,284.12732,6660.7583,"spacetrack"
45670,"2026-09-12 22:00:02+00",0.0020985,15.992332,0.01045269,0.000101,275.87277,277.217,6654.682,"spacetrack"
45670,"2026-09-13 22:55:24.593+00",0.0015218,16.014448,0.00862638,0.0002046,269.05643,271.77704,6648.5537,"spacetrack"
45671,"2026-09-07 15:51:16.153+00",0.00071372,15.872585,0.00194788,0.0006985,305.30112,314.64438,6688.11,"spacetrack"
45671,"2026-09-08 16:00:02+00",0.00066,15.876613,0.00183455,0.0006917,304.21634,313.4671,6686.9785,"spacetrack"
45671,"2026-09-09 16:00:02+00",0.00046216,15.87991,0.00129559,0.000685,303.336,312.4959,6686.0527,"spacetrack"
45671,"2026-09-10 22:00:03.999+00",0.00068712,15.883629,0.00198119,0.00067,302.3933,311.35123,6685.0093,"spacetrack"
45671,"2026-09-11 22:00:01.999+00",0.00059806,15.886792,0.00174623,0.0006626,301.55612,310.4139,6684.122,"spacetrack"
45671,"2026-09-12 22:00:02+00",0.0006239,15.889911,0.00185294,0.000655,300.73285,309.4879,6683.2476,"spacetrack"
45671,"2026-09-13 22:00:01.999+00",0.00060552,15.894052,0.00183551,0.0006307,299.73514,308.16394,6682.0864,"spacetrack"
45673,"2026-09-07 05:46:28.997+00",0.00040369,15.795221,0.0007496,0.0006329,327.5468,336.04025,6709.9307,"spacetrack"
45673,"2026-09-08 07:35:18.278+00",0.00054533,15.797343,0.00102822,0.0006243,327.00406,335.38132,6709.3296,"spacetrack"
45673,"2026-09-09 15:28:15.397+00",0.0004527,15.799911,0.00086079,0.0006201,326.30588,334.6259,6708.603,"spacetrack"
45673,"2026-09-11 06:56:15.938+00",0.00045299,15.802865,0.00087322,0.0006055,325.56808,333.6912,6707.7666,"spacetrack"
45673,"2026-09-12 07:13:17.133+00",0.00043872,15.804657,0.00085226,0.0005939,325.13922,333.1061,6707.26,"spacetrack"
45673,"2026-09-13 21:09:32.378+00",0.00050819,15.807631,0.00100382,0.0006161,324.14978,332.41342,6706.4185,"spacetrack"
45675,"2026-09-07 19:23:32.34+00",0.00051369,15.750819,0.00078366,0.0005704,340.5636,348.23267,6722.535,"spacetrack"
45675,"2026-09-08 13:39:55.75+00",0.00056905,15.752226,0.00087518,0.0005886,340.0412,347.9545,6722.135,"spacetrack"
45675,"2026-09-09 09:27:34.778+00",0.00047745,15.753566,0.00073629,0.0005536,339.89563,347.33795,6721.754,"spacetrack"
45675,"2026-09-10 23:31:15.447+00",0.00046903,15.755907,0.00073065,0.000556,339.21393,346.68777,6721.088,"spacetrack"
45675,"2026-09-11 08:39:16.83+00",0.00046345,15.756697,0.000724,0.0003828,340.1536,345.2991,6720.8633,"spacetrack"
45675,"2026-09-12 22:42:28.891+00",-9.1455e-06,15.758814,-2.098e-05,0.0005443,338.4665,345.78217,6720.261,"spacetrack"
45675,"2026-09-13 09:21:41.643+00",0.00060285,15.760227,0.00096153,0.0005136,338.27127,345.17392,6719.8594,"spacetrack"
45679,"2026-09-07 21:40:56.705+00",0.0004949,15.773407,0.00083466,0.0005633,334.1956,341.76196,6716.1157,"spacetrack"
45679,"2026-09-08 09:50:50.324+00",0.00052821,15.774292,0.00089572,0.0006428,333.41043,342.04437,6715.8643,"spacetrack"
45679,"2026-09-09 14:44:09.728+00",0.00043364,15.77628,0.00073912,0.0005469,333.49048,340.83566,6715.3003,"spacetrack"
45679,"2026-09-11 06:15:45.597+00",0.00040673,15.778696,0.00070005,0.0005356,332.88144,340.07416,6714.6147,"spacetrack"
45679,"2026-09-12 06:35:01.571+00",0.00040021,15.780196,0.00069336,0.0005419,332.4139,339.69077,6714.1895,"spacetrack"
45679,"2026-09-13 20:34:50.81+00",0.00046225,15.78261,0.00081175,0.0005249,331.8436,338.89142,6713.5044,"spacetrack"
45685,"2026-09-07 22:00:46.543+00",0.00045801,15.730573,0.00063807,0.0005264,346.62332,353.70688,6728.3022,"spacetrack"
45685,"2026-09-08 07:09:41.585+00",0.00050016,15.731106,0.0006995,0.0005383,346.39127,353.6348,6728.15,"spacetrack"
45685,"2026-09-10 14:02:49.561+00",0.000422,15.733983,0.00059581,0.000524,345.66782,352.71805,6727.33,"spacetrack"
45685,"2026-09-11 06:48:56.833+00",0.00039037,15.734785,0.0005523,0.0005219,345.45337,352.47513,6727.101,"spacetrack"
45685,"2026-09-12 23:58:17.984+00",0.00040448,15.736793,0.00057766,0.0005198,344.89575,351.88864,6726.5293,"spacetrack"
45685,"2026-09-13 04:32:39.136+00",0.00037551,15.737003,0.00053605,0.000515,344.868,351.7963,6726.469,"spacetrack"
45695,"2026-09-07 21:28:22.253+00",0.00056762,15.84159,0.0013214,0.0006596,314.27667,323.1111,6696.831,"spacetrack"
45695,"2026-09-08 08:04:16.15+00",0.00071454,15.842931,0.00168333,0.0007031,313.60773,323.02426,6696.453,"spacetrack"
45695,"2026-09-09 06:46:44.411+00",0.00047754,15.845354,0.00112868,0.0007323,312.73004,322.53668,6695.7705,"spacetrack"
45695,"2026-09-10 22:00:03.999+00",0.00051838,15.84947,0.00125159,0.0006412,312.1813,320.76648,6694.611,"spacetrack"
45695,"2026-09-11 20:49:48.052+00",0.00053499,15.851731,0.00130679,0.000616,311.7138,319.9608,6693.974,"spacetrack"
45695,"2026-09-12 22:33:04.876+00",0.00048474,15.854189,0.00119605,0.0006218,310.98364,319.3074,6693.2827,"spacetrack"
45695,"2026-09-13 22:00:01.999+00",0.0005341,15.856793,0.00133745,0.0006097,310.3321,318.493,6692.5493,"spacetrack"
45697,"2026-09-07 21:31:34.382+00",0.00049788,15.763149,0.000802,0.000596,336.88736,344.89645,6719.029,"spacetrack"
45697,"2026-09-08 20:20:58.785+00",0.00052947,15.764765,0.00086002,0.0005924,336.4529,344.41306,6718.57,"spacetrack"
45697,"2026-09-11 06:09:35.52+00",0.00040088,15.768131,0.00065777,0.0005904,335.51065,343.4428,6717.614,"spacetrack"
45697,"2026-09-12 04:58:34.752+00",0.00039336,15.769437,0.00064898,0.0005778,335.22467,342.98712,6717.2427,"spacetrack"
45697,"2026-09-13 03:47:27.099+00",0.00038893,15.770765,0.00064541,0.0005799,334.8335,342.62372,6716.8657,"spacetrack"
45700,"2026-09-07 21:36:07.517+00",0.00052231,15.838462,0.00119523,0.0005901,315.62332,323.52795,6697.7124,"spacetrack"
45700,"2026-09-08 21:49:49.609+00",0.00056572,15.841123,0.00131343,0.0005757,314.97003,322.6809,6696.9624,"spacetrack"
45700,"2026-09-09 22:03:18.281+00",0.00050038,15.843365,0.00117148,0.000566,314.40347,321.9837,6696.3306,"spacetrack"
45700,"2026-09-10 22:16:33.411+00",0.00044982,15.846056,0.00106473,0.0005634,313.66336,321.20792,6695.5728,"spacetrack"
45700,"2026-09-11 22:00:01.999+00",0.00050886,15.848438,0.0012215,0.0005547,313.05087,320.4782,6694.9014,"spacetrack"
45700,"2026-09-12 22:42:23.252+00",0.00046763,15.850628,0.00113261,0.0005347,312.56857,319.72745,6694.285,"spacetrack"
45700,"2026-09-13 22:54:59.206+00",0.00048799,15.853,0.0011967,0.0005181,312.0124,318.9483,6693.617,"spacetrack"
45703,"2026-09-07 16:00:02+00",0.00059389,15.950115,0.00233363,0.0001063,287.57352,288.9908,6666.419,"spacetrack"
45703,"2026-09-08 16:00:02+00",0.00065512,15.955774,0.00265871,9.13e-05,286.09753,287.3145,6664.8433,"spacetrack"
45703,"2026-09-09 16:00:02+00",0.00051291,15.960594,0.00213014,7.32e-05,284.8764,285.85193,6663.501,"spacetrack"
45703,"2026-09-10 22:00:03.999+00",0.00050754,15.966529,0.00217814,3.84e-05,283.45685,283.96848,6661.8496,"spacetrack"
45703,"2026-09-11 22:00:01.999+00",0.00049247,15.971133,0.00216763,6.1e-05,282.02606,282.83862,6660.5693,"spacetrack"
45703,"2026-09-12 22:00:02+00",0.00053271,15.976138,0.00241458,0.0001043,280.3467,281.7358,6659.178,"spacetrack"
45703,"2026-09-13 22:00:01.999+00",0.00061229,15.981266,0.00286203,0.0001542,278.59003,280.64328,6657.7534,"spacetrack"
45710,"2026-09-08 20:00:59.591+00",0.00058555,15.816283,0.00120876,0.0007519,320.79483,330.87625,6703.9727,"spacetrack"
45710,"2026-09-10 02:20:40.368+00",0.00052295,15.818895,0.00109043,0.0007339,320.17798,330.017,6703.2344,"spacetrack"
45710,"2026-09-12 22:33:44.899+00",0.00043488,15.825028,0.00093019,0.0007018,318.66214,328.0684,6701.5024,"spacetrack"
45710,"2026-09-13 22:00:01.999+00",0.00044541,15.827261,0.00096339,0.0007129,317.95813,327.5122,6700.872,"spacetrack"
45711,"2026-09-07 16:00:02+00",0.00067584,15.911699,0.00217152,0.0006613,294.59232,303.4235,6677.145,"spacetrack"
45711,"2026-09-08 16:00:02+00",0.00076136,15.9160595,0.00250681,0.0006425,293.49918,302.07773,6675.9253,"spacetrack"
45711,"2026-09-09 16:00:02+00",0.0006679,15.920128,0.00224221,0.0006197,292.51462,300.78735,6674.788,"spacetrack"
45711,"2026-09-10 22:00:03.999+00",0.00049725,15.925841,0.00171177,0.0006116,290.97308,299.13574,6673.1914,"spacetrack"
45711,"2026-09-11 22:00:01.999+00",0.00051446,15.929717,0.00180905,0.0005882,290.04758,297.89664,6672.109,"spacetrack"
45711,"2026-09-12 22:00:02+00",0.00049035,15.933737,0.00176001,0.0005601,289.1135,296.58633,6670.987,"spacetrack"
45711,"2026-09-13 22:00:01.999+00",0.00046911,15.93796,0.00172093,0.0005435,288.04645,295.29654,6669.8086,"spacetrack"
45731,"2026-09-07 19:17:34.591+00",0.00048942,15.810416,0.00097771,0.0001115,326.74615,328.24152,6705.631,"spacetrack"
45731,"2026-09-08 16:31:50.969+00",0.00058951,15.81249,0.00119348,8.26e-05,326.3536,327.46127,6705.0444,"spacetrack"
45731,"2026-09-09 22:51:57.419+00",0.0004817,15.815183,0.0009838,0.0001487,325.14957,327.14343,6704.2837,"spacetrack"
45731,"2026-09-10 15:32:53.144+00",0.000559,15.816912,0.00115437,0.0001587,324.59402,326.7218,6703.795,"spacetrack"
45731,"2026-09-11 15:48:35.477+00",0.00057102,15.819095,0.00119193,0.0001166,324.2594,325.82257,6703.178,"spacetrack"
45731,"2026-09-12 17:35:04.33+00",0.00050764,15.821223,0.0010679,0.0001489,323.44174,325.43777,6702.5767,"spacetrack"
45731,"2026-09-13 08:44:40.078+00",0.00045771,15.822446,0.00096658,0.0001697,322.9573,325.23206,6702.2314,"spacetrack"
45741,"2026-09-07 19:47:05.489+00",0.00049934,15.754117,0.00077211,0.000317,341.329,345.5905,6721.5967,"spacetrack"
45741,"2026-09-08 20:08:37.353+00",0.00056734,15.755942,0.00088642,0.0003333,340.70056,345.18085,6721.0776,"spacetrack"
45741,"2026-09-09 15:56:00.124+00",0.00056776,15.757041,0.00089153,0.0003842,340.04626,345.21048,6720.765,"spacetrack"
45741,"2026-09-10 16:17:16.163+00",0.00044508,15.758596,0.00070068,0.0003634,339.74402,344.62833,6720.323,"spacetrack"
45741,"2026-09-11 16:38:24.105+00",0.00017509,15.759855,0.00027182,0.0003639,339.3827,344.27347,6719.965,"spacetrack"
45741,"2026-09-12 15:28:05.192+00",0.00047778,15.761453,0.00076283,0.0004105,338.6157,344.1324,6719.511,"spacetrack"
45741,"2026-09-13 08:12:26.895+00",0.00040297,15.762342,0.00064406,0.0004551,338.06323,344.1791,6719.2583,"spacetrack"
45755,"2026-09-07 17:37:08.351+00",0.00051779,15.855554,0.00128654,0.0002531,313.06738,316.45532,6692.8984,"spacetrack"
45755,"2026-09-08 13:17:00.087+00",0.00059555,15.858079,0.00150293,0.0002717,312.2325,315.86905,6692.188,"spacetrack"
45755,"2026-09-09 14:00:02+00",0.0004714,15.860996,0.001201,0.0003135,311.1326,315.3281,6691.367,"spacetrack"
45755,"2026-09-10 22:00:03.999+00",0.00049983,15.864652,0.00129841,0.0003493,309.86545,314.5393,6690.3394,"spacetrack"
45755,"2026-09-11 22:00:01.999+00",0.00043616,15.867097,0.00114375,0.0003761,308.99908,314.03104,6689.652,"spacetrack"
45755,"2026-09-12 22:00:02+00",0.00037104,15.869671,0.00098252,0.0004016,308.10547,313.478,6688.9287,"spacetrack"
45755,"2026-09-13 20:00:01.999+00",0.00058634,15.87331,0.00159646,0.0004133,307.00504,312.53326,6687.9062,"spacetrack"
45759,"2026-09-07 14:01:40.892+00",0.0004675,15.75188,0.00071501,0.0003889,341.48206,346.71063,6722.2334,"spacetrack"
45759,"2026-09-08 20:28:49.957+00",0.00058897,15.754122,0.00091357,0.0004076,340.71878,346.1982,6721.5957,"spacetrack"
45759,"2026-09-09 22:21:42.976+00",0.00051298,15.755774,0.00079964,0.0004391,340.03754,345.94003,6721.126,"spacetrack"
45759,"2026-09-10 19:40:26.527+00",0.00047087,15.757084,0.00073721,0.0004628,339.5057,345.72644,6720.753,"spacetrack"
45759,"2026-09-11 20:01:42.866+00",0.00046711,15.758566,0.00073609,0.0004809,338.96292,345.42654,6720.3315,"spacetrack"
45759,"2026-09-12 18:51:32.044+00",0.00048001,15.759942,0.00076147,0.0004991,338.4497,345.15756,6719.9404,"spacetrack"
45759,"2026-09-13 19:12:32.306+00",0.00047163,15.761475,0.00075314,0.0005219,337.86108,344.87488,6719.505,"spacetrack"
45764,"2026-09-07 19:45:54.653+00",0.00056135,15.7452,0.00083606,0.0001352,345.0883,346.9065,6724.1343,"spacetrack"
45764,"2026-09-08 14:02:41.892+00",0.00054939,15.746495,0.00082262,0.0001289,344.76187,346.49527,6723.7656,"spacetrack"
45764,"2026-09-09 15:56:19.901+00",0.00050781,15.7481,0.0007647,0.0001551,344.12915,346.21472,6723.309,"spacetrack"
45764,"2026-09-10 14:47:02.365+00",0.00041758,15.74965,0.00063097,0.0002014,343.37677,346.08472,6722.8677,"spacetrack"
45764,"2026-09-11 16:40:23.138+00",3.5338e-05,15.750563,4.739e-05,0.0001792,343.26633,345.67572,6722.608,"spacetrack"
45764,"2026-09-12 13:59:28.983+00",0.00047709,15.752436,0.00073152,0.0001423,342.9815,344.89462,6722.075,"spacetrack"
45764,"2026-09-13 14:21:10.674+00",0.00058395,15.754213,0.00090571,0.0001688,342.29788,344.56708,6721.5693,"spacetrack"
45780,"2026-09-07 13:33:15.638+00",0.00064878,15.829429,0.00142694,0.0003839,319.55106,324.69553,6700.2603,"spacetrack"
45780,"2026-09-08 13:47:49.106+00",0.00060686,15.831777,0.00134753,0.0001985,320.13113,322.7909,6699.598,"spacetrack"
45780,"2026-09-09 12:31:14.697+00",0.00047095,15.834145,0.00105231,0.0002056,319.4156,322.1702,6698.9297,"spacetrack"
45780,"2026-09-10 22:00:03.999+00",0.00014893,15.837811,0.00033082,0.0002546,318.0537,321.4643,6697.896,"spacetrack"
45780,"2026-09-11 12:59:15.432+00",0.0005222,15.838789,0.00119579,0.0002605,317.73862,321.2281,6697.62,"spacetrack"
45780,"2026-09-12 22:00:02+00",0.00010938,15.842251,0.00024603,0.0002922,316.55084,320.46436,6696.6445,"spacetrack"
45780,"2026-09-13 11:55:35.734+00",0.00050279,15.84319,0.00117534,0.0003,316.23404,320.2519,6696.38,"spacetrack"
46141,"2026-09-07 21:49:47.893+00",0.00072805,15.747665,0.00110144,4.69e-05,344.98022,345.61087,6723.4326,"spacetrack"
46141,"2026-09-08 17:37:46.439+00",0.00077035,15.74956,0.00117652,6.6e-05,344.3127,345.20013,6722.8936,"spacetrack"
46141,"2026-09-09 17:59:42.685+00",0.00062491,15.751598,0.00095923,8.74e-05,343.5888,344.76385,6722.3135,"spacetrack"
46141,"2026-09-10 16:50:06.403+00",0.00060355,15.753508,0.00093372,0.0001189,342.83414,344.43256,6721.7705,"spacetrack"
46141,"2026-09-11 17:11:41.054+00",0.00066033,15.7555065,0.00103242,0.000154,342.02966,344.0998,6721.2017,"spacetrack"
46141,"2026-09-12 16:01:44.683+00",0.00068421,15.757415,0.0010796,0.0001725,341.3628,343.6814,6720.659,"spacetrack"
46141,"2026-09-13 19:25:35.81+00",0.0006699,15.759764,0.00106776,0.0002111,340.4356,343.2728,6719.991,"spacetrack"
46160,"2026-09-07 22:26:39.302+00",0.00092274,16.0871,0.00818718,0.0006492,246.08156,254.68802,6628.522,"spacetrack"
46160,"2026-09-08 19:18:27.385+00",0.00098039,16.103136,0.00964047,0.0006897,241.41437,250.55167,6624.12,"spacetrack"
46160,"2026-09-09 14:39:42.959+00",0.00084234,16.117987,0.00915865,0.0007333,237.05896,246.76793,6620.0503,"spacetrack"
46160,"2026-09-10 21:53:13.354+00",0.00081049,16.1446,0.01056167,0.0008032,229.32524,239.94801,6612.7734,"spacetrack"
46160,"2026-09-11 14:13:16.592+00",0.00084479,16.160639,0.01227853,0.000859,224.58395,235.93718,6608.3975,"spacetrack"
46160,"2026-09-12 22:50:08.506+00",0.00080682,16.199934,0.0161467,0.0009679,213.18365,225.95549,6597.7065,"spacetrack"
46160,"2026-09-13 22:29:51.892+00",0.00078927,16.239325,0.02178249,0.0010452,202.01181,215.78134,6587.0337,"spacetrack"
46174,"2026-09-07 19:59:31.599+00",0.00080317,15.828074,0.00176394,0.0004143,319.7296,325.28177,6700.6426,"spacetrack"
46174,"2026-09-08 20:14:07.982+00",0.00085807,15.831817,0.00192197,0.0003926,318.81937,324.0799,6699.5864,"spacetrack"
46174,"2026-09-09 14:00:02+00",0.00068392,15.834331,0.00154201,0.0003971,318.08044,323.4007,6698.8774,"spacetrack"
46174,"2026-09-10 22:00:03.999+00",0.0005139,15.838588,0.00117543,0.0003483,317.20728,321.87286,6697.6772,"spacetrack"
46174,"2026-09-11 22:00:01.999+00",0.0006358,15.841676,0.00148276,0.0003211,316.51923,320.81992,6696.8066,"spacetrack"
46174,"2026-09-12 22:00:02+00",0.00067413,15.844954,0.00159958,0.0003101,315.66956,319.82236,6695.883,"spacetrack"
46174,"2026-09-13 20:00:01.999+00",0.00077798,15.847907,0.0018795,0.0003001,314.90482,318.9232,6695.051,"spacetrack"
46278,"2026-09-07 19:49:07.258+00",0.00065437,15.808187,0.00127055,0.0001022,327.43884,328.8096,6706.261,"spacetrack"
46278,"2026-09-08 20:07:27.031+00",0.0010596,15.811185,0.00210691,6.47e-05,326.84277,327.71045,6705.4136,"spacetrack"
46278,"2026-09-09 21:56:38.719+00",0.00068297,15.813769,0.0013619,0.0001279,325.68832,327.40338,6704.6826,"spacetrack"
46278,"2026-09-10 23:45:34.898+00",0.00059339,15.816374,0.00119506,0.0001547,324.77286,326.84705,6703.947,"spacetrack"
46278,"2026-09-11 22:32:04.768+00",0.00061623,15.818675,0.00125523,0.0001661,324.04614,326.27298,6703.2964,"spacetrack"
46278,"2026-09-12 22:49:27.908+00",0.00060823,15.821062,0.00125262,0.0001702,323.3445,325.6261,6702.622,"spacetrack"
46278,"2026-09-13 21:35:33.508+00",0.00070336,15.82348,0.0014687,0.000172,322.6498,324.9553,6701.9395,"spacetrack"
46320,"2026-09-07 18:57:32.889+00",0.00064258,15.823463,0.00133959,0.000164,322.708,324.90625,6701.9443,"spacetrack"
46320,"2026-09-08 23:47:34.89+00",0.00075964,15.827313,0.0016176,0.0001737,321.55637,323.88425,6700.8574,"spacetrack"
46320,"2026-09-09 19:31:03.856+00",0.00064621,15.82954,0.00138652,0.0001626,321.00256,323.1815,6700.229,"spacetrack"
46320,"2026-09-10 22:49:26.936+00",0.0006359,15.832727,0.00138484,0.0001868,319.94128,322.44415,6699.3296,"spacetrack"
46320,"2026-09-11 23:05:30.976+00",0.00064889,15.8355665,0.00143288,0.0001994,319.0563,321.72766,6698.529,"spacetrack"
46320,"2026-09-12 23:21:19.988+00",0.00062442,15.83826,0.00139577,0.0002031,318.27237,320.993,6697.7695,"spacetrack"
46320,"2026-09-13 22:05:55.761+00",0.00069932,15.840978,0.00158696,0.0001976,317.543,320.18964,6697.0034,"spacetrack"
46353,"2026-09-08 21:53:47.959+00",0.0014864,16.087898,0.01307472,5.33e-05,249.81181,250.5184,6628.3022,"spacetrack"
46353,"2026-09-09 23:13:41.083+00",0.00094143,16.106379,0.00942703,0.0001378,244.18158,246.00694,6623.2314,"spacetrack"
46353,"2026-09-10 23:02:24.282+00",0.00095625,16.126978,0.01096201,0.0002498,237.7996,241.10576,6617.59,"spacetrack"
46353,"2026-09-11 21:20:06.186+00",0.0009323,16.148352,0.0123441,0.0003688,231.17365,236.05046,6611.749,"spacetrack"
46353,"2026-09-12 15:08:53.964+00",0.00090597,16.167849,0.01371088,0.0004611,225.24936,231.34181,6606.4326,"spacetrack"
46353,"2026-09-13 13:22:52.671+00",0.00087666,16.19748,0.01710599,0.000599,216.28384,224.18869,6598.373,"spacetrack"
46375,"2026-09-07 19:20:12.178+00",0.00090215,16.012299,0.00506588,0.0006214,266.8798,275.14337,6649.1484,"spacetrack"
46375,"2026-09-08 23:47:09.116+00",0.00096796,16.025715,0.00588327,0.0006299,263.1143,271.4862,6645.437,"spacetrack"
46375,"2026-09-09 19:14:15.166+00",0.00086472,16.034424,0.00553792,0.000681,260.36984,269.41763,6643.031,"spacetrack"
46375,"2026-09-10 22:09:10.495+00",0.00080169,16.046864,0.00553869,0.0007396,256.54968,266.37097,6639.597,"spacetrack"
46375,"2026-09-11 13:05:47.974+00",0.00083851,16.054192,0.00606099,0.0007601,254.39433,264.48477,6637.5767,"spacetrack"
46375,"2026-09-12 12:59:31.076+00",0.00086289,16.066782,0.00674825,0.0008162,250.55666,261.38617,6634.1084,"spacetrack"
46375,"2026-09-13 23:18:22.451+00",0.0008509,16.08751,0.00759645,0.0008937,244.34825,256.19586,6628.409,"spacetrack"
46383,"2026-09-07 22:18:49.661+00",0.00065755,16.14298,0.00849711,0.0006836,230.55777,239.59937,6613.2153,"spacetrack"
46383,"2026-09-08 20:35:18.213+00",0.00070023,16.161304,0.01027585,0.0007348,225.22356,234.93498,6608.2163,"spacetrack"
46383,"2026-09-09 23:17:02.151+00",0.0006322,16.184267,0.01117098,0.0008066,218.50203,229.15233,6601.9644,"spacetrack"
46383,"2026-09-10 22:58:47.42+00",0.0005742,16.207203,0.01213641,0.0008878,211.74115,223.45253,6595.734,"spacetrack"
46383,"2026-09-11 19:40:57.115+00",0.00064144,16.233404,0.01680035,0.0009534,204.21643,216.77965,6588.6353,"spacetrack"
46383,"2026-09-12 19:17:18.818+00",0.0007549,16.284256,0.03097564,0.0010556,189.83359,203.71454,6574.911,"spacetrack"
46383,"2026-09-13 23:10:57.433+00",0.00044863,16.422071,0.0924164,0.0009957,153.42805,166.44798,6538.075,"spacetrack"
46384,"2026-09-07 01:57:58.392+00",0.00039492,15.726377,0.00053877,0.0004708,348.19376,354.53027,6729.499,"spacetrack"
46384,"2026-09-08 19:08:37.319+00",0.00053537,15.728732,0.0007418,0.0004559,347.62222,353.75757,6728.8267,"spacetrack"
46384,"2026-09-09 22:35:30.75+00",0.00046108,15.730224,0.00064133,0.000455,347.20325,353.32608,6728.402,"spacetrack"
46384,"2026-09-11 23:22:57.671+00",0.00042649,15.732647,0.00059866,0.0004485,346.55634,352.5911,6727.711,"spacetrack"
46384,"2026-09-12 22:15:02.695+00",0.00042074,15.733796,0.0005934,0.000453,346.19864,352.29364,6727.3833,"spacetrack"
46384,"2026-09-13 10:26:46.986+00",0.00041527,15.734353,0.00058696,0.0004339,346.16833,352.0062,6727.224,"spacetrack"
46457,"2026-09-07 22:18:45.238+00",0.00075873,15.756401,0.00117113,0.0008831,336.87506,348.7456,6720.9473,"spacetrack"
46457,"2026-09-08 22:41:53.149+00",0.00081376,15.758903,0.00127149,0.0008983,336.0622,348.13577,6720.236,"spacetrack"
46457,"2026-09-09 23:04:48.272+00",0.00069307,15.761009,0.00109048,0.0009022,335.43787,347.56277,6719.637,"spacetrack"
46457,"2026-09-10 17:21:52.013+00",0.00062503,15.762532,0.00098869,0.000899,335.0267,347.10785,6719.204,"spacetrack"
46457,"2026-09-11 22:18:40.378+00",0.00064346,15.764856,0.00102884,0.0009122,334.2783,346.5356,6718.544,"spacetrack"
46457,"2026-09-12 22:41:02.674+00",0.0006584,15.766899,0.00106264,0.0009096,333.71597,345.9373,6717.964,"spacetrack"
46457,"2026-09-13 21:31:50.537+00",0.00067425,15.76889,0.00109833,0.0009178,333.0959,345.42636,6717.398,"spacetrack"
46458,"2026-09-08 20:24:50.021+00",0.00074863,15.707029,0.00093494,0.0010427,349.86435,363.90958,6735.024,"spacetrack"
46458,"2026-09-09 22:24:20.343+00",0.00066102,15.708654,0.00083001,0.0010489,349.35858,363.48633,6734.5596,"spacetrack"
46458,"2026-09-10 22:51:57.583+00",0.00055971,15.710172,0.00070612,0.0010629,348.83105,363.14648,6734.126,"spacetrack"
46458,"2026-09-11 21:47:43.797+00",0.00057364,15.711516,0.00072801,0.0010675,348.41623,362.79276,6733.7417,"spacetrack"
46458,"2026-09-12 22:15:05.338+00",0.00059496,15.71298,0.00076003,0.0010677,347.99698,362.37534,6733.323,"spacetrack"
46458,"2026-09-13 22:42:18.497+00",0.00063707,15.714523,0.00081976,0.0010714,347.53186,361.95908,6732.8823,"spacetrack"
46459,"2026-09-07 21:52:20.301+00",0.00103,15.98147,0.00469798,0.0004051,276.86282,282.2569,6657.697,"spacetrack"
46459,"2026-09-08 20:24:25.891+00",0.0011113,15.990988,0.0053426,0.0003909,274.31644,279.51938,6655.0547,"spacetrack"
46459,"2026-09-09 18:55:44.884+00",0.00093237,15.999706,0.00470858,0.0003704,272.0359,276.96417,6652.637,"spacetrack"
46459,"2026-09-10 18:56:19.927+00",0.00090918,16.009304,0.00484864,0.0003547,269.4824,274.1999,6649.978,"spacetrack"
46459,"2026-09-11 14:26:10.505+00",0.00087237,16.017052,0.00486419,0.0003388,267.4441,271.94867,6647.8335,"spacetrack"
46459,"2026-09-12 21:54:39.646+00",0.00089268,16.03075,0.00539079,0.0003648,263.48474,268.3322,6644.0454,"spacetrack"
46459,"2026-09-13 21:52:22.682+00",0.00092669,16.042294,0.0059906,0.0003802,260.1962,265.2459,6640.858,"spacetrack"
46460,"2026-09-07 12:17:08.577+00",0.00073982,15.850505,0.00175996,0.0001784,314.98834,317.3769,6694.32,"spacetrack"
46460,"2026-09-08 20:05:55.562+00",0.00093771,15.856181,0.00230664,0.0001337,313.68997,315.4796,6692.7217,"spacetrack"
46460,"2026-09-09 21:50:39.07+00",0.00076995,15.860201,0.00192219,9.62e-05,312.8103,314.09775,6691.591,"spacetrack"
46460,"2026-09-10 11:28:17.475+00",0.00071859,15.862248,0.00180933,8.51e-05,312.30862,313.44742,6691.015,"spacetrack"
46460,"2026-09-11 22:17:20.352+00",0.00072373,15.867485,0.00187034,6.33e-05,310.9825,311.8294,6689.543,"spacetrack"
46460,"2026-09-12 22:30:10.854+00",0.00072207,15.8712225,0.0019009,4.72e-05,310.03995,310.67136,6688.4927,"spacetrack"
46460,"2026-09-13 21:11:54.141+00",0.00075479,15.874915,0.00202609,4.79e-05,308.998,309.63864,6687.4556,"spacetrack"
46537,"2026-09-07 16:00:02+00",0.00096929,15.885728,0.00285885,0.0008877,300.34967,312.2172,6684.4204,"spacetrack"
46537,"2026-09-08 22:00:01+00",0.00086528,15.892741,0.00253375,0.000891,298.36264,310.27078,6682.4536,"spacetrack"
46537,"2026-09-09 14:00:02+00",0.00087879,15.895517,0.00261142,0.000926,297.35144,309.72592,6681.676,"spacetrack"
46537,"2026-09-10 22:00:03.999+00",0.00076274,15.901829,0.00233686,0.000921,295.6184,307.9228,6679.9077,"spacetrack"
46537,"2026-09-11 22:00:01.999+00",0.00081757,15.90632,0.00256636,0.0009273,294.32007,306.7063,6678.6504,"spacetrack"
46537,"2026-09-12 22:00:02+00",0.00086995,15.910858,0.00279812,0.0009259,293.0605,305.42566,6677.38,"spacetrack"
46537,"2026-09-13 20:00:01.999+00",0.00065534,15.915771,0.00215425,0.0009183,291.73865,303.99982,6676.0063,"spacetrack"
46563,"2026-09-07 04:39:49.571+00",0.00060005,15.77859,0.00103919,0.0003685,334.03348,338.98218,6714.645,"spacetrack"
46563,"2026-09-08 22:00:01+00",0.00082033,15.783323,0.00146101,0.000387,332.56723,337.76334,6713.3022,"spacetrack"
46563,"2026-09-09 14:00:02+00",0.00088973,15.784766,0.00159818,0.0004147,331.9723,337.53995,6712.893,"spacetrack"
46563,"2026-09-10 22:00:03.999+00",0.00075089,15.788113,0.00136451,0.0004062,331.08112,336.5339,6711.9443,"spacetrack"
46563,"2026-09-11 22:00:01.999+00",0.0004106,15.790742,0.00074657,0.0004087,330.31964,335.80536,6711.1997,"spacetrack"
46563,"2026-09-12 22:00:02+00",0.00053777,15.793148,0.0009936,0.0004222,329.54755,335.21393,6710.5176,"spacetrack"
46563,"2026-09-13 11:04:54.045+00",0.00068527,15.794414,0.00127971,0.0004555,328.966,335.07898,6710.1597,"spacetrack"
46698,"2026-09-07 16:00:02+00",0.00075863,15.910838,0.00243117,0.0006883,294.65265,303.84473,6677.3857,"spacetrack"
46698,"2026-09-08 22:00:01+00",0.00091362,15.918152,0.00305009,0.0007471,292.21622,302.1905,6675.3403,"spacetrack"
46698,"2026-09-09 14:00:02+00",0.00066584,15.92183,0.00225766,0.0007659,291.0634,301.28708,6674.312,"spacetrack"
46698,"2026-09-10 22:00:03.999+00",0.00057252,15.929072,0.0020136,0.0008292,288.61945,299.68475,6672.289,"spacetrack"
46698,"2026-09-11 22:00:01.999+00",0.00067524,15.934047,0.00244598,0.0008679,286.97357,298.55295,6670.9004,"spacetrack"
46698,"2026-09-12 22:00:02+00",0.00062439,15.939444,0.00232671,0.000909,285.195,297.31995,6669.3945,"spacetrack"
46698,"2026-09-13 20:00:01.999+00",0.00079517,15.944554,0.00305641,0.0009468,283.51898,296.14545,6667.969,"spacetrack"
46705,"2026-09-07 22:20:49.076+00",0.00094966,16.085836,0.00833296,0.0002277,249.22243,252.24123,6628.8687,"spacetrack"
46705,"2026-09-08 17:43:20.054+00",0.00094994,16.10046,0.0091543,0.0002024,245.37642,248.05817,6624.8545,"spacetrack"
46705,"2026-09-09 16:03:22.776+00",0.00084368,16.11747,0.00910812,0.0003014,240.05971,244.05037,6620.192,"spacetrack"
46705,"2026-09-10 15:51:09.871+00",0.00082651,16.137053,0.01018713,0.000453,233.70169,239.69473,6614.8354,"spacetrack"
46705,"2026-09-11 15:37:06.825+00",0.00083115,16.159117,0.01191722,0.0005625,226.95796,234.39287,6608.8125,"spacetrack"
46705,"2026-09-12 18:18:45.582+00",0.00081083,16.189064,0.01484535,0.0006945,217.93848,227.1068,6600.6597,"spacetrack"
46705,"2026-09-13 10:35:57.042+00",0.00080661,16.21146,0.0176137,0.0007787,211.30681,221.57721,6594.579,"spacetrack"
46709,"2026-09-07 16:00:02+00",0.00068144,15.862222,0.00176169,0.0004396,309.9442,315.82697,6691.0225,"spacetrack"
46709,"2026-09-08 22:00:01+00",0.0011161,15.86849,0.0030238,0.0005112,307.70395,314.54303,6689.2603,"spacetrack"
46709,"2026-09-09 14:00:02+00",0.00061712,15.871979,0.00167156,0.0005046,306.7683,313.51813,6688.2803,"spacetrack"
46709,"2026-09-10 22:00:03.999+00",0.00051867,15.878339,0.00144541,0.0005922,304.39743,312.31693,6686.494,"spacetrack"
46709,"2026-09-11 20:00:01+00",0.0010767,15.88188,0.00312071,0.0006147,303.2537,311.47284,6685.5005,"spacetrack"
46709,"2026-09-12 22:00:02+00",0.00091471,15.887339,0.00271153,0.000672,301.34,310.32327,6683.9688,"spacetrack"
46709,"2026-09-13 20:00:01.999+00",0.0011499,15.89179,0.00351998,0.0007076,299.85464,309.31204,6682.72,"spacetrack"
46725,"2026-09-07 16:00:02+00",0.00065097,15.885889,0.00189456,0.0004842,303.00165,309.4748,6684.375,"spacetrack"
46725,"2026-09-08 22:00:01+00",0.00095932,15.891287,0.00290566,0.0005302,301.18118,308.26767,6682.8613,"spacetrack"
46725,"2026-09-09 14:00:02+00",0.00054429,15.894458,0.00164833,0.0005346,300.2636,307.408,6681.9727,"spacetrack"
46725,"2026-09-10 22:00:03.999+00",0.00083507,15.899491,0.00252512,0.000595,298.4505,306.40036,6680.5625,"spacetrack"
46725,"2026-09-11 20:00:01+00",0.00091223,15.903155,0.00281444,0.0006171,297.27728,305.52118,6679.536,"spacetrack"
46725,"2026-09-12 22:00:02+00",0.00072263,15.908047,0.00228042,0.0006666,295.5783,304.48163,6678.167,"spacetrack"
46725,"2026-09-13 20:00:01.999+00",0.00094852,15.911997,0.00306645,0.000695,294.284,303.5651,6677.0615,"spacetrack"
46786,"2026-09-07 19:51:21.261+00",0.00092779,16.040625,0.00616345,0.0005902,259.26227,267.10168,6641.319,"spacetrack"
46786,"2026-09-08 18:16:33.348+00",0.0010349,16.054081,0.00746188,0.0006388,255.23024,263.71045,6637.6074,"spacetrack"
46786,"2026-09-09 22:38:28.912+00",0.00097605,16.076643,0.00809162,0.0005227,249.79248,256.72495,6631.3955,"spacetrack"
46786,"2026-09-10 21:00:37.369+00",0.001054,16.092142,0.00963421,0.0005769,245.17657,252.82297,6627.1367,"spacetrack"
46786,"2026-09-11 22:20:09.352+00",0.00088807,16.109999,0.00914382,0.0006526,239.78008,248.42342,6622.239,"spacetrack"
46786,"2026-09-12 14:42:23.664+00",0.00093283,16.123589,0.01050355,0.000726,235.57535,245.18542,6618.5176,"spacetrack"
46786,"2026-09-13 21:55:03.426+00",0.00093805,16.154434,0.01300181,0.0008491,226.34012,237.56537,6610.09,"spacetrack"
46794,"2026-09-07 21:01:59.34+00",0.00097798,16.027164,0.00599194,0.0005522,263.2301,270.56888,6645.0366,"spacetrack"
46794,"2026-09-08 20:58:04.863+00",0.0010533,16.040657,0.00699563,0.0005699,259.38812,266.9579,6641.31,"spacetrack"
46794,"2026-09-09 20:52:58.851+00",0.00092733,16.053621,0.00666771,0.0005864,255.70435,263.48907,6637.734,"spacetrack"
46794,"2026-09-10 20:46:41.417+00",0.00092845,16.067482,0.00727782,0.0006497,251.46864,260.08875,6633.9155,"spacetrack"
46794,"2026-09-11 22:08:37.194+00",0.00091014,16.083134,0.00787831,0.0006932,246.87836,256.06964,6629.611,"spacetrack"
46794,"2026-09-12 14:32:34.114+00",0.00093522,16.094398,0.00870245,0.0007367,243.49841,253.26192,6626.517,"spacetrack"
46794,"2026-09-13 12:53:08.418+00",0.00094174,16.11152,0.00979864,0.0007857,238.48213,248.88766,6621.822,"spacetrack"
46955,"2026-09-07 13:00:14.026+00",0.0002732,15.774048,0.00044998,0.0002686,335.99286,339.60065,6715.9336,"spacetrack"
46955,"2026-09-08 13:21:47.203+00",0.00034445,15.775177,0.00057136,0.0002672,335.68185,339.2707,6715.6133,"spacetrack"
46955,"2026-09-09 19:48:35.043+00",0.00025978,15.776405,0.0004322,0.0002574,335.39926,338.85626,6715.2646,"spacetrack"
46955,"2026-09-10 15:35:55.932+00",0.00025964,15.777128,0.00043335,0.0002459,335.27133,338.5738,6715.0596,"spacetrack"
46955,"2026-09-11 12:54:33.343+00",0.00027046,15.777902,0.00045314,0.0002451,335.05737,338.349,6714.8403,"spacetrack"
46955,"2026-09-12 13:15:45.697+00",0.00028274,15.778825,0.00047585,0.0002432,334.80814,338.0741,6714.578,"spacetrack"
46955,"2026-09-13 12:05:33.827+00",0.00026603,15.779678,0.0004492,0.0002426,334.57022,337.828,6714.336,"spacetrack"
47122,"2026-09-07 16:00:02+00",0.00071705,15.930702,0.0025458,0.0003955,291.05814,296.33557,6671.834,"spacetrack"
47122,"2026-09-08 22:00:01+00",0.00087842,15.938161,0.00325265,0.0003624,289.1981,294.03232,6669.7524,"spacetrack"
47122,"2026-09-09 14:00:02+00",0.00077393,15.942619,0.00293141,0.0003615,287.96115,292.7825,6668.509,"spacetrack"
47122,"2026-09-10 22:00:03.999+00",0.0013684,15.951882,0.00546842,0.0002575,286.07358,289.50653,6665.9272,"spacetrack"
47122,"2026-09-11 20:00:01+00",0.00257,15.967495,0.01113733,3.47e-05,283.21283,283.67517,6661.581,"spacetrack"
47122,"2026-09-12 22:00:02+00",0.0023652,15.992496,0.01176707,0.0001495,275.50485,277.49457,6654.6367,"spacetrack"
47122,"2026-09-13 16:05:57.088+00",0.0024296,16.011683,0.01343679,0.0001011,270.50995,271.85446,6649.3193,"spacetrack"
47135,"2026-09-07 22:50:06.395+00",0.00090475,16.043411,0.00611785,0.0006898,257.83224,266.99356,6640.55,"spacetrack"
47135,"2026-09-08 22:44:43.975+00",0.00091415,16.056978,0.00671901,0.0007308,253.82169,263.52206,6636.809,"spacetrack"
47135,"2026-09-09 22:38:09.593+00",0.00085401,16.070251,0.00682179,0.0007667,249.93095,260.10223,6633.154,"spacetrack"
47135,"2026-09-10 23:59:50.721+00",0.00080439,16.085182,0.00707152,0.0008345,245.37926,256.44315,6629.0483,"spacetrack"
47135,"2026-09-11 20:51:54.093+00",0.00083704,16.09858,0.00802683,0.0008845,241.37271,253.093,6625.3696,"spacetrack"
47135,"2026-09-12 22:10:46.407+00",0.00084769,16.116858,0.00917278,0.0009398,236.00113,248.44476,6620.36,"spacetrack"
47135,"2026-09-13 21:58:36.095+00",0.00085096,16.13692,0.0105431,0.0009973,230.13698,243.331,6614.871,"spacetrack"
47143,"2026-09-07 16:00:02+00",0.00047031,15.917685,0.00154626,0.0002893,295.40283,299.26526,6675.471,"spacetrack"
47143,"2026-09-08 22:00:01+00",0.00094977,15.924491,0.00327214,0.000304,293.40283,297.4604,6673.569,"spacetrack"
47143,"2026-09-09 14:00:02+00",0.0005562,15.928559,0.00194431,0.0003375,292.0433,296.5472,6672.432,"spacetrack"
47143,"2026-09-10 22:00:03.999+00",0.00090029,15.935266,0.00328313,0.0003613,290.01315,294.8333,6670.56,"spacetrack"
47143,"2026-09-11 20:00:01+00",0.00083127,15.940495,0.00311551,0.0003933,288.34146,293.58737,6669.1016,"spacetrack"
47143,"2026-09-12 22:00:02+00",0.00090398,15.946518,0.00350334,0.0004397,286.3531,292.2164,6667.422,"spacetrack"
47143,"2026-09-13 20:00:01.999+00",0.00090528,15.95235,0.00362193,0.0004795,284.46344,290.85593,6665.797,"spacetrack"
47171,"2026-09-07 16:00:02+00",0.0025853,15.975917,0.01172454,0.0001068,280.39154,281.81396,6659.2397,"spacetrack"
47171,"2026-09-08 22:00:01+00",0.0020992,16.005028,0.01122704,0.0001467,272.04984,274.00128,6651.1626,"spacetrack"
47171,"2026-09-09 16:59:38.986+00",0.0013624,16.019154,0.0079409,7.82e-05,268.59476,269.63437,6647.2515,"spacetrack"
47171,"2026-09-10 22:55:48.946+00",0.00081878,16.031033,0.00512207,5.38e-05,265.47327,266.18814,6643.968,"spacetrack"
47171,"2026-09-11 18:22:04.112+00",0.0020563,16.052736,0.01446034,0.0001217,259.0327,260.6484,6637.9775,"spacetrack"
47171,"2026-09-12 22:43:56.741+00",0.00099321,16.078127,0.00829495,0.0001638,251.76407,253.93639,6630.9873,"spacetrack"
47171,"2026-09-13 13:38:46.898+00",0.00090437,16.087463,0.0080197,0.0001079,249.5693,250.99973,6628.4214,"spacetrack"
47596,"2026-09-07 21:13:45.684+00",0.00090645,16.020845,0.00535307,0.0006499,264.3272,272.9667,6646.784,"spacetrack"
47596,"2026-09-08 22:40:14.088+00",0.00099205,16.03386,0.00632721,0.0005879,261.1441,268.95517,6643.1865,"spacetrack"
47596,"2026-09-09 09:08:25.617+00",0.00084656,16.038794,0.00556083,0.0005699,259.9022,267.47256,6641.824,"spacetrack"
47596,"2026-09-10 22:30:20.965+00",0.00082685,16.057362,0.00608051,0.000491,255.30754,261.8248,6636.703,"spacetrack"
47596,"2026-09-11 13:26:22.323+00",0.00085939,16.065325,0.00663878,0.0004695,253.25789,259.4877,6634.51,"spacetrack"
47596,"2026-09-12 14:48:33.733+00",0.00084884,16.079702,0.00717713,0.0004389,249.50699,255.32729,6630.554,"spacetrack"
47596,"2026-09-13 11:41:02.614+00",0.00086122,16.09297,0.00792532,0.0004256,245.95229,251.59311,6626.9097,"spacetrack"
47625,"2026-09-07 07:06:14.314+00",0.00063545,15.820714,0.00134208,0.0007804,319.35275,329.81436,6702.7207,"spacetrack"
47625,"2026-09-08 22:00:01+00",0.00092729,15.82651,0.00203156,0.0007638,317.82874,328.0653,6701.084,"spacetrack"
47625,"2026-09-09 14:00:02+00",0.00050069,15.828987,0.00109475,0.0007736,317.06448,327.43134,6700.385,"spacetrack"
47625,"2026-09-10 22:00:03.999+00",0.00070603,15.833033,0.00158523,0.0007537,316.0574,326.15585,6699.2437,"spacetrack"
47625,"2026-09-11 20:00:01+00",0.00079502,15.835806,0.00181427,0.000746,315.32736,325.32147,6698.4614,"spacetrack"
47625,"2026-09-12 22:00:01.999+00",0.00074068,15.83955,0.00171824,0.0007439,314.2867,324.2511,6697.406,"spacetrack"
47625,"2026-09-13 20:00:01.999+00",0.00074692,15.842622,0.00175902,0.0007209,313.57544,323.23053,6696.54,"spacetrack"
47627,"2026-09-07 16:00:02+00",0.0009399,15.854555,0.00236075,0.0005676,311.24338,318.8415,6693.179,"spacetrack"
47627,"2026-09-08 22:00:01+00",0.00080017,15.860122,0.00205631,0.0005316,309.9189,317.03345,6691.6133,"spacetrack"
47627,"2026-09-09 14:00:02+00",0.00069623,15.862473,0.00180361,0.0005251,309.3017,316.32855,6690.952,"spacetrack"
47627,"2026-09-10 22:00:03.999+00",0.00060335,15.867608,0.00159784,0.0004842,308.13232,314.61044,6689.5083,"spacetrack"
47627,"2026-09-11 20:00:01+00",0.00065233,15.870843,0.00175904,0.0004724,307.3027,313.6221,6688.5996,"spacetrack"
47627,"2026-09-12 22:00:01.999+00",0.00068203,15.875532,0.00188514,0.0004521,306.12173,312.1684,6687.282,"spacetrack"
47627,"2026-09-13 20:00:01.999+00",0.00063764,15.878916,0.00178973,0.0004283,305.33145,311.05896,6686.332,"spacetrack"
47728,"2026-09-07 16:00:02+00",0.00058032,15.836606,0.00131827,0.0004499,317.08527,323.11234,6698.236,"spacetrack"
47728,"2026-09-08 22:00:01+00",0.00090875,15.841649,0.00213905,0.0004938,315.37018,321.98395,6696.814,"spacetrack"
47728,"2026-09-09 14:00:02+00",0.0005161,15.844416,0.00121488,0.0004987,314.5582,321.23682,6696.0347,"spacetrack"
47728,"2026-09-10 22:00:03.999+00",0.00069528,15.849191,0.00168668,0.0005539,312.84436,320.2607,6694.6895,"spacetrack"
47728,"2026-09-11 20:00:01+00",0.00088064,15.852339,0.00218364,0.0005925,311.7002,319.63235,6693.803,"spacetrack"
47728,"2026-09-12 22:00:01.999+00",0.00055274,15.856806,0.00138531,0.0006288,310.20084,318.6174,6692.546,"spacetrack"
47728,"2026-09-13 20:00:01.999+00",0.00099547,15.859896,0.00257345,0.0006599,309.12402,317.95572,6691.677,"spacetrack"
47736,"2026-09-07 21:31:13.389+00",0.00067018,15.7363825,0.00096346,0.0002703,346.69083,350.32724,6726.646,"spacetrack"
47736,"2026-09-08 23:25:50.049+00",0.00072091,15.738607,0.00104796,0.0002892,345.92996,349.8203,6726.012,"spacetrack"
47736,"2026-09-09 20:45:57.116+00",0.00067664,15.740134,0.00098906,0.0003051,345.38797,349.4919,6725.577,"spacetrack"
47736,"2026-09-10 21:08:47.688+00",0.00062124,15.741784,0.0009133,0.000345,344.65005,349.29037,6725.1074,"spacetrack"
47736,"2026-09-11 21:31:27.958+00",0.00057349,15.743547,0.00084848,0.000359,344.05383,348.88208,6724.605,"spacetrack"
47736,"2026-09-12 20:22:34.556+00",0.00061776,15.745314,0.00092234,0.0003721,343.46295,348.467,6724.102,"spacetrack"
47736,"2026-09-13 20:44:56.145+00",0.00056682,15.747065,0.00085155,0.0003902,342.8431,348.0902,6723.6035,"spacetrack"
47746,"2026-09-07 22:24:37.781+00",0.00068124,15.758909,0.00108215,0.0003747,339.57898,344.6151,6720.234,"spacetrack"
47746,"2026-09-08 21:14:23.482+00",0.00072688,15.761098,0.00116747,0.0003786,338.93103,344.01913,6719.6123,"spacetrack"
47746,"2026-09-09 21:35:16.651+00",0.000746,15.7631445,0.00120995,0.0004224,338.05515,343.73138,6719.0303,"spacetrack"
47746,"2026-09-10 21:55:58.706+00",0.00059449,15.765065,0.00096839,0.0004422,337.37674,343.31857,6718.485,"spacetrack"
47746,"2026-09-11 20:45:13.312+00",0.00059282,15.766907,0.00097368,0.0004578,336.749,342.89996,6717.9614,"spacetrack"
47746,"2026-09-12 21:05:34.231+00",0.00063659,15.768923,0.0010566,0.0004883,335.97168,342.5319,6717.3887,"spacetrack"
47746,"2026-09-13 18:23:13.526+00",0.00064274,15.770652,0.00107542,0.000513,335.31497,342.2065,6716.898,"spacetrack"
47752,"2026-09-07 19:43:46.362+00",0.00081638,16.283886,0.03380343,0.0013889,187.7417,206.00575,6575.0107,"spacetrack"
47752,"2026-09-08 14:49:54.646+00",0.0006462,16.371729,0.06543766,0.0011712,165.66074,181.0069,6551.4707,"spacetrack"
47762,"2026-09-07 20:54:41.019+00",0.00092501,16.179733,0.01598048,0.0013073,216.42804,233.69275,6603.1973,"spacetrack"
47762,"2026-09-08 20:36:06.644+00",0.00097577,16.221018,0.02330518,0.0012897,205.35002,222.3534,6591.989,"spacetrack"
47762,"2026-09-09 15:47:53.222+00",0.0010879,16.27229,0.04023808,0.0012124,192.02188,207.97253,6578.1343,"spacetrack"
47762,"2026-09-10 18:13:23.634+00",0.00035475,16.442142,0.1115662,0.000876,148.89342,160.3388,6532.753,"spacetrack"
47767,"2026-09-07 16:00:02+00",0.00057279,15.92433,0.00196193,0.0006907,290.86728,300.0862,6673.614,"spacetrack"
47767,"2026-09-08 22:00:01+00",0.0010103,15.9328985,0.00364972,0.0007649,287.9809,298.18652,6671.2207,"spacetrack"
47767,"2026-09-09 14:00:02+00",0.0008234,15.937144,0.00303719,0.0007779,286.71027,297.08752,6670.036,"spacetrack"
47767,"2026-09-10 22:00:03.999+00",0.00085959,15.945486,0.00331975,0.0008471,283.92426,295.22067,6667.7095,"spacetrack"
47767,"2026-09-11 20:00:01+00",0.0009628,15.9512,0.0038407,0.0008948,282.0152,293.9449,6666.117,"spacetrack"
47767,"2026-09-12 22:00:01.999+00",0.00076502,15.958766,0.00317588,0.0009412,279.6009,292.14523,6664.0103,"spacetrack"
47767,"2026-09-13 20:00:01.999+00",0.00096398,15.965121,0.00415435,0.0009863,277.53345,290.67538,6662.241,"spacetrack"
47778,"2026-09-13 15:23:16.71+00",0.00068216,15.722365,0.00092332,0.0004393,349.5497,355.46326,6730.6436,"spacetrack"
47818,"2026-09-07 17:20:29.346+00",0.00026748,16.464203,0.13040775,0.0008069,143.51248,154.04562,6526.916,"spacetrack"
47862,"2026-09-07 20:02:22.743+00",0.00094526,16.121046,0.01049103,0.0009397,234.85606,247.29622,6619.2134,"spacetrack"
47862,"2026-09-08 19:49:29.208+00",0.0011104,16.14871,0.0146959,0.0009959,226.93,240.09908,6611.6514,"spacetrack"
47862,"2026-09-09 19:34:06.327+00",0.00094195,16.178057,0.01597932,0.0010783,218.39546,232.6369,6603.6533,"spacetrack"
47862,"2026-09-10 19:15:52.38+00",0.00091438,16.214582,0.02065162,0.0011639,207.92105,223.26994,6593.7324,"spacetrack"
47862,"2026-09-11 23:19:18.307+00",0.00082521,16.276245,0.03163193,0.0012171,190.92651,206.9364,6577.0684,"spacetrack"
47862,"2026-09-12 22:49:45.064+00",0.00063051,16.398983,0.08762779,0.0010315,159.32253,172.82323,6544.21,"spacetrack"
47879,"2026-09-07 20:38:32.585+00",0.00086936,16.071173,0.00696798,0.0005377,251.19688,258.3299,6632.9004,"spacetrack"
47879,"2026-09-08 23:29:31.165+00",0.00089706,16.08893,0.00804993,0.0005996,245.90765,253.85597,6628.019,"spacetrack"
47879,"2026-09-09 23:20:00.107+00",0.0008015,16.104593,0.0079729,0.0006467,241.29988,249.867,6623.72,"spacetrack"
47879,"2026-09-10 23:09:01.634+00",0.000773,16.121761,0.00862746,0.0007246,236.08435,245.67664,6619.0176,"spacetrack"
47879,"2026-09-11 19:58:07.512+00",0.00082056,16.138447,0.01024796,0.0007989,231.03317,241.60175,6614.4546,"spacetrack"
47879,"2026-09-12 13:47:42.036+00",0.00080785,16.154377,0.01126415,0.0008529,226.33017,237.60568,6610.105,"spacetrack"
47879,"2026-09-13 13:31:59.366+00",0.00080831,16.179886,0.01385792,0.0009424,218.79604,231.24167,6603.156,"spacetrack"
47993,"2026-09-07 16:00:02+00",0.00096801,15.891078,0.00292943,0.0005388,301.18225,308.38376,6682.92,"spacetrack"
47993,"2026-09-08 22:00:01+00",0.0009382,15.898178,0.00282019,0.0004951,299.48557,306.101,6680.93,"spacetrack"
47993,"2026-09-09 14:00:02+00",0.00093182,15.901086,0.00284308,0.0005067,298.59396,305.3636,6680.1157,"spacetrack"
47993,"2026-09-10 22:00:03.999+00",0.00080615,15.908038,0.00254487,0.0004833,296.8047,303.25983,6678.1694,"spacetrack"
47993,"2026-09-11 20:00:01+00",0.00073589,15.912571,0.00237563,0.0004813,295.55057,301.97775,6676.9014,"spacetrack"
47993,"2026-09-12 22:00:01.999+00",0.00064867,15.917907,0.0021493,0.0004633,294.17923,300.36465,6675.409,"spacetrack"
47993,"2026-09-13 20:00:01.999+00",0.00075095,15.922725,0.00255771,0.000473,292.76843,299.0821,6674.062,"spacetrack"
48022,"2026-09-07 22:30:54.759+00",0.00072585,15.798952,0.00138602,0.0004989,327.39014,334.08426,6708.874,"spacetrack"
48022,"2026-09-08 22:48:14.227+00",0.00077814,15.802049,0.00150971,0.0004859,326.60147,333.12033,6707.998,"spacetrack"
48022,"2026-09-09 13:58:55.887+00",0.00061067,15.803577,0.00118718,0.0004823,326.19308,332.66318,6707.565,"spacetrack"
48022,"2026-09-10 22:00:03.999+00",0.00032217,15.807402,0.00063002,0.0004709,325.1883,331.50446,6706.4834,"spacetrack"
48022,"2026-09-11 20:00:01+00",0.0004168,15.809684,0.0008277,0.0004586,324.62573,330.7763,6705.838,"spacetrack"
48022,"2026-09-12 22:00:01.999+00",0.00038143,15.812315,0.00076556,0.0004347,324.04224,329.87164,6705.0938,"spacetrack"
48022,"2026-09-13 20:00:01.999+00",0.00026683,15.814798,0.00053822,0.0004342,323.34406,329.16617,6704.392,"spacetrack"
48376,"2026-09-07 16:00:02+00",0.00094056,15.856675,0.00238749,0.0005995,310.43356,318.45798,6692.583,"spacetrack"
48376,"2026-09-08 22:00:01+00",0.00078865,15.862502,0.00205027,0.0005899,308.85986,316.75385,6690.944,"spacetrack"
48376,"2026-09-09 14:00:02+00",0.00058861,15.865077,0.00153863,0.000574,308.24268,315.92307,6690.2197,"spacetrack"
48376,"2026-09-10 22:00:03.999+00",0.00061285,15.869991,0.00164335,0.0005627,306.93787,314.46548,6688.839,"spacetrack"
48376,"2026-09-11 20:00:01+00",0.00069179,15.873368,0.00189236,0.000547,306.0946,313.41116,6687.8896,"spacetrack"
48376,"2026-09-12 22:00:01.999+00",0.00065662,15.877625,0.00183265,0.0005232,305.059,312.05597,6686.6943,"spacetrack"
48376,"2026-09-13 20:00:01.999+00",0.00071019,15.881528,0.00202595,0.0005103,304.05026,310.87357,6685.599,"spacetrack"
48427,"2026-09-07 07:42:57.47+00",0.00052119,16.05555,0.00391811,0.0006217,254.93904,263.19174,6637.2026,"spacetrack"
48427,"2026-09-08 06:05:31.9+00",0.00068158,16.065016,0.00542964,0.0005804,252.60712,260.30856,6634.5947,"spacetrack"
48427,"2026-09-09 05:56:38.454+00",0.00062904,16.076588,0.00539277,0.0005746,249.4632,257.084,6631.4106,"spacetrack"
48427,"2026-09-10 19:10:43.511+00",0.00063682,16.094639,0.00613003,0.0005206,244.86458,251.76404,6626.451,"spacetrack"
48427,"2026-09-11 11:32:53.74+00",0.00063708,16.103205,0.00648609,0.0005037,242.62787,249.301,6624.1016,"spacetrack"
48427,"2026-09-12 11:20:31.367+00",0.00067204,16.117077,0.00749735,0.000465,239.08443,245.24132,6620.3,"spacetrack"
48427,"2026-09-13 11:06:53.432+00",0.00062381,16.131311,0.0076731,0.0004988,234.96764,241.56816,6616.405,"spacetrack"
48442,"2026-09-07 20:38:27.324+00",0.0011562,15.74814,0.00177119,0.0004716,341.98965,348.3311,6723.2974,"spacetrack"
48442,"2026-09-08 21:00:33.091+00",0.00079555,15.750351,0.00122058,0.0004995,341.1734,347.88934,6722.6685,"spacetrack"
48442,"2026-09-09 19:51:03.919+00",0.00075688,15.7524,0.00117075,0.0005167,340.47482,347.42142,6722.085,"spacetrack"
48442,"2026-09-10 22:00:03.999+00",0.00016256,15.755012,0.00024653,0.0005666,339.3971,347.01373,6721.3423,"spacetrack"
48442,"2026-09-11 19:02:54.601+00",0.00068089,15.756504,0.00107057,0.0005629,338.9979,346.5643,6720.918,"spacetrack"
48442,"2026-09-12 19:24:13.439+00",0.00064536,15.758557,0.00102315,0.0006029,338.14548,346.24884,6720.334,"spacetrack"
48442,"2026-09-13 18:14:01.488+00",0.00081135,15.760635,0.00130427,0.0006333,337.3508,345.86203,6719.7437,"spacetrack"
48465,"2026-09-07 18:50:35.831+00",0.00092368,16.02568,0.00562559,0.0008884,261.40607,273.21368,6645.447,"spacetrack"
48465,"2026-09-08 20:16:33.204+00",0.0011979,16.040592,0.00797638,0.0009421,256.93402,269.4476,6641.3276,"spacetrack"
48465,"2026-09-09 18:41:08.063+00",0.0019941,16.068144,0.01538594,0.000522,252.13379,259.05942,6633.7334,"spacetrack"
48465,"2026-09-10 18:33:28.182+00",0.00097343,16.083906,0.00844455,0.0004713,248.13744,254.3863,6629.399,"spacetrack"
48465,"2026-09-11 13:56:13.31+00",0.00088159,16.096657,0.00831219,0.000545,244.14928,251.3715,6625.8975,"spacetrack"
48465,"2026-09-12 15:15:14.655+00",0.00091464,16.115751,0.00976967,0.0006146,238.45677,246.5949,6620.6626,"spacetrack"
48465,"2026-09-13 15:03:09.045+00",0.0009051,16.136501,0.01110982,0.0006878,232.2993,241.39888,6614.9863,"spacetrack"
48562,"2026-09-07 14:37:24.673+00",0.00062599,15.822791,0.00133392,0.0006701,319.50595,328.48816,6702.1343,"spacetrack"
48562,"2026-09-08 22:00:01+00",0.00042924,15.827318,0.0009279,0.000708,317.97485,327.46326,6700.856,"spacetrack"
48562,"2026-09-09 14:00:02+00",0.00065573,15.828779,0.00143968,0.0007265,317.43887,327.17462,6700.444,"spacetrack"
48562,"2026-09-10 22:00:03.999+00",0.00042722,15.83252,0.00094683,0.0007285,316.37085,326.13184,6699.388,"spacetrack"
48562,"2026-09-11 20:00:01+00",0.00030941,15.835182,0.00069049,0.000755,315.44293,325.55786,6698.637,"spacetrack"
48562,"2026-09-12 22:00:01.999+00",0.00066415,15.837555,0.00152182,0.0007514,314.79834,324.86404,6697.9683,"spacetrack"
48562,"2026-09-13 20:00:01.999+00",0.0058368,15.836523,0.01484482,0.0007829,314.87808,325.3662,6698.2593,"spacetrack"
48582,"2026-09-07 11:51:32.147+00",0.00068217,15.774407,0.00116528,0.0010231,330.82367,344.5656,6715.8315,"spacetrack"
48582,"2026-09-08 22:00:01+00",0.00046706,15.779431,0.00081063,0.0010388,329.29434,343.24417,6714.4062,"spacetrack"
48582,"2026-09-09 14:00:02+00",0.0011497,15.780911,0.00204801,0.0010626,328.71506,342.98364,6713.9863,"spacetrack"
48582,"2026-09-10 22:00:03.999+00",0.0009672,15.785333,0.00175024,0.0010441,327.58698,341.6045,6712.733,"spacetrack"
48582,"2026-09-11 20:00:01+00",0.0005887,15.788618,0.00107024,0.0010541,326.5894,340.7392,6711.8013,"spacetrack"
48582,"2026-09-12 22:00:01.999+00",0.00092577,15.791858,0.00172469,0.0010395,325.77045,339.72235,6710.8833,"spacetrack"
48582,"2026-09-13 20:00:01.999+00",0.0005784,15.795307,0.00108401,0.0010408,324.7856,338.75296,6709.9062,"spacetrack"
48909,"2026-09-07 13:23:03.199+00",0.00055096,16.053308,0.00380863,0.0002465,258.047,261.31943,6637.8203,"spacetrack"
48909,"2026-09-08 14:48:32.856+00",0.00063356,16.063301,0.00465496,0.0002773,255.09026,258.77005,6635.0674,"spacetrack"
48909,"2026-09-10 13:07:51.401+00",0.00056711,16.081604,0.0046705,0.0002884,249.9827,253.8069,6630.0317,"spacetrack"
48909,"2026-09-11 13:01:06.662+00",0.00057427,16.091194,0.0050262,0.0003058,247.23343,251.28674,6627.397,"spacetrack"
48909,"2026-09-12 12:53:29.947+00",0.00057143,16.101265,0.00533573,0.0003083,244.45384,248.53859,6624.6333,"spacetrack"
48909,"2026-09-13 12:44:56.714+00",0.00057537,16.112343,0.00577463,0.0003172,241.35931,245.56006,6621.5967,"spacetrack"
48931,"2026-09-07 19:56:45.461+00",0.00031982,15.767232,0.00051189,0.0003983,337.05627,342.4077,6717.869,"spacetrack"
48931,"2026-09-08 12:42:00.793+00",0.00038316,15.768122,0.00061672,0.0003959,336.8199,342.13892,6717.616,"spacetrack"
48931,"2026-09-09 11:32:43.702+00",0.00031302,15.769196,0.00050528,0.0003883,336.56604,341.7827,6717.3115,"spacetrack"
48931,"2026-09-10 13:26:05.838+00",0.00030496,15.770386,0.00049473,0.0003677,336.3665,341.30615,6716.973,"spacetrack"
48931,"2026-09-11 12:16:37.577+00",0.00030092,15.771331,0.00049017,0.0003547,336.1857,340.95053,6716.705,"spacetrack"
48931,"2026-09-12 12:38:26.224+00",0.00030208,15.772286,0.00049416,0.0003425,335.99655,340.5973,6716.434,"spacetrack"
48931,"2026-09-13 13:00:09.338+00",0.00031267,15.773296,0.00051393,0.0003442,335.69827,340.3217,6716.147,"spacetrack"
48948,"2026-09-07 13:50:44.324+00",0.0003194,15.766989,0.00051072,0.0004397,336.8474,342.75516,6717.9385,"spacetrack"
48948,"2026-09-08 12:41:33.107+00",0.0003843,15.768163,0.00061873,0.000425,336.6127,342.32266,6717.6045,"spacetrack"
48948,"2026-09-09 00:52:36.545+00",0.00038966,15.768825,0.00062928,0.000419,336.46506,342.09427,6717.4165,"spacetrack"
48948,"2026-09-10 13:25:38.017+00",0.00030682,15.770357,0.00049775,0.0004,336.15765,341.53125,6716.9814,"spacetrack"
48948,"2026-09-11 13:47:31.819+00",0.00031945,15.771395,0.0005208,0.0003818,335.98538,341.11426,6716.687,"spacetrack"
48948,"2026-09-12 14:09:19.877+00",0.00030933,15.772401,0.00050642,0.0003838,335.68646,340.84195,6716.4014,"spacetrack"
48948,"2026-09-13 12:59:41.206+00",0.0003007,15.77331,0.00049415,0.0003727,335.50323,340.50943,6716.1436,"spacetrack"
48957,"2026-09-07 13:50:33.908+00",0.00030782,15.766972,0.000492,0.0004326,336.89978,342.71216,6717.943,"spacetrack"
48957,"2026-09-08 12:41:22.886+00",0.00037827,15.768116,0.00060879,0.0004204,336.65692,342.30508,6717.618,"spacetrack"
48957,"2026-09-09 11:32:05.926+00",0.00030374,15.769156,0.00049012,0.0004195,336.36752,342.00336,6717.3223,"spacetrack"
48957,"2026-09-10 13:25:28.315+00",0.00031095,15.770344,0.0005045,0.0004141,336.06674,341.62976,6716.9854,"spacetrack"
48957,"2026-09-11 13:47:22.218+00",0.00030649,15.771373,0.00049946,0.0004035,335.84604,341.26642,6716.6934,"spacetrack"
48957,"2026-09-12 20:14:36.733+00",0.00029687,15.772577,0.00048624,0.0003871,335.61426,340.81406,6716.351,"spacetrack"
48957,"2026-09-13 20:36:18.209+00",0.00031957,15.773595,0.00052611,0.0003762,335.3988,340.45197,6716.0625,"spacetrack"
48964,"2026-09-07 13:26:23.216+00",0.00051019,16.038319,0.00322186,0.0001272,262.97348,264.6632,6641.9556,"spacetrack"
48964,"2026-09-08 13:23:33.849+00",0.00062369,16.046612,0.00413918,0.0001476,260.54984,262.5099,6639.667,"spacetrack"
48964,"2026-09-10 13:15:42.105+00",0.00054872,16.0629,0.00402116,0.0001664,255.93599,258.14417,6635.1772,"spacetrack"
48964,"2026-09-11 13:10:43.067+00",0.0005454,16.070633,0.00419262,0.0001847,253.6868,256.13705,6633.049,"spacetrack"
48964,"2026-09-12 20:33:03.029+00",0.00054288,16.081911,0.00447852,0.0001933,250.52864,253.09177,6629.9473,"spacetrack"
48964,"2026-09-13 12:58:29.606+00",0.00056158,16.08831,0.00482381,0.0001839,248.83336,251.27121,6628.1895,"spacetrack"
49158,"2026-09-07 16:00:02+00",0.00062221,15.995387,0.0031015,0.000615,271.60568,279.7899,6653.835,"spacetrack"
49158,"2026-09-08 18:37:02.329+00",0.00066179,16.00334,0.00345247,0.0006231,269.34848,277.63776,6651.63,"spacetrack"
49158,"2026-09-09 17:06:54.418+00",0.00054849,16.009388,0.00296116,0.0006163,267.71948,275.9162,6649.955,"spacetrack"
49158,"2026-09-10 17:06:12.531+00",0.00056273,16.015917,0.00315593,0.0006317,265.81058,274.20987,6648.1475,"spacetrack"
49158,"2026-09-11 17:04:56.111+00",0.0005371,16.02232,0.00312728,0.0006533,263.89682,272.58096,6646.376,"spacetrack"
49158,"2026-09-12 17:03:04.92+00",0.00054833,16.0289,0.00331915,0.0006524,262.08524,270.75507,6644.557,"spacetrack"
49158,"2026-09-13 15:30:47.511+00",0.00058293,16.035488,0.00367169,0.000705,259.9169,269.28317,6642.737,"spacetrack"
49176,"2026-09-07 19:56:18.661+00",0.0015068,16.037354,0.00952613,0.0002473,262.4422,265.72742,6642.2217,"spacetrack"
49176,"2026-09-08 21:22:19.458+00",0.001395,16.056757,0.00990566,0.0002388,257.14767,260.31744,6636.8696,"spacetrack"
49176,"2026-09-09 22:46:45.347+00",0.00058402,16.068483,0.00448523,0.0002557,253.80705,257.1995,6633.64,"spacetrack"
49176,"2026-09-10 19:41:29.067+00",0.00056215,16.076042,0.00452741,0.0003056,251.39726,255.45047,6631.561,"spacetrack"
49176,"2026-09-11 22:33:50.388+00",0.00054888,16.085896,0.0047068,0.0003625,248.31215,253.11807,6628.852,"spacetrack"
49176,"2026-09-12 13:29:08.959+00",0.00056244,16.09187,0.0050117,0.0003897,246.49214,251.6574,6627.212,"spacetrack"
49176,"2026-09-13 11:51:29.379+00",0.00054935,16.100994,0.00519433,0.000428,243.73538,249.40613,6624.7075,"spacetrack"
50163,"2026-09-07 22:27:27.735+00",0.00064032,15.829921,0.00141078,0.0003165,319.86395,324.10513,6700.1216,"spacetrack"
50163,"2026-09-08 13:36:32.624+00",0.00068423,15.831884,0.00152406,0.000312,319.34015,323.5207,6699.5674,"spacetrack"
50163,"2026-09-09 13:50:51.191+00",0.000552,15.834648,0.00124024,0.0003128,318.55545,322.74622,6698.7876,"spacetrack"
50163,"2026-09-10 22:00:03.999+00",0.00065691,15.83833,0.00150806,0.0003024,317.5872,321.638,6697.7495,"spacetrack"
50163,"2026-09-11 20:00:01+00",0.0003283,15.840755,0.00075214,0.0002841,317.0264,320.83167,6697.066,"spacetrack"
50163,"2026-09-12 20:00:01.999+00",0.00065732,15.843132,0.00154462,0.0002988,316.2584,320.26016,6696.3965,"spacetrack"
50163,"2026-09-13 20:00:01.999+00",0.0007841,15.846035,0.00187695,0.0003015,315.42273,319.46017,6695.5786,"spacetrack"
51053,"2026-09-07 23:23:27.869+00",0.0005885,15.854107,0.0014187,0.0002929,313.208,317.12894,6693.3057,"spacetrack"
51053,"2026-09-08 22:06:40.91+00",0.00063741,15.857053,0.00156115,0.0003157,312.22662,316.45227,6692.4766,"spacetrack"
51053,"2026-09-09 22:20:31.328+00",0.00056975,15.859777,0.00141132,0.0003311,311.3573,315.78857,6691.71,"spacetrack"
51053,"2026-09-10 22:34:06.812+00",0.00056329,15.862485,0.0014137,0.0003374,310.55408,315.06912,6690.9487,"spacetrack"
51053,"2026-09-11 22:47:27.881+00",0.00054445,15.865093,0.00138325,0.0003465,309.7601,314.39642,6690.2153,"spacetrack"
51053,"2026-09-12 23:00:34.427+00",0.00053184,15.867752,0.00136854,0.0003583,308.93396,313.72763,6689.468,"spacetrack"
51053,"2026-09-13 21:42:38.103+00",0.00055291,15.870394,0.00144244,0.0003749,308.08093,313.09613,6688.7256,"spacetrack"
51103,"2026-09-07 18:57:45.64+00",0.00037149,14.646795,0.00011141,0.0472427,344.74854,1011.4603,7056.241,"spacetrack"
51103,"2026-09-08 19:33:20.651+00",0.00042101,14.647051,0.00012642,0.0472306,344.75565,1011.28894,7056.159,"spacetrack"
51103,"2026-09-09 20:08:53.921+00",0.00033888,14.647266,0.00010155,0.0472216,344.75336,1011.15314,7056.0903,"spacetrack"
51103,"2026-09-10 17:27:41.491+00",0.00031603,14.647444,9.462e-05,0.0472129,344.76038,1011.032,7056.033,"spacetrack"
51103,"2026-09-11 19:41:33.89+00",0.00032679,14.647665,9.789e-05,0.0472027,344.76477,1010.8857,7055.9624,"spacetrack"
51103,"2026-09-12 17:00:18.962+00",0.00032889,14.647842,9.852e-05,0.0471938,344.77307,1010.763,7055.9053,"spacetrack"
51103,"2026-09-13 06:07:13.872+00",0.00028222,14.647931,8.438e-05,0.0471902,344.77136,1010.7078,7055.8765,"spacetrack"
51659,"2026-09-07 17:51:36.396+00",0.00059425,15.932368,0.00208275,0.0006404,288.9596,297.50427,6671.369,"spacetrack"
51659,"2026-09-08 16:28:05.222+00",0.00061484,15.936512,0.00220251,0.0006371,287.82562,296.3248,6670.2124,"spacetrack"
51659,"2026-09-09 16:34:36.89+00",0.00048953,15.940527,0.00178978,0.0006311,286.74646,295.16418,6669.0923,"spacetrack"
51659,"2026-09-10 16:40:47.019+00",0.00051746,15.944577,0.00193315,0.0006167,285.71368,293.93793,6667.963,"spacetrack"
51659,"2026-09-11 16:46:35.829+00",0.00052131,15.948493,0.00198823,0.0005852,284.83292,292.6358,6666.8716,"spacetrack"
51659,"2026-09-12 16:52:03.321+00",0.00052869,15.952476,0.00205988,0.0005815,283.74854,291.50082,6665.7617,"spacetrack"
51659,"2026-09-13 03:24:19.709+00",0.00046949,15.954188,0.00184532,0.0005763,283.3063,290.9887,6665.2847,"spacetrack"
51775,"2026-09-07 22:59:10.524+00",0.00050339,15.843923,0.00118181,0.0006098,313.95325,322.1199,6696.1733,"spacetrack"
51775,"2026-09-08 23:12:23.446+00",0.00055068,15.846575,0.00131201,0.0005995,313.27533,321.30316,6695.4263,"spacetrack"
51775,"2026-09-09 23:25:22.986+00",0.00048191,15.8488245,0.00115761,0.0005857,312.73462,320.5769,6694.793,"spacetrack"
51775,"2026-09-10 23:38:10.169+00",0.00044377,15.851035,0.00107581,0.0005762,312.17624,319.8906,6694.1704,"spacetrack"
51775,"2026-09-11 22:19:58.318+00",0.00045859,15.8531275,0.00112388,0.0005643,311.66693,319.2213,6693.581,"spacetrack"
51775,"2026-09-12 22:32:21.777+00",0.00044578,15.855346,0.00110379,0.0005556,311.10132,318.53854,6692.957,"spacetrack"
51775,"2026-09-13 22:44:32.792+00",0.00047508,15.857674,0.00119132,0.0005355,310.58105,317.7485,6692.302,"spacetrack"
52295,"2026-09-07 16:00:02+00",0.0014829,15.847181,0.00364963,0.0001071,316.40143,317.83554,6695.2554,"spacetrack"
52295,"2026-09-08 16:00:02+00",0.0014923,15.853306,0.00378848,0.0001087,314.66638,316.12155,6693.531,"spacetrack"
52295,"2026-09-09 14:00:02+00",0.0028555,15.86319,0.00799018,0.0001153,311.84198,313.38486,6690.7505,"spacetrack"
52295,"2026-09-10 20:00:01.999+00",0.0028247,15.882793,0.00877886,0.0001246,306.27393,307.9399,6685.244,"spacetrack"
52295,"2026-09-11 20:00:01+00",0.0010632,15.893558,0.0032689,9.68e-05,303.44104,304.73474,6682.225,"spacetrack"
52295,"2026-09-12 20:00:01.999+00",0.00084214,15.900796,0.00266586,9.46e-05,301.42804,302.69196,6680.197,"spacetrack"
52295,"2026-09-13 20:00:01.999+00",0.00087511,15.907774,0.00275862,9.16e-05,299.49466,300.7181,6678.243,"spacetrack"
52579,"2026-09-07 19:01:17.091+00",0.00060143,16.090118,0.0054324,0.0002092,248.16916,250.94218,6627.693,"spacetrack"
52579,"2026-09-08 18:51:48.02+00",0.00065272,16.102968,0.00641225,0.0002246,244.54123,247.5168,6624.166,"spacetrack"
52579,"2026-09-09 12:43:55.52+00",0.00057534,16.1125,0.00602348,0.0002521,241.74709,245.08568,6621.553,"spacetrack"
52579,"2026-09-10 17:00:10.306+00",0.00057009,16.12788,0.0066237,0.0002891,237.29314,241.11928,6617.3433,"spacetrack"
52579,"2026-09-11 12:19:48.335+00",0.00058262,16.139109,0.00731351,0.0003325,233.93707,238.33556,6614.2734,"spacetrack"
52579,"2026-09-12 15:04:03.644+00",0.00058378,16.156162,0.00825837,0.0003676,229.05168,233.91107,6609.618,"spacetrack"
52579,"2026-09-13 11:50:34.611+00",0.00059273,16.17114,0.00932779,0.0003856,224.85213,229.94632,6605.536,"spacetrack"
52794,"2026-09-07 23:59:33.835+00",0.00045941,15.678835,0.0005282,0.0029892,344.80206,385.115,6743.0957,"spacetrack"
52794,"2026-09-08 18:20:49.093+00",0.00048548,15.679672,0.00056067,0.0029886,344.56693,384.87033,6742.8555,"spacetrack"
52794,"2026-09-09 23:24:21.397+00",0.00042744,15.680875,0.00049499,0.0029864,344.2379,384.50958,6742.5107,"spacetrack"
52794,"2026-09-10 22:20:44.794+00",0.00038525,15.681688,0.00044691,0.0030015,343.90356,384.37747,6742.2773,"spacetrack"
52794,"2026-09-11 12:06:32.722+00",0.00039236,15.682211,0.00045634,0.0030045,343.73395,384.2474,6742.1274,"spacetrack"
52794,"2026-09-12 20:13:18.119+00",0.00039248,15.683447,0.0004588,0.0029957,343.44016,383.83282,6741.7734,"spacetrack"
52794,"2026-09-13 20:41:12.218+00",0.00042211,15.68444,0.00049617,0.0029965,343.1513,383.55304,6741.4893,"spacetrack"
52908,"2026-09-07 22:49:45.393+00",0.0011036,15.769994,0.00190651,0.0007614,333.83337,344.06213,6717.085,"spacetrack"
52908,"2026-09-08 23:08:02.997+00",0.0011976,15.774163,0.00211293,0.0007681,332.60568,342.92264,6715.9014,"spacetrack"
52908,"2026-09-09 14:19:17.658+00",0.00097027,15.776369,0.00172105,0.0007866,331.85587,342.42032,6715.275,"spacetrack"
52908,"2026-09-10 22:12:29.829+00",0.00084882,15.780961,0.00153383,0.0008176,330.34607,341.32474,6713.972,"spacetrack"
52908,"2026-09-11 22:29:48.409+00",0.0010121,15.784479,0.0018656,0.0008345,329.23566,340.4396,6712.9746,"spacetrack"
52908,"2026-09-12 21:15:43.909+00",0.00093343,15.787833,0.00174452,0.0008439,328.2224,339.55096,6712.0234,"spacetrack"
52908,"2026-09-13 23:03:25.177+00",0.00094107,15.791896,0.00179268,0.0008553,326.99567,338.47528,6710.8726,"spacetrack"
52989,"2026-09-07 16:00:02+00",0.0012683,15.910691,0.00407321,0.0002017,297.9431,300.6368,6677.427,"spacetrack"
52989,"2026-09-08 16:00:02+00",0.0013449,15.918619,0.00450268,0.0002301,295.53662,298.60855,6675.2095,"spacetrack"
52989,"2026-09-09 14:00:02+00",0.0012736,15.926189,0.00443534,0.0002488,293.29697,296.61752,6673.094,"spacetrack"
52989,"2026-09-10 20:00:01.999+00",0.0006737,15.936321,0.00246111,0.0002534,290.4382,293.8187,6670.2656,"spacetrack"
52989,"2026-09-11 20:00:01+00",0.00056651,15.941354,0.00212109,0.0002729,288.90482,292.54468,6668.862,"spacetrack"
52989,"2026-09-12 20:00:01.999+00",0.00063172,15.946176,0.00243181,0.0002654,287.61078,291.14987,6667.517,"spacetrack"
52989,"2026-09-13 22:00:02+00",0.0010749,15.953255,0.00432217,0.0002467,285.76318,289.05197,6665.5444,"spacetrack"
53152,"2026-09-07 19:46:57.714+00",0.00084727,16.00699,0.00459971,9.7e-05,271.83646,273.12668,6650.6187,"spacetrack"
53152,"2026-09-08 19:45:06.136+00",0.0008883,16.016136,0.00508776,9.55e-05,269.3148,270.58456,6648.0864,"spacetrack"
53152,"2026-09-09 18:12:36.312+00",0.00086998,16.024874,0.00524577,4.43e-05,267.23825,267.82706,6645.6694,"spacetrack"
53152,"2026-09-10 18:09:08.243+00",0.00074999,16.03396,0.00477268,0.0001513,264.01654,266.02676,6643.1587,"spacetrack"
53152,"2026-09-11 18:04:49.077+00",0.00062657,16.043188,0.00421266,0.0001315,261.6008,263.34726,6640.611,"spacetrack"
53152,"2026-09-12 22:28:33.613+00",0.00055431,16.05475,0.00399831,9.81e-05,258.63443,259.9367,6637.4224,"spacetrack"
53152,"2026-09-13 17:53:33.923+00",0.00060581,16.063026,0.00460341,0.0001244,256.18015,257.83096,6635.1426,"spacetrack"
53206,"2026-09-07 22:00:03+00",0.0032772,15.832525,0.00767297,0.0001221,320.43185,322.06784,6699.3867,"spacetrack"
53206,"2026-09-08 14:00:02+00",0.0037722,15.842673,0.00945497,7.62e-05,317.8782,318.89877,6696.5254,"spacetrack"
53206,"2026-09-09 22:00:03+00",0.0023671,15.862837,0.00629407,0.0001061,312.0027,313.4225,6690.8496,"spacetrack"
53206,"2026-09-10 20:00:01.999+00",0.0028289,15.873807,0.00809601,0.0001242,308.7991,310.46036,6687.7666,"spacetrack"
53206,"2026-09-11 20:00:01+00",0.0028438,15.890204,0.0088989,0.0001165,304.24945,305.80664,6683.165,"spacetrack"
53206,"2026-09-12 20:00:01.999+00",0.0026238,15.907169,0.00805493,0.0001263,299.4319,301.11887,6678.4126,"spacetrack"
53206,"2026-09-13 22:00:02+00",0.0025098,15.925747,0.0084695,0.0001132,294.32556,295.83636,6673.218,"spacetrack"
53323,"2026-09-07 21:14:04.706+00",0.0009242,16.155342,0.01234036,0.0010759,224.59308,238.81615,6609.842,"spacetrack"
53323,"2026-09-08 19:30:52.811+00",0.0009822,16.183931,0.01650868,0.001092,216.70874,231.12764,6602.055,"spacetrack"
53323,"2026-09-09 20:42:52.913+00",0.00086656,16.220905,0.01940256,0.0011755,206.13283,221.63068,6592.0186,"spacetrack"
53323,"2026-09-10 20:22:11.25+00",0.00091977,16.272995,0.0319566,0.0012683,191.46437,208.14998,6577.9443,"spacetrack"
53323,"2026-09-11 22:51:06.401+00",0.00052595,16.395432,0.06840393,0.0013981,157.8671,176.16866,6545.155,"spacetrack"
53323,"2026-09-12 01:46:40.185+00",0.00034229,16.427553,0.0921469,0.0014198,149.20247,167.76385,6536.62,"spacetrack"
53480,"2026-09-07 22:11:19.929+00",0.00074195,16.015707,0.00410434,0.0001787,268.88058,271.25665,6648.2056,"spacetrack"
53480,"2026-09-08 22:10:29.335+00",0.00084405,16.02496,0.00492574,0.000177,266.33282,268.6854,6645.646,"spacetrack"
53480,"2026-09-09 22:08:48.804+00",0.00077747,16.034294,0.00479317,0.0001524,263.91708,265.9419,6643.0664,"spacetrack"
53480,"2026-09-10 22:06:17.893+00",0.00076534,16.043713,0.00499023,0.0001706,261.19675,263.46246,6640.467,"spacetrack"
53480,"2026-09-11 22:02:54.92+00",0.00055613,16.053202,0.00384096,0.0001595,258.6535,260.77097,6637.849,"spacetrack"
53480,"2026-09-12 21:58:41.415+00",0.00054992,16.06247,0.00401922,0.0001651,256.06357,258.25455,6635.296,"spacetrack"
53480,"2026-09-13 21:53:41.945+00",0.00056407,16.070913,0.00434343,0.0001818,253.62881,256.04056,6632.9717,"spacetrack"
53490,"2026-09-07 22:00:03+00",0.0047871,15.765168,0.00834994,0.0001067,339.6016,341.0353,6718.4556,"spacetrack"
53490,"2026-09-08 14:00:02+00",0.0044164,15.775904,0.00804404,9.41e-05,336.63828,337.90213,6715.407,"spacetrack"
53490,"2026-09-09 22:00:03+00",0.0043874,15.797707,0.00889091,0.0001242,330.25656,331.92313,6709.227,"spacetrack"
53490,"2026-09-10 20:00:01.999+00",0.0037606,15.811382,0.00802332,0.0001401,326.28116,328.16,6705.3574,"spacetrack"
53490,"2026-09-11 22:00:02+00",0.0038228,15.827639,0.00887459,0.000134,321.73065,323.52646,6700.7656,"spacetrack"
53490,"2026-09-12 20:00:01.999+00",0.0039651,15.842391,0.00998738,0.000102,317.78506,319.15118,6696.605,"spacetrack"
53490,"2026-09-13 22:00:02+00",0.0009235,15.849477,0.00219772,0.0001336,315.57764,317.36646,6694.609,"spacetrack"
53492,"2026-09-07 22:41:13.418+00",0.00065127,16.074282,0.00512144,0.0003049,251.88556,255.92978,6632.0444,"spacetrack"
53492,"2026-09-08 21:05:26.785+00",0.00068293,16.085108,0.00574624,0.0002954,248.97362,252.89006,6629.069,"spacetrack"
53492,"2026-09-09 22:27:50.838+00",0.00059829,16.096514,0.00541692,0.0003109,245.73997,249.85997,6625.937,"spacetrack"
53492,"2026-09-10 22:19:41.648+00",0.00057407,16.107727,0.00559075,0.0003386,242.48166,246.96666,6622.8613,"spacetrack"
53492,"2026-09-11 22:10:31.5+00",0.00058309,16.119553,0.00613842,0.0003792,238.9748,243.99512,6619.622,"spacetrack"
53492,"2026-09-12 22:00:16.056+00",0.00057724,16.13235,0.00662222,0.00043,235.13829,240.82816,6616.12,"spacetrack"
53492,"2026-09-13 21:48:48.493+00",0.00058747,16.146719,0.00743382,0.0004987,230.7606,237.3556,6612.1953,"spacetrack"
53499,"2026-09-07 22:00:03+00",0.0019788,15.809706,0.0039965,0.0001435,326.73248,328.65707,6705.8315,"spacetrack"
53499,"2026-09-08 14:00:02+00",0.0018699,15.815283,0.0038682,0.0001245,325.28342,326.9528,6704.255,"spacetrack"
53499,"2026-09-09 22:00:03+00",0.0019603,15.82688,0.00429944,0.000135,321.93784,323.7471,6700.9795,"spacetrack"
53499,"2026-09-10 20:00:01.999+00",0.0022121,15.8343,0.00506707,0.0001363,319.8361,321.6622,6698.886,"spacetrack"
53499,"2026-09-11 22:00:02+00",0.0018262,15.844106,0.0043435,0.0001432,317.0259,318.9437,6696.1216,"spacetrack"
53499,"2026-09-12 20:00:01.999+00",0.0020405,15.851865,0.00507755,0.0001396,314.86533,316.73425,6693.937,"spacetrack"
53499,"2026-09-13 22:00:02+00",0.0014318,15.861569,0.00367213,0.0001404,312.12958,314.00845,6691.206,"spacetrack"
53505,"2026-09-07 08:00:02+00",0.00060099,16.001183,0.00306332,0.0005211,270.62427,277.55722,6652.2275,"spacetrack"
53505,"2026-09-08 22:59:41.26+00",-0.00049942,16.008633,-0.00267094,0.0005144,268.60602,275.4477,6650.164,"spacetrack"
53505,"2026-09-09 22:59:19.308+00",0.00065144,16.017782,0.00365226,0.0005103,266.1021,272.8867,6647.6313,"spacetrack"
53505,"2026-09-10 15:28:45.87+00",0.0005035,16.021894,0.00289129,0.000552,264.68774,272.02548,6646.4937,"spacetrack"
53505,"2026-09-11 07:57:57.313+00",0.00052308,16.026146,0.00307959,0.0005518,263.51434,270.8481,6645.3184,"spacetrack"
53505,"2026-09-12 22:54:59.691+00",0.00052562,16.03645,0.00328907,0.0005677,260.56335,268.10522,6642.471,"spacetrack"
53505,"2026-09-13 09:23:55.997+00",0.00053315,16.039473,0.00339686,0.0005717,259.7029,267.29697,6641.6367,"spacetrack"
53649,"2026-09-07 22:00:03+00",0.00098016,15.959457,0.00396227,0.0001392,284.753,286.6082,6663.8174,"spacetrack"
53649,"2026-09-08 14:00:02+00",0.0011355,15.964836,0.00472506,0.0001632,283.09628,285.27087,6662.321,"spacetrack"
53649,"2026-09-09 22:00:03+00",0.00091848,15.976549,0.00407499,0.0001777,279.74374,282.11038,6659.064,"spacetrack"
53649,"2026-09-10 20:00:01.999+00",0.00091999,15.9846735,0.00426893,0.0001663,277.56332,279.77737,6656.807,"spacetrack"
53649,"2026-09-11 22:00:02+00",0.00091497,15.994355,0.00448132,0.0001687,274.86136,277.10645,6654.121,"spacetrack"
53649,"2026-09-12 21:55:55.57+00",0.0008935,16.00353,0.00460924,0.0001969,272.1303,274.7497,6651.577,"spacetrack"
53649,"2026-09-13 21:56:10.159+00",0.00085487,16.012836,0.00465096,0.0002003,269.53128,272.19485,6649,"spacetrack"
53653,"2026-09-07 22:00:03+00",0.00052284,15.9828415,0.00240029,0.0001934,277.8915,280.46655,6657.316,"spacetrack"
53653,"2026-09-08 14:00:02+00",0.0007493,15.986529,0.00351321,0.0001994,276.82797,279.4825,6656.292,"spacetrack"
53653,"2026-09-09 22:00:03+00",0.00047475,15.994017,0.00231987,0.000249,274.42093,277.7347,6654.215,"spacetrack"
53653,"2026-09-10 22:43:14.594+00",0.0005075,15.999242,0.00255485,0.000279,272.7728,276.48505,6652.766,"spacetrack"
53653,"2026-09-11 21:14:01.05+00",0.00050417,16.004196,0.00261085,0.0003081,271.20645,275.30505,6651.3926,"spacetrack"
53653,"2026-09-12 22:44:23.238+00",0.0005103,16.009953,0.00273155,0.0003417,269.3894,273.93387,6649.799,"spacetrack"
53653,"2026-09-13 21:14:14.288+00",0.00057897,16.01559,0.00320246,0.0003727,267.62305,272.57864,6648.238,"spacetrack"
53669,"2026-09-07 22:00:03+00",0.00054315,15.9427185,0.00200575,0.0001111,289.6031,291.0848,6668.481,"spacetrack"
53669,"2026-09-08 14:00:02+00",0.00082401,15.946558,0.00310848,8.91e-05,288.67963,289.86777,6667.4106,"spacetrack"
53669,"2026-09-09 22:00:03+00",0.0004501,15.95224,0.00174747,0.0001071,286.9763,288.4041,6665.827,"spacetrack"
53669,"2026-09-10 20:00:01.999+00",0.00034802,15.956048,0.00137749,0.0001322,285.74857,287.51074,6664.7666,"spacetrack"
53669,"2026-09-11 22:00:02+00",0.0004318,15.960204,0.00174974,0.0001622,284.39178,286.55347,6663.61,"spacetrack"
53669,"2026-09-12 20:00:01.999+00",0.00039288,15.964267,0.00162692,0.000184,283.11624,285.56802,6662.479,"spacetrack"
53669,"2026-09-13 22:00:02+00",0.00043043,15.968596,0.00182584,0.0002147,281.70755,284.5679,6661.275,"spacetrack"
53673,"2026-09-07 21:25:16.146+00",0.00059417,16.18758,0.01016231,0.0004762,219.78267,226.06952,6601.063,"spacetrack"
53673,"2026-09-08 21:08:33.841+00",0.00061542,16.211071,0.01259372,0.000505,213.21735,219.87798,6594.6846,"spacetrack"
53673,"2026-09-09 23:47:12.819+00",0.00055049,16.239647,0.01416151,0.000558,205.13359,212.48462,6586.9463,"spacetrack"
53673,"2026-09-10 18:59:55.029+00",0.00052406,16.264263,0.01658413,0.0005855,198.30846,206.01398,6580.2983,"spacetrack"
53673,"2026-09-11 17:07:35.233+00",0.00048473,16.29877,0.02087707,0.0006259,188.75726,196.98285,6571.007,"spacetrack"
53673,"2026-09-12 22:31:18.877+00",0.00042939,16.399403,0.05277622,0.0006834,161.48914,170.43361,6544.098,"spacetrack"
53673,"2026-09-13 05:49:38.241+00",0.00018079,16.472582,0.1006693,0.0008836,140.80052,152.33098,6524.7026,"spacetrack"
53891,"2026-09-07 22:00:03+00",0.00068684,15.844198,0.00162381,0.0001611,316.88013,319.0376,6696.0957,"spacetrack"
53891,"2026-09-08 14:00:02+00",0.0010606,15.84654,0.00256765,0.0001518,316.28253,318.31528,6695.436,"spacetrack"
53891,"2026-09-09 22:00:03+00",0.00071334,15.852621,0.00175922,0.0001569,314.5366,316.6371,6693.7236,"spacetrack"
53891,"2026-09-10 20:00:01.999+00",0.00030861,15.856403,0.00076205,0.0001422,313.57068,315.4741,6692.659,"spacetrack"
53891,"2026-09-11 22:00:02+00",0.000352,15.859672,0.00088549,0.0001416,312.6552,314.5503,6691.7397,"spacetrack"
53891,"2026-09-12 20:00:01.999+00",0.0012263,15.862131,0.00322634,0.0001454,311.93808,313.88385,6691.048,"spacetrack"
53891,"2026-09-13 22:00:02+00",0.001271,15.869864,0.00348347,0.0001202,309.93323,311.54123,6688.874,"spacetrack"
54015,"2026-09-07 18:21:40.503+00",0.0010708,16.072067,0.00859966,0.0001139,253.7617,255.27261,6632.6543,"spacetrack"
54015,"2026-09-08 18:13:57.564+00",0.00067121,16.08215,0.00575793,8.3e-05,251.1945,252.29506,6629.882,"spacetrack"
54015,"2026-09-09 12:07:32.035+00",0.00057056,16.090069,0.00514991,6.17e-05,249.16032,249.9782,6627.706,"spacetrack"
54015,"2026-09-10 22:23:43.667+00",0.00054253,16.10572,0.00542741,0.0001498,244.2823,246.26668,6623.4116,"spacetrack"
54015,"2026-09-11 22:12:54.207+00",0.00056645,16.117588,0.00613611,0.0002279,240.51384,243.53131,6620.1597,"spacetrack"
54015,"2026-09-12 14:34:50.308+00",0.00058991,16.12628,0.00677809,0.0002768,237.81224,241.47585,6617.7812,"spacetrack"
54015,"2026-09-13 12:52:56.769+00",0.00059356,16.139217,0.00745668,0.0003633,233.7039,238.50981,6614.2437,"spacetrack"
54039,"2026-09-07 14:02:19.804+00",0.00043937,15.830305,0.00094669,0.0013239,313.006,330.7463,6700.013,"spacetrack"
54039,"2026-09-08 23:24:43.678+00",0.0004814,15.833158,0.00105256,0.0013207,312.22372,329.919,6699.2085,"spacetrack"
54039,"2026-09-09 23:40:49.164+00",0.00041131,15.834779,0.0009045,0.0013218,311.75967,329.4685,6698.751,"spacetrack"
54039,"2026-09-10 13:19:47.989+00",0.00038351,15.835766,0.00084678,0.0013365,311.38333,329.28833,6698.4727,"spacetrack"
54039,"2026-09-11 18:08:35.361+00",0.00042536,15.837923,0.00095003,0.0013355,310.78238,328.6724,6697.8643,"spacetrack"
54039,"2026-09-12 22:57:08.018+00",0.00042785,15.840236,0.00096609,0.0013145,310.2719,327.8789,6697.2124,"spacetrack"
54039,"2026-09-13 14:06:47.537+00",0.00044005,15.841469,0.00099971,0.001299,310.02872,327.4272,6696.8647,"spacetrack"
55010,"2026-09-07 22:10:01.533+00",0.0011522,15.750052,0.00173916,0.0003747,342.0972,347.13522,6722.7534,"spacetrack"
55010,"2026-09-08 16:27:49.756+00",0.00099271,15.752156,0.00150785,0.0003646,341.56668,346.46848,6722.155,"spacetrack"
55010,"2026-09-09 22:57:11.4+00",0.00085121,15.755357,0.00130776,0.0003741,340.59274,345.62158,6721.244,"spacetrack"
55010,"2026-09-10 21:48:58.032+00",0.00088275,15.757808,0.00137178,0.0003647,339.95923,344.86118,6720.5474,"spacetrack"
55010,"2026-09-11 20:40:32.078+00",0.00093861,15.760271,0.00147617,0.0003549,339.32523,344.095,6719.847,"spacetrack"
55010,"2026-09-12 22:34:43.434+00",0.00084721,15.762979,0.00134609,0.0003499,338.5895,343.2915,6719.0776,"spacetrack"
55010,"2026-09-13 22:57:14.484+00",0.00089034,15.7655525,0.00143211,0.0003432,337.90347,342.51495,6718.346,"spacetrack"
55041,"2026-09-07 22:00:44.172+00",0.00051989,15.761864,0.00081641,0.0003356,339.0024,343.51245,6719.3945,"spacetrack"
55041,"2026-09-08 22:23:23.193+00",0.00059884,15.763767,0.00094992,0.0003324,338.4831,342.9498,6718.8535,"spacetrack"
55041,"2026-09-09 22:45:52.515+00",0.00054508,15.765378,0.00086983,0.0003242,338.08063,342.43683,6718.3955,"spacetrack"
55041,"2026-09-10 23:08:12.789+00",0.00048533,15.7669735,0.00077892,0.000305,337.75656,341.85452,6717.9424,"spacetrack"
55041,"2026-09-11 21:59:01.299+00",0.00047649,15.76844,0.00076955,0.000294,337.414,341.36392,6717.526,"spacetrack"
55041,"2026-09-12 22:21:05.128+00",0.00046343,15.769892,0.00075308,0.0002952,336.9937,340.9595,6717.114,"spacetrack"
55041,"2026-09-13 22:43:00.766+00",0.00052071,15.771402,0.00085297,0.0002882,336.61197,340.48346,6716.6846,"spacetrack"
56943,"2026-09-07 22:33:38.715+00",0.00087276,16.121094,0.00926946,0.0007973,235.78574,246.34071,6619.2,"spacetrack"
56943,"2026-09-08 22:22:52.806+00",0.00092017,16.142519,0.01124005,0.0008156,229.81108,240.59875,6613.342,"spacetrack"
56943,"2026-09-09 22:10:11.237+00",0.0008183,16.164577,0.01165493,0.0008701,223.43817,234.93623,6607.324,"spacetrack"
56943,"2026-09-10 20:26:24.341+00",0.00079491,16.188538,0.01378642,0.0009364,216.48474,228.84673,6600.8027,"spacetrack"
56943,"2026-09-11 21:38:11.324+00",0.0007821,16.221428,0.01750516,0.0009849,207.24796,220.23264,6591.8774,"spacetrack"
56943,"2026-09-12 22:46:28.243+00",0.00073641,16.26502,0.02368308,0.0010213,195.23677,208.67728,6580.094,"spacetrack"
56943,"2026-09-13 20:53:11.368+00",0.00067791,16.324327,0.03773395,0.0010813,178.91255,193.10818,6564.1475,"spacetrack"
57047,"2026-09-08 22:06:35.218+00",2.105e-05,16.01016,0.00010711,0.0008802,265.75095,277.45715,6649.741,"spacetrack"
57047,"2026-09-12 14:37:07.723+00",1.8022e-05,16.009361,9.025e-05,0.0008223,266.3571,277.29364,6649.9624,"spacetrack"
57412,"2026-09-12 22:00:02+00",0.0063967,15.735557,0.01022812,0.0001781,347.54642,349.94254,6726.8813,"spacetrack"
57412,"2026-09-13 22:00:02+00",0.0042561,15.752419,0.00718451,0.0001899,342.66617,345.2192,6722.0796,"spacetrack"
57422,"2026-09-08 15:08:59.573+00",-1.525e-06,16.040363,-1.51e-05,0.0017045,251.93387,274.57437,6641.391,"spacetrack"
57422,"2026-09-09 00:07:59.508+00",-1.6489e-06,16.040586,-1.588e-05,0.0014789,253.37059,273.0143,6641.3296,"spacetrack"
58274,"2026-09-07 18:16:45.75+00",0.0016571,15.796843,0.00312832,0.0007232,326.48236,336.18695,6709.4717,"spacetrack"
58274,"2026-09-08 20:07:08.136+00",0.0017692,15.803905,0.00346151,0.0007051,324.60608,334.06494,6707.4727,"spacetrack"
58274,"2026-09-09 18:54:33.667+00",0.0013362,15.809316,0.00265423,0.0006726,323.2946,332.31543,6705.942,"spacetrack"
58274,"2026-09-10 17:41:30.607+00",0.0014253,15.814996,0.00291411,0.0006438,321.883,330.5155,6704.3364,"spacetrack"
58274,"2026-09-11 17:59:03.125+00",0.0014886,15.821098,0.00313838,0.0006329,320.2331,328.7173,6702.6123,"spacetrack"
58274,"2026-09-12 12:11:49.856+00",0.001621,15.826017,0.00351108,0.0006326,318.84705,327.3254,6701.223,"spacetrack"
58274,"2026-09-13 20:03:23.57+00",0.0016334,15.83472,0.00369133,0.0005956,316.64105,324.62064,6698.768,"spacetrack"
58285,"2026-09-07 19:19:10.616+00",0.0015895,15.802132,0.00307094,0.000694,325.18204,334.4927,6707.9746,"spacetrack"
58285,"2026-09-08 19:37:53.319+00",0.0017499,15.808723,0.00350105,0.0006983,323.28964,332.6554,6706.1094,"spacetrack"
58285,"2026-09-09 18:24:54.287+00",0.0012722,15.813954,0.00257936,0.0007025,321.7836,331.2036,6704.631,"spacetrack"
58285,"2026-09-10 12:38:10.842+00",0.0013719,15.818505,0.00284916,0.0007015,320.50513,329.9099,6703.3447,"spacetrack"
58285,"2026-09-11 18:59:39.293+00",0.0014406,15.825719,0.00310194,0.0006751,318.64636,327.69446,6701.3076,"spacetrack"
58285,"2026-09-12 23:49:16.172+00",0.0014013,15.832786,0.00311872,0.0006659,316.7152,325.63736,6699.3135,"spacetrack"
58285,"2026-09-13 18:01:14.873+00",0.00147,15.837606,0.0033552,0.0006621,315.3821,324.25156,6697.9536,"spacetrack"
58286,"2026-09-07 19:23:06.599+00",0.0016944,15.895537,0.00492055,0.0005127,300.1075,306.9589,6681.6704,"spacetrack"
58286,"2026-09-08 19:33:06.117+00",0.0017828,15.905761,0.00545113,0.0005652,296.89474,304.4445,6678.8066,"spacetrack"
58286,"2026-09-09 19:42:10.678+00",0.0014954,15.915268,0.00480047,0.0005807,294.13297,301.88663,6676.147,"spacetrack"
58286,"2026-09-10 18:19:52.765+00",0.0014382,15.924745,0.00484807,0.0006066,291.31268,299.40897,6673.498,"spacetrack"
58286,"2026-09-11 16:56:43.291+00",0.0016079,15.935501,0.00573083,0.0006192,288.22702,296.48776,6670.494,"spacetrack"
58286,"2026-09-12 04:59:59.525+00",0.0015321,15.94129,0.0056309,0.0006581,286.3537,295.1313,6668.8794,"spacetrack"
58286,"2026-09-13 17:08:08.414+00",0.0016077,15.960656,0.00655014,0.0007063,280.64032,290.05316,6663.484,"spacetrack"
58294,"2026-09-07 19:37:59.072+00",0.0016741,16.04782,0.01118507,0.0011622,253.48045,268.9129,6639.3335,"spacetrack"
58294,"2026-09-08 18:03:52.196+00",0.0017256,16.07241,0.01332195,0.0011866,246.55238,262.29276,6632.5596,"spacetrack"
58294,"2026-09-09 19:26:36.386+00",0.0015853,16.102425,0.01471925,0.0012133,238.14093,254.2155,6624.3154,"spacetrack"
58294,"2026-09-11 19:04:13.018+00",0.0014438,16.176334,0.02311353,0.0013888,216.81334,235.15695,6604.122,"spacetrack"
58294,"2026-09-12 18:47:09.756+00",0.0013667,16.2345,0.03440429,0.0014053,200.9427,219.45988,6588.3384,"spacetrack"
58294,"2026-09-13 11:01:49.102+00",0.0011133,16.295033,0.04747814,0.0014051,184.64053,203.1092,6572.0117,"spacetrack"
58304,"2026-09-07 18:59:24.477+00",0.0015322,15.752727,0.00235796,0.0005148,340.39487,347.31583,6721.992,"spacetrack"
58304,"2026-09-08 23:57:05.927+00",0.0016547,15.7585535,0.00261965,0.0005078,338.78583,345.611,6720.3354,"spacetrack"
58304,"2026-09-09 19:45:41.891+00",0.0013638,15.761912,0.00217943,0.000503,337.86377,344.62344,6719.3804,"spacetrack"
58304,"2026-09-11 12:53:30.192+00",0.0013223,15.769018,0.00217974,0.0004899,335.9339,342.51556,6717.362,"spacetrack"
58304,"2026-09-12 05:38:35.249+00",0.0012609,15.771954,0.0021036,0.0004821,335.15323,341.6293,6716.5283,"spacetrack"
58304,"2026-09-13 19:42:09.051+00",0.0013529,15.779005,0.00233476,0.0004686,333.24365,339.5365,6714.527,"spacetrack"
58306,"2026-09-07 20:00:28.277+00",0.0017197,15.918144,0.00560762,0.000772,292.05203,302.35876,6675.3423,"spacetrack"
58306,"2026-09-08 18:37:48.869+00",0.0019415,15.930533,0.0067456,0.0007774,288.55728,298.93073,6671.881,"spacetrack"
58306,"2026-09-09 18:44:31.682+00",0.0014774,15.942269,0.00546331,0.0007847,285.23654,295.70227,6668.6064,"spacetrack"
58306,"2026-09-10 12:48:49.91+00",0.0015962,15.952042,0.00621504,0.0007927,282.46164,293.02972,6665.883,"spacetrack"
58306,"2026-09-11 18:54:32.999+00",0.0016203,15.968601,0.00689499,0.0007952,277.8393,288.43338,6661.2734,"spacetrack"
58306,"2026-09-12 05:26:05.895+00",0.0015924,15.9747505,0.00700821,0.000814,276.006,286.84778,6659.564,"spacetrack"
58306,"2026-09-13 05:28:41.155+00",0.0015346,15.9897,0.00733417,0.0008052,271.9163,282.63416,6655.412,"spacetrack"
58308,"2026-09-07 18:42:43.288+00",0.0016089,15.782074,0.00283217,0.0005916,331.54785,339.49146,6713.6567,"spacetrack"
58308,"2026-09-08 19:03:19.693+00",0.0016533,15.787748,0.00299012,0.0005647,330.1206,337.70117,6712.048,"spacetrack"
58308,"2026-09-09 23:57:08.466+00",0.0014689,15.793887,0.00272199,0.00056,328.41382,335.92935,6710.3086,"spacetrack"
58308,"2026-09-10 18:11:50.18+00",0.0013283,15.797737,0.00249787,0.0005468,327.4127,334.74988,6709.2183,"spacetrack"
58308,"2026-09-11 18:31:01.146+00",0.0013699,15.80286,0.00264074,0.0005231,326.12225,333.13992,6707.768,"spacetrack"
58308,"2026-09-12 05:09:15.738+00",0.001302,15.805077,0.0025321,0.0005362,325.40753,332.60028,6707.141,"spacetrack"
58308,"2026-09-13 13:03:26.107+00",0.0014353,15.812174,0.00289492,0.0004953,323.67593,330.31802,6705.134,"spacetrack"
58309,"2026-09-07 12:36:45.481+00",0.0013233,15.75633,0.00206191,0.000631,338.58972,347.07156,6720.968,"spacetrack"
58309,"2026-09-08 19:05:28.633+00",0.0016317,15.762445,0.0026285,0.0006215,336.9161,345.26813,6719.229,"spacetrack"
58309,"2026-09-09 19:27:57.276+00",0.0013685,15.766852,0.00223691,0.0006059,335.76956,343.9104,6717.977,"spacetrack"
58309,"2026-09-10 18:18:39.591+00",0.0012566,15.770888,0.00208711,0.0006186,334.5388,342.84885,6716.831,"spacetrack"
58309,"2026-09-11 18:40:21.564+00",0.0012897,15.775204,0.00218562,0.0006127,333.35403,341.58334,6715.6055,"spacetrack"
58309,"2026-09-12 05:19:43.859+00",0.0011659,15.776956,0.00198645,0.0006075,332.89206,341.05093,6715.1084,"spacetrack"
58309,"2026-09-13 19:22:33.962+00",0.0013477,15.784098,0.0023811,0.0005776,331.0684,338.82336,6713.083,"spacetrack"
58412,"2026-09-07 03:16:49.4+00",0.00059872,15.819735,0.00130789,0.0027775,306.2429,343.47803,6702.9976,"spacetrack"
58412,"2026-09-08 22:00:01+00",0.00080484,15.826078,0.00182267,0.00274,304.70758,341.4302,6701.206,"spacetrack"
58412,"2026-09-09 22:00:03+00",0.00061349,15.829407,0.00140352,0.0027265,303.86133,340.3979,6700.2666,"spacetrack"
58412,"2026-09-10 22:00:04+00",0.00069207,15.832466,0.00161079,0.002719,303.0506,339.48196,6699.4033,"spacetrack"
58412,"2026-09-11 22:00:02+00",0.00071132,15.83569,0.00168254,0.0027082,302.2163,338.49802,6698.494,"spacetrack"
58412,"2026-09-12 22:00:02+00",0.00067046,15.839026,0.0016101,0.0027092,301.27148,337.56152,6697.5537,"spacetrack"
58412,"2026-09-13 22:00:02+00",0.00092254,15.842275,0.00226941,0.0027253,300.2506,336.7513,6696.638,"spacetrack"
58435,"2026-09-07 23:06:41.139+00",0.00044133,15.963356,0.00182007,0.0002126,283.17908,286.0121,6662.7324,"spacetrack"
58435,"2026-09-08 20:10:18.293+00",0.0005022,15.967048,0.00211389,0.0002245,282.07285,285.06393,6661.7056,"spacetrack"
58435,"2026-09-09 23:14:34.009+00",0.00045006,15.971142,0.00193675,0.0002254,280.9286,283.93118,6660.567,"spacetrack"
58435,"2026-09-10 23:18:00.67+00",0.00040637,15.97466,0.00178238,0.0002347,279.8889,283.0149,6659.589,"spacetrack"
58435,"2026-09-11 23:21:08.051+00",0.00041787,15.978274,0.00186988,0.0002425,278.83298,282.0624,6658.5845,"spacetrack"
58435,"2026-09-12 23:23:56.194+00",0.00040325,15.981799,0.00183985,0.0002477,277.81946,281.1176,6657.6055,"spacetrack"
58435,"2026-09-13 23:26:24.269+00",0.0004276,15.985708,0.00199419,0.0002491,276.72516,280.04144,6656.5205,"spacetrack"
58507,"2026-09-07 23:36:32.653+00",0.00047338,15.26244,0.00025656,0.0222249,334.47446,639.63074,6865.1895,"spacetrack"
58507,"2026-09-08 23:12:42.56+00",0.00048859,15.262959,0.00026485,0.0221971,334.51315,639.2808,6865.034,"spacetrack"
58507,"2026-09-09 22:48:50.026+00",0.00040204,15.263374,0.00021802,0.0221767,334.53116,639.01324,6864.909,"spacetrack"
58507,"2026-09-10 19:16:06.784+00",0.00034994,15.263702,0.00018985,0.0221615,334.53943,638.8085,6864.811,"spacetrack"
58507,"2026-09-11 22:00:58.723+00",0.00035483,15.264141,0.00019256,0.02214,334.55844,638.5264,6864.679,"spacetrack"
58507,"2026-09-12 21:37:00.186+00",0.00034803,15.264504,0.00018888,0.0221195,334.5927,638.2745,6864.571,"spacetrack"
58507,"2026-09-13 14:55:24.069+00",0.00035283,15.264769,0.00019155,0.0221085,334.59058,638.1178,6864.491,"spacetrack"
58598,"2026-09-07 22:00:03+00",0.00076467,15.858358,0.0019863,0.0031354,292.9899,334.95477,6692.1094,"spacetrack"
58598,"2026-09-08 22:00:01+00",0.00088987,15.863054,0.00237096,0.003136,291.66925,333.63388,6690.7886,"spacetrack"
58598,"2026-09-09 22:00:03+00",0.00076279,15.866101,0.0020594,0.0031196,290.9248,332.66464,6689.9316,"spacetrack"
58598,"2026-09-10 22:00:04+00",0.00075628,15.870077,0.00208353,0.0031249,289.77545,331.57922,6688.8145,"spacetrack"
58598,"2026-09-11 22:00:02+00",0.00078681,15.873961,0.00221274,0.0031376,288.60287,330.56967,6687.723,"spacetrack"
58598,"2026-09-12 22:00:02+00",0.00083341,15.87796,0.00239427,0.0031464,287.42477,329.50223,6686.6006,"spacetrack"
58598,"2026-09-13 22:00:02+00",0.00080139,15.882202,0.00235179,0.0031421,286.26657,328.27902,6685.4097,"spacetrack"
58672,"2026-09-07 21:59:42.39+00",0.00067938,15.701528,0.00087195,0.0028799,339.05945,377.8609,6736.597,"spacetrack"
58672,"2026-09-08 22:25:12.234+00",0.00073208,15.703372,0.00094813,0.0028789,338.54013,377.32507,6736.07,"spacetrack"
58672,"2026-09-11 19:06:14.594+00",0.00056827,15.706964,0.00074444,0.0028737,337.5512,376.2602,6735.0425,"spacetrack"
58672,"2026-09-12 13:25:00.814+00",0.00053388,15.708092,0.00070218,0.002878,337.2007,375.96576,6734.72,"spacetrack"
58672,"2026-09-13 12:18:21.628+00",0.00058906,15.709634,0.00078152,0.0029113,336.53705,375.74808,6734.28,"spacetrack"
58706,"2026-09-07 20:03:34.348+00",0.00054998,15.776936,0.00094352,0.0002736,335.1399,338.81442,6715.1143,"spacetrack"
58706,"2026-09-08 20:22:58.998+00",0.00060025,15.77901,0.00104121,0.0002689,334.58325,338.19434,6714.526,"spacetrack"
58706,"2026-09-09 19:11:01.226+00",0.00051746,15.780649,0.00090181,0.0002553,334.20953,337.63773,6714.0605,"spacetrack"
58706,"2026-09-10 22:32:28.745+00",0.00046985,15.782596,0.00082465,0.0002282,333.83954,336.90356,6713.509,"spacetrack"
58706,"2026-09-11 18:17:51+00",0.00047692,15.7840185,0.00084277,0.0002655,333.18594,336.75058,6713.1055,"spacetrack"
58706,"2026-09-12 18:36:37.641+00",0.00052927,15.785741,0.00094442,0.0002176,333.01932,335.94064,6712.617,"spacetrack"
58706,"2026-09-13 20:26:23.643+00",0.00051113,15.787683,0.00091959,0.0001992,332.5926,335.2667,6712.0664,"spacetrack"
58720,"2026-09-07 22:00:03+00",0.00096202,15.960758,0.0040413,0.0008319,279.77496,290.8616,6663.455,"spacetrack"
58720,"2026-09-08 22:00:01+00",0.0010716,15.970959,0.00476496,0.0008218,277.00705,287.95444,6660.6177,"spacetrack"
58720,"2026-09-09 22:00:03+00",0.00093674,15.979159,0.00435963,0.0008686,274.41843,285.9853,6658.339,"spacetrack"
58720,"2026-09-10 22:00:04+00",0.00089497,15.987263,0.00436055,0.0008993,271.9659,283.93756,6656.089,"spacetrack"
58720,"2026-09-11 22:00:02+00",0.00091452,15.995585,0.00467473,0.000934,269.428,281.85727,6653.78,"spacetrack"
58720,"2026-09-12 19:50:35.593+00",0.00075504,16.003437,0.00403542,0.0009636,267.05673,279.8757,6651.603,"spacetrack"
58720,"2026-09-13 19:49:00.205+00",0.00086997,16.012997,0.00492122,0.0009859,264.26315,277.37357,6648.9556,"spacetrack"
58929,"2026-09-07 22:56:50.015+00",0.0001727,15.754182,0.00025981,0.0002569,341.71475,345.1683,6721.5786,"spacetrack"
58929,"2026-09-08 23:20:16.389+00",0.00017845,15.754762,0.00026921,0.0002552,341.56125,344.99185,6721.4136,"spacetrack"
58929,"2026-09-09 23:43:42.353+00",0.00011599,15.754341,0.00017409,0.0002891,341.45303,345.33942,6721.533,"spacetrack"
58929,"2026-09-10 22:35:42.778+00",0.00012587,15.753863,0.00018868,0.000372,341.03152,346.03244,6721.669,"spacetrack"
58929,"2026-09-11 22:59:10.827+00",9.8414e-06,15.754355,1.375e-05,0.0003264,341.19818,345.586,6721.5293,"spacetrack"
58929,"2026-09-12 23:22:36.826+00",0.00014141,15.7547865,0.00021301,0.0003185,341.1287,345.41025,6721.4062,"spacetrack"
58929,"2026-09-13 22:14:41.097+00",0.00015297,15.753522,0.00022927,0.000255,341.91507,345.34317,6721.766,"spacetrack"
58992,"2026-09-07 22:07:15.995+00",0.0012821,15.632224,0.00164648,0.0115165,300.54492,456.1672,6756.493,"spacetrack"
58992,"2026-09-08 22:41:57.076+00",0.0013856,15.635843,0.00179959,0.0114259,300.12622,454.50043,6755.45,"spacetrack"
58992,"2026-09-09 21:44:11.032+00",0.0012241,15.6387205,0.00160239,0.0113483,299.8311,453.13803,6754.6216,"spacetrack"
58992,"2026-09-10 22:18:16.846+00",0.0010765,15.641795,0.00142196,0.0112773,299.43564,451.76346,6753.7363,"spacetrack"
58992,"2026-09-11 21:19:59.334+00",0.0011275,15.6445875,0.00150237,0.0112061,299.1219,450.46997,6752.933,"spacetrack"
58992,"2026-09-12 21:53:32.145+00",0.0011496,15.64766,0.00154579,0.0111218,298.81686,449.00674,6752.049,"spacetrack"
58992,"2026-09-13 22:26:47.218+00",0.0011942,15.6508665,0.00162201,0.0110428,298.43814,447.5408,6751.1265,"spacetrack"
58993,"2026-09-07 22:55:28.014+00",0.0017169,16.262987,0.05500564,0.0014051,193.259,211.75192,6580.6426,"spacetrack"
58993,"2026-09-08 06:18:03.367+00",0.0016358,16.304388,0.07709195,0.0016305,180.64919,202.07231,6569.4976,"spacetrack"
59322,"2026-09-07 22:00:03+00",0.00079247,15.904963,0.00258005,0.0025952,283.5598,318.22665,6679.0303,"spacetrack"
59322,"2026-09-08 22:00:01+00",0.00086179,15.911591,0.00290713,0.0025899,281.74515,316.3316,6677.1753,"spacetrack"
59322,"2026-09-09 22:00:03+00",0.00077251,15.917268,0.00268395,0.0026028,280.07538,314.8258,6675.5874,"spacetrack"
59322,"2026-09-10 22:00:04+00",0.0006581,15.923124,0.00235638,0.0026177,278.34305,313.28384,6673.9507,"spacetrack"
59322,"2026-09-11 22:00:02+00",0.0005377,15.929,0.00198306,0.0026267,276.6461,311.6984,6672.309,"spacetrack"
59322,"2026-09-12 22:00:02+00",0.00073983,15.934509,0.00282224,0.0026456,274.98605,310.28244,6670.771,"spacetrack"
59322,"2026-09-13 22:00:02+00",0.00077632,15.940613,0.00306397,0.002659,273.19818,308.6643,6669.0684,"spacetrack"
59586,"2026-09-07 08:00:37.173+00",0.00064458,15.701464,0.00082425,0.0027244,340.12497,376.83145,6736.615,"spacetrack"
59586,"2026-09-08 13:00:55.066+00",0.00076792,15.703581,0.00099398,0.0027476,339.36484,376.38055,6736.01,"spacetrack"
59586,"2026-09-09 22:00:03+00",-0.00027446,15.706447,-0.00036056,0.0027182,338.74594,375.36115,6735.1904,"spacetrack"
59586,"2026-09-10 00:00:02+00",-2.3638e-05,15.70638,-3.556e-05,0.0027078,338.83478,375.30997,6735.2095,"spacetrack"
59586,"2026-09-11 05:07:02.712+00",0.00056123,15.707936,0.0007361,0.0027097,338.37854,374.87692,6734.7646,"spacetrack"
59586,"2026-09-12 20:47:28.635+00",0.00057367,15.710381,0.0007603,0.0026841,337.85413,374.00394,6734.066,"spacetrack"
59586,"2026-09-13 22:00:02+00",-2.6753e-05,15.712431,-4.053e-05,0.0026611,337.4246,373.26154,6733.48,"spacetrack"
59878,"2026-09-07 22:00:03+00",0.0039206,15.710177,0.00550335,0.0026335,338.25275,373.7214,6734.124,"spacetrack"
59878,"2026-09-08 22:00:01+00",0.0046227,15.723533,0.00697876,0.0025704,334.87378,369.47296,6730.3105,"spacetrack"
59878,"2026-09-09 22:00:03+00",0.004031,15.734885,0.00633914,0.00253,331.91617,365.95514,6727.0728,"spacetrack"
59878,"2026-09-10 22:00:04+00",0.00051094,15.73996,0.00076684,0.0025059,330.63593,364.3434,6725.6265,"spacetrack"
59878,"2026-09-11 22:00:02+00",0.00015372,15.742072,0.00022787,0.0024953,330.10706,363.66895,6725.025,"spacetrack"
59878,"2026-09-12 22:00:02+00",0.00072705,15.743596,0.00111502,0.0024954,329.67358,363.23468,6724.5913,"spacetrack"
59878,"2026-09-13 22:00:02+00",0.00030435,15.745841,0.00046501,0.0024941,329.0448,362.58524,6723.952,"spacetrack"
59907,"2026-09-07 22:08:00.886+00",0.00071941,15.7311125,0.00105119,0.0029024,330.48358,369.53912,6728.1484,"spacetrack"
59907,"2026-09-08 20:59:19.078+00",0.0007607,15.733212,0.00112319,0.0029164,329.79242,369.03287,6727.55,"spacetrack"
59907,"2026-09-10 20:12:50.035+00",0.00059505,15.736812,0.00088912,0.0029163,328.77026,368.0034,6726.524,"spacetrack"
59907,"2026-09-11 19:03:39.712+00",0.00063109,15.738518,0.00095102,0.0029168,328.28214,367.51917,6726.0376,"spacetrack"
59907,"2026-09-12 13:20:12.969+00",0.00061905,15.739943,0.00093869,0.0029279,327.80273,367.1867,6725.632,"spacetrack"
59907,"2026-09-13 21:18:56.811+00",0.00067771,15.742481,0.00104044,0.0029075,327.2189,366.32422,6724.9087,"spacetrack"
60051,"2026-09-07 04:41:02.317+00",0.0035778,16.03723,0.02204107,0.0002225,262.641,265.5968,6642.256,"spacetrack"
60051,"2026-09-08 15:02:12.075+00",0.0014261,16.076113,0.01168167,4.23e-05,253.12396,253.685,6631.5415,"spacetrack"
60051,"2026-09-09 02:58:10.235+00",0.0010034,16.084995,0.00874848,0.0001641,249.87483,252.05049,6629.0996,"spacetrack"
60051,"2026-09-10 08:42:08.105+00",0.003892,16.21938,0.09088332,0.0008887,208.4367,220.1541,6592.4326,"spacetrack"
60210,"2026-09-07 22:26:14.48+00",0.00046935,15.733474,0.00065512,0.0015351,339.0108,359.6655,6727.475,"spacetrack"
60210,"2026-09-08 19:48:23.941+00",0.00047922,15.734672,0.00067252,0.0015411,338.62927,359.36365,6727.1333,"spacetrack"
60210,"2026-09-09 21:45:11.344+00",0.00043092,15.735843,0.00060722,0.001545,338.27005,359.05585,6726.8,"spacetrack"
60210,"2026-09-10 20:38:43.85+00",0.00039485,15.736874,0.00055848,0.0015522,337.92825,358.81003,6726.5063,"spacetrack"
60210,"2026-09-11 21:03:44.51+00",0.00039347,15.737994,0.00055927,0.0015633,337.5348,358.56488,6726.187,"spacetrack"
60210,"2026-09-12 23:00:12.421+00",0.00039162,15.739107,0.00055936,0.0015752,337.13797,358.32715,6725.8696,"spacetrack"
60210,"2026-09-13 21:53:27.909+00",0.00043512,15.740153,0.00062495,0.0015817,336.7967,358.07236,6725.5713,"spacetrack"
60246,"2026-09-07 20:42:01.654+00",0.00090241,15.701717,0.00110837,0.0014869,348.3892,368.42233,6736.543,"spacetrack"
60246,"2026-09-09 13:59:32.461+00",0.00069473,15.705516,0.00086419,0.0014936,347.25943,367.37958,6735.4565,"spacetrack"
60246,"2026-09-10 12:55:41.911+00",0.00070018,15.707336,0.00087782,0.0015041,346.66907,366.9291,6734.936,"spacetrack"
60246,"2026-09-11 13:23:25.783+00",0.00077053,15.709236,0.00097491,0.0015025,346.13757,366.37442,6734.393,"spacetrack"
60246,"2026-09-12 13:50:59.093+00",0.00078145,15.711146,0.00099706,0.0015187,345.48355,365.93695,6733.847,"spacetrack"
60246,"2026-09-13 20:25:10.081+00",0.00078909,15.713624,0.00101757,0.0015202,344.76663,365.23807,6733.139,"spacetrack"
60491,"2026-09-07 18:05:45.455+00",0.001405,15.81477,0.00286659,0.0004616,323.1684,329.3579,6704.4004,"spacetrack"
60491,"2026-09-08 18:23:20.249+00",0.0015153,15.820727,0.00318935,0.0004644,321.46713,327.69263,6702.717,"spacetrack"
60491,"2026-09-09 18:40:22.219+00",0.0011911,15.826279,0.00255346,0.0004752,319.82803,326.1968,6701.1494,"spacetrack"
60491,"2026-09-10 18:56:54.043+00",0.0012576,15.831996,0.00277505,0.0003054,319.35306,323.44513,6699.536,"spacetrack"
60491,"2026-09-11 19:12:54.579+00",0.0013297,15.837612,0.00302116,0.000383,317.24976,322.38037,6697.952,"spacetrack"
60491,"2026-09-12 05:49:44.829+00",0.0012451,15.840199,0.00285796,0.0003714,316.5985,321.5732,6697.2227,"spacetrack"
60491,"2026-09-13 18:12:24.258+00",0.0013076,15.849132,0.00314195,0.0004962,313.24747,319.8913,6694.7065,"spacetrack"
60508,"2026-09-07 19:09:45.912+00",0.00095923,15.993298,0.00467983,0.0006414,272.00897,280.54526,6654.414,"spacetrack"
60508,"2026-09-08 19:10:52.022+00",0.0010923,16.004225,0.00566705,0.000662,268.84467,277.6511,6651.385,"spacetrack"
60508,"2026-09-09 19:10:59.901+00",0.00089782,16.014421,0.00494073,0.0006745,265.9397,274.90863,6648.561,"spacetrack"
60508,"2026-09-10 17:40:17.098+00",0.00088513,16.024286,0.00515815,0.0006891,263.11572,272.27502,6645.8325,"spacetrack"
60508,"2026-09-11 19:08:26.963+00",0.00094383,16.036215,0.00589934,0.0007211,259.6094,269.18927,6642.536,"spacetrack"
60508,"2026-09-12 13:06:27.147+00",0.00085572,16.0449,0.00563574,0.0007442,257.06003,266.9432,6640.1387,"spacetrack"
60508,"2026-09-13 19:01:46.432+00",0.00094974,16.060957,0.00688647,0.0007313,252.72276,262.42816,6635.7124,"spacetrack"
60520,"2026-09-07 18:26:02.326+00",0.00088199,15.833294,0.00193931,0.00039,318.4203,323.64563,6699.17,"spacetrack"
60520,"2026-09-08 20:12:59.483+00",0.00093526,15.837526,0.0021017,0.0004069,317.11383,322.56464,6697.976,"spacetrack"
60520,"2026-09-11 19:27:55.621+00",0.0007503,15.84757,0.0017609,0.0004023,314.31543,319.70233,6695.146,"spacetrack"
60520,"2026-09-12 12:08:02.68+00",0.00079889,15.850055,0.00190038,0.0004213,313.48907,319.12982,6694.4463,"spacetrack"
60520,"2026-09-13 16:55:09.064+00",0.00080459,15.854499,0.00195635,0.0004467,312.0685,318.04822,6693.1953,"spacetrack"
61642,"2026-09-07 03:26:56.151+00",0.00063748,15.754115,0.00102451,0.0026161,325.87607,361.0448,6721.5977,"spacetrack"
61642,"2026-09-08 19:00:13.918+00",0.00082916,15.758361,0.0013652,0.0026393,324.5159,359.99014,6720.39,"spacetrack"
61642,"2026-09-09 22:00:03+00",0.00051316,15.761166,0.00084885,0.0026498,323.6503,359.26144,6719.593,"spacetrack"
61642,"2026-09-10 22:00:04+00",0.00054626,15.763412,0.00091404,0.002668,322.89108,358.74344,6718.954,"spacetrack"
61642,"2026-09-11 22:00:02+00",0.00021091,15.765845,0.00035149,0.0026894,322.05783,358.19403,6718.2627,"spacetrack"
61642,"2026-09-12 17:17:10.9+00",0.00068846,15.767383,0.00117823,0.002703,321.53107,357.84763,6717.826,"spacetrack"
61642,"2026-09-13 00:53:15.011+00",0.00069107,15.768034,0.00118663,0.0027183,321.2438,357.76495,6717.6416,"spacetrack"
61745,"2026-09-12 22:56:58.958+00",0.00066002,15.728884,0.00090033,0.0001038,349.94824,351.34515,6728.7837,"spacetrack"
61745,"2026-09-13 21:51:05.971+00",0.00070149,15.730571,0.00096458,8.79e-05,349.57422,350.75705,6728.3027,"spacetrack"
61785,"2026-09-09 22:17:54.087+00",0.00073982,15.7238,0.00098914,0.0003358,349.8371,354.35712,6730.234,"spacetrack"
61785,"2026-09-10 22:44:05.655+00",0.00065857,15.72556,0.00088582,0.0003101,349.50784,353.68164,6729.732,"spacetrack"
61785,"2026-09-11 21:38:29.89+00",0.00068357,15.727261,0.00092655,0.000296,349.11792,353.10165,6729.2466,"spacetrack"
61785,"2026-09-12 23:35:58.717+00",0.00067251,15.729179,0.00091887,0.0002807,348.67377,352.45126,6728.6997,"spacetrack"
61785,"2026-09-13 22:30:04.027+00",0.00073707,15.730925,0.00101582,0.0002607,348.3108,351.81888,6728.2017,"spacetrack"
62204,"2026-09-07 03:15:23.904+00",0.0012504,15.768731,0.00218328,0.0027567,320.7883,357.82425,6717.4434,"spacetrack"
62204,"2026-09-08 02:03:29.365+00",0.0014225,15.771358,0.00253033,0.0029005,319.0788,358.04236,6716.6978,"spacetrack"
62204,"2026-09-09 22:00:03+00",0.00046742,15.775333,0.00082456,0.002725,319.13202,355.73187,6715.569,"spacetrack"
62204,"2026-09-10 22:00:04+00",0.00084266,15.777555,0.00151726,0.0027206,318.5326,355.06992,6714.9385,"spacetrack"
62204,"2026-09-11 22:00:02+00",0.00041371,15.780307,0.00074537,0.0027322,317.6765,354.36536,6714.1577,"spacetrack"
62204,"2026-09-12 22:00:02+00",0.00033079,15.782913,0.00060113,0.0027373,316.90497,353.65823,6713.4185,"spacetrack"
62204,"2026-09-13 22:00:02+00",0.00072175,15.785207,0.00134314,0.002752,316.1577,353.10477,6712.768,"spacetrack"
62459,"2026-09-07 16:00:15.056+00",0.00067122,15.888348,0.00190984,0.0008752,299.69907,311.3982,6683.6855,"spacetrack"
62459,"2026-09-08 16:09:26.758+00",0.00079083,15.893441,0.00231582,0.0008931,298.15268,310.08853,6682.258,"spacetrack"
62459,"2026-09-09 20:49:47.71+00",0.00068631,15.898694,0.00206046,0.0009027,296.61795,308.67944,6680.7856,"spacetrack"
62459,"2026-09-10 22:28:35.827+00",0.00063258,15.903058,0.00193994,0.0009061,295.37396,307.47867,6679.5635,"spacetrack"
62459,"2026-09-11 13:33:34.895+00",0.00061806,15.9055605,0.00191966,0.0009198,294.58252,306.86896,6678.863,"spacetrack"
62459,"2026-09-12 22:44:02.932+00",0.00061941,15.911039,0.00197979,0.0009221,293.03537,305.3497,6677.3296,"spacetrack"
62459,"2026-09-13 21:20:47.133+00",0.00063534,15.9149275,0.00207345,0.0009249,291.92996,304.2797,6676.2417,"spacetrack"
62460,"2026-09-07 16:05:41.368+00",0.00068229,15.886897,0.00199733,0.0008746,300.1097,311.80154,6684.093,"spacetrack"
62460,"2026-09-08 16:15:01.32+00",0.00079142,15.891924,0.00229977,0.0008989,298.53888,310.553,6682.683,"spacetrack"
62460,"2026-09-09 20:55:32.342+00",0.00070988,15.897154,0.00211555,0.0009042,297.03906,309.12137,6681.2173,"spacetrack"
62460,"2026-09-10 22:34:29.749+00",0.00062536,15.9014225,0.00190128,0.0009097,295.80756,307.96118,6680.0215,"spacetrack"
62460,"2026-09-11 13:39:34.431+00",0.00061025,15.903896,0.00187873,0.000925,295.01346,307.3702,6679.3286,"spacetrack"
62460,"2026-09-12 22:50:14.969+00",0.00062576,15.909356,0.00198289,0.0009216,293.5091,305.81763,6677.8003,"spacetrack"
62460,"2026-09-13 21:27:07.932+00",0.00063025,15.913185,0.00203788,0.0009261,292.4088,304.77545,6676.729,"spacetrack"
62607,"2026-09-07 19:48:07.594+00",0.0011075,15.699092,0.00141451,0.0027056,340.9283,377.38516,6737.294,"spacetrack"
62607,"2026-09-08 11:04:14.218+00",0.0018745,15.7008095,0.00243771,0.0025654,341.3828,375.948,6736.8022,"spacetrack"
62607,"2026-09-09 22:00:03+00",0.000168,15.702729,0.00021069,0.0026489,340.27277,375.96008,6736.2534,"spacetrack"
62607,"2026-09-10 08:52:11.347+00",0.001051,15.70352,0.00136597,0.0026735,339.8814,375.89893,6736.0273,"spacetrack"
62607,"2026-09-11 07:45:57.792+00",0.0011744,15.704862,0.00153807,0.0026528,339.6383,375.37494,6735.6436,"spacetrack"
62607,"2026-09-12 02:04:53.278+00",0.00093658,15.706179,0.00122679,0.0025809,339.74704,374.51312,6735.267,"spacetrack"
62607,"2026-09-13 00:58:20.564+00",0.00097048,15.708754,0.00129158,0.0028372,337.2868,375.50122,6734.5312,"spacetrack"
62618,"2026-09-07 18:35:25.62+00",0.0015628,15.894526,0.00451938,0.0006634,299.38403,308.24963,6681.9536,"spacetrack"
62618,"2026-09-08 18:45:31.012+00",0.0016799,15.904495,0.00510769,0.0006832,296.4608,305.5872,6679.161,"spacetrack"
62618,"2026-09-09 18:54:41.513+00",0.0014084,15.914177,0.00449961,0.0007042,293.6134,303.0165,6676.452,"spacetrack"
62618,"2026-09-10 17:32:28.416+00",0.001437,15.923826,0.00482435,0.0007081,290.89178,300.34317,6673.7544,"spacetrack"
62618,"2026-09-11 19:10:17.79+00",0.0014364,15.934861,0.00510959,0.0007818,287.3209,297.75116,6670.673,"spacetrack"
62618,"2026-09-12 17:46:19.454+00",0.001535,15.9449415,0.00575809,0.0008175,284.2732,295.17514,6667.8613,"spacetrack"
62618,"2026-09-13 23:52:58.935+00",0.0014675,15.95922,0.00594175,0.0008407,280.1442,291.34885,6663.8833,"spacetrack"
62628,"2026-09-07 14:43:32.426+00",0.00036357,14.539555,0.00017354,0.057557,304.62805,1120.8894,7090.8955,"spacetrack"
62628,"2026-09-08 15:30:07.28+00",0.00047002,14.539998,0.00022504,0.0575477,304.5583,1120.6711,7090.752,"spacetrack"
62628,"2026-09-09 22:53:03.789+00",0.00044712,14.540513,0.00021436,0.0575391,304.46146,1120.4331,7090.5845,"spacetrack"
62628,"2026-09-10 15:24:03.601+00",0.00035866,14.540764,0.0001719,0.0575396,304.3811,1120.3505,7090.503,"spacetrack"
62628,"2026-09-11 16:10:31.495+00",0.00039258,14.541146,0.00018852,0.0575327,304.31284,1120.17,7090.3784,"spacetrack"
62628,"2026-09-12 15:17:51.63+00",0.00039655,14.541488,0.00019059,0.0575235,304.2734,1119.9874,7090.2676,"spacetrack"
62628,"2026-09-13 22:40:37.27+00",0.00038025,14.541959,0.00018304,0.0575191,304.16025,1119.7942,7090.1143,"spacetrack"
62636,"2026-09-07 19:08:30.599+00",0.0013318,15.729651,0.00184458,6.72e-05,349.9756,350.8799,6728.565,"spacetrack"
62636,"2026-09-08 19:34:03.381+00",0.0014138,15.733578,0.00199462,8.13e-05,348.76157,349.85547,6727.4453,"spacetrack"
62636,"2026-09-09 18:27:41.651+00",0.0011225,15.736706,0.00159707,0.0001036,347.7201,349.11383,6726.554,"spacetrack"
62636,"2026-09-10 17:21:03.95+00",0.001113,15.7397585,0.00160443,0.0001171,346.7596,348.33475,6725.684,"spacetrack"
62636,"2026-09-11 05:33:25.249+00",0.0011156,15.741457,0.00162026,0.0001281,346.20175,347.92474,6725.2,"spacetrack"
62636,"2026-09-12 16:38:31.142+00",0.0011692,15.746137,0.00173494,0.0001581,344.6678,346.79388,6723.8677,"spacetrack"
62636,"2026-09-13 04:50:34.674+00",0.0010065,15.747765,0.00149962,0.0001579,344.2057,346.32895,6723.4043,"spacetrack"
62638,"2026-09-07 20:06:09.166+00",0.0014991,16.287117,0.05968266,0.0014946,186.17868,205.83011,6574.1416,"spacetrack"
62756,"2026-09-07 15:31:36.268+00",0.0010389,15.777415,0.00183282,0.0001472,335.85278,337.82965,6714.978,"spacetrack"
62756,"2026-09-08 15:50:11.017+00",0.001439,15.77757,0.00256456,0.0001851,335.55444,338.04028,6714.9346,"spacetrack"
62756,"2026-09-09 20:42:16.6+00",0.0017607,15.777671,0.00316291,9.12e-05,336.15628,337.38107,6714.906,"spacetrack"
62756,"2026-09-10 19:29:41.459+00",0.0012047,15.777575,0.00213538,0.0002278,335.26624,338.32556,6714.933,"spacetrack"
62756,"2026-09-11 12:12:27.967+00",0.00061447,15.777118,0.00107084,0.0001508,335.9129,337.93817,6715.0625,"spacetrack"
62756,"2026-09-12 20:06:51.57+00",0.0013879,15.777641,0.00247126,0.0001616,335.69202,337.86227,6714.914,"spacetrack"
62756,"2026-09-13 12:49:38.257+00",0.00081736,15.77715,0.00143239,0.0001559,335.86957,337.96332,6715.053,"spacetrack"
62757,"2026-09-07 12:35:11.73+00",0.0015278,15.775838,0.00270668,9.75e-05,336.63388,337.9434,6715.426,"spacetrack"
62757,"2026-09-08 06:49:10.936+00",0.0017272,15.777494,0.00309777,8.24e-05,336.26538,337.372,6714.9556,"spacetrack"
62757,"2026-09-09 11:41:04.641+00",0.00095563,15.779611,0.00169952,0.0001246,335.38165,337.05487,6714.3555,"spacetrack"
62757,"2026-09-11 19:53:05.875+00",0.0017533,15.783971,0.00324288,0.000207,333.59213,336.37137,6713.1187,"spacetrack"
62757,"2026-09-12 20:11:01.946+00",0.0013838,15.785766,0.00255836,0.0001343,333.57132,335.37433,6712.61,"spacetrack"
62757,"2026-09-13 03:46:36.078+00",0.00095902,15.7854595,0.00175224,6.11e-05,334.14938,334.9697,6712.697,"spacetrack"
63117,"2026-09-07 17:47:29.764+00",0.00094058,16.0022,0.00524052,0.0024822,257.2978,290.3207,6651.9463,"spacetrack"
63117,"2026-09-08 17:44:55.761+00",0.0010875,16.015066,0.00652077,0.0024,254.28992,286.20215,6648.383,"spacetrack"
63117,"2026-09-09 23:40:06.759+00",0.0010265,16.030642,0.0067417,0.0023142,250.56279,281.31424,6644.0757,"spacetrack"
63117,"2026-09-10 17:36:23.651+00",0.00091353,16.039955,0.00634782,0.002289,248.1642,278.569,6641.5034,"spacetrack"
63117,"2026-09-11 13:01:38.347+00",0.00090815,16.050539,0.00672477,0.0022287,245.65102,275.24182,6638.5835,"spacetrack"
63117,"2026-09-12 14:24:13.236+00",0.00093659,16.065487,0.00759819,0.0021533,242.04216,270.61414,6634.4653,"spacetrack"
63117,"2026-09-13 12:46:25.759+00",0.00092182,16.080175,0.00819628,0.0020834,238.47365,266.1013,6630.4243,"spacetrack"
64093,"2026-09-07 21:51:28.734+00",0.00046526,15.621161,0.00044588,0.0059465,341.34906,421.74197,6759.6826,"spacetrack"
64093,"2026-09-08 19:22:51.41+00",0.0005208,15.622029,0.00050105,0.0059306,341.20752,421.38248,6759.432,"spacetrack"
64093,"2026-09-09 21:30:52.042+00",0.00041065,15.622909,0.00039556,0.005912,341.08112,421.00162,6759.178,"spacetrack"
64093,"2026-09-10 22:06:33.9+00",0.00038745,15.623665,0.00037402,0.0058969,340.96646,420.68027,6758.9604,"spacetrack"
64093,"2026-09-11 21:09:57.863+00",0.00039666,15.624404,0.00038396,0.0058828,340.84976,420.37048,6758.747,"spacetrack"
64093,"2026-09-12 21:45:31.212+00",0.00035668,15.625126,0.00034584,0.0058669,340.75027,420.05362,6758.539,"spacetrack"
64093,"2026-09-13 22:21:00.327+00",0.00040916,15.62591,0.00039818,0.0058503,340.6377,419.71402,6758.313,"spacetrack"
64230,"2026-09-07 19:53:09.137+00",0.0010952,15.818321,0.00229988,0.0005957,321.26648,329.2529,6703.3965,"spacetrack"
64230,"2026-09-08 20:09:07.119+00",0.0011519,15.823102,0.00247864,0.0005704,320.08646,327.73215,6702.0464,"spacetrack"
64230,"2026-09-09 21:55:37.396+00",0.0010052,15.827663,0.00220151,0.0005117,319.1927,326.05023,6700.7583,"spacetrack"
64230,"2026-09-10 23:41:41.608+00",0.00092477,15.832052,0.0020636,0.0004737,318.2096,324.55673,6699.52,"spacetrack"
64230,"2026-09-11 23:56:25.71+00",0.00096683,15.836219,0.00220384,0.0004149,317.4289,322.98718,6698.345,"spacetrack"
64230,"2026-09-12 21:09:00.236+00",0.0009466,15.8399515,0.00219573,0.000373,316.65747,321.65366,6697.2925,"spacetrack"
64230,"2026-09-13 22:53:51.581+00",0.00096361,15.844695,0.00228868,0.0003442,315.51404,320.12354,6695.9556,"spacetrack"
64238,"2026-09-11 04:20:02.507+00",0.0011272,15.71106,0.00148943,0.0011258,348.15393,363.31592,6733.872,"spacetrack"
64243,"2026-09-07 22:00:03+00",0.00074115,15.951104,0.00301655,0.0014111,278.60025,297.41342,6666.144,"spacetrack"
64243,"2026-09-08 22:00:01+00",0.00078937,15.958655,0.00335125,0.0014252,276.40604,295.4012,6664.0405,"spacetrack"
64243,"2026-09-09 22:00:03+00",0.0006739,15.964854,0.00295898,0.0014527,274.50034,293.85703,6662.316,"spacetrack"
64243,"2026-09-10 22:00:04+00",0.00068661,15.971593,0.00313311,0.0014938,272.35522,292.25394,6660.4414,"spacetrack"
64243,"2026-09-11 22:00:02+00",0.00072573,15.97838,0.00344476,0.0015382,270.17603,290.6604,6658.555,"spacetrack"
64243,"2026-09-12 22:00:02+00",0.00066929,15.985475,0.00330741,0.0015625,268.04703,288.84885,6656.585,"spacetrack"
64243,"2026-09-13 22:00:02+00",0.00069815,15.992858,0.00360254,0.0015958,265.77972,287.01834,6654.536,"spacetrack"
65015,"2026-09-07 21:56:39.17+00",0.00091207,15.752842,0.00141816,0.0001077,343.09854,344.54648,6721.9595,"spacetrack"
65015,"2026-09-08 22:18:27.221+00",0.00049879,15.752266,0.00076471,0.0001235,343.15616,344.81653,6722.1235,"spacetrack"
65015,"2026-09-09 22:40:15.415+00",0.0010095,15.752849,0.00157327,0.0001062,343.10693,344.53467,6721.958,"spacetrack"
65015,"2026-09-10 23:02:03.219+00",0.0010536,15.752451,0.00164076,8.47e-05,343.36438,344.5031,6722.071,"spacetrack"
65015,"2026-09-11 21:52:28.858+00",0.00053503,15.752597,0.00082249,8.08e-05,343.3493,344.43558,6722.0293,"spacetrack"
65015,"2026-09-12 22:14:16.589+00",0.00076491,15.752734,0.00118444,6.76e-05,343.39874,344.30756,6721.99,"spacetrack"
65015,"2026-09-13 22:36:04.446+00",0.0007064,15.752527,0.00109114,8.6e-05,343.33405,344.49023,6722.0493,"spacetrack"
65267,"2026-09-07 08:24:17.517+00",0.00015439,15.965927,0.00064297,0.0005737,280.05804,287.70203,6662.017,"spacetrack"
65267,"2026-09-09 22:05:23.308+00",0.00018612,15.9646435,0.00077109,0.0006132,280.15176,288.3225,6662.374,"spacetrack"
65267,"2026-09-10 23:39:54.21+00",0.000161,15.964074,0.00066406,0.0005934,280.44202,288.34912,6662.5327,"spacetrack"
65267,"2026-09-11 22:13:53.97+00",0.00022669,15.964051,0.00093749,0.0006262,280.2299,288.57404,6662.539,"spacetrack"
65267,"2026-09-12 22:18:10.762+00",0.00015928,15.96402,0.00065699,0.0006562,280.03873,288.78265,6662.548,"spacetrack"
65267,"2026-09-13 17:51:37.38+00",0.00016781,15.964461,0.0006941,0.0006457,279.9859,288.58975,6662.425,"spacetrack"
65268,"2026-09-07 17:48:36.168+00",0.0001577,15.963914,0.00064951,0.0005291,280.91495,287.96527,6662.577,"spacetrack"
65268,"2026-09-08 23:53:54.588+00",0.00020368,15.964685,0.00084424,0.000547,280.58127,287.8699,6662.363,"spacetrack"
65268,"2026-09-09 22:27:54.832+00",0.00016678,15.96392,0.00068774,0.0006382,280.1866,288.69073,6662.5757,"spacetrack"
65268,"2026-09-10 21:01:55.155+00",0.0001355,15.963813,0.00055735,0.0006346,280.24036,288.69653,6662.6055,"spacetrack"
65268,"2026-09-11 21:06:12.447+00",0.00016106,15.963814,0.00066354,0.000625,280.30386,288.6321,6662.605,"spacetrack"
65268,"2026-09-12 12:08:51.178+00",0.00016376,15.964626,0.00067782,0.0006369,279.99866,288.4852,6662.379,"spacetrack"
65268,"2026-09-13 19:44:28.373+00",0.0001699,15.964415,0.00070287,0.0006884,279.7145,288.88736,6662.438,"spacetrack"
65269,"2026-09-07 21:11:42.176+00",0.00017131,15.963835,0.000706,0.0005761,280.62387,288.3005,6662.599,"spacetrack"
65269,"2026-09-08 21:15:58.252+00",0.00020217,15.964251,0.00083602,0.0005591,280.6216,288.0716,6662.4834,"spacetrack"
65269,"2026-09-09 22:50:30.018+00",0.00017802,15.9643955,0.00073613,0.0005832,280.4207,288.19177,6662.4434,"spacetrack"
65269,"2026-09-10 21:24:30.017+00",0.00016278,15.964365,0.00067245,0.0005683,280.52853,288.10107,6662.4517,"spacetrack"
65269,"2026-09-11 21:28:47.539+00",0.00016805,15.963699,0.00069204,0.0006016,280.4916,288.5081,6662.6367,"spacetrack"
65269,"2026-09-12 14:01:42.348+00",0.00017055,15.964626,0.00070599,0.0006054,280.20856,288.2754,6662.379,"spacetrack"
65269,"2026-09-13 21:37:11.166+00",0.0001797,15.965837,0.00074932,0.0006461,279.6009,288.2096,6662.042,"spacetrack"
65270,"2026-09-07 17:03:28.13+00",7.6265e-05,15.963979,0.00031146,0.0006476,280.10754,288.7369,6662.559,"spacetrack"
65270,"2026-09-08 21:38:33.432+00",0.00021344,15.9642105,0.0008833,0.0006572,279.979,288.7362,6662.4946,"spacetrack"
65270,"2026-09-09 21:42:48.855+00",0.00016481,15.963604,0.00067867,0.0006976,279.8785,289.17426,6662.6636,"spacetrack"
65270,"2026-09-10 20:16:48.74+00",0.00012749,15.963637,0.00052395,0.000742,279.57346,289.46085,6662.6543,"spacetrack"
65270,"2026-09-11 20:21:04.296+00",0.00010069,15.963685,0.00041256,0.0007037,279.81534,289.19232,6662.6406,"spacetrack"
65270,"2026-09-12 20:25:21.881+00",0.00016273,15.963797,0.00067048,0.0006401,280.20822,288.7377,6662.61,"spacetrack"
65270,"2026-09-13 21:59:53.652+00",3.5136e-05,15.963138,0.00013965,0.0006186,280.5346,288.7778,6662.793,"spacetrack"
66052,"2026-09-07 22:03:54.187+00",0.00061419,15.9143915,0.00200069,0.0005325,294.69974,301.8101,6676.392,"spacetrack"
66052,"2026-09-08 07:06:24.27+00",0.00065598,15.916135,0.00215877,0.000526,294.25586,301.27893,6675.9043,"spacetrack"
66052,"2026-09-10 02:47:43.507+00",0.00059606,15.923645,0.00203768,0.000513,292.2443,299.0916,6673.805,"spacetrack"
66052,"2026-09-11 23:58:10.217+00",0.0005626,15.9312,0.00200026,0.000493,290.2687,296.84702,6671.695,"spacetrack"
66052,"2026-09-12 04:29:08.594+00",0.00054955,15.9319515,0.00196094,0.0004944,290.04974,296.6465,6671.4854,"spacetrack"
66052,"2026-09-13 12:05:34.619+00",0.00058782,15.937602,0.00216465,0.0004925,288.48633,295.05618,6669.908,"spacetrack"
66515,"2026-09-07 18:09:42.624+00",0.00028812,15.843559,0.0006828,0.0011835,310.2139,326.06396,6696.276,"spacetrack"
66515,"2026-09-08 18:21:55.991+00",0.00029985,15.844983,0.00071605,0.0011954,309.73352,325.74203,6695.875,"spacetrack"
66515,"2026-09-09 09:29:30.201+00",0.0002552,15.845836,0.00061047,0.0011948,309.49768,325.49756,6695.635,"spacetrack"
66515,"2026-09-11 08:22:41.258+00",0.00024672,15.848236,0.0005969,0.001206,308.74747,324.8957,6694.9585,"spacetrack"
66515,"2026-09-12 23:41:48.652+00",0.00027003,15.850181,0.00066046,0.0012077,308.1889,324.35858,6694.4106,"spacetrack"
66515,"2026-09-13 23:53:25.878+00",0.00028054,15.851433,0.00069076,0.0012029,307.869,323.97354,6694.058,"spacetrack"
67481,"2026-09-07 18:41:01.463+00",0.0002153,15.731955,0.0003049,0.0015319,339.46463,360.07758,6727.908,"spacetrack"
67481,"2026-09-08 23:37:49.311+00",0.0002423,15.732781,0.0003451,0.0015421,339.16058,359.91006,6727.6724,"spacetrack"
67481,"2026-09-09 22:28:55.124+00",0.00021106,15.733332,0.00030064,0.0015489,338.95834,359.79883,6727.5156,"spacetrack"
67481,"2026-09-11 01:54:10.379+00",0.00019212,15.733961,0.00027398,0.0015587,338.71326,359.68506,6727.336,"spacetrack"
67481,"2026-09-12 17:30:32.288+00",0.00020601,15.734867,0.00029533,0.0015607,338.44186,359.43976,6727.0776,"spacetrack"
67481,"2026-09-13 23:58:25.199+00",0.00020981,15.735563,0.00030178,0.0015564,338.27277,359.2122,6726.8794,"spacetrack"
67559,"2026-09-07 23:34:54.239+00",0.00061318,14.965307,0.00047157,0.0417675,287.10074,868.1503,6955.7627,"spacetrack"
67559,"2026-09-08 12:25:13.464+00",0.00066987,14.965859,0.00051572,0.0417541,287.02997,867.8789,6955.5913,"spacetrack"
67559,"2026-09-09 22:07:12.101+00",0.00054716,14.96705,0.00042293,0.041726,286.87207,867.2993,6955.2227,"spacetrack"
67559,"2026-09-10 23:47:39.64+00",0.00046734,14.96783,0.00036228,0.0417073,286.77057,866.91754,6954.981,"spacetrack"
67559,"2026-09-11 17:26:40.957+00",0.00049483,14.96837,0.00038396,0.0416928,286.71094,866.6422,6954.8135,"spacetrack"
67559,"2026-09-12 23:55:48.864+00",0.00051899,14.969357,0.00040352,0.0416655,286.60815,866.1343,6954.5083,"spacetrack"
67559,"2026-09-13 22:23:31.083+00",0.00055976,14.970162,0.00043594,0.0416452,286.50998,865.733,6954.2583,"spacetrack"
67674,"2026-09-07 22:01:11.147+00",0.00022814,15.828527,0.00048168,0.0004939,319.06836,325.68713,6700.5146,"spacetrack"
67674,"2026-09-08 22:17:47.695+00",0.00027368,15.82897,0.00057993,0.0004988,318.9107,325.595,6700.3896,"spacetrack"
67674,"2026-09-09 21:03:21.97+00",0.00024228,15.828765,0.00051234,0.0004949,318.99478,325.6269,6700.4478,"spacetrack"
67674,"2026-09-10 21:19:59.798+00",0.00019615,15.828525,0.0004136,0.0004827,319.14423,325.6129,6700.5156,"spacetrack"
67674,"2026-09-11 23:07:41.51+00",0.00019983,15.82824,0.00042084,0.0004674,319.32697,325.59067,6700.5957,"spacetrack"
67674,"2026-09-12 21:53:18.472+00",0.00019994,15.828301,0.00042122,0.0004742,319.2641,325.61893,6700.5786,"spacetrack"
67674,"2026-09-13 22:09:56.903+00",0.0002171,15.828495,0.0004581,0.0004857,319.1324,325.64127,6700.524,"spacetrack"
67685,"2026-09-07 12:46:58.461+00",0.00059226,15.714719,0.0007762,0.0008414,349.02463,360.35464,6732.8267,"spacetrack"
67685,"2026-09-09 10:33:49.734+00",0.00058794,15.718191,0.00078201,0.0008459,348.0036,359.39252,6731.835,"spacetrack"
67685,"2026-09-10 04:52:24.657+00",0.0006272,15.719358,0.00083939,0.0008496,347.64563,359.0838,6731.502,"spacetrack"
67685,"2026-09-11 22:03:54.814+00",0.00061552,15.7220545,0.00083313,0.0008582,346.81894,358.37155,6730.7324,"spacetrack"
67685,"2026-09-12 01:06:58.237+00",0.00055248,15.722237,0.00074699,0.000861,346.74808,358.33832,6730.68,"spacetrack"
67685,"2026-09-13 21:21:02.325+00",0.00063503,15.725238,0.00087195,0.000866,345.8588,357.51486,6729.8237,"spacetrack"
67686,"2026-09-07 22:34:06.582+00",0.00094836,15.813365,0.00195605,0.0007894,321.36734,331.95288,6704.797,"spacetrack"
67686,"2026-09-10 14:14:52.383+00",0.00083074,15.82332,0.00179058,0.000784,318.5932,329.1019,6701.9844,"spacetrack"
67686,"2026-09-12 05:38:57.873+00",0.00079049,15.829062,0.00174933,0.0007871,316.95282,327.50055,6700.364,"spacetrack"
67686,"2026-09-13 05:53:21.22+00",0.00078248,15.832764,0.00176238,0.0007875,315.90665,326.45807,6699.3193,"spacetrack"
67687,"2026-09-08 08:16:52.876+00",0.0011621,15.721746,0.00159019,0.0007949,347.3328,358.03345,6730.8203,"spacetrack"
67687,"2026-09-09 05:38:12.147+00",0.00098015,15.724442,0.00135183,0.0007916,346.5864,357.2414,6730.051,"spacetrack"
67687,"2026-09-10 04:30:49.279+00",0.00097407,15.7270155,0.00135834,0.00079,345.8636,356.4959,6729.317,"spacetrack"
67687,"2026-09-11 21:41:00.377+00",0.0010037,15.731463,0.00142785,0.0007797,344.6653,355.157,6728.0483,"spacetrack"
67687,"2026-09-12 14:27:10.477+00",0.00095884,15.7331705,0.00137314,0.0008121,343.96106,354.88794,6727.5615,"spacetrack"
67687,"2026-09-13 05:41:46.207+00",0.00087525,15.734847,0.00126031,0.0008176,343.4465,354.44662,6727.0835,"spacetrack"
67688,"2026-09-07 00:04:19.833+00",0.00063018,15.759968,0.00100739,0.000774,336.59503,346.9975,6719.933,"spacetrack"
67688,"2026-09-08 08:01:37.811+00",0.0008559,15.763277,0.00139709,0.0007691,335.68808,346.02322,6718.9927,"spacetrack"
67688,"2026-09-11 07:31:12.857+00",0.0006966,15.77061,0.00117037,0.0007749,333.56793,343.97778,6716.9097,"spacetrack"
67688,"2026-09-12 06:19:49.394+00",0.00067308,15.772879,0.00114179,0.0007794,332.89404,343.36337,6716.2656,"spacetrack"
67688,"2026-09-13 05:08:14.09+00",0.00069207,15.775188,0.00118705,0.0007846,332.20413,342.74225,6715.6104,"spacetrack"
67690,"2026-09-07 04:11:39.195+00",0.00025799,15.407178,0.0001614,0.0155509,337.89938,550.0798,6822.1265,"spacetrack"
67690,"2026-09-08 05:05:56.208+00",0.00033767,15.4075985,0.00021331,0.0155343,337.8905,549.8406,6822.0024,"spacetrack"
67690,"2026-09-09 04:26:47.292+00",0.00033298,15.408025,0.00021046,0.015521,337.85718,549.6218,6821.8765,"spacetrack"
67690,"2026-09-10 00:40:49.763+00",0.00032398,15.408384,0.00020476,0.0155094,337.83197,549.4351,6821.7705,"spacetrack"
67690,"2026-09-11 18:42:13.123+00",0.00029885,15.40906,0.00018867,0.015489,337.7748,549.09344,6821.5713,"spacetrack"
67690,"2026-09-12 10:16:02.443+00",0.00026658,15.409276,0.00016765,0.0154753,337.8054,548.9351,6821.5073,"spacetrack"
67690,"2026-09-13 17:23:38.554+00",0.00030283,15.40977,0.00019145,0.0154567,337.7889,548.6604,6821.362,"spacetrack"
68128,"2026-09-09 23:33:09.305+00",0.00048499,15.720228,0.00064588,0.0005125,349.66656,356.5661,6731.2534,"spacetrack"
68128,"2026-09-11 15:13:48.259+00",0.0004454,15.722161,0.00059724,0.0005512,348.8546,356.27454,6730.7017,"spacetrack"
68128,"2026-09-12 23:16:25.488+00",0.00043965,15.72372,0.00059336,0.0005605,348.34766,355.89227,6730.257,"spacetrack"
68128,"2026-09-13 16:03:26.166+00",0.00047589,15.724544,0.00064555,0.0005807,347.97665,355.7929,6730.022,"spacetrack"
68205,"2026-09-07 21:51:20.918+00",0.00058409,14.785199,0.00048273,0.0511211,275.5319,992.4682,7012.137,"spacetrack"
68205,"2026-09-08 17:20:50.804+00",0.00061672,14.786046,0.00051094,0.0510969,275.44742,992.01697,7011.869,"spacetrack"
68205,"2026-09-09 16:05:10.526+00",0.00050679,14.786937,0.00041961,0.0510674,275.38715,991.5142,7011.588,"spacetrack"
68205,"2026-09-10 16:26:51.979+00",0.00048524,14.78783,0.00040185,0.0510307,275.3764,990.96,7011.305,"spacetrack"
68205,"2026-09-11 16:48:28.362+00",0.00046668,14.788633,0.00038709,0.05101,275.28052,990.548,7011.0513,"spacetrack"
68205,"2026-09-12 22:02:17.511+00",0.00049817,14.789603,0.0004144,0.0509815,275.18942,990.026,7010.7446,"spacetrack"
68205,"2026-09-13 11:01:43.676+00",0.00049471,14.790045,0.00041206,0.0509722,275.12222,989.81415,7010.605,"spacetrack"
68293,"2026-09-07 01:18:26.438+00",0.0008309,15.621814,0.00098329,0.0102952,311.76694,450.94763,6759.494,"spacetrack"
68293,"2026-09-08 09:32:35.105+00",0.0010834,15.624963,0.00129892,0.0101941,311.55145,449.34686,6758.586,"spacetrack"
68293,"2026-09-09 16:14:14.747+00",0.00092939,15.627956,0.00112263,0.0101341,311.10236,448.06924,6757.7227,"spacetrack"
68293,"2026-09-11 23:28:23.335+00",0.00095889,15.633081,0.0011764,0.0099876,310.6303,445.58768,6756.246,"spacetrack"
68293,"2026-09-12 07:08:36.029+00",0.00093562,15.633793,0.00114977,0.0099673,310.56448,445.24347,6756.041,"spacetrack"
68293,"2026-09-13 21:29:20.126+00",0.0010028,15.637526,0.00124823,0.0098713,310.14862,443.5092,6754.966,"spacetrack"
68373,"2026-09-07 13:49:03.484+00",0.00020204,15.710143,0.00025446,0.0010897,348.6586,363.33496,6734.134,"spacetrack"
68373,"2026-09-08 15:48:17.404+00",0.00024411,15.710804,0.00030838,0.0011036,348.3765,363.23965,6733.9453,"spacetrack"
68373,"2026-09-09 11:40:36.03+00",0.00018526,15.711232,0.00023442,0.0011107,348.20654,363.16507,6733.8228,"spacetrack"
68373,"2026-09-10 15:11:26.494+00",0.00019111,15.71179,0.0002424,0.0011195,347.98807,363.06473,6733.6636,"spacetrack"
68373,"2026-09-11 18:42:13.522+00",0.00019454,15.712343,0.00024735,0.0011358,347.72046,363.0163,6733.5054,"spacetrack"
68373,"2026-09-12 14:34:25.45+00",0.00019253,15.712709,0.00024519,0.0011457,347.5492,362.97812,6733.401,"spacetrack"
68373,"2026-09-13 13:30:00.104+00",0.00020023,15.713164,0.00025549,0.0011511,347.3831,362.88443,6733.271,"spacetrack"
68826,"2026-09-07 16:58:06.115+00",0.00014344,15.858315,0.00034943,0.0011941,305.99313,321.97528,6692.121,"spacetrack"
68826,"2026-09-08 17:11:55.787+00",0.00017042,15.859149,0.00041739,0.0011953,305.75092,321.74854,6691.8867,"spacetrack"
68826,"2026-09-09 17:25:41.104+00",0.00014172,15.859876,0.00034784,0.0012001,305.51486,321.57623,6691.6826,"spacetrack"
68826,"2026-09-10 17:39:22.427+00",0.0001442,15.860603,0.00035521,0.001194,305.351,321.33026,6691.4775,"spacetrack"
68826,"2026-09-11 17:52:59.749+00",0.00015161,15.861346,0.00037491,0.001181,305.22955,321.03433,6691.269,"spacetrack"
68826,"2026-09-12 22:39:04.978+00",0.00015177,15.862235,0.00037685,0.0011574,305.13776,320.62613,6691.019,"spacetrack"
68826,"2026-09-13 12:16:40.122+00",0.00014751,15.862652,0.00036691,0.0011456,305.09952,320.42972,6690.902,"spacetrack"
68827,"2026-09-07 19:37:14.504+00",0.00016967,15.858925,0.00041079,0.0016125,303.0222,324.60373,6691.9497,"spacetrack"
68827,"2026-09-08 19:51:00.547+00",0.00017342,15.859822,0.00042174,0.0015962,302.8792,324.2418,6691.6973,"spacetrack"
68827,"2026-09-09 18:33:50.778+00",0.00014068,15.860524,0.0003422,0.0015923,302.7082,324.01794,6691.5,"spacetrack"
68827,"2026-09-10 20:18:19.612+00",0.0001367,15.861267,0.00033358,0.0015929,302.49557,323.81268,6691.291,"spacetrack"
68827,"2026-09-11 17:30:11.839+00",0.00014653,15.861899,0.00035907,0.0015893,302.34198,323.61035,6691.1133,"spacetrack"
68827,"2026-09-12 19:14:32.575+00",0.0001503,15.8626795,0.00036981,0.0015752,302.21744,323.29642,6690.894,"spacetrack"
68827,"2026-09-13 22:29:38.785+00",0.00016248,15.863565,0.00040188,0.0015554,302.10123,322.9145,6690.645,"spacetrack"
68828,"2026-09-09 18:09:42.762+00",4.1567e-05,15.86085,9.72e-05,0.0015836,302.6749,323.86792,6691.408,"spacetrack"
68828,"2026-09-10 22:55:50.533+00",3.1568e-05,15.861624,7.273e-05,0.0015984,302.3585,323.7489,6691.191,"spacetrack"
68828,"2026-09-11 17:05:58.75+00",2.8869e-05,15.862297,6.627e-05,0.0016014,302.14938,323.5793,6691.0015,"spacetrack"
68828,"2026-09-12 00:40:11.527+00",2.9185e-05,15.862519,6.702e-05,0.0014934,302.80972,322.7942,6690.939,"spacetrack"
68828,"2026-09-13 11:29:30.105+00",3.5589e-05,15.863549,8.351e-05,0.0015534,302.119,322.9055,6690.6494,"spacetrack"
68829,"2026-09-07 17:20:37.249+00",0.00015989,15.858544,0.00039188,0.0015679,303.42746,324.4124,6692.057,"spacetrack"
68829,"2026-09-08 17:34:25.666+00",0.00017864,15.8594,0.00044001,0.0015658,303.2012,324.1573,6691.8164,"spacetrack"
68829,"2026-09-09 22:20:43.319+00",0.00016141,15.860349,0.00039293,0.0015523,303.0251,323.79968,6691.5493,"spacetrack"
68829,"2026-09-10 22:34:21.91+00",0.0001507,15.861112,0.00036777,0.0015337,302.93527,323.46027,6691.335,"spacetrack"
68829,"2026-09-11 18:15:23.849+00",0.00015145,15.861749,0.00037068,0.001516,302.87485,323.16245,6691.156,"spacetrack"
68829,"2026-09-12 23:01:26.568+00",0.00013608,15.862575,0.00033376,0.0014974,302.7673,322.8053,6690.9233,"spacetrack"
68829,"2026-09-13 12:39:00.708+00",0.00014103,15.86297,0.00034677,0.0014955,302.66904,322.68127,6690.812,"spacetrack"
69095,"2026-09-07 21:13:24.203+00",0.00045906,15.488728,0.00279576,0.0326592,198.0001,642.045,6798.1597,"spacetrack"
69095,"2026-09-08 22:01:36.824+00",0.00047949,15.49526,0.00293935,0.0323984,197.92392,638.2991,6796.2485,"spacetrack"
69095,"2026-09-09 21:16:17.148+00",0.00042206,15.500582,0.00259791,0.0321782,197.91495,635.1969,6794.693,"spacetrack"
69095,"2026-09-10 22:03:26.174+00",0.00040947,15.505899,0.00253128,0.0319596,197.89648,632.1085,6793.1396,"spacetrack"
69095,"2026-09-11 21:17:11.13+00",0.0003588,15.510616,0.00222571,0.0317628,197.89995,629.3507,6791.762,"spacetrack"
69095,"2026-09-12 22:03:24.059+00",0.00035379,15.515417,0.00220262,0.031564,197.89323,626.5552,6790.3613,"spacetrack"
69095,"2026-09-13 21:16:19.087+00",0.00035583,15.51992,0.00222341,0.0313788,197.87848,623.9428,6789.048,"spacetrack"
69537,"2026-09-07 12:45:58.937+00",0.00040074,15.722427,0.0005738,0.004691,320.91544,384.06216,6730.626,"spacetrack"
69537,"2026-09-08 11:39:04.409+00",0.00049497,15.723734,0.00071478,0.0046561,320.7793,383.45276,6730.253,"spacetrack"
69537,"2026-09-09 15:06:37.838+00",0.00036694,15.72517,0.00053005,0.0046309,320.5408,382.87125,6729.8433,"spacetrack"
69537,"2026-09-10 10:56:26.657+00",0.00036386,15.72616,0.00052744,0.0046058,320.42868,382.4187,6729.5605,"spacetrack"
69537,"2026-09-11 09:49:13.113+00",0.00037358,15.727229,0.00054412,0.0045887,320.2401,381.9972,6729.256,"spacetrack"
69537,"2026-09-12 23:56:58.373+00",0.0004047,15.728963,0.00059429,0.004554,319.98135,381.2669,6728.761,"spacetrack"
69537,"2026-09-13 16:43:30.136+00",0.0004164,15.729771,0.00061377,0.0045411,319.83902,380.94888,6728.531,"spacetrack"
69684,"2026-09-07 13:14:31.75+00",0.0013323,15.752732,0.00204149,0.0001434,342.8898,344.81766,6721.9907,"spacetrack"
69684,"2026-09-08 13:38:12.108+00",0.0012386,15.752378,0.00189151,0.0001219,343.135,344.77386,6722.0913,"spacetrack"
69684,"2026-09-09 14:01:53.641+00",0.0011569,15.751732,0.00175936,0.0003241,341.95984,346.31723,6722.2754,"spacetrack"
69684,"2026-09-10 12:54:04.834+00",0.0010362,15.753336,0.001583,0.000127,342.82846,344.5358,6721.8193,"spacetrack"
69684,"2026-09-11 13:17:45.56+00",0.00084558,15.752068,0.00127992,0.0001174,343.25363,344.832,6722.1797,"spacetrack"
69684,"2026-09-12 13:41:25.867+00",0.00093823,15.752269,0.00142397,0.0001362,343.07016,344.90125,6722.1226,"spacetrack"
69684,"2026-09-13 20:11:01.482+00",0.00094176,15.752432,0.00143052,0.0002159,342.4879,345.3905,6722.076,"spacetrack"
69726,"2026-09-07 15:37:18.047+00",0.0012176,15.751885,0.00185464,0.0001323,343.20544,344.98413,6722.232,"spacetrack"
69726,"2026-09-08 17:32:27.66+00",0.0014882,15.751714,0.00227684,0.000218,342.67813,345.60904,6722.281,"spacetrack"
69726,"2026-09-09 20:59:06.017+00",0.0011024,15.752102,0.00167717,0.000136,343.11896,344.9474,6722.1704,"spacetrack"
69726,"2026-09-10 15:16:51.497+00",0.0013327,15.751638,0.00203227,0.0002404,342.54898,345.78107,6722.3022,"spacetrack"
69726,"2026-09-11 20:14:58.149+00",0.00084199,15.752284,0.00127562,0.0001205,343.17136,344.79138,6722.118,"spacetrack"
69726,"2026-09-12 16:04:12.541+00",0.0011571,15.751886,0.0017605,0.0002011,342.74246,345.44617,6722.2314,"spacetrack"
69726,"2026-09-13 16:27:52.862+00",0.001355,15.752115,0.00207143,0.0001506,343.017,345.04172,6722.1665,"spacetrack"
69727,"2026-09-07 16:22:01.034+00",0.0010925,15.752373,0.00166374,6.02e-05,343.5513,344.36066,6722.093,"spacetrack"
69727,"2026-09-08 15:14:14.142+00",0.0020998,15.750919,0.00324009,0.0005304,340.80396,347.93518,6722.5063,"spacetrack"
69727,"2026-09-09 15:37:54.033+00",0.00093165,15.751714,0.00141036,0.0001289,343.27692,345.00995,6722.2803,"spacetrack"
69727,"2026-09-10 16:01:34.287+00",0.0010122,15.751771,0.00153503,0.0001179,343.3346,344.9197,6722.264,"spacetrack"
69727,"2026-09-11 16:25:14.686+00",0.00062547,15.751844,0.00094174,0.0001028,343.41534,344.79742,6722.243,"spacetrack"
69727,"2026-09-12 16:00:03+00",-0.00064817,15.752359,-0.00095923,0.0001429,342.99924,344.9204,6722.0967,"spacetrack"
69727,"2026-09-13 14:09:38.696+00",0.0016339,15.75283,0.00251919,0.000167,342.7036,344.94876,6721.9634,"spacetrack"
69762,"2026-09-07 07:37:56.757+00",0.00092298,15.752172,0.00139984,0.0001604,342.93494,345.0914,6722.1504,"spacetrack"
69762,"2026-09-08 12:36:00.744+00",-4.6471e-06,15.751647,-8.22e-06,0.0001319,343.2758,345.04913,6722.2993,"spacetrack"
69762,"2026-09-09 12:59:44.565+00",0.00085802,15.751992,0.00129863,0.0001096,343.3276,344.80112,6722.201,"spacetrack"
69762,"2026-09-10 13:23:24.699+00",0.0013669,15.751608,0.00208557,0.0002386,342.5697,345.7776,6722.3105,"spacetrack"
69762,"2026-09-11 19:53:00.672+00",0.0013238,15.75234,0.00202463,0.0001556,342.91943,345.01135,6722.1025,"spacetrack"
69762,"2026-09-12 12:39:16.767+00",0.00053572,15.752019,0.00080576,0.0001517,343.03696,345.07648,6722.194,"spacetrack"
69762,"2026-09-13 13:02:57.866+00",0.0013478,15.752327,0.0020621,0.0001439,343.00168,344.93628,6722.106,"spacetrack"
69792,"2026-09-07 16:24:35.563+00",0.0019015,15.849564,0.00499909,0.0012534,308.05673,324.8387,6694.585,"spacetrack"
69792,"2026-09-08 04:29:28.278+00",0.0022694,15.85557,0.00622362,0.0012304,306.522,322.99185,6692.894,"spacetrack"
69792,"2026-09-09 18:13:05.565+00",0.0016907,15.871679,0.00494333,0.0011004,302.8675,317.58725,6688.3643,"spacetrack"
69792,"2026-09-11 06:24:38.485+00",0.00097077,15.878017,0.00286877,0.0011451,300.79047,316.10406,6686.5845,"spacetrack"
69792,"2026-09-12 03:30:50.92+00",0.0016315,15.886009,0.00513065,0.0010238,299.36102,313.04788,6684.3413,"spacetrack"
69792,"2026-09-13 02:06:45.3+00",0.0016159,15.895197,0.00533153,0.0009482,297.2928,309.96408,6681.7656,"spacetrack"
69793,"2026-09-07 17:29:36.677+00",0.00051812,15.708245,0.00069718,0.0018124,344.3333,368.74518,6734.6763,"spacetrack"
69793,"2026-09-08 08:44:02.828+00",0.00062114,15.709226,0.00083877,0.00183,343.9352,368.5831,6734.396,"spacetrack"
69793,"2026-09-09 04:32:43.392+00",0.00050734,15.710487,0.00068938,0.0018273,343.59335,368.20355,6734.0356,"spacetrack"
69793,"2026-09-11 03:46:54.458+00",0.00047617,15.713068,0.00065442,0.001824,342.87958,367.44263,6733.2983,"spacetrack"
69793,"2026-09-12 14:49:23.33+00",0.00049648,15.71492,0.00068761,0.0018374,342.2614,367.003,6732.769,"spacetrack"
69793,"2026-09-13 13:40:26.04+00",0.00048463,15.716122,0.00067469,0.0018291,341.97467,366.6032,6732.426,"spacetrack"
69975,"2026-09-07 21:27:22.846+00",0.0014107,15.752713,0.0021646,0.0001612,342.77567,344.94284,6721.996,"spacetrack"
69975,"2026-09-08 12:42:10.834+00",0.0013421,15.751817,0.00204856,0.0002238,342.6099,345.61877,6722.2515,"spacetrack"
69975,"2026-09-09 13:05:52.127+00",0.00029921,15.752147,0.00044781,0.0001294,343.15054,344.89026,6722.157,"spacetrack"
69975,"2026-09-10 22:38:50.699+00",-9.822e-05,15.740318,-0.00014047,0.00035,345.03363,349.7415,6725.5244,"spacetrack"
69976,"2026-09-07 19:53:22.006+00",0.0013702,15.752475,0.0020988,0.0002114,342.50592,345.34802,6722.064,"spacetrack"
69976,"2026-09-08 12:39:42.632+00",-0.00026549,15.745797,-0.00038565,0.0005594,342.06604,349.5888,6723.9644,"spacetrack"
69977,"2026-09-07 23:53:14.31+00",0.0010632,15.752331,0.001618,0.0001495,342.96304,344.97296,6722.105,"spacetrack"
69977,"2026-09-08 13:36:33.074+00",0.00067413,15.752175,0.00101748,0.0001195,343.20892,344.81552,6722.1494,"spacetrack"
69977,"2026-09-09 12:28:44.878+00",0.001025,15.751622,0.00155391,0.0002,342.82523,345.51416,6722.3066,"spacetrack"
69978,"2026-09-07 12:24:05.973+00",0.001414,15.75363,0.00217879,0.000229,342.05923,345.1378,6721.7354,"spacetrack"
69978,"2026-09-08 12:47:45.758+00",4.5761e-06,15.752188,5.54e-06,0.0001899,342.73206,345.28513,6722.1455,"spacetrack"
69978,"2026-09-09 07:05:32.525+00",0.0015676,15.753398,0.00242001,0.0001891,342.3933,344.9355,6721.8013,"spacetrack"
69979,"2026-09-07 12:38:50.23+00",0.0010008,15.752447,0.001522,0.0001209,343.12234,344.74774,6722.0723,"spacetrack"
69979,"2026-09-08 23:42:52.644+00",0.0014262,15.75236,0.00218565,0.0001602,342.88266,345.0364,6722.0967,"spacetrack"
69979,"2026-09-09 19:32:06.805+00",0.00092844,15.752293,0.00140906,0.0002133,342.54507,345.41272,6722.1157,"spacetrack"
69979,"2026-09-11 14:00:03+00",-0.018002,15.732205,-0.0215896,0.0001694,348.5598,350.8392,6727.8364,"spacetrack"
69980,"2026-09-07 21:09:34.141+00",0.0014332,15.753552,0.00220827,0.0001313,342.73782,344.50296,6721.7573,"spacetrack"
69980,"2026-09-08 12:24:23.686+00",0.0014771,15.754006,0.00228254,0.0001562,342.4414,344.54126,6721.6284,"spacetrack"
69980,"2026-09-09 12:48:05.16+00",0.0009993,15.751841,0.00151557,0.0001178,343.31564,344.8994,6722.2446,"spacetrack"
69980,"2026-09-10 23:52:06.719+00",0.0015734,15.752738,0.00242205,8.42e-05,343.28613,344.41812,6721.9893,"spacetrack"
69980,"2026-09-11 13:35:26.137+00",0.0013098,15.751844,0.00199845,0.0002494,342.42987,345.78293,6722.243,"spacetrack"
69980,"2026-09-12 12:27:37.013+00",0.0012035,15.753516,0.00184611,0.0002194,342.15613,345.10565,6721.768,"spacetrack"
69981,"2026-09-07 13:08:49.104+00",0.0011715,15.753511,0.00179573,9.85e-05,342.97,344.2942,6721.769,"spacetrack"
69981,"2026-09-08 15:03:57.943+00",0.00079706,15.752186,0.00120598,0.0001237,343.17773,344.8408,6722.1465,"spacetrack"
69981,"2026-09-09 12:24:41.739+00",0.0013703,15.752787,0.00210177,0.0001503,342.82794,344.84857,6721.975,"spacetrack"
69981,"2026-09-10 12:48:22.176+00",0.0010819,15.751834,0.00164333,0.0001179,343.31693,344.90204,6722.2466,"spacetrack"
69981,"2026-09-11 13:12:02.617+00",0.0010391,15.751986,0.00157847,0.0003644,341.6167,346.51584,6722.203,"spacetrack"
69981,"2026-09-12 19:42:10.226+00",-0.0089521,15.731814,-0.01097896,9.89e-05,349.14575,350.47653,6727.948,"spacetrack"
69982,"2026-09-07 23:43:04.361+00",0.0018473,15.753165,0.0028641,0.0001314,342.8473,344.6138,6721.8677,"spacetrack"
69982,"2026-09-08 13:26:23.24+00",0.0017325,15.751616,0.00266175,0.000148,343.17667,345.16647,6722.3086,"spacetrack"
69982,"2026-09-09 19:56:00.112+00",0.0010759,15.752093,0.00163597,0.0001869,342.7792,345.29196,6722.1724,"spacetrack"
69982,"2026-09-10 12:42:16.035+00",0.00097843,15.751758,0.0014831,0.0003415,341.83545,346.42676,6722.268,"spacetrack"
69982,"2026-09-11 08:31:53.651+00",0.0013002,15.748288,0.00195407,0.0006217,340.9385,349.29822,6723.2554,"spacetrack"
69983,"2026-09-07 07:31:23.339+00",0.0014144,15.752281,0.00216723,0.000489,340.69498,347.2692,6722.119,"spacetrack"
69983,"2026-09-08 12:29:28.356+00",0.0012525,15.752446,0.00191379,0.0001187,343.1374,344.73322,6722.0723,"spacetrack"
69983,"2026-09-09 12:53:09.933+00",0.00082169,15.751884,0.00124224,0.0001923,342.8023,345.3877,6722.232,"spacetrack"
69983,"2026-09-10 23:57:11.662+00",0.0013032,15.752514,0.00199391,0.0001014,343.2342,344.5974,6722.0527,"spacetrack"
69983,"2026-09-11 19:46:25.821+00",0.00087628,15.752291,0.00132882,0.0003537,341.60193,346.35715,6722.1167,"spacetrack"
69983,"2026-09-12 20:10:25.905+00",-0.0025307,15.740647,-0.00345564,0.0001685,346.16077,348.42725,6725.431,"spacetrack"
69984,"2026-09-07 21:44:09.551+00",0.0008166,15.752155,0.00123591,0.0002064,342.63058,345.4055,6722.155,"spacetrack"
69984,"2026-09-08 14:30:25.943+00",0.001235,15.75179,0.00188098,0.0001497,343.1155,345.12814,6722.259,"spacetrack"
69984,"2026-09-09 05:45:43.393+00",-0.0030122,15.729219,-0.00389699,0.0001862,349.29816,351.8039,6728.688,"spacetrack"
69985,"2026-09-07 17:23:26.183+00",0.0015917,15.752503,0.00244857,0.0001456,342.9403,344.89777,6722.056,"spacetrack"
69985,"2026-09-08 13:12:40.313+00",0.0012086,15.751536,0.00183782,0.0001922,342.90213,345.48618,6722.331,"spacetrack"
69985,"2026-09-09 12:05:23.977+00",-0.0056658,15.733936,-0.00719937,0.0003055,347.151,351.2614,6727.3433,"spacetrack"
69986,"2026-09-07 17:02:05.566+00",0.0014737,15.752682,0.00226371,0.0001634,342.7699,344.96664,6722.0054,"spacetrack"
69986,"2026-09-08 11:20:15.534+00",-0.00035784,15.741762,-0.00050919,0.0001784,345.77667,348.17618,6725.1133,"spacetrack"
69987,"2026-09-07 12:58:08.858+00",0.0013321,15.752669,0.00204054,0.0001001,343.19873,344.54446,6722.009,"spacetrack"
69987,"2026-09-08 13:21:48.649+00",0.0011021,15.752504,0.00167966,0.000106,343.20618,344.63126,6722.0557,"spacetrack"
69987,"2026-09-09 12:14:01.444+00",0.0011836,15.7534075,0.00181394,0.0001655,342.54932,344.77423,6721.799,"spacetrack"
69987,"2026-09-10 14:00:03+00",-0.017974,15.729141,-0.02131347,0.0001659,349.45715,351.68973,6728.7104,"spacetrack"
69988,"2026-09-07 12:41:53.184+00",0.0010039,15.753023,0.00153064,0.0001616,342.68484,344.85736,6721.908,"spacetrack"
69988,"2026-09-08 23:45:55.4+00",0.0024018,15.752973,0.00376101,0.0001082,343.05807,344.5127,6721.9224,"spacetrack"
69988,"2026-09-09 11:57:45.806+00",0.0010339,15.75252,0.00157375,0.0001266,343.06332,344.76535,6722.0513,"spacetrack"
69988,"2026-09-10 12:21:26.385+00",0.0010908,15.753547,0.00166999,0.0003262,341.42944,345.81473,6721.7593,"spacetrack"
69988,"2026-09-11 05:08:10.748+00",-0.0073167,15.736209,-0.00916341,0.0001052,347.85083,349.2661,6726.6953,"spacetrack"
69989,"2026-09-07 20:10:08.069+00",0.0015584,15.752625,0.00239717,0.0001528,342.85715,344.9114,6722.0215,"spacetrack"
69989,"2026-09-08 14:27:53.553+00",0.0013214,15.751715,0.00201533,0.0001399,343.2028,345.08368,6722.2803,"spacetrack"
69989,"2026-09-09 13:20:05.734+00",0.0012188,15.751968,0.00185726,0.0001853,342.8255,345.31674,6722.208,"spacetrack"
69989,"2026-09-10 12:12:17.184+00",0.0011712,15.75242,0.0017867,0.0001923,342.6499,345.23523,6722.0796,"spacetrack"
69989,"2026-09-11 00:24:09.516+00",0.0012427,15.752046,0.0018953,0.000286,342.1267,345.9718,6722.186,"spacetrack"
69990,"2026-09-07 12:36:48.379+00",0.0010439,15.752843,0.0015916,6.4e-05,343.3921,344.2525,6721.9595,"spacetrack"
69990,"2026-09-08 13:00:27.936+00",0.0003397,15.752018,0.00050868,0.0001574,342.9989,345.11505,6722.194,"spacetrack"
69990,"2026-09-09 13:24:09.597+00",0.00093677,15.752024,0.00142022,0.0001815,342.83517,345.27533,6722.1924,"spacetrack"
69990,"2026-09-10 12:16:20.942+00",0.0013117,15.753655,0.00201744,0.0002373,341.99606,345.1862,6721.728,"spacetrack"
69990,"2026-09-11 12:40:25.462+00",-0.008856,15.735626,-0.01103544,0.0001299,347.85068,349.5983,6726.8613,"spacetrack"
69991,"2026-09-07 21:34:58.133+00",0.0015966,15.753863,0.00247125,0.0001395,342.59436,344.46973,6721.669,"spacetrack"
69991,"2026-09-08 12:49:48.084+00",0.00056977,15.752042,0.00085766,0.0001345,343.1461,344.95438,6722.187,"spacetrack"
69991,"2026-09-09 19:19:24.379+00",0.0011894,15.752301,0.00181444,0.0003455,341.65384,346.29883,6722.1133,"spacetrack"
69992,"2026-09-07 12:43:55.082+00",0.0015084,15.752863,0.00232043,0.0001466,342.8313,344.8022,6721.9536,"spacetrack"
69992,"2026-09-08 13:07:35.148+00",0.00055806,15.7525,0.00084157,0.0002255,342.40414,345.4358,6722.057,"spacetrack"
69992,"2026-09-09 11:59:47.763+00",0.001143,15.752058,0.00173995,0.0001746,342.87183,345.2192,6722.1826,"spacetrack"
69992,"2026-09-10 12:23:28.659+00",0.00095394,15.753226,0.00145435,0.0001071,342.99326,344.43307,6721.85,"spacetrack"
69992,"2026-09-11 12:47:08.703+00",0.00094951,15.752014,0.00143979,0.0001229,343.2319,344.88422,6722.195,"spacetrack"
69992,"2026-09-12 07:05:53.305+00",0.00098166,15.736725,0.00139406,0.0005214,344.9041,351.91855,6726.5483,"spacetrack"
69993,"2026-09-07 12:30:12.2+00",0.0017343,15.753968,0.00269284,0.0002596,341.75723,345.2471,6721.639,"spacetrack"
69993,"2026-09-08 12:53:52.002+00",7.4907e-05,15.75229,0.00011077,0.0001548,342.93896,345.02014,6722.1167,"spacetrack"
69993,"2026-09-09 19:23:29.816+00",0.001227,15.752069,0.0018708,0.0001442,343.07294,345.01163,6722.179,"spacetrack"
69993,"2026-09-10 04:32:41.253+00",0.0017083,15.743741,0.00253473,0.0005507,342.7095,350.1159,6724.55,"spacetrack"
69994,"2026-09-07 07:36:27.411+00",0.0013937,15.752641,0.00213731,0.0002254,342.3646,345.39487,6722.0166,"spacetrack"
69994,"2026-09-08 12:34:33.411+00",0.0010321,15.751678,0.00156528,0.0002023,342.7937,345.51355,6722.2905,"spacetrack"
69994,"2026-09-09 20:36:03.807+00",0.0016041,15.733893,0.00227376,0.0001959,347.90054,350.53632,6727.3555,"spacetrack"
69994,"2026-09-10 04:00:01.999+00",-0.021616,15.727606,-0.0254153,0.000174,349.84027,352.182,6729.148,"spacetrack"
69995,"2026-09-07 12:52:02.879+00",0.0010215,15.7526,0.00155508,0.0002014,342.53763,345.24527,6722.0283,"spacetrack"
69995,"2026-09-08 13:15:42.093+00",0.0004081,15.752099,0.00061233,0.0001527,343.00735,345.0603,6722.171,"spacetrack"
69995,"2026-09-09 12:07:55.743+00",0.0010558,15.752058,0.00160453,0.0001656,342.9323,345.1587,6722.1826,"spacetrack"
69995,"2026-09-10 12:31:36.183+00",0.001475,15.751019,0.00224907,0.0001349,343.4344,345.2481,6722.478,"spacetrack"
69996,"2026-09-07 19:58:26.924+00",0.0017644,15.752586,0.00272421,0.0001929,342.59854,345.1919,6722.032,"spacetrack"
69996,"2026-09-08 14:16:52.388+00",-0.009421,15.729084,-0.01137328,0.0001115,349.8393,351.33978,6728.7266,"spacetrack"
69997,"2026-09-07 21:03:29.75+00",0.0018138,15.752812,0.00280605,6.19e-05,343.41492,344.2471,6721.968,"spacetrack"
69997,"2026-09-08 15:21:15.375+00",0.0012514,15.751603,0.00190504,0.0001624,343.08322,345.26663,6722.312,"spacetrack"
69997,"2026-09-09 18:47:54.169+00",0.00087737,15.7519655,0.00132896,0.0004777,340.8607,347.28308,6722.209,"spacetrack"
69997,"2026-09-10 23:46:01.223+00",0.0010567,15.752318,0.00160779,9.18e-05,343.35452,344.58868,6722.1084,"spacetrack"
69997,"2026-09-11 07:23:43.954+00",0.00094655,15.740435,0.00136493,0.000455,344.29453,350.4147,6725.4917,"spacetrack"
69998,"2026-09-07 20:04:32.717+00",0.0015123,15.752586,0.00232375,0.0001548,342.85468,344.9358,6722.032,"spacetrack"
69998,"2026-09-08 12:50:48.991+00",0.0012108,15.751639,0.00184227,0.0002468,342.50568,345.8238,6722.302,"spacetrack"
69998,"2026-09-09 19:20:25.507+00",0.0011549,15.752492,0.00176182,0.0001956,342.60742,345.2371,6722.059,"spacetrack"
69998,"2026-09-10 22:00:04+00",-0.00040624,15.75193,-0.00060305,0.000135,343.17435,344.98935,6722.2188,"spacetrack"
69998,"2026-09-11 16:00:02+00",-0.00070686,15.752386,-0.00104505,0.000147,342.96402,344.9403,6722.0894,"spacetrack"
69998,"2026-09-12 12:54:02.971+00",0.0014167,15.752545,0.00217241,0.0001298,343.03455,344.77957,6722.044,"spacetrack"
69998,"2026-09-13 19:23:38.561+00",0.0013825,15.752683,0.00212001,0.0001893,342.59537,345.14032,6722.005,"spacetrack"
100001,"2026-09-07 22:36:27.2+00",0.0024307,15.779247,0.00433157,0.0003791,333.77582,338.86673,6714.4585,"spacetrack"
100001,"2026-09-08 22:57:24.916+00",0.0019608,15.778253,0.00344182,0.0003011,334.5817,338.6253,6714.7407,"spacetrack"
100001,"2026-09-09 15:41:48.609+00",0.0011756,15.776162,0.00200967,0.0003352,334.9458,339.44775,6715.334,"spacetrack"
100001,"2026-09-10 23:39:16.59+00",0.0012387,15.776734,0.00212588,0.0003509,334.67792,339.39062,6715.1714,"spacetrack"
100001,"2026-09-11 14:52:21.942+00",0.0010893,15.776639,0.00186277,0.0003424,334.76218,339.36075,6715.198,"spacetrack"
100001,"2026-09-12 22:49:50.118+00",0.0017107,15.776572,0.00296367,0.0003211,334.92413,339.23663,6715.2173,"spacetrack"
100001,"2026-09-13 23:10:46.275+00",0.0020974,15.777724,0.00368392,0.0003793,334.20654,339.30045,6714.8906,"spacetrack"
100002,"2026-09-07 23:58:38.288+00",0.00095642,15.776346,0.00162875,0.0003902,334.52426,339.76486,6715.2817,"spacetrack"
100002,"2026-09-08 09:06:29.577+00",0.0020173,15.776947,0.00352426,0.0003564,334.58084,339.36737,6715.1113,"spacetrack"
100002,"2026-09-09 23:09:13.138+00",0.0018685,15.776384,0.00324544,0.0003522,334.76855,339.49878,6715.2705,"spacetrack"
100002,"2026-09-10 23:30:08.162+00",0.0017006,15.777354,0.00295635,0.0003926,334.22223,339.49484,6714.9956,"spacetrack"
100002,"2026-09-11 08:37:59.796+00",0.0010791,15.77587,0.00183847,0.0003353,335.02792,339.53128,6715.4165,"spacetrack"
100002,"2026-09-12 22:40:42.356+00",0.0020439,15.777643,0.00358447,0.0003677,334.30734,339.24548,6714.9136,"spacetrack"
100002,"2026-09-13 23:01:38.262+00",0.0018549,15.777707,0.00324063,0.000371,334.26718,339.24963,6714.8955,"spacetrack"
100003,"2026-09-07 23:44:26.156+00",0.00087286,15.776139,0.00148236,0.0003958,334.54532,339.86118,6715.3403,"spacetrack"
100003,"2026-09-08 22:34:04.388+00",0.0023878,15.777401,0.00421439,0.000337,334.5822,339.10812,6714.982,"spacetrack"
100003,"2026-09-09 22:55:01.081+00",0.0015035,15.776037,0.0025869,0.0003489,334.88907,339.57504,6715.369,"spacetrack"
100003,"2026-09-10 23:15:56.589+00",0.0010319,15.775994,0.00175722,0.0003319,335.01566,339.47333,6715.3813,"spacetrack"
100003,"2026-09-12 22:26:30.115+00",0.0014735,15.776871,0.00254337,0.0003507,334.6406,339.35062,6715.133,"spacetrack"
100003,"2026-09-13 22:47:26.251+00",0.0011932,15.775874,0.00203794,0.0003452,334.9603,339.59662,6715.4155,"spacetrack"
100004,"2026-09-07 21:39:39.284+00",0.0011138,15.776133,0.00190168,0.0004612,334.108,340.30225,6715.3423,"spacetrack"
100004,"2026-09-08 05:16:11.137+00",0.001344,15.776652,0.00231067,0.0001538,336.02475,338.09033,6715.1943,"spacetrack"
100004,"2026-09-09 08:39:45.281+00",0.0016004,15.776495,0.00276518,0.0003825,334.5336,339.67075,6715.2393,"spacetrack"
100004,"2026-09-10 22:42:27.833+00",0.00094392,15.775989,0.00160425,0.0003308,335.0245,339.4674,6715.383,"spacetrack"
100004,"2026-09-11 23:03:23.763+00",0.0011474,15.77675,0.00196554,0.0003516,334.66904,339.39114,6715.167,"spacetrack"
100004,"2026-09-12 23:24:19.885+00",0.0021154,15.777723,0.00371721,0.0004103,333.99863,339.50885,6714.8906,"spacetrack"
100004,"2026-09-13 22:13:57.343+00",0.0012691,15.776408,0.00217685,0.0004594,334.04193,340.2119,6715.2637,"spacetrack"
100005,"2026-09-07 22:53:57.682+00",0.001861,15.777418,0.00324699,0.0002945,334.8628,338.81793,6714.9775,"spacetrack"
100005,"2026-09-08 23:14:54.876+00",0.0015667,15.775622,0.00269425,0.000381,334.79126,339.90848,6715.487,"spacetrack"
100005,"2026-09-09 23:35:50.84+00",0.0012503,15.7767105,0.00214625,0.0003824,334.47318,339.60895,6715.178,"spacetrack"
100005,"2026-09-10 23:56:46.55+00",0.0011987,15.776853,0.00205674,0.0003972,334.3335,339.668,6715.1377,"spacetrack"
100005,"2026-09-11 22:46:24.287+00",0.0015977,15.776359,0.00275855,0.0003469,334.81146,339.47052,6715.278,"spacetrack"
100005,"2026-09-12 23:07:20.215+00",0.0014402,15.77601,0.00247441,0.0003749,334.72235,339.75754,6715.377,"spacetrack"
100005,"2026-09-13 23:28:16.225+00",0.00082657,15.776298,0.00140311,0.0003189,335.01666,339.29968,6715.2954,"spacetrack"
100006,"2026-09-07 22:41:31.201+00",0.0019596,15.776536,0.00341299,0.0004156,334.29984,339.88153,6715.2275,"spacetrack"
100006,"2026-09-08 23:02:29.073+00",0.0015907,15.777187,0.00275641,0.0003248,334.72488,339.08698,6715.043,"spacetrack"
100006,"2026-09-09 23:23:25.201+00",0.0020496,15.7775,0.00359237,0.0003619,334.387,339.24728,6714.954,"spacetrack"
100006,"2026-09-10 23:44:21.058+00",0.0010655,15.775798,0.00181404,0.0003355,335.04703,339.5531,6715.437,"spacetrack"
100006,"2026-09-11 22:33:58.553+00",0.0016377,15.778023,0.00285174,0.0003321,334.4388,338.89877,6714.8057,"spacetrack"
100006,"2026-09-12 22:54:54.387+00",0.0012862,15.7763605,0.00220596,0.0003367,334.8795,339.40155,6715.2773,"spacetrack"
100006,"2026-09-13 08:02:46.136+00",0.00065192,15.7756605,0.001099,0.0002623,335.57758,339.10052,6715.476,"spacetrack"
100007,"2026-09-07 23:50:15.535+00",0.0019222,15.775835,0.00333421,0.0003964,334.62766,339.95163,6715.427,"spacetrack"
100007,"2026-09-08 22:39:54.581+00",0.0015927,15.775894,0.00274346,0.0002232,335.77383,338.7716,6715.4097,"spacetrack"
100007,"2026-09-09 23:00:50.64+00",0.0014875,15.776255,0.00256083,0.0003062,335.11426,339.2267,6715.3076,"spacetrack"
100007,"2026-09-10 23:21:46.591+00",0.0013959,15.77692,0.0024058,0.0003445,334.6682,339.29495,6715.1187,"spacetrack"
100007,"2026-09-11 08:29:37.878+00",0.0012479,15.776254,0.00213736,0.0003323,334.93936,339.40234,6715.3076,"spacetrack"
100007,"2026-09-12 22:32:20.097+00",0.0014005,15.776034,0.00240438,0.0003831,334.6603,339.80563,6715.37,"spacetrack"
100007,"2026-09-13 22:53:16.294+00",0.0014529,15.775912,0.00249567,0.0003185,335.12866,339.40637,6715.4043,"spacetrack"
100008,"2026-09-07 23:27:26.495+00",0.0012704,15.776101,0.00217607,0.00045,334.19202,340.23584,6715.351,"spacetrack"
100008,"2026-09-08 23:48:23.229+00",0.0017302,15.777032,0.00300529,0.0003763,334.42307,339.47684,6715.087,"spacetrack"
100008,"2026-09-09 08:56:14.538+00",0.0013332,15.776373,0.00228946,0.000438,334.19568,340.07825,6715.274,"spacetrack"
100008,"2026-09-10 22:58:56.932+00",0.0015424,15.776306,0.00265933,0.0003754,334.63483,339.67667,6715.293,"spacetrack"
100008,"2026-09-11 21:48:34.575+00",0.0013023,15.77673,0.00223827,0.0003784,334.4946,339.57663,6715.173,"spacetrack"
100008,"2026-09-12 23:40:49.051+00",0.001329,15.775974,0.00227736,0.0003294,335.0379,339.462,6715.3867,"spacetrack"
100008,"2026-09-13 22:30:38.492+00",-0.0065091,15.765347,-0.00933096,0.0005926,336.28647,344.2491,6718.405,"spacetrack"
100009,"2026-09-07 23:24:38.801+00",0.0015885,15.77555,0.00273218,0.0003874,334.76898,339.97217,6715.508,"spacetrack"
100009,"2026-09-08 23:45:36.045+00",0.0020158,15.775609,0.00350005,0.000394,334.70792,339.99973,6715.4907,"spacetrack"
100009,"2026-09-09 08:53:27.251+00",0.0016454,15.7766075,0.00284734,0.0003965,334.40775,339.73288,6715.2075,"spacetrack"
100009,"2026-09-10 21:24:51.191+00",0.0012084,15.775933,0.00206573,0.0004869,333.992,340.53146,6715.399,"spacetrack"
100009,"2026-09-11 21:45:47.215+00",0.0019456,15.777124,0.00339666,0.0003764,334.39627,339.45135,6715.061,"spacetrack"
100009,"2026-09-12 22:06:43.126+00",0.0013347,15.77697,0.00229768,0.0002967,334.97507,338.9598,6715.1045,"spacetrack"
100009,"2026-09-13 22:27:39.361+00",0.0022112,15.777771,0.00389448,0.0004081,333.99982,339.4805,6714.877,"spacetrack"
100010,"2026-09-07 09:02:48.402+00",0.0011017,15.776316,0.00188189,0.0003914,334.5247,339.78143,6715.29,"spacetrack"
100010,"2026-09-08 10:55:03.232+00",0.001508,15.77568,0.0025903,0.0001321,336.4466,338.22083,6715.4707,"spacetrack"
100010,"2026-09-09 23:26:27.816+00",0.0011702,15.776309,0.00200144,0.0003281,334.9517,339.35825,6715.292,"spacetrack"
100010,"2026-09-10 07:02:59.851+00",0.0012007,15.776543,0.00205727,0.0003761,334.56326,339.61447,6715.226,"spacetrack"
100010,"2026-09-11 22:37:01.105+00",0.0010643,15.776262,0.00181595,0.0003508,334.81253,339.524,6715.305,"spacetrack"
100010,"2026-09-12 22:57:56.917+00",0.0014799,15.7771635,0.00255816,0.0003724,334.4118,339.41318,6715.0493,"spacetrack"
100010,"2026-09-13 23:18:53.548+00",0.0013008,15.775448,0.00222309,0.0004893,334.11346,340.68527,6715.536,"spacetrack"
100011,"2026-09-07 22:50:55.278+00",0.0020857,15.778588,0.00367704,0.00035,334.1581,338.85837,6714.645,"spacetrack"
100011,"2026-09-08 23:11:52.35+00",0.0015572,15.77586,0.00268072,0.0004623,334.178,340.3871,6715.4194,"spacetrack"
100011,"2026-09-09 23:32:48.358+00",0.0011629,15.77615,0.0019872,0.0003261,335.0104,339.39014,6715.3374,"spacetrack"
100011,"2026-09-10 07:09:20.569+00",0.0012387,15.776411,0.00212287,0.0003429,334.82355,339.42886,6715.263,"spacetrack"
100011,"2026-09-11 22:43:21.683+00",0.0015438,15.775923,0.0026571,0.0003507,334.90955,339.61972,6715.402,"spacetrack"
100011,"2026-09-12 23:04:17.492+00",0.0012505,15.776897,0.00214843,0.0003749,334.47055,339.50555,6715.125,"spacetrack"
100011,"2026-09-13 23:25:13.655+00",0.00096692,15.77629,0.00164655,0.0003763,334.63354,339.6875,6715.2974,"spacetrack"
100012,"2026-09-07 22:59:32.685+00",0.0014054,15.776818,0.00242179,0.0003742,334.49774,339.52335,6715.1475,"spacetrack"
100012,"2026-09-08 23:20:29.397+00",0.0022373,15.777537,0.00393826,0.0003626,334.37155,339.2412,6714.9434,"spacetrack"
100012,"2026-09-09 23:41:25.832+00",0.0012719,15.776208,0.00217925,0.0003423,334.88516,339.48248,6715.321,"spacetrack"
100012,"2026-09-10 22:31:02.618+00",0.0012655,15.776939,0.00217498,0.0002796,335.0986,338.8537,6715.1133,"spacetrack"
100012,"2026-09-11 22:51:59.061+00",0.0011835,15.775938,0.0020215,0.0003606,334.83865,339.6818,6715.3975,"spacetrack"
100012,"2026-09-12 23:12:54.958+00",0.0011272,15.776107,0.00192435,0.0003214,335.0541,339.37076,6715.3496,"spacetrack"
100012,"2026-09-13 22:02:32.711+00",0.0011936,15.776082,0.00204079,0.0004072,334.48505,339.95404,6715.3564,"spacetrack"
100013,"2026-09-07 23:16:32.134+00",0.0014515,15.777929,0.00251748,0.0005627,332.9169,340.4738,6714.8325,"spacetrack"
100013,"2026-09-08 23:37:29.035+00",0.0018083,15.77561,0.00312567,0.0003616,334.92508,339.78174,6715.49,"spacetrack"
100013,"2026-09-09 08:45:20.1+00",0.0012237,15.776296,0.00209552,0.0003879,334.554,339.7637,6715.296,"spacetrack"
100013,"2026-09-10 22:48:02.446+00",0.0012726,15.776806,0.00218646,0.0003371,334.75034,339.2777,6715.151,"spacetrack"
100013,"2026-09-11 15:32:26.929+00",0.0012724,15.776115,0.00217893,0.0001985,335.87692,338.5429,6715.3467,"spacetrack"
100013,"2026-09-12 20:27:17.735+00",0.001248,15.776644,0.00214138,0.0003406,334.7729,339.3473,6715.1973,"spacetrack"
100013,"2026-09-13 22:19:32.404+00",0.0017333,15.775933,0.00299581,0.0003862,334.66818,339.85516,6715.3984,"spacetrack"
100014,"2026-09-07 23:47:30.406+00",0.0014672,15.775332,0.00251462,0.0004077,334.69437,340.17023,6715.5693,"spacetrack"
100014,"2026-09-08 22:37:07.101+00",0.0022163,15.777788,0.00390397,0.0003255,334.5497,338.92108,6714.8726,"spacetrack"
100014,"2026-09-09 22:58:03.642+00",0.0012016,15.775609,0.00205025,0.0003677,334.88443,339.823,6715.4907,"spacetrack"
100014,"2026-09-10 15:42:26.256+00",0.0017016,15.776877,0.00295133,0.0002968,335.00067,338.9868,6715.131,"spacetrack"
100014,"2026-09-11 22:08:36.639+00",0.00079931,15.776137,0.0013551,0.0003453,334.88492,339.52252,6715.341,"spacetrack"
100014,"2026-09-12 22:29:32.659+00",0.00077509,15.776109,0.00131322,0.000374,334.7004,339.72348,6715.349,"spacetrack"
100014,"2026-09-13 22:50:28.915+00",0.0016672,15.775919,0.00287719,0.0003686,334.79044,339.74103,6715.403,"spacetrack"
100015,"2026-09-07 22:21:44.387+00",0.001193,15.776466,0.0020428,0.0002864,335.18716,339.03366,6715.2476,"spacetrack"
100015,"2026-09-08 22:42:42.342+00",0.001652,15.777968,0.0028777,0.0004978,333.34167,340.02695,6714.8213,"spacetrack"
100015,"2026-09-09 23:03:38.246+00",0.00093871,15.7761965,0.00159675,0.0003471,334.85617,339.51794,6715.324,"spacetrack"
100015,"2026-09-10 23:24:33.934+00",0.0019729,15.777489,0.00345209,0.0003843,334.2397,339.40082,6714.957,"spacetrack"
100015,"2026-09-11 20:42:53.076+00",0.0011897,15.775781,0.00203087,0.0003208,335.1506,339.45923,6715.442,"spacetrack"
100015,"2026-09-12 22:35:07.231+00",0.0019216,15.776815,0.00334818,0.0003576,334.6099,339.41257,6715.1484,"spacetrack"
100015,"2026-09-13 22:56:03.608+00",0.0016806,15.776049,0.0029028,0.0003632,334.7898,339.66785,6715.3657,"spacetrack"
100016,"2026-09-07 23:30:14.039+00",0.0019006,15.776111,0.00329974,0.000453,334.16937,340.25348,6715.3486,"spacetrack"
100016,"2026-09-08 08:38:04.986+00",0.0023548,15.777207,0.00414956,0.0003704,334.41296,339.38745,6715.037,"spacetrack"
100016,"2026-09-09 08:59:02.8+00",0.001232,15.775839,0.00210533,0.0002398,335.67807,338.8988,6715.4253,"spacetrack"
100016,"2026-09-10 23:01:44.432+00",0.0012144,15.77615,0.00207796,0.0004245,334.3496,340.0509,6715.3374,"spacetrack"
100016,"2026-09-11 21:51:21.904+00",0.0012134,15.776617,0.00208028,0.0003399,334.7851,339.3501,6715.2046,"spacetrack"
100016,"2026-09-12 14:35:51.528+00",0.0013714,15.7738085,0.00232907,0.0003245,335.6853,340.04398,6716.0015,"spacetrack"
100017,"2026-09-07 22:33:09.2+00",0.0019685,15.778586,0.00346166,0.0003784,333.96808,339.0497,6714.646,"spacetrack"
100017,"2026-09-08 09:12:19.292+00",0.0016833,15.776616,0.00291524,0.000388,334.46228,339.67328,6715.2046,"spacetrack"
100017,"2026-09-09 23:15:02.685+00",0.0010782,15.776235,0.0018401,0.0003773,334.64233,339.70972,6715.313,"spacetrack"
100017,"2026-09-10 23:35:58.591+00",0.0014594,15.7770405,0.0025203,0.000371,334.45627,339.43884,6715.0845,"spacetrack"
100017,"2026-09-12 22:46:32.152+00",0.00097959,15.776286,0.00166862,0.0003983,334.4869,339.83633,6715.299,"spacetrack"
100017,"2026-09-13 23:07:28.405+00",0.0021864,15.777806,0.00384951,0.0004386,333.78497,339.67526,6714.867,"spacetrack"
100018,"2026-09-07 23:55:50.435+00",0.0016953,15.775681,0.00292418,0.0003483,334.9944,339.6724,6715.47,"spacetrack"
100018,"2026-09-08 09:03:41.977+00",0.0014355,15.7762985,0.00246903,0.000296,335.17026,339.1457,6715.295,"spacetrack"
100018,"2026-09-09 23:06:25.647+00",0.0018381,15.776551,0.00319284,0.0003106,335.00055,339.17206,6715.223,"spacetrack"
100018,"2026-09-10 23:27:21.331+00",0.0016014,15.777117,0.00277485,0.0003726,334.4237,339.4278,6715.063,"spacetrack"
100018,"2026-09-11 08:35:12.609+00",0.001426,15.776437,0.0024542,0.0004195,334.3018,339.93588,6715.256,"spacetrack"
100018,"2026-09-12 22:37:55.027+00",0.001551,15.77633,0.00267489,0.0003499,334.79956,339.4989,6715.286,"spacetrack"
100018,"2026-09-13 22:58:51.084+00",0.0018562,15.777442,0.00323903,0.0003806,334.2779,339.3893,6714.9707,"spacetrack"
100019,"2026-09-07 22:30:21.876+00",0.0017258,15.776623,0.00299138,0.0002485,335.3972,338.73465,6715.203,"spacetrack"
100019,"2026-09-08 09:09:32.048+00",0.0016629,15.77643,0.00287604,0.0003123,335.02338,339.21774,6715.2573,"spacetrack"
100019,"2026-09-09 23:12:15.598+00",0.0012002,15.776316,0.00205426,0.0003482,334.81485,339.4914,6715.29,"spacetrack"
100019,"2026-09-10 23:33:11.297+00",0.0019727,15.777464,0.00345141,0.0003911,334.20123,339.45367,6714.9644,"spacetrack"
100019,"2026-09-11 14:46:16.587+00",0.0014364,15.776211,0.00246977,0.0003545,334.80228,339.56345,6715.32,"spacetrack"
100019,"2026-09-12 22:43:45.034+00",0.0010931,15.776675,0.00186963,0.0003475,334.71747,339.38452,6715.188,"spacetrack"
100019,"2026-09-13 23:04:41.064+00",0.0020434,15.7776785,0.00358398,0.0003622,334.3342,339.1985,6714.9033,"spacetrack"
100020,"2026-09-07 22:07:33.071+00",0.0013045,15.776814,0.00224259,0.0002775,335.14813,338.87506,6715.1484,"spacetrack"
100020,"2026-09-08 22:28:29.651+00",0.0014171,15.777211,0.00244645,0.0002582,335.1653,338.63297,6715.036,"spacetrack"
100020,"2026-09-09 22:49:25.857+00",0.0019262,15.777314,0.00336386,0.0002747,335.02515,338.7144,6715.007,"spacetrack"
100020,"2026-09-10 23:10:21.685+00",0.0011157,15.776571,0.00190865,0.0004111,334.31998,339.84125,6715.218,"spacetrack"
100020,"2026-09-11 21:59:59.561+00",0.0013147,15.777532,0.00226834,0.000362,334.37723,339.23886,6714.945,"spacetrack"
100020,"2026-09-12 22:20:53.732+00",0.0015044,15.776339,0.0025923,0.0004179,334.34042,339.95306,6715.2837,"spacetrack"
100020,"2026-09-13 22:41:51.345+00",0.0017107,15.776048,0.00295696,0.0004155,334.43893,340.01938,6715.366,"spacetrack"
100021,"2026-09-07 04:58:03.311+00",0.0014157,15.776141,0.00243237,0.0003217,335.0424,339.36304,6715.34,"spacetrack"
100021,"2026-09-08 23:34:41.373+00",0.0010797,15.775795,0.00183901,0.0004131,334.52682,340.07513,6715.438,"spacetrack"
100021,"2026-09-10 22:45:15.289+00",0.001559,15.775562,0.00268014,0.0004285,334.4895,340.2447,6715.504,"spacetrack"
100021,"2026-09-11 23:06:11.102+00",0.0012516,15.775965,0.00214127,0.000358,334.84854,339.65677,6715.3896,"spacetrack"
100021,"2026-09-12 23:28:16.502+00",-0.0071749,15.746439,-0.00943829,0.0003757,343.1185,348.17075,6723.7817,"spacetrack"
100021,"2026-09-13 05:34:27.245+00",-0.007849,15.733603,-0.00988901,0.0003847,346.7134,351.8895,6727.4385,"spacetrack"
100022,"2026-09-07 21:50:33.338+00",0.0015017,15.776085,0.00258427,0.0003596,334.80374,339.63342,6715.3555,"spacetrack"
100022,"2026-09-08 23:42:48.371+00",0.0016805,15.776973,0.00291507,0.0003894,334.35184,339.58154,6715.1035,"spacetrack"
100022,"2026-09-09 21:01:08.215+00",0.0011574,15.77707,0.00198691,0.0005479,333.25986,340.61823,6715.076,"spacetrack"
100022,"2026-09-10 22:53:22.129+00",0.0013809,15.776202,0.00237153,0.0003441,334.8745,339.496,6715.3223,"spacetrack"
100022,"2026-09-11 21:42:59.756+00",0.0013261,15.776706,0.00227988,0.000346,334.71915,339.36603,6715.1797,"spacetrack"
100022,"2026-09-12 23:35:14.088+00",0.0013099,15.776092,0.00224496,0.00032,335.06787,339.36572,6715.354,"spacetrack"
100022,"2026-09-13 22:26:16.212+00",-0.0075935,15.742193,-0.00977129,0.0004589,343.76743,349.9396,6724.9907,"spacetrack"
100023,"2026-09-07 09:05:51.367+00",0.0016553,15.776615,0.00286493,0.0003419,334.77228,339.36414,6715.205,"spacetrack"
100023,"2026-09-08 23:08:34.135+00",0.0013884,15.775652,0.00237874,0.0003261,335.15152,339.53134,6715.4785,"spacetrack"
100023,"2026-09-09 23:29:30.461+00",0.0017048,15.77645,0.00295132,0.0003102,335.03183,339.19797,6715.252,"spacetrack"
100023,"2026-09-10 23:50:26.138+00",0.0011263,15.776747,0.00192858,0.0003693,334.55106,339.5109,6715.168,"spacetrack"
100023,"2026-09-11 22:40:03.832+00",0.0018563,15.777395,0.00323854,0.0003799,334.29572,339.39777,6714.984,"spacetrack"
100023,"2026-09-12 23:00:59.992+00",0.0016832,15.775877,0.00290492,0.000318,335.14212,339.41312,6715.4146,"spacetrack"
100023,"2026-09-13 23:21:55.924+00",0.0012901,15.776027,0.00220936,0.0003269,335.0398,339.43033,6715.372,"spacetrack"
100024,"2026-09-07 21:31:16.368+00",0.0012009,15.775336,0.00204637,0.0003357,335.17682,339.68564,6715.5684,"spacetrack"
100024,"2026-09-08 21:52:13.498+00",0.0017634,15.776847,0.00306225,0.0002918,335.04306,338.962,6715.1396,"spacetrack"
100024,"2026-09-09 23:44:28.167+00",0.0014066,15.777136,0.00242736,0.0003495,334.5735,339.2673,6715.0576,"spacetrack"
100024,"2026-09-10 22:34:05.301+00",0.002044,15.777792,0.00358673,0.0002306,335.18573,338.28262,6714.871,"spacetrack"
100024,"2026-09-11 22:55:01.696+00",0.0016592,15.776528,0.00287059,0.0003081,335.02374,339.16168,6715.2295,"spacetrack"
100024,"2026-09-12 21:44:39.278+00",0.0019079,15.777538,0.00333399,0.0002636,335.03616,338.57626,6714.9434,"spacetrack"
100024,"2026-09-13 22:05:35.199+00",0.0010192,15.7761545,0.00173665,0.0004445,334.21393,340.18387,6715.336,"spacetrack"
100025,"2026-09-07 05:17:19.672+00",0.0014293,15.776094,0.00245696,0.0005384,333.60046,340.83157,6715.353,"spacetrack"
100025,"2026-09-08 22:22:39.501+00",0.0017168,15.776576,0.00297451,0.0002331,335.51407,338.6447,6715.2163,"spacetrack"
100025,"2026-09-09 22:43:36.127+00",0.0016144,15.777389,0.00280159,0.0003325,334.61603,339.08148,6714.986,"spacetrack"
100025,"2026-09-10 23:04:31.767+00",0.0012289,15.776079,0.00210232,0.0003428,334.91833,339.52237,6715.3574,"spacetrack"
100025,"2026-09-11 21:54:09.317+00",0.0018717,15.777191,0.00326337,0.0003744,334.39053,339.41876,6715.0415,"spacetrack"
100025,"2026-09-12 22:15:05.248+00",0.0012763,15.776075,0.00218615,0.0004525,334.1827,340.2601,6715.3584,"spacetrack"
100025,"2026-09-13 07:23:02.794+00",-0.0041273,15.769487,-0.00623728,0.0002817,337.19928,340.98376,6717.2285,"spacetrack"
100026,"2026-09-07 22:56:45.56+00",0.0018582,15.776948,0.00323504,0.0003278,334.77264,339.17505,6715.111,"spacetrack"
100026,"2026-09-08 23:17:42.079+00",0.0018047,15.775498,0.00311736,0.0002775,335.52148,339.2486,6715.522,"spacetrack"
100026,"2026-09-09 23:38:38.262+00",0.0011534,15.776611,0.00197492,0.0003604,334.649,339.48932,6715.206,"spacetrack"
100026,"2026-09-10 07:15:10.619+00",0.0015431,15.776531,0.00266333,0.0003762,334.5658,339.61835,6715.229,"spacetrack"
100026,"2026-09-11 22:49:11.645+00",0.0012175,15.77597,0.00208143,0.0003562,334.85913,339.64316,6715.388,"spacetrack"
100026,"2026-09-12 23:10:07.56+00",0.0010861,15.77597,0.00185153,0.0003665,334.78986,339.71225,6715.388,"spacetrack"
100026,"2026-09-13 06:46:40.43+00",0.00076293,15.775836,0.00129055,0.0003198,335.14166,339.43683,6715.4263,"spacetrack"
100027,"2026-09-07 23:05:22.889+00",0.0016576,15.775771,0.00285766,0.0002513,335.62006,338.99524,6715.445,"spacetrack"
100027,"2026-09-08 23:26:19.272+00",0.0016787,15.776942,0.00291148,0.0003846,334.39273,339.558,6715.1123,"spacetrack"
100027,"2026-09-09 23:47:16.486+00",0.0012031,15.776423,0.00206035,0.0003476,334.78824,339.4567,6715.2593,"spacetrack"
100027,"2026-09-10 22:36:53.29+00",0.0012238,15.7764635,0.00209698,0.0002756,335.26047,338.9619,6715.248,"spacetrack"
100027,"2026-09-11 22:57:49.014+00",0.0018213,15.7766,0.00316311,0.0002704,335.25677,338.88837,6715.2095,"spacetrack"
100027,"2026-09-12 08:05:40.191+00",0.00069232,15.775821,0.00116911,0.0002948,335.31393,339.27335,6715.4307,"spacetrack"
100027,"2026-09-13 22:10:39.485+00",-0.0080083,15.729352,-0.00991424,0.0005484,346.82315,354.20316,6728.6504,"spacetrack"
100083,"2026-09-07 21:52:17.405+00",0.00034189,15.962938,0.00144146,0.0019099,271.98624,297.43698,6662.8486,"spacetrack"
100083,"2026-09-08 21:56:28.56+00",0.00035746,15.966004,0.00153247,0.0019144,271.10486,296.61234,6661.9956,"spacetrack"
100083,"2026-09-09 22:00:23.988+00",0.00032464,15.968714,0.00141322,0.0019241,270.28824,295.92203,6661.242,"spacetrack"
100083,"2026-09-10 20:33:51.668+00",0.00028921,15.971162,0.00127666,0.0019323,269.55408,295.2945,6660.5615,"spacetrack"
100083,"2026-09-11 22:07:32.023+00",0.00030261,15.973939,0.00135681,0.0019526,268.6485,294.6563,6659.7896,"spacetrack"
100083,"2026-09-12 20:40:33.197+00",0.00029415,15.976415,0.00133752,0.0019665,267.86923,294.05948,6659.1016,"spacetrack"
100083,"2026-09-13 20:43:32.477+00",0.00030133,15.979093,0.00139108,0.0019826,267.01938,293.4211,6658.3574,"spacetrack"
100089,"2026-09-07 21:44:44.254+00",0.00031283,15.963815,0.00132405,0.001852,272.12866,296.80695,6662.605,"spacetrack"
100089,"2026-09-08 21:48:51.163+00",0.00033885,15.9667,0.00145687,0.0018601,271.27368,296.05692,6661.8022,"spacetrack"
100089,"2026-09-09 21:52:43.615+00",0.00029575,15.969162,0.00128959,0.0018717,270.51288,295.4481,6661.1177,"spacetrack"
100089,"2026-09-10 21:56:22.63+00",0.00026862,15.971609,0.00118771,0.001881,269.7716,294.82816,6660.437,"spacetrack"
100089,"2026-09-11 21:59:48.601+00",0.000273,15.974009,0.00122336,0.0018928,269.02753,294.23874,6659.77,"spacetrack"
100089,"2026-09-12 22:03:01.664+00",0.00026125,15.976379,0.00118674,0.0019097,268.25723,293.69104,6659.1113,"spacetrack"
100089,"2026-09-13 22:06:01.559+00",0.00027353,15.978864,0.00125999,0.0019267,267.4551,293.11264,6658.421,"spacetrack"
100092,"2026-09-07 22:07:56.482+00",0.00031884,15.904833,0.00098084,0.0012033,292.89264,308.96646,6679.0664,"spacetrack"
100092,"2026-09-08 20:46:51.279+00",0.0003256,15.906757,0.00101146,0.0012113,292.30118,308.48056,6678.528,"spacetrack"
100092,"2026-09-09 19:25:36.922+00",0.0002884,15.908393,0.000904,0.0012365,291.67572,308.19058,6678.0703,"spacetrack"
100092,"2026-09-10 22:35:56.859+00",0.00025253,15.910271,0.00079981,0.0012576,291.00983,307.80518,6677.5444,"spacetrack"
100092,"2026-09-11 18:13:17.479+00",0.00047189,15.91187,0.00150394,0.0012758,290.44144,307.47873,6677.097,"spacetrack"
100092,"2026-09-12 22:53:50.88+00",0.00042486,15.913707,0.00136759,0.0013002,289.7655,307.1273,6676.5835,"spacetrack"
100092,"2026-09-13 21:32:01.3+00",0.00027508,15.915266,0.00089399,0.0013162,289.22318,306.79745,6676.1475,"spacetrack"
100094,"2026-09-07 18:58:07.031+00",-0.0014627,15.724787,-0.00190412,0.0009564,345.37885,358.2519,6729.952,"spacetrack"
100102,"2026-09-07 18:48:19.172+00",3.7472e-05,15.751995,5.465e-05,5.28e-05,343.70847,344.41833,6722.2,"spacetrack"
100102,"2026-09-08 14:37:34.123+00",1.5744e-06,15.751784,1.05e-06,8.68e-05,343.53992,344.7069,6722.2603,"spacetrack"
100102,"2026-09-09 15:01:16.152+00",-2.4286e-05,15.751583,-3.746e-05,0.0002636,342.40875,345.95276,6722.318,"spacetrack"
100102,"2026-09-10 13:53:26.497+00",9.1412e-06,15.751813,1.233e-05,0.0001834,342.88245,345.34818,6722.2524,"spacetrack"
100102,"2026-09-11 18:51:32.926+00",1.1801e-05,15.751892,1.631e-05,0.0001359,343.1793,345.00638,6722.23,"spacetrack"
100102,"2026-09-12 14:40:48.738+00",-5.3326e-07,15.751741,-2.09e-06,0.0002095,342.72733,345.54395,6722.2725,"spacetrack"
100102,"2026-09-13 13:32:59.948+00",6.3209e-06,15.751813,8.13e-06,0.0001631,343.01898,345.2118,6722.2524,"spacetrack"
100103,"2026-09-07 13:34:14.918+00",1.275e-05,15.751841,1.772e-05,0.0001294,343.23767,344.9774,6722.2446,"spacetrack"
100103,"2026-09-08 13:57:55.663+00",-1.213e-05,15.75171,-1.937e-05,0.0001453,343.16782,345.1213,6722.2817,"spacetrack"
100103,"2026-09-09 23:30:29.387+00",-2.7701e-05,15.751597,-4.254e-05,0.000202,342.81882,345.53464,6722.314,"spacetrack"
100103,"2026-09-10 23:54:09.448+00",1.1221e-05,15.751815,1.544e-05,0.0001372,343.1924,345.037,6722.2515,"spacetrack"
100103,"2026-09-11 13:37:28.507+00",9.2989e-06,15.751789,1.257e-05,0.0001142,343.35437,344.8897,6722.2593,"spacetrack"
100103,"2026-09-12 23:10:01.25+00",8.7161e-06,15.751854,1.17e-05,0.0001106,343.3603,344.84726,6722.2407,"spacetrack"
100103,"2026-09-13 12:53:20.729+00",4.1164e-06,15.751799,4.84e-06,0.0001102,343.37848,344.86008,6722.2563,"spacetrack"
100104,"2026-09-07 13:08:50.393+00",0.0016242,15.753832,0.00251505,2.01e-05,343.40588,343.6761,6721.6777,"spacetrack"
100104,"2026-09-08 13:32:30.445+00",0.00061957,15.75223,0.00093433,0.0001337,343.09805,344.89554,6722.134,"spacetrack"
100104,"2026-09-09 23:05:04.768+00",0.0011157,15.752549,0.00170127,0.0002519,342.21274,345.5993,6722.043,"spacetrack"
100104,"2026-09-10 23:28:44.755+00",0.0016464,15.752831,0.00253909,0.0001398,342.8858,344.76526,6721.9624,"spacetrack"
100104,"2026-09-11 19:17:58.95+00",0.001009,15.752633,0.00153598,0.0001129,343.123,344.6408,6722.019,"spacetrack"
100104,"2026-09-12 22:44:37.164+00",0.0015686,15.752808,0.00241531,0.0002046,342.45712,345.20773,6721.969,"spacetrack"
100104,"2026-09-13 23:08:17.663+00",0.00163,15.752957,0.00251437,0.000185,342.54623,345.03333,6721.927,"spacetrack"
100105,"2026-09-07 18:51:22.881+00",0.00086648,15.752335,0.00131362,0.0001007,343.29007,344.6439,6722.104,"spacetrack"
100105,"2026-09-08 14:40:36.727+00",0.0013659,15.751677,0.00208446,9.44e-05,343.51956,344.78873,6722.291,"spacetrack"
100105,"2026-09-09 13:32:49.408+00",0.0011828,15.751626,0.00179849,0.0001432,343.20584,345.1311,6722.3057,"spacetrack"
100105,"2026-09-10 13:56:29.561+00",0.001533,15.751642,0.00234667,0.000141,343.21603,345.11172,6722.301,"spacetrack"
100105,"2026-09-11 14:20:10.236+00",0.0011622,15.751761,0.00176745,0.000131,343.2494,345.01062,6722.267,"spacetrack"
100105,"2026-09-12 23:52:43.377+00",0.0012501,15.752632,0.00191169,0.0001079,343.15686,344.60748,6722.019,"spacetrack"
100105,"2026-09-13 13:36:02.582+00",0.0014284,15.75173,0.00218305,0.0001987,342.80316,345.47458,6722.276,"spacetrack"
100106,"2026-09-07 23:40:02.59+00",0.0017579,15.753101,0.00272005,0.0001099,343.00995,344.4874,6721.8857,"spacetrack"
100106,"2026-09-08 14:54:50.384+00",0.0017332,15.751744,0.00266444,5.38e-05,343.77332,344.49664,6722.272,"spacetrack"
100106,"2026-09-09 13:47:02.996+00",0.001137,15.751564,0.0017268,0.0001351,343.27795,345.09433,6722.323,"spacetrack"
100106,"2026-09-10 23:19:35.912+00",0.0016298,15.752859,0.00251289,0.0001294,342.948,344.68762,6721.9546,"spacetrack"
100106,"2026-09-11 14:34:23.951+00",0.00079775,15.751873,0.00120538,0.0001216,343.2807,344.91556,6722.2354,"spacetrack"
100106,"2026-09-12 13:26:35.653+00",0.0014405,15.751895,0.00220366,0.0001374,343.1683,345.01556,6722.229,"spacetrack"
100106,"2026-09-13 13:50:16.909+00",0.00079104,15.752027,0.0011961,0.0003054,342.00153,346.10745,6722.1914,"spacetrack"
100107,"2026-09-07 13:51:02.109+00",0.00141,15.751705,0.00215471,0.0004461,341.14722,347.14484,6722.283,"spacetrack"
100107,"2026-09-08 23:23:34.587+00",0.0018693,15.752749,0.00289416,0.0001943,342.5429,345.15506,6721.986,"spacetrack"
100107,"2026-09-09 23:47:15.275+00",0.001147,15.752506,0.0017496,0.0002032,342.5523,345.28415,6722.055,"spacetrack"
100107,"2026-09-10 13:30:33.863+00",0.0011083,15.751696,0.00168332,0.000127,343.29507,345.00253,6722.2856,"spacetrack"
100107,"2026-09-11 13:54:15.17+00",0.0010757,15.751792,0.00163352,0.0002391,342.5139,345.7285,6722.2583,"spacetrack"
100107,"2026-09-12 20:23:50.456+00",0.0010237,15.752214,0.00155579,0.0001481,343.00552,344.9966,6722.138,"spacetrack"
100107,"2026-09-13 14:41:36.075+00",0.0011219,15.75206,0.00170717,0.0001523,343.02115,345.06873,6722.182,"spacetrack"
100108,"2026-09-07 23:14:07.705+00",0.0013801,15.752798,0.00211724,0.0001212,343.02023,344.64963,6721.972,"spacetrack"
100108,"2026-09-08 14:28:55.505+00",0.0019047,15.75158,0.0029355,0.0001275,343.32437,345.03857,6722.3184,"spacetrack"
100108,"2026-09-09 14:52:36.93+00",0.0011457,15.75218,0.00174507,0.0001576,342.9514,345.07022,6722.148,"spacetrack"
100108,"2026-09-10 22:53:41.157+00",0.001644,15.752788,0.00253474,0.0002108,342.42096,345.25494,6721.975,"spacetrack"
100108,"2026-09-11 14:08:29.119+00",0.0017784,15.751801,0.00273687,0.0001617,343.0319,345.20584,6722.256,"spacetrack"
100108,"2026-09-12 23:41:00.1+00",0.0014217,15.753264,0.00218727,0.000147,342.71445,344.69064,6721.8394,"spacetrack"
100108,"2026-09-13 14:55:49.416+00",0.0012128,15.751541,0.00184445,0.0001586,343.12637,345.2587,6722.3296,"spacetrack"
100109,"2026-09-07 23:04:58.811+00",0.0018258,15.753041,0.00282815,0.0001259,342.9195,344.6121,6721.903,"spacetrack"
100109,"2026-09-08 15:51:15.887+00",0.0015456,15.752501,0.00237559,0.0001602,342.8427,344.99646,6722.0566,"spacetrack"
100109,"2026-09-09 23:52:20.683+00",0.0019091,15.752992,0.00296119,0.0001128,343.02185,344.53833,6721.917,"spacetrack"
100109,"2026-09-10 13:35:39.897+00",0.0013147,15.752919,0.00201561,0.0001922,342.50867,345.0926,6721.9375,"spacetrack"
100109,"2026-09-11 23:08:12.812+00",0.0012019,15.752766,0.00183751,0.0002942,341.86673,345.82193,6721.9814,"spacetrack"
100109,"2026-09-12 18:57:27.392+00",0.001198,15.752403,0.00182842,0.0001837,342.71243,345.18213,6722.0845,"spacetrack"
100109,"2026-09-13 23:55:33.517+00",0.00127,15.752598,0.00194254,0.0001409,342.94492,344.8392,6722.0293,"spacetrack"
100110,"2026-09-07 22:48:42.71+00",0.0020786,15.753141,0.0032368,0.0001222,342.91602,344.55884,6721.8745,"spacetrack"
100110,"2026-09-08 23:12:23.777+00",0.001737,15.752576,0.00268035,0.0001713,342.74677,345.04974,6722.035,"spacetrack"
100110,"2026-09-09 23:36:04.492+00",0.0019361,15.753084,0.00300583,0.0001733,342.5887,344.91852,6721.8906,"spacetrack"
100110,"2026-09-10 23:59:44.692+00",0.0010768,15.752543,0.00164062,0.0001506,342.89526,344.91995,6722.0444,"spacetrack"
100110,"2026-09-11 13:43:04.155+00",0.0011621,15.751763,0.00176745,0.0001882,342.8643,345.39456,6722.2666,"spacetrack"
100110,"2026-09-12 20:12:39.379+00",0.00097659,15.752536,0.00148501,0.0001199,343.10367,344.7156,6722.047,"spacetrack"
100110,"2026-09-13 14:30:25.346+00",0.0013295,15.751924,0.00202983,0.0002076,342.68832,345.47937,6722.2207,"spacetrack"
100111,"2026-09-07 22:45:39.734+00",0.0022665,15.753315,0.00354523,0.0001406,342.7429,344.6331,6721.825,"spacetrack"
100111,"2026-09-08 23:09:20.929+00",0.0020785,15.752663,0.00322975,0.0002044,342.49966,345.24762,6722.0107,"spacetrack"
100111,"2026-09-09 23:33:01.769+00",0.0012705,15.752687,0.00194431,0.0002975,341.86664,345.86624,6722.0034,"spacetrack"
100111,"2026-09-10 23:56:41.728+00",0.0012731,15.75259,0.0019473,9.87e-05,343.2307,344.55762,6722.0312,"spacetrack"
100111,"2026-09-11 13:40:01.059+00",0.0013416,15.751867,0.00204827,0.0001373,343.17697,345.02292,6722.237,"spacetrack"
100111,"2026-09-12 18:38:07.968+00",0.0012262,15.752355,0.00187204,0.0001307,343.08276,344.8399,6722.098,"spacetrack"
100111,"2026-09-13 12:55:53.648+00",0.0015677,15.752794,0.00241357,0.0001588,342.7687,344.90363,6721.973,"spacetrack"
100112,"2026-09-07 14:42:51.804+00",9.9179e-06,15.751827,1.35e-05,0.0001046,343.40802,344.8143,6722.248,"spacetrack"
100112,"2026-09-08 13:35:03.654+00",-1.1516e-05,15.751725,-1.846e-05,0.0002031,342.77512,345.5057,6722.2773,"spacetrack"
100112,"2026-09-09 13:58:44.208+00",-3.6156e-06,15.751722,-6.68e-06,0.0001037,343.44406,344.83826,6722.2783,"spacetrack"
100112,"2026-09-10 14:22:24.231+00",1.7826e-05,15.751859,2.529e-05,0.0001471,343.11343,345.09113,6722.2393,"spacetrack"
100112,"2026-09-11 14:46:05.537+00",2.7881e-06,15.751762,2.86e-06,0.0001502,343.1201,345.13947,6722.2666,"spacetrack"
100112,"2026-09-12 22:47:09.473+00",8.53e-06,15.751852,1.143e-05,0.0001158,343.3257,344.8826,6722.241,"spacetrack"
100112,"2026-09-13 18:36:23.159+00",1.3227e-05,15.751902,1.844e-05,0.000104,343.39102,344.78925,6722.227,"spacetrack"
100113,"2026-09-07 14:02:12.193+00",1.1989e-05,15.751861,1.659e-05,0.0001051,343.3952,344.80823,6722.239,"spacetrack"
100113,"2026-09-08 14:25:53.276+00",-2.1566e-05,15.751641,-3.342e-05,0.0001619,343.0757,345.25238,6722.3013,"spacetrack"
100113,"2026-09-09 14:49:33.133+00",-1.0546e-06,15.751765,-2.87e-06,0.0002151,342.68304,345.57495,6722.266,"spacetrack"
100113,"2026-09-10 13:41:45.409+00",1.2305e-05,15.751809,1.705e-05,0.0001438,343.14987,345.0832,6722.2534,"spacetrack"
100113,"2026-09-11 18:39:52.266+00",3.4555e-05,15.7518635,5.027e-05,0.0001325,343.21036,344.99176,6722.2383,"spacetrack"
100113,"2026-09-12 23:37:59.096+00",1.0992e-05,15.751828,1.51e-05,0.0001191,343.31046,344.91168,6722.248,"spacetrack"
100113,"2026-09-13 13:21:18.336+00",1.5221e-05,15.751828,2.141e-05,0.0001234,343.28156,344.9406,6722.248,"spacetrack"
100114,"2026-09-07 13:31:42.47+00",0.0018006,15.752505,0.00278107,8.74e-05,343.3309,344.50592,6722.055,"spacetrack"
100114,"2026-09-08 13:55:23.269+00",0.00097396,15.751821,0.0014765,0.0003001,342.0959,346.13058,6722.2505,"spacetrack"
100114,"2026-09-09 23:27:56.726+00",0.0011024,15.752532,0.00168047,0.0002061,342.5253,345.2961,6722.048,"spacetrack"
100114,"2026-09-10 23:51:36.874+00",0.0011146,15.752473,0.00169895,0.0001166,343.1437,344.7113,6722.0645,"spacetrack"
100114,"2026-09-11 13:34:56.113+00",0.0012689,15.751803,0.00193408,0.0001267,343.26627,344.9697,6722.255,"spacetrack"
100114,"2026-09-12 23:07:29.421+00",0.0009886,15.75254,0.00150382,0.0002714,342.08414,345.73288,6722.0454,"spacetrack"
100114,"2026-09-13 23:31:09.596+00",0.0015418,15.752922,0.00237388,0.0001438,342.83328,344.7665,6721.937,"spacetrack"
100115,"2026-09-07 23:34:27.839+00",0.0022853,15.753333,0.00357633,7.75e-05,343.162,344.20386,6721.82,"spacetrack"
100115,"2026-09-08 14:49:15.949+00",0.00080714,15.752026,0.00122066,0.000201,342.70358,345.4059,6722.192,"spacetrack"
100115,"2026-09-09 22:50:21.572+00",0.001385,15.7530575,0.00212918,0.0006104,339.6582,347.8643,6721.8984,"spacetrack"
100115,"2026-09-10 14:05:09.503+00",0.0011109,15.752231,0.00169207,0.0004533,340.94943,347.0437,6722.134,"spacetrack"
100115,"2026-09-11 12:57:22.113+00",0.0014263,15.751913,0.00218146,0.0001138,343.32178,344.85178,6722.2236,"spacetrack"
100115,"2026-09-12 14:52:29.717+00",0.00097136,15.752243,0.00147503,0.0001467,343.00684,344.97913,6722.13,"spacetrack"
100115,"2026-09-13 19:50:36.361+00",0.001273,15.752577,0.00194705,0.0001229,343.07184,344.72412,6722.035,"spacetrack"
100116,"2026-09-07 18:54:25.522+00",2.9695e-05,15.751935,4.302e-05,0.0001281,343.21964,344.94186,6722.218,"spacetrack"
100116,"2026-09-08 14:43:40.411+00",-3.0345e-05,15.751664,-4.648e-05,0.0001229,343.33157,344.98392,6722.295,"spacetrack"
100116,"2026-09-09 13:35:52.41+00",-7.1457e-06,15.751707,-1.194e-05,0.0001389,343.2117,345.07916,6722.282,"spacetrack"
100116,"2026-09-10 13:59:32.582+00",2.2689e-05,15.751837,3.255e-05,0.0001218,343.2899,344.9274,6722.2456,"spacetrack"
100116,"2026-09-11 14:23:13.08+00",1.0442e-05,15.751831,1.428e-05,0.0001435,343.14557,345.07486,6722.247,"spacetrack"
100116,"2026-09-12 23:55:46.262+00",1.0103e-05,15.751831,1.377e-05,0.0001422,343.1543,345.0661,6722.247,"spacetrack"
100116,"2026-09-13 13:39:05.439+00",4.8056e-06,15.75181,5.87e-06,0.0001206,343.30533,344.92676,6722.253,"spacetrack"
100117,"2026-09-07 18:33:35.797+00",0.0010344,15.752234,0.00157256,0.0001389,343.06174,344.92914,6722.1323,"spacetrack"
100117,"2026-09-08 14:22:49.55+00",0.0015326,15.751642,0.00234597,0.0001414,343.2135,345.11456,6722.3013,"spacetrack"
100117,"2026-09-09 23:55:23.728+00",0.0015758,15.753358,0.00243268,3.79e-05,343.42117,343.93066,6721.813,"spacetrack"
100117,"2026-09-10 13:38:42.437+00",0.0012301,15.75172,0.00187281,0.0001936,342.84027,345.44315,6722.279,"spacetrack"
100117,"2026-09-11 18:36:49.45+00",0.0011155,15.752776,0.00170249,0.0001518,342.821,344.8618,6721.9785,"spacetrack"
100117,"2026-09-12 14:26:04.024+00",0.0012878,15.751967,0.00196507,0.0002258,342.5534,345.58914,6722.2085,"spacetrack"
100117,"2026-09-13 23:58:36.811+00",0.0011343,15.752585,0.00173044,0.0001196,343.0916,344.69952,6722.0327,"spacetrack"
100118,"2026-09-07 13:23:04.245+00",6.7264e-06,15.7518425,8.74e-06,0.0001033,343.41245,344.80127,6722.2437,"spacetrack"
100118,"2026-09-08 15:18:13.586+00",-3.2007e-05,15.751637,-4.895e-05,9.52e-05,343.52542,344.80536,6722.3022,"spacetrack"
100118,"2026-09-09 23:19:17.914+00",1.0454e-05,15.751816,1.43e-05,6.22e-05,343.69644,344.53268,6722.2515,"spacetrack"
100118,"2026-09-10 23:42:58.334+00",5.3467e-06,15.7518215,6.68e-06,8.69e-05,343.52872,344.69702,6722.25,"spacetrack"
100118,"2026-09-11 13:26:17.641+00",1.4655e-06,15.751791,8.9e-07,7.8e-05,343.59735,344.64603,6722.259,"spacetrack"
100118,"2026-09-12 22:58:50.607+00",7.6969e-06,15.751845,1.018e-05,0.0001001,343.43314,344.77893,6722.243,"spacetrack"
100118,"2026-09-13 18:48:04.754+00",8.247e-06,15.751852,1.1e-05,0.0001136,343.34058,344.86786,6722.241,"spacetrack"
100119,"2026-09-07 14:48:26.947+00",1.0116e-05,15.751815,1.379e-05,0.0001064,343.39944,344.82993,6722.2515,"spacetrack"
100119,"2026-09-08 13:40:38.271+00",3.0537e-05,15.751961,4.429e-05,0.0001421,343.11816,345.02863,6722.2104,"spacetrack"
100119,"2026-09-09 23:13:13.226+00",-2.0128e-05,15.7516,-3.127e-05,8.98e-05,343.5721,344.77942,6722.313,"spacetrack"
100119,"2026-09-10 23:36:52.667+00",-1.1384e-06,15.751746,-2.99e-06,5.32e-05,343.7766,344.49185,6722.271,"spacetrack"
100119,"2026-09-11 14:51:40.675+00",5.4451e-06,15.751753,6.82e-06,0.000116,343.35254,344.9121,6722.2695,"spacetrack"
100119,"2026-09-12 22:52:45.054+00",1.1311e-05,15.751806,1.557e-05,0.0001256,343.27304,344.96167,6722.2544,"spacetrack"
100119,"2026-09-13 14:07:32.812+00",1.3131e-05,15.751858,1.829e-05,0.000124,343.269,344.93613,6722.2397,"spacetrack"
100120,"2026-09-07 14:51:29.978+00",5.9616e-06,15.751805,7.59e-06,0.0001081,343.39093,344.8443,6722.2544,"spacetrack"
100120,"2026-09-08 13:43:42.309+00",-2.3709e-05,15.751605,-3.66e-05,0.0001512,343.15814,345.19098,6722.3115,"spacetrack"
100120,"2026-09-09 18:41:49.11+00",3.4396e-06,15.7517805,3.83e-06,0.0001693,342.9864,345.26254,6722.261,"spacetrack"
100120,"2026-09-10 23:39:55.289+00",9.6942e-06,15.751851,1.316e-05,0.0001467,343.11835,345.09067,6722.2417,"spacetrack"
100120,"2026-09-11 13:23:14.752+00",5.5527e-07,15.751795,-4.7e-07,8.41e-05,343.55527,344.68597,6722.258,"spacetrack"
100120,"2026-09-12 22:55:47.694+00",8.9473e-06,15.751855,1.205e-05,8.98e-05,343.4998,344.7071,6722.24,"spacetrack"
100120,"2026-09-13 14:10:35.619+00",6.2434e-06,15.751841,8.02e-06,9.88e-05,343.44324,344.77155,6722.2446,"spacetrack"
100121,"2026-09-07 23:17:10.624+00",0.0020816,15.753191,0.00324247,0.0001187,342.9255,344.52127,6721.8604,"spacetrack"
100121,"2026-09-08 14:31:58.33+00",0.0016752,15.751493,0.00256946,0.0001114,343.45737,344.9551,6722.3433,"spacetrack"
100121,"2026-09-09 14:55:39.998+00",0.00067302,15.751917,0.00101466,0.0001807,342.87112,345.30054,6722.2227,"spacetrack"
100121,"2026-09-10 22:56:44.051+00",0.0016965,15.752836,0.00261887,0.0001527,342.79788,344.85077,6721.9614,"spacetrack"
100121,"2026-09-11 14:11:32.158+00",0.0016466,15.751974,0.00252976,0.0001717,342.9152,345.2236,6722.2065,"spacetrack"
100121,"2026-09-12 23:44:05.161+00",0.0014806,15.752723,0.00227504,0.0001384,342.9262,344.78687,6721.9937,"spacetrack"
100121,"2026-09-13 13:27:24.293+00",0.00092643,15.7519865,0.00140406,0.0002064,342.67847,345.4534,6722.203,"spacetrack"
100122,"2026-09-07 23:45:37.833+00",3.9411e-05,15.751972,5.754e-05,0.0001123,343.315,344.8248,6722.207,"spacetrack"
100122,"2026-09-08 13:28:57.352+00",1.0494e-05,15.751831,1.435e-05,0.0001471,343.1213,345.099,6722.247,"spacetrack"
100122,"2026-09-09 23:01:30.814+00",9.0246e-06,15.751804,1.216e-05,8.44e-05,343.55038,344.6851,6722.255,"spacetrack"
100122,"2026-09-10 14:16:18.88+00",1.0918e-05,15.751822,1.499e-05,0.0001703,342.96786,345.25748,6722.2495,"spacetrack"
100122,"2026-09-11 14:39:59.319+00",4.679e-06,15.751813,5.68e-06,0.0001264,343.26556,344.96497,6722.2524,"spacetrack"
100122,"2026-09-12 13:32:11.156+00",6.0058e-06,15.751785,7.66e-06,0.0001106,343.3798,344.86676,6722.2603,"spacetrack"
100122,"2026-09-13 23:04:44.143+00",1.4999e-05,15.751859,2.108e-05,0.0001216,343.285,344.91986,6722.2393,"spacetrack"
100123,"2026-09-07 15:00:08.77+00",1.6096e-05,15.751856,2.271e-05,0.0001066,343.38654,344.8197,6722.24,"spacetrack"
100123,"2026-09-08 13:52:21.151+00",-1.5437e-05,15.751675,-2.429e-05,0.0001708,343.0064,345.30276,6722.2915,"spacetrack"
100123,"2026-09-09 23:24:53.965+00",1.0607e-05,15.751813,1.452e-05,0.0001293,343.24612,344.9845,6722.2524,"spacetrack"
100123,"2026-09-10 23:48:34.41+00",1.3596e-05,15.7518425,1.898e-05,0.0001535,343.07507,345.1388,6722.244,"spacetrack"
100123,"2026-09-11 13:31:53.969+00",-3.0989e-07,15.751745,-1.76e-06,0.0001116,343.3844,344.8848,6722.2715,"spacetrack"
100123,"2026-09-12 23:04:26.632+00",7.8086e-06,15.751839,1.035e-05,9.48e-05,343.47076,344.7453,6722.245,"spacetrack"
100123,"2026-09-13 18:53:40.9+00",6.9162e-06,15.7518425,9.02e-06,0.0001414,343.15643,345.0575,6722.244,"spacetrack"
100124,"2026-09-07 22:54:19.31+00",3.6173e-05,15.751933,5.27e-05,0.0001178,343.28934,344.87308,6722.2183,"spacetrack"
100124,"2026-09-08 23:18:00.286+00",-2.8213e-06,15.751772,-5.5e-06,0.000133,343.23285,345.021,6722.264,"spacetrack"
100124,"2026-09-09 14:32:48.343+00",5.0815e-06,15.751741,6.28e-06,0.0001458,343.1555,345.1157,6722.2725,"spacetrack"
100124,"2026-09-10 13:25:00.725+00",5.1939e-06,15.751715,6.44e-06,0.0003046,342.09573,346.19095,6722.2803,"spacetrack"
100124,"2026-09-11 13:48:40.46+00",1.7985e-05,15.751831,2.553e-05,0.0001301,343.23557,344.9847,6722.247,"spacetrack"
100124,"2026-09-12 14:12:20.854+00",2.3991e-05,15.751848,3.45e-05,9.33e-05,343.47806,344.73242,6722.242,"spacetrack"
100124,"2026-09-13 23:44:53.832+00",1.7607e-05,15.751879,2.497e-05,9.02e-05,343.4903,344.70297,6722.2334,"spacetrack"
100138,"2026-09-07 22:09:56.566+00",0.00031101,15.493643,0.0002611,0.0144344,320.478,516.6912,6796.7217,"spacetrack"
100138,"2026-09-08 19:51:57.24+00",0.00034275,15.494173,0.00028842,0.0144237,320.39792,516.4612,6796.5664,"spacetrack"
100138,"2026-09-09 19:06:55.14+00",0.0002907,15.494685,0.00024468,0.0144135,320.31967,516.24,6796.417,"spacetrack"
100138,"2026-09-10 18:21:50.536+00",0.00028368,15.495161,0.00023922,0.0144139,320.17975,516.1015,6796.278,"spacetrack"
100138,"2026-09-11 19:09:43.233+00",0.00029373,15.495657,0.00024705,0.0143318,320.59473,515.39636,6796.1323,"spacetrack"
100138,"2026-09-12 16:51:33.848+00",0.00030637,15.496152,0.00025918,0.0143872,320.07556,515.62604,6795.988,"spacetrack"
100138,"2026-09-13 11:27:24.199+00",0.00032217,15.496565,0.00027312,0.0143865,319.96133,515.49884,6795.867,"spacetrack"
100142,"2026-09-07 19:53:13.316+00",0.00054167,16.042255,0.00357087,0.001633,251.88705,273.57614,6640.8687,"spacetrack"
100142,"2026-09-08 19:50:03.819+00",0.00058787,16.050097,0.00406353,0.0016463,249.6394,271.49802,6638.7056,"spacetrack"
100142,"2026-09-09 19:46:13.584+00",0.0005074,16.057314,0.00366865,0.0016648,247.53029,269.6279,6636.7163,"spacetrack"
100142,"2026-09-10 21:11:26.261+00",0.00047443,16.065092,0.00360146,0.0016849,245.25793,267.6151,6634.5737,"spacetrack"
100142,"2026-09-11 22:35:53.789+00",0.00048871,16.073214,0.00390345,0.0016962,242.95215,265.4517,6632.339,"spacetrack"
100142,"2026-09-12 18:01:08.03+00",0.00050163,16.079716,0.00417429,0.0016996,241.14418,263.68274,6630.5503,"spacetrack"
100142,"2026-09-13 20:53:44.021+00",0.00049978,16.089304,0.00442237,0.0017101,238.44453,261.11334,6627.916,"spacetrack"
100171,"2026-09-07 15:16:15.919+00",0.0011802,15.751536,0.00179365,6.96e-05,343.7263,344.66202,6722.331,"spacetrack"
100171,"2026-09-08 15:39:57.212+00",0.0017144,15.751387,0.00263044,0.0001323,343.34717,345.1259,6722.3735,"spacetrack"
100171,"2026-09-09 14:32:09.299+00",0.0010062,15.751568,0.00152438,0.0001352,343.27615,345.09387,6722.322,"spacetrack"
100171,"2026-09-10 14:55:50.683+00",0.0019388,15.751397,0.00298819,0.0004087,341.48618,346.98105,6722.3706,"spacetrack"
100171,"2026-09-11 19:53:56.668+00",0.0010243,15.752342,0.00155768,0.0002008,342.61487,345.31445,6722.1016,"spacetrack"
100171,"2026-09-12 15:43:10.903+00",0.0018366,15.752567,0.00283942,9.88e-05,343.23672,344.565,6722.038,"spacetrack"
100171,"2026-09-13 13:03:53.591+00",0.0012899,15.752625,0.00197402,8.64e-05,343.30344,344.465,6722.021,"spacetrack"
100179,"2026-09-07 12:54:36.543+00",0.0010085,15.752545,0.0015346,0.0001688,342.77237,345.04172,6722.044,"spacetrack"
100179,"2026-09-08 14:49:45.625+00",0.00071377,15.751985,0.00107724,8.57e-05,343.49033,344.64252,6722.2036,"spacetrack"
100179,"2026-09-09 12:10:29.25+00",0.00078122,15.751971,0.00118056,0.0001677,342.943,345.1976,6722.2075,"spacetrack"
100179,"2026-09-10 12:34:09.713+00",0.001077,15.751826,0.00163564,0.0001162,343.33038,344.89264,6722.2485,"spacetrack"
100179,"2026-09-11 12:57:50.164+00",0.00085123,15.752036,0.00128857,0.0002604,342.3015,345.80243,6722.189,"spacetrack"
100179,"2026-09-12 13:21:30.631+00",0.00091992,15.752299,0.00139589,0.00016,342.90155,345.05264,6722.1143,"spacetrack"
100179,"2026-09-13 12:13:42.427+00",0.0017055,15.752902,0.00263401,0.0001966,342.48395,345.127,6721.9424,"spacetrack"
100180,"2026-09-07 15:39:16.306+00",0.00084721,15.752526,0.00128501,9.33e-05,343.2852,344.53952,6722.0493,"spacetrack"
100180,"2026-09-08 23:40:21.378+00",0.002049,15.752705,0.00318275,0.0001328,342.96893,344.7543,6721.9985,"spacetrack"
100180,"2026-09-09 19:29:35.613+00",0.0011692,15.752453,0.00178394,0.0002111,342.51413,345.3522,6722.0703,"spacetrack"
100180,"2026-09-10 22:56:13.596+00",0.001008,15.753546,0.00154059,0.000122,342.8024,344.4425,6721.7593,"spacetrack"
100180,"2026-09-11 12:39:32.735+00",0.0010181,15.7521515,0.00154674,0.0001397,343.08002,344.9582,6722.1562,"spacetrack"
100180,"2026-09-12 13:03:13.074+00",0.00069939,15.752254,0.00105651,0.000161,342.90787,345.0724,6722.127,"spacetrack"
100180,"2026-09-13 13:26:53.827+00",0.00084919,15.752008,0.00128517,0.0001495,343.05472,345.06464,6722.197,"spacetrack"
100181,"2026-09-07 12:22:05.208+00",0.0019632,15.754357,0.00306704,0.0001118,342.64,344.14294,6721.5283,"spacetrack"
100181,"2026-09-08 12:45:45.327+00",0.00036663,15.751927,0.00054913,0.0001215,343.2661,344.8996,6722.2197,"spacetrack"
100181,"2026-09-09 13:09:26.818+00",0.0012768,15.751915,0.00194736,0.0001289,343.2199,344.9529,6722.2236,"spacetrack"
100181,"2026-09-10 13:33:06.955+00",0.00090918,15.751672,0.0013755,0.0001306,343.27747,345.03333,6722.2925,"spacetrack"
100181,"2026-09-11 12:25:18.86+00",0.0012589,15.752649,0.00192559,0.0001186,343.08017,344.67462,6722.014,"spacetrack"
100181,"2026-09-12 12:48:59.492+00",0.0011182,15.752162,0.0017021,0.0001631,342.91965,345.11243,6722.153,"spacetrack"
100181,"2026-09-13 13:12:40.062+00",0.0012514,15.752375,0.00191158,9.42e-05,343.32224,344.58865,6722.0923,"spacetrack"
100182,"2026-09-07 20:56:54.513+00",0.0019822,15.752708,0.00307506,0.000147,342.8724,344.8487,6721.9976,"spacetrack"
100182,"2026-09-08 13:43:10.963+00",0.0013578,15.751574,0.00207087,0.0001312,343.30148,345.06543,6722.3203,"spacetrack"
100182,"2026-09-09 12:35:23.415+00",0.0011879,15.751781,0.00180768,0.0001833,342.89212,345.35648,6722.261,"spacetrack"
100182,"2026-09-10 12:59:03.305+00",0.0012733,15.75169,0.00194035,0.0003645,341.69995,346.6005,6722.287,"spacetrack"
100182,"2026-09-11 11:51:15.25+00",0.0010469,15.753134,0.00159883,0.0004013,341.04196,346.43695,6721.8765,"spacetrack"
100182,"2026-09-12 19:52:19.948+00",0.0011858,15.752307,0.00180855,0.0001661,342.85822,345.09128,6722.112,"spacetrack"
100182,"2026-09-13 12:38:36.536+00",0.001305,15.752312,0.00199487,0.000151,342.95853,344.98862,6722.1104,"spacetrack"
100183,"2026-09-07 22:59:18.211+00",0.0016512,15.755195,0.00257379,7.35e-05,342.65936,343.6474,6721.2905,"spacetrack"
100183,"2026-09-08 12:42:42.257+00",0.00052229,15.752006,0.00078528,0.0001126,343.30353,344.81735,6722.1973,"spacetrack"
100183,"2026-09-09 13:06:23.872+00",0.0012364,15.751911,0.0018842,9.89e-05,343.42264,344.7523,6722.2246,"spacetrack"
100183,"2026-09-10 07:24:09.101+00",0.0015153,15.75348,0.00233771,0.0001505,342.6294,344.65265,6721.778,"spacetrack"
100183,"2026-09-11 19:59:39.76+00",0.0013107,15.752489,0.0020054,0.0002211,342.43677,345.40927,6722.06,"spacetrack"
100183,"2026-09-12 12:45:56.59+00",0.0010729,15.75208,0.00163124,0.0001366,343.12122,344.9577,6722.1763,"spacetrack"
100183,"2026-09-13 13:09:36.844+00",0.0012611,15.752421,0.00192705,8.32e-05,343.38303,344.5016,6722.079,"spacetrack"
100184,"2026-09-07 13:34:45.913+00",0.0011831,15.75225,0.00180387,0.0001546,342.95193,345.03043,6722.1284,"spacetrack"
100184,"2026-09-08 12:26:57.445+00",0.00089439,15.752495,0.00135783,0.0002899,341.9725,345.86996,6722.058,"spacetrack"
100184,"2026-09-09 18:56:33.495+00",0.00080254,15.752229,0.00121521,0.0004539,340.94577,347.04813,6722.134,"spacetrack"
100184,"2026-09-10 23:54:40.457+00",0.0016094,15.752811,0.00248001,0.0001432,342.8686,344.79376,6721.9683,"spacetrack"
100184,"2026-09-11 19:43:54.616+00",0.0015513,15.75283,0.00238816,0.0002487,342.15442,345.49792,6721.9634,"spacetrack"
100184,"2026-09-12 12:30:10.473+00",0.0010846,15.75268,0.00165366,0.0001425,342.9109,344.82666,6722.006,"spacetrack"
100184,"2026-09-13 12:53:51.889+00",0.0011332,15.752519,0.00172826,0.0001803,342.70264,345.1266,6722.052,"spacetrack"
100185,"2026-09-07 12:48:30.935+00",0.00149,15.75372,0.00230007,0.0001244,342.73666,344.40903,6721.71,"spacetrack"
100185,"2026-09-08 23:52:32.965+00",0.0016598,15.752586,0.00255752,0.0001053,343.18747,344.60315,6722.032,"spacetrack"
100185,"2026-09-09 13:35:52.534+00",0.0010877,15.7517395,0.00165186,0.000281,342.2474,346.02533,6722.2734,"spacetrack"
100185,"2026-09-10 12:28:03.742+00",0.0015924,15.754092,0.00246708,0.0001343,342.56436,344.36978,6721.604,"spacetrack"
100185,"2026-09-11 12:51:44.218+00",0.00090179,15.751928,0.00136567,0.0001356,343.17087,344.99393,6722.219,"spacetrack"
100185,"2026-09-12 13:15:23.984+00",0.0010268,15.7525625,0.00156317,0.0001949,342.59207,345.2123,6722.039,"spacetrack"
100185,"2026-09-13 19:45:00.542+00",0.00097331,15.752287,0.00147837,0.000203,342.61588,345.34506,6722.1177,"spacetrack"
100186,"2026-09-07 07:38:30.843+00",0.0013227,15.752571,0.00202509,0.0002915,341.94012,345.85907,6722.0366,"spacetrack"
100186,"2026-09-08 12:36:36.416+00",0.00049751,15.752028,0.0007477,0.0001042,343.35345,344.75436,6722.191,"spacetrack"
100186,"2026-09-09 13:00:18.09+00",0.0011659,15.751783,0.00177345,0.0002081,342.72488,345.5227,6722.2607,"spacetrack"
100186,"2026-09-10 13:23:58.11+00",0.0011403,15.752457,0.00173878,0.0002026,342.5702,345.29398,6722.0693,"spacetrack"
100186,"2026-09-11 19:53:33.948+00",0.0010694,15.752269,0.00162722,0.0001869,342.72937,345.2421,6722.1226,"spacetrack"
100186,"2026-09-12 01:59:29.227+00",0.0011888,15.7521515,0.00181194,0.000177,342.8292,345.20883,6722.156,"spacetrack"
100186,"2026-09-13 13:03:30.994+00",0.00088287,15.752417,0.00133942,0.0001754,342.76468,345.12277,6722.0806,"spacetrack"
100187,"2026-09-07 20:45:12.84+00",0.0004983,15.752206,0.00074949,0.0001218,343.1849,344.82242,6722.1406,"spacetrack"
100187,"2026-09-08 13:31:29.345+00",0.00040327,15.752177,0.00060523,0.0001694,342.87296,345.15042,6722.149,"spacetrack"
100187,"2026-09-09 12:23:42.023+00",0.0011311,15.753358,0.00173134,0.0001579,342.6146,344.73734,6721.813,"spacetrack"
100187,"2026-09-10 12:47:22.023+00",0.0010264,15.752198,0.00156036,0.00039,341.38397,346.62726,6722.1426,"spacetrack"
100187,"2026-09-11 13:11:02.922+00",0.001077,15.751949,0.00163677,0.0002415,342.4532,345.7,6722.2134,"spacetrack"
100187,"2026-09-12 13:34:43.42+00",0.00087836,15.75205,0.00133029,0.0001072,343.3271,344.76834,6722.1846,"spacetrack"
100187,"2026-09-13 20:04:19.058+00",0.0013349,15.752671,0.0020451,0.0002037,342.5019,345.24045,6722.0083,"spacetrack"
100188,"2026-09-07 23:54:16.38+00",0.0012436,15.752727,0.0019023,9.48e-05,343.21817,344.49268,6721.992,"spacetrack"
100188,"2026-09-08 12:06:06.53+00",0.0013028,15.752228,0.00199068,0.0001502,342.9876,345.00696,6722.1343,"spacetrack"
100188,"2026-09-09 12:29:48.178+00",0.00086886,15.753138,0.00132196,0.0001184,342.9427,344.53442,6721.8755,"spacetrack"
100188,"2026-09-10 12:53:28.181+00",0.00094296,15.751782,0.00142825,0.0001836,342.8899,345.3583,6722.261,"spacetrack"
100188,"2026-09-11 13:17:08.738+00",0.0009798,15.751943,0.00148627,0.0002689,342.27078,345.886,6722.2153,"spacetrack"
100188,"2026-09-12 13:40:49.261+00",0.00046782,15.751956,0.00070243,0.0001757,342.89362,345.2558,6722.212,"spacetrack"
100188,"2026-09-13 12:33:01.187+00",0.00095411,15.752194,0.00144805,0.0001651,342.8969,345.11655,6722.1436,"spacetrack"
100189,"2026-09-07 13:05:16.936+00",0.001648,15.75243,0.00253705,0.0001342,343.03775,344.84198,6722.0767,"spacetrack"
100189,"2026-09-08 13:28:56.69+00",0.00037591,15.752052,0.00056347,0.0001498,343.0403,345.0543,6722.184,"spacetrack"
100189,"2026-09-09 12:21:09.561+00",0.0013049,15.753628,0.00200632,0.0001042,342.89877,344.2996,6721.7363,"spacetrack"
100189,"2026-09-10 15:47:47.305+00",0.0005577,15.752393,0.00084064,0.0002397,342.33902,345.56158,6722.0874,"spacetrack"
100189,"2026-09-11 13:08:30.44+00",0.0010442,15.751819,0.00158512,0.00032,341.9625,346.2647,6722.2505,"spacetrack"
100189,"2026-09-12 19:38:06.005+00",0.0012796,15.752538,0.00195727,0.0003085,341.8353,345.98282,6722.046,"spacetrack"
100189,"2026-09-13 12:24:22.806+00",0.00099067,15.752408,0.00150607,0.00022,342.46716,345.42487,6722.083,"spacetrack"
100190,"2026-09-07 21:09:06.57+00",0.0015626,15.752579,0.00240331,7.79e-05,343.3737,344.421,6722.034,"spacetrack"
100190,"2026-09-08 12:23:54.118+00",0.0013173,15.753115,0.00202134,0.0001857,342.49667,344.9932,6721.882,"spacetrack"
100190,"2026-09-09 12:47:35.892+00",0.00059814,15.751991,0.00090078,0.0002565,342.34024,345.78873,6722.2017,"spacetrack"
100190,"2026-09-10 23:51:37.513+00",0.0015453,15.752748,0.00237766,0.0001045,343.1469,344.5518,6721.9863,"spacetrack"
100190,"2026-09-11 19:40:51.65+00",0.0011977,15.752485,0.00182874,0.0002598,342.17755,345.67035,6722.061,"spacetrack"
100190,"2026-09-12 12:27:07.668+00",0.0017662,15.753222,0.00273484,0.0001976,342.38602,345.04248,6721.851,"spacetrack"
100190,"2026-09-13 12:50:48.738+00",0.00089623,15.752195,0.00135871,0.0001658,342.892,345.12106,6722.1436,"spacetrack"
100191,"2026-09-07 13:38:49.723+00",0.00099745,15.752573,0.00151759,0.0001308,343.01984,344.77832,6722.036,"spacetrack"
100191,"2026-09-08 12:31:01.109+00",0.0012216,15.752706,0.00186772,0.0001228,343.03604,344.68695,6721.9985,"spacetrack"
100191,"2026-09-09 12:54:42.384+00",0.00034337,15.751996,0.0005142,0.0002013,342.7102,345.41653,6722.2,"spacetrack"
100191,"2026-09-10 23:58:44.235+00",0.0012935,15.752594,0.00197942,6.92e-05,343.42783,344.35815,6722.03,"spacetrack"
100191,"2026-09-11 19:47:58.567+00",0.0012887,15.75235,0.00196983,0.0002255,342.44684,345.4785,6722.0996,"spacetrack"
100191,"2026-09-12 12:34:15.085+00",0.00096173,15.752186,0.00145979,0.0001755,342.8295,345.189,6722.1465,"spacetrack"
100191,"2026-09-13 12:57:55.735+00",0.0012538,15.752284,0.00191457,0.0001556,342.93533,345.02725,6722.118,"spacetrack"
100192,"2026-09-07 21:06:03.557+00",0.0016778,15.752701,0.00258752,0.0001174,343.0735,344.6518,6721.9995,"spacetrack"
100192,"2026-09-08 12:20:51.229+00",0.0019626,15.753263,0.00305109,0.0001549,342.6615,344.74393,6721.84,"spacetrack"
100192,"2026-09-09 12:44:32.712+00",0.001035,15.751976,0.00157174,0.0001604,342.99075,345.14725,6722.206,"spacetrack"
100192,"2026-09-10 23:48:34.436+00",0.0011491,15.752487,0.00175268,6.83e-05,343.46442,344.38263,6722.0605,"spacetrack"
100192,"2026-09-11 13:31:53.612+00",0.0010249,15.751825,0.00155507,8.93e-05,343.51157,344.71216,6722.249,"spacetrack"
100192,"2026-09-12 12:24:05.29+00",0.0011041,15.752521,0.00168291,0.0001372,342.99182,344.83636,6722.0513,"spacetrack"
100192,"2026-09-13 12:47:45.979+00",0.0010596,15.752369,0.00161265,0.0001603,342.8796,345.03473,6722.094,"spacetrack"
100193,"2026-09-07 19:22:23.169+00",0.0010899,15.752288,0.00165913,0.0001937,342.67807,345.28223,6722.117,"spacetrack"
100193,"2026-09-08 12:08:39.745+00",0.0013076,15.753215,0.00200693,6.68e-05,343.2676,344.16565,6721.8535,"spacetrack"
100193,"2026-09-09 12:32:21.073+00",0.00085868,15.752345,0.00130167,0.0001434,343.00003,344.92792,6722.101,"spacetrack"
100193,"2026-09-10 12:56:01.106+00",0.0013507,15.751816,0.00206205,0.0002379,342.5153,345.71375,6722.2515,"spacetrack"
100193,"2026-09-11 13:19:41.703+00",0.0010415,15.751911,0.0015818,0.0003957,341.4274,346.74738,6722.2246,"spacetrack"
100193,"2026-09-12 13:43:22.304+00",0.00082432,15.752016,0.00124694,0.0001054,343.34912,344.76614,6722.195,"spacetrack"
100193,"2026-09-13 20:12:57.818+00",0.0011079,15.752609,0.00168959,0.0002634,342.1182,345.65936,6722.026,"spacetrack"
100194,"2026-09-07 14:02:12.358+00",0.001061,15.751867,0.0016112,0.0001779,342.9039,345.29565,6722.237,"spacetrack"
100194,"2026-09-08 12:54:23.975+00",0.00084576,15.752221,0.00128106,0.0001265,343.149,344.84967,6722.136,"spacetrack"
100194,"2026-09-09 19:23:59.546+00",0.00059011,15.751885,0.00088809,0.0002136,342.6588,345.53055,6722.2314,"spacetrack"
100194,"2026-09-10 12:10:16.753+00",0.0015459,15.753364,0.00238515,0.0001304,342.7977,344.55075,6721.811,"spacetrack"
100194,"2026-09-11 20:11:21.01+00",0.001393,15.752724,0.00213688,0.0002244,342.3477,345.36453,6721.993,"spacetrack"
100194,"2026-09-12 12:57:37.477+00",0.0010066,15.752327,0.00153007,0.000141,343.0214,344.91702,6722.1064,"spacetrack"
100194,"2026-09-13 13:21:18.341+00",0.001014,15.75228,0.00154129,0.000118,343.18906,344.77548,6722.119,"spacetrack"
100195,"2026-09-07 20:59:27.112+00",0.0014233,15.752582,0.00218334,1.95e-05,343.76544,344.02762,6722.0337,"spacetrack"
100195,"2026-09-08 12:14:14.859+00",0.001339,15.752395,0.00204893,0.0001826,342.72232,345.17725,6722.087,"spacetrack"
100195,"2026-09-09 12:37:56.343+00",0.00099947,15.75186,0.00151596,0.0001378,343.1756,345.02826,6722.239,"spacetrack"
100195,"2026-09-10 23:41:58.123+00",0.0012124,15.752564,0.00185209,0.0001378,342.97528,344.82788,6722.0386,"spacetrack"
100195,"2026-09-11 19:31:12.381+00",0.0013342,15.752553,0.00204286,0.0002299,342.35928,345.4501,6722.0415,"spacetrack"
100195,"2026-09-12 19:54:52.882+00",0.0012408,15.752363,0.00189499,0.000206,342.57416,345.34366,6722.0957,"spacetrack"
100195,"2026-09-13 12:41:09.557+00",0.00097448,15.752062,0.00147869,0.0001741,342.8741,345.21475,6722.1816,"spacetrack"
100196,"2026-09-07 20:48:11.058+00",0.0016807,15.755522,0.00262495,0.0001112,342.31305,343.80783,6721.1973,"spacetrack"
100196,"2026-09-08 12:03:03.882+00",0.0014983,15.7520685,0.00229632,0.0001089,343.3106,344.7747,6722.1797,"spacetrack"
100196,"2026-09-09 12:26:45.492+00",0.0012219,15.75267,0.00186787,0.0001319,342.98477,344.75803,6722.0083,"spacetrack"
100196,"2026-09-10 12:50:26.318+00",0.00093601,15.752195,0.00142147,0.0006273,339.78964,348.22324,6722.1436,"spacetrack"
100196,"2026-09-11 13:14:06.597+00",0.001372,15.752017,0.0020972,0.0001065,343.34134,344.77316,6722.1943,"spacetrack"
100196,"2026-09-12 15:09:15.379+00",0.00077904,15.751748,0.00117603,0.0001014,343.4521,344.81537,6722.2705,"spacetrack"
100196,"2026-09-13 12:29:58.641+00",0.00069959,15.752192,0.00105654,0.0001727,342.8468,345.1686,6722.1445,"spacetrack"
100197,"2026-09-07 12:59:41.601+00",0.0010261,15.752477,0.00156136,0.0001365,343.00885,344.84396,6722.0635,"spacetrack"
100197,"2026-09-08 13:23:21.235+00",0.00029446,15.75213,0.00044062,0.0001346,343.12048,344.93008,6722.162,"spacetrack"
100197,"2026-09-09 12:15:34.262+00",0.0010827,15.7532625,0.00165498,0.0001252,342.86136,344.54453,6721.84,"spacetrack"
100197,"2026-09-10 08:04:48.527+00",0.0013175,15.753332,0.00202354,0.0001598,342.6091,344.7574,6721.8203,"spacetrack"
100197,"2026-09-11 17:37:21.524+00",0.00092134,15.752124,0.001397,0.0001438,343.06027,344.99356,6722.164,"spacetrack"
100197,"2026-09-12 19:32:30.511+00",0.00089615,15.752406,0.00135996,0.000259,342.20557,345.6876,6722.0835,"spacetrack"
100197,"2026-09-13 19:56:11.291+00",0.0013568,15.752421,0.00207708,0.0001661,342.82568,345.05875,6722.079,"spacetrack"
100198,"2026-09-07 19:31:31.959+00",0.0013589,15.752466,0.00208077,0.0001606,342.84995,345.00906,6722.0664,"spacetrack"
100198,"2026-09-08 12:17:48.523+00",0.0013964,15.753312,0.00214784,6.26e-05,343.26813,344.1097,6721.8257,"spacetrack"
100198,"2026-09-09 12:41:29.822+00",0.0012161,15.752084,0.00185394,0.0001661,342.9216,345.15472,6722.1753,"spacetrack"
100198,"2026-09-10 13:05:09.888+00",0.00049339,15.75232,0.0007424,0.0001359,343.05737,344.88443,6722.108,"spacetrack"
100198,"2026-09-11 13:28:50.559+00",0.00095682,15.751908,0.00145053,0.0002584,342.35117,345.82523,6722.225,"spacetrack"
100198,"2026-09-12 12:21:02.317+00",0.0018228,15.753062,0.00282359,0.0002126,342.33075,345.1889,6721.897,"spacetrack"
100198,"2026-09-13 12:44:43.022+00",0.0014543,15.75264,0.00223275,0.0001359,342.96652,344.79358,6722.017,"spacetrack"
100199,"2026-09-07 12:40:53.362+00",0.0013153,15.752185,0.00200987,0.0001841,342.77188,345.24698,6722.1465,"spacetrack"
100199,"2026-09-08 13:04:33.483+00",0.00073697,15.752202,0.00111384,0.0001336,343.10648,344.90262,6722.1416,"spacetrack"
100199,"2026-09-09 11:56:46.133+00",0.0013632,15.753758,0.00209963,9.99e-05,342.89032,344.23334,6721.6987,"spacetrack"
100199,"2026-09-10 13:51:54.972+00",0.00050494,15.752278,0.00075982,0.0001085,343.2537,344.7124,6722.12,"spacetrack"
100199,"2026-09-11 12:44:07.067+00",0.00096403,15.751871,0.00146131,0.0001652,342.98828,345.20932,6722.236,"spacetrack"
100199,"2026-09-12 13:07:47.304+00",0.0013411,15.752526,0.00205335,0.0001228,343.08698,344.7379,6722.0493,"spacetrack"
100199,"2026-09-13 13:31:28.066+00",0.00080482,15.752049,0.00121719,0.0001695,342.90872,345.18756,6722.185,"spacetrack"
100200,"2026-09-07 12:24:37.65+00",0.0010553,15.753206,0.00161195,0.0001391,342.78384,344.65387,6721.856,"spacetrack"
100200,"2026-09-08 12:48:17.694+00",0.00077527,15.752334,0.00117328,0.0001536,342.93472,344.99976,6722.104,"spacetrack"
100200,"2026-09-09 07:06:04.13+00",0.0017222,15.75361,0.00266899,0.0001655,342.49173,344.7166,6721.741,"spacetrack"
100200,"2026-09-10 13:35:39.208+00",0.00033043,15.752146,0.00049493,5.59e-05,343.64496,344.3965,6722.1577,"spacetrack"
100200,"2026-09-11 12:27:51.317+00",0.0011561,15.752608,0.00176461,0.0001515,342.87057,344.90735,6722.026,"spacetrack"
100200,"2026-09-12 12:51:31.862+00",0.0011333,15.7525015,0.0017283,0.000162,342.83038,345.00833,6722.056,"spacetrack"
100200,"2026-09-13 19:21:07.242+00",0.001486,15.75276,0.00228396,0.0001531,342.8167,344.875,6721.983,"spacetrack"
100201,"2026-09-07 18:49:20.771+00",0.0010192,15.752215,0.00154888,0.000148,343.00595,344.9957,6722.1377,"spacetrack"
100201,"2026-09-08 13:07:06.09+00",0.00084399,15.752226,0.00127836,0.0001242,343.1631,344.83286,6722.135,"spacetrack"
100201,"2026-09-09 19:36:42.519+00",0.0011412,15.752178,0.00173822,0.0002445,342.36786,345.65497,6722.1484,"spacetrack"
100201,"2026-09-10 12:22:58.263+00",0.0013553,15.753491,0.00208471,7.81e-05,343.11285,344.16278,6721.775,"spacetrack"
100201,"2026-09-11 12:46:39.473+00",0.00098294,15.752471,0.00149444,0.0001419,342.9742,344.88193,6722.065,"spacetrack"
100201,"2026-09-12 13:10:19.934+00",0.00076766,15.7522955,0.00116144,0.0001958,342.6618,345.2942,6722.115,"spacetrack"
100201,"2026-09-13 19:39:55.569+00",0.0013361,15.752405,0.00204459,0.0002301,342.4001,345.49356,6722.084,"spacetrack"
100202,"2026-09-07 12:46:30.323+00",0.0011513,15.75268,0.00175777,0.0001941,342.56387,345.17337,6722.006,"spacetrack"
100202,"2026-09-08 13:10:09.055+00",0.00093213,15.751732,0.00141123,0.0001612,343.05463,345.2219,6722.2754,"spacetrack"
100202,"2026-09-09 19:39:45.433+00",0.00083186,15.752183,0.00125958,0.0002414,342.38727,345.63272,6722.147,"spacetrack"
100202,"2026-09-10 12:26:02.007+00",0.0012712,15.753209,0.00194973,9.04e-05,343.11047,344.32578,6721.855,"spacetrack"
100202,"2026-09-11 12:49:42.487+00",0.0011964,15.751991,0.00182262,0.000189,342.79416,345.33517,6722.2017,"spacetrack"
100202,"2026-09-12 13:13:22.622+00",0.00082974,15.752129,0.00125592,0.0001695,342.88623,345.16504,6722.1626,"spacetrack"
100202,"2026-09-13 13:37:03.56+00",0.00096536,15.751829,0.0014631,0.0001745,342.93765,345.28372,6722.2476,"spacetrack"
100214,"2026-09-07 17:02:00.222+00",0.0015471,15.7515955,0.00236841,0.0001873,342.91818,345.43637,6722.3145,"spacetrack"
100214,"2026-09-08 22:00:43.58+00",-0.0029073,15.732444,-0.00381879,0.0003596,347.21225,352.05087,6727.7686,"spacetrack"
100215,"2026-09-07 17:05:03.042+00",0.0013463,15.751784,0.00205494,0.0002214,342.63525,345.61188,6722.2607,"spacetrack"
100215,"2026-09-08 22:03:36.883+00",-0.0072755,15.734133,-0.00904656,0.0001823,347.92377,350.37656,6727.287,"spacetrack"
100216,"2026-09-07 16:43:41.673+00",0.00096665,15.752582,0.00146992,0.0001137,343.1323,344.6609,6722.0337,"spacetrack"
100216,"2026-09-08 17:07:22.247+00",0.0013881,15.75123,0.00211514,0.0001088,343.54984,345.01263,6722.4185,"spacetrack"
100216,"2026-09-09 15:59:34.695+00",0.0011011,15.751499,0.00167069,0.0001462,343.2218,345.1874,6722.342,"spacetrack"
100216,"2026-09-10 20:58:24.301+00",0.0009954,15.728451,0.00136349,0.0001905,349.48843,352.05212,6728.907,"spacetrack"
100218,"2026-09-07 16:59:27.481+00",0.001501,15.752517,0.00230511,0.0001141,343.14804,344.68204,6722.0522,"spacetrack"
100218,"2026-09-08 14:20:40.546+00",-0.0051365,15.728608,-0.00643998,0.0004185,347.90924,353.54132,6728.8623,"spacetrack"
100220,"2026-09-07 03:51:15.238+00",0.001299,15.751739,0.00198052,0.000176,342.9533,345.31955,6722.2734,"spacetrack"
100221,"2026-09-07 21:01:22.108+00",0.0013392,15.752486,0.00205008,8.69e-05,343.33975,344.50806,6722.061,"spacetrack"
100221,"2026-09-08 21:25:03.059+00",0.001575,15.752212,0.00241891,0.0001642,342.8982,345.10574,6722.139,"spacetrack"
100221,"2026-09-09 23:20:20.25+00",-9.7738e-05,15.748072,-0.00014445,0.0001875,343.91928,346.44052,6723.317,"spacetrack"
100221,"2026-09-10 19:09:26.085+00",0.001106,15.752578,0.00168641,0.0002135,342.46246,345.3328,6722.0347,"spacetrack"
100221,"2026-09-11 16:30:09.372+00",0.0011557,15.751995,0.00175921,0.0001136,343.29996,344.82724,6722.2007,"spacetrack"
100221,"2026-09-12 04:42:26.133+00",-0.0067226,15.731507,-0.00833242,3.91e-05,349.63547,350.16162,6728.0356,"spacetrack"
100222,"2026-09-07 20:58:50.025+00",0.0010328,15.752276,0.00157044,0.0001326,343.09207,344.8748,6722.1206,"spacetrack"
100223,"2026-09-07 10:14:56.994+00",0.0014327,15.74488,0.00212859,0.0008897,340.106,352.07108,6724.2256,"spacetrack"
100225,"2026-09-07 03:39:59.882+00",0.00028337,15.730915,0.00038686,0.0002471,348.40494,351.73004,6728.2046,"spacetrack"
100226,"2026-09-07 22:43:31.229+00",0.0012977,15.752456,0.00198466,0.0001268,343.08,344.7847,6722.0693,"spacetrack"
100226,"2026-09-08 09:23:53.444+00",0.0013125,15.752154,0.00200526,0.0001824,342.792,345.24423,6722.1553,"spacetrack"
100229,"2026-09-07 22:20:39.058+00",0.0024779,15.751821,0.00386581,0.0001339,343.21298,345.01318,6722.25,"spacetrack"
100229,"2026-09-08 16:38:24.389+00",0.00051677,15.751953,0.00077671,0.0001094,343.34003,344.81085,6722.2124,"spacetrack"
100229,"2026-09-09 12:27:57.691+00",-0.0065935,15.738222,-0.00841335,0.0003229,345.81287,350.15662,6726.1216,"spacetrack"
100231,"2026-09-07 16:54:22.795+00",0.0016417,15.751882,0.00252098,5.84e-05,343.70325,344.4884,6722.233,"spacetrack"
100245,"2026-09-07 04:45:30.961+00",0.0011354,15.79918,0.00536397,0.0155665,226.23997,435.10535,6708.8096,"spacetrack"
100245,"2026-09-08 23:12:10.774+00",0.0015056,15.824927,0.0076144,0.014722,224.734,422.05386,6701.531,"spacetrack"
100245,"2026-09-10 22:06:49.593+00",0.0012653,15.85276,0.00697615,0.013894,222.54564,408.54974,6693.6846,"spacetrack"
100245,"2026-09-11 02:38:56.969+00",0.0013298,15.855495,0.00732167,0.0137305,222.88083,406.67496,6692.915,"spacetrack"
100245,"2026-09-13 21:04:41.208+00",0.0012298,15.896358,0.00775598,0.0125505,219.44777,387.1586,6681.4404,"spacetrack"
100246,"2026-09-07 22:06:07.514+00",0.0014351,15.752678,0.00220278,8.13e-05,343.3227,344.41568,6722.0063,"spacetrack"
100246,"2026-09-08 16:23:53.147+00",0.00059064,15.7519455,0.00088909,0.0001612,342.99393,345.16116,6722.2144,"spacetrack"
100246,"2026-09-09 15:16:05.481+00",0.0011864,15.75175,0.00180504,0.0001311,343.2519,345.01447,6722.27,"spacetrack"
100246,"2026-09-10 15:39:46.217+00",0.0011438,15.75182,0.00173955,0.0002827,342.213,346.01376,6722.2505,"spacetrack"
100246,"2026-09-11 20:37:52.745+00",0.00099937,15.752177,0.00151794,0.0001519,342.99054,345.0327,6722.1484,"spacetrack"
100246,"2026-09-12 21:01:33.244+00",0.0011714,15.752336,0.00178622,0.0001185,343.17007,344.7632,6722.1035,"spacetrack"
100246,"2026-09-13 13:47:49.803+00",0.001461,15.752447,0.0022413,7.69e-05,343.41794,344.45178,6722.072,"spacetrack"
100247,"2026-09-07 15:15:29.295+00",0.0011998,15.751691,0.00182543,0.0001067,343.4327,344.86725,6722.287,"spacetrack"
100247,"2026-09-08 21:45:05.201+00",0.001343,15.752337,0.00205471,0.0001206,343.1554,344.77676,6722.103,"spacetrack"
100247,"2026-09-09 16:02:51.25+00",0.00098057,15.751566,0.00148484,0.0001312,343.30368,345.06763,6722.3228,"spacetrack"
100247,"2026-09-10 14:55:02.728+00",0.0018511,15.754411,0.00288645,2.18e-05,343.22983,343.5229,6721.513,"spacetrack"
100247,"2026-09-11 19:53:09.142+00",0.00095129,15.752402,0.001445,0.0001326,343.05643,344.83914,6722.085,"spacetrack"
100247,"2026-09-12 20:16:50.288+00",0.0010331,15.752225,0.00157048,0.000184,342.76117,345.2349,6722.1353,"spacetrack"
100247,"2026-09-13 16:06:04.518+00",0.0013519,15.75204,0.002066,0.0001717,342.89667,345.20508,6722.188,"spacetrack"
100248,"2026-09-07 20:12:47.821+00",0.0015637,15.752712,0.00240646,0.0001067,343.1422,344.5767,6721.9966,"spacetrack"
100248,"2026-09-08 20:36:28.817+00",0.0013768,15.752157,0.00210602,0.0001368,343.09775,344.93692,6722.1543,"spacetrack"
100248,"2026-09-09 14:54:14.486+00",0.0014047,15.753306,0.00216088,0.0001385,342.75955,344.6215,6721.8276,"spacetrack"
100248,"2026-09-10 18:20:52.108+00",0.0011655,15.752286,0.00177673,0.0001833,342.74866,345.21298,6722.1177,"spacetrack"
100248,"2026-09-11 15:41:35.682+00",0.0009691,15.751913,0.00146949,0.0002424,342.45737,345.7163,6722.2236,"spacetrack"
100248,"2026-09-12 16:05:16.54+00",0.0012134,15.751794,0.00184776,0.0003574,341.71832,346.5234,6722.258,"spacetrack"
100248,"2026-09-13 16:28:56.59+00",0.00095136,15.752141,0.00144345,0.0001428,343.0622,344.98206,6722.159,"spacetrack"
100249,"2026-09-07 22:08:40.243+00",0.00115,15.752496,0.00175428,0.0001958,342.60486,345.2372,6722.058,"spacetrack"
100249,"2026-09-08 16:26:25.699+00",0.0014678,15.751545,0.00224309,0.0001646,343.08514,345.29813,6722.3286,"spacetrack"
100249,"2026-09-09 15:18:38.258+00",0.00090696,15.75178,0.00137284,0.0002449,342.47842,345.771,6722.2617,"spacetrack"
100249,"2026-09-10 15:42:18.796+00",0.0012664,15.75174,0.00192977,0.0003036,342.09497,346.17673,6722.273,"spacetrack"
100249,"2026-09-11 16:05:58.773+00",0.0013068,15.751927,0.00199423,0.0001296,343.21167,344.95407,6722.2197,"spacetrack"
100249,"2026-09-12 16:29:39.238+00",0.001191,15.751975,0.00181401,0.0001071,343.3492,344.7891,6722.206,"spacetrack"
100249,"2026-09-13 21:27:46.019+00",0.0010661,15.7524185,0.0016232,0.0002081,342.54422,345.34195,6722.08,"spacetrack"
100250,"2026-09-07 20:47:21.699+00",0.0010621,15.75304,0.00162133,6.01e-05,343.36215,344.17014,6721.9033,"spacetrack"
100250,"2026-09-08 16:36:35.531+00",0.0014157,15.752126,0.00216715,0.0003335,341.78458,346.26825,6722.1636,"spacetrack"
100250,"2026-09-09 21:34:42.202+00",0.001694,15.75287,0.00261524,9.19e-05,343.19696,344.43243,6721.9517,"spacetrack"
100250,"2026-09-10 15:52:28.958+00",0.00059496,15.751796,0.00089508,0.0001385,343.1891,345.05115,6722.2573,"spacetrack"
100250,"2026-09-11 16:16:08.249+00",0.0013128,15.751896,0.00200338,0.0001119,343.33963,344.84406,6722.229,"spacetrack"
100250,"2026-09-12 16:39:48.225+00",0.0011116,15.751607,0.00168778,0.0001439,343.2066,345.1413,6722.311,"spacetrack"
100250,"2026-09-13 15:32:01.162+00",0.0011783,15.752085,0.00179501,0.0001594,342.9665,345.10953,6722.175,"spacetrack"
100251,"2026-09-07 18:14:53.733+00",0.00094942,15.752196,0.00144082,0.0001628,342.91187,345.10062,6722.143,"spacetrack"
100251,"2026-09-08 15:35:37.835+00",0.0021665,15.751215,0.00335136,0.0004858,341.01974,347.55124,6722.4224,"spacetrack"
100251,"2026-09-09 22:05:12.887+00",0.00088505,15.7524185,0.00134276,0.0001244,343.10672,344.77914,6722.08,"spacetrack"
100251,"2026-09-10 16:22:57.95+00",0.0015139,15.7517395,0.00231761,0.0001016,343.45337,344.81934,6722.2734,"spacetrack"
100251,"2026-09-11 15:15:09.914+00",0.0010404,15.751799,0.00157881,0.0001423,343.16287,345.07602,6722.2563,"spacetrack"
100251,"2026-09-12 21:44:45.363+00",0.0013408,15.752541,0.00205312,0.0001507,342.8953,344.92133,6722.0454,"spacetrack"
100251,"2026-09-13 16:02:31.072+00",0.0010555,15.752018,0.00160372,0.0001656,342.94394,345.17032,6722.1943,"spacetrack"
100252,"2026-09-07 21:15:18.842+00",0.0017808,15.752482,0.00274913,0.0001573,342.8676,344.98236,6722.062,"spacetrack"
100252,"2026-09-08 15:33:05.772+00",0.0021255,15.750857,0.0032811,0.0006166,340.24203,348.53226,6722.524,"spacetrack"
100252,"2026-09-09 22:02:40.371+00",0.0010798,15.752369,0.00164391,0.000105,343.25146,344.66312,6722.094,"spacetrack"
100252,"2026-09-10 16:20:25.507+00",0.0014877,15.751795,0.00227682,0.0001039,343.42212,344.819,6722.2573,"spacetrack"
100252,"2026-09-11 15:12:37.672+00",0.001106,15.752037,0.00168224,0.0001913,342.76553,345.33743,6722.1885,"spacetrack"
100252,"2026-09-12 23:13:41.763+00",0.00094984,15.752308,0.00144217,0.0001486,342.9756,344.97342,6722.1113,"spacetrack"
100252,"2026-09-13 15:59:58.639+00",0.0010111,15.752246,0.00153661,0.0001336,343.09418,344.89035,6722.1294,"spacetrack"
100253,"2026-09-07 15:32:46.158+00",0.0011822,15.751633,0.00179759,0.0001122,343.4125,344.921,6722.3037,"spacetrack"
100253,"2026-09-08 22:02:21.859+00",0.0016816,15.752555,0.00259188,0.0001123,343.14932,344.6591,6722.041,"spacetrack"
100253,"2026-09-09 16:20:07.867+00",0.00098709,15.75171,0.00149584,0.0001035,343.44876,344.8403,6722.2817,"spacetrack"
100253,"2026-09-10 15:12:18.951+00",0.0010099,15.751654,0.0015307,0.0001416,343.20868,345.11246,6722.2974,"spacetrack"
100253,"2026-09-11 15:36:00.091+00",0.0010599,15.751796,0.00160904,0.0001599,343.0452,345.19498,6722.2573,"spacetrack"
100253,"2026-09-12 15:59:40.683+00",0.0011688,15.7519045,0.00177897,0.0001913,342.8033,345.37524,6722.226,"spacetrack"
100253,"2026-09-13 20:57:47.137+00",0.0011337,15.752555,0.00172928,0.0001581,342.84146,344.96695,6722.041,"spacetrack"
100254,"2026-09-07 15:06:51.371+00",0.0019086,15.753277,0.00296435,4.88e-05,343.37076,344.02682,6721.836,"spacetrack"
100254,"2026-09-08 15:30:33.205+00",0.002562,15.751041,0.00399096,0.0005692,340.5085,348.16138,6722.472,"spacetrack"
100254,"2026-09-09 22:00:08.05+00",0.0010083,15.752257,0.00153221,0.000113,343.22916,344.74838,6722.126,"spacetrack"
100254,"2026-09-10 16:17:52.807+00",0.0006276,15.752221,0.00094654,7.55e-05,343.49176,344.5068,6722.136,"spacetrack"
100254,"2026-09-11 15:10:05.461+00",0.0015196,15.752006,0.0023295,0.0002991,342.04987,346.07108,6722.1973,"spacetrack"
100254,"2026-09-12 23:11:09.312+00",0.0010247,15.752301,0.00155798,0.0001663,342.85864,345.09442,6722.1133,"spacetrack"
100254,"2026-09-13 20:31:52.395+00",0.0014531,15.752601,0.00223037,0.0001398,342.9515,344.831,6722.0283,"spacetrack"
100255,"2026-09-07 21:47:19.119+00",0.0017933,15.752809,0.00277318,0.0001341,342.93073,344.73355,6721.969,"spacetrack"
100255,"2026-09-08 22:11:00.531+00",0.0010678,15.751965,0.00162251,0.0001504,343.06128,345.0833,6722.2095,"spacetrack"
100255,"2026-09-09 18:00:15.227+00",0.0012654,15.751929,0.00192966,0.0001778,342.88696,345.27737,6722.219,"spacetrack"
100255,"2026-09-10 13:49:29.374+00",0.0018329,15.75409,0.00285277,0.000221,341.98215,344.9531,6721.6045,"spacetrack"
100255,"2026-09-11 18:47:35.816+00",0.00073852,15.752235,0.00111638,0.0001453,343.01834,344.97177,6722.132,"spacetrack"
100255,"2026-09-12 16:08:19.117+00",0.0011932,15.751835,0.00181626,0.0002053,342.72906,345.4892,6722.246,"spacetrack"
100255,"2026-09-13 16:31:59.325+00",0.0008869,15.752223,0.00134447,0.0001312,343.1167,344.88058,6722.1357,"spacetrack"
100256,"2026-09-07 21:35:07.066+00",0.0016392,15.752757,0.00252686,0.000256,342.126,345.56766,6721.984,"spacetrack"
100256,"2026-09-08 21:58:48.353+00",0.0012938,15.752444,0.00197843,0.0001162,343.15457,344.7168,6722.0728,"spacetrack"
100256,"2026-09-09 20:51:00.865+00",0.0012982,15.752131,0.00198263,0.0001306,343.1467,344.90253,6722.1616,"spacetrack"
100256,"2026-09-10 15:08:45.617+00",0.001182,15.753138,0.00180923,7.58e-05,343.22888,344.24792,6721.8755,"spacetrack"
100256,"2026-09-11 15:32:26.623+00",0.0011454,15.751753,0.00174142,0.0001808,342.91693,345.3477,6722.2695,"spacetrack"
100256,"2026-09-12 20:30:33.32+00",0.0011494,15.752438,0.00175282,0.0001096,343.20096,344.6744,6722.0747,"spacetrack"
100256,"2026-09-13 20:54:14.006+00",0.0015505,15.75349,0.00239385,0.0001537,342.605,344.6713,6721.7754,"spacetrack"
100257,"2026-09-07 15:22:05.757+00",0.0010874,15.751689,0.00165082,0.0001052,343.4434,344.85776,6722.2876,"spacetrack"
100257,"2026-09-08 15:45:46.155+00",0.00024857,15.751974,0.00037119,0.0001205,343.2594,344.87946,6722.2065,"spacetrack"
100257,"2026-09-09 16:09:27.672+00",0.00095139,15.751771,0.00144114,0.0001329,343.23395,345.02072,6722.264,"spacetrack"
100257,"2026-09-10 18:04:36.593+00",0.0013334,15.7520895,0.00203732,0.0001465,343.05182,345.02142,6722.174,"spacetrack"
100257,"2026-09-11 15:25:19.639+00",0.0011008,15.751785,0.00167236,0.0001585,343.05777,345.18872,6722.2603,"spacetrack"
100257,"2026-09-12 15:49:00.481+00",0.0011581,15.751916,0.00176246,0.0002295,342.54333,345.62885,6722.223,"spacetrack"
100257,"2026-09-13 13:09:43.25+00",0.0013619,15.752556,0.00208634,0.0001097,343.16666,344.64148,6722.041,"spacetrack"
100258,"2026-09-07 16:18:30.806+00",0.0010872,15.751752,0.00165095,7.76e-05,343.611,344.6543,6722.2695,"spacetrack"
100258,"2026-09-08 16:42:12.769+00",0.0015366,15.75129,0.00234997,0.000559,340.50626,348.0219,6722.401,"spacetrack"
100258,"2026-09-09 21:40:18.914+00",0.001123,15.75244,0.00171173,0.0001503,342.9265,344.94717,6722.0737,"spacetrack"
100258,"2026-09-10 15:58:03.852+00",0.0011522,15.751777,0.00175202,0.0001031,343.43253,344.81866,6722.2627,"spacetrack"
100258,"2026-09-11 20:56:11.124+00",0.0014864,15.752308,0.00228002,0.0001615,342.88882,345.06006,6722.1113,"spacetrack"
100258,"2026-09-12 15:13:56.424+00",0.0013235,15.752219,0.00202307,0.0001286,343.13522,344.86417,6722.1367,"spacetrack"
100258,"2026-09-13 15:37:37.15+00",0.0012056,15.752066,0.00183752,0.000181,342.8267,345.26013,6722.18,"spacetrack"
100259,"2026-09-07 16:29:41.074+00",0.00027882,15.752342,0.0004174,0.0001103,343.2232,344.7061,6722.1016,"spacetrack"
100259,"2026-09-08 15:21:53.059+00",0.00034374,15.75196,0.00051464,0.0001284,343.21045,344.9367,6722.2104,"spacetrack"
100259,"2026-09-09 15:45:34.836+00",0.00091512,15.751603,0.00138429,0.0002165,342.7197,345.63046,6722.312,"spacetrack"
100259,"2026-09-10 16:09:15.303+00",0.0015499,15.751722,0.00237424,0.0002784,342.26978,346.01273,6722.2783,"spacetrack"
100259,"2026-09-11 16:32:55.406+00",0.00099786,15.752247,0.00151606,0.0001529,342.96408,345.0197,6722.129,"spacetrack"
100259,"2026-09-12 15:25:06.192+00",-0.00051057,15.751158,-0.00075379,0.0001818,343.07953,345.5238,6722.4385,"spacetrack"
100259,"2026-09-13 21:54:44.624+00",0.00099432,15.751797,0.00150768,0.0002399,342.5072,345.73254,6722.257,"spacetrack"
100260,"2026-09-07 15:26:09.933+00",0.0014272,15.751702,0.00218091,0.0001302,343.27148,345.02197,6722.2837,"spacetrack"
100260,"2026-09-08 21:55:45.972+00",0.0010534,15.752155,0.00160162,0.0002161,342.56525,345.47055,6722.155,"spacetrack"
100260,"2026-09-09 20:47:57.915+00",0.0010961,15.752056,0.00166708,0.0001255,343.2024,344.88968,6722.183,"spacetrack"
100260,"2026-09-10 16:37:11.997+00",0.0012775,15.751834,0.00194773,0.0002367,342.5182,345.7005,6722.2466,"spacetrack"
100260,"2026-09-11 15:29:24.491+00",0.0011221,15.751647,0.00170488,0.0004095,341.4098,346.91534,6722.3,"spacetrack"
100260,"2026-09-12 20:27:30.648+00",0.0011365,15.75224,0.00173129,0.0001933,342.69446,345.29324,6722.131,"spacetrack"
100260,"2026-09-13 16:16:44.926+00",0.00084687,15.752201,0.00128272,0.000201,342.65375,345.35605,6722.142,"spacetrack"
100261,"2026-09-07 15:03:48.553+00",0.0010743,15.751949,0.00163242,0.0001969,342.75305,345.40027,6722.214,"spacetrack"
100261,"2026-09-08 15:27:28.709+00",0.0015077,15.751216,0.0023024,0.0001117,343.53418,345.03595,6722.422,"spacetrack"
100261,"2026-09-09 21:57:04.702+00",0.0013492,15.752498,0.00206591,7.51e-05,343.41577,344.42545,6722.0576,"spacetrack"
100261,"2026-09-10 16:14:50.616+00",0.001324,15.753332,0.00203389,0.0002071,342.29108,345.07526,6721.8203,"spacetrack"
100261,"2026-09-11 16:38:30.673+00",0.00088563,15.751968,0.001341,9.19e-05,343.4533,344.68884,6722.208,"spacetrack"
100261,"2026-09-12 15:30:42.616+00",0.0012458,15.751807,0.00189804,0.0001544,343.07904,345.15488,6722.254,"spacetrack"
100261,"2026-09-13 15:54:23.439+00",0.0011379,15.752062,0.00173208,0.0002253,342.53006,345.55905,6722.1816,"spacetrack"
100262,"2026-09-07 16:24:06.053+00",0.00067594,15.752301,0.00102079,7.97e-05,343.44058,344.5121,6722.1133,"spacetrack"
100262,"2026-09-08 15:16:17.441+00",0.0001915,15.75219,0.00028564,9.92e-05,343.34137,344.67505,6722.145,"spacetrack"
100262,"2026-09-09 15:39:59.824+00",0.0010518,15.751711,0.00159625,0.000343,341.8385,346.45,6722.2812,"spacetrack"
100262,"2026-09-10 16:03:39.227+00",0.0010026,15.751707,0.00151974,0.0001205,343.33554,344.95563,6722.2827,"spacetrack"
100262,"2026-09-11 21:01:46.396+00",0.0011812,15.752181,0.00180042,0.0001395,343.0729,344.9484,6722.1475,"spacetrack"
100262,"2026-09-12 15:19:31.897+00",0.001185,15.751931,0.00180437,0.0001697,342.94098,345.2225,6722.2188,"spacetrack"
100262,"2026-09-13 15:43:12.444+00",0.0012762,15.752169,0.00194858,0.0001607,342.93384,345.09433,6722.151,"spacetrack"
100263,"2026-09-07 15:49:33.024+00",0.001277,15.752299,0.001951,8.47e-05,343.40768,344.54642,6722.1143,"spacetrack"
100263,"2026-09-08 20:47:39.683+00",0.0016856,15.752525,0.00259792,0.0001354,343.0024,344.82275,6722.05,"spacetrack"
100263,"2026-09-09 16:36:54.791+00",0.0015262,15.75166,0.00233616,0.0001388,343.22574,345.09183,6722.296,"spacetrack"
100263,"2026-09-10 15:29:05.75+00",0.0012257,15.751639,0.00186528,0.0001075,343.44193,344.88724,6722.302,"spacetrack"
100263,"2026-09-11 20:27:13.64+00",0.00093782,15.751959,0.00142139,0.0001199,343.2678,344.87976,6722.211,"spacetrack"
100263,"2026-09-12 20:50:53.365+00",0.0012996,15.752216,0.00198564,8.37e-05,343.4378,344.5631,6722.1377,"spacetrack"
100263,"2026-09-13 15:08:39.493+00",0.0018721,15.752984,0.00290164,0.0001992,342.4433,345.1213,6721.9194,"spacetrack"
100264,"2026-09-07 20:40:45.133+00",0.0015311,15.752686,0.00235466,3.65e-05,343.6217,344.1124,6722.004,"spacetrack"
100264,"2026-09-08 21:04:26.283+00",0.0014885,15.752117,0.00228141,0.0001753,342.8504,345.20718,6722.166,"spacetrack"
100264,"2026-09-09 15:22:12.019+00",0.0014502,15.752168,0.00222152,0.0001133,343.2527,344.77594,6722.1514,"spacetrack"
100264,"2026-09-10 15:45:52.444+00",0.0011027,15.751838,0.00167573,0.0002027,342.7456,345.4708,6722.245,"spacetrack"
100264,"2026-09-11 16:09:33.02+00",0.0010653,15.752192,0.00162015,0.0001468,343.0208,344.99445,6722.1445,"spacetrack"
100264,"2026-09-12 15:01:44.555+00",0.0012023,15.752266,0.00183396,0.0001172,343.1987,344.77435,6722.1235,"spacetrack"
100264,"2026-09-13 21:31:20.356+00",0.0012927,15.752497,0.00197722,0.0001924,342.62756,345.2142,6722.058,"spacetrack"
100265,"2026-09-07 23:21:21.117+00",0.0011049,15.752566,0.00168448,0.0001194,343.0983,344.7035,6722.038,"spacetrack"
100265,"2026-09-08 16:07:38.106+00",0.0010958,15.75155,0.00166284,0.0001776,342.9963,345.3841,6722.327,"spacetrack"
100265,"2026-09-09 14:59:51.066+00",0.0015106,15.75387,0.00233447,0.0002328,341.96542,345.09503,6721.6675,"spacetrack"
100265,"2026-09-10 19:57:57.021+00",0.00079159,15.752169,0.00119756,0.0002206,342.53116,345.49698,6722.151,"spacetrack"
100265,"2026-09-11 20:21:37.879+00",0.0014433,15.752564,0.00221454,0.0001654,342.78967,345.0133,6722.0386,"spacetrack"
100265,"2026-09-12 16:10:52.212+00",0.0011715,15.751921,0.0017834,0.0002512,342.39597,345.77322,6722.2217,"spacetrack"
100265,"2026-09-13 13:31:35.097+00",0.0011691,15.75223,0.00178205,0.000242,342.37006,345.62357,6722.134,"spacetrack"
100266,"2026-09-07 22:01:04.017+00",0.00058637,15.751794,0.000882,0.000162,343.0317,345.20972,6722.258,"spacetrack"
100266,"2026-09-08 20:53:15.779+00",0.0020685,15.75283,0.0032159,0.0001628,342.7318,344.9205,6721.9634,"spacetrack"
100266,"2026-09-09 15:11:01.409+00",0.0015653,15.753014,0.00241224,9.37e-05,343.144,344.4037,6721.9106,"spacetrack"
100266,"2026-09-10 15:34:41.183+00",0.0010244,15.751681,0.00155326,0.0001076,343.42938,344.876,6722.2896,"spacetrack"
100266,"2026-09-11 15:58:22.007+00",0.0011671,15.751741,0.00177494,0.0001329,343.2422,345.02896,6722.2725,"spacetrack"
100266,"2026-09-12 16:22:02.529+00",0.0011092,15.751983,0.00168679,0.0001141,343.29993,344.83395,6722.204,"spacetrack"
100266,"2026-09-13 16:45:43.171+00",0.00091739,15.752235,0.00139161,0.0001729,342.83286,345.15738,6722.1323,"spacetrack"
100267,"2026-09-07 20:44:18.709+00",0.0012556,15.752434,0.00191857,0.0001106,343.19528,344.68222,6722.0757,"spacetrack"
100267,"2026-09-08 16:33:32.964+00",0.0006535,15.752001,0.00098518,0.0001379,343.1348,344.98877,6722.1987,"spacetrack"
100267,"2026-09-09 21:31:40.469+00",0.0015524,15.752394,0.00238518,0.0001692,342.81265,345.0874,6722.087,"spacetrack"
100267,"2026-09-10 15:49:24.975+00",0.0014368,15.751847,0.00219741,0.0002144,342.66418,345.5467,6722.2427,"spacetrack"
100267,"2026-09-11 16:13:06.378+00",0.0010686,15.751857,0.00162293,0.0001512,343.08636,345.11917,6722.2397,"spacetrack"
100267,"2026-09-12 16:36:47.012+00",0.0010061,15.751979,0.00152705,0.0001909,342.78497,345.35153,6722.205,"spacetrack"
100267,"2026-09-13 01:45:39.19+00",0.0013602,15.752752,0.00208559,0.0001243,343.01257,344.68365,6721.985,"spacetrack"
100268,"2026-09-07 15:19:03.039+00",0.001338,15.75185,0.00204247,0.0001074,343.3828,344.82675,6722.2417,"spacetrack"
100268,"2026-09-08 20:17:09.964+00",0.0010089,15.752063,0.00153185,0.0001131,343.284,344.80453,6722.181,"spacetrack"
100268,"2026-09-09 16:06:25.486+00",0.00094411,15.751572,0.001429,0.0003544,341.8015,346.56628,6722.321,"spacetrack"
100268,"2026-09-10 16:30:05.105+00",0.0010131,15.751763,0.00153645,0.0002057,342.74655,345.5121,6722.266,"spacetrack"
100268,"2026-09-11 15:22:16.754+00",0.0012004,15.751924,0.00182818,0.0001618,342.99615,345.17148,6722.2207,"spacetrack"
100268,"2026-09-12 15:45:57.37+00",0.0011728,15.751854,0.00178466,0.0001488,343.1034,345.1039,6722.2407,"spacetrack"
100268,"2026-09-13 20:44:03.969+00",0.0012348,15.752594,0.00188737,0.0001402,342.95074,344.8356,6722.0303,"spacetrack"
100269,"2026-09-07 16:32:13.685+00",0.0011287,15.751876,0.00171634,0.0001326,343.20602,344.98877,6722.2344,"spacetrack"
100269,"2026-09-08 15:24:25.903+00",0.0013172,15.751321,0.00200516,0.0001487,343.25583,345.25507,6722.3926,"spacetrack"
100269,"2026-09-09 21:54:02.136+00",0.0012754,15.752513,0.00195022,0.0001278,343.05707,344.77524,6722.053,"spacetrack"
100269,"2026-09-10 16:11:46.97+00",0.001358,15.751808,0.00207333,9.02e-05,343.51044,344.72314,6722.254,"spacetrack"
100269,"2026-09-11 16:35:27.668+00",0.0018286,15.752736,0.00282863,0.0001238,343.02042,344.68478,6721.9897,"spacetrack"
100269,"2026-09-12 15:27:39.655+00",0.0012053,15.751785,0.00183479,0.0001339,343.22305,345.02325,6722.2603,"spacetrack"
100269,"2026-09-13 20:25:46.706+00",0.0011185,15.752236,0.0017033,0.0002245,342.4858,345.50406,6722.132,"spacetrack"
100272,"2026-09-07 22:12:50.026+00",0.0019752,15.753129,0.00314689,0.0001338,342.84158,344.64035,6721.878,"spacetrack"
100272,"2026-09-08 04:18:16.51+00",0.0012173,15.7530985,0.00190817,0.0001571,342.69366,344.8057,6721.8867,"spacetrack"
100272,"2026-09-09 21:25:04.697+00",0.001682,15.7530985,0.00266301,0.0001397,342.81055,344.68866,6721.8867,"spacetrack"
100272,"2026-09-10 11:07:19.932+00",0.00044277,15.7524185,0.00067788,0.0001884,342.6765,345.20938,6722.08,"spacetrack"
100272,"2026-09-11 20:37:18.043+00",0.0011818,15.752979,0.00185006,0.0001271,342.9291,344.63782,6721.9204,"spacetrack"
100272,"2026-09-12 16:25:00.428+00",0.0012338,15.752958,0.00193346,0.0001014,343.10776,344.47098,6721.9263,"spacetrack"
100272,"2026-09-13 06:07:31.71+00",-0.00024591,15.738418,-0.00035978,0.000413,345.15118,350.7069,6726.066,"spacetrack"
100273,"2026-09-07 14:22:30.959+00",-0.004169,15.758596,-0.0061204,0.0001281,341.3252,343.04694,6720.323,"spacetrack"
100273,"2026-09-08 16:16:06.572+00",0.001157,15.752681,0.00180782,0.000173,342.70554,345.03134,6722.0054,"spacetrack"
100273,"2026-09-10 10:54:15.476+00",0.00061145,15.752657,0.00094249,0.0001305,342.99786,344.75232,6722.012,"spacetrack"
100273,"2026-09-11 14:19:00.584+00",-0.0069941,15.741122,-0.00916529,5.6e-05,346.78214,347.53537,6725.296,"spacetrack"
100274,"2026-09-07 16:18:08.75+00",0.0011219,15.798549,0.00216016,0.0001221,330.03217,331.6705,6708.9883,"spacetrack"
100274,"2026-09-08 21:08:59.637+00",0.0016636,15.798602,0.0032487,0.0001059,330.126,331.54697,6708.9736,"spacetrack"
100274,"2026-09-09 12:19:58.253+00",0.00073786,15.798545,0.00140586,0.0001097,330.11646,331.5884,6708.9893,"spacetrack"
100274,"2026-09-10 15:42:39.865+00",-0.0076357,15.744898,-0.01023796,0.0002358,344.49796,347.6691,6724.2207,"spacetrack"
100275,"2026-09-08 16:15:38.056+00",0.00093997,15.75254,0.00146056,0.0001367,342.9898,344.8276,6722.046,"spacetrack"
100275,"2026-09-09 02:55:06.679+00",0.0029273,15.756365,0.00483189,0.0006402,338.51785,347.12338,6720.9575,"spacetrack"
100276,"2026-09-07 06:52:40.668+00",0.00095609,15.752235,0.00148415,0.0001054,343.28656,344.70358,6722.1323,"spacetrack"
100276,"2026-09-08 13:19:54.913+00",0.00078078,15.752742,0.00120956,0.0001146,343.08075,344.62143,6721.9883,"spacetrack"
100276,"2026-09-09 21:18:32.342+00",0.0014879,15.752867,0.00234354,0.0001196,343.0115,344.6194,6721.9526,"spacetrack"
100276,"2026-09-10 11:00:47.759+00",0.001597,15.752484,0.00251693,0.0002012,342.57184,345.2768,6722.0615,"spacetrack"
100276,"2026-09-11 14:25:17.255+00",0.0016909,15.753958,0.00268792,0.000121,342.69196,344.31857,6721.642,"spacetrack"
100276,"2026-09-12 16:18:28.193+00",0.00086246,15.7528305,0.00133935,0.0001001,343.15298,344.49872,6721.963,"spacetrack"
100276,"2026-09-13 19:42:59.497+00",0.0010616,15.752979,0.0016574,0.0001275,342.92645,344.64053,6721.9204,"spacetrack"
100277,"2026-09-07 22:05:49.468+00",0.0015053,15.75399,0.00238389,9.04e-05,342.8884,344.10367,6721.633,"spacetrack"
100277,"2026-09-08 11:48:04.426+00",0.001722,15.753716,0.00273622,9.11e-05,342.96155,344.18625,6721.711,"spacetrack"
100277,"2026-09-09 21:18:04.044+00",0.0010313,15.752754,0.00160735,0.000129,342.98032,344.7146,6721.9844,"spacetrack"
100277,"2026-09-10 11:00:19.397+00",0.00034791,15.75248,0.00053048,0.0001777,342.73114,345.12015,6722.0625,"spacetrack"
100277,"2026-09-11 14:24:51.991+00",0.00094496,15.752214,0.00146635,0.0001064,343.28574,344.71622,6722.138,"spacetrack"
100278,"2026-09-07 17:06:03.237+00",0.0012667,15.752362,0.00198113,9.03e-05,343.35193,344.56595,6722.0957,"spacetrack"
100278,"2026-09-08 11:22:24.391+00",0.0014027,15.752802,0.00220468,6.07e-05,343.42587,344.2419,6721.9707,"spacetrack"
100278,"2026-09-09 20:52:23.813+00",0.00085787,15.752758,0.00133164,0.0001391,342.9114,344.78146,6721.9834,"spacetrack"
100278,"2026-09-10 10:34:38.895+00",0.0010103,15.752593,0.00157271,0.0001441,342.92474,344.86203,6722.0303,"spacetrack"
100278,"2026-09-11 20:04:37.328+00",0.00092324,15.7528925,0.00143624,0.0001588,342.74088,344.87576,6721.9453,"spacetrack"
100278,"2026-09-12 23:29:31.914+00",0.0016152,15.744378,0.00245724,0.0005734,342.3757,350.08722,6724.3687,"spacetrack"
100279,"2026-09-07 05:07:46.127+00",0.0017894,15.754297,0.00285479,0.0002285,341.87277,344.94452,6721.5454,"spacetrack"
100279,"2026-09-08 16:09:05.774+00",0.0006563,15.752508,0.00101227,0.0001187,343.11954,344.71536,6722.0547,"spacetrack"
100279,"2026-09-09 10:25:27.293+00",0.0010048,15.752525,0.00156358,0.0001085,343.18332,344.642,6722.05,"spacetrack"
100279,"2026-09-10 15:21:19.853+00",0.00097759,15.752475,0.00151996,0.0001988,342.59064,345.26334,6722.064,"spacetrack"
100279,"2026-09-11 14:12:35.652+00",-0.0084032,15.726729,-0.01039919,0.000306,349.20215,353.32053,6729.3984,"spacetrack"
100280,"2026-09-08 16:09:33.947+00",0.0014673,15.753159,0.00231311,7.33e-05,343.23972,344.22513,6721.8696,"spacetrack"
100280,"2026-09-09 15:00:01.251+00",0.0017642,15.752354,0.00278856,0.000117,343.1751,344.74808,6722.0986,"spacetrack"
100280,"2026-09-10 10:47:43.136+00",0.0010262,15.752637,0.00159835,0.0001237,343.04938,344.71243,6722.018,"spacetrack"
100280,"2026-09-11 09:38:03.445+00",0.010025,15.760986,0.01822562,0.0009448,335.15796,347.85538,6719.6436,"spacetrack"
100280,"2026-09-12 09:59:57.148+00",0.00087424,15.752717,0.00135736,0.0001338,342.95868,344.75748,6721.995,"spacetrack"
100280,"2026-09-13 11:53:17.112+00",-0.0035909,15.742772,-0.00498621,0.0002011,345.33636,348.04108,6724.8257,"spacetrack"
100281,"2026-09-07 17:12:36.338+00",0.00098772,15.753856,0.00154549,9.24e-05,342.91315,344.1553,6721.6714,"spacetrack"
100281,"2026-09-08 11:28:56.609+00",0.0018692,15.752878,0.0029681,0.0002778,341.94504,345.67975,6721.949,"spacetrack"
100281,"2026-09-09 10:19:23.716+00",0.0011514,15.752433,0.00179689,0.0001559,342.8911,344.98706,6722.076,"spacetrack"
100282,"2026-09-07 17:05:35.889+00",0.0015212,15.75344,0.00240386,0.000135,342.74493,344.5598,6721.7896,"spacetrack"
100282,"2026-09-08 15:56:01.625+00",0.0014573,15.752579,0.00229083,0.0001204,343.08813,344.7068,6722.0347,"spacetrack"
100282,"2026-09-10 22:45:04.418+00",0.00099305,15.752929,0.00154762,0.0001239,342.96518,344.6309,6721.935,"spacetrack"
100282,"2026-09-11 20:04:08.83+00",0.0014484,15.753006,0.00228086,0.0001404,342.83215,344.71967,6721.913,"spacetrack"
100282,"2026-09-12 15:52:12.56+00",-0.002559,15.741315,-0.00359017,0.0001406,346.15826,348.04938,6725.2407,"spacetrack"
100283,"2026-09-07 11:25:11.499+00",0.0011238,15.798657,0.00216506,0.0001265,329.97208,331.66946,6708.958,"spacetrack"
100283,"2026-09-08 16:16:17.005+00",0.0013929,15.795115,0.0026623,0.0008363,326.21204,337.43512,6709.9604,"spacetrack"
100284,"2026-09-07 16:45:59.278+00",0.00098706,15.752566,0.00153558,0.0001129,343.14212,344.65994,6722.038,"spacetrack"
100284,"2026-09-08 21:41:52.966+00",0.0017362,15.752911,0.00274961,0.0002218,342.31204,345.2939,6721.94,"spacetrack"
100284,"2026-09-09 09:52:46.563+00",0.0010627,15.752456,0.00165537,0.0001064,343.2173,344.64774,6722.0693,"spacetrack"
100284,"2026-09-10 11:45:55.729+00",0.00056757,15.752569,0.00087333,0.0001397,342.96124,344.8394,6722.037,"spacetrack"
100286,"2026-09-07 18:30:53.586+00",0.00097063,15.752328,0.00150785,0.0001234,343.13922,344.79825,6722.106,"spacetrack"
100286,"2026-09-08 15:49:57.957+00",0.0016389,15.752268,0.00258274,0.0001644,342.8808,345.09103,6722.123,"spacetrack"
100286,"2026-09-09 20:45:51.754+00",0.0013811,15.753017,0.00217183,0.0001216,342.9553,344.5901,6721.9097,"spacetrack"
100286,"2026-09-10 10:27:38.936+00",0.039256,15.792119,0.09221922,0.0020925,318.63,346.71475,6710.8096,"spacetrack"
100287,"2026-09-07 17:23:08.378+00",-0.007606,15.770667,-0.01129862,9.07e-05,338.14746,339.3659,6716.8936,"spacetrack"
100288,"2026-09-07 04:48:09.761+00",0.0016433,15.754166,0.00261212,0.000203,342.0815,344.8105,6721.583,"spacetrack"
100288,"2026-09-08 11:15:23.857+00",0.00092799,15.752975,0.00144433,0.0001062,343.0707,344.49844,6721.9214,"spacetrack"
100288,"2026-09-09 20:45:23.385+00",0.0012526,15.752976,0.00196386,0.0001428,342.82434,344.7441,6721.9214,"spacetrack"
100288,"2026-09-10 10:27:38.45+00",0.0010057,15.752669,0.00156596,0.0001736,342.70477,345.03867,6722.009,"spacetrack"
100288,"2026-09-11 12:20:48.268+00",0.0011136,15.752629,0.00173797,0.0001676,342.7565,345.0097,6722.02,"spacetrack"
100288,"2026-09-12 06:37:10.713+00",0.0011474,15.749819,0.00177036,0.0004523,341.64206,347.7235,6722.82,"spacetrack"
100289,"2026-09-08 10:43:11.229+00",0.0013422,15.753108,0.00210979,0.0001118,342.99533,344.49835,6721.884,"spacetrack"
100290,"2026-09-07 11:52:17.55+00",0.00091854,15.753764,0.00143433,4.88e-05,343.23215,343.88818,6721.6973,"spacetrack"
100290,"2026-09-08 15:16:48.528+00",0.0011033,15.752591,0.00172112,8.65e-05,343.3124,344.4753,6722.031,"spacetrack"
100290,"2026-09-09 15:38:37.212+00",0.0011505,15.752466,0.0017957,0.0001105,343.18683,344.6724,6722.0664,"spacetrack"
100290,"2026-09-10 06:52:38.903+00",0.0016783,15.747017,0.00258748,0.000652,341.09628,349.86386,6723.617,"spacetrack"
100291,"2026-09-07 16:32:55.154+00",0.001027,15.7527075,0.00160014,0.0001568,342.8069,344.91492,6721.998,"spacetrack"
100291,"2026-09-08 10:49:16.536+00",0.0016692,15.754897,0.0026646,0.0005,339.87723,346.5986,6721.375,"spacetrack"
100291,"2026-09-09 15:45:09.17+00",0.00058775,15.752553,0.00090488,9.93e-05,343.2373,344.5723,6722.042,"spacetrack"
100291,"2026-09-10 10:01:29.208+00",0.0018939,15.754588,0.00303222,0.0001822,342.10138,344.5507,6721.463,"spacetrack"
100291,"2026-09-11 13:26:20.883+00",-0.0075972,15.73805,-0.00991816,0.0002067,346.6433,349.4239,6726.1704,"spacetrack"
100292,"2026-09-07 16:52:59.682+00",0.001734,15.754216,0.00276223,9.02e-05,342.82547,344.03806,6721.569,"spacetrack"
100292,"2026-09-08 11:09:20.069+00",0.0012257,15.752783,0.00191897,0.0001707,342.69205,344.9869,6721.9766,"spacetrack"
100292,"2026-09-09 20:39:19.62+00",0.0010917,15.752834,0.00170444,0.0001433,342.8614,344.7879,6721.9614,"spacetrack"
100292,"2026-09-10 10:21:34.387+00",0.0012264,15.752819,0.00192039,0.0001161,343.04874,344.6096,6721.9663,"spacetrack"
100292,"2026-09-11 12:14:55.622+00",-0.0014125,15.745946,-0.00206136,0.0002044,344.4107,347.15945,6723.922,"spacetrack"
100293,"2026-09-07 16:33:23.215+00",0.00099191,15.753409,0.00154922,0.0002459,342.0082,345.314,6721.798,"spacetrack"
100293,"2026-09-08 21:29:22.123+00",0.0019848,15.750594,0.00312711,0.0003899,341.8409,347.0832,6722.599,"spacetrack"
100294,"2026-09-07 18:11:17.5+00",0.000916,15.752751,0.00142386,0.0001691,342.71173,344.9851,6721.9854,"spacetrack"
100294,"2026-09-08 10:56:15.857+00",0.0013848,15.752785,0.00217551,0.000113,343.0792,344.59836,6721.9756,"spacetrack"
100294,"2026-09-09 14:20:48.078+00",0.0013362,15.752342,0.00209281,0.0001186,343.1675,344.762,6722.1016,"spacetrack"
100294,"2026-09-10 10:08:30.207+00",0.0012158,15.75298,0.00190497,0.0002815,341.89093,345.67535,6721.92,"spacetrack"
100294,"2026-09-11 13:33:07.666+00",-0.0027089,15.745067,-0.00385101,0.0001731,344.87137,347.19925,6724.1724,"spacetrack"
100295,"2026-09-07 17:11:23.805+00",-0.0071822,15.7410145,-0.00938747,0.0002073,345.79526,348.5836,6725.3267,"spacetrack"
100296,"2026-09-07 11:45:48.04+00",0.0015994,15.754182,0.00254083,0.0004244,340.5887,346.294,6721.578,"spacetrack"
100298,"2026-09-07 18:33:50.522+00",0.0011297,15.798136,0.00217154,0.0001381,330.04184,331.89487,6709.1055,"spacetrack"
100298,"2026-09-08 11:15:52.683+00",0.0017724,15.799033,0.00347816,1.79e-05,330.59415,330.83432,6708.851,"spacetrack"
100298,"2026-09-09 14:35:38.931+00",0.00054299,15.798351,0.00102726,8.88e-05,330.31158,331.5031,6709.0444,"spacetrack"
100298,"2026-09-10 10:19:54.183+00",0.0011422,15.798646,0.00220153,0.0001378,329.89932,331.74832,6708.961,"spacetrack"
100298,"2026-09-11 13:41:37.01+00",-0.0058122,15.75798,-0.00829037,7.04e-05,341.8881,342.83432,6720.498,"spacetrack"
100299,"2026-09-07 16:55:49.15+00",0.001277,15.799295,0.00247753,0.0001634,329.54376,331.73618,6708.777,"spacetrack"
100299,"2026-09-08 15:43:29.337+00",-0.0069549,15.766097,-0.01023326,4.72e-05,339.7374,340.37158,6718.1914,"spacetrack"
100300,"2026-09-07 16:51:35.186+00",0.0016077,15.799625,0.00315034,0.0001904,329.2693,331.82394,6708.6836,"spacetrack"
100300,"2026-09-08 21:42:26.027+00",0.0011837,15.798456,0.00228195,0.000114,330.1128,331.64246,6709.0146,"spacetrack"
100300,"2026-09-09 11:22:28.271+00",0.0012443,15.795383,0.00236982,0.0005627,327.97205,335.52338,6709.885,"spacetrack"
100300,"2026-09-10 14:46:31.067+00",-0.0017519,15.740571,-0.00248388,0.0001593,346.24417,348.3869,6725.4526,"spacetrack"
100371,"2026-09-07 21:43:50.056+00",0.00028052,15.751987,0.00041933,0.0001516,343.04657,345.08475,6722.2026,"spacetrack"
100371,"2026-09-08 20:36:02.229+00",0.00072859,15.751888,0.00109949,0.000173,342.931,345.25687,6722.231,"spacetrack"
100371,"2026-09-09 13:22:19.169+00",0.0015322,15.752812,0.00235755,0.0001317,342.94562,344.7162,6721.968,"spacetrack"
100371,"2026-09-10 19:51:54.566+00",0.00091297,15.752233,0.00138476,0.000172,342.83966,345.15207,6722.133,"spacetrack"
100371,"2026-09-11 20:15:34.963+00",0.0013211,15.752629,0.00202298,0.0002058,342.4998,345.26657,6722.02,"spacetrack"
100371,"2026-09-12 13:01:51.754+00",0.001405,15.752615,0.00215474,0.0001573,342.82968,344.94443,6722.024,"spacetrack"
100371,"2026-09-13 13:25:32.275+00",0.0009721,15.752216,0.00147598,0.0001227,343.17575,344.82538,6722.1377,"spacetrack"
100372,"2026-09-07 21:46:22.663+00",0.001152,15.752292,0.00175578,0.0001431,343.01724,344.9411,6722.116,"spacetrack"
100372,"2026-09-08 20:38:34.679+00",0.00092623,15.751986,0.00140371,0.0001798,342.85767,345.27496,6722.203,"spacetrack"
100372,"2026-09-09 13:24:51.821+00",0.0010071,15.751987,0.00152866,0.0001326,343.17444,344.95718,6722.2026,"spacetrack"
100372,"2026-09-10 13:48:31.523+00",0.0013484,15.75164,0.00205738,0.0003999,341.47623,346.85272,6722.3013,"spacetrack"
100372,"2026-09-11 18:46:38.621+00",0.0010771,15.752352,0.00164002,0.0003394,341.68066,346.24362,6722.099,"spacetrack"
100372,"2026-09-12 20:41:48.001+00",0.0011528,15.752378,0.00175772,0.0001514,342.93674,344.9722,6722.0913,"spacetrack"
100372,"2026-09-13 13:28:04.663+00",0.001212,15.752234,0.00184888,0.0001806,342.78152,345.20953,6722.1323,"spacetrack"
100373,"2026-09-07 21:48:54.807+00",0.00086412,15.752257,0.00130958,0.0001751,342.81174,345.16583,6722.126,"spacetrack"
100373,"2026-09-08 20:41:07.032+00",0.0010136,15.752062,0.00153917,0.0001582,342.98102,345.10794,6722.1816,"spacetrack"
100373,"2026-09-09 13:27:24.111+00",0.00087365,15.751798,0.00132158,0.0001671,342.99643,345.243,6722.257,"spacetrack"
100373,"2026-09-10 13:51:04.169+00",9.2144e-05,15.752204,0.00013656,0.0002492,342.32904,345.67935,6722.141,"spacetrack"
100373,"2026-09-11 20:20:39.969+00",0.0012949,15.752496,0.00198093,0.0003026,341.88702,345.9552,6722.058,"spacetrack"
100373,"2026-09-12 13:06:56.533+00",0.001316,15.752672,0.00201531,0.0001804,342.65817,345.08347,6722.008,"spacetrack"
100373,"2026-09-13 13:30:37.104+00",0.00091076,15.752302,0.00138177,0.0001728,342.81464,345.1378,6722.1133,"spacetrack"
100374,"2026-09-07 21:52:57.565+00",0.0012814,15.753189,0.00196555,0.0001247,342.88574,344.56216,6721.861,"spacetrack"
100374,"2026-09-08 20:45:10.957+00",0.00085174,15.752016,0.00128913,0.0001545,343.0191,345.09625,6722.195,"spacetrack"
100374,"2026-09-09 13:31:27.987+00",0.00094819,15.751828,0.00143658,0.0001612,343.0275,345.19476,6722.248,"spacetrack"
100374,"2026-09-10 13:55:07.991+00",0.00049755,15.75234,0.0007488,0.0001536,342.93283,344.99786,6722.1025,"spacetrack"
100374,"2026-09-11 20:24:43.838+00",0.0012367,15.752597,0.00189088,0.00039,341.27072,346.5139,6722.0293,"spacetrack"
100374,"2026-09-12 20:48:22.684+00",0.0011715,15.752923,0.00179108,0.0001833,342.56732,345.0316,6721.9365,"spacetrack"
100374,"2026-09-13 13:34:40.816+00",0.0014271,15.752394,0.00218751,0.0002189,342.47876,345.4217,6722.0874,"spacetrack"
100375,"2026-09-07 20:24:02.389+00",0.0016592,15.752834,0.00255939,0.0001091,343.09152,344.55826,6721.962,"spacetrack"
100375,"2026-09-08 17:44:45.699+00",0.00054484,15.751897,0.00081919,0.0001521,343.06903,345.11395,6722.2285,"spacetrack"
100375,"2026-09-09 13:34:00.396+00",0.00086192,15.751857,0.00130387,0.0001273,343.24707,344.95856,6722.2397,"spacetrack"
100375,"2026-09-10 13:57:39.053+00",-1.1028e-06,15.752032,-2.94e-06,6.18e-05,343.63757,344.4684,6722.19,"spacetrack"
100375,"2026-09-11 14:21:21.108+00",0.0009667,15.751802,0.00146503,0.0002114,342.69727,345.53946,6722.2554,"spacetrack"
100375,"2026-09-12 20:50:56.782+00",0.000962,15.752254,0.00146061,0.000139,343.0556,344.92438,6722.127,"spacetrack"
100375,"2026-09-13 13:37:13.682+00",0.0010588,15.752144,0.00160984,0.0001721,342.86435,345.1781,6722.158,"spacetrack"
100376,"2026-09-07 21:56:32.252+00",0.0010409,15.752381,0.00158367,0.0001212,343.13892,344.76834,6722.091,"spacetrack"
100376,"2026-09-08 17:45:46.676+00",0.00062248,15.751847,0.00093721,0.0001274,343.24908,344.9619,6722.2427,"spacetrack"
100376,"2026-09-09 13:35:01.368+00",0.0011874,15.751956,0.00180829,0.0001403,343.1315,345.01773,6722.2114,"spacetrack"
100376,"2026-09-10 13:58:41.357+00",0.00077262,15.752239,0.00116875,0.0001644,342.88882,345.09906,6722.131,"spacetrack"
100376,"2026-09-11 20:28:17.38+00",0.0011527,15.752374,0.00175762,0.0002701,342.14023,345.7715,6722.093,"spacetrack"
100376,"2026-09-12 13:14:33.964+00",0.0012491,15.752629,0.00191006,0.0001438,342.9164,344.84964,6722.02,"spacetrack"
100376,"2026-09-13 13:38:14.696+00",0.00071347,15.751943,0.00107662,0.0001791,342.8746,345.2825,6722.2153,"spacetrack"
100377,"2026-09-07 21:57:33.232+00",0.00095801,15.752364,0.00145515,0.0001406,343.01328,344.90353,6722.095,"spacetrack"
100377,"2026-09-08 22:21:14.083+00",0.0010395,15.752037,0.00157906,5.75e-05,343.66495,344.43802,6722.1885,"spacetrack"
100377,"2026-09-09 13:36:02.466+00",0.0013227,15.751644,0.00201659,0.0001523,343.13968,345.1873,6722.3003,"spacetrack"
100377,"2026-09-10 18:34:08.941+00",0.0010099,15.752415,0.00153582,0.0001082,343.21692,344.6716,6722.081,"spacetrack"
100377,"2026-09-11 20:29:18.186+00",0.00064451,15.752404,0.00097326,0.0002462,342.29214,345.6021,6722.084,"spacetrack"
100377,"2026-09-12 13:15:34.936+00",0.0009944,15.752481,0.00151239,0.0002573,342.19543,345.6546,6722.062,"spacetrack"
100377,"2026-09-13 13:39:15.575+00",0.0012829,15.752661,0.00196343,0.0002274,342.34567,345.40283,6722.011,"spacetrack"
100378,"2026-09-07 21:54:30.541+00",0.0012341,15.752386,0.00188451,0.0001403,343.00906,344.8953,6722.0894,"spacetrack"
100378,"2026-09-08 22:18:11.4+00",0.0014635,15.752325,0.002244,0.0001459,342.98895,344.95047,6722.107,"spacetrack"
100378,"2026-09-09 13:32:59.311+00",0.0012708,15.75195,0.00193825,0.0001382,343.1474,345.0054,6722.2134,"spacetrack"
100378,"2026-09-10 13:56:39.649+00",0.0013163,15.751533,0.00200586,0.0003162,342.06964,346.32083,6722.332,"spacetrack"
100378,"2026-09-11 20:26:15.325+00",0.0011059,15.752297,0.00168403,0.0001881,342.7131,345.24197,6722.1147,"spacetrack"
100378,"2026-09-12 13:12:32.093+00",0.0012188,15.752538,0.00186204,0.0002046,342.53378,345.28445,6722.046,"spacetrack"
100378,"2026-09-13 13:36:12.79+00",0.00094001,15.752202,0.00142631,0.0001507,342.99167,345.0177,6722.1416,"spacetrack"
100379,"2026-09-07 21:58:34.171+00",0.001019,15.752415,0.0015499,0.0001405,342.99957,344.8885,6722.081,"spacetrack"
100379,"2026-09-08 22:22:15.224+00",0.0012841,15.752225,0.00196138,0.0001252,343.15646,344.8397,6722.1353,"spacetrack"
100379,"2026-09-09 13:37:03.516+00",0.0013893,15.7517,0.00212133,0.0001512,343.131,345.16385,6722.2847,"spacetrack"
100379,"2026-09-10 14:00:43.469+00",0.00099452,15.751826,0.00150817,0.0002167,342.6547,345.5681,6722.2485,"spacetrack"
100379,"2026-09-11 14:24:24.141+00",0.0010385,15.752072,0.00157774,7.65e-05,343.5272,344.55566,6722.178,"spacetrack"
100379,"2026-09-12 13:16:35.921+00",0.00096444,15.752427,0.00146553,0.0001719,342.78516,345.09622,6722.0776,"spacetrack"
100379,"2026-09-13 13:40:16.484+00",0.0011155,15.75252,0.00170076,0.0002068,342.52405,345.3043,6722.0513,"spacetrack"
100380,"2026-09-07 21:59:35.151+00",0.0013181,15.752555,0.00201767,0.0001696,342.7642,345.0443,6722.041,"spacetrack"
100380,"2026-09-08 13:14:22.828+00",0.0013669,15.75217,0.00209064,0.0001138,343.249,344.77896,6722.151,"spacetrack"
100380,"2026-09-09 13:38:04.22+00",0.00010372,15.751893,0.00015368,0.0001126,343.33563,344.84946,6722.2295,"spacetrack"
100380,"2026-09-10 14:01:44.64+00",0.00099322,15.751814,0.00150599,0.000126,343.268,344.962,6722.252,"spacetrack"
100380,"2026-09-11 20:31:20.321+00",0.0010162,15.7522335,0.00154434,0.0001785,342.79572,345.19553,6722.133,"spacetrack"
100380,"2026-09-12 13:17:36.873+00",0.001264,15.752601,0.00193322,0.0001452,342.91516,344.86725,6722.0283,"spacetrack"
100380,"2026-09-13 13:41:17.373+00",0.001022,15.752275,0.00155367,0.0001799,342.7744,345.19305,6722.1206,"spacetrack"
100381,"2026-09-07 20:36:14.314+00",0.0013579,15.752657,0.00208106,0.0001799,342.666,345.08456,6722.012,"spacetrack"
100381,"2026-09-08 14:53:59.575+00",0.0011753,15.752109,0.00179066,0.000123,343.20444,344.8581,6722.1685,"spacetrack"
100381,"2026-09-09 13:46:12.306+00",0.0010346,15.751781,0.00156985,0.0001885,342.85712,345.39142,6722.261,"spacetrack"
100381,"2026-09-10 14:09:52.35+00",0.0012554,15.751795,0.00191297,0.0002148,342.6767,345.56458,6722.258,"spacetrack"
100381,"2026-09-11 13:02:04.274+00",0.0010435,15.7525015,0.00158863,0.0001465,342.93463,344.9042,6722.0566,"spacetrack"
100381,"2026-09-12 13:25:44.767+00",0.0010978,15.752203,0.00167075,0.0001505,342.99277,345.01614,6722.1416,"spacetrack"
100381,"2026-09-13 22:58:18.069+00",0.0019616,15.752893,0.00304433,0.000111,343.06174,344.554,6721.945,"spacetrack"
100382,"2026-09-07 17:34:48.411+00",0.0010758,15.752336,0.00163753,0.0001183,343.17142,344.76187,6722.1035,"spacetrack"
100382,"2026-09-08 16:26:59.73+00",0.00094529,15.752039,0.00143343,0.0001418,343.09778,345.00418,6722.188,"spacetrack"
100382,"2026-09-09 13:47:43.594+00",0.00072992,15.751867,0.0011014,9e-05,343.49478,344.70477,6722.237,"spacetrack"
100382,"2026-09-10 14:11:23.752+00",0.00029234,15.752338,0.00043782,0.0001668,342.84457,345.08707,6722.103,"spacetrack"
100382,"2026-09-11 13:03:35.639+00",0.0011752,15.752625,0.00179459,0.0001346,342.9794,344.78897,6722.021,"spacetrack"
100382,"2026-09-12 13:27:16.085+00",0.00065461,15.7520685,0.00098725,0.0002324,342.4803,345.60477,6722.1797,"spacetrack"
100382,"2026-09-13 13:50:56.732+00",0.0010114,15.752224,0.00153688,7.89e-05,343.46796,344.52872,6722.1353,"spacetrack"
100383,"2026-09-07 17:35:49.399+00",0.0010097,15.752294,0.00153468,0.0001209,343.1658,344.79123,6722.1157,"spacetrack"
100383,"2026-09-08 16:28:00.84+00",0.00060908,15.751836,0.00091673,0.0001111,343.3621,344.85577,6722.246,"spacetrack"
100383,"2026-09-09 13:48:44.653+00",0.0010235,15.751808,0.00155281,0.0001499,343.1091,345.12442,6722.254,"spacetrack"
100383,"2026-09-10 14:12:24.667+00",0.001109,15.752029,0.00168683,5.56e-05,343.68005,344.42755,6722.191,"spacetrack"
100383,"2026-09-11 13:04:36.681+00",0.0011559,15.752581,0.001764,0.0001459,342.91623,344.87772,6722.034,"spacetrack"
100383,"2026-09-12 13:28:17.769+00",0.00071434,15.751876,0.00107773,0.0002566,342.3724,345.82224,6722.2344,"spacetrack"
100383,"2026-09-13 13:51:57.86+00",0.00039548,15.752201,0.0005935,0.0002027,342.64233,345.3675,6722.142,"spacetrack"
100384,"2026-09-07 20:42:50.649+00",0.0015772,15.752799,0.0024288,0.0001767,342.6469,345.02246,6721.9717,"spacetrack"
100384,"2026-09-08 21:06:29.689+00",0.0016189,15.753239,0.00249978,0.0001751,342.53278,344.88675,6721.8467,"spacetrack"
100384,"2026-09-09 13:52:40.981+00",0.0012565,15.755035,0.00194222,0.0001543,342.16165,344.23584,6721.336,"spacetrack"
100384,"2026-09-10 14:15:59.674+00",0.0011932,15.756445,0.00185373,0.0001267,341.94617,343.64926,6720.9346,"spacetrack"
100384,"2026-09-11 13:07:44.713+00",0.0012012,15.75807,0.00188,0.0001289,341.46936,343.2019,6720.4727,"spacetrack"
100384,"2026-09-12 13:30:50.137+00",0.00099384,15.759138,0.00155651,0.000121,341.2191,342.84537,6720.1694,"spacetrack"
100384,"2026-09-13 13:53:48.336+00",0.0011194,15.760388,0.00176721,0.0001108,340.93213,342.42126,6719.8135,"spacetrack"
100385,"2026-09-09 15:26:49.845+00",0.00048228,15.751935,0.00072428,0.0001198,343.27524,344.8859,6722.218,"spacetrack"
100385,"2026-09-10 14:19:01.37+00",0.0011271,15.752621,0.00171994,0.0003718,341.38635,346.38483,6722.0225,"spacetrack"
100385,"2026-09-11 13:11:13.024+00",0.0013189,15.752736,0.00202045,0.0001596,342.7799,344.92557,6721.9897,"spacetrack"
100385,"2026-09-12 13:34:53.56+00",0.001114,15.752271,0.00169642,0.0001465,343.00027,344.96985,6722.122,"spacetrack"
100385,"2026-09-13 18:33:00.18+00",0.0010977,15.752338,0.00167165,0.0001207,343.15436,344.77707,6722.1025,"spacetrack"
100386,"2026-09-09 13:55:51.494+00",0.00046935,15.751953,0.00070472,0.0001312,343.19348,344.95737,6722.2124,"spacetrack"
100386,"2026-09-10 12:48:02.77+00",0.0013661,15.752232,0.00208997,0.0001639,342.89447,345.09796,6722.1333,"spacetrack"
100386,"2026-09-11 20:49:07.34+00",0.0010718,15.752344,0.00163142,0.0002418,342.3389,345.58972,6722.101,"spacetrack"
100386,"2026-09-12 18:09:50.274+00",0.00093536,15.752366,0.00142014,0.0001369,343.03775,344.87827,6722.095,"spacetrack"
100386,"2026-09-13 13:59:04.5+00",0.00095866,15.752214,0.00145524,0.0001916,342.71326,345.28915,6722.138,"spacetrack"
100387,"2026-09-07 20:49:26.954+00",0.0014472,15.752795,0.0022231,0.0002097,342.42615,345.24536,6721.9727,"spacetrack"
100387,"2026-09-08 21:13:07.175+00",0.0013071,15.752472,0.00200084,0.0005375,340.31488,347.54108,6722.065,"spacetrack"
100387,"2026-09-09 21:36:48.838+00",0.0014398,15.752382,0.00220734,7.47e-05,343.45132,344.4556,6722.0903,"spacetrack"
100387,"2026-09-10 14:23:05.742+00",0.00099719,15.751753,0.0015129,0.0005743,340.27182,347.993,6722.2695,"spacetrack"
100387,"2026-09-11 17:49:43.349+00",0.0012631,15.752149,0.00192794,0.0001075,343.29715,344.74243,6722.1567,"spacetrack"
100387,"2026-09-12 13:38:57.43+00",0.0014893,15.7527685,0.00228924,0.0001963,342.52402,345.1631,6721.9805,"spacetrack"
100387,"2026-09-13 20:08:32.864+00",0.0012276,15.752656,0.00187663,0.000194,342.5714,345.17957,6722.0127,"spacetrack"
100388,"2026-09-07 16:18:03.755+00",0.0006403,15.7522135,0.00096594,0.0001503,342.9911,345.01178,6722.1387,"spacetrack"
100388,"2026-09-08 16:41:44.168+00",0.00043815,15.752023,0.00065766,0.0001964,342.73553,345.376,6722.193,"spacetrack"
100388,"2026-09-09 14:02:27.796+00",0.00090692,15.751597,0.00137168,0.0002435,342.53976,345.81354,6722.3135,"spacetrack"
100388,"2026-09-10 14:26:08.078+00",0.0010601,15.751957,0.00161053,9.95e-05,343.40546,344.7432,6722.2114,"spacetrack"
100388,"2026-09-11 19:24:15.081+00",0.00098996,15.752133,0.00150306,0.0001121,343.27066,344.77777,6722.161,"spacetrack"
100388,"2026-09-12 13:42:00.363+00",0.0011867,15.752628,0.00181245,0.0001577,342.8233,344.94342,6722.0205,"spacetrack"
100388,"2026-09-13 14:06:32.362+00",-0.0077819,15.727344,-0.00936973,0.0003488,348.739,353.43332,6729.223,"spacetrack"
100389,"2026-09-07 16:19:35.262+00",0.00096037,15.752406,0.00145907,0.0001536,342.9141,344.9791,6722.0835,"spacetrack"
100389,"2026-09-08 16:43:15.556+00",0.00097383,15.752037,0.00147749,4.91e-05,343.72147,344.38156,6722.1885,"spacetrack"
100389,"2026-09-09 14:03:59.494+00",0.00085547,15.752191,0.00129584,6.96e-05,343.53992,344.47565,6722.145,"spacetrack"
100389,"2026-09-10 12:56:10.746+00",0.0016353,15.754191,0.00253673,9.26e-05,342.81638,344.06122,6721.5757,"spacetrack"
100389,"2026-09-11 13:19:51.43+00",0.0010327,15.752504,0.00157181,0.000146,342.9373,344.90012,6722.0557,"spacetrack"
100389,"2026-09-12 13:43:31.802+00",0.00082029,15.752206,0.00124179,9.76e-05,343.34753,344.6597,6722.1406,"spacetrack"
100389,"2026-09-13 12:35:43.982+00",0.00076025,15.7522135,0.00114975,0.0002768,342.14078,345.86215,6722.1387,"spacetrack"
100390,"2026-09-07 20:55:32.981+00",0.0014583,15.752504,0.00223766,0.0001276,343.0609,344.7764,6722.0557,"spacetrack"
100390,"2026-09-08 15:13:18.168+00",0.00029653,15.751994,0.00044351,0.0002199,342.5856,345.54202,6722.2007,"spacetrack"
100390,"2026-09-09 14:05:30.796+00",0.0011837,15.751627,0.00179986,0.0001888,342.89902,345.43738,6722.305,"spacetrack"
100390,"2026-09-10 12:57:42.193+00",0.0013516,15.753797,0.00208164,0.0001647,342.4439,344.65802,6721.688,"spacetrack"
100390,"2026-09-11 13:21:23.02+00",0.00098595,15.752446,0.00149894,0.0001556,342.88925,344.98117,6722.0723,"spacetrack"
100390,"2026-09-12 13:45:03.246+00",0.00082173,15.752135,0.00124363,0.0001415,343.0725,344.97485,6722.1606,"spacetrack"
100390,"2026-09-13 14:09:22.847+00",-0.0027408,15.732434,-0.00360649,0.0001167,348.8493,350.4196,6727.7715,"spacetrack"
100391,"2026-09-07 20:58:05.433+00",0.0017972,15.752813,0.00277937,0.0001446,342.85883,344.80283,6721.968,"spacetrack"
100391,"2026-09-08 15:15:51+00",0.00042676,15.751119,0.00063796,0.000288,342.37677,346.2489,6722.4497,"spacetrack"
100391,"2026-09-09 14:08:04.025+00",0.00095198,15.75202,0.00144402,0.0003736,341.54498,346.5678,6722.1934,"spacetrack"
100391,"2026-09-10 13:00:14.554+00",0.0014147,15.752144,0.00216544,0.0001809,342.80508,345.23715,6722.158,"spacetrack"
100391,"2026-09-11 13:23:55.332+00",0.0011093,15.75255,0.00169128,0.0001339,343.00558,344.80576,6722.0425,"spacetrack"
100391,"2026-09-12 13:47:35.753+00",0.00048303,15.752187,0.00072626,0.0001864,342.75607,345.2621,6722.146,"spacetrack"
100391,"2026-09-13 14:11:16.457+00",0.0012336,15.752193,0.00188227,0.0001547,342.9672,345.04703,6722.144,"spacetrack"
100392,"2026-09-07 20:57:04.425+00",0.0011609,15.752507,0.00177127,9.5e-05,343.27924,344.55643,6722.0547,"spacetrack"
100392,"2026-09-08 15:14:49.71+00",0.00055612,15.752086,0.00083704,0.0001581,342.97485,345.1004,6722.175,"spacetrack"
100392,"2026-09-09 20:12:57.439+00",0.0015423,15.752389,0.00236906,0.0001269,343.0985,344.80457,6722.0884,"spacetrack"
100392,"2026-09-10 12:59:13.623+00",0.0010805,15.753044,0.00165001,0.0001226,342.94107,344.58926,6721.9023,"spacetrack"
100392,"2026-09-11 13:22:54.336+00",0.0010404,15.75242,0.00158311,0.0001293,343.07333,344.81168,6722.0796,"spacetrack"
100392,"2026-09-12 13:46:34.724+00",0.0010742,15.752279,0.0016347,0.0001301,343.10797,344.8571,6722.1196,"spacetrack"
100392,"2026-09-13 20:16:10.421+00",0.0012433,15.752377,0.00189903,0.0002191,342.4823,345.42792,6722.0923,"spacetrack"
100393,"2026-09-07 16:24:09.948+00",0.0009591,15.797926,0.00178878,8.34e-05,330.46823,331.5873,6709.1646,"spacetrack"
100393,"2026-09-08 13:41:10.006+00",0.0013031,15.798031,0.00245071,0.0001561,329.95093,332.0455,6709.1353,"spacetrack"
100393,"2026-09-09 09:27:00.741+00",0.0013813,15.799114,0.00261606,0.0003385,328.4204,332.96228,6708.828,"spacetrack"
100393,"2026-09-10 23:33:17.193+00",-6.6271e-05,15.737223,-9.397e-05,0.0001667,347.14838,349.39096,6726.4067,"spacetrack"
100393,"2026-09-11 05:39:40.31+00",-0.0016678,15.731505,-0.00222201,0.0001349,348.99164,350.8069,6728.036,"spacetrack"
100394,"2026-09-07 16:30:15.422+00",0.001318,15.752274,0.00201487,8.04e-05,343.4439,344.5248,6722.1216,"spacetrack"
100394,"2026-09-08 13:50:58.14+00",0.00045618,15.752268,0.00068569,0.0001236,343.15518,344.8169,6722.123,"spacetrack"
100394,"2026-09-09 14:14:39.932+00",0.0012018,15.751736,0.00182909,0.0003246,341.95523,346.31934,6722.2744,"spacetrack"
100394,"2026-09-10 13:06:51.028+00",0.0015323,15.754033,0.00237061,0.0001331,342.58902,344.3783,6721.6206,"spacetrack"
100394,"2026-09-11 13:30:31.552+00",0.00094235,15.751966,0.00142846,0.000168,342.94232,345.20096,6722.2085,"spacetrack"
100394,"2026-09-12 13:54:12.127+00",0.00049188,15.752129,0.00073948,0.0001543,342.98834,345.0628,6722.1626,"spacetrack"
100394,"2026-09-13 14:17:58.055+00",-0.0052789,15.744524,-0.00702935,9.86e-05,345.52692,346.85294,6724.327,"spacetrack"
100404,"2026-09-07 01:00:40.283+00",-0.0032517,15.779449,-0.0053042,0.0006901,331.6303,340.89752,6714.401,"spacetrack"
100404,"2026-09-08 07:25:22.489+00",0.0014934,15.7775135,0.0026427,0.0012276,328.5699,345.05643,6714.95,"spacetrack"
100405,"2026-09-07 19:03:25.21+00",0.00077876,15.7988405,0.0014876,9.29e-05,330.1455,331.39203,6708.906,"spacetrack"
100405,"2026-09-08 17:49:52.915+00",0.0013682,15.79881,0.00265456,0.0001022,330.09183,331.46313,6708.9146,"spacetrack"
100405,"2026-09-09 18:07:26.951+00",0.0012187,15.798775,0.002355,7.93e-05,330.2555,331.31952,6708.9243,"spacetrack"
100405,"2026-09-10 13:51:42.445+00",0.0010657,15.798719,0.00205062,0.0001833,329.57333,332.03284,6708.94,"spacetrack"
100405,"2026-09-11 17:11:54.57+00",-0.0052223,15.781834,-0.00828997,0.0001143,334.82028,336.35504,6713.7246,"spacetrack"
100406,"2026-09-07 18:59:34.093+00",0.0011172,15.798914,0.00215462,8.02e-05,330.20993,331.28604,6708.885,"spacetrack"
100406,"2026-09-08 14:43:49.635+00",0.00098503,15.798713,0.00189127,0.0001085,330.07718,331.53302,6708.942,"spacetrack"
100406,"2026-09-09 16:34:16.665+00",-0.0052765,15.761982,-0.00771523,0.0001111,340.47733,341.97037,6719.361,"spacetrack"
100406,"2026-09-10 06:16:54.541+00",-0.0056364,15.737305,-0.00742914,0.000373,345.73727,350.75516,6726.3833,"spacetrack"
100407,"2026-09-07 19:05:09.313+00",0.0014323,15.799451,0.00279194,8.5e-05,330.02573,331.16623,6708.733,"spacetrack"
100407,"2026-09-08 17:51:37.488+00",0.0013539,15.798654,0.00262389,0.000139,329.88937,331.75446,6708.959,"spacetrack"
100407,"2026-09-09 18:09:11.453+00",0.0011996,15.798782,0.00231702,0.0001172,329.99902,331.5716,6708.9224,"spacetrack"
100407,"2026-09-10 18:26:43.905+00",0.0010983,15.798895,0.00211683,8.28e-05,330.19812,331.3091,6708.8906,"spacetrack"
100407,"2026-09-11 17:13:41.144+00",-0.0051656,15.781115,-0.00818113,2.22e-05,335.6428,335.9409,6713.9287,"spacetrack"
100407,"2026-09-12 17:35:16.877+00",-0.0062502,15.737129,-0.00815065,7.88e-05,347.76617,348.82626,6726.433,"spacetrack"
100408,"2026-09-07 14:23:02.871+00",0.0011144,15.798968,0.00214956,0.0001352,329.8257,331.6398,6708.8696,"spacetrack"
100408,"2026-09-08 17:42:47.633+00",0.00050244,15.798221,0.00094858,0.0001171,330.1588,331.73007,6709.0815,"spacetrack"
100408,"2026-09-09 18:00:22.235+00",0.0010658,15.798482,0.0020486,0.0002273,329.34534,332.39523,6709.0073,"spacetrack"
100408,"2026-09-10 18:17:58.371+00",-0.0018681,15.794605,-0.00333232,9.23e-05,331.34885,332.58752,6710.105,"spacetrack"
100408,"2026-09-11 17:05:34.923+00",-0.0041944,15.777157,-0.00664739,0.0001249,336.07584,337.75327,6715.052,"spacetrack"
100408,"2026-09-12 17:26:18.149+00",-0.00099601,15.759238,-0.00155121,7.53e-05,341.49753,342.50958,6720.1406,"spacetrack"
100408,"2026-09-13 14:45:47.582+00",-0.0056851,15.735077,-0.0074137,6.91e-05,348.4162,349.34586,6727.018,"spacetrack"
100409,"2026-09-07 19:07:29.679+00",0.0016291,15.79954,0.00319267,0.000111,329.82623,331.31555,6708.708,"spacetrack"
100409,"2026-09-08 17:53:57.54+00",0.00054825,15.798256,0.00103694,9.33e-05,330.30844,331.56036,6709.0713,"spacetrack"
100409,"2026-09-09 18:11:31.58+00",0.0011527,15.7987585,0.00222352,8.36e-05,330.2313,331.35303,6708.929,"spacetrack"
100409,"2026-09-10 18:30:31.204+00",-0.0055231,15.766163,-0.00818281,0.0001533,339.00595,341.06573,6718.173,"spacetrack"
100409,"2026-09-11 17:21:46.922+00",-0.0020077,15.731896,-0.00273304,9.59e-05,349.14243,350.43283,6727.925,"spacetrack"
100409,"2026-09-12 05:33:29.735+00",0.0019467,15.736027,0.00287083,0.0003047,346.5608,350.66006,6726.7476,"spacetrack"
100410,"2026-09-07 19:09:44.492+00",0.0015789,15.799246,0.00308618,0.0001105,329.91278,331.39545,6708.791,"spacetrack"
100410,"2026-09-08 17:56:11.862+00",0.00032566,15.798124,0.0006097,0.0001107,330.2289,331.7143,6709.1084,"spacetrack"
100410,"2026-09-09 16:42:40.149+00",0.00088394,15.798573,0.00169142,0.0001153,330.07108,331.6182,6708.9814,"spacetrack"
100410,"2026-09-10 15:29:42.924+00",-0.0049256,15.779004,-0.00777484,0.000342,334.09402,338.68674,6714.5273,"spacetrack"
100410,"2026-09-11 17:22:37.228+00",-0.0030957,15.741266,-0.0043054,0.000194,345.81293,348.42233,6725.2544,"spacetrack"
100410,"2026-09-12 07:05:56.219+00",-0.00090332,15.72981,-0.00124377,0.0001322,349.4931,351.27213,6728.5195,"spacetrack"
100411,"2026-09-07 17:38:17.225+00",0.0010372,15.798923,0.00199625,0.0001061,330.03394,331.45755,6708.883,"spacetrack"
100411,"2026-09-08 17:55:50.431+00",0.00095603,15.798563,0.00183289,8.5e-05,330.2771,331.41763,6708.9844,"spacetrack"
100411,"2026-09-09 18:14:15.377+00",-0.0023614,15.777038,-0.00386488,3.17e-05,336.73532,337.16107,6715.085,"spacetrack"
100411,"2026-09-10 18:35:14.37+00",-0.0074891,15.745846,-0.01010236,0.00034,343.52747,348.09976,6723.9507,"spacetrack"
100412,"2026-09-07 19:10:59.614+00",0.0010083,15.798946,0.00193931,0.0001128,329.98203,331.49554,6708.876,"spacetrack"
100412,"2026-09-08 16:26:20.863+00",0.00048387,15.798413,0.00091375,0.0002004,329.54523,332.2342,6709.027,"spacetrack"
100412,"2026-09-09 13:41:43.68+00",0.00063624,15.798642,0.00120902,0.0001072,330.10593,331.54434,6708.962,"spacetrack"
100412,"2026-09-10 12:28:10.781+00",0.00065332,15.798552,0.00124163,5.88e-05,330.45618,331.24518,6708.988,"spacetrack"
100412,"2026-09-11 15:50:26.73+00",-0.0055892,15.754234,-0.00788208,0.0001409,342.47952,344.37366,6721.5635,"spacetrack"
100413,"2026-09-07 19:02:14.398+00",0.0011543,15.7990675,0.00222993,0.0001371,329.7848,331.62436,6708.842,"spacetrack"
100413,"2026-09-08 17:48:41.939+00",0.00068782,15.798335,0.00130726,9.68e-05,330.2626,331.5615,6709.049,"spacetrack"
100413,"2026-09-09 18:07:08.856+00",-0.0052416,15.773834,-0.00804624,1.46e-05,337.75937,337.95547,6715.9946,"spacetrack"
100413,"2026-09-10 18:28:30.381+00",-0.002832,15.7505665,-0.00411093,0.0001654,343.3582,345.58203,6722.607,"spacetrack"
100413,"2026-09-11 12:44:37.945+00",0.00087456,15.756154,0.0013788,0.000104,342.18152,343.5795,6721.0176,"spacetrack"
100414,"2026-09-07 17:53:43.274+00",0.00097295,15.798814,0.00186839,0.0001796,329.57147,331.98132,6708.9136,"spacetrack"
100414,"2026-09-08 18:11:16.972+00",0.00068789,15.798215,0.00130673,0.0001967,329.6263,332.26566,6709.083,"spacetrack"
100414,"2026-09-09 13:55:33.085+00",0.00089999,15.798548,0.00172268,9.73e-05,330.19904,331.5046,6708.989,"spacetrack"
100414,"2026-09-10 12:42:00.094+00",0.00066088,15.7985525,0.00125629,8.42e-05,330.28558,331.41537,6708.9873,"spacetrack"
100414,"2026-09-11 17:34:49.345+00",-0.005181,15.765318,-0.00769095,0.0001086,339.54623,341.00546,6718.413,"spacetrack"
100415,"2026-09-07 17:34:54.706+00",0.00092594,15.798845,0.00177607,0.0001056,330.05917,331.47607,6708.905,"spacetrack"
100415,"2026-09-08 17:52:28.26+00",0.0010844,15.79861,0.00208664,4.62e-05,330.52414,331.14404,6708.971,"spacetrack"
100415,"2026-09-09 13:36:45.086+00",0.0011073,15.798016,0.00212603,0.0001882,329.73984,332.26514,6709.1396,"spacetrack"
100415,"2026-09-10 15:26:08.722+00",-0.0055495,15.776243,-0.00856084,8.64e-05,336.5934,337.75385,6715.3105,"spacetrack"
100415,"2026-09-11 14:16:12.119+00",-0.0060855,15.744995,-0.00820859,0.0001415,345.10425,347.0072,6724.193,"spacetrack"
100416,"2026-09-07 14:43:18.789+00",0.0012279,15.79914,0.00237754,9.42e-05,330.052,331.31595,6708.821,"spacetrack"
100416,"2026-09-08 13:29:45.131+00",0.016975,15.818957,0.04222914,0.000576,321.21884,328.94095,6703.217,"spacetrack"
100416,"2026-09-09 18:20:37.969+00",0.0013234,15.79889,0.00256555,9.68e-05,330.10538,331.40424,6708.8916,"spacetrack"
100416,"2026-09-10 18:38:42.368+00",-0.0032179,15.781726,-0.00529281,0.000297,333.62424,337.6122,6713.7554,"spacetrack"
100416,"2026-09-11 15:57:23.364+00",-0.005394,15.742976,-0.00729032,6.7e-05,346.18015,347.08127,6724.7676,"spacetrack"
100417,"2026-09-07 17:45:36.428+00",0.0085161,15.809698,0.01940883,0.0001357,326.78693,328.6069,6705.834,"spacetrack"
100417,"2026-09-09 18:20:53.363+00",0.00064065,15.7982645,0.00121545,0.0001295,330.06323,331.80087,6709.069,"spacetrack"
100417,"2026-09-10 18:39:27.426+00",-0.0053363,15.771591,-0.00810512,5.99e-05,338.09174,338.8964,6716.631,"spacetrack"
100417,"2026-09-11 15:58:52.848+00",-0.0059704,15.733599,-0.00771108,0.0001721,348.14462,350.4602,6727.4395,"spacetrack"
100418,"2026-09-07 15:02:15.095+00",0.0011498,15.798518,0.00221527,8.19e-05,330.3107,331.4096,6708.997,"spacetrack"
100418,"2026-09-08 12:17:36.38+00",0.0015768,15.797157,0.00305155,8.63e-05,330.66635,331.82437,6709.3823,"spacetrack"
100418,"2026-09-09 14:06:15.951+00",0.00077702,15.798667,0.001483,9.64e-05,330.17114,331.46463,6708.955,"spacetrack"
100418,"2026-09-10 12:52:43.803+00",0.00131,15.79822,0.00253077,0.0001418,329.99335,331.89603,6709.0815,"spacetrack"
100418,"2026-09-11 13:10:17.031+00",0.0017037,15.801144,0.00337094,0.000228,328.58755,331.6465,6708.254,"spacetrack"
100418,"2026-09-12 13:27:52.038+00",4.262e-05,15.796962,7.289e-05,0.0003615,328.87537,333.7263,6709.438,"spacetrack"
100418,"2026-09-13 16:50:28.762+00",-0.0056444,15.751442,-0.00786312,9.21e-05,343.60184,344.8401,6722.358,"spacetrack"
100419,"2026-09-07 17:47:50.55+00",0.00096667,15.798744,0.00185539,0.0001367,329.8789,331.71313,6708.933,"spacetrack"
100419,"2026-09-08 13:32:06.064+00",0.00097876,15.798665,0.00187851,0.000123,329.99338,331.6438,6708.9556,"spacetrack"
100419,"2026-09-09 13:49:40.525+00",0.0013257,15.798136,0.00256118,0.000118,330.17664,331.76,6709.1055,"spacetrack"
100419,"2026-09-10 14:07:13.516+00",0.0011403,15.798239,0.0021936,0.0002222,329.44852,332.43002,6709.076,"spacetrack"
100419,"2026-09-11 17:27:19.295+00",-0.0072015,15.783864,-0.01135399,0.0001998,333.67075,336.35333,6713.149,"spacetrack"
100419,"2026-09-12 16:17:00.649+00",-0.0073286,15.745727,-0.00989018,5.39e-05,345.485,346.20984,6723.9844,"spacetrack"
100420,"2026-09-07 17:49:46.165+00",0.0010837,15.798954,0.00208853,0.0001046,330.035,331.4385,6708.8735,"spacetrack"
100420,"2026-09-08 19:38:25.613+00",0.0011499,15.798621,0.00221646,0.0001608,329.7522,331.9098,6708.968,"spacetrack"
100420,"2026-09-09 13:51:36.137+00",0.00099548,15.798255,0.00190779,9.67e-05,330.28592,331.58347,6709.072,"spacetrack"
100420,"2026-09-10 18:43:54.582+00",-0.0047621,15.768398,-0.00720927,0.0001564,338.35016,340.4514,6717.5376,"spacetrack"
100420,"2026-09-11 16:02:24.798+00",-0.0037111,15.753043,-0.00536382,8.18e-05,343.21542,344.31512,6721.9023,"spacetrack"
100420,"2026-09-12 07:17:00.876+00",-0.0068251,15.725934,-0.00845419,0.0002339,349.9142,353.06235,6729.6255,"spacetrack"
100421,"2026-09-07 17:51:03.445+00",0.00095851,15.798844,0.00184019,0.0001321,329.88147,331.65396,6708.905,"spacetrack"
100421,"2026-09-08 19:40:30.013+00",-0.0053477,15.774773,-0.00823191,0.0002195,336.11707,339.06528,6715.728,"spacetrack"
100421,"2026-09-09 16:59:42.848+00",-0.0058665,15.73574,-0.00764905,7.1e-06,348.64447,348.74002,6726.829,"spacetrack"
100421,"2026-09-10 00:37:05.984+00",0.0016822,15.733692,0.00244247,5.68e-05,348.89365,349.6579,6727.4126,"spacetrack"
100422,"2026-09-07 19:23:13.237+00",0.0013441,15.799065,0.00260936,6.03e-05,330.3008,331.1099,6708.8423,"spacetrack"
100422,"2026-09-08 19:42:43.882+00",8.1267e-05,15.76638,0.00012615,0.0004783,336.76074,343.1873,6718.111,"spacetrack"
100422,"2026-09-09 17:02:42.767+00",-0.0046776,15.727005,-0.00599851,0.0003661,348.71915,353.64636,6729.32,"spacetrack"
100423,"2026-09-07 19:20:16.537+00",0.0011936,15.799093,0.00230842,7.47e-05,330.19614,331.19846,6708.8345,"spacetrack"
100423,"2026-09-08 13:33:26.422+00",0.0011545,15.798852,0.00222812,9.65e-05,330.11832,331.41315,6708.903,"spacetrack"
100423,"2026-09-09 13:51:01.04+00",0.0014088,15.798158,0.00272771,0.0001306,330.08597,331.83838,6709.099,"spacetrack"
100423,"2026-09-10 11:06:22.118+00",0.0011369,15.799019,0.00219487,8.59e-05,330.14215,331.29474,6708.8555,"spacetrack"
100423,"2026-09-11 15:57:35.348+00",0.0015303,15.789133,0.00285812,0.0011035,326.1122,340.92484,6711.656,"spacetrack"
100423,"2026-09-12 16:16:59.115+00",-0.012921,15.748066,-0.01715752,6.28e-05,344.75937,345.60382,6723.3184,"spacetrack"
100424,"2026-09-07 19:25:43.217+00",0.0015837,15.79947,0.0030991,0.0001102,329.85126,331.32986,6708.7275,"spacetrack"
100424,"2026-09-08 15:10:09.504+00",-0.0042677,15.789572,-0.00711763,0.0002089,331.992,334.79608,6711.5312,"spacetrack"
100424,"2026-09-09 18:33:47.582+00",-0.0062349,15.7403145,-0.00823877,0.0001933,346.08865,348.68875,6725.526,"spacetrack"
100424,"2026-09-10 06:45:23.039+00",-0.0076271,15.7313385,-0.00969295,0.0001717,348.79153,351.10196,6728.084,"spacetrack"
100425,"2026-09-07 19:26:25.609+00",0.0011927,15.799135,0.00230706,0.000103,329.99448,331.3765,6708.8223,"spacetrack"
100425,"2026-09-08 19:43:59.229+00",0.0012083,15.798767,0.00233412,0.000116,330.01138,331.56784,6708.927,"spacetrack"
100425,"2026-09-09 13:57:09.974+00",0.0010428,15.7984295,0.0020027,0.000123,330.05994,331.71036,6709.022,"spacetrack"
100425,"2026-09-10 11:12:31.035+00",0.0014407,15.79924,0.00280616,6.57e-05,330.21487,331.0964,6708.7925,"spacetrack"
100425,"2026-09-11 17:35:18.595+00",-0.0045499,15.774079,-0.00707651,0.0001511,336.7732,338.80273,6715.925,"spacetrack"
100425,"2026-09-12 17:57:32.306+00",-0.0065506,15.729978,-0.00827325,0.0001868,349.07803,351.5918,6728.4717,"spacetrack"
100426,"2026-09-07 17:59:11.306+00",0.001254,15.798846,0.00242628,0.0001105,330.02582,331.50848,6708.9043,"spacetrack"
100426,"2026-09-08 15:15:13.974+00",-0.0061188,15.776567,-0.00936212,0.0001023,336.39468,337.76862,6715.2188,"spacetrack"
100426,"2026-09-09 14:05:54.739+00",-0.0066684,15.732485,-0.00849122,0.0001904,348.3389,350.90082,6727.757,"spacetrack"
100427,"2026-09-07 14:54:07.456+00",0.0012989,15.799146,0.00251959,8.53e-05,330.11023,331.25476,6708.8193,"spacetrack"
100427,"2026-09-08 13:40:34.759+00",0.0013634,15.798238,0.00263769,0.0001078,330.21625,331.66272,6709.0767,"spacetrack"
100427,"2026-09-09 13:59:44.259+00",-0.0060028,15.76328,-0.00872481,0.0002014,339.50165,342.20807,6718.9917,"spacetrack"
100428,"2026-09-07 14:59:09.65+00",0.0010797,15.799023,0.00208137,0.0001364,329.80222,331.6324,6708.8545,"spacetrack"
100428,"2026-09-08 18:21:23.56+00",-0.0057405,15.754146,-0.00807144,5.53e-05,343.08005,343.82346,6721.589,"spacetrack"
100428,"2026-09-09 08:04:26.391+00",-0.0068261,15.729453,-0.00856822,0.0001111,349.73676,351.23184,6728.621,"spacetrack"
100429,"2026-09-07 19:29:10.49+00",0.00095944,15.798928,0.00184273,0.0001166,329.96188,331.52637,6708.8813,"spacetrack"
100429,"2026-09-08 19:46:48.612+00",0.00064631,15.794793,0.0012076,0.0005022,328.5451,335.2847,6710.052,"spacetrack"
100429,"2026-09-09 18:35:39.149+00",-0.0030983,15.756607,-0.00459039,2.33e-05,342.59512,342.90833,6720.8887,"spacetrack"
100429,"2026-09-10 06:47:08.972+00",-0.0060254,15.73436,-0.0077976,9.71e-05,348.4322,349.73862,6727.2227,"spacetrack"
100430,"2026-09-07 19:29:42.185+00",0.00098756,15.798871,0.00189768,0.0001339,329.86185,331.6585,6708.897,"spacetrack"
100430,"2026-09-08 19:47:15.843+00",0.0012086,15.798689,0.00233407,0.000203,329.44977,332.1736,6708.9487,"spacetrack"
100430,"2026-09-09 18:33:44.01+00",0.0010681,15.7987175,0.00205549,0.0002124,329.37878,332.22873,6708.941,"spacetrack"
100430,"2026-09-10 11:15:47.333+00",0.0020864,15.800823,0.00416267,2.02e-05,330.07217,330.34317,6708.3447,"spacetrack"
100430,"2026-09-11 17:39:40.421+00",-0.0056555,15.759681,-0.00814274,8.24e-05,341.32397,342.43146,6720.0146,"spacetrack"
100430,"2026-09-12 07:22:13.763+00",-0.0059437,15.740348,-0.00788576,9.34e-05,346.75098,348.0073,6725.516,"spacetrack"
100430,"2026-09-13 01:40:54.326+00",-0.0033364,15.709245,-0.00407372,0.0009876,349.60275,362.90454,6734.3906,"spacetrack"
100431,"2026-09-07 01:23:18.307+00",0.0014241,15.798589,0.00276505,0.0004651,327.71973,333.96042,6708.977,"spacetrack"
100431,"2026-09-08 13:48:42.837+00",0.0022277,15.810928,0.00468552,0.0005479,323.67517,331.02304,6705.4863,"spacetrack"
100432,"2026-09-07 15:04:55.203+00",-0.0061525,15.733955,-0.00793733,0.0001848,347.95764,350.44406,6727.338,"spacetrack"
100434,"2026-09-07 17:59:37.654+00",0.00097602,15.821914,0.00205486,0.0005104,320.82394,327.66574,6702.382,"spacetrack"
100434,"2026-09-08 22:49:36.733+00",-0.0037106,15.813585,-0.00681049,0.0004252,323.74695,329.44864,6704.735,"spacetrack"
100434,"2026-09-09 21:38:36.452+00",-0.0047424,15.764707,-0.0069643,0.0004721,337.27753,343.62122,6718.5864,"spacetrack"
100434,"2026-09-10 14:24:49.624+00",-0.0090179,15.735742,-0.01130357,0.0004145,345.90326,351.4798,6726.8286,"spacetrack"
100437,"2026-09-07 18:05:32.762+00",0.0014149,15.818197,0.00295821,0.000153,324.2689,326.32013,6703.4316,"spacetrack"
100437,"2026-09-08 22:55:10.289+00",0.0013129,15.8228655,0.00280015,0.0003744,321.46674,326.48526,6702.113,"spacetrack"
100437,"2026-09-09 23:12:35.01+00",-0.00041527,15.802397,-0.00077851,0.0007989,324.4033,335.12115,6707.8994,"spacetrack"
100437,"2026-09-10 23:34:13.506+00",-0.005343,15.74898,-0.00729348,0.0004498,341.89752,347.9456,6723.0586,"spacetrack"
100437,"2026-09-11 14:49:40.566+00",-0.0083474,15.725216,-0.01011964,0.000347,349.35782,354.02832,6729.83,"spacetrack"
100438,"2026-09-07 16:34:14.305+00",0.0020765,15.824724,0.00455992,0.0003324,321.2236,325.67883,6701.5884,"spacetrack"
100438,"2026-09-08 22:55:25.528+00",-0.00026334,15.819589,-0.00053583,0.0004936,321.5928,328.21005,6703.0386,"spacetrack"
100438,"2026-09-09 21:43:59.534+00",-0.0067622,15.768315,-0.00976954,0.0005687,335.60422,343.24478,6717.5615,"spacetrack"
100438,"2026-09-10 02:18:13.831+00",-0.0047366,15.759611,-0.00681332,0.0004837,338.64703,345.148,6720.0347,"spacetrack"
100439,"2026-09-07 21:07:37.618+00",0.0013458,15.82203,0.00286214,0.0005075,320.81042,327.6133,6702.3486,"spacetrack"
100439,"2026-09-08 13:48:54.83+00",0.000806,15.8219795,0.00168971,0.0004692,321.08148,327.37097,6702.3633,"spacetrack"
100440,"2026-09-08 18:31:24.365+00",-0.0073508,15.731988,-0.00912005,0.0004152,346.9683,352.5551,6727.899,"spacetrack"
100440,"2026-09-09 03:40:38.141+00",0.0031402,15.737744,0.00469234,0.0004218,345.2839,350.95816,6726.258,"spacetrack"
100441,"2026-09-08 21:31:36.165+00",-0.0062507,15.763804,-0.00893531,0.0004945,337.38327,344.0282,6718.843,"spacetrack"
100441,"2026-09-09 14:18:18.96+00",-0.0074723,15.726868,-0.00907936,0.0005148,347.7575,354.68607,6729.359,"spacetrack"
100442,"2026-09-07 21:10:26.109+00",0.00053726,15.816967,0.00109621,0.0011364,318.02396,333.2603,6703.7793,"spacetrack"
100442,"2026-09-08 21:27:12.811+00",0.0011165,15.821983,0.00235918,0.0003739,321.71927,326.7313,6702.3623,"spacetrack"
100442,"2026-09-09 23:17:19.983+00",-0.0063653,15.774635,-0.00948286,0.0004275,334.75912,340.50113,6715.767,"spacetrack"
100442,"2026-09-10 22:08:37.073+00",-0.0072657,15.744699,-0.00948547,0.0004677,342.99527,349.28516,6724.2773,"spacetrack"
100442,"2026-09-11 04:14:51.145+00",-0.0088877,15.730865,-0.01094996,0.0004321,347.17453,352.98904,6728.2188,"spacetrack"
100443,"2026-09-07 21:13:15.782+00",0.0010944,15.822406,0.00231574,0.0003479,321.7742,326.43762,6702.2427,"spacetrack"
100443,"2026-09-08 23:01:00.834+00",0.0011796,15.822025,0.00249701,0.0003608,321.79498,326.6314,6702.35,"spacetrack"
100443,"2026-09-09 23:18:45.548+00",-0.0061841,15.792226,-0.00992492,0.0004603,329.5532,335.73114,6710.7793,"spacetrack"
100443,"2026-09-10 22:09:36.992+00",-0.0079414,15.741697,-0.01032116,0.0004654,343.86505,350.1248,6725.132,"spacetrack"
100443,"2026-09-11 07:19:09.612+00",-0.0062081,15.723545,-0.0075715,0.0005018,348.79257,355.54712,6730.3066,"spacetrack"
100444,"2026-09-07 22:42:35.66+00",-0.0013371,15.814455,-0.00258636,0.00051,322.93277,329.77136,6704.4893,"spacetrack"
100444,"2026-09-08 22:58:55.861+00",0.0014655,15.822246,0.00312878,0.0003745,321.641,326.661,6702.288,"spacetrack"
100444,"2026-09-09 23:15:38.603+00",0.0016635,15.822395,0.00357239,0.0003447,321.79858,326.4191,6702.2456,"spacetrack"
100444,"2026-09-10 23:33:51.767+00",-0.0043195,15.786484,-0.00699306,0.0005465,330.6009,337.93753,6712.4062,"spacetrack"
100444,"2026-09-11 22:25:19.16+00",-0.008233,15.735105,-0.01039035,0.0004395,345.9166,351.82962,6727.0103,"spacetrack"
100445,"2026-09-08 23:01:11.298+00",0.00092371,15.821897,0.00194154,0.0004391,321.3067,327.19275,6702.3867,"spacetrack"
100445,"2026-09-09 17:13:57.384+00",0.012031,15.826266,0.02942607,0.0014397,313.36823,332.66354,6701.153,"spacetrack"
100445,"2026-09-10 22:09:06.658+00",-0.0050001,15.765057,-0.00732137,0.0004164,337.55258,343.14774,6718.4873,"spacetrack"
100445,"2026-09-11 22:33:09.397+00",-0.0080598,15.721894,-0.00968115,0.000432,349.7332,355.54855,6730.778,"spacetrack"
100446,"2026-09-07 03:06:04.095+00",-0.00037986,15.768175,-0.00061181,0.0006531,335.07703,343.85153,6717.601,"spacetrack"
100446,"2026-09-08 11:03:00.62+00",0.0050894,15.801262,0.01063962,0.0017271,318.49774,341.66928,6708.2207,"spacetrack"
100447,"2026-09-07 21:18:11.775+00",-0.0057356,15.789734,-0.00918223,0.0004629,330.24152,336.45502,6711.4854,"spacetrack"
100447,"2026-09-08 18:37:47.445+00",-0.0069983,15.742705,-0.00910032,0.0004789,343.4873,349.92834,6724.8447,"spacetrack"
100448,"2026-09-07 21:19:04.596+00",0.0014546,15.822776,0.00311254,0.0003693,321.52637,326.4766,6702.1387,"spacetrack"
100448,"2026-09-08 23:09:31.489+00",-0.0012561,15.774953,-0.00204508,0.0006265,333.33246,341.7472,6715.677,"spacetrack"
100448,"2026-09-09 22:02:00.018+00",-0.0084942,15.722635,-0.01018354,0.000445,349.43427,355.42447,6730.5664,"spacetrack"
100449,"2026-09-07 18:09:05.962+00",0.0022038,15.817705,0.00469236,0.0003194,323.2925,327.57477,6703.571,"spacetrack"
100449,"2026-09-08 17:01:36.238+00",-0.00582,15.737217,-0.00752764,0.0004269,345.3997,351.1427,6726.408,"spacetrack"
100449,"2026-09-09 14:24:01.385+00",0.0026435,15.7348795,0.00386444,0.000556,345.19714,352.67767,6727.074,"spacetrack"
100450,"2026-09-07 19:48:55.62+00",0.0022213,15.824631,0.00489504,0.0003504,321.12946,325.82593,6701.6147,"spacetrack"
100450,"2026-09-08 20:05:59.397+00",-0.023017,15.794646,-0.03576993,0.0006798,327.3949,336.51794,6710.0933,"spacetrack"
100450,"2026-09-09 23:24:31.29+00",-0.0029671,15.816837,-0.00560317,0.000365,323.2321,328.1259,6703.816,"spacetrack"
100450,"2026-09-10 22:12:45.243+00",-0.0062485,15.774844,-0.00933425,0.0004306,334.6789,340.46246,6715.7075,"spacetrack"
100450,"2026-09-11 22:35:57.547+00",-0.0077643,15.734115,-0.00965934,0.0004364,346.21945,352.09103,6727.2925,"spacetrack"
100450,"2026-09-12 07:45:32.794+00",-0.0010479,15.725188,-0.00138454,0.0004352,348.7722,354.62985,6729.838,"spacetrack"
100451,"2026-09-07 19:49:06.051+00",0.0024713,15.826996,0.0055482,0.0003644,320.36804,325.25168,6700.947,"spacetrack"
100451,"2026-09-08 20:05:56.573+00",0.0018256,15.82246,0.00393894,0.000441,321.13474,327.0461,6702.2275,"spacetrack"
100451,"2026-09-09 23:24:43.833+00",0.0011753,15.822504,0.00249336,0.000371,321.59155,326.5646,6702.215,"spacetrack"
100451,"2026-09-10 22:11:54.008+00",-0.006962,15.784704,-0.01088755,0.0004979,331.4315,338.1162,6712.9106,"spacetrack"
100451,"2026-09-11 22:34:47.861+00",-0.0087064,15.73301,-0.01083573,0.0003831,346.89294,352.04764,6727.6074,"spacetrack"
100451,"2026-09-12 01:38:00.538+00",-0.0073451,15.7271185,-0.00894524,0.000449,348.12878,354.17166,6729.287,"spacetrack"
100452,"2026-09-07 21:21:34.27+00",-0.0011951,15.806709,-0.00223879,0.0004225,325.7085,331.37564,6706.679,"spacetrack"
100452,"2026-09-08 20:11:24.601+00",-0.0065807,15.754376,-0.00901082,0.0004085,340.6403,346.13177,6721.523,"spacetrack"
100452,"2026-09-09 02:17:27.479+00",-0.0064583,15.74058,-0.00838959,0.000431,344.41458,350.2119,6725.45,"spacetrack"
100453,"2026-09-07 22:59:35.765+00",-0.0050099,15.742017,-0.00668576,0.000548,343.21866,350.5893,6725.041,"spacetrack"
100453,"2026-09-08 05:05:52.977+00",-0.0046998,15.730421,-0.00601064,0.0004589,347.12076,353.29602,6728.345,"spacetrack"
100454,"2026-09-08 18:39:23.38+00",-0.0056405,15.783126,-0.00880423,0.0004884,331.94247,338.50006,6713.3584,"spacetrack"
100454,"2026-09-09 22:05:46.914+00",-0.0022623,15.730528,-0.00299772,0.0003855,347.58423,352.77176,6728.315,"spacetrack"
100454,"2026-09-10 05:43:45.026+00",0.00042312,15.7268915,0.00057311,0.0004949,347.88464,354.54538,6729.352,"spacetrack"
100456,"2026-09-08 23:22:06.219+00",-0.0026341,15.717416,-0.00329272,0.000592,349.93393,357.9047,6732.056,"spacetrack"
100457,"2026-09-07 13:50:48.902+00",0.0019374,15.821517,0.00417426,0.0005398,320.73895,327.97495,6702.494,"spacetrack"
100457,"2026-09-08 15:43:39.831+00",-0.0079664,15.749477,-0.01067183,0.0004556,341.71707,347.843,6722.917,"spacetrack"
100457,"2026-09-09 02:24:34.466+00",-0.0066271,15.726316,-0.00812222,0.0004323,348.46982,354.28818,6729.516,"spacetrack"
100458,"2026-09-07 06:16:13.354+00",-0.0015761,15.819373,-0.00309946,0.0004217,322.1357,327.7891,6703.0996,"spacetrack"
100458,"2026-09-08 20:19:01.777+00",-0.0054295,15.740127,-0.00714511,0.000471,344.2746,350.6101,6725.5796,"spacetrack"
100458,"2026-09-09 00:53:48.56+00",-0.0048733,15.72952,-0.00619439,0.0004335,347.54846,353.38217,6728.6025,"spacetrack"
100459,"2026-09-07 22:59:09.944+00",-0.0050127,15.786431,-0.00801784,0.0005378,330.67426,337.89413,6712.4214,"spacetrack"
100459,"2026-09-08 15:44:27.342+00",-0.0070073,15.749019,-0.00934129,0.0005126,341.46432,348.3568,6723.0474,"spacetrack"
100473,"2026-09-07 21:02:42.863+00",0.00012146,15.839942,0.00027098,0.000162,318.07336,320.2433,6697.2954,"spacetrack"
100473,"2026-09-08 22:49:10.579+00",0.00035432,15.805576,0.00068787,0.0002593,327.12357,330.6018,6706.9995,"spacetrack"
100473,"2026-09-09 23:06:45.379+00",0.0017271,15.799376,0.0033907,0.0001089,329.8867,331.34787,6708.7544,"spacetrack"
100473,"2026-09-10 23:24:18.268+00",0.00051475,15.798322,0.00097271,0.000119,330.11743,331.71417,6709.0527,"spacetrack"
100473,"2026-09-11 22:10:45.667+00",0.00093472,15.798829,0.00179322,0.0001046,330.07028,331.4738,6708.909,"spacetrack"
100473,"2026-09-12 22:28:18.759+00",0.00078592,15.798582,0.00149978,9.57e-05,330.2,331.48413,6708.979,"spacetrack"
100473,"2026-09-13 18:12:36.804+00",0.0015994,15.798308,0.00311402,0.0001265,330.07095,331.76834,6709.0566,"spacetrack"
100474,"2026-09-07 21:06:07.68+00",0.0013104,15.799007,0.00254104,0.0001216,329.90576,331.53735,6708.8584,"spacetrack"
100474,"2026-09-08 22:54:46.782+00",0.0016844,15.799062,0.00329826,9.24e-05,330.08643,331.32623,6708.8433,"spacetrack"
100474,"2026-09-09 23:12:20.852+00",0.0018559,15.799417,0.00365602,0.0001141,329.8402,331.37115,6708.7427,"spacetrack"
100474,"2026-09-10 23:31:11.534+00",-0.0070599,15.7639265,-0.010309,0.0005815,336.76416,344.57816,6718.808,"spacetrack"
100475,"2026-09-07 16:27:16.348+00",-0.0014472,15.825818,-0.00299593,0.0001279,322.28543,323.99963,6701.2793,"spacetrack"
100475,"2026-09-08 15:13:07.571+00",0.0007667,15.798481,0.00146161,0.0001153,330.09714,331.64423,6709.008,"spacetrack"
100475,"2026-09-09 23:06:10.481+00",0.0018169,15.799487,0.00357684,0.0001081,329.8607,331.3111,6708.7227,"spacetrack"
100475,"2026-09-10 23:23:43.393+00",0.00079241,15.798483,0.00151176,0.00012,330.06488,331.67505,6709.007,"spacetrack"
100475,"2026-09-11 22:10:10.814+00",0.00098812,15.798866,0.00189874,8.84e-05,330.16837,331.35452,6708.8984,"spacetrack"
100475,"2026-09-12 22:27:44.006+00",0.00070455,15.798674,0.00134187,8.81e-05,330.2249,331.40704,6708.953,"spacetrack"
100475,"2026-09-13 06:03:24.282+00",-0.0054365,15.788476,-0.00884142,0.0002498,332.028,335.38126,6711.842,"spacetrack"
100476,"2026-09-07 16:35:26.767+00",-0.00041291,15.7988615,-0.00077867,4.33e-05,330.47244,331.05344,6708.9,"spacetrack"
100476,"2026-09-08 22:57:23.826+00",0.0018263,15.799091,0.00358948,9.82e-05,330.03912,331.35672,6708.835,"spacetrack"
100476,"2026-09-09 23:14:57.571+00",0.0015713,15.799177,0.00306976,8.8e-05,330.08322,331.26398,6708.8105,"spacetrack"
100476,"2026-09-10 23:32:30.142+00",0.00070326,15.798437,0.00133787,0.000109,330.1518,331.61435,6709.02,"spacetrack"
100476,"2026-09-11 22:18:57.719+00",0.0016498,15.799427,0.00323321,0.0001149,329.83203,331.3737,6708.7397,"spacetrack"
100477,"2026-09-07 18:09:02.017+00",0.0013385,15.798708,0.00259369,7.43e-05,330.3079,331.30484,6708.9434,"spacetrack"
100477,"2026-09-08 15:24:22.315+00",0.00053718,15.798463,0.00101659,0.0001228,330.0518,331.69952,6709.0127,"spacetrack"
100477,"2026-09-09 23:17:25.693+00",0.0011832,15.7989435,0.00228609,0.0001513,329.72476,331.75488,6708.877,"spacetrack"
100477,"2026-09-10 23:34:58.5+00",0.0007602,15.79847,0.00144886,0.0001006,330.19888,331.54874,6709.0107,"spacetrack"
100477,"2026-09-11 13:14:50.858+00",0.00075014,15.798719,0.00143093,0.0001147,330.03366,331.5727,6708.94,"spacetrack"
100477,"2026-09-12 13:32:24.163+00",0.0013074,15.799077,0.00253585,0.0001246,329.86612,331.53796,6708.839,"spacetrack"
100477,"2026-09-13 13:51:31.786+00",-0.0029934,15.766107,-0.00462399,7.74e-05,339.5319,340.57187,6718.189,"spacetrack"
100478,"2026-09-07 18:09:20.847+00",0.001033,15.798868,0.00198744,0.0001552,329.7197,331.80212,6708.898,"spacetrack"
100478,"2026-09-08 15:24:41.776+00",0.00075626,15.798662,0.00144255,0.0002065,329.4339,332.20468,6708.956,"spacetrack"
100478,"2026-09-09 23:17:45.233+00",0.001837,15.799429,0.00361723,0.000154,329.56912,331.6354,6708.7393,"spacetrack"
100478,"2026-09-10 23:35:18.1+00",0.00083846,15.798454,0.00160151,0.0001764,329.6946,332.06155,6709.015,"spacetrack"
100478,"2026-09-11 22:21:45.37+00",0.0011949,15.798473,0.00230427,0.0001275,330.01752,331.7283,6709.01,"spacetrack"
100478,"2026-09-12 13:32:43.769+00",0.00077506,15.798635,0.00147895,0.0001218,330.01007,331.64438,6708.9644,"spacetrack"
100478,"2026-09-13 13:50:17.105+00",0.00096489,15.7986765,0.00185131,0.000112,330.06393,331.56674,6708.952,"spacetrack"
100479,"2026-09-07 18:10:06.632+00",0.0010378,15.798736,0.00199571,0.0001939,329.49765,332.09937,6708.9355,"spacetrack"
100479,"2026-09-08 15:25:27.679+00",0.00093441,15.7987385,0.00179189,0.0001928,329.5042,332.0912,6708.9346,"spacetrack"
100479,"2026-09-09 23:18:30.903+00",0.0018699,15.799506,0.00368665,7.14e-05,330.10132,331.05933,6708.7173,"spacetrack"
100479,"2026-09-10 23:36:03.846+00",0.00084625,15.798469,0.00161682,0.000121,330.06235,331.6859,6709.011,"spacetrack"
100479,"2026-09-11 19:20:19.727+00",0.0017609,15.799335,0.00345926,8.25e-05,330.0756,331.18253,6708.766,"spacetrack"
100479,"2026-09-12 13:33:29.378+00",0.0012906,15.799144,0.00250286,9.54e-05,330.04288,331.3229,6708.82,"spacetrack"
100479,"2026-09-13 13:53:17.075+00",-0.0040757,15.755154,-0.00590772,0.0001087,342.4345,343.89572,6721.3022,"spacetrack"
100480,"2026-09-07 18:10:35.825+00",0.00020842,15.798983,0.00038825,9.83e-05,330.06915,331.38812,6708.8657,"spacetrack"
100480,"2026-09-08 15:25:57.317+00",0.00053803,15.798451,0.00101816,0.0001125,330.12433,331.63388,6709.016,"spacetrack"
100480,"2026-09-09 23:19:00.661+00",0.0018552,15.799433,0.00365505,8e-05,330.0646,331.138,6708.7383,"spacetrack"
100480,"2026-09-10 23:36:33.538+00",0.0016877,15.799232,0.0033078,0.0001073,329.9382,331.37793,6708.795,"spacetrack"
100480,"2026-09-11 23:54:06.953+00",0.0010524,15.79835,0.00202086,0.0001085,330.17963,331.6355,6709.0444,"spacetrack"
100480,"2026-09-12 12:02:53.289+00",0.0014437,15.799184,0.00281142,8.76e-05,330.084,331.2594,6708.8086,"spacetrack"
100480,"2026-09-13 13:51:37.755+00",-0.013927,15.785761,-0.02172569,0.0004715,331.30917,337.63916,6712.6113,"spacetrack"
100481,"2026-09-07 16:34:24.463+00",-0.0073637,15.836317,-0.01465301,6.35e-05,319.755,320.60568,6698.3174,"spacetrack"
100481,"2026-09-08 15:23:33.408+00",0.00083727,15.798619,0.00160039,8.44e-05,330.2653,331.39777,6708.9688,"spacetrack"
100481,"2026-09-09 23:16:36.5+00",0.0017669,15.799381,0.00347245,7.45e-05,330.11588,331.11548,6708.7524,"spacetrack"
100481,"2026-09-10 23:34:09.336+00",0.00050841,15.798288,0.00096036,8.38e-05,330.363,331.48743,6709.062,"spacetrack"
100481,"2026-09-11 22:20:36.687+00",0.00067031,15.798492,0.00127424,0.0001009,330.1904,331.54428,6709.0044,"spacetrack"
100481,"2026-09-12 13:31:40.749+00",-0.0020613,15.793621,-0.00364676,0.0001225,331.42484,333.06888,6710.384,"spacetrack"
100481,"2026-09-13 01:40:39.911+00",0.0019338,15.794979,0.00375229,0.0012321,323.59476,340.12955,6709.999,"spacetrack"
100482,"2026-09-07 16:39:51.786+00",-0.003399,15.800953,-0.00604482,6.77e-05,329.71677,330.62506,6708.308,"spacetrack"
100482,"2026-09-08 15:26:20.024+00",0.0011394,15.798859,0.00219812,0.000161,329.6835,331.84378,6708.901,"spacetrack"
100482,"2026-09-09 23:19:23.453+00",0.0011515,15.798829,0.00222184,0.0001251,329.93292,331.61148,6708.909,"spacetrack"
100482,"2026-09-10 23:36:56.093+00",0.00068154,15.798429,0.00129565,0.0001108,330.14206,331.62878,6709.0225,"spacetrack"
100482,"2026-09-11 22:23:23.811+00",0.0011698,15.799081,0.00226103,8.74e-05,330.1145,331.2872,6708.838,"spacetrack"
100483,"2026-09-07 15:11:53.204+00",0.00011387,15.798743,0.00020832,8.11e-05,330.25238,331.34058,6708.9336,"spacetrack"
100483,"2026-09-08 23:04:55.12+00",0.0011591,15.798607,0.00223463,8.08e-05,330.29303,331.3772,6708.972,"spacetrack"
100483,"2026-09-09 23:22:29.022+00",0.0018791,15.799527,0.00370588,9.74e-05,329.92096,331.2278,6708.7114,"spacetrack"
100483,"2026-09-10 23:40:01.797+00",0.00071396,15.798413,0.00135852,9.33e-05,330.2639,331.51578,6709.027,"spacetrack"
100483,"2026-09-11 19:24:17.84+00",0.0014885,15.799056,0.00290022,0.0001352,329.80078,331.61487,6708.8447,"spacetrack"
100484,"2026-09-07 16:34:25.547+00",-0.0042055,15.835128,-0.00852814,5.48e-05,320.14844,320.8826,6698.6523,"spacetrack"
100484,"2026-09-08 15:19:45.811+00",-0.0011236,15.799405,-0.00208105,9.03e-05,330.00323,331.21484,6708.746,"spacetrack"
100484,"2026-09-09 23:12:49.539+00",0.0016552,15.799285,0.00324217,0.0001584,329.58038,331.70572,6708.7803,"spacetrack"
100484,"2026-09-10 23:30:22.229+00",0.00050148,15.7982645,0.00094692,0.0001038,330.23547,331.6283,6709.069,"spacetrack"
100484,"2026-09-11 22:16:49.442+00",0.0010689,15.79894,0.0020591,5.93e-05,330.34283,331.13852,6708.8774,"spacetrack"
100484,"2026-09-12 13:27:48.04+00",0.0011053,15.798877,0.00213053,0.0001411,329.81198,331.70523,6708.8955,"spacetrack"
100484,"2026-09-13 10:43:49.764+00",-0.0050339,15.777882,-0.00788647,9e-05,336.10458,337.31326,6714.8457,"spacetrack"
100485,"2026-09-07 16:42:59.581+00",0.0029897,15.839987,0.00743801,0.0001708,318.0018,320.28958,6697.2827,"spacetrack"
100485,"2026-09-08 15:32:00.44+00",0.00052879,15.798458,0.00100041,0.0001598,329.805,331.9492,6709.014,"spacetrack"
100485,"2026-09-09 23:25:04.272+00",0.0019362,15.799472,0.00382306,0.0001374,329.66833,331.5119,6708.727,"spacetrack"
100485,"2026-09-10 23:42:37.387+00",0.00099164,15.798664,0.00190389,0.0001172,330.0324,331.60498,6708.9556,"spacetrack"
100485,"2026-09-11 22:29:04.488+00",0.00072275,15.798623,0.00137695,0.0001243,329.99655,331.6644,6708.9673,"spacetrack"
100485,"2026-09-12 12:08:57.053+00",0.00098293,15.798748,0.00188746,0.0001033,330.10193,331.488,6708.932,"spacetrack"
100485,"2026-09-13 12:27:03.459+00",-0.0021938,15.781837,-0.00367891,0.0002347,334.01108,337.1625,6713.7236,"spacetrack"
100486,"2026-09-07 21:05:38.77+00",-0.0030587,15.82441,-0.00607083,0.0002842,321.6351,325.44434,6701.677,"spacetrack"
100486,"2026-09-08 15:18:28.807+00",0.00070381,15.79862,0.00134009,0.0001467,329.847,331.8154,6708.9683,"spacetrack"
100486,"2026-09-09 23:11:32.072+00",0.0017855,15.799377,0.0035106,9.85e-05,329.95612,331.27774,6708.754,"spacetrack"
100486,"2026-09-10 23:29:04.726+00",0.00080622,15.798455,0.00153851,0.0001286,330.01526,331.7408,6709.015,"spacetrack"
100486,"2026-09-11 22:15:32.156+00",0.0013099,15.799116,0.00254125,9.08e-05,330.0818,331.3001,6708.828,"spacetrack"
100486,"2026-09-12 13:26:30.455+00",0.00091704,15.798746,0.00175778,0.0001166,330.01334,331.57788,6708.9326,"spacetrack"
100486,"2026-09-13 13:44:03.786+00",0.0011276,15.798828,0.00217444,9.5e-05,330.135,331.4097,6708.909,"spacetrack"
100487,"2026-09-07 22:51:09.816+00",0.0017947,15.800341,0.00354579,0.0003213,328.1888,332.4997,6708.4814,"spacetrack"
100487,"2026-09-08 20:06:14.951+00",0.010828,15.815681,0.02579859,0.000685,321.41327,330.59793,6704.1426,"spacetrack"
100487,"2026-09-09 14:19:42.859+00",0.00041437,15.798413,0.00078025,9.92e-05,330.22424,331.5553,6709.027,"spacetrack"
100487,"2026-09-10 14:37:16.288+00",0.00029972,15.7984085,0.00056099,9.56e-05,330.24982,331.5326,6709.0283,"spacetrack"
100487,"2026-09-11 19:29:04.601+00",0.0011635,15.778784,0.00204763,0.0005405,332.82358,340.08206,6714.59,"spacetrack"
100488,"2026-09-07 16:42:17.09+00",-0.0057244,15.8153515,-0.01034519,0.0001125,325.3446,326.85306,6704.236,"spacetrack"
100488,"2026-09-08 23:04:05.368+00",0.0014039,15.7992525,0.00273196,0.0001464,329.67017,331.6345,6708.7896,"spacetrack"
100488,"2026-09-09 23:21:39.065+00",0.0018073,15.799417,0.00355592,0.0001056,329.89734,331.31424,6708.7427,"spacetrack"
100488,"2026-09-10 14:32:37.021+00",0.00037329,15.798356,0.00070138,0.0001263,330.0586,331.7533,6709.043,"spacetrack"
100488,"2026-09-11 19:23:28.224+00",0.0014581,15.798944,0.00283719,0.0001916,329.45413,332.02496,6708.8765,"spacetrack"
100488,"2026-09-12 22:43:12.329+00",0.00058002,15.798295,0.00109841,0.00012,330.11813,331.72833,6709.06,"spacetrack"
100488,"2026-09-13 12:23:05.069+00",0.00077449,15.798468,0.0014767,0.0001012,330.19553,331.5534,6709.011,"spacetrack"
100489,"2026-09-07 22:56:28.673+00",0.0012197,15.799361,0.00236359,0.0001255,329.7794,331.4633,6708.7583,"spacetrack"
100489,"2026-09-08 15:38:32.38+00",0.00096507,15.79877,0.00185246,9.43e-05,330.15622,331.42154,6708.926,"spacetrack"
100489,"2026-09-09 23:31:35.848+00",0.0010807,15.798761,0.00208072,8.39e-05,330.22842,331.3542,6708.928,"spacetrack"
100489,"2026-09-10 22:18:02.995+00",0.00083422,15.798613,0.00159437,9.57e-05,330.19138,331.4755,6708.97,"spacetrack"
100489,"2026-09-11 13:29:36.11+00",-0.0065684,15.777706,-0.01002833,0.0002754,334.90942,338.608,6714.8955,"spacetrack"
100490,"2026-09-08 20:12:09.447+00",0.0014153,15.798764,0.00274869,6.85e-05,330.33087,331.25,6708.9272,"spacetrack"
100490,"2026-09-09 14:25:19.948+00",0.00024472,15.798174,0.00045573,8.73e-05,330.37183,331.54324,6709.0947,"spacetrack"
100490,"2026-09-10 14:42:52.836+00",0.00068835,15.798599,0.00130992,7.66e-05,330.32336,331.35117,6708.974,"spacetrack"
100490,"2026-09-11 22:35:55.165+00",0.00083349,15.798554,0.00159251,8.52e-05,330.27835,331.42157,6708.987,"spacetrack"
100490,"2026-09-12 16:49:05.356+00",0.0012512,15.798956,0.00242186,0.0001025,330.0485,331.42383,6708.873,"spacetrack"
100490,"2026-09-13 14:06:09.102+00",-0.0077449,15.758723,-0.01094961,0.0001239,341.3174,342.9827,6720.287,"spacetrack"
100491,"2026-09-07 16:45:33.592+00",0.00062229,15.798743,0.00118255,3.88e-05,330.53613,331.05676,6708.9336,"spacetrack"
100491,"2026-09-08 23:08:43.084+00",-0.0023086,15.7860775,-0.00393633,0.0003856,331.79608,336.97278,6712.5215,"spacetrack"
100491,"2026-09-09 23:25:55.404+00",0.0019789,15.799561,0.00391325,0.0001102,329.8256,331.3042,6708.7017,"spacetrack"
100491,"2026-09-10 23:43:28.246+00",0.00085417,15.79863,0.00163353,9.43e-05,330.19595,331.46124,6708.966,"spacetrack"
100491,"2026-09-11 13:23:20.398+00",0.00040003,15.798457,0.00075292,9.16e-05,330.26285,331.49194,6709.0146,"spacetrack"
100491,"2026-09-12 07:36:30.554+00",0.00076785,15.798608,0.0014647,0.0001168,330.0512,331.61844,6708.9717,"spacetrack"
100491,"2026-09-13 21:33:55.988+00",0.00073565,15.79868,0.00140244,0.0001166,330.03207,331.5966,6708.951,"spacetrack"
100492,"2026-09-08 15:39:27.827+00",0.0012268,15.798926,0.00237296,9.36e-05,330.11664,331.37253,6708.8813,"spacetrack"
100492,"2026-09-09 23:32:31.456+00",0.0018753,15.799416,0.00369624,8.01e-05,330.06876,331.1435,6708.743,"spacetrack"
100492,"2026-09-10 14:43:29.12+00",0.00068735,15.798614,0.00130805,9.83e-05,330.17355,331.49252,6708.97,"spacetrack"
100492,"2026-09-11 13:30:00.708+00",-0.00284,15.793978,-0.00495523,0.0001159,331.36804,332.9235,6710.2827,"spacetrack"
100492,"2026-09-12 12:19:17.171+00",-0.0071519,15.746253,-0.00954777,0.000253,343.9965,347.39874,6723.8345,"spacetrack"
100493,"2026-09-07 22:59:43.339+00",0.0011964,15.799094,0.00231416,9.99e-05,330.02682,331.36725,6708.834,"spacetrack"
100493,"2026-09-08 14:10:41.568+00",0.00098934,15.798686,0.00189954,0.0001191,330.01355,331.6116,6708.9497,"spacetrack"
100493,"2026-09-09 20:32:39.339+00",0.0015715,15.799059,0.0030683,0.0001288,329.843,331.5712,6708.844,"spacetrack"
100493,"2026-09-10 22:21:17.854+00",0.0013861,15.79906,0.00269366,9.45e-05,330.0729,331.34088,6708.8438,"spacetrack"
100493,"2026-09-11 13:32:16.088+00",0.00090636,15.798802,0.00173725,0.0001038,330.08313,331.47592,6708.9165,"spacetrack"
100493,"2026-09-12 16:52:01.332+00",0.0008381,15.798616,0.00160198,0.000138,329.90652,331.7582,6708.969,"spacetrack"
100493,"2026-09-13 21:42:51.528+00",0.00081519,15.798765,0.00155827,0.0001109,330.0462,331.53424,6708.9272,"spacetrack"
100494,"2026-09-07 23:02:47.271+00",0.0012658,15.799242,0.00245445,0.0001256,329.8125,331.49777,6708.792,"spacetrack"
100494,"2026-09-08 20:18:09.704+00",0.0018671,15.7989435,0.00367085,0.0001487,329.74197,331.73718,6708.8765,"spacetrack"
100494,"2026-09-09 23:37:54.691+00",0.0011336,15.798659,0.0021845,6.56e-05,330.38007,331.26028,6708.957,"spacetrack"
100494,"2026-09-10 22:24:21.779+00",0.001451,15.79914,0.00282553,8.06e-05,330.1433,331.22476,6708.821,"spacetrack"
100494,"2026-09-11 19:39:44.19+00",0.0012638,15.798836,0.00244574,0.0002213,329.28564,332.255,6708.907,"spacetrack"
100494,"2026-09-12 13:52:53.595+00",0.00093501,15.798683,0.00179259,0.0001297,329.9432,331.6835,6708.95,"spacetrack"
100494,"2026-09-13 14:10:30.301+00",-0.0020199,15.794681,-0.0035941,0.0002141,330.51016,333.38342,6710.084,"spacetrack"
100495,"2026-09-07 23:03:03.713+00",0.0013152,15.799382,0.00255517,0.0001073,329.8956,331.3353,6708.7524,"spacetrack"
100495,"2026-09-08 14:14:02.041+00",0.00091031,15.798643,0.00174371,0.0001011,330.14655,331.50308,6708.962,"spacetrack"
100495,"2026-09-09 23:38:11.233+00",0.0011141,15.798778,0.00214716,5.41e-05,330.42368,331.1496,6708.924,"spacetrack"
100495,"2026-09-10 14:49:09.182+00",0.00068898,15.798596,0.00131111,8.87e-05,330.243,331.43317,6708.975,"spacetrack"
100495,"2026-09-11 10:33:24.967+00",0.00067826,15.798477,0.00128957,9.19e-05,330.25528,331.48837,6709.009,"spacetrack"
100495,"2026-09-12 13:53:10.076+00",0.0013562,15.798918,0.00263175,9e-05,330.14322,331.3508,6708.884,"spacetrack"
100495,"2026-09-13 21:46:12.025+00",0.00094754,15.7988615,0.00181873,0.0001073,330.04306,331.4828,6708.9,"spacetrack"
100496,"2026-09-07 22:53:44.537+00",0.00083995,15.7989435,0.00160805,0.0001311,329.86005,331.6191,6708.8765,"spacetrack"
100496,"2026-09-08 15:35:48.577+00",0.00075101,15.798636,0.00143208,0.0001304,329.9517,331.7014,6708.9634,"spacetrack"
100496,"2026-09-09 23:28:51.962+00",0.0017488,15.799393,0.0034354,0.0001086,329.88406,331.34122,6708.7495,"spacetrack"
100496,"2026-09-10 23:46:24.946+00",0.0010133,15.798761,0.00194751,7.81e-05,330.26736,331.3153,6708.928,"spacetrack"
100496,"2026-09-11 19:30:40.551+00",0.0014368,15.799099,0.00279638,5.62e-05,330.3187,331.07278,6708.8325,"spacetrack"
100496,"2026-09-12 16:46:02.244+00",0.00079383,15.798578,0.0015152,5.73e-05,330.45868,331.22754,6708.98,"spacetrack"
100496,"2026-09-13 21:36:52.736+00",0.001566,15.799385,0.00306203,7.24e-05,330.12912,331.10056,6708.752,"spacetrack"
100497,"2026-09-07 23:04:50.905+00",0.0013775,15.799374,0.00268024,9.71e-05,329.9665,331.26935,6708.755,"spacetrack"
100497,"2026-09-08 14:15:49.235+00",0.00088204,15.798617,0.00168806,0.0001089,330.1013,331.5625,6708.9688,"spacetrack"
100497,"2026-09-09 22:08:52.73+00",0.0010823,15.798792,0.00208416,0.0001121,330.03046,331.5346,6708.9194,"spacetrack"
100497,"2026-09-10 22:26:25.53+00",0.0014083,15.799043,0.00273808,7.93e-05,330.17966,331.24368,6708.8486,"spacetrack"
100497,"2026-09-11 12:06:18.21+00",0.0010028,15.798721,0.00192644,0.000106,330.09143,331.5137,6708.9395,"spacetrack"
100497,"2026-09-12 07:50:34.041+00",0.0011069,15.798226,0.00212722,0.0001431,329.98267,331.9028,6709.0796,"spacetrack"
100497,"2026-09-13 06:37:01.367+00",0.0009291,15.798661,0.00178078,0.0001335,329.9239,331.71518,6708.9565,"spacetrack"
100498,"2026-09-07 23:05:04.367+00",0.0014548,15.799422,0.00283694,0.0001335,329.70847,331.4997,6708.741,"spacetrack"
100498,"2026-09-08 14:16:02.736+00",0.0010204,15.798671,0.0019606,0.0001028,330.12726,331.50662,6708.954,"spacetrack"
100498,"2026-09-09 22:09:06.292+00",0.0019323,15.799394,0.00381379,4.69e-05,330.29758,330.92688,6708.749,"spacetrack"
100498,"2026-09-10 14:51:09.749+00",0.00075653,15.798715,0.00144335,0.0001068,330.08792,331.52094,6708.9414,"spacetrack"
100498,"2026-09-11 10:35:26.08+00",0.0013809,15.798831,0.00268039,0.0001342,329.87134,331.67203,6708.9087,"spacetrack"
100498,"2026-09-12 21:30:26.227+00",0.0018215,15.799479,0.00358641,8.88e-05,329.9926,331.18408,6708.7256,"spacetrack"
100498,"2026-09-13 14:12:30.253+00",0.0010862,15.798918,0.00209319,8.72e-05,330.16202,331.33206,6708.8843,"spacetrack"
100499,"2026-09-07 23:01:07.117+00",0.0012183,15.799105,0.00235786,0.0001811,329.47916,331.9091,6708.831,"spacetrack"
100499,"2026-09-08 20:16:29.211+00",0.0018483,15.798918,0.00363171,0.0001342,329.84677,331.64743,6708.8843,"spacetrack"
100499,"2026-09-09 23:36:14.228+00",0.0011379,15.798826,0.0021949,7.87e-05,330.2448,331.30078,6708.9097,"spacetrack"
100499,"2026-09-10 14:47:12.236+00",0.00076483,15.798619,0.00145888,0.0001067,330.11575,331.54745,6708.9688,"spacetrack"
100499,"2026-09-11 19:38:03.287+00",0.0017161,15.799261,0.00336625,8.67e-05,330.0681,331.2314,6708.7866,"spacetrack"
100499,"2026-09-12 21:26:41.723+00",0.0012661,15.79914,0.00245383,0.0001274,329.82928,331.5387,6708.821,"spacetrack"
100499,"2026-09-13 14:08:46.119+00",0.00075856,15.798679,0.00144708,9.58e-05,330.17188,331.4573,6708.9517,"spacetrack"
100500,"2026-09-07 17:02:25.102+00",0.00074614,15.798683,0.00142288,0.0001202,330.00702,331.61987,6708.9507,"spacetrack"
100500,"2026-09-08 20:22:10.779+00",0.0018113,15.79885,0.00355453,0.0001932,329.47006,332.06238,6708.9033,"spacetrack"
100500,"2026-09-09 22:10:50.339+00",0.0010862,15.798585,0.00208985,0.0001105,330.09976,331.58246,6708.978,"spacetrack"
100500,"2026-09-10 22:28:22.82+00",0.0016454,15.799319,0.0032227,8.29e-05,330.07718,331.1895,6708.7705,"spacetrack"
100500,"2026-09-11 21:15:48.241+00",-0.0014414,15.773535,-0.00237281,0.0008231,332.41452,343.47055,6716.0796,"spacetrack"
100501,"2026-09-07 23:11:13.097+00",0.0017205,15.799513,0.00337924,0.0001198,329.77478,331.3822,6708.7153,"spacetrack"
100501,"2026-09-08 14:22:11.597+00",0.00071124,15.798485,0.00135373,0.0001883,329.60626,332.13287,6709.0063,"spacetrack"
100501,"2026-09-09 22:15:14.931+00",0.0015221,15.799163,0.00296965,6.01e-05,330.27454,331.08093,6708.815,"spacetrack"
100501,"2026-09-10 13:26:12.804+00",0.0006281,15.79856,0.0011928,9.91e-05,330.18344,331.51315,6708.9854,"spacetrack"
100501,"2026-09-11 12:12:40.186+00",0.001046,15.79885,0.00201283,6.76e-05,330.31277,331.21982,6708.9033,"spacetrack"
100501,"2026-09-12 21:36:48.328+00",0.00072079,15.798714,0.00137372,0.0001226,329.9823,331.62735,6708.942,"spacetrack"
100501,"2026-09-13 18:52:10.085+00",0.0013379,15.799089,0.00259718,0.0001309,329.82034,331.57672,6708.8354,"spacetrack"
100502,"2026-09-07 21:44:30.367+00",-0.0054075,15.80291,-0.0091916,0.0004275,326.74957,332.4847,6707.7544,"spacetrack"
100502,"2026-09-08 20:33:32.948+00",0.0012392,15.776268,0.0021224,0.0003734,334.6591,339.67407,6715.3037,"spacetrack"
100502,"2026-09-09 22:25:47.966+00",0.00091285,15.776073,0.00155119,0.0004023,334.5203,339.92346,6715.359,"spacetrack"
100502,"2026-09-10 21:15:24.992+00",0.00085059,15.776119,0.00144361,0.0003635,334.76776,339.64984,6715.3457,"spacetrack"
100502,"2026-09-11 21:36:21.279+00",0.00098521,15.77613,0.00167706,0.0003495,334.85883,339.55286,6715.343,"spacetrack"
100502,"2026-09-12 20:25:58.947+00",0.00087756,15.776045,0.00148972,0.0003457,334.90854,339.55154,6715.367,"spacetrack"
100502,"2026-09-13 20:46:54.805+00",0.0011247,15.776365,0.00192239,0.000369,334.6613,339.61716,6715.2764,"spacetrack"
100503,"2026-09-07 21:46:57.012+00",-0.004252,15.778044,-0.00664908,0.0004361,333.73456,339.59122,6714.8,"spacetrack"
100503,"2026-09-08 20:36:35.667+00",0.0011615,15.775999,0.00198358,0.0003755,334.7214,339.76468,6715.38,"spacetrack"
100503,"2026-09-09 22:28:50.53+00",0.0013478,15.776318,0.00231428,0.0003665,334.69135,339.61368,6715.2896,"spacetrack"
100503,"2026-09-10 21:18:27.989+00",0.00094045,15.775925,0.00159813,0.0004394,334.3135,340.215,6715.4014,"spacetrack"
100503,"2026-09-11 18:36:46.718+00",0.00096929,15.776139,0.00164949,0.0003599,334.7865,339.62018,6715.3403,"spacetrack"
100503,"2026-09-12 20:29:01.186+00",0.0014092,15.776596,0.00242599,0.0003688,334.59705,339.5502,6715.2104,"spacetrack"
100503,"2026-09-13 19:18:39.027+00",0.0010107,15.776243,0.00172231,0.0003503,334.82138,339.52612,6715.3105,"spacetrack"
100504,"2026-09-07 21:46:33.932+00",0.0011568,15.822475,0.00245272,0.0003743,321.5775,326.5948,6702.223,"spacetrack"
100504,"2026-09-08 22:03:16.42+00",0.00083846,15.821671,0.00175618,0.0003508,321.9624,326.66483,6702.4507,"spacetrack"
100504,"2026-09-09 19:17:53.697+00",0.0013094,15.822336,0.00278539,0.0003653,321.67715,326.57382,6702.2627,"spacetrack"
100504,"2026-09-10 10:28:19.064+00",0.00084595,15.822148,0.00177627,0.000357,321.78586,326.57132,6702.3154,"spacetrack"
100504,"2026-09-11 18:20:14.102+00",0.00070898,15.822064,0.00148273,0.0003752,321.6875,326.71695,6702.3394,"spacetrack"
100504,"2026-09-12 23:10:03.774+00",0.0011109,15.822479,0.00235254,0.0003577,321.6878,326.48257,6702.222,"spacetrack"
100504,"2026-09-13 15:51:32.799+00",0.0011204,15.822132,0.00237013,0.0005065,320.7885,327.57794,6702.3203,"spacetrack"
100505,"2026-09-07 21:47:07.88+00",0.0012137,15.82249,0.00257764,0.0004269,321.22095,326.9433,6702.219,"spacetrack"
100505,"2026-09-08 20:32:47.82+00",0.00085271,15.821701,0.00178697,0.0003516,321.9483,326.66147,6702.442,"spacetrack"
100505,"2026-09-09 20:49:30.078+00",0.0012175,15.821846,0.00257763,0.0003669,321.8048,326.72302,6702.401,"spacetrack"
100505,"2026-09-10 18:04:06.167+00",0.0014546,15.822515,0.00310897,0.0004267,321.21527,326.93494,6702.212,"spacetrack"
100505,"2026-09-11 21:22:53.371+00",0.00089695,15.822141,0.00188581,0.0003552,321.80002,326.56134,6702.318,"spacetrack"
100505,"2026-09-12 20:08:32.664+00",0.00074234,15.822024,0.00155352,0.0003556,321.83032,326.59705,6702.3506,"spacetrack"
100505,"2026-09-13 20:25:13.81+00",0.0012374,15.8229065,0.00263426,0.0003471,321.63806,326.29065,6702.1016,"spacetrack"
100506,"2026-09-07 21:54:57.582+00",0.0011301,15.822367,0.00239345,0.0004323,321.21964,327.0144,6702.254,"spacetrack"
100506,"2026-09-08 20:40:37.446+00",0.0013022,15.821961,0.00276469,0.0003929,321.59796,326.8647,6702.368,"spacetrack"
100506,"2026-09-09 20:57:19.733+00",0.0014253,15.822065,0.0030374,0.0004222,321.3722,327.03165,6702.339,"spacetrack"
100506,"2026-09-10 19:42:58.537+00",0.0012085,15.822193,0.00256275,0.0004723,321.00055,327.33154,6702.303,"spacetrack"
100506,"2026-09-11 21:30:43.163+00",0.00082421,15.821958,0.00172804,0.000349,321.89334,326.5716,6702.3696,"spacetrack"
100506,"2026-09-12 23:18:27.319+00",0.00096895,15.822338,0.00204302,0.0003765,321.60153,326.64832,6702.2617,"spacetrack"
100506,"2026-09-13 19:02:01.556+00",0.0010884,15.822105,0.00229967,0.0003988,321.51788,326.86365,6702.3276,"spacetrack"
100507,"2026-09-07 20:33:04.918+00",-0.0045099,15.800746,-0.00771771,0.0003525,327.86484,332.59424,6708.3667,"spacetrack"
100507,"2026-09-08 22:24:53.455+00",0.0011313,15.776245,0.00193304,0.0003944,334.52466,339.8217,6715.31,"spacetrack"
100507,"2026-09-09 22:45:50.333+00",0.0012119,15.776181,0.00207363,0.0003893,334.57703,339.8056,6715.328,"spacetrack"
100507,"2026-09-10 20:04:09.071+00",0.00080547,15.775867,0.00136408,0.0003514,334.92044,339.64005,6715.4175,"spacetrack"
100507,"2026-09-11 21:56:23.493+00",0.00091009,15.776088,0.0015464,0.0003677,334.74854,339.687,6715.355,"spacetrack"
100507,"2026-09-12 19:14:42.509+00",0.0011096,15.776188,0.00189455,0.0003758,334.6659,339.71313,6715.3267,"spacetrack"
100507,"2026-09-13 19:35:38.659+00",0.0011376,15.776152,0.00194367,0.0004808,333.97095,340.4284,6715.337,"spacetrack"
100508,"2026-09-07 21:48:06.386+00",0.0012169,15.822318,0.00258293,0.0005006,320.77554,327.48584,6702.2676,"spacetrack"
100508,"2026-09-08 22:04:48.869+00",0.00099766,15.821662,0.00209828,0.0003556,321.93262,326.6994,6702.453,"spacetrack"
100508,"2026-09-09 19:19:25.8+00",0.0016774,15.822834,0.00361139,0.0003939,321.3451,326.62503,6702.122,"spacetrack"
100508,"2026-09-10 19:36:30.893+00",-0.0041819,15.807033,-0.00740468,0.0006042,324.3987,332.50296,6706.588,"spacetrack"
100508,"2026-09-11 22:59:17.881+00",0.00097717,15.776102,0.00166275,0.0003023,335.18362,339.2437,6715.3506,"spacetrack"
100508,"2026-09-12 23:20:13.532+00",0.00095933,15.776256,0.00163299,0.0003422,334.87228,339.46823,6715.307,"spacetrack"
100508,"2026-09-13 22:09:51.222+00",0.0004933,15.77589,0.00082936,0.0003383,335.00192,339.54556,6715.4106,"spacetrack"
100509,"2026-09-07 20:35:25.651+00",-0.0042387,15.779439,-0.0066718,0.00053,332.7085,339.82578,6714.4043,"spacetrack"
100509,"2026-09-08 22:27:41.077+00",0.0014652,15.776298,0.00252206,0.0003916,334.5285,339.78793,6715.2954,"spacetrack"
100509,"2026-09-09 22:48:37.639+00",0.0013646,15.776353,0.00234441,0.0003641,334.6977,339.58774,6715.28,"spacetrack"
100509,"2026-09-10 20:06:56.377+00",0.00080977,15.775825,0.00137147,0.0004325,334.38812,340.19696,6715.4297,"spacetrack"
100509,"2026-09-11 20:27:52.61+00",0.00088054,15.775996,0.00149453,0.0003395,334.964,339.52374,6715.381,"spacetrack"
100509,"2026-09-12 22:20:07.203+00",0.0011881,15.7759695,0.00203018,0.0004294,334.36795,340.1351,6715.3887,"spacetrack"
100509,"2026-09-13 22:41:02.921+00",0.0012304,15.776461,0.00210874,0.0003714,334.6179,339.606,6715.249,"spacetrack"
100510,"2026-09-07 22:04:51.194+00",0.0014274,15.822559,0.00304897,0.0003824,321.4995,326.62537,6702.199,"spacetrack"
100510,"2026-09-08 22:21:33.789+00",0.00087177,15.821669,0.00182745,0.0003255,322.13232,326.49564,6702.451,"spacetrack"
100510,"2026-09-09 19:36:10.845+00",0.001152,15.821605,0.00243161,0.0002737,322.49765,326.16656,6702.469,"spacetrack"
100510,"2026-09-10 19:52:51.963+00",0.0018706,15.822941,0.00404984,0.0003582,321.55405,326.3554,6702.092,"spacetrack"
100510,"2026-09-11 21:40:36.557+00",0.0010412,15.822215,0.00219798,0.000348,321.8272,326.492,6702.2964,"spacetrack"
100510,"2026-09-12 17:24:10.52+00",0.0014751,15.822688,0.0031565,0.0003438,321.72186,326.33026,6702.163,"spacetrack"
100510,"2026-09-13 19:12:09.826+00",-0.0095785,15.806882,-0.01607278,0.0001415,327.54422,329.4422,6706.6304,"spacetrack"
100511,"2026-09-07 20:34:04.216+00",0.0016113,15.822986,0.00346558,0.0003764,321.41937,326.4647,6702.079,"spacetrack"
100511,"2026-09-08 22:21:49.633+00",0.0012072,15.821946,0.00255646,0.000373,321.73563,326.7356,6702.3726,"spacetrack"
100511,"2026-09-09 21:07:29.34+00",0.0012739,15.822175,0.00270506,0.0003497,321.8273,326.5149,6702.308,"spacetrack"
100511,"2026-09-10 18:21:50.323+00",-0.0043026,15.8260565,-0.00826199,0.0008471,317.39856,328.75174,6701.212,"spacetrack"
100511,"2026-09-11 20:09:50.276+00",0.0006243,15.822161,0.00130314,0.0003439,321.87015,326.47998,6702.312,"spacetrack"
100511,"2026-09-12 23:28:34.866+00",-0.0014662,15.822065,-0.00296433,0.0018338,311.91125,336.49274,6702.339,"spacetrack"
100511,"2026-09-13 20:42:57.833+00",0.019786,15.845039,0.05565195,0.0014812,307.80402,327.63983,6695.859,"spacetrack"
100512,"2026-09-07 20:34:18.173+00",0.0013134,15.822573,0.00279729,0.0003788,321.51993,326.5975,6702.196,"spacetrack"
100512,"2026-09-08 22:22:03.367+00",0.0012081,15.821995,0.00255887,0.000338,321.95667,326.4875,6702.359,"spacetrack"
100512,"2026-09-09 21:07:43.015+00",0.0010425,15.822133,0.00220014,0.000368,321.7165,326.6494,6702.32,"spacetrack"
100512,"2026-09-10 19:53:21.686+00",0.0010791,15.821902,0.00227762,0.0004621,321.15085,327.34518,6702.3853,"spacetrack"
100512,"2026-09-11 21:41:08.303+00",0.00073401,15.821669,0.0015332,0.0003643,321.87225,326.75565,6702.451,"spacetrack"
100512,"2026-09-12 23:28:50.665+00",0.0011616,15.822812,0.00246707,0.0003868,321.39886,326.58362,6702.1284,"spacetrack"
100512,"2026-09-13 22:15:37.64+00",-0.0043391,15.793926,-0.00724198,0.0004709,329.00055,335.3203,6710.2974,"spacetrack"
100513,"2026-09-07 20:39:53.688+00",0.00097571,15.822202,0.00205628,0.0003723,321.66818,326.65872,6702.3003,"spacetrack"
100513,"2026-09-08 22:27:38.882+00",0.0020421,15.821628,0.004413,0.0003552,321.9448,326.70624,6702.4624,"spacetrack"
100513,"2026-09-09 21:13:18.435+00",0.0011427,15.822239,0.00241898,0.0003553,321.7717,326.53436,6702.29,"spacetrack"
100513,"2026-09-10 19:58:57.41+00",0.00077415,15.821762,0.00161991,0.0004689,321.14502,327.43054,6702.425,"spacetrack"
100513,"2026-09-11 23:17:44.303+00",0.0010832,15.822333,0.00229062,0.000359,321.7202,326.53244,6702.263,"spacetrack"
100513,"2026-09-12 22:03:49.891+00",-0.0045532,15.805854,-0.00796451,0.0005547,325.06375,332.50443,6706.921,"spacetrack"
100513,"2026-09-13 22:24:03.546+00",0.00086514,15.776016,0.00146832,0.0004363,334.30823,340.1681,6715.375,"spacetrack"
100514,"2026-09-07 22:18:09.859+00",0.0011425,15.776385,0.00195404,0.0004208,334.30774,339.95932,6715.2705,"spacetrack"
100514,"2026-09-08 21:07:47.412+00",0.0012206,15.77596,0.00208698,0.000431,334.35977,340.14844,6715.391,"spacetrack"
100514,"2026-09-09 23:00:02.368+00",0.00092482,15.776031,0.00157152,0.000366,334.7762,339.69186,6715.371,"spacetrack"
100514,"2026-09-10 23:20:58.296+00",0.00097017,15.775995,0.0016499,0.0003479,334.90793,339.5805,6715.3813,"spacetrack"
100514,"2026-09-11 20:39:17.293+00",0.00089378,15.77608,0.00151803,0.0003414,334.9274,339.51266,6715.357,"spacetrack"
100514,"2026-09-12 22:31:31.97+00",0.0013571,15.776075,0.00232829,0.0004137,334.44308,339.99936,6715.3584,"spacetrack"
100514,"2026-09-13 19:49:50.824+00",0.00066837,15.7761,0.0011295,0.000323,335.04535,339.38348,6715.3516,"spacetrack"
100515,"2026-09-07 22:13:00.543+00",0.00089666,15.82215,0.00188531,0.0003653,321.72977,326.62646,6702.315,"spacetrack"
100515,"2026-09-08 20:58:40.112+00",0.0010787,15.82132,0.00226997,0.0004025,321.71487,327.1104,6702.55,"spacetrack"
100515,"2026-09-09 22:46:25.195+00",0.00083525,15.822002,0.00175222,0.000392,321.59247,326.8471,6702.357,"spacetrack"
100515,"2026-09-10 20:01:01.197+00",0.00052016,15.821435,0.001079,0.0003827,321.8149,326.94504,6702.517,"spacetrack"
100515,"2026-09-11 23:20:03.407+00",-0.0035669,15.811413,-0.00650269,0.000393,324.57672,329.8471,6705.349,"spacetrack"
100515,"2026-09-12 22:08:41.702+00",-0.00089004,15.776477,-0.00146791,0.0004018,334.40927,339.80563,6715.2446,"spacetrack"
100515,"2026-09-13 22:29:38.534+00",0.0005871,15.775866,0.00098926,0.000343,334.97754,339.58432,6715.418,"spacetrack"
100516,"2026-09-07 22:14:15.979+00",0.0013193,15.822466,0.00280893,0.0003661,321.63535,326.5427,6702.226,"spacetrack"
100516,"2026-09-08 20:59:55.561+00",0.0010247,15.821613,0.00215649,0.0004336,321.4234,327.23578,6702.467,"spacetrack"
100516,"2026-09-09 22:47:40.603+00",0.0012089,15.822354,0.00256499,0.0003702,321.63913,326.60147,6702.2573,"spacetrack"
100516,"2026-09-10 18:31:14.024+00",0.0017213,15.822647,0.00370684,0.0004088,321.298,326.77768,6702.175,"spacetrack"
100516,"2026-09-11 18:47:55.702+00",0.0011291,15.822276,0.00238999,0.0004036,321.43735,326.8474,6702.2793,"spacetrack"
100516,"2026-09-12 16:02:32.758+00",0.0016569,15.822373,0.00355728,0.0003674,321.6527,326.5775,6702.252,"spacetrack"
100516,"2026-09-13 19:21:19.749+00",0.001038,15.822378,0.00219285,0.0003637,321.6761,326.5513,6702.2505,"spacetrack"
100517,"2026-09-07 20:44:03.846+00",0.0012598,15.822404,0.00267766,0.0004446,321.12656,327.08618,6702.243,"spacetrack"
100517,"2026-09-08 21:00:45.763+00",0.0010742,15.821688,0.00226437,0.0004407,321.3549,327.26242,6702.446,"spacetrack"
100517,"2026-09-09 21:17:28.226+00",0.0013789,15.82252,0.0029411,0.0003704,321.59116,326.55615,6702.2104,"spacetrack"
100517,"2026-09-10 20:03:07.303+00",0.00045294,15.821598,0.00093839,0.0003665,321.87766,326.79056,6702.471,"spacetrack"
100517,"2026-09-11 20:20:08.415+00",0.0017913,15.815516,0.00373792,0.0007568,320.9785,331.12595,6704.1895,"spacetrack"
100517,"2026-09-12 20:40:10.952+00",0.00047472,15.776144,0.0007988,0.000422,334.3679,340.03564,6715.339,"spacetrack"
100517,"2026-09-13 22:32:25.576+00",0.0010361,15.776302,0.001767,0.0003371,334.8931,339.42053,6715.294,"spacetrack"
100518,"2026-09-07 22:17:10.167+00",0.00077577,15.82202,0.00162494,0.0003662,321.7605,326.6693,6702.352,"spacetrack"
100518,"2026-09-08 21:02:49.804+00",0.001228,15.821963,0.00260185,0.0003581,321.83075,326.631,6702.3677,"spacetrack"
100518,"2026-09-09 21:19:32.146+00",0.001304,15.8223915,0.00277414,0.0003674,321.64764,326.57245,6702.247,"spacetrack"
100518,"2026-09-10 21:36:13.785+00",0.00063837,15.821723,0.00133021,0.0003236,322.1299,326.46774,6702.436,"spacetrack"
100518,"2026-09-11 20:22:41.719+00",0.0018788,15.806427,0.00375715,0.0001576,327.56497,329.67896,6706.759,"spacetrack"
100518,"2026-09-12 22:14:32.255+00",0.00053152,15.775858,0.00089442,0.0003788,334.73935,339.82697,6715.42,"spacetrack"
100518,"2026-09-13 22:35:28.215+00",0.0010578,15.7763195,0.00180493,0.000349,334.80838,339.49564,6715.289,"spacetrack"
100519,"2026-09-07 22:17:46.26+00",0.0011761,15.822364,0.00249334,0.0003559,321.73248,326.50314,6702.255,"spacetrack"
100519,"2026-09-08 21:03:25.819+00",0.0010891,15.821881,0.00229843,0.0003533,321.886,326.62192,6702.391,"spacetrack"
100519,"2026-09-09 21:20:08.221+00",0.0012167,15.82236,0.00258223,0.0003937,321.48007,326.75742,6702.256,"spacetrack"
100519,"2026-09-10 21:36:49.862+00",0.00090289,15.821988,0.00189719,0.0003486,321.8873,326.56018,6702.361,"spacetrack"
100519,"2026-09-11 18:51:26.129+00",0.0010972,15.822426,0.00232201,0.0003381,321.8342,326.36624,6702.2373,"spacetrack"
100519,"2026-09-12 16:06:03.088+00",0.0012429,15.822521,0.00264149,0.0003574,321.678,326.46875,6702.2104,"spacetrack"
100519,"2026-09-13 16:22:44.88+00",0.0010942,15.822186,0.0023133,0.0004409,321.21286,327.12296,6702.3047,"spacetrack"
100520,"2026-09-07 22:18:23.12+00",0.00079825,15.822032,0.00167308,0.0003607,321.79398,326.62906,6702.3486,"spacetrack"
100520,"2026-09-08 21:04:02.696+00",0.001082,15.82191,0.00228349,0.000398,321.57843,326.9135,6702.383,"spacetrack"
100520,"2026-09-09 21:20:45.24+00",0.00072004,15.821858,0.00150498,0.0004141,321.48508,327.036,6702.3975,"spacetrack"
100520,"2026-09-10 21:37:26.615+00",0.00076494,15.821885,0.00160087,0.0003965,321.5953,326.9103,6702.3896,"spacetrack"
100520,"2026-09-11 18:52:03.115+00",0.001606,15.822857,0.00345136,0.000359,321.5725,326.38464,6702.1157,"spacetrack"
100520,"2026-09-12 20:39:47.836+00",0.00073748,15.82197,0.00154282,0.0003757,321.71085,326.74698,6702.3657,"spacetrack"
100520,"2026-09-13 19:25:26.837+00",0.00077159,15.822275,0.00161774,0.0002937,322.17426,326.11118,6702.28,"spacetrack"
100521,"2026-09-07 22:19:38.014+00",0.00074647,15.822037,0.0015625,0.0003771,321.68265,326.73755,6702.347,"spacetrack"
100521,"2026-09-08 21:05:17.659+00",0.0012161,15.822007,0.0025767,0.000381,321.6649,326.7721,6702.3555,"spacetrack"
100521,"2026-09-09 21:22:00.219+00",0.00090928,15.821999,0.00191107,0.0003616,321.79733,326.6445,6702.358,"spacetrack"
100521,"2026-09-10 23:09:44.375+00",0.0010166,15.822036,0.00214299,0.0003651,321.76324,326.65732,6702.347,"spacetrack"
100521,"2026-09-11 20:24:21.453+00",0.00049117,15.821515,0.00101838,0.0003778,321.8253,326.8897,6702.4946,"spacetrack"
100521,"2026-09-12 19:10:00.569+00",0.00093881,15.822707,0.00198123,0.0003363,321.76685,326.27472,6702.1577,"spacetrack"
100521,"2026-09-13 19:26:41.97+00",0.0011443,15.822369,0.00242398,0.000346,321.7973,326.43527,6702.2534,"spacetrack"
100522,"2026-09-07 22:29:34.279+00",0.0009845,15.776125,0.0016758,0.0003561,334.81598,339.59866,6715.344,"spacetrack"
100522,"2026-09-08 22:50:30.868+00",0.00085549,15.775737,0.00144961,0.0003761,334.7918,339.84317,6715.4546,"spacetrack"
100522,"2026-09-09 23:11:27.226+00",0.0010659,15.7762165,0.00181817,0.000313,335.07944,339.28323,6715.3184,"spacetrack"
100522,"2026-09-10 22:01:04.566+00",0.0011093,15.776038,0.00189241,0.0003094,335.15408,339.30954,6715.3687,"spacetrack"
100522,"2026-09-11 20:50:42.178+00",0.0010928,15.775978,0.00186338,0.0003828,334.67822,339.81952,6715.3857,"spacetrack"
100522,"2026-09-12 22:42:56.678+00",0.0010487,15.776031,0.00178666,0.0002759,335.38135,339.08688,6715.371,"spacetrack"
100522,"2026-09-13 20:01:15.656+00",0.0014286,15.776408,0.00245849,0.0004175,334.3232,339.93045,6715.2637,"spacetrack"
100523,"2026-09-07 20:55:37.303+00",0.0012541,15.822628,0.00266758,0.0003723,321.54794,326.5384,6702.18,"spacetrack"
100523,"2026-09-08 21:12:19.328+00",0.00083065,15.821898,0.00174148,0.0003873,321.6532,326.84488,6702.386,"spacetrack"
100523,"2026-09-09 23:00:03.921+00",0.0017874,15.823333,0.00386914,0.0004508,320.82275,326.86526,6701.981,"spacetrack"
100523,"2026-09-10 21:45:43.569+00",0.00080119,15.821925,0.00167883,0.0004364,321.31674,327.1666,6702.379,"spacetrack"
100523,"2026-09-11 20:31:21.965+00",0.0011679,15.822809,0.00248076,0.0003379,321.7272,326.2565,6702.129,"spacetrack"
100523,"2026-09-12 19:17:02.276+00",0.0018923,15.822915,0.00409872,0.0003595,321.55264,326.37146,6702.099,"spacetrack"
100523,"2026-09-13 22:35:49.021+00",0.0014344,15.82282,0.00306782,0.0002742,322.1514,325.82684,6702.126,"spacetrack"
100524,"2026-09-07 22:27:06.407+00",0.0010419,15.822332,0.00220097,0.0003809,321.5737,326.67947,6702.2637,"spacetrack"
100524,"2026-09-08 21:12:46.19+00",0.0011042,15.821549,0.00232742,0.0003508,321.9964,326.69885,6702.485,"spacetrack"
100524,"2026-09-09 19:58:00.095+00",0.0026699,15.834091,0.00625326,0.0008525,315.09723,326.51892,6698.9453,"spacetrack"
100524,"2026-09-11 20:31:49.407+00",0.00094389,15.822138,0.00198692,0.0003609,321.7628,326.60052,6702.319,"spacetrack"
100524,"2026-09-12 19:17:28.293+00",0.001411,15.822507,0.00301193,0.0004,321.39645,326.7582,6702.2144,"spacetrack"
100524,"2026-09-13 22:36:15.512+00",0.0013565,15.8225975,0.00289247,0.000308,321.9874,326.11594,6702.1885,"spacetrack"
100525,"2026-09-07 22:27:29.403+00",0.0015458,15.822685,0.00331466,0.000459,320.95078,327.10336,6702.164,"spacetrack"
100525,"2026-09-08 21:13:08.761+00",0.0016704,15.822579,0.00359117,0.000377,321.53012,326.5836,6702.194,"spacetrack"
100525,"2026-09-09 19:58:48.899+00",0.0011858,15.822013,0.00251092,0.0004483,321.21207,327.2214,6702.3535,"spacetrack"
100525,"2026-09-10 15:41:21.389+00",0.0092013,15.858366,0.0263844,0.0015252,303.76343,324.17703,6692.1074,"spacetrack"
100525,"2026-09-11 20:32:12.324+00",0.00089463,15.8221,0.00188046,0.0003571,321.79892,326.58572,6702.329,"spacetrack"
100525,"2026-09-12 17:46:48.896+00",0.0016597,15.822835,0.00357163,0.0003755,321.46814,326.50143,6702.1216,"spacetrack"
100525,"2026-09-13 22:36:38.615+00",0.00074327,15.822086,0.00155597,0.0003548,321.81808,326.57404,6702.333,"spacetrack"
100526,"2026-09-07 22:35:08.567+00",-0.0021974,15.777273,-0.00354755,0.0003603,334.4619,339.30078,6715.0186,"spacetrack"
100526,"2026-09-08 21:24:47.233+00",0.0010537,15.775899,0.00179458,0.0003947,334.6208,339.92194,6715.408,"spacetrack"
100526,"2026-09-09 21:45:43.659+00",0.00065973,15.775784,0.00111312,0.0003359,335.04855,339.56,6715.4414,"spacetrack"
100526,"2026-09-10 20:35:20.778+00",0.00081706,15.775911,0.0013843,0.0003386,334.99402,339.5417,6715.405,"spacetrack"
100526,"2026-09-11 20:56:16.397+00",0.0012733,15.776699,0.00218635,0.0002874,335.11447,338.97437,6715.1816,"spacetrack"
100526,"2026-09-12 19:45:54.385+00",0.0010848,15.775992,0.00184988,0.0004702,334.08743,340.4026,6715.382,"spacetrack"
100526,"2026-09-13 21:38:09.133+00",0.0011169,15.776323,0.00190821,0.0003298,334.93616,339.36557,6715.288,"spacetrack"
100527,"2026-09-07 22:34:23.176+00",0.0023183,15.820855,0.00502947,0.0005375,320.9412,328.14658,6702.6807,"spacetrack"
100527,"2026-09-08 21:20:04.284+00",0.0013536,15.822049,0.00287859,0.0003618,321.7818,326.6316,6702.3438,"spacetrack"
100527,"2026-09-09 20:05:43.803+00",0.0011548,15.82205,0.0024436,0.0004136,321.4343,326.97845,6702.3433,"spacetrack"
100527,"2026-09-10 21:55:15.847+00",-0.0044136,15.785359,-0.0070965,0.0004474,331.58487,337.59143,6712.725,"spacetrack"
100527,"2026-09-11 22:16:10.593+00",0.0011537,15.776256,0.00197234,0.0003933,334.52908,339.81134,6715.307,"spacetrack"
100527,"2026-09-12 22:37:06.709+00",0.001114,15.776259,0.0019029,0.0003925,334.5334,339.8049,6715.306,"spacetrack"
100527,"2026-09-13 22:58:02.624+00",0.00069821,15.776021,0.0011804,0.0003558,334.84747,339.62616,6715.374,"spacetrack"
100528,"2026-09-07 21:12:43.219+00",0.0011435,15.776255,0.00195445,0.000391,334.54474,339.7961,6715.3076,"spacetrack"
100528,"2026-09-08 21:33:39.602+00",0.0013167,15.776056,0.0022568,0.0004032,334.5191,339.93436,6715.364,"spacetrack"
100528,"2026-09-09 20:23:17.658+00",0.00078423,15.775849,0.00132737,0.0003476,334.9511,339.6197,6715.4224,"spacetrack"
100528,"2026-09-10 20:44:13.496+00",0.00076164,15.77587,0.00128855,0.0003268,335.0849,339.4741,6715.4165,"spacetrack"
100528,"2026-09-11 19:33:51.144+00",0.00081566,15.775967,0.00138231,0.0003675,334.78436,339.72018,6715.389,"spacetrack"
100528,"2026-09-12 19:54:46.971+00",0.0010558,15.775999,0.00179938,0.000473,334.06674,340.4195,6715.38,"spacetrack"
100528,"2026-09-13 20:15:43.458+00",0.0014003,15.776275,0.00240669,0.0003558,334.7755,339.55414,6715.302,"spacetrack"
100534,"2026-09-09 21:27:56.539+00",-0.0023098,15.908526,-0.00724449,0.0003869,297.31207,302.47952,6678.0327,"spacetrack"
100534,"2026-09-10 05:00:58.708+00",-0.002139,15.896679,-0.00632576,0.0005038,299.8473,306.5794,6681.3506,"spacetrack"
100534,"2026-09-11 21:53:28.818+00",-0.0032757,15.829032,-0.00649064,0.0005362,318.64264,325.82812,6700.3726,"spacetrack"
100534,"2026-09-12 23:41:13.958+00",0.0009199,15.822995,0.00194296,0.000319,321.80154,326.07748,6702.0767,"spacetrack"
100534,"2026-09-13 22:26:52.738+00",0.0011805,15.822678,0.0025066,0.0002977,322.0339,326.02438,6702.166,"spacetrack"
100535,"2026-09-10 03:31:46.651+00",-0.0027839,15.894779,-0.00813869,0.0003388,301.4819,306.00955,6681.883,"spacetrack"
100535,"2026-09-11 21:55:30.546+00",-0.0019747,15.826064,-0.00396713,0.0004244,320.2289,325.9169,6701.21,"spacetrack"
100535,"2026-09-12 23:43:15.8+00",0.0010714,15.82236,0.00226519,0.0003586,321.71545,326.5223,6702.256,"spacetrack"
100535,"2026-09-13 22:28:55.135+00",0.00072563,15.822106,0.00151848,0.0003584,321.78824,326.59247,6702.327,"spacetrack"
100536,"2026-09-10 02:01:47.359+00",-0.001638,15.899933,-0.0049319,0.0005954,298.32425,306.27933,6680.439,"spacetrack"
100536,"2026-09-11 20:24:47.427+00",-0.0031849,15.829857,-0.00633842,0.000321,319.85175,324.15323,6700.1396,"spacetrack"
100536,"2026-09-12 23:43:33.762+00",0.00072139,15.822086,0.00150923,0.0003384,321.92804,326.46417,6702.333,"spacetrack"
100536,"2026-09-13 22:29:13.128+00",0.0012543,15.822482,0.00266599,0.0003411,321.79816,326.37042,6702.221,"spacetrack"
100537,"2026-09-09 21:34:00.655+00",-0.0027881,15.895562,-0.00818501,0.0004229,300.70044,306.3518,6681.663,"spacetrack"
100537,"2026-09-10 18:44:24.825+00",0.0014161,15.863267,0.0036958,0.0004582,309.52588,315.65726,6690.7285,"spacetrack"
100537,"2026-09-11 18:59:41.185+00",-0.001947,15.823448,-0.0038691,0.0004712,320.6535,326.96942,6701.948,"spacetrack"
100537,"2026-09-12 23:49:31.197+00",0.00099378,15.822519,0.00209841,0.0003449,321.76224,326.3854,6702.211,"spacetrack"
100537,"2026-09-13 22:35:10.639+00",0.00091862,15.822214,0.00193306,0.0003337,321.92343,326.39655,6702.297,"spacetrack"
100538,"2026-09-10 11:10:28.122+00",0.0010875,15.883483,0.00300197,0.0008388,301.306,312.52084,6685.0503,"spacetrack"
100538,"2026-09-11 20:31:02.828+00",-0.00087735,15.822477,-0.00177783,0.000445,321.10306,327.06802,6702.2227,"spacetrack"
100538,"2026-09-12 20:47:45.08+00",0.00098666,15.822248,0.00208034,0.0003564,321.76163,326.539,6702.287,"spacetrack"
100538,"2026-09-13 22:35:29.753+00",0.00074251,15.822062,0.0015545,0.0004439,321.2279,327.17822,6702.34,"spacetrack"
100539,"2026-09-09 21:37:47.491+00",-0.0025752,15.885977,-0.00670766,0.0004163,303.43103,308.99643,6684.3506,"spacetrack"
100539,"2026-09-10 18:48:46.612+00",0.0014128,15.862175,0.00366572,0.0003362,310.6492,315.14825,6691.0356,"spacetrack"
100539,"2026-09-11 22:07:06.989+00",0.0008633,15.821893,0.0018113,0.0003484,321.91565,326.58588,6702.3877,"spacetrack"
100539,"2026-09-12 20:52:46.097+00",0.00092065,15.82209,0.00193657,0.0004056,321.47668,326.9136,6702.332,"spacetrack"
100539,"2026-09-13 22:40:30.424+00",0.0008161,15.82206,0.00171182,0.0004326,321.30414,327.103,6702.3403,"spacetrack"
100540,"2026-09-10 09:45:48.482+00",-7.6007e-05,15.867376,-0.00019652,0.0001949,310.13257,312.74017,6689.573,"spacetrack"
100540,"2026-09-11 22:09:07.588+00",0.001088,15.822233,0.00229975,0.0003294,321.94696,326.36246,6702.2915,"spacetrack"
100540,"2026-09-12 22:25:49.24+00",0.0010959,15.822347,0.00231851,0.000376,321.60257,326.64267,6702.26,"spacetrack"
100540,"2026-09-13 22:42:31.172+00",0.0009724,15.822255,0.00204964,0.0003693,321.67337,326.6237,6702.2856,"spacetrack"
100541,"2026-09-10 11:19:17.063+00",0.00151,15.861994,0.00392922,0.000635,308.7008,317.1985,6691.0864,"spacetrack"
100541,"2026-09-11 19:10:11.955+00",0.0010668,15.821852,0.00224962,0.0003085,322.19476,326.33014,6702.3994,"spacetrack"
100541,"2026-09-12 22:28:59.017+00",0.00094243,15.822139,0.00198382,0.0003681,321.7141,326.64838,6702.3184,"spacetrack"
100541,"2026-09-13 22:45:40.804+00",0.0010223,15.822255,0.00215779,0.0004067,321.4227,326.87433,6702.2856,"spacetrack"
100542,"2026-09-09 21:43:27.621+00",-0.0030434,15.875377,-0.00745831,0.0004349,306.28052,312.09714,6687.3257,"spacetrack"
100542,"2026-09-10 03:46:35.619+00",-0.0034655,15.865585,-0.00804161,0.0004611,308.85522,315.0248,6690.077,"spacetrack"
100542,"2026-09-11 19:11:55.163+00",0.00092689,15.822169,0.00195092,0.0004396,321.2263,327.11896,6702.3096,"spacetrack"
100542,"2026-09-12 17:57:34.59+00",0.00081684,15.822069,0.00171326,0.0003747,321.68964,326.71237,6702.338,"spacetrack"
100542,"2026-09-13 21:16:21.136+00",0.0014466,15.822881,0.00309629,0.0003832,321.40356,326.54007,6702.109,"spacetrack"
100543,"2026-09-10 09:52:14.904+00",0.0017402,15.861178,0.00453992,0.0004886,309.90973,316.4485,6691.316,"spacetrack"
100543,"2026-09-11 22:16:59.223+00",0.0010175,15.822343,0.00214842,0.000416,321.3356,326.91187,6702.2607,"spacetrack"
100543,"2026-09-12 21:02:38.801+00",0.00080143,15.82206,0.00168013,0.0003654,321.75473,326.6528,6702.341,"spacetrack"
100543,"2026-09-13 22:50:23.154+00",0.00066195,15.8220215,0.00138235,0.0003758,321.6958,326.73328,6702.3516,"spacetrack"
100544,"2026-09-10 11:25:46.694+00",0.001793,15.857109,0.00458988,0.0004945,311.01425,317.63312,6692.4604,"spacetrack"
100544,"2026-09-11 20:48:54.564+00",0.00069072,15.821609,0.00144086,0.0004128,321.56427,327.0978,6702.4683,"spacetrack"
100544,"2026-09-12 22:36:38.131+00",0.00078037,15.822081,0.00163512,0.0003311,321.97867,326.41693,6702.335,"spacetrack"
100544,"2026-09-13 22:53:19.984+00",0.00088597,15.822159,0.00186232,0.0003497,321.8319,326.5195,6702.3125,"spacetrack"
100545,"2026-09-09 21:46:01.255+00",-0.0027731,15.870167,-0.00667902,0.0003951,308.0094,313.2949,6688.789,"spacetrack"
100545,"2026-09-10 18:58:17.186+00",0.0016145,15.845677,0.00388054,0.0002851,315.6332,319.45108,6695.679,"spacetrack"
100545,"2026-09-11 17:44:04.057+00",0.0012562,15.821633,0.00265943,0.0003585,321.92108,326.72675,6702.461,"spacetrack"
100545,"2026-09-12 21:02:51.033+00",0.00072262,15.821982,0.0015112,0.0003715,321.73566,326.7155,6702.363,"spacetrack"
100545,"2026-09-13 22:50:35.479+00",0.0007679,15.82206,0.00160835,0.0003484,321.86862,326.53882,6702.341,"spacetrack"
100546,"2026-09-10 11:25:43.196+00",0.0019002,15.866312,0.00511468,0.0004087,309.00143,314.46976,6689.8726,"spacetrack"
100546,"2026-09-11 22:20:06.468+00",0.0007222,15.821789,0.00150881,0.0003339,322.0421,326.51797,6702.417,"spacetrack"
100546,"2026-09-12 22:36:48.309+00",0.0010197,15.822244,0.00215198,0.0003962,321.49628,326.8072,6702.2886,"spacetrack"
100546,"2026-09-13 22:53:30.258+00",0.00081792,15.82207,0.00171618,0.0005043,320.82056,327.58054,6702.3374,"spacetrack"
100547,"2026-09-10 03:54:17.137+00",-0.0019482,15.850359,-0.00437534,0.0005506,312.53763,319.90945,6694.3604,"spacetrack"
100547,"2026-09-11 20:51:55.104+00",0.0011652,15.821923,0.00246411,0.0003044,322.20206,326.28247,6702.3794,"spacetrack"
100547,"2026-09-12 22:39:39.385+00",0.00085944,15.822085,0.00180466,0.0003448,321.88547,326.5074,6702.3335,"spacetrack"
100547,"2026-09-13 22:56:21.129+00",0.0011183,15.822332,0.00236704,0.0003817,321.56845,326.68497,6702.2637,"spacetrack"
100548,"2026-09-10 02:25:37.641+00",-0.0021893,15.849679,-0.00487148,0.0004714,313.25934,319.57095,6694.5522,"spacetrack"
100548,"2026-09-11 22:25:21.435+00",0.0010116,15.822281,0.0021349,0.0003994,321.4644,326.81818,6702.2783,"spacetrack"
100548,"2026-09-12 21:11:00.917+00",0.00088579,15.822144,0.00186174,0.0003333,321.94604,326.41382,6702.317,"spacetrack"
100548,"2026-09-13 18:26:14.691+00",-0.0042875,15.802155,-0.0074151,0.000462,326.73184,332.93,6707.968,"spacetrack"
100549,"2026-09-10 11:35:16.579+00",0.001749,15.845891,0.00422516,0.0003449,315.1726,319.79123,6695.619,"spacetrack"
100549,"2026-09-11 22:30:00.684+00",0.00098989,15.822122,0.00208604,0.0003502,321.83905,326.53336,6702.323,"spacetrack"
100549,"2026-09-12 22:46:42.517+00",0.00082091,15.8220825,0.0017223,0.0004276,321.3312,327.06302,6702.334,"spacetrack"
100549,"2026-09-13 23:03:24.114+00",0.0011327,15.822453,0.00239995,0.0004058,321.37305,326.8126,6702.23,"spacetrack"
100550,"2026-09-10 11:36:13.944+00",0.0017736,15.831066,0.00398555,0.0004809,318.43933,324.8832,6699.7983,"spacetrack"
100550,"2026-09-11 22:30:12.92+00",0.0012909,15.8224125,0.00274556,0.00035,321.75818,326.44974,6702.2407,"spacetrack"
100550,"2026-09-12 22:46:54.837+00",0.00097218,15.822172,0.00204826,0.0003477,321.8415,326.5023,6702.309,"spacetrack"
100550,"2026-09-13 23:03:36.502+00",0.001007,15.822307,0.00212508,0.0003958,321.4811,326.78665,6702.271,"spacetrack"
100551,"2026-09-10 11:38:14.156+00",0.0011316,15.824788,0.00242417,0.0003347,321.1901,325.67615,6701.5703,"spacetrack"
100551,"2026-09-11 22:32:11.923+00",0.0010237,15.822204,0.00216019,0.0003724,321.66696,326.65884,6702.3,"spacetrack"
100551,"2026-09-12 22:50:14.965+00",-0.0048535,15.790536,-0.00791505,0.0004708,329.96118,336.28052,6711.258,"spacetrack"
100551,"2026-09-13 23:11:04.559+00",0.00058715,15.775695,0.00098856,0.0003288,335.12122,339.5373,6715.4663,"spacetrack"
100552,"2026-09-09 21:55:06.915+00",-0.0033357,15.851033,-0.00727006,0.0003832,313.46848,318.5989,6694.171,"spacetrack"
100552,"2026-09-10 02:27:51.847+00",-0.0024154,15.844625,-0.00522622,0.0005047,314.459,321.21796,6695.9756,"spacetrack"
100552,"2026-09-11 20:56:44.977+00",0.00077673,15.8219795,0.0016267,0.0003726,321.72894,326.72354,6702.3633,"spacetrack"
100552,"2026-09-12 22:44:29.46+00",0.00071158,15.821949,0.00148742,0.0003627,321.80392,326.66583,6702.372,"spacetrack"
100552,"2026-09-13 23:01:11.242+00",0.00097096,15.822152,0.00204558,0.0003824,321.61444,326.74036,6702.3145,"spacetrack"
100553,"2026-09-10 19:14:20.232+00",0.00092955,15.821968,0.00195458,0.0003985,321.55862,326.90042,6702.3667,"spacetrack"
100553,"2026-09-11 21:02:04+00",0.0016271,15.822956,0.00350071,0.000405,321.2362,326.6649,6702.0874,"spacetrack"
100553,"2026-09-12 22:49:49.057+00",0.00086825,15.822189,0.00182445,0.0003423,321.8729,326.46127,6702.304,"spacetrack"
100553,"2026-09-13 23:08:18.037+00",-0.0015137,15.78812,-0.00259448,0.0003876,331.20383,336.40692,6711.9424,"spacetrack"
100554,"2026-09-10 20:46:49.969+00",0.0016899,15.82194,0.00362441,0.0004651,321.12015,327.3547,6702.3745,"spacetrack"
100554,"2026-09-11 22:34:33.96+00",0.0011106,15.822332,0.00235023,0.0003667,321.669,326.58444,6702.2637,"spacetrack"
100554,"2026-09-12 22:52:57.74+00",-0.0048297,15.786399,-0.00774301,0.000422,331.4608,337.12607,6712.4307,"spacetrack"
100554,"2026-09-13 23:13:51.796+00",0.00052512,15.775881,0.00088359,0.0003672,334.81067,339.7425,6715.4136,"spacetrack"
100555,"2026-09-10 20:48:06.371+00",0.00065867,15.821704,0.0013732,0.0003341,322.06473,326.54327,6702.441,"spacetrack"
100555,"2026-09-11 21:04:48.101+00",0.00083602,15.822028,0.00175407,0.0003854,321.6293,326.79547,6702.3496,"spacetrack"
100555,"2026-09-12 22:52:32.458+00",0.0010932,15.822309,0.00231218,0.0003797,321.5884,326.6781,6702.27,"spacetrack"
100555,"2026-09-13 23:09:14.266+00",0.00068367,15.822072,0.00142882,0.0003564,321.81137,326.5888,6702.337,"spacetrack"
100556,"2026-09-10 19:18:12.15+00",0.0016195,15.821517,0.00345957,0.0004279,321.48895,327.22495,6702.494,"spacetrack"
100556,"2026-09-11 19:34:53.641+00",0.0016027,15.821859,0.0034275,0.0003783,321.72458,326.79562,6702.397,"spacetrack"
100556,"2026-09-12 22:53:40.722+00",0.00090328,15.822189,0.00190017,0.0004257,321.3139,327.02023,6702.304,"spacetrack"
100556,"2026-09-13 23:10:22.551+00",0.00099346,15.822269,0.00209565,0.0004356,321.2248,327.0638,6702.2812,"spacetrack"
100557,"2026-09-10 22:23:38.348+00",0.00053865,15.822112,0.00112173,0.0004495,321.17615,327.20154,6702.3257,"spacetrack"
100557,"2026-09-11 22:40:19.742+00",0.0017478,15.823118,0.00377514,0.0003778,321.37265,326.4367,6702.0415,"spacetrack"
100557,"2026-09-12 22:57:02.181+00",0.001035,15.822269,0.00218539,0.0003773,321.6155,326.67307,6702.2812,"spacetrack"
100557,"2026-09-13 23:13:43.819+00",0.0014817,15.822833,0.00317359,0.0003665,321.5289,326.44156,6702.122,"spacetrack"
100558,"2026-09-10 10:16:54.007+00",0.0011279,15.821722,0.00238129,0.0004363,321.3746,327.22318,6702.436,"spacetrack"
100558,"2026-09-11 15:09:38.251+00",-0.0018392,15.776822,-0.00298401,0.0004585,333.93066,340.08847,6715.1465,"spacetrack"
100558,"2026-09-12 23:07:07.8+00",0.00091138,15.776072,0.00154856,0.0003778,334.6853,339.75943,6715.3594,"spacetrack"
100558,"2026-09-13 21:56:45.331+00",0.0010696,15.776255,0.0018251,0.000369,334.69263,339.64853,6715.3076,"spacetrack"
100559,"2026-09-10 08:46:01.974+00",0.0011506,15.822252,0.00243714,0.0004861,320.8911,327.4071,6702.286,"spacetrack"
100559,"2026-09-11 19:40:02.567+00",0.0018845,15.823231,0.00408741,0.0004029,321.1728,326.57327,6702.0103,"spacetrack"
100559,"2026-09-12 21:27:47.239+00",0.00066776,15.821922,0.00139414,0.0004061,321.52054,326.9642,6702.3794,"spacetrack"
100559,"2026-09-13 18:42:23.647+00",0.00096335,15.822274,0.0020305,0.0004223,321.31262,326.97336,6702.28,"spacetrack"
100560,"2026-09-10 02:43:30.526+00",0.00078663,15.822575,0.00165244,0.0003484,321.7232,326.3933,6702.1953,"spacetrack"
100560,"2026-09-11 22:43:46.254+00",0.0010342,15.822405,0.00218492,0.0003487,321.76904,326.44318,6702.243,"spacetrack"
100560,"2026-09-12 21:29:25.74+00",0.0015795,15.822971,0.00339486,0.0004956,320.62454,327.26764,6702.083,"spacetrack"
100560,"2026-09-13 17:12:59.761+00",0.0011407,15.822435,0.00241686,0.0003325,321.86893,326.32593,6702.2344,"spacetrack"
100615,"2026-09-10 13:28:53.139+00",-0.0015199,16.057737,-0.01093228,0.000481,255.27045,261.65485,6636.5996,"spacetrack"
100615,"2026-09-11 22:26:33.853+00",-0.00038365,16.001362,-0.0020003,0.0006465,269.74078,278.34204,6652.178,"spacetrack"
100615,"2026-09-12 22:29:44.235+00",-0.0016116,15.95349,-0.00639634,0.0002725,285.5257,289.1584,6665.479,"spacetrack"
100615,"2026-09-13 22:37:12.078+00",-0.0020538,15.905304,-0.00634013,0.0003287,298.60233,302.99304,6678.9346,"spacetrack"
100616,"2026-09-10 13:29:32.841+00",-0.001506,16.051838,-0.01045094,0.0004323,257.219,262.9584,6638.2256,"spacetrack"
100616,"2026-09-11 22:28:02.272+00",-0.0018418,15.991425,-0.00899204,0.0004845,273.57257,280.0212,6654.934,"spacetrack"
100616,"2026-09-12 18:00:47.672+00",-0.0016063,15.9552555,-0.00644206,0.0005088,283.45923,290.24152,6664.9873,"spacetrack"
100616,"2026-09-13 22:39:59.549+00",-0.0021081,15.897662,-0.00626596,0.000514,299.50366,306.3718,6681.0747,"spacetrack"
100617,"2026-09-10 23:58:54.875+00",0.00053186,16.035954,0.00335365,0.0005119,261.0709,267.8716,6642.6084,"spacetrack"
100617,"2026-09-11 22:29:00.446+00",-0.0021521,15.987415,-0.01025675,0.0003673,275.4645,280.35403,6656.0464,"spacetrack"
100617,"2026-09-12 22:33:09.207+00",-0.0015308,15.942477,-0.00573862,0.0005469,286.7642,294.05826,6668.5483,"spacetrack"
100617,"2026-09-13 22:41:38.674+00",-0.0021291,15.893929,-0.0062113,0.0005287,300.4512,307.51688,6682.121,"spacetrack"
100618,"2026-09-10 13:30:37.413+00",-0.0015962,16.046476,-0.01072252,0.0004768,258.4014,264.733,6639.704,"spacetrack"
100618,"2026-09-11 23:59:54.272+00",-0.0024162,15.982863,-0.01121724,0.0003572,276.79495,281.55093,6657.31,"spacetrack"
100618,"2026-09-12 21:03:39.522+00",-0.003084,15.941448,-0.01143794,0.0003804,288.16138,293.23505,6668.8354,"spacetrack"
100618,"2026-09-13 22:42:40.183+00",-0.0022059,15.892267,-0.00637751,0.0003854,301.8741,307.02505,6682.5864,"spacetrack"
100619,"2026-09-10 13:31:18.058+00",-0.0016482,16.04006,-0.01065479,0.000498,260.0299,266.64484,6641.4746,"spacetrack"
100619,"2026-09-11 10:30:22.604+00",-0.0017905,16.002253,-0.00928912,0.0004319,270.92166,276.6676,6651.9316,"spacetrack"
100619,"2026-09-12 18:04:56.325+00",-0.0030025,15.940059,-0.01105712,0.0003692,288.6235,293.54807,6669.2227,"spacetrack"
100619,"2026-09-13 12:10:52.362+00",-0.0034821,15.904351,-0.01066134,0.0002693,299.26556,302.863,6679.201,"spacetrack"
100620,"2026-09-10 22:30:57.166+00",0.0001707,16.028807,0.00102557,0.000753,261.44235,271.44907,6644.5825,"spacetrack"
100620,"2026-09-11 22:31:41.121+00",-0.0015184,15.978998,-0.00694238,0.0007732,275.09824,285.39478,6658.3833,"spacetrack"
100620,"2026-09-12 22:36:37.386+00",-0.0025426,15.932577,-0.00901778,0.0003977,290.52042,295.82675,6671.3105,"spacetrack"
100620,"2026-09-13 22:45:55.876+00",-0.0022371,15.884865,-0.00585279,0.0005074,303.13376,309.91736,6684.6626,"spacetrack"
100621,"2026-09-10 10:32:45.143+00",9.5131e-05,16.036142,0.00059009,0.0003877,261.8439,266.99454,6642.556,"spacetrack"
100621,"2026-09-11 18:02:42.597+00",-0.00041834,15.98354,-0.00197073,0.0004841,275.76248,282.20792,6657.122,"spacetrack"
100621,"2026-09-12 22:38:49.067+00",-0.0019361,15.926757,-0.00667218,0.0003599,292.39725,297.20044,6672.936,"spacetrack"
100621,"2026-09-13 22:48:45.692+00",-0.0023033,15.877935,-0.00582622,0.0005788,304.6001,312.3405,6686.6074,"spacetrack"
100622,"2026-09-09 18:00:02+00",-0.0031115,16.063622,-0.02302114,0.0004076,254.13707,259.5459,6634.9785,"spacetrack"
100622,"2026-09-10 13:32:50.814+00",-0.001954,16.032705,-0.01207391,0.0004883,262.12427,268.6123,6643.5054,"spacetrack"
100622,"2026-09-11 12:02:42.522+00",-0.0023834,15.989571,-0.01148621,0.000395,274.6823,279.9401,6655.448,"spacetrack"
100622,"2026-09-12 22:39:36.346+00",-0.0019808,15.924822,-0.00675672,0.0003156,293.23303,297.44534,6673.476,"spacetrack"
100622,"2026-09-13 22:49:44.494+00",-0.0042573,15.873004,-0.0100199,0.0004583,306.7901,312.92032,6687.992,"spacetrack"
100623,"2026-09-10 13:33:17.099+00",-0.0015905,16.03022,-0.00970336,0.0004615,262.98886,269.12146,6644.1924,"spacetrack"
100623,"2026-09-11 22:34:32.027+00",-0.0024595,15.968059,-0.01054639,0.0006467,278.97925,287.59512,6661.4243,"spacetrack"
100623,"2026-09-12 18:09:01.52+00",-0.001617,15.931438,-0.00571373,0.000292,291.54324,295.43948,6671.6284,"spacetrack"
100623,"2026-09-13 22:50:47.199+00",-0.0024639,15.873503,-0.00607173,0.0003486,307.3838,312.04657,6687.852,"spacetrack"
100624,"2026-09-10 13:34:06.47+00",-0.0015156,16.026981,-0.0090821,0.00055,263.2952,270.6048,6645.087,"spacetrack"
100624,"2026-09-11 18:05:29.663+00",-0.01002,15.951178,-0.03930918,0.0007893,282.7246,293.24777,6666.123,"spacetrack"
100624,"2026-09-12 22:42:14.295+00",-0.001912,15.917897,-0.00630031,0.0005307,293.732,300.81726,6675.4116,"spacetrack"
100624,"2026-09-13 12:17:43.925+00",-0.0030642,15.889396,-0.00800421,0.000409,302.52133,307.98837,6683.392,"spacetrack"
100625,"2026-09-10 22:34:10.244+00",0.00017193,16.014141,0.00094725,0.0007799,265.3163,275.68686,6648.6387,"spacetrack"
100625,"2026-09-11 22:36:16.569+00",-0.0027888,15.962923,-0.01160341,0.0004098,281.98538,287.44626,6662.853,"spacetrack"
100625,"2026-09-12 22:42:35.98+00",-0.0020089,15.918249,-0.0066248,0.0003452,294.8717,299.48035,6675.313,"spacetrack"
100625,"2026-09-13 22:52:44.822+00",0.018884,15.906435,0.04894417,0.00158,289.92874,311.03317,6678.618,"spacetrack"
100626,"2026-09-10 13:35:17.922+00",-0.0015968,16.018385,-0.00909733,0.000531,265.79758,272.85718,6647.4644,"spacetrack"
100626,"2026-09-11 22:38:10.118+00",-0.0025635,15.953578,-0.01015886,0.0005215,283.8415,290.79355,6665.4546,"spacetrack"
100626,"2026-09-12 22:45:19.065+00",-0.0019752,15.908583,-0.00620009,0.0002979,297.89053,301.86932,6678.017,"spacetrack"
100626,"2026-09-13 12:21:16.426+00",-0.0024126,15.881267,-0.00617686,0.0004886,304.26852,310.8018,6685.6724,"spacetrack"
100627,"2026-09-10 13:35:37.144+00",-0.0017238,16.017708,-0.00977789,0.0005538,265.8332,273.19614,6647.652,"spacetrack"
100627,"2026-09-11 21:07:15.281+00",0.001221,15.989466,0.00590897,0.0010152,270.5838,284.09708,6655.4775,"spacetrack"
100627,"2026-09-12 21:15:13.029+00",0.0017721,15.9173155,0.00581109,0.0009047,291.3979,303.47665,6675.574,"spacetrack"
100627,"2026-09-13 22:57:25.21+00",-0.0044303,15.857561,-0.00969503,0.0003754,311.68433,316.70895,6692.3335,"spacetrack"
100628,"2026-09-10 13:36:13.726+00",-0.0021571,16.012514,-0.01184845,0.0005117,267.54993,274.3546,6649.0894,"spacetrack"
100628,"2026-09-11 22:38:36.885+00",0.0028512,15.989579,0.01369308,0.0012865,268.7465,285.87094,6655.446,"spacetrack"
100628,"2026-09-12 22:47:24.841+00",-0.0021343,15.902923,-0.00650881,0.0003347,299.22873,303.70004,6679.6016,"spacetrack"
100628,"2026-09-13 22:59:31.893+00",-0.0045856,15.852113,-0.00976467,0.0003721,313.239,318.2206,6693.8667,"spacetrack"
100629,"2026-09-10 13:36:43.884+00",-0.0020575,16.00984,-0.01113445,0.000495,268.401,274.98434,6649.8296,"spacetrack"
100629,"2026-09-11 22:40:04.054+00",0.016374,15.994248,0.06341739,0.0016513,265.0255,287.0015,6654.1504,"spacetrack"
100629,"2026-09-12 22:48:32.022+00",0.00032245,15.903188,0.00097396,0.000739,296.45404,306.32635,6679.5273,"spacetrack"
100629,"2026-09-13 12:24:57.312+00",0.00045241,15.875536,0.00121822,0.0006596,304.7332,313.55505,6687.2812,"spacetrack"
100630,"2026-09-10 22:37:38.217+00",0.00011166,15.998047,0.00055587,0.000795,269.67093,280.24936,6653.097,"spacetrack"
100630,"2026-09-11 21:08:01.518+00",0.0026697,16.036009,0.01718863,0.0027831,245.96896,282.94296,6642.593,"spacetrack"
100630,"2026-09-12 22:49:07.946+00",0.00097419,15.904808,0.00298828,0.0005894,296.9998,304.87308,6679.073,"spacetrack"
100630,"2026-09-13 23:00:53.704+00",-0.013088,15.853827,-0.02672106,0.0005351,311.6656,318.82883,6693.3843,"spacetrack"
100631,"2026-09-10 13:37:57.084+00",-0.0041064,16.0063,-0.02158823,0.0002203,271.20798,274.1383,6650.81,"spacetrack"
100631,"2026-09-11 12:10:06.566+00",-0.0019024,15.963597,-0.00797036,0.0004756,281.35956,287.69708,6662.6655,"spacetrack"
100631,"2026-09-12 18:18:50.028+00",-0.0017282,15.904563,-0.00532095,0.0004227,298.18185,303.8284,6679.142,"spacetrack"
100631,"2026-09-13 23:03:33.992+00",-0.0046957,15.844277,-0.00964203,0.0003763,315.41678,320.45624,6696.0737,"spacetrack"
100632,"2026-09-10 13:38:15.835+00",-0.0021813,16.005154,-0.01148804,0.0005015,269.6549,276.326,6651.1274,"spacetrack"
100632,"2026-09-11 22:43:09.847+00",-0.0085895,15.921495,-0.02845718,0.0004407,293.3273,299.21014,6674.406,"spacetrack"
100632,"2026-09-12 13:47:28.966+00",-0.0035778,15.911032,-0.01133282,0.0004289,296.33072,302.05853,6677.3315,"spacetrack"
100632,"2026-09-13 13:58:40.068+00",-0.0048669,15.861424,-0.0107241,0.0003816,310.55655,315.6633,6691.247,"spacetrack"
100633,"2026-09-10 13:38:37.362+00",-0.0022238,16.004139,-0.01164228,0.0004975,269.9627,276.58084,6651.4087,"spacetrack"
100633,"2026-09-11 22:41:10.968+00",0.0021636,15.999078,0.01096169,0.0007737,269.5272,279.82175,6652.8115,"spacetrack"
100633,"2026-09-12 22:51:39.594+00",-0.0023383,15.89456,-0.00683551,0.0003692,301.34024,306.27417,6681.9443,"spacetrack"
100633,"2026-09-13 23:04:01.861+00",0.0017908,15.86464,0.0047755,0.0010484,305.1913,319.2196,6690.3423,"spacetrack"
100634,"2026-09-10 13:39:08.139+00",-0.0014671,16.002228,-0.00762501,0.0005174,270.35977,277.2432,6651.9385,"spacetrack"
100634,"2026-09-11 22:44:17.272+00",-0.0018665,15.938493,-0.00684006,0.0003881,288.9343,294.11127,6669.6597,"spacetrack"
100634,"2026-09-12 18:21:10.232+00",-0.0024227,15.898737,-0.00723348,0.0004783,299.44138,305.83218,6680.774,"spacetrack"
100634,"2026-09-13 23:06:33.209+00",-0.0042605,15.838817,-0.00862558,0.0004215,316.6525,322.29858,6697.6123,"spacetrack"
100635,"2026-09-10 12:09:09.035+00",-0.00055796,16.013454,-0.00310544,0.0003824,268.1494,273.23444,6648.829,"spacetrack"
100635,"2026-09-11 22:41:17.862+00",-0.037647,15.899066,-0.127943,0.0006111,298.46185,306.62698,6680.6816,"spacetrack"
100635,"2026-09-12 18:12:21.726+00",0.001061,15.972489,0.00465428,0.0005058,278.68668,285.42413,6660.1924,"spacetrack"
100635,"2026-09-13 21:18:53.921+00",0.0016557,15.9273815,0.00571943,0.0008816,288.7416,300.50702,6672.761,"spacetrack"
100636,"2026-09-10 13:39:45.141+00",-0.00027538,16.00964,-0.00150675,0.0004199,268.95547,274.54004,6649.885,"spacetrack"
100636,"2026-09-11 18:10:47.825+00",0.00067954,15.988818,0.00326103,0.0004341,274.63065,280.4091,6655.6567,"spacetrack"
100636,"2026-09-12 22:44:08.915+00",-0.0011791,15.964874,-0.00498389,0.0003338,281.94916,286.3969,6662.31,"spacetrack"
100636,"2026-09-13 01:44:42.915+00",-0.0020923,15.957847,-0.00849068,0.000402,283.44986,288.80795,6664.266,"spacetrack"
100637,"2026-09-10 12:10:13.35+00",-0.00054362,16.007078,-0.00291823,0.0004415,269.521,275.39346,6650.594,"spacetrack"
100637,"2026-09-11 18:11:40.063+00",0.00082396,15.985095,0.00387432,0.0004619,275.47876,281.6282,6656.6904,"spacetrack"
100637,"2026-09-12 22:45:13.895+00",0.0015209,15.970247,0.00661051,0.000982,276.1377,289.21954,6660.8154,"spacetrack"
100637,"2026-09-13 10:47:52.78+00",-0.0027149,15.939588,-0.00997927,0.0003042,289.18848,293.24612,6669.3545,"spacetrack"
100638,"2026-09-10 13:41:52.123+00",-0.0025547,15.985048,-0.01199989,0.0004015,275.89362,281.23895,6656.703,"spacetrack"
100638,"2026-09-11 22:48:52.45+00",-0.0018884,15.923025,-0.00638432,0.000353,293.48532,298.19714,6673.978,"spacetrack"
100638,"2026-09-12 18:26:53.637+00",-0.0021118,15.883762,-0.00551457,0.0004995,303.49588,310.17416,6684.972,"spacetrack"
100638,"2026-09-13 23:13:58.448+00",0.00035279,15.828132,0.00075164,0.0005,319.13913,325.83975,6700.6265,"spacetrack"
100639,"2026-09-09 18:00:02+00",-0.0035145,16.01627,-0.01960038,0.0004038,267.22833,272.5973,6648.05,"spacetrack"
100639,"2026-09-10 13:42:11.945+00",-0.0044247,15.987238,-0.02091732,0.0005239,274.47137,281.44562,6656.0957,"spacetrack"
100639,"2026-09-11 18:17:29.045+00",-0.0056089,15.933716,-0.01985008,0.0003819,290.3079,295.4032,6670.9927,"spacetrack"
100639,"2026-09-12 22:59:11.665+00",0.0023794,15.88639,0.00723937,0.0005805,302.21762,309.97803,6684.235,"spacetrack"
100639,"2026-09-13 09:35:19.204+00",-0.0044892,15.85073,-0.00952441,0.000409,313.3812,318.8571,6694.2563,"spacetrack"
100640,"2026-09-10 13:43:02.285+00",-0.0025031,15.978001,-0.01131551,0.0004537,277.50272,283.54477,6658.6606,"spacetrack"
100640,"2026-09-11 18:19:23.245+00",-0.0013193,15.925182,-0.00452205,0.000564,291.47467,299.00223,6673.3755,"spacetrack"
100640,"2026-09-12 23:01:58.002+00",-0.0023509,15.865709,-0.0056082,0.0004728,308.74207,315.06818,6690.042,"spacetrack"
100640,"2026-09-13 23:17:23.265+00",0.00038196,15.823249,0.0007956,0.0002861,321.95032,325.78522,6702.005,"spacetrack"
100641,"2026-09-10 13:44:03.72+00",-0.0026396,15.970019,-0.01141812,0.0004316,279.8671,285.61676,6660.879,"spacetrack"
100641,"2026-09-11 22:53:02.326+00",-0.0021501,15.906778,-0.00668678,0.0003817,297.83582,302.9342,6678.522,"spacetrack"
100641,"2026-09-12 23:04:50.607+00",-0.002662,15.857121,-0.00606252,0.0005492,310.64478,317.99576,6692.457,"spacetrack"
100641,"2026-09-13 23:20:47.7+00",0.00099635,15.822083,0.00209978,0.0003879,321.5972,326.79688,6702.334,"spacetrack"
100657,"2026-09-11 23:13:50.979+00",0.00045927,15.526162,0.00050905,0.0160688,300.02835,518.15356,6787.228,"spacetrack"
100657,"2026-09-12 22:23:34.034+00",0.00045406,15.52712,0.00050385,0.0160266,300.04022,517.5837,6786.9487,"spacetrack"
100657,"2026-09-13 21:33:11.794+00",0.00047774,15.528117,0.00053135,0.0159837,300.04532,516.99713,6786.658,"spacetrack"
100683,"2026-09-11 13:05:35.839+00",0.0015099,15.757186,0.01433936,0.022248,193.06451,492.10986,6720.724,"spacetrack"
100683,"2026-09-12 13:24:08.151+00",0.0014588,15.785113,0.01460877,0.0212194,192.21643,477.0994,6712.795,"spacetrack"
100683,"2026-09-13 10:38:14.976+00",0.0014858,15.8095665,0.01566651,0.0203411,191.32925,464.13885,6705.871,"spacetrack"
100684,"2026-09-11 13:07:53.998+00",0.0015059,15.626439,0.00384232,0.0194278,248.72726,511.31964,6758.1606,"spacetrack"
100684,"2026-09-12 19:47:26.788+00",0.001395,15.635182,0.00362714,0.0191338,248.24252,506.76468,6755.6406,"spacetrack"
100684,"2026-09-13 11:06:50.464+00",0.0013986,15.639524,0.00366605,0.0189754,248.08588,504.42038,6754.39,"spacetrack"
