norad_id,epoch,bstar,mean_motion,mean_motion_dot,eccentricity,perigee_km,apogee_km,semi_major_axis_km,source_group,prev_epoch,prev_perigee,prev_sma,prev_bstar,hours_elapsed,perigee_rate_km_per_day,sma_rate_km_per_day,alt_band,phase,mean_ap
2150,2026-09-08 18:23:20.926000+00:00,0.00054291,12.64259,0.0001047,0.1381865,329.83282,2480.9963,7783.552,spacetrack,2026-09-07 19:35:36.689000+00:00,329.84616,7783.621,0.00047794,22.795621388888886,-0.014044802488049672,-0.07264553011119611,300-350,storm_main,32.45412842868447
2150,2026-09-09 20:59:01.107000+00:00,0.00043865,12.642792,8.471e-05,0.1381826,329.79196,2480.8718,7783.4688,spacetrack,2026-09-08 18:23:20.926000+00:00,329.83282,7783.552,0.00054291,26.594494722222223,-0.03687379701110861,-0.07508320879404742,300-350,storm_recovery,12.179867458157405
2150,2026-09-10 19:46:43.132000+00:00,0.00040215,12.642939,7.772e-05,0.1381773,329.7812,2480.762,7783.4087,spacetrack,2026-09-09 20:59:01.107000+00:00,329.79196,7783.4688,0.00043865,22.79500694444444,-0.011328796724190172,-0.06327701515985587,300-350,storm_recovery,9.008989517380298
2150,2026-09-11 22:22:21.069000+00:00,0.00044681,12.643117,8.636e-05,0.1381722,329.75778,2480.639,7783.3354,spacetrack,2026-09-10 19:46:43.132000+00:00,329.7812,7783.4087,0.00040215,26.59387138888889,-0.021135696709225164,-0.06615057936752396,300-350,storm_recovery,8.328725059116326
2150,2026-09-12 21:10:01.065000+00:00,0.00042813,12.643275,8.281e-05,0.1381688,329.7281,2480.5383,7783.27,spacetrack,2026-09-11 22:22:21.069000+00:00,329.75778,7783.3354,0.00044681,22.794443333333334,-0.031249721240585976,-0.06885888709958929,300-350,storm_recovery,7.636081008339313
2150,2026-09-13 21:51:38.294000+00:00,0.00054568,12.643464,0.0001055,0.1381624,329.71112,2480.4004,7783.193,spacetrack,2026-09-12 21:10:01.065000+00:00,329.7281,7783.27,0.00042813,24.693674722222223,-0.01650301158429919,-0.07483697832718146,300-350,storm_recovery,6.03045368264516
2389,2026-09-08 22:58:31.772000+00:00,0.00045601,13.472197,0.00010154,0.100283,334.32993,1830.6812,7460.6426,spacetrack,2026-09-07 20:14:26.863000+00:00,334.30466,7460.724,0.0004235,26.734696944444444,0.022685127168628454,-0.07307357940358841,300-350,storm_main,29.59191617085949
2389,2026-09-09 22:08:43.164000+00:00,0.00040827,13.472357,9.089e-05,0.1002737,334.34598,1830.5465,7460.5835,spacetrack,2026-09-08 22:58:31.772000+00:00,334.32993,7460.6426,0.00045601,23.16983111111111,0.016625067233029815,-0.06121753728836524,300-350,storm_recovery,11.614737085313237
2389,2026-09-10 23:05:49.992000+00:00,0.00034936,13.472521,7.776e-05,0.1002645,334.36014,1830.4113,7460.523,spacetrack,2026-09-09 22:08:43.164000+00:00,334.34598,7460.5835,0.00040827,24.951896666666666,0.01361980632334408,-0.058191969107100124,300-350,storm_recovery,8.873985130589272
2389,2026-09-11 22:16:00.018000+00:00,0.00035241,13.4726715,7.843e-05,0.1002563,334.37143,1830.2891,7460.4673,spacetrack,2026-09-10 23:05:49.992000+00:00,334.36014,7460.523,0.00034936,23.169451666666667,0.011694709218742569,-0.05769666107034086,300-350,storm_recovery,8.230667881580567
2389,2026-09-12 23:13:05.568000+00:00,0.00034873,13.472824,7.761e-05,0.1002488,334.3766,1830.171,7460.4106,spacetrack,2026-09-11 22:16:00.018000+00:00,334.37143,7460.4673,0.00035241,24.951541666666667,0.004972839019653246,-0.054537712265696356,300-350,storm_recovery,7.334462700200555
2389,2026-09-13 22:23:14.419000+00:00,0.00035704,13.472975,7.945e-05,0.1002408,334.38635,1830.0503,7460.3555,spacetrack,2026-09-12 23:13:05.568000+00:00,334.3766,7460.4106,0.00034873,23.169125277777777,0.010099647578165595,-0.0570759570832911,300-350,storm_recovery,6.141326476251304
4221,2026-09-08 21:38:24.510000+00:00,0.00056516,15.429284,0.00048812,0.0189382,308.39658,566.5473,6815.609,spacetrack,2026-09-07 22:17:41.245000+00:00,308.46597,6815.893,0.00051072,23.34535138888889,-0.0713358292303944,-0.2919639069230571,300-350,storm_main,30.377303999315114
4221,2026-09-09 20:59:03.157000+00:00,0.00047591,15.430065,0.0004109,0.0189138,308.3371,566.1465,6815.379,spacetrack,2026-09-08 21:38:24.510000+00:00,308.39658,6815.609,0.00056516,23.344068611111112,-0.061151293880252006,-0.23646263605411044,300-350,storm_recovery,11.787192444923583
4221,2026-09-10 21:52:59.879000+00:00,0.00043194,15.430846,0.00037318,0.0188918,308.26144,565.76227,6815.149,spacetrack,2026-09-09 20:59:03.157000+00:00,308.3371,6815.379,0.00047591,24.899089444444442,-0.07292796807096967,-0.22169485403495992,300-350,storm_recovery,8.869257769154032
4221,2026-09-11 21:13:30.265000+00:00,0.00045055,15.431592,0.00039013,0.0188702,308.19318,565.39136,6814.929,spacetrack,2026-09-10 21:52:59.879000+00:00,308.26144,6815.149,0.00043194,23.341773888888888,-0.07018489716328097,-0.22620388772249606,300-350,storm_recovery,8.481614103260219
4221,2026-09-12 22:07:18.405000+00:00,0.0004493,15.4323635,0.00038972,0.0188476,308.12445,565.00604,6814.702,spacetrack,2026-09-11 21:13:30.265000+00:00,308.19318,6814.929,0.00045055,24.896705555555556,-0.06625454907349973,-0.21882413268855133,300-350,storm_recovery,7.467317351447883
4221,2026-09-13 21:27:40.621000+00:00,0.00046995,15.433145,0.00040852,0.0188229,308.06708,564.60333,6814.472,spacetrack,2026-09-12 22:07:18.405000+00:00,308.12445,6814.702,0.0004493,23.339504444444444,-0.058993540470346495,-0.23650887760495226,300-350,storm_recovery,6.165372298678721
5118,2026-09-08 21:54:41.958000+00:00,0.00048259,15.788042,0.00085488,0.0009046,327.75598,339.89926,6711.965,spacetrack,2026-09-07 21:34:20.612000+00:00,328.10138,6712.4517,0.00048505,24.33926277777778,-0.3405855007066268,-0.4799159328133864,300-350,storm_main,30.253926777157705
5118,2026-09-09 22:14:54.401000+00:00,0.00044654,15.789548,0.00079572,0.0008699,327.56247,339.2392,6711.538,spacetrack,2026-09-08 21:54:41.958000+00:00,327.75598,6711.965,0.00048259,24.33678972222222,-0.19083207164991728,-0.42109087176179893,300-350,storm_recovery,11.764349979374506
5118,2026-09-10 22:34:58.350000+00:00,0.00040505,15.791072,0.00072611,0.0008429,327.31235,338.62595,6711.106,spacetrack,2026-09-09 22:14:54.401000+00:00,327.56247,6711.538,0.00044654,24.334430277777777,-0.24668257820207729,-0.42606298490016437,300-350,storm_recovery,8.794665044152291
5118,2026-09-11 21:23:39.590000+00:00,0.00040648,15.79245,0.00073318,0.0008235,327.05234,338.1049,6710.716,spacetrack,2026-09-10 22:34:58.350000+00:00,327.31235,6711.106,0.00040505,22.811455555555558,-0.27355729163365083,-0.4103201559054601,300-350,storm_recovery,8.362719924833089
5118,2026-09-12 21:43:27.816000+00:00,0.00040974,15.793909,0.00074391,0.0007986,326.80643,337.5241,6710.3022,spacetrack,2026-09-11 21:23:39.590000+00:00,327.05234,6710.716,0.00040648,24.330062777777776,-0.24257397335577102,-0.4081863697070755,300-350,storm_recovery,7.527200448151559
5118,2026-09-13 22:03:07.711000+00:00,0.0004339,15.795458,0.00079358,0.0007686,326.56958,336.88397,6709.864,spacetrack,2026-09-12 21:43:27.816000+00:00,326.80643,6710.3022,0.00040974,24.32774861111111,-0.2336591063508394,-0.4322964762636876,300-350,storm_recovery,6.053122911371382
7003,2026-09-08 19:06:45.126000+00:00,0.00049717,15.892401,0.0016853,0.0061404,263.37878,345.44583,6682.5493,spacetrack,2026-09-07 18:56:10.464000+00:00,264.03976,6683.553,0.00047369,24.176295,-0.656160094009437,-0.9963809591173913,250-300,storm_main,31.783594012233884
7003,2026-09-09 20:47:39.216000+00:00,0.00047491,15.89575,0.00163544,0.0061002,262.71448,344.23282,6681.611,spacetrack,2026-09-08 19:06:45.126000+00:00,263.37878,6682.5493,0.00049717,25.681691666666666,-0.6208002263610211,-0.876858124935118,250-300,storm_recovery,12.07963163122367
7003,2026-09-10 17:56:23.559000+00:00,0.000433,15.898446,0.00150895,0.0060556,262.26154,343.17468,6680.855,spacetrack,2026-09-09 20:47:39.216000+00:00,262.71448,6681.611,0.00047491,21.14565083333333,-0.5140801806328386,-0.8580487847366648,250-300,storm_recovery,9.495379881308137
7003,2026-09-11 16:35:30.845000+00:00,0.00043759,15.901386,0.00154559,0.0060076,261.76367,342.0256,6680.0317,spacetrack,2026-09-10 17:56:23.559000+00:00,262.26154,6680.855,0.000433,22.652023888888888,-0.5274972363887497,-0.8722929172652235,250-300,storm_recovery,8.77855426114365
7003,2026-09-12 18:15:33.260000+00:00,0.00042473,15.90463,0.00152301,0.0059623,261.16357,340.80945,6679.1235,spacetrack,2026-09-11 16:35:30.845000+00:00,261.76367,6680.0317,0.00043759,25.6673375,-0.5611178019535507,-0.8492037789270679,250-300,storm_recovery,7.499240901874697
7003,2026-09-13 19:55:16.410000+00:00,0.00045149,15.908023,0.00164517,0.0059115,260.5585,339.51456,6678.1733,spacetrack,2026-09-12 18:15:33.260000+00:00,261.16357,6679.1235,0.00042473,25.66198611111111,-0.5658829342796932,-0.8886607568581573,250-300,storm_recovery,6.071451125015763
12139,2026-09-08 17:35:58.804000+00:00,0.00030919,15.170622,0.00013089,0.0239178,349.86285,679.58704,6892.862,spacetrack,2026-09-07 17:51:14.397000+00:00,349.85486,6892.9365,0.00025535,23.745668611111114,0.008075578040806558,-0.07529794293332914,300-350,storm_main,32.199517065141485
12139,2026-09-09 17:20:41.995000+00:00,0.00024147,15.17083,0.00010236,0.0239134,349.8318,679.4923,6892.799,spacetrack,2026-09-08 17:35:58.804000+00:00,349.86285,6892.862,0.00030919,23.745330833333334,-0.03138301189527923,-0.06367567630937877,300-350,storm_recovery,12.246110103681085
12139,2026-09-10 17:05:24.143000+00:00,0.00024256,15.171043,0.0001029,0.0239126,349.7741,679.4205,6892.7344,spacetrack,2026-09-09 17:20:41.995000+00:00,349.8318,6892.799,0.00024147,23.74504111111111,-0.058319545269276185,-0.06529363300480119,300-350,storm_recovery,10.455876588407675
12139,2026-09-11 16:50:05.299000+00:00,0.00025221,15.171254,0.00010709,0.0239156,349.69107,679.37573,6892.6704,spacetrack,2026-09-10 17:05:24.143000+00:00,349.7741,6892.7344,0.00024256,23.744765555555556,-0.08392249632182996,-0.0646879412817768,300-350,storm_recovery,8.614893778460367
12139,2026-09-12 18:09:44.083000+00:00,0.00026472,15.171481,0.00011251,0.0239191,349.59982,679.32947,6892.6016,spacetrack,2026-09-11 16:50:05.299000+00:00,349.69107,6892.6704,0.00025221,25.32744,-0.08646748348826627,-0.06519411357801043,300-350,storm_recovery,7.5270200795834254
12139,2026-09-13 17:54:23.087000+00:00,0.00028202,15.171706,0.00011994,0.0239198,349.52847,679.2645,6892.5337,spacetrack,2026-09-12 18:09:44.083000+00:00,349.59982,6892.6016,0.00026472,23.74416777777778,-0.07211876263789409,-0.06863159051315987,300-350,storm_recovery,6.400589506166918
16326,2026-09-08 22:48:54.677000+00:00,0.00069087,16.13744,0.00818227,0.0003298,234.41081,238.7739,6614.7295,spacetrack,2026-09-07 22:59:29.445000+00:00,238.97714,6618.976,0.00064877,23.823675555555557,-4.600126447509632,-4.2779293128938125,200-250,storm_main,29.571399223871975
16326,2026-09-09 22:36:57.391000+00:00,0.00060377,16.15278,0.00795809,0.0003664,229.98146,234.82567,6610.5405,spacetrack,2026-09-08 22:48:54.677000+00:00,234.41081,6614.7295,0.00069087,23.80075388888889,-4.466429949919653,-4.2240678790826625,200-250,storm_recovery,11.64515560279755
16326,2026-09-10 22:23:34.354000+00:00,0.00060608,16.170069,0.00901126,0.0004123,224.96768,230.41486,6605.828,spacetrack,2026-09-09 22:36:57.391000+00:00,229.98146,6610.5405,0.00060377,23.776934166666667,-5.060817309604778,-4.756710819284191,200-250,storm_recovery,8.719509779803754
16326,2026-09-11 22:08:35.050000+00:00,0.00061413,16.1897,0.01067355,0.0004795,219.18523,225.51509,6600.4873,spacetrack,2026-09-10 22:23:34.354000+00:00,224.96768,6605.828,0.00060608,23.750193333333332,-5.84327032846611,-5.396873962289808,200-250,storm_recovery,8.348857206963554
16326,2026-09-12 11:29:21.421000+00:00,0.00060558,16.20193,0.01154978,0.0005151,215.62987,222.42627,6597.165,spacetrack,2026-09-11 22:08:35.050000+00:00,219.18523,6600.4873,0.00061413,13.346214166666666,-6.393471506932296,-5.97436838674005,200-250,storm_recovery,9.17129493505347
16326,2026-09-13 12:40:08.727000+00:00,0.00059331,16.228584,0.01396189,0.0006144,207.75345,215.85117,6589.9395,spacetrack,2026-09-12 11:29:21.421000+00:00,215.62987,6597.165,0.00060558,25.179807222222223,-7.507368040259267,-6.886947086987468,200-250,storm_recovery,6.749134342723875
16719,2026-09-08 11:05:33.236000+00:00,0.00047405,15.752549,0.00071518,0.0002243,342.39807,345.41357,6722.043,spacetrack,2026-09-07 09:10:24.128000+00:00,342.68167,6722.4824,0.00034379,25.919196666666664,-0.26260073132408623,-0.4068644617202613,300-350,storm_main,29.024091581713545
16719,2026-09-09 23:40:47.900000+00:00,0.00045624,15.7546625,0.00069449,0.0002135,341.86966,344.73972,6721.442,spacetrack,2026-09-08 11:05:33.236000+00:00,342.39807,6722.043,0.00047405,36.587406666666666,-0.3466176248986271,-0.394234008750692,300-350,storm_recovery,15.69385811134894
16719,2026-09-10 11:52:29.178000+00:00,0.00038396,15.755269,0.00058535,0.0002022,341.7732,344.49127,6721.269,spacetrack,2026-09-09 23:40:47.900000+00:00,341.86966,6721.442,0.00045624,12.194799444444444,-0.18983830037939003,-0.3404730039972985,300-350,storm_recovery,10.0627549384781
16719,2026-09-11 09:12:52.260000+00:00,0.00040095,15.75636,0.00061432,0.0001927,341.52692,344.1172,6720.959,spacetrack,2026-09-10 11:52:29.178000+00:00,341.7732,6721.269,0.00038396,21.339744999999997,-0.2769817539993541,-0.3486452157703668,300-350,storm_recovery,8.046078104494688
16719,2026-09-12 23:19:03.037000+00:00,0.00042345,15.758349,0.00065469,0.0001948,340.94727,343.56552,6720.3936,spacetrack,2026-09-11 09:12:52.260000+00:00,341.52692,6720.959,0.00040095,38.10299361111111,-0.36510517105258733,-0.3561294983402824,300-350,storm_recovery,7.4192554001498445
16719,2026-09-13 16:04:52.506000+00:00,0.00045002,15.759256,0.00069883,0.0001788,340.79703,343.20016,6720.1357,spacetrack,2026-09-12 23:19:03.037000+00:00,340.94727,6720.3936,0.00042345,16.76374138888889,-0.21509279559692077,-0.3692254525063801,300-350,storm_recovery,7.400195617296981
20453,2026-09-08 18:57:35.998000+00:00,0.00090239,15.901248,0.00295269,0.0029246,282.3967,321.4698,6680.0703,spacetrack,2026-09-07 20:21:19.552000+00:00,283.5651,6681.5464,0.00087278,22.604568333333333,-1.2405280024148118,-1.5672230266727047,250-300,storm_main,32.197179832601684
20453,2026-09-09 16:03:04.330000+00:00,0.00067238,15.905542,0.00224583,0.0028735,281.53918,319.92267,6678.868,spacetrack,2026-09-08 18:57:35.998000+00:00,282.3967,6680.0703,0.00090239,21.091203333333333,-0.9757850073672358,-1.3681153959762127,250-300,storm_recovery,11.44401512731769
20453,2026-09-10 17:39:14.535000+00:00,0.00074132,15.911088,0.00254607,0.0028187,280.35742,318.00012,6677.316,spacetrack,2026-09-09 16:03:04.330000+00:00,281.53918,6678.868,0.00067238,25.602834722222223,-1.1077773343348833,-1.4548389037439042,250-300,storm_recovery,10.565320159589533
20453,2026-09-11 13:13:36.478000+00:00,0.00073297,15.915272,0.00257105,0.0027819,279.43634,316.5811,6676.1455,spacetrack,2026-09-10 17:39:14.535000+00:00,280.35742,6677.316,0.00074132,19.572761944444444,-1.1294226161206131,-1.4352598820616556,250-300,storm_recovery,8.92929715264877
20453,2026-09-12 17:49:25.768000+00:00,0.00078355,15.921564,0.00283764,0.0027217,278.0838,314.41516,6674.3867,spacetrack,2026-09-11 13:13:36.478000+00:00,279.43634,6676.1455,0.00073297,28.597025,-1.1351166773466623,-1.4760696261233692,250-300,storm_recovery,7.55595825867279
20453,2026-09-13 16:23:33.185000+00:00,0.00073978,15.92636,0.00274549,0.0026813,277.01706,312.80194,6673.0464,spacetrack,2026-09-12 17:49:25.768000+00:00,278.0838,6674.3867,0.00078355,22.568726944444446,-1.1343909677768391,-1.4252997113740418,250-300,storm_recovery,6.533424933373574
20775,2026-09-08 22:21:14.067000+00:00,0.00048888,14.947737,0.00017915,0.0342188,344.87097,821.2796,6961.2124,spacetrack,2026-09-07 22:15:14.636000+00:00,344.93094,6961.317,0.00045955,24.099841944444442,-0.05972155349891391,-0.10416665826186616,300-350,storm_main,29.924615953278902
20775,2026-09-09 22:27:11.399000+00:00,0.00045659,14.948048,0.00016743,0.0342087,344.84814,821.10956,6961.1157,spacetrack,2026-09-08 22:21:14.067000+00:00,344.87097,6961.2124,0.00048888,24.099258888888887,-0.022735968874652752,-0.09630171660885997,300-350,storm_recovery,11.706973457874431
20775,2026-09-10 22:33:06.659000+00:00,0.00042157,14.948351,0.00015468,0.034197,344.8385,820.9306,6961.0215,spacetrack,2026-09-09 22:27:11.399000+00:00,344.84814,6961.1157,0.00045659,24.09868333333333,-0.009600524509973965,-0.09381425402954649,300-350,storm_recovery,8.76330864549308
20775,2026-09-11 21:02:36.485000+00:00,0.00039377,14.948618,0.00014456,0.0341876,344.82407,820.77966,6960.939,spacetrack,2026-09-10 22:33:06.659000+00:00,344.8385,6961.0215,0.00042157,22.491618333333335,-0.015397735941786249,-0.08803279384543988,300-350,storm_recovery,8.388995265964878
20775,2026-09-12 22:44:51.437000+00:00,0.00037408,14.948916,0.00013742,0.0341776,344.80396,820.61395,6960.846,spacetrack,2026-09-11 21:02:36.485000+00:00,344.82407,6960.939,0.00039377,25.704153333333334,-0.018776732061189044,-0.08683421589785208,300-350,storm_recovery,7.379593745290969
20775,2026-09-13 13:12:21.439000+00:00,0.00037403,14.949083,0.00013746,0.0341734,344.7832,820.53125,6960.7944,spacetrack,2026-09-12 22:44:51.437000+00:00,344.80396,6960.846,0.00037408,14.45833388888889,-0.034460402134079186,-0.08565302264505226,300-350,storm_recovery,7.818279180853825
22913,2026-09-08 21:53:59.697000+00:00,0.0018187,13.323186,0.00307525,0.1220959,220.33731,2055.7239,7516.1675,spacetrack,2026-09-07 11:45:38.290000+00:00,217.5354,7519.35,0.0012711,34.13927972222223,1.9697498174288544,-2.23730555013149,200-250,storm_main,27.913932873038636
22913,2026-09-09 19:26:59.770000+00:00,0.0013345,13.327631,0.00242411,0.1222546,217.67757,2055.041,7514.496,spacetrack,2026-09-08 21:53:59.697000+00:00,220.33731,7516.1675,0.0018187,21.55002027777778,-2.9621206466253254,-1.8615295708725887,200-250,storm_recovery,11.51972485254042
22913,2026-09-11 03:45:34.373000+00:00,0.0013416,13.33423,0.00244457,0.1219734,217.61353,2050.146,7512.0166,spacetrack,2026-09-09 19:26:59.770000+00:00,217.67757,7514.496,0.0013345,32.30961194444445,-0.04756974496143435,-1.841730569290724,200-250,storm_recovery,9.150347570717324
22913,2026-09-12 22:48:50.048000+00:00,0.0012364,13.342164,0.00229165,0.1216962,217.07997,2044.7229,7509.0386,spacetrack,2026-09-11 03:45:34.373000+00:00,217.61353,7512.0166,0.0013416,43.05435416666666,-0.2974249700838395,-1.6600411592130275,200-250,storm_recovery,7.777666034874844
22913,2026-09-13 23:55:03.664000+00:00,0.0012258,13.346929,0.00227338,0.121482,217.11818,2041.11,7507.251,spacetrack,2026-09-12 22:48:50.048000+00:00,217.07997,7509.0386,0.0012364,25.10378222222222,0.036529953609462026,-1.7090014413052848,200-250,storm_recovery,5.9153414863913385
23198,2026-09-08 21:26:06.360000+00:00,0.0004525,14.3404665,0.00013346,0.0620336,334.30066,1222.1719,7156.373,spacetrack,2026-09-07 21:59:55.729000+00:00,334.3069,7156.4556,0.00039683,23.436286388888888,-0.006390090883630285,-0.08458677996677771,300-350,storm_main,30.532331469703006
23198,2026-09-09 22:32:41.951000+00:00,0.00039513,14.340703,0.00011636,0.0620273,334.2719,1222.0432,7156.2944,spacetrack,2026-09-08 21:26:06.360000+00:00,334.30066,7156.373,0.0004525,25.10988638888889,-0.027488774314203164,-0.07512578793787394,300-350,storm_recovery,11.828541637611506
23198,2026-09-10 21:58:49.915000+00:00,0.00035285,14.340902,0.00010377,0.0620234,334.23764,1221.9448,7156.228,spacetrack,2026-09-09 22:32:41.951000+00:00,334.2719,7156.2944,0.00039513,23.435545555555557,-0.03508516573899438,-0.06799927043367256,300-350,storm_recovery,8.671722456168315
23198,2026-09-11 21:24:56.737000+00:00,0.00036383,14.341111,0.00010711,0.0620185,334.20773,1221.8362,7156.159,spacetrack,2026-09-10 21:58:49.915000+00:00,334.23764,7156.228,0.00035285,23.435228333333335,-0.030630808874104916,-0.07066284895780277,300-350,storm_recovery,8.454960873126167
23198,2026-09-12 22:31:28.497000+00:00,0.00037335,14.341332,0.00010998,0.0620108,334.1938,1221.703,7156.0854,spacetrack,2026-09-11 21:24:56.737000+00:00,334.20773,7156.159,0.00036383,25.10882222222222,-0.013314841972336865,-0.07034977524472759,300-350,storm_recovery,7.4152425951215015
23198,2026-09-13 21:57:32.924000+00:00,0.00040125,14.34155,0.00011838,0.0620041,334.17392,1221.5782,7156.013,spacetrack,2026-09-12 22:31:28.497000+00:00,334.1938,7156.0854,0.00037335,23.434563055555554,-0.02035967126286591,-0.07414689131950583,300-350,storm_recovery,6.135344035466512
24285,2026-09-08 06:31:35.635000+00:00,0.00019098,11.83745,2.479e-05,0.1731325,346.45065,3162.4875,8132.606,spacetrack,2026-09-07 18:21:24.571000+00:00,346.43677,8132.6206,0.00016322,12.16974,0.027372811580142715,-0.028792726879150077,300-350,storm_main,30.373767297685355
24285,2026-09-09 17:00:27.115000+00:00,0.00017296,11.837505,2.243e-05,0.1731231,346.50604,3162.381,8132.5806,spacetrack,2026-09-08 06:31:35.635000+00:00,346.45065,8132.606,0.00019098,34.48096666666667,0.038553443493938896,-0.017679318734940504,300-350,storm_recovery,19.36830403536637
24285,2026-09-10 07:12:20.045000+00:00,0.00018446,11.837542,2.391e-05,0.1731192,346.52408,3162.33,8132.564,spacetrack,2026-09-09 17:00:27.115000+00:00,346.50604,8132.5806,0.00017296,14.198036111111112,0.03049435827692937,-0.02806021881339199,300-350,storm_recovery,12.419041326724958
24285,2026-09-11 05:31:00.485000+00:00,0.00017427,11.837582,2.258e-05,0.1731127,346.56174,3162.2556,8132.546,spacetrack,2026-09-10 07:12:20.045000+00:00,346.52408,8132.564,0.00018446,22.311233333333334,0.040510535051806615,-0.01936244373166425,300-350,storm_recovery,8.171356631014472
24285,2026-09-12 15:59:52.267000+00:00,0.00017476,11.837643,2.263e-05,0.1731045,346.60535,3162.1562,8132.5176,spacetrack,2026-09-11 05:31:00.485000+00:00,346.56174,8132.546,0.00017427,34.481050555555555,0.030354063554812176,-0.019767379155264997,300-350,storm_recovery,8.098281067132348
24285,2026-09-13 12:16:51.045000+00:00,0.00018888,11.837685,2.445e-05,0.1731015,346.61374,3162.1091,8132.4985,spacetrack,2026-09-12 15:59:52.267000+00:00,346.60535,8132.5176,0.00017476,20.28299388888889,0.009927528505088344,-0.022600213879744643,300-350,storm_recovery,6.774885906745796
24286,2026-09-08 22:26:56.448000+00:00,0.00065615,12.02978,9.375e-05,0.1647059,342.38153,2992.7273,8045.6914,spacetrack,2026-09-07 22:29:59.266000+00:00,342.34283,8045.7676,0.0005573,23.949217222222224,0.038782060865785374,-0.07636157720901662,300-350,storm_main,29.84405368294222
24286,2026-09-09 18:24:23.129000+00:00,0.0005937,12.029919,8.479e-05,0.164694,342.42587,2992.5598,8045.63,spacetrack,2026-09-08 22:26:56.448000+00:00,342.38153,8045.6914,0.00065615,19.95741138888889,0.05332154452615575,-0.0738372312558867,300-350,storm_recovery,11.241997594850623
24286,2026-09-10 12:22:04.607000+00:00,0.00054274,12.030023,7.75e-05,0.1646862,342.44992,2992.443,8045.5835,spacetrack,2026-09-09 18:24:23.129000+00:00,342.42587,8045.63,0.0005937,17.961521666666666,0.032135361953896345,-0.062132820410209136,300-350,storm_recovery,11.035543109608476
24286,2026-09-11 12:18:58.879000+00:00,0.00055592,12.030182,7.933e-05,0.164674,342.48865,2992.262,8045.512,spacetrack,2026-09-10 12:22:04.607000+00:00,342.44992,8045.5835,0.00054274,23.94840888888889,0.03881343450883471,-0.0716540296251792,300-350,storm_recovery,8.498922869754095
24286,2026-09-12 18:15:05.379000+00:00,0.0005644,12.030365,8.047e-05,0.1646594,342.53796,2992.0496,8045.4307,spacetrack,2026-09-11 12:18:58.879000+00:00,342.48865,8045.512,0.00055592,29.93513888888889,0.03953347283245952,-0.06518092357073083,300-350,storm_recovery,7.554960075719263
24286,2026-09-13 12:12:44.440000+00:00,0.00059252,12.030492,8.444e-05,0.1646513,342.55588,2991.9185,8045.374,spacetrack,2026-09-12 18:15:05.379000+00:00,342.53796,8045.4307,0.0005644,17.960850277777777,0.02394541423978181,-0.07576478724316646,300-350,storm_recovery,7.018361803924124
28222,2026-09-08 22:02:32.593000+00:00,0.00060062,16.155642,0.00812429,0.0009223,225.52698,237.71935,6609.7603,spacetrack,2026-09-07 23:43:59.126000+00:00,230.0976,6614.1494,0.00073322,22.30929638888889,-4.91700312227835,-4.721726681280341,200-250,storm_main,29.995428574886454
28222,2026-09-09 23:17:53.039000+00:00,0.00064214,16.17602,0.01016729,0.0010287,219.27693,232.86443,6604.2075,spacetrack,2026-09-08 22:02:32.593000+00:00,225.52698,6609.7603,0.00060062,25.255679444444443,-5.939305665086612,-5.276722025758156,200-250,storm_recovery,11.757394733853372
28222,2026-09-10 21:33:19.260000+00:00,0.00057737,16.195276,0.01056185,0.0010547,213.87459,227.79446,6598.9717,spacetrack,2026-09-09 23:17:53.039000+00:00,219.27693,6604.2075,0.00064214,22.257283611111113,-5.825336202989011,-5.6457563373671755,200-250,storm_recovery,8.495529222574966
28222,2026-09-11 19:47:05.003000+00:00,0.00061443,16.217735,0.01340192,0.0011253,207.32188,222.1598,6592.878,spacetrack,2026-09-10 21:33:19.260000+00:00,213.87459,6598.9717,0.00057737,22.229373055555556,-7.0746502659775565,-6.579078934637702,200-250,storm_recovery,8.793531501481967
28485,2026-09-08 08:00:10.619000+00:00,0.0007976,15.790883,0.00153036,0.0001645,331.9185,334.12646,6711.1597,spacetrack,2026-09-07 07:44:35.935000+00:00,332.7746,6711.9326,0.0005991,24.259634444444444,-0.8469377412529744,-0.7646281745290848,300-350,storm_main,27.401975622880826
28485,2026-09-09 05:13:35.217000+00:00,0.00068242,15.79341,0.0013228,0.0001595,331.23627,333.37692,6710.4434,spacetrack,2026-09-08 08:00:10.619000+00:00,331.9185,6711.1597,0.0007976,21.223499444444442,-0.7714806902066333,-0.8100077956041865,300-350,storm_recovery,21.86211846831522
28485,2026-09-11 04:12:36.545000+00:00,0.00064703,15.798383,0.0012829,0.0001854,329.6546,332.1423,6709.0356,spacetrack,2026-09-09 05:13:35.217000+00:00,331.23627,6710.4434,0.00068242,46.98370222222223,-0.8079414393624588,-0.7191259607468368,300-350,storm_recovery,10.04646297917207
28485,2026-09-12 16:34:27.508000+00:00,0.00071023,15.802414,0.00143595,0.000229,328.2214,331.2936,6707.8945,spacetrack,2026-09-11 04:12:36.545000+00:00,329.6546,6709.0356,0.00064703,36.36415638888889,-0.9458984729949618,-0.7531152299290992,300-350,storm_recovery,8.297161216360466
28485,2026-09-13 13:46:56.928000+00:00,0.00070654,15.804769,0.00144423,0.0002402,327.47998,330.70212,6707.228,spacetrack,2026-09-12 16:34:27.508000+00:00,328.2214,6707.8945,0.00071023,21.20817222222222,-0.8390199689794688,-0.7542375567492624,300-350,storm_recovery,6.697458867402004
28738,2026-09-08 14:21:54.515000+00:00,0.00054491,15.804159,0.00103633,0.0004558,326.20633,332.3208,6707.4004,spacetrack,2026-09-07 14:02:59.252000+00:00,326.6795,6707.984,0.00044307,24.315350833333333,-0.46703336003004126,-0.5760311704323573,300-350,storm_main,29.869454439178416
28738,2026-09-09 14:40:38.971000+00:00,0.00042585,15.8059635,0.00081414,0.0004313,325.86032,331.6457,6706.89,spacetrack,2026-09-08 14:21:54.515000+00:00,326.20633,6707.4004,0.00054491,24.31234888888889,-0.34156469364400427,-0.5038427202564981,300-350,storm_recovery,15.099189214040932
28738,2026-09-10 14:59:13.559000+00:00,0.00042732,15.807733,0.00082365,0.0004209,325.42996,331.0754,6706.3896,spacetrack,2026-09-09 14:40:38.971000+00:00,325.86032,6706.89,0.00042585,24.309607777777778,-0.4248789241857671,-0.49402689297916047,300-350,storm_recovery,11.384552013202644
28738,2026-09-11 15:17:38.789000+00:00,0.00042441,15.809357,0.00082413,0.0004159,325.0044,330.5824,6705.93,spacetrack,2026-09-10 14:59:13.559000+00:00,325.42996,6706.3896,0.00042732,24.307008333333332,-0.4201849878001762,-0.45379504745044175,300-350,storm_recovery,8.470016055040368
28738,2026-09-12 14:04:46.953000+00:00,0.00043003,15.810847,0.0008409,0.0004001,324.689,330.05475,6705.509,spacetrack,2026-09-11 15:17:38.789000+00:00,325.0044,6705.93,0.00042441,22.785601111111113,-0.3322098005265123,-0.4434379391939564,300-350,storm_recovery,7.802880203438419
28738,2026-09-13 12:51:48.036000+00:00,0.00041284,15.812209,0.00081201,0.0003923,324.35648,329.6173,6705.124,spacetrack,2026-09-12 14:04:46.953000+00:00,324.689,6705.509,0.00043003,22.783634166666666,-0.3502724781139977,-0.4055542646275332,300-350,storm_recovery,6.660866804209353
28980,2026-09-08 21:19:52.894000+00:00,0.00089788,12.225269,0.00024553,0.1613684,297.11163,2865.9968,7959.6914,spacetrack,2026-09-07 17:50:00.668000+00:00,297.10117,7959.937,0.00083466,27.497840555555555,0.009129444164606378,-0.21435865074916943,250-300,storm_main,30.207207523548366
28980,2026-09-09 22:51:50.131000+00:00,0.00080576,12.225755,0.00021938,0.1613453,297.11862,2865.568,7959.4805,spacetrack,2026-09-08 21:19:52.894000+00:00,297.11163,7959.6914,0.00089788,25.532565833333333,0.0065704324859396455,-0.19824094581958845,250-300,storm_recovery,11.843569253501386
28980,2026-09-10 18:30:13.125000+00:00,0.00069545,12.226103,0.00018814,0.1613314,297.10263,2865.2822,7959.3296,spacetrack,2026-09-09 22:51:50.131000+00:00,297.11862,7959.4805,0.00080576,19.639720555555556,-0.019539992889181904,-0.1844018090658041,250-300,storm_recovery,9.045316072470708
28980,2026-09-11 18:04:14.032000+00:00,0.00077376,12.226522,0.00021041,0.1613113,297.11002,2864.911,7959.1475,spacetrack,2026-09-10 18:30:13.125000+00:00,297.10263,7959.3296,0.00069545,23.566918611111113,0.007525803560819557,-0.18544639085481776,250-300,storm_recovery,8.709992079646202
28980,2026-09-12 23:31:40.690000+00:00,0.00085357,12.227097,0.00023282,0.1612744,297.19473,2864.328,7958.8984,spacetrack,2026-09-11 18:04:14.032000+00:00,297.11002,7959.1475,0.00077376,29.457404999999998,0.06901626263411004,-0.20295066724309102,250-300,storm_recovery,6.953416976138937
28980,2026-09-13 23:05:34.373000+00:00,0.00084608,12.227542,0.00023078,0.1612553,297.1845,2863.9512,7958.705,spacetrack,2026-09-12 23:31:40.690000+00:00,297.19473,7958.8984,0.00085357,23.564911944444447,-0.010418880434533945,-0.19697081877265135,250-300,storm_recovery,6.07542123333252
28982,2026-09-08 23:28:57.214000+00:00,0.0007803,14.3425045,0.00075918,0.0729226,255.74658,1299.3705,7155.6953,spacetrack,2026-09-07 19:01:18.557000+00:00,255.78738,7156.3037,0.00066845,28.460738055555556,-0.03440529188276992,-0.5130436171928978,250-300,storm_main,29.22092928662924
28982,2026-09-09 21:14:39.840000+00:00,0.00063594,14.343602,0.00061663,0.0728817,255.70056,1298.6858,7155.33,spacetrack,2026-09-08 23:28:57.214000+00:00,255.74658,7155.6953,0.0007803,21.76184055555556,-0.0507530600263499,-0.40287033523785076,250-300,storm_recovery,11.519908331895845
28982,2026-09-10 19:00:16.346000+00:00,0.0005682,14.344687,0.00054934,0.0728327,255.71663,1297.9481,7154.969,spacetrack,2026-09-09 21:14:39.840000+00:00,255.70056,7155.33,0.00063594,21.760140555555555,0.01772415021932627,-0.398159192854342,250-300,storm_recovery,9.149084387297028
28982,2026-09-11 20:06:37.227000+00:00,0.00059037,14.345907,0.000572,0.0727851,255.68118,1297.1725,7154.564,spacetrack,2026-09-10 19:00:16.346000+00:00,255.71663,7154.969,0.0005682,25.105800277777774,-0.03388858313961078,-0.387161528110995,250-300,storm_recovery,8.421289055591304
28982,2026-09-12 22:53:14.675000+00:00,0.00061573,14.347225,0.00059774,0.0727311,255.66127,1296.3162,7154.1255,spacetrack,2026-09-11 20:06:37.227000+00:00,255.68118,7154.564,0.00059037,26.77706888888889,-0.017845119717286202,-0.3930228526383562,250-300,storm_recovery,7.249048667761412
28982,2026-09-13 20:38:30.724000+00:00,0.0006467,14.348366,0.00062892,0.0726828,255.65506,1295.5637,7153.7466,spacetrack,2026-09-12 22:53:14.675000+00:00,255.66127,7154.1255,0.00061573,21.754458055555556,-0.006851009554898096,-0.41801087284132976,250-300,storm_recovery,6.377272019940638
28983,2026-09-08 07:29:16.883000+00:00,0.00081329,12.427273,0.00024923,0.1527169,292.69244,2697.4338,7873.2,spacetrack,2026-09-07 16:01:58.700000+00:00,292.7098,7873.345,0.00065191,15.455050833333333,-0.02695817726469782,-0.22516910733834927,250-300,storm_main,30.326637086620888
28983,2026-09-09 22:07:25.859000+00:00,0.00066629,12.427994,0.00020258,0.1526869,292.67044,2696.8464,7872.8955,spacetrack,2026-09-08 07:29:16.883000+00:00,292.69244,7873.2,0.00081329,38.63582666666667,-0.013666072284544344,-0.18915086412036236,250-300,storm_recovery,17.990066473708165
28983,2026-09-10 23:14:09.407000+00:00,0.00061861,12.428404,0.00018747,0.1526699,292.65768,2696.5132,7872.7227,spacetrack,2026-09-09 22:07:25.859000+00:00,292.67044,7872.8955,0.00066629,25.112096666666666,-0.012194919606433208,-0.16514750062625375,250-300,storm_recovery,8.893927216219435
28983,2026-09-11 08:53:39.145000+00:00,0.00061048,12.428561,0.00018496,0.1526657,292.63443,2696.4036,7872.656,spacetrack,2026-09-10 23:14:09.407000+00:00,292.65768,7872.7227,0.00061861,9.658260555555556,-0.05777437839772076,-0.16574413071581903,250-300,storm_recovery,8.959572430485384
28983,2026-09-12 21:35:40.135000+00:00,0.0005974,12.429116,0.00018093,0.1526462,292.5893,2695.9797,7872.4214,spacetrack,2026-09-11 08:53:39.145000+00:00,292.63443,7872.656,0.00061048,36.700275,-0.029512585396177283,-0.15341574415980674,250-300,storm_recovery,7.602468540388624
28983,2026-09-13 20:46:21.654000+00:00,0.00061535,12.429483,0.00018679,0.1526351,292.5453,2695.7136,7872.2666,spacetrack,2026-09-12 21:35:40.135000+00:00,292.5893,7872.4214,0.0005974,23.17819972222222,-0.045560052663932295,-0.16028854891797484,250-300,storm_recovery,6.219958291986511
32185,2026-09-11 22:40:45.022000+00:00,0.0036493,15.642247,0.00384062,0.0048416,342.77112,408.16766,6753.6064,celestrak:debris,2026-09-10 11:21:18.078000+00:00,345.48254,6756.7393,0.003862,35.324151111111114,-1.8421979850360946,-2.128560705210033,300-350,storm_recovery,7.885795006601715
32203,2026-09-13 15:24:17.331000+00:00,0.00052201,15.684893,0.0007094,0.0080113,309.21533,417.22943,6741.3594,celestrak:debris,2026-09-12 10:18:39.005000+00:00,309.67365,6741.8345,0.00051168,29.093979444444443,-0.37807409677333653,-0.3919161358371369,300-350,storm_recovery,6.661919334093617
34861,2026-09-10 02:29:19.445000+00:00,0.0042817,15.694256,0.0054135,0.0020605,346.65576,374.42584,6738.6777,celestrak:debris,2026-09-09 22:06:02.901000+00:00,347.25922,6738.9937,0.0045794,4.387928888888889,-3.3006551306414575,-1.7283780553507797,300-350,storm_recovery,12.000000000000002
34861,2026-09-11 19:50:12.894000+00:00,0.0040477,15.711245,0.00550108,0.0021384,341.28247,370.08167,6733.819,celestrak:debris,2026-09-10 02:29:19.445000+00:00,346.65576,6738.6777,0.0042817,41.34818027777778,-3.1188545453185954,-2.8201676401866926,300-350,storm_recovery,8.379639466734828
34861,2026-09-12 05:07:58.073000+00:00,0.003871,15.715075,0.00533709,0.0021592,340.0507,369.12527,6732.725,celestrak:debris,2026-09-11 19:50:12.894000+00:00,341.28247,6733.819,0.0040477,9.295883055555555,-3.180169094568374,-2.8244761517637307,300-350,storm_recovery,6.438067490988169
34861,2026-09-13 19:10:55.497000+00:00,0.0042973,15.733379,0.0064897,0.0022088,334.50534,364.22476,6727.502,celestrak:debris,2026-09-12 05:07:58.073000+00:00,340.0507,6732.725,0.003871,38.049284444444446,-3.497796133178862,-3.294464057084299,300-350,storm_recovery,7.126782709828154
37363,2026-09-08 20:13:41.895000+00:00,0.00032876,15.730727,0.00056373,0.0088937,290.2821,409.96033,6728.2583,spacetrack,2026-09-07 22:51:16.345000+00:00,290.4751,6728.537,0.00030355,21.373763888888888,-0.21671428692105765,-0.3129444132894826,250-300,storm_main,31.35055094154243
37363,2026-09-09 20:39:14.263000+00:00,0.00026883,15.731694,0.00046076,0.0088766,290.12366,409.56686,6727.9824,spacetrack,2026-09-08 20:13:41.895000+00:00,290.2821,6728.2583,0.00032876,24.42565777777778,-0.15567891905292008,-0.27109198287537617,250-300,storm_recovery,11.929458330975459
37363,2026-09-10 22:36:16.871000+00:00,0.00026399,15.732665,0.00045377,0.008852,290.0148,409.1221,6727.7056,spacetrack,2026-09-09 20:39:14.263000+00:00,290.12366,6727.9824,0.00026883,25.950724444444443,-0.10067695819409561,-0.25599285346400114,250-300,storm_recovery,9.03430684572625
37363,2026-09-11 21:30:03.625000+00:00,0.00028787,15.733598,0.0004976,0.0088369,289.85287,408.7523,6727.4395,spacetrack,2026-09-10 22:36:16.871000+00:00,290.0148,6727.7056,0.00026399,22.896320555555555,-0.16973556910901297,-0.2789269124923297,250-300,storm_recovery,8.352905938768377
37363,2026-09-12 21:55:20.082000+00:00,0.00027287,15.734593,0.00047309,0.0088251,289.65115,408.38678,6727.156,spacetrack,2026-09-11 21:30:03.625000+00:00,289.85287,6727.4395,0.00028787,24.421238055555555,-0.19824056376614435,-0.2786099535385008,250-300,storm_recovery,7.500927306476876
37363,2026-09-13 22:20:31.104000+00:00,0.00028526,15.735591,0.00049683,0.0088036,289.5138,407.95514,6726.8716,spacetrack,2026-09-12 21:55:20.082000+00:00,289.65115,6727.156,0.00027287,24.41972833333333,-0.13498921671047528,-0.2795117090091519,250-300,storm_recovery,6.033520847931901
38248,2026-09-08 21:09:04.672000+00:00,0.00064463,15.771754,0.00106063,0.0003591,336.03592,340.85977,6716.585,spacetrack,2026-09-07 16:13:01.982000+00:00,336.74002,6717.274,0.00052256,28.934080555555557,-0.5840309999674875,-0.5715059778124624,300-350,storm_main,29.84337747037831
38248,2026-09-09 16:56:45.132000+00:00,0.0004693,15.773126,0.00077388,0.0003531,335.68695,340.42993,6716.1953,spacetrack,2026-09-08 21:09:04.672000+00:00,336.03592,6716.585,0.00064463,19.794572222222225,-0.4231099265987872,-0.4724931610036738,300-350,storm_recovery,11.211082555459228
38248,2026-09-10 17:18:21.755000+00:00,0.00044903,15.774808,0.00074567,0.0003597,335.16553,339.99683,6715.7183,spacetrack,2026-09-09 16:56:45.132000+00:00,335.68695,6716.1953,0.0004693,24.360173055555556,-0.5137106362693463,-0.4699474003689749,300-350,storm_recovery,10.481952024538048
38248,2026-09-11 16:08:29.370000+00:00,0.00049872,15.7763,0.00083471,0.0003611,334.7325,339.5823,6715.2944,spacetrack,2026-09-10 17:18:21.755000+00:00,335.16553,6715.7183,0.00044903,22.83544861111111,-0.45511345877140136,-0.44551785135792127,300-350,storm_recovery,8.728479046618734
38248,2026-09-12 21:03:47.620000+00:00,0.00050455,15.778262,0.00085203,0.000362,334.17007,339.03156,6714.738,spacetrack,2026-09-11 16:08:29.370000+00:00,334.7325,6715.2944,0.00049872,28.921736111111112,-0.46671887013084196,-0.4617150211413993,300-350,storm_recovery,7.136638005344884
38248,2026-09-13 16:50:58.865000+00:00,0.00048658,15.779654,0.00082649,0.0003606,333.785,338.62738,6714.3433,spacetrack,2026-09-12 21:03:47.620000+00:00,334.17007,6714.738,0.00050455,19.786456944444442,-0.46707098830012983,-0.478751705097746,300-350,storm_recovery,6.8807582964470155
39265,2026-09-08 21:57:44.694000+00:00,0.00053864,15.310726,0.0005355,0.0271174,286.83636,658.3853,6850.748,spacetrack,2026-09-07 22:26:00.959000+00:00,286.91183,6851.054,0.00050343,23.528815277777777,-0.0769813515307162,-0.3121279126598461,250-300,storm_main,30.15710844391927
39265,2026-09-09 23:03:29.541000+00:00,0.00045538,15.31165,0.00045436,0.0270975,286.70462,657.96594,6850.472,spacetrack,2026-09-08 21:57:44.694000+00:00,286.83636,6850.748,0.00053864,25.095790833333332,-0.12598766147673177,-0.2639486455711876,250-300,storm_recovery,11.765409066440725
39265,2026-09-10 22:35:02.844000+00:00,0.00041676,15.312467,0.00041675,0.0270725,286.6389,657.54456,6850.2285,spacetrack,2026-09-09 23:03:29.541000+00:00,286.70462,6850.472,0.00045538,23.5259175,-0.06704435650596724,-0.24840688997528138,250-300,storm_recovery,8.684507628661029
39265,2026-09-11 18:58:19.964000+00:00,0.00040025,15.313157,0.00040066,0.027044,286.63373,657.13776,6850.023,spacetrack,2026-09-10 22:35:02.844000+00:00,286.6389,6850.2285,0.00041676,20.388088888888888,-0.006085906367946077,-0.2419059494432822,250-300,storm_recovery,8.822767541832706
39265,2026-09-12 23:12:01.193000+00:00,0.00039079,15.314089,0.00039166,0.0270061,286.62305,656.59283,6849.745,spacetrack,2026-09-11 18:58:19.964000+00:00,286.63373,6850.023,0.00040025,28.22811916666667,-0.009080307422803646,-0.23636006212856736,250-300,storm_recovery,7.082033184227678
39265,2026-09-13 22:43:20.760000+00:00,0.00040061,15.3148575,0.00040218,0.0269856,286.54047,656.21704,6849.5156,spacetrack,2026-09-12 23:12:01.193000+00:00,286.62305,6849.745,0.00039079,23.522101944444444,-0.08425777614091616,-0.2340607150248487,250-300,storm_recovery,6.094947415118455
39267,2026-09-08 22:36:56.089000+00:00,0.00028351,14.818299,0.00015471,0.0454303,305.4651,941.64294,7001.691,spacetrack,2026-09-07 22:18:28.155000+00:00,305.41986,7001.789,0.00024059,24.307759444444443,0.04466721840328369,-0.09675922642621443,300-350,storm_main,29.759363019586317
39267,2026-09-09 21:18:08.600000+00:00,0.0002124,14.818521,0.00011594,0.0454143,305.51044,941.4579,7001.621,spacetrack,2026-09-08 22:36:56.089000+00:00,305.4651,7001.691,0.00028351,22.68680861111111,0.04796443689604299,-0.07405184346511465,300-350,storm_recovery,11.654127604819204
39267,2026-09-10 23:13:47.226000+00:00,0.00018187,14.818732,9.93e-05,0.0454008,305.5413,941.29364,7001.5547,spacetrack,2026-09-09 21:18:08.600000+00:00,305.51044,7001.621,0.0002124,25.92739611111111,0.028565922965232755,-0.061371376947797096,300-350,storm_recovery,8.991599169244251
39267,2026-09-11 21:54:57.396000+00:00,0.00021319,14.818934,0.00011629,0.0453889,305.5638,941.14374,7001.4907,spacetrack,2026-09-10 23:13:47.226000+00:00,305.5413,7001.5547,0.00018187,22.68615833333333,0.02380306052997249,-0.06770648328450674,300-350,storm_recovery,8.227668192682836
39267,2026-09-12 22:13:19.812000+00:00,0.00020086,14.819157,0.0001095,0.0453713,305.6203,940.94745,7001.421,spacetrack,2026-09-11 21:54:57.396000+00:00,305.5638,7001.4907,0.00021319,24.306226666666667,0.05578817389450738,-0.06882187115840328,300-350,storm_recovery,7.466279285362818
39267,2026-09-13 22:31:40.937000+00:00,0.00018579,14.819365,0.00010125,0.0453555,305.6684,940.7684,7001.3555,spacetrack,2026-09-12 22:13:19.812000+00:00,305.6203,7001.421,0.00020086,24.305868055555557,0.047494703639557774,-0.06467573988394784,300-350,storm_recovery,6.035391693535368
39269,2026-09-08 20:11:39.926000+00:00,0.00019065,14.937609,0.00011453,0.0406099,303.3997,869.0435,6964.3584,spacetrack,2026-09-07 04:00:12.178000+00:00,303.424,6964.467,0.00011822,40.19104111111111,-0.014510696510380984,-0.06485027329309724,300-350,storm_main,26.620178261396397
39269,2026-09-09 18:42:03.862000+00:00,0.00016627,14.937781,9.996e-05,0.0406059,303.37604,868.9598,6964.3047,spacetrack,2026-09-08 20:11:39.926000+00:00,303.3997,6964.3584,0.00019065,22.50664888888889,-0.025229877748725718,-0.05726307840727085,300-350,storm_recovery,11.667651396249129
39269,2026-09-10 10:46:37.567000+00:00,0.00015765,14.937916,9.481e-05,0.0406016,303.36578,868.8862,6964.263,spacetrack,2026-09-09 18:42:03.862000+00:00,303.37604,6964.3047,0.00016627,16.076029166666668,-0.015317215305317558,-0.06225417916443455,300-350,storm_recovery,11.164313274914749
39269,2026-09-11 20:32:11.116000+00:00,0.00015781,14.938188,9.489e-05,0.0405866,303.38925,868.6939,6964.1787,spacetrack,2026-09-10 10:46:37.567000+00:00,303.36578,6964.263,0.00015765,33.759319166666664,0.016685170610814083,-0.05993011855483123,300-350,storm_recovery,8.002287179155774
39269,2026-09-12 20:38:59.802000+00:00,0.00015865,14.938373,9.538e-05,0.0405754,303.41202,868.55597,6964.121,spacetrack,2026-09-11 20:32:11.116000+00:00,303.38925,6964.1787,0.00015781,24.11352388888889,0.022662801277723174,-0.05742835457762283,300-350,storm_recovery,7.6079338880904155
39269,2026-09-13 09:30:37.427000+00:00,0.00015504,14.93847,9.321e-05,0.0405701,303.42014,868.48785,6964.091,spacetrack,2026-09-12 20:38:59.802000+00:00,303.41202,6964.121,0.00015865,12.860451388888889,0.015153433896483461,-0.055985593212999535,300-350,storm_recovery,8.392505511891807
39270,2026-09-08 16:55:45.737000+00:00,0.00019542,14.573322,8.313e-05,0.0546451,314.9171,1088.6849,7079.938,spacetrack,2026-09-07 09:37:07.664000+00:00,314.96725,7080.0093,0.00014335,31.310575833333335,-0.038440685550024695,-0.05465246021342385,300-350,storm_main,29.08084504780347
39270,2026-09-09 09:24:30.347000+00:00,0.00018558,14.573426,7.902e-05,0.0546456,314.88196,1088.6532,7079.905,spacetrack,2026-09-08 16:55:45.737000+00:00,314.9171,7079.938,0.00019542,16.479058333333334,-0.051177681572640576,-0.04806099863161011,300-350,storm_recovery,13.025967149215138
39270,2026-09-12 16:30:22.340000+00:00,0.00016947,14.573908,7.238e-05,0.0546433,314.75073,1088.4724,7079.7485,spacetrack,2026-09-11 22:22:47.560000+00:00,314.78296,7079.783,0.00017417,18.126327777777778,-0.042673839372415624,-0.04567941229833594,300-350,storm_recovery,8.48886135237909
39270,2026-09-13 22:10:01.680000+00:00,0.00018585,14.574095,7.938e-05,0.0546394,314.72095,1088.3807,7079.688,spacetrack,2026-09-12 16:30:22.340000+00:00,314.75073,7079.7485,0.00016947,29.660927777777776,-0.024096346727714563,-0.04895329002749779,300-350,storm_recovery,5.730446919788043
39473,2026-09-08 12:15:07.152000+00:00,0.0013711,15.97404,0.00625136,0.0018172,269.52228,293.7265,6659.761,spacetrack,2026-09-07 16:43:05.981000+00:00,271.79333,6662.499,0.0011189,19.53365861111111,-2.790322134994029,-3.36403954365245,250-300,storm_main,32.13634997631083
39473,2026-09-09 12:16:35.242000+00:00,0.0011088,15.986097,0.00539987,0.0017428,266.67432,289.8759,6656.412,spacetrack,2026-09-08 12:15:07.152000+00:00,269.52228,6659.761,0.0013711,24.024469444444442,-2.845059290822587,-3.3455889706896507,250-300,storm_recovery,16.015911092498403
39473,2026-09-10 12:16:59.987000+00:00,0.0011669,15.998032,0.00607616,0.0016765,263.81036,286.1182,6653.101,spacetrack,2026-09-09 12:16:35.242000+00:00,266.67432,6656.412,0.0011088,24.00687361111111,-2.8631399953798153,-3.310051999575494,250-300,storm_recovery,11.71466550465379
39473,2026-09-11 12:16:19.202000+00:00,0.0012068,16.010546,0.00674739,0.0016162,260.75015,282.24445,6649.6343,spacetrack,2026-09-10 12:16:59.987000+00:00,263.81036,6653.101,0.0011669,23.988670833333334,-3.0616552501084984,-3.468337223769291,250-300,storm_recovery,8.49976386422688
39473,2026-09-12 22:43:16.487000+00:00,0.0011807,16.030474,0.00741287,0.001542,255.73999,276.23047,6644.122,spacetrack,2026-09-11 12:16:19.202000+00:00,260.75015,6649.6343,0.0012068,34.449245833333336,-3.4904636398063476,-3.8402930688246344,250-300,storm_recovery,7.09556841209675
39473,2026-09-13 15:10:51.525000+00:00,0.0012059,16.041239,0.00806779,0.0014963,253.07481,272.94913,6641.149,spacetrack,2026-09-12 22:43:16.487000+00:00,255.73999,6644.122,0.0011807,16.459732777777777,-3.8861092621356406,-4.334942794231205,250-300,storm_recovery,7.462996682239914
39474,2026-09-08 21:59:20.284000+00:00,0.0014402,16.04085,0.00960895,0.0015637,252.73444,273.5043,6641.2563,spacetrack,2026-09-07 02:33:57.049000+00:00,259.8761,6649.4136,0.0010423,43.42312083333333,-3.947202244119374,-4.508547433783513,250-300,storm_main,25.47042360657391
39474,2026-09-09 17:25:34.180000+00:00,0.0011639,16.055378,0.00848428,0.001482,249.27641,268.94922,6637.25,spacetrack,2026-09-08 21:59:20.284000+00:00,252.73444,6641.2563,0.0014402,19.437193333333333,-4.269789293996159,-4.946763575948392,250-300,storm_recovery,11.14141822258975
39474,2026-09-10 12:50:42.650000+00:00,0.0012356,16.071184,0.00990426,0.0013961,245.49976,264.02014,6632.897,spacetrack,2026-09-09 17:25:34.180000+00:00,249.27641,6637.25,0.0011639,19.419019444444444,-4.667568321835667,-5.379880292044807,200-250,storm_recovery,11.185642455055875
39474,2026-09-11 12:43:08.360000+00:00,0.0012227,16.091772,0.01112997,0.0012996,240.4886,257.7141,6627.2383,spacetrack,2026-09-10 12:50:42.650000+00:00,245.49976,6632.897,0.0012356,23.873808333333336,-5.037647882599393,-5.688610635714056,200-250,storm_recovery,8.49735711066905
39474,2026-09-12 12:33:35.413000+00:00,0.0013239,16.116156,0.01399122,0.0012015,234.46054,250.36974,6620.5522,spacetrack,2026-09-11 12:43:08.360000+00:00,240.4886,6627.2383,0.0012227,23.840848055555554,-6.068300912067882,-6.730733723316716,200-250,storm_recovery,7.946359884918803
39474,2026-09-13 13:50:45.542000+00:00,0.001342,16.14922,0.0173712,0.001072,226.28792,240.46301,6611.5127,spacetrack,2026-09-12 12:33:35.413000+00:00,234.46054,6620.5522,0.0013239,25.286146944444443,-7.756930323585498,-8.579717600971302,200-250,storm_recovery,6.616708397721813
40021,2026-09-08 17:20:13.921000+00:00,0.0016199,16.003305,0.00834345,0.0006866,268.93542,278.06946,6651.6396,spacetrack,2026-09-07 20:19:03.698000+00:00,273.12125,6655.759,0.00161,21.01950638888889,-4.779366277273901,-4.703516732069949,250-300,storm_main,32.758765267547844
40021,2026-09-09 17:20:05.788000+00:00,0.0013471,16.02032,0.00765788,0.0007048,264.10696,273.47647,6646.9287,spacetrack,2026-09-08 17:20:13.921000+00:00,268.93542,6651.6396,0.0016199,23.99774083333333,-4.828914555116636,-4.711343487923502,250-300,storm_recovery,12.53756792870329
40021,2026-09-10 17:18:23.546000+00:00,0.001423,16.0388,0.0090006,0.0007082,258.98206,268.38953,6641.8228,spacetrack,2026-09-09 17:20:05.788000+00:00,264.10696,6646.9287,0.0013471,23.971599444444443,-5.130971768698814,-5.111949258288274,250-300,storm_recovery,10.40850806344239
40021,2026-09-11 17:14:59.863000+00:00,0.0014272,16.058535,0.01014773,0.0007365,253.35518,263.13055,6636.38,spacetrack,2026-09-10 17:18:23.546000+00:00,258.98206,6641.8228,0.001423,23.943421388888886,-5.640176389439007,-5.455661406043408,250-300,storm_recovery,8.602240487838941
40021,2026-09-12 17:09:43.582000+00:00,0.0015,16.081276,0.01221689,0.0007786,246.82233,257.14676,6630.1216,spacetrack,2026-09-11 17:14:59.863000+00:00,253.35518,6636.38,0.0014272,23.912144166666668,-6.556852405505386,-6.281394046183982,250-300,storm_recovery,7.6660109445317985
40021,2026-09-13 17:02:14.849000+00:00,0.0015218,16.108442,0.01461434,0.0008231,239.07704,249.97928,6622.665,spacetrack,2026-09-12 17:09:43.582000+00:00,246.82233,6630.1216,0.0015,23.875351944444446,-7.785726486149395,-7.495529298015323,200-250,storm_recovery,6.422493876675488
40970,2026-09-08 04:25:09.939000+00:00,0.0021473,15.933504,0.00774347,0.0014589,283.18243,302.64725,6671.052,spacetrack,2026-09-07 05:48:50.754000+00:00,286.70334,6674.756,0.0015723,22.605329166666667,-3.738138001750709,-3.9325240231891563,250-300,storm_main,24.712130933727092
40970,2026-09-09 22:33:33.300000+00:00,0.0019,15.9619665,0.00797714,0.0014369,275.40802,294.5565,6663.119,spacetrack,2026-09-08 04:25:09.939000+00:00,283.18243,6671.052,0.0021473,42.1398225,-4.427779447813283,-4.518101612791554,250-300,storm_recovery,19.325816037787064
40970,2026-09-11 03:06:39.558000+00:00,0.0015989,15.981209,0.00746919,0.0014449,270.0128,289.2524,6657.7695,spacetrack,2026-09-09 22:33:33.300000+00:00,275.40802,6663.119,0.0019,28.551738333333333,-4.535110208993109,-4.496678923752084,250-300,storm_recovery,8.544272231410545
40970,2026-09-12 06:07:28.128000+00:00,0.0019084,16.00422,0.01013612,0.0015057,263.23462,283.26462,6651.3867,spacetrack,2026-09-11 03:06:39.558000+00:00,270.0128,6657.7695,0.0015989,27.013491666666667,-6.022039727679304,-5.670766367053288,250-300,storm_recovery,8.114551710117691
40970,2026-09-13 10:35:46.690000+00:00,0.0020882,16.030853,0.0128905,0.0015391,255.65442,276.10602,6644.017,spacetrack,2026-09-12 06:07:28.128000+00:00,263.23462,6651.3867,0.0019084,28.471822777777778,-6.389643593243793,-6.212205006349423,250-300,storm_recovery,8.005167428592802
40972,2026-09-08 20:16:33.017000+00:00,0.0013024,15.990202,0.00640105,0.0014206,267.6816,286.59058,6655.273,spacetrack,2026-09-07 03:43:21.556000+00:00,272.83026,6660.408,0.00087917,40.553183611111116,-3.0470564576376185,-3.038972258795457,250-300,storm_main,26.461029546104754
40972,2026-09-09 21:46:35.289000+00:00,0.001742,16.01096,0.00960971,0.0014028,262.05444,280.71036,6649.5195,spacetrack,2026-09-08 20:16:33.017000+00:00,267.6816,6655.273,0.0013024,25.50063111111111,-5.296019514636852,-5.414924807089557,250-300,storm_recovery,11.967549267190249
40972,2026-09-10 20:14:46.100000+00:00,0.0016469,16.032877,0.01032597,0.001426,255.84749,274.79462,6643.458,spacetrack,2026-09-09 21:46:35.289000+00:00,262.05444,6649.5195,0.001742,22.46966972222222,-6.629683561956136,-6.474327473364818,250-300,storm_recovery,8.797055230414244
40972,2026-09-11 18:41:05.323000+00:00,0.0016678,16.055744,0.01197109,0.0014511,249.38078,268.64313,6637.149,spacetrack,2026-09-10 20:14:46.100000+00:00,255.84749,6643.458,0.0016469,22.438673055555554,-6.916676383480448,-6.747992611911338,250-300,storm_recovery,8.946816584259544
40972,2026-09-12 23:03:58.145000+00:00,0.0011839,16.080162,0.00995645,0.0015037,242.321,262.26135,6630.428,spacetrack,2026-09-11 18:41:05.323000+00:00,249.38078,6637.149,0.0016678,28.381339444444446,-5.969933883200358,-5.68345268960115,200-250,storm_recovery,7.065394435322537
40972,2026-09-13 22:55:46.639000+00:00,0.001645,16.108192,0.01623019,0.0015396,234.40024,254.79295,6622.7334,spacetrack,2026-09-12 23:03:58.145000+00:00,242.321,6630.428,0.0011839,23.86347055555556,-7.966076835196297,-7.738622911955405,200-250,storm_recovery,6.056296796449487
41892,2026-09-08 14:23:24.757000+00:00,0.00052598,15.962414,0.0022919,0.000333,282.63885,287.07642,6662.9946,spacetrack,2026-09-07 20:22:39.393000+00:00,283.59567,6663.9473,0.00048815,18.01260111111111,-1.2748675140446344,-1.2693780236931769,250-300,storm_main,32.3323197476384
41892,2026-09-09 12:54:01.584000+00:00,0.00047222,15.9665785,0.00210521,0.0003343,281.47192,285.92603,6661.836,spacetrack,2026-09-08 14:23:24.757000+00:00,282.63885,6662.9946,0.00052598,22.510229722222224,-1.2441596707630003,-1.2352783753487595,250-300,storm_recovery,15.336167518010052
41892,2026-09-10 18:54:19.530000+00:00,0.00045232,15.97182,0.00207598,0.0003469,279.9309,284.55188,6660.3784,spacetrack,2026-09-09 12:54:01.584000+00:00,281.47192,6661.836,0.00047222,30.004984999999998,-1.2326111811087417,-1.165886268565551,250-300,storm_recovery,10.558792813927418
41892,2026-09-11 12:54:13.454000+00:00,0.00048573,15.974923,0.00226849,0.0003554,279.01215,283.74573,6659.516,spacetrack,2026-09-10 18:54:19.530000+00:00,279.9309,6660.3784,0.00045232,17.99831222222222,-1.2251148734254622,-1.149974494522021,250-300,storm_recovery,9.25153052931321
41892,2026-09-12 12:53:45.437000+00:00,0.0004981,15.979212,0.00238309,0.0003748,277.69162,282.6827,6658.324,spacetrack,2026-09-11 12:54:13.454000+00:00,279.01215,6659.516,0.00048573,23.9922175,-1.3209583482644096,-1.1923866562146737,250-300,storm_recovery,7.924988511610297
41892,2026-09-13 17:22:41.186000+00:00,0.00046484,15.984491,0.00229133,0.000408,276.00494,281.43692,6656.858,spacetrack,2026-09-12 12:53:45.437000+00:00,277.69162,6658.324,0.0004981,28.482152499999998,-1.4212521332438122,-1.2352998952584977,250-300,storm_recovery,6.328199592124695
43879,2026-09-08 19:41:29.450000+00:00,0.0013331,15.910421,0.00417886,0.0007259,294.51825,304.21265,6677.5024,spacetrack,2026-09-07 19:32:01.262000+00:00,296.82074,6679.8853,0.0011161,24.157829999999997,-2.287447175512017,-2.3673318340260945,250-300,storm_main,31.499652217659175
43879,2026-09-09 19:50:13.691000+00:00,0.0011333,15.918018,0.00369362,0.0007325,292.35092,302.13037,6675.3774,spacetrack,2026-09-08 19:41:29.450000+00:00,294.51825,6677.5024,0.0013331,24.145622499999998,-2.1542588102667963,-2.112184102936257,250-300,storm_recovery,11.89384690744668
43879,2026-09-10 18:27:47.694000+00:00,0.0011081,15.925191,0.00374791,0.0007473,290.2492,300.22324,6673.373,spacetrack,2026-09-09 19:50:13.691000+00:00,292.35092,6675.3774,0.0011333,22.626111944444443,-2.2293392750752843,-2.126109873323988,250-300,storm_recovery,9.603768779786058
43879,2026-09-11 20:05:37.506000+00:00,0.0011042,15.93352,0.00390023,0.0007457,287.9356,297.8848,6671.0474,spacetrack,2026-09-10 18:27:47.694000+00:00,290.2492,6673.373,0.0011081,25.630503333333333,-2.166418633214467,-2.1776552443819,250-300,storm_recovery,8.330777221048201
43879,2026-09-12 08:09:01.882000+00:00,0.0011651,15.937532,0.00420257,0.0007435,286.83148,296.74966,6669.9277,spacetrack,2026-09-11 20:05:37.506000+00:00,287.9356,6671.0474,0.0011042,12.05677111111111,-2.1978421714898517,-2.2288554499669972,250-300,storm_recovery,8.201435864439107
43879,2026-09-13 18:47:45.955000+00:00,0.0011594,15.949962,0.0044675,0.0007766,283.148,293.50238,6666.4624,spacetrack,2026-09-12 08:09:01.882000+00:00,286.83148,6669.9277,0.0011651,34.64557583333333,-2.5516539377285876,-2.400514293659945,250-300,storm_recovery,6.648305014862688
44408,2026-09-08 21:42:29.095000+00:00,0.00047525,15.745998,0.00069621,0.0006484,341.41028,350.12985,6723.907,spacetrack,2026-09-07 16:43:39.200000+00:00,341.7111,6724.3906,0.00041039,28.98052638888889,-0.24912176898097055,-0.4004896199690682,300-350,storm_main,29.696320742966336
44408,2026-09-09 16:00:36.260000+00:00,0.00036376,15.746866,0.00053353,0.0006467,341.17477,349.87115,6723.66,spacetrack,2026-09-08 21:42:29.095000+00:00,341.41028,6723.907,0.00047525,18.301990277777776,-0.30883198571372705,-0.32389919948787865,300-350,storm_recovery,10.902085026727134
44408,2026-09-10 16:24:40.077000+00:00,0.00037556,15.748079,0.00055389,0.0006354,340.9058,349.44977,6723.315,spacetrack,2026-09-09 16:00:36.260000+00:00,341.17477,6723.66,0.00036376,24.401060277777777,-0.26454916001660206,-0.33932951706802544,300-350,storm_recovery,10.856273299235164
44408,2026-09-11 21:23:06.064000+00:00,0.000405,15.74949,0.00060134,0.0006098,340.6766,348.8759,6722.913,spacetrack,2026-09-10 16:24:40.077000+00:00,340.9058,6723.315,0.00037556,28.973885277777775,-0.18985372335338027,-0.3329895147821551,300-350,storm_recovery,7.925739325011134
44408,2026-09-12 15:40:58.793000+00:00,0.00039699,15.750359,0.00059157,0.0006049,340.46268,348.59576,6722.666,spacetrack,2026-09-11 21:23:06.064000+00:00,340.6766,6722.913,0.000405,18.29798027777778,-0.28058178673609524,-0.32397018195416183,300-350,storm_recovery,8.564872376852643
44408,2026-09-13 02:21:22.907000+00:00,0.00036961,15.750842,0.00055154,0.0005939,340.39905,348.38406,6722.5283,spacetrack,2026-09-12 15:40:58.793000+00:00,340.46268,6722.666,0.00039699,10.673365,-0.143077651705881,-0.3096305616837186,300-350,storm_recovery,5.320934608928133
44499,2026-09-08 01:14:02.975000+00:00,0.00060558,15.736082,0.00087751,0.0007233,343.72925,353.46014,6726.7314,spacetrack,2026-09-07 00:51:25.529000+00:00,344.28198,6727.173,0.00046884,24.377068333333334,-0.5441802852831397,-0.4347692616306234,300-350,storm_main,20.27346551311441
44499,2026-09-09 07:42:06.206000+00:00,0.00051163,15.738259,0.00074645,0.0007376,343.01315,352.9355,6726.1113,spacetrack,2026-09-08 01:14:02.975000+00:00,343.72925,6726.7314,0.00060558,30.467564166666666,-0.5640884156667353,-0.488467010969143,300-350,storm_recovery,23.527394575019404
44499,2026-09-10 23:18:13.897000+00:00,0.0005094,15.740691,0.00075132,0.0008021,341.887,352.6759,6725.4185,spacetrack,2026-09-09 07:42:06.206000+00:00,343.01315,6726.1113,0.00051163,39.60213638888889,-0.6824783323452971,-0.4198561369699344,300-350,storm_recovery,10.3865812766793
44499,2026-09-11 17:34:47.195000+00:00,0.00052103,15.741788,0.00077243,0.0007923,341.64084,352.29745,6725.106,spacetrack,2026-09-10 23:18:13.897000+00:00,341.887,6725.4185,0.0005094,18.27591611111111,-0.3232582139292946,-0.4103761449988418,300-350,storm_recovery,9.01910109446102
44499,2026-09-12 22:30:50.491000+00:00,0.00052132,15.743515,0.0007788,0.0008042,341.06937,351.88522,6724.6143,spacetrack,2026-09-11 17:34:47.195000+00:00,341.64084,6725.106,0.00052103,28.934248888888888,-0.4740154151804383,-0.4078488453357305,300-350,storm_recovery,7.035864091704625
44499,2026-09-13 21:21:16.345000+00:00,0.00053229,15.744946,0.00080053,0.0008121,340.60907,351.53052,6724.207,spacetrack,2026-09-12 22:30:50.491000+00:00,341.06937,6724.6143,0.00052132,22.840515000000003,-0.48366685252063835,-0.42797633941250457,300-350,storm_recovery,6.217351917074646
44741,2026-09-08 14:20:55.412000+00:00,0.00057506,15.879616,0.00161557,0.0003847,305.42654,310.57083,6686.1357,spacetrack,2026-09-07 16:00:02+00:00,306.36078,6687.021,0.00057704,22.34817,-1.0032928870685933,-0.950735563582968,300-350,storm_main,30.859785834813323
44741,2026-09-09 16:00:02+00:00,0.00058644,15.883832,0.00168427,0.0004381,303.88657,309.74393,6684.952,spacetrack,2026-09-08 14:20:55.412000+00:00,305.42654,6686.1357,0.00057506,25.65183,-1.4408048080780038,-1.1074765426088566,300-350,storm_recovery,15.060772315702666
44741,2026-09-10 22:00:03.999000+00:00,0.00034022,15.887599,0.00098471,0.0004764,302.5746,308.943,6683.896,spacetrack,2026-09-09 16:00:02+00:00,303.88657,6684.952,0.00058644,30.000555277777778,-1.0495565734852987,-0.8447843636675905,300-350,storm_recovery,9.899983314197732
44741,2026-09-11 22:00:01.999000+00:00,0.00037235,15.890261,0.00109444,0.0004909,301.73135,308.29288,6683.149,spacetrack,2026-09-10 22:00:03.999000+00:00,302.5746,6683.896,0.00034022,23.999444444444446,-0.8432695201277356,-0.7470172920663347,300-350,storm_recovery,8.416468031667401
44741,2026-09-12 22:00:01.999000+00:00,0.0003201,15.892935,0.00095108,0.0005133,300.8324,307.69257,6682.3994,spacetrack,2026-09-11 22:00:01.999000+00:00,301.73135,6683.149,0.00037235,24.0,-0.8989500000000135,-0.7496000000001004,300-350,storm_recovery,7.499930590277778
44741,2026-09-13 22:00:01.999000+00:00,0.00030245,15.895758,0.00091084,0.0005413,299.85468,307.0882,6681.6084,spacetrack,2026-09-12 22:00:01.999000+00:00,300.8324,6682.3994,0.0003201,24.0,-0.9777200000000335,-0.7910000000001673,300-350,storm_recovery,6.0833101967592595
44753,2026-09-08 12:31:29.372000+00:00,0.00050921,15.780832,0.0008886,0.000546,332.20602,339.53772,6714.009,spacetrack,2026-09-07 18:17:05.198000+00:00,332.73758,6714.42,0.00045633,18.240048333333334,-0.6994191992728975,-0.5407880406750418,300-350,storm_main,32.777170668437854
44753,2026-09-09 23:28:50.373000+00:00,0.00047806,15.783186,0.00084239,0.0005811,331.30328,339.10553,6713.3413,spacetrack,2026-09-08 12:31:29.372000+00:00,332.20602,6714.009,0.00050921,34.95583361111111,-0.6198038427873315,-0.4584299198319094,300-350,storm_recovery,15.196941194070762
44753,2026-09-10 11:38:16.879000+00:00,0.0004055,15.783966,0.00071495,0.0005807,331.0849,338.8815,6713.12,spacetrack,2026-09-09 23:28:50.373000+00:00,331.30328,6713.3413,0.00047806,12.157362777777777,-0.43110665493830413,-0.4368710629999446,300-350,storm_recovery,10.115210818976504
44753,2026-09-11 14:59:24.179000+00:00,0.00042816,15.785618,0.00076143,0.0006019,330.47443,338.5551,6712.652,spacetrack,2026-09-10 11:38:16.879000+00:00,331.0849,6713.12,0.0004055,27.352027777777778,-0.5356560807496681,-0.41064597079423115,300-350,storm_recovery,8.561275672228243
44753,2026-09-12 16:49:11.584000+00:00,0.00042217,15.787183,0.00075602,0.0006135,329.95316,338.18903,6712.208,spacetrack,2026-09-11 14:59:24.179000+00:00,330.47443,6712.652,0.00042816,25.829834722222223,-0.4843422396828519,-0.4125461937564107,300-350,storm_recovery,7.5567256554799
44753,2026-09-13 11:03:04.172000+00:00,0.00041655,15.788283,0.00074959,0.0006289,329.53824,337.98047,6711.8965,spacetrack,2026-09-12 16:49:11.584000+00:00,329.95316,6712.208,0.00042217,18.231274444444445,-0.5462086608561663,-0.41006458559858094,300-350,storm_recovery,7.0787182123612125
44771,2026-09-08 18:47:02.767000+00:00,0.0006943,16.095858,0.00654993,0.0009026,241.99918,253.96063,6626.1167,spacetrack,2026-09-07 14:27:25.192000+00:00,247.28432,6630.385,0.00061226,28.327104166666665,-4.477808930051545,-3.616296229833421,200-250,storm_main,30.462222944603266
44771,2026-09-09 14:08:58.411000+00:00,0.0006245,16.106531,0.00632444,0.0009256,238.92203,251.18288,6623.1895,spacetrack,2026-09-08 18:47:02.767000+00:00,241.99918,6626.1167,0.0006943,19.365456666666667,-3.813573894547959,-3.627737843172312,200-250,storm_recovery,11.258870777984924
44771,2026-09-10 13:57:59.745000+00:00,0.00060918,16.119837,0.00674898,0.0009589,235.0597,247.75465,6619.544,spacetrack,2026-09-09 14:08:58.411000+00:00,238.92203,6623.1895,0.0006245,23.817037222222222,-3.8920004673591997,-3.673504776588227,200-250,storm_recovery,11.500366590983994
44771,2026-09-11 16:44:11.134000+00:00,0.00061042,16.135942,0.00755307,0.0009853,230.484,243.51979,6615.1387,spacetrack,2026-09-10 13:57:59.745000+00:00,235.0597,6619.544,0.00060918,26.769830277777775,-4.1022598522472125,-3.9494908597815463,200-250,storm_recovery,8.35713905711165
44771,2026-09-12 12:03:10.543000+00:00,0.00062417,16.148825,0.00845319,0.0010373,226.62517,240.34164,6611.6206,spacetrack,2026-09-11 16:44:11.134000+00:00,230.484,6615.1387,0.00061042,19.3165025,-4.794445578333877,-4.371101859666654,200-250,storm_recovery,8.02173911199044
44771,2026-09-13 10:19:14.364000+00:00,0.00064393,16.165771,0.00982212,0.0010279,222.07043,235.6531,6606.9985,spacetrack,2026-09-12 12:03:10.543000+00:00,226.62517,6611.6206,0.00062417,22.267728055555555,-4.909066597511623,-4.981666729683996,200-250,storm_recovery,7.0322158296321735
44772,2026-09-08 17:01:30.603000+00:00,0.0020827,16.008331,0.01135158,0.0002251,270.61365,273.60757,6650.2476,spacetrack,2026-09-07 16:00:02+00:00,277.50366,6656.879,0.002387,25.024611944444445,-6.6079042650933495,-6.359882836678224,250-300,storm_main,31.28797009983605
44772,2026-09-09 22:58:37.757000+00:00,0.00060347,16.020664,0.00354455,0.0002793,266.84048,270.5534,6646.834,spacetrack,2026-09-08 17:01:30.603000+00:00,270.61365,6650.2476,0.0020827,29.951987222222222,-3.0233746872332308,-2.7352575771404295,250-300,storm_recovery,13.079076231577067
44772,2026-09-10 21:25:48.296000+00:00,0.00054609,16.027105,0.0033305,0.0002987,264.93103,268.9008,6645.0527,spacetrack,2026-09-09 22:58:37.757000+00:00,266.84048,6646.834,0.00060347,22.4529275,-2.0410167003834943,-1.9040367898569803,250-300,storm_recovery,8.526065476317063
44772,2026-09-11 15:23:08.955000+00:00,0.00055516,16.032413,0.00349626,0.0003142,263.36172,267.53653,6643.586,spacetrack,2026-09-10 21:25:48.296000+00:00,264.93103,6645.0527,0.00054609,17.955738611111112,-2.097571189674947,-1.9604206077168138,250-300,storm_recovery,9.699068476390378
44772,2026-09-12 15:19:03.229000+00:00,0.00057203,16.039648,0.00376528,0.0003469,261.14722,265.75516,6641.5884,spacetrack,2026-09-11 15:23:08.955000+00:00,263.36172,6643.586,0.00055516,23.931742777777778,-2.220816114125677,-2.003297480053654,250-300,storm_recovery,7.741721728164061
44772,2026-09-13 21:12:59.803000+00:00,0.00056895,16.049242,0.00397184,0.0003724,258.33188,263.27655,6638.9414,spacetrack,2026-09-12 15:19:03.229000+00:00,261.14722,6641.5884,0.00057203,29.899048333333333,-2.2598766103424968,-2.1247499014600217,250-300,storm_recovery,5.788211579458113
44927,2026-09-08 22:19:47.955000+00:00,0.00054283,15.815952,0.00111612,0.0005391,322.31482,329.54315,6704.066,spacetrack,2026-09-07 22:03:48.130000+00:00,322.85327,6704.699,0.00049936,24.266618055555554,-0.5325340338078861,-0.6260452101407444,300-350,storm_main,29.955636529720614
44927,2026-09-09 22:35:36.293000+00:00,0.00047677,15.817865,0.00098669,0.0005226,321.8851,328.89163,6703.5254,spacetrack,2026-09-08 22:19:47.955000+00:00,322.31482,6704.066,0.00054283,24.263427222222223,-0.42505454425472666,-0.5347307237825699,300-350,storm_recovery,11.711913637097481
44927,2026-09-10 22:51:14.326000+00:00,0.00043766,15.819675,0.00091206,0.000513,321.43842,328.3157,6703.014,spacetrack,2026-09-09 22:35:36.293000+00:00,321.8851,6703.5254,0.00047677,24.26056472222222,-0.4418825415956103,-0.5059074321038097,300-350,storm_recovery,8.784905838215982
44927,2026-09-11 21:35:44.611000+00:00,0.00043592,15.821382,0.00091567,0.0004929,321.09137,327.69873,6702.532,spacetrack,2026-09-10 22:51:14.326000+00:00,321.43842,6703.014,0.00043766,22.741745833333333,-0.366251564899305,-0.5086680716941132,300-350,storm_recovery,8.307292016877673
44927,2026-09-12 21:51:03.293000+00:00,0.00042171,15.823176,0.00089281,0.0004809,320.66522,327.11124,6702.0254,spacetrack,2026-09-11 21:35:44.611000+00:00,321.09137,6702.532,0.00043592,24.255189444444444,-0.42166646537336183,-0.5012700489452502,300-350,storm_recovery,7.5131790811959345
44927,2026-09-13 22:06:11.944000+00:00,0.00045818,15.825038,0.00098013,0.0004657,320.24173,326.48352,6701.4995,spacetrack,2026-09-12 21:51:03.293000+00:00,320.66522,6702.0254,0.00042171,24.252403055555554,-0.41908259469037507,-0.5204267787856128,300-350,storm_recovery,6.057391265843748
44961,2026-09-08 21:40:25.264000+00:00,0.00052686,15.78866,0.00095298,0.0003307,331.43274,335.87192,6711.7896,spacetrack,2026-09-07 21:21:55.492000+00:00,332.5861,6712.293,0.00073494,24.30827,-1.1387334433918634,-0.4970160361058369,300-350,storm_main,30.418125372329843
44961,2026-09-09 20:27:37.056000+00:00,0.00045554,15.790179,0.0008275,0.0003135,331.118,335.32602,6711.359,spacetrack,2026-09-08 21:40:25.264000+00:00,331.43274,6711.7896,0.00052686,22.78660888888889,-0.33149996284370453,-0.45352952913637246,300-350,storm_recovery,11.708593175679985
44961,2026-09-10 23:48:05.039000+00:00,0.00041522,15.791928,0.00075907,0.0003129,330.6267,334.82635,6710.864,spacetrack,2026-09-09 20:27:37.056000+00:00,331.118,6711.359,0.00045554,27.341106388888885,-0.43126272332530835,-0.4345105801880463,300-350,storm_recovery,9.206372013129641
44961,2026-09-11 19:32:45.149000+00:00,0.00041976,15.793181,0.00077194,0.0002949,330.39243,334.35028,6710.5083,spacetrack,2026-09-10 23:48:05.039000+00:00,330.6267,6710.864,0.00041522,19.744475,-0.284762192967952,-0.432363990431746,300-350,storm_recovery,8.486764131344197
44961,2026-09-12 22:52:54.444000+00:00,0.00042885,15.794945,0.00079538,0.0002779,330.00732,333.73676,6710.0093,spacetrack,2026-09-11 19:32:45.149000+00:00,330.39243,6710.5083,0.00041976,27.335915277777776,-0.3381134271920125,-0.4381049574642414,300-350,storm_recovery,7.182626193999256
44961,2026-09-13 21:39:33.583000+00:00,0.00044558,15.796481,0.00083287,0.0002628,329.6736,333.20016,6709.5737,spacetrack,2026-09-12 22:52:54.444000+00:00,330.00732,6710.0093,0.00042885,22.77753861111111,-0.35163061895073694,-0.45897847781038625,300-350,storm_recovery,6.210101462162914
45060,2026-09-08 22:33:51.850000+00:00,0.00051378,15.773893,0.00086832,0.0002077,336.44565,339.23547,6715.9775,spacetrack,2026-09-07 22:14:00.765000+00:00,336.96893,6716.453,0.00046274,24.330856944444445,-0.5161643105574041,-0.4690340346856102,300-350,storm_main,29.797247859185667
45060,2026-09-09 22:53:34.201000+00:00,0.00043683,15.775414,0.0007412,0.0002064,336.0227,338.7949,6715.546,spacetrack,2026-09-08 22:33:51.850000+00:00,336.44565,6715.9775,0.00051378,24.328430833333332,-0.4172402268580486,-0.4256748029060441,300-350,storm_recovery,11.683777043162499
45060,2026-09-10 23:13:08.455000+00:00,0.0002951,15.776736,0.00050013,0.0002612,335.27982,338.78784,6715.171,spacetrack,2026-09-09 22:53:34.201000+00:00,336.0227,6715.546,0.00043683,24.326181666666667,-0.732918969540993,-0.3699717499163624,300-350,storm_recovery,8.793578167391525
45060,2026-09-11 22:01:22.245000+00:00,0.00042112,15.778168,0.00072306,0.0002221,335.13626,338.11896,6714.7646,spacetrack,2026-09-10 23:13:08.455000+00:00,335.27982,6715.171,0.0002951,22.803830555555553,-0.1510904052547486,-0.42771761420671317,300-350,storm_recovery,8.223694569345621
45060,2026-09-12 23:51:53.509000+00:00,0.00044832,15.779736,0.00077612,0.0002085,334.7828,337.58267,6714.32,spacetrack,2026-09-11 22:01:22.245000+00:00,335.13626,6714.7646,0.00042112,25.842017777777777,-0.32826538828923824,-0.4129089334964009,300-350,storm_recovery,7.247867996289936
45060,2026-09-13 22:39:51.919000+00:00,0.00045782,15.781176,0.00079811,0.0002453,334.12738,337.42123,6713.911,spacetrack,2026-09-12 23:51:53.509000+00:00,334.7828,6714.32,0.00044832,22.799558333333334,-0.6899291543293704,-0.43053465582447104,300-350,storm_recovery,6.163883060112885
45062,2026-09-08 16:00:02+00:00,0.00057702,15.937957,0.00212242,0.0002896,289.7406,293.60376,6669.809,spacetrack,2026-09-07 16:00:02+00:00,291.15732,6671.0977,0.00049234,24.0,-1.4167200000000548,-1.2887000000000626,250-300,storm_main,30.95872685185185
45062,2026-09-09 16:00:02+00:00,0.0004873,15.94235,0.00183028,0.0003135,288.35608,292.5373,6668.5835,spacetrack,2026-09-08 16:00:02+00:00,289.7406,6669.809,0.00057702,24.0,-1.3845199999999522,-1.2255000000004657,250-300,storm_recovery,13.874444444444444
45062,2026-09-10 22:00:03.999000+00:00,0.00069029,15.947495,0.00268097,0.000357,286.63208,291.39243,6667.1494,spacetrack,2026-09-09 16:00:02+00:00,288.35608,6668.5835,0.0004873,30.000555277777778,-1.3791744725021617,-1.147258765089671,250-300,storm_recovery,9.899983314197732
45062,2026-09-11 22:00:01.999000+00:00,0.00065739,15.95181,0.00261272,0.0003933,285.18848,290.4319,6665.9473,spacetrack,2026-09-10 22:00:03.999000+00:00,286.63208,6667.1494,0.00069029,23.999444444444446,-1.443633417440165,-1.202127827033461,250-300,storm_recovery,8.416468031667401
45062,2026-09-12 22:00:01.999000+00:00,0.00059604,15.956369,0.00242621,0.0004403,283.60565,289.47458,6664.6772,spacetrack,2026-09-11 22:00:01.999000+00:00,285.18848,6665.9473,0.00065739,24.0,-1.5828300000000013,-1.2700999999997293,250-300,storm_recovery,7.499930590277778
45062,2026-09-13 22:00:01.999000+00:00,0.00056793,15.9611225,0.00237195,0.0004709,282.0793,288.3549,6663.354,spacetrack,2026-09-12 22:00:01.999000+00:00,283.60565,6664.6772,0.00059604,24.0,-1.5263500000000363,-1.3231999999998152,250-300,storm_recovery,6.0833101967592595
45100,2026-09-08 20:25:53.521000+00:00,0.00053626,15.788793,0.00097097,0.0003736,331.10745,336.12247,6711.752,spacetrack,2026-09-07 21:38:33.795000+00:00,331.91138,6712.2754,0.00064638,22.788812777777775,-0.8466575327177857,-0.5512178331751532,300-350,storm_main,31.239272727458886
45100,2026-09-09 16:10:47.561000+00:00,0.0004021,15.790326,0.00072942,0.0004119,330.41605,335.94482,6711.3174,spacetrack,2026-09-08 20:25:53.521000+00:00,331.10745,6711.752,0.00053626,19.74834444444444,-0.8402527131669393,-0.5281657928012427,300-350,storm_recovery,11.20221329382885
45100,2026-09-10 16:28:59.427000+00:00,0.00042649,15.791753,0.0007796,0.0004142,329.9965,335.55582,6710.913,spacetrack,2026-09-09 16:10:47.561000+00:00,330.41605,6711.3174,0.0004021,24.30329611111111,-0.41431417178822544,-0.3993532381630802,300-350,storm_recovery,10.80996169403908
45100,2026-09-11 18:18:09.787000+00:00,0.0004454,15.793523,0.00082142,0.0003862,329.68307,334.86618,6710.4116,spacetrack,2026-09-10 16:28:59.427000+00:00,329.9965,6710.913,0.00042649,25.819544444444446,-0.29134208840077,-0.4660655429406658,300-350,storm_recovery,8.357816075160978
45100,2026-09-12 14:02:42.706000+00:00,0.00045338,15.794833,0.00084148,0.000395,329.25308,334.55402,6710.0405,spacetrack,2026-09-11 18:18:09.787000+00:00,329.68307,6710.4116,0.0004454,19.7424775,-0.52271858990339,-0.4511287907005149,300-350,storm_recovery,8.109696380980216
45100,2026-09-13 17:22:41.335000+00:00,0.00045856,15.796719,0.00085874,0.0004052,328.65082,334.0882,6709.5063,spacetrack,2026-09-12 14:02:42.706000+00:00,329.25308,6710.0405,0.00045338,27.3329525,-0.5288210265612552,-0.46906019391799425,300-350,storm_recovery,6.2999495450287215
45190,2026-09-08 21:18:49.286000+00:00,0.00068098,16.160643,0.00993291,0.0005549,226.59254,233.92653,6608.3965,spacetrack,2026-09-07 23:02:19.247000+00:00,231.67511,6613.2104,0.00063688,22.275010833333333,-5.476167033663594,-5.1866910801728,200-250,storm_main,30.54847480495676
45190,2026-09-09 15:06:57.902000+00:00,0.00056125,16.174507,0.00908218,0.000599,222.5263,230.43864,6604.6196,spacetrack,2026-09-08 21:18:49.286000+00:00,226.59254,6608.3965,0.00068098,17.802393333333335,-5.481833715991025,-5.091764815142619,200-250,storm_recovery,10.787083309772205
45190,2026-09-10 20:45:00.819000+00:00,0.00056508,16.201174,0.0113504,0.0006958,214.64293,223.82382,6597.3706,spacetrack,2026-09-09 15:06:57.902000+00:00,222.5263,6604.6196,0.00056125,29.63414361111111,-6.384557032687798,-5.87079560263601,200-250,storm_recovery,10.030985054523773
45190,2026-09-11 13:01:38.240000+00:00,0.00054921,16.217533,0.01257085,0.0007413,209.90816,219.68283,6592.9326,spacetrack,2026-09-10 20:45:00.819000+00:00,214.64293,6597.3706,0.00056508,16.27706138888889,-6.981265062842949,-6.543687306647998,200-250,storm_recovery,9.844816958753185
45206,2026-09-10 00:00:02+00:00,0.00047265,15.839457,0.00108449,0.0005447,315.64697,322.94315,6697.432,spacetrack,2026-09-09 16:00:02+00:00,315.744,6697.5933,0.00043266,8.0,-0.2910900000000538,-0.48390000000199507,300-350,storm_recovery,13.874791666666667
45206,2026-09-11 22:00:01.999000+00:00,0.0004173,15.8435135,0.00097407,0.0005171,314.6891,321.61438,6696.2886,spacetrack,2026-09-10 00:00:02+00:00,315.64697,6697.432,0.00047265,45.99999972222223,-0.4997582638874364,-0.5965565253414876,300-350,storm_recovery,8.434722230886004
45206,2026-09-12 22:00:01.999000+00:00,0.00042862,15.845575,0.001011,0.0004937,314.26517,320.87653,6695.708,spacetrack,2026-09-11 22:00:01.999000+00:00,314.6891,6696.2886,0.0004173,24.0,-0.4239299999999844,-0.5806000000002314,300-350,storm_recovery,7.499930590277778
45206,2026-09-13 15:49:27.364000+00:00,0.00046921,15.847112,0.00111694,0.0004758,313.95248,320.3237,6695.275,spacetrack,2026-09-12 22:00:01.999000+00:00,314.26517,6695.708,0.00042862,17.8237125,-0.421043595715582,-0.5830435157658556,300-350,storm_recovery,7.1979869513716634
45223,2026-09-08 22:29:16.580000+00:00,0.00056819,15.8212185,0.00119885,0.0005373,320.83994,328.0425,6702.578,spacetrack,2026-09-07 22:13:45.209000+00:00,321.4711,6703.282,0.00053399,24.258714166666667,-0.6244288092075989,-0.696491985680336,300-350,storm_main,29.844281409483425
45223,2026-09-09 22:44:35.323000+00:00,0.00051358,15.823335,0.00109235,0.0005248,320.32645,327.36084,6701.9805,spacetrack,2026-09-08 22:29:16.580000+00:00,320.83994,6702.578,0.00056819,24.25520638888889,-0.5080872041412592,-0.5912132747956073,300-350,storm_recovery,11.692279812136096
45223,2026-09-10 22:59:42.671000+00:00,0.00046528,15.82535,0.00099724,0.0005123,319.84146,326.70773,6701.4116,spacetrack,2026-09-09 22:44:35.323000+00:00,320.32645,6701.9805,0.00051358,24.25204111111111,-0.479949705951478,-0.5629876651383314,300-350,storm_recovery,8.783775862714327
45223,2026-09-11 21:43:43.039000+00:00,0.00046032,15.827268,0.00099543,0.0005024,319.36664,326.09967,6700.87,spacetrack,2026-09-10 22:59:42.671000+00:00,319.84146,6701.4116,0.00046528,22.733435555555555,-0.5012739923163227,-0.5717745550709247,300-350,storm_recovery,8.276712795328583
45223,2026-09-12 23:29:23.704000+00:00,0.00046557,15.829385,0.00101718,0.0004842,318.8914,325.37994,6700.2725,spacetrack,2026-09-11 21:43:43.039000+00:00,319.36664,6700.87,0.00046032,25.76129583333333,-0.4427479143049453,-0.5566490169117013,300-350,storm_recovery,7.292308535851021
45223,2026-09-13 22:13:03.111000+00:00,0.00047941,15.831349,0.00105787,0.0004715,318.42264,324.74048,6699.7188,spacetrack,2026-09-12 23:29:23.704000+00:00,318.8914,6700.2725,0.00046557,22.727613055555558,-0.49500314760283964,-0.5846984444660384,300-350,storm_recovery,6.190395843372466
45237,2026-09-08 19:05:21.723000+00:00,0.00031008,15.802282,0.00059202,0.0006279,325.5828,334.00662,6707.9316,spacetrack,2026-09-07 18:48:06.186000+00:00,326.75388,6708.539,0.00048774,24.287649166666665,-1.1572103914681353,-0.6002062982696477,300-350,storm_main,31.773108718941128
45237,2026-09-09 23:55:36.026000+00:00,0.00050491,15.804569,0.0009828,0.0005447,325.494,332.8009,6707.2847,spacetrack,2026-09-08 19:05:21.723000+00:00,325.5828,6707.9316,0.00031008,28.837306388888887,-0.0739042673146812,-0.5383859293451777,300-350,storm_recovery,12.094734836297073
45237,2026-09-11 03:14:33.646000+00:00,0.0004381,15.806541,0.00085833,0.0005249,325.06934,332.11008,6706.7266,spacetrack,2026-09-09 23:55:36.026000+00:00,325.494,6707.2847,0.00050491,27.316005555555556,-0.37310872481967206,-0.49034987830717125,300-350,storm_recovery,8.402403657928675
45237,2026-09-12 23:14:40.472000+00:00,0.0004473,15.809756,0.0008899,0.0004972,324.34625,331.01453,6705.8174,spacetrack,2026-09-11 03:14:33.646000+00:00,325.06934,6706.7266,0.0004381,44.00189611111111,-0.3943957314061779,-0.4959059024388557,300-350,storm_recovery,7.82552892007318
45237,2026-09-13 17:26:58.684000+00:00,0.00047341,15.811102,0.00094877,0.0004834,324.05847,330.54126,6705.437,spacetrack,2026-09-12 23:14:40.472000+00:00,324.34625,6705.8174,0.0004473,18.20505888888889,-0.3793846557791327,-0.5014869798401085,300-350,storm_recovery,7.130997836803969
45369,2026-09-08 13:00:29.167000+00:00,0.00051817,15.781004,0.00090469,0.0003009,333.80283,337.84326,6713.96,spacetrack,2026-09-07 12:41:16.571000+00:00,334.44522,6714.4844,0.00044437,24.32016555555556,-0.6339331845740241,-0.5174964772034957,300-350,storm_main,29.475917641551142
45369,2026-09-09 11:48:16.118000+00:00,0.0003862,15.783405,0.00067812,0.0003257,332.9555,337.32855,6713.279,spacetrack,2026-09-08 13:00:29.167000+00:00,333.80283,6713.96,0.00051817,22.796375277777777,-0.8920681359296504,-0.7169560862565025,300-350,storm_recovery,15.90057539727533
45369,2026-09-10 12:07:05.655000+00:00,0.0004144,15.784985,0.00073388,0.0003547,332.31335,337.07544,6712.8315,spacetrack,2026-09-09 11:48:16.118000+00:00,332.9555,6713.279,0.0003862,24.313760277777778,-0.6338632866297053,-0.4417251744404733,300-350,storm_recovery,11.73863719854933
45369,2026-09-11 10:54:36.951000+00:00,0.00040005,15.786375,0.00071254,0.0003706,331.81253,336.78778,6712.437,spacetrack,2026-09-10 12:07:05.655000+00:00,332.31335,6712.8315,0.0004144,22.79202666666667,-0.5273633703482616,-0.4154084293809194,300-350,storm_recovery,8.330063634826683
45369,2026-09-12 14:15:28.928000+00:00,0.00043454,15.788085,0.00078126,0.0003871,331.2172,336.4136,6711.9526,spacetrack,2026-09-11 10:54:36.951000+00:00,331.81253,6712.437,0.00040005,27.347771388888887,-0.5224528096576377,-0.42510228108495995,300-350,storm_recovery,8.076821900691746
45369,2026-09-13 13:02:44.157000+00:00,0.00041621,15.789483,0.00075255,0.0003976,330.75064,336.08768,6711.556,spacetrack,2026-09-12 14:15:28.928000+00:00,331.2172,6711.9526,0.00043454,22.787563611111114,-0.4913838175547889,-0.417701521866941,300-350,storm_recovery,6.6449292047444635
45375,2026-09-08 12:21:58.546000+00:00,0.00049538,15.77618,0.00084604,0.0005694,333.3678,341.01523,6715.3286,spacetrack,2026-09-07 22:40:56.566000+00:00,333.69955,6715.6133,0.00047834,13.683883333333334,-0.5818523737779107,-0.49933193915497465,300-350,storm_main,34.14393615522559
45375,2026-09-09 11:10:15.268000+00:00,0.00035641,15.777645,0.00060916,0.000587,332.83423,340.71753,6714.913,spacetrack,2026-09-08 12:21:58.546000+00:00,333.3678,6715.3286,0.00049538,22.804644999999997,-0.5615382304789196,-0.4373845766950737,300-350,storm_recovery,16.180611985945063
45375,2026-09-10 11:29:37.383000+00:00,0.00041933,15.779063,0.0007235,0.0005998,332.34634,340.4011,6714.5107,spacetrack,2026-09-09 11:10:15.268000+00:00,332.83423,6714.913,0.00035641,24.322809722222225,-0.4814147762419786,-0.39696071754294215,300-350,storm_recovery,11.815763369808964
45375,2026-09-11 20:56:02.878000+00:00,0.00039526,15.780883,0.00068696,0.0006219,331.68204,340.0329,6713.9946,spacetrack,2026-09-10 11:29:37.383000+00:00,332.34634,6714.5107,0.00041933,33.440415277777774,-0.47676441418463433,-0.3704020986912484,300-350,storm_recovery,7.933306790822268
45375,2026-09-12 21:15:07.167000+00:00,0.00039355,15.782233,0.00068818,0.0006353,331.2094,339.73972,6713.6113,spacetrack,2026-09-11 20:56:02.878000+00:00,331.68204,6713.9946,0.00039526,24.317858055555558,-0.4664621355254387,-0.37828989621511555,300-350,storm_recovery,7.577617724441168
45375,2026-09-13 20:02:53.042000+00:00,0.00040535,15.783516,0.0007134,0.0006437,330.78928,339.43192,6713.2476,spacetrack,2026-09-12 21:15:07.167000+00:00,331.2094,6713.6113,0.00039355,22.79607638888889,-0.44230769488535593,-0.3829079992139204,300-350,storm_recovery,6.320744353240613
45376,2026-09-08 23:02:00.885000+00:00,0.0009247,15.73274,0.00131698,0.0004277,346.66962,352.42447,6727.684,spacetrack,2026-09-07 13:29:19.521000+00:00,347.97748,6728.7847,0.00039544,33.54482333333333,-0.9357223225799309,-0.7875075011573784,300-350,storm_main,28.05715626067291
45376,2026-09-09 11:13:47.364000+00:00,0.00066507,15.7337,0.00094518,0.0004432,346.29193,352.25513,6727.4106,spacetrack,2026-09-08 23:02:00.885000+00:00,346.66962,6727.684,0.0009247,12.196244166666666,-0.7432255271483409,-0.5380016921876898,300-350,storm_recovery,9.777944002296335
45376,2026-09-10 11:37:14.956000+00:00,0.00045349,15.734901,0.00064353,0.000452,345.89044,351.9717,6727.068,spacetrack,2026-09-09 11:13:47.364000+00:00,346.29193,6727.4106,0.00066507,24.39099777777778,-0.39505394932134286,-0.3371079803668397,300-350,storm_recovery,11.800645165169774
45376,2026-09-11 13:32:03.785000+00:00,0.00037907,15.735987,0.00053877,0.0004684,345.471,351.77264,6726.759,spacetrack,2026-09-10 11:37:14.956000+00:00,345.89044,6727.068,0.00045349,25.913563611111112,-0.38846683347264177,-0.2861821751457184,300-350,storm_recovery,8.53692204669007
45376,2026-09-12 21:32:33.628000+00:00,0.00038234,15.737377,0.00054683,0.0004897,344.93167,351.51947,6726.363,spacetrack,2026-09-11 13:32:03.785000+00:00,345.471,6726.759,0.00037907,32.00828972222222,-0.4043927405160188,-0.29692308094159897,300-350,storm_recovery,7.1344403983957525
45376,2026-09-13 20:24:14.211000+00:00,0.00039875,15.738411,0.00057335,0.0005032,344.54648,351.31558,6726.068,spacetrack,2026-09-12 21:32:33.628000+00:00,344.93167,6726.363,0.00038234,22.861273055555554,-0.4043764307234855,-0.3096940394700034,300-350,storm_recovery,6.28299206580347
45377,2026-09-08 16:00:02+00:00,0.00072147,15.901772,0.00220328,0.0006275,297.595,305.9783,6679.924,spacetrack,2026-09-07 20:58:56.871000+00:00,298.45215,6680.7124,0.0005527,19.018091388888887,-1.081685831629692,-0.9949263368806558,250-300,storm_main,32.521409300200105
45377,2026-09-09 16:00:02+00:00,0.00034132,15.905446,0.0010442,0.0006338,296.52478,304.99094,6678.895,spacetrack,2026-09-08 16:00:02+00:00,297.595,6679.924,0.00072147,24.0,-1.0702200000000062,-1.0289999999995416,250-300,storm_recovery,13.874444444444444
45377,2026-09-10 22:00:03.999000+00:00,0.00056225,15.909165,0.00177665,0.0006237,295.552,303.88196,6677.854,spacetrack,2026-09-09 16:00:02+00:00,296.52478,6678.895,0.00034132,30.000555277777778,-0.7782095959168314,-0.8327845857743287,250-300,storm_recovery,9.899983314197732
45377,2026-09-11 22:00:01.999000+00:00,0.00062611,15.912467,0.00201699,0.0006324,294.5705,303.01547,6676.93,spacetrack,2026-09-10 22:00:03.999000+00:00,295.552,6677.854,0.00056225,23.999444444444446,-0.9815227204333828,-0.9240213893839917,250-300,storm_recovery,8.416468031667401
45377,2026-09-12 22:00:01.999000+00:00,0.00047759,15.916041,0.00155956,0.0006373,293.53888,302.04803,6675.9307,spacetrack,2026-09-11 22:00:01.999000+00:00,294.5705,6676.93,0.00062611,24.0,-1.0316199999999753,-0.9993000000004031,250-300,storm_recovery,7.499930590277778
45377,2026-09-13 22:00:01.999000+00:00,0.00070636,15.919309,0.00236323,0.0006306,292.67062,301.08917,6675.017,spacetrack,2026-09-12 22:00:01.999000+00:00,293.53888,6675.9307,0.00047759,24.0,-0.8682600000000207,-0.9137000000000626,250-300,storm_recovery,6.0833101967592595
45379,2026-09-08 13:34:32.237000+00:00,0.00067147,16.098265,0.0064434,0.0009828,240.80772,253.83072,6625.456,spacetrack,2026-09-07 22:40:20.899000+00:00,242.86578,6627.673,0.00065486,14.903149444444445,-3.314295423536334,-3.570252059696427,200-250,storm_main,33.15705651180591
45379,2026-09-09 11:54:58.498000+00:00,0.00055723,16.110102,0.00578167,0.0009405,237.84528,250.30167,6622.2104,spacetrack,2026-09-08 13:34:32.237000+00:00,240.80772,6625.456,0.00067147,22.340628055555555,-3.1824781211698854,-3.48667010642229,200-250,storm_recovery,15.72611664739705
45379,2026-09-10 22:08:23.873000+00:00,0.00057224,16.128849,0.00673307,0.0008605,233.24686,244.63484,6617.0776,spacetrack,2026-09-09 11:54:58.498000+00:00,237.84528,6622.2104,0.00055723,34.22371527777778,-3.224725284915535,-3.5994689355072964,200-250,storm_recovery,10.24682973449819
45379,2026-09-11 11:31:14.500000+00:00,0.00059677,16.136854,0.00741213,0.0008112,231.38625,242.11826,6614.889,spacetrack,2026-09-10 22:08:23.873000+00:00,233.24686,6617.0776,0.00057224,13.380729722222222,-3.3372350332911527,-3.9255258188762316,200-250,storm_recovery,9.757969810108555
45379,2026-09-12 14:15:42.415000+00:00,0.00056392,16.153776,0.00788034,0.0007385,227.25053,237.0139,6610.269,spacetrack,2026-09-11 11:31:14.500000+00:00,231.38625,6614.889,0.00059677,26.7410875,-3.711789208273591,-4.146428225852722,200-250,storm_recovery,7.9871149697175845
45379,2026-09-13 14:00:22.910000+00:00,0.00056953,16.17106,0.00899387,0.0006626,223.04431,231.798,6605.558,spacetrack,2026-09-12 14:15:42.415000+00:00,227.25053,6610.269,0.00056392,23.744581944444445,-4.251465881193132,-4.761675748368335,200-250,storm_recovery,6.578315263616571
45383,2026-09-09 15:46:15.845000+00:00,0.00036991,15.755451,0.0005722,0.0001076,342.35724,343.80365,6721.2173,spacetrack,2026-09-08 21:30:06.846000+00:00,342.61844,6721.4883,0.00049673,18.269166388888888,-0.3431355249910776,-0.3560096756220471,300-350,storm_recovery,10.894722375202942
45383,2026-09-10 08:31:00.634000+00:00,0.00039253,15.756336,0.00061023,0.0001274,341.97256,343.68506,6720.966,spacetrack,2026-09-09 15:46:15.845000+00:00,342.35724,6721.2173,0.00036991,16.745774722222222,-0.5513223576182751,-0.36016249472137074,300-350,storm_recovery,12.18527550954852
45383,2026-09-11 10:23:41.877000+00:00,0.00037153,15.757561,0.00058018,0.0001456,341.50198,343.45905,6720.6177,spacetrack,2026-09-10 08:31:00.634000+00:00,341.97256,6720.966,0.00039253,25.878123055555555,-0.4364273241824244,-0.3230218815355293,300-350,storm_recovery,8.312878414471134
45383,2026-09-12 09:13:36.776000+00:00,0.00037875,15.758692,0.00059465,0.0001589,341.0911,343.2268,6720.296,spacetrack,2026-09-11 10:23:41.877000+00:00,341.50198,6720.6177,0.00037153,22.83191638888889,-0.43190067062436244,-0.3381582110096349,300-350,storm_recovery,8.159733367395463
45383,2026-09-13 12:37:22.958000+00:00,0.00039047,15.760046,0.0006171,0.0001631,340.67786,342.8699,6719.9106,spacetrack,2026-09-12 09:13:36.776000+00:00,341.0911,6720.296,0.00037875,27.396161666666668,-0.36201275640983144,-0.3376239384386813,300-350,storm_recovery,6.93795290585212
45384,2026-09-09 09:57:47.113000+00:00,0.00044524,15.831135,0.00098035,0.0005524,317.94098,325.3429,6699.779,spacetrack,2026-09-07 18:33:57.354000+00:00,319.12433,6700.843,0.00046323,39.39715527777778,-0.7208743829283155,-0.6481686258801852,300-350,storm_recovery,23.892001381741046
45384,2026-09-10 08:41:17.879000+00:00,0.00046263,15.833015,0.00102867,0.0005615,317.34982,324.87308,6699.2485,spacetrack,2026-09-09 09:57:47.113000+00:00,317.94098,6699.779,0.00044524,22.725212777777777,-0.6243215471176518,-0.5602587806116541,300-350,storm_recovery,12.200592242346199
45384,2026-09-11 08:55:32.066000+00:00,0.00042252,15.834953,0.00094665,0.0005649,316.78085,324.34906,6698.702,spacetrack,2026-09-10 08:41:17.879000+00:00,317.34982,6699.2485,0.00046263,24.23727416666667,-0.5633999890458332,-0.5411499622356701,300-350,storm_recovery,8.11705738545246
45384,2026-09-12 22:00:01.999000+00:00,0.00044202,15.838065,0.00100619,0.0005702,315.86823,323.50644,6697.824,spacetrack,2026-09-11 08:55:32.066000+00:00,316.78085,6698.702,0.00042252,37.07498138888889,-0.5907725150352803,-0.5683617148444422,300-350,storm_recovery,7.564367324586879
45384,2026-09-13 18:28:37.195000+00:00,0.00047848,15.839718,0.00109966,0.0005848,315.30487,323.1381,6697.3584,spacetrack,2026-09-12 22:00:01.999000+00:00,315.86823,6697.824,0.00044202,20.476443333333332,-0.660302171617356,-0.5457197726227341,300-350,storm_recovery,6.737096568257107
45386,2026-09-08 16:00:02+00:00,0.0006275,15.9235325,0.00214598,0.0008268,290.18146,301.21732,6673.8364,spacetrack,2026-09-07 16:00:02+00:00,291.40384,6675.104,0.00056584,24.0,-1.222379999999987,-1.2676000000001295,250-300,storm_main,30.95872685185185
45386,2026-09-09 16:00:02+00:00,0.00046521,15.927611,0.00161693,0.0008242,289.0605,300.05975,6672.6973,spacetrack,2026-09-08 16:00:02+00:00,290.18146,6673.8364,0.0006275,24.0,-1.120960000000025,-1.139100000000326,250-300,storm_recovery,13.874444444444444
45386,2026-09-10 22:00:03.999000+00:00,0.0007015,15.932155,0.002515,0.0007838,288.06238,298.52054,6671.428,spacetrack,2026-09-09 16:00:02+00:00,289.0605,6672.6973,0.00046521,30.000555277777778,-0.7984812207040497,-1.0154212053055978,250-300,storm_recovery,9.899983314197732
45386,2026-09-11 22:00:01.999000+00:00,0.00070238,15.936113,0.00257207,0.0007777,286.99908,297.3741,6670.3237,spacetrack,2026-09-10 22:00:03.999000+00:00,288.06238,6671.428,0.0007015,23.999444444444446,-1.0633246139957206,-1.1043255630917046,250-300,storm_recovery,8.416468031667401
45386,2026-09-12 22:00:01.999000+00:00,0.00072644,15.9428425,0.00275791,0.0006985,285.65152,294.96732,6668.4463,spacetrack,2026-09-11 22:00:01.999000+00:00,286.99908,6670.3237,0.00070238,24.0,-1.3475599999999872,-1.877400000000307,250-300,storm_recovery,7.499930590277778
45386,2026-09-13 22:00:01.999000+00:00,0.00064499,15.94728,0.00250432,0.0006845,284.50873,293.6361,6667.2095,spacetrack,2026-09-12 22:00:01.999000+00:00,285.65152,6668.4463,0.00072644,24.0,-1.1427899999999909,-1.2367999999996755,250-300,storm_recovery,6.0833101967592595
45387,2026-09-10 22:00:03.999000+00:00,0.00085458,15.8376045,0.0019712,0.0007599,314.72757,324.90714,6697.9546,spacetrack,2026-09-09 16:00:02+00:00,315.71606,6699.045,0.000375,30.000555277777778,-0.7907773632967767,-0.872303854301844,300-350,storm_recovery,9.899983314197732
45387,2026-09-11 22:00:01.999000+00:00,0.00083186,15.840914,0.00194856,0.000756,313.8216,323.9475,6697.0215,spacetrack,2026-09-10 22:00:03.999000+00:00,314.72757,6697.9546,0.00085458,23.999444444444446,-0.9059909720132657,-0.9331216000372329,300-350,storm_recovery,8.416468031667401
45387,2026-09-12 22:00:01.999000+00:00,0.00081255,15.844387,0.00193471,0.0007531,312.8628,322.94836,6696.0425,spacetrack,2026-09-11 22:00:01.999000+00:00,313.8216,6697.0215,0.00083186,24.0,-0.9587999999999965,-0.9790000000002692,300-350,storm_recovery,7.499930590277778
45387,2026-09-13 22:00:01.999000+00:00,0.00054246,15.848182,0.00130351,0.0007549,311.7827,321.89078,6694.9736,spacetrack,2026-09-12 22:00:01.999000+00:00,312.8628,6696.0425,0.00081255,24.0,-1.0801000000000158,-1.068899999999303,300-350,storm_recovery,6.0833101967592595
45389,2026-09-08 19:35:12.712000+00:00,0.00056389,15.865903,0.00147853,0.0005067,308.46082,315.24045,6689.988,spacetrack,2026-09-07 19:23:46.353000+00:00,309.35718,6690.803,0.00049803,24.190655277777775,-0.8892954635983961,-0.8085766910976888,300-350,storm_main,31.545458789935175
45389,2026-09-09 09:11:31.940000+00:00,0.00040339,15.867308,0.00105772,0.0005017,308.0997,314.81204,6689.593,spacetrack,2026-09-08 19:35:12.712000+00:00,308.46082,6689.988,0.00056389,13.605341111111112,-0.6370204120000099,-0.6967851759533188,300-350,storm_recovery,10.768087238941373
45389,2026-09-10 22:00:03.999000+00:00,0.00068817,15.87069,0.00185701,0.0005105,307.09064,313.91974,6688.642,spacetrack,2026-09-09 09:11:31.940000+00:00,308.0997,6689.593,0.00040339,36.80890527777778,-0.657923396994367,-0.6200673404373098,300-350,storm_recovery,10.369959672877771
45389,2026-09-11 22:00:01.999000+00:00,0.00070453,15.874064,0.00193526,0.0005498,305.88052,313.2343,6687.6943,spacetrack,2026-09-10 22:00:03.999000+00:00,307.09064,6688.642,0.00068817,23.999444444444446,-1.2101480126854964,-0.9477219380075375,300-350,storm_recovery,8.416468031667401
45389,2026-09-12 22:00:01.999000+00:00,0.0006481,15.876625,0.00179955,0.0005409,305.2213,312.4553,6686.975,spacetrack,2026-09-11 22:00:01.999000+00:00,305.88052,6687.6943,0.00070453,24.0,-0.6592200000000048,-0.7192999999997483,300-350,storm_recovery,7.499930590277778
45389,2026-09-13 22:00:01.999000+00:00,0.00045032,15.879462,0.00125804,0.0005461,304.3905,311.69315,6686.1787,spacetrack,2026-09-12 22:00:01.999000+00:00,305.2213,6686.975,0.0006481,24.0,-0.8308000000000106,-0.7962999999999738,300-350,storm_recovery,6.0833101967592595
45390,2026-09-08 10:59:20.784000+00:00,0.00051916,15.833822,0.0011615,0.0005717,317.05408,324.7137,6699.021,spacetrack,2026-09-07 04:41:21.932000+00:00,317.94766,6699.7944,0.00038404,30.29968111111111,-0.7077935877066142,-0.6126005066500266,300-350,storm_main,26.958218848874573
45390,2026-09-09 09:42:36.718000+00:00,0.00042988,15.835925,0.00096805,0.0005817,316.39432,324.18726,6698.4277,spacetrack,2026-09-08 10:59:20.784000+00:00,317.05408,6699.021,0.00051916,22.721092777777777,-0.6968960584275558,-0.6266952095682488,300-350,storm_recovery,17.247012889418198
45390,2026-09-10 08:25:42.500000+00:00,0.00046798,15.837877,0.0010656,0.0005936,315.76462,323.71634,6697.8774,spacetrack,2026-09-09 09:42:36.718000+00:00,316.39432,6698.4277,0.00042988,22.71827277777778,-0.6652266282665268,-0.5813470121247916,300-350,storm_recovery,12.257838214471068
45390,2026-09-11 22:00:01.999000+00:00,0.00036655,15.841368,0.00084502,0.0006168,314.6259,322.88718,6696.8936,spacetrack,2026-09-10 08:25:42.500000+00:00,315.76462,6697.8774,0.00046798,37.57208305555556,-0.7273826143626192,-0.6284240340118199,300-350,storm_recovery,7.958158214085948
45390,2026-09-12 08:53:01.934000+00:00,0.00043895,15.842202,0.00101951,0.0006275,314.31912,322.72342,6696.658,spacetrack,2026-09-11 22:00:01.999000+00:00,314.6259,6696.8936,0.00036655,10.883315277777777,-0.6765144454680768,-0.5195475694382339,300-350,storm_recovery,9.119847110517156
45390,2026-09-13 06:04:45.465000+00:00,0.00042878,15.84397,0.00100405,0.0006299,313.80508,322.2409,6696.16,spacetrack,2026-09-12 08:53:01.934000+00:00,314.31912,6696.658,0.00043895,21.19542527777778,-0.5820576769900984,-0.5638952671802747,300-350,storm_recovery,7.6099917971030715
45395,2026-09-08 14:34:19.612000+00:00,0.00057019,15.894893,0.00167405,0.0006846,299.13928,308.2881,6681.8506,spacetrack,2026-09-07 14:25:30.329000+00:00,300.10822,6682.828,0.00047581,24.147023055555554,-0.9630404520879663,-0.9714489420102311,300-350,storm_main,30.03310781937543
45395,2026-09-09 16:00:02+00:00,0.00054813,15.898281,0.00163678,0.0007239,297.9282,307.6008,6680.9014,spacetrack,2026-09-08 14:34:19.612000+00:00,299.13928,6681.8506,0.00057019,25.428441111111113,-1.1430476556936484,-0.8958787485421686,250-300,storm_recovery,14.999811191292059
45395,2026-09-10 22:00:03.999000+00:00,0.00054547,15.901872,0.00165917,0.0007115,297.00595,306.51144,6679.8955,spacetrack,2026-09-09 16:00:02+00:00,297.9282,6680.9014,0.00054813,30.000555277777778,-0.7377863441212944,-0.8047051055046635,250-300,storm_recovery,9.899983314197732
45395,2026-09-11 22:00:01.999000+00:00,0.00060197,15.904946,0.00186422,0.0007171,296.10815,305.68723,6679.0347,spacetrack,2026-09-10 22:00:03.999000+00:00,297.00595,6679.8955,0.00054547,23.999444444444446,-0.8978207828884537,-0.8608199263866567,250-300,storm_recovery,8.416468031667401
45395,2026-09-12 22:00:01.999000+00:00,0.0006795,15.908135,0.00214409,0.0007243,295.16815,304.84213,6678.142,spacetrack,2026-09-11 22:00:01.999000+00:00,296.10815,6679.0347,0.00060197,24.0,-0.9399999999999977,-0.8927000000003318,250-300,storm_recovery,7.499930590277778
45395,2026-09-13 22:00:01.999000+00:00,0.00073318,15.911501,0.00235707,0.0007175,294.27243,303.85422,6677.2,spacetrack,2026-09-12 22:00:01.999000+00:00,295.16815,6678.142,0.0006795,24.0,-0.8957200000000398,-0.9420000000000073,250-300,storm_recovery,6.0833101967592595
45399,2026-09-09 19:02:14.603000+00:00,0.00047015,15.755373,0.0007305,0.0004704,339.9411,346.26443,6721.2397,spacetrack,2026-09-07 19:50:20.194000+00:00,340.18597,6722.144,0.00083713,47.19844694444445,-0.12451426647400622,-0.4598286893962761,300-350,storm_recovery,21.778457923483113
45399,2026-09-10 08:44:19.641000+00:00,0.00044626,15.756011,0.00069487,0.0005452,339.2568,346.58545,6721.058,spacetrack,2026-09-09 19:02:14.603000+00:00,339.9411,6721.2397,0.00047015,13.701399444444444,-1.1986512813228982,-0.3182740578934358,300-350,storm_recovery,11.430268781546605
45399,2026-09-11 22:47:41.465000+00:00,0.00042124,15.7579,0.00066085,0.0005878,338.43378,346.33444,6720.521,spacetrack,2026-09-10 08:44:19.641000+00:00,339.2568,6721.058,0.00044626,38.056062222222224,-0.5190363596910852,-0.3386582648711497,300-350,storm_recovery,7.945972806902191
45399,2026-09-12 06:24:19.779000+00:00,0.00036706,15.758281,0.00057539,0.0005831,338.3571,346.19443,6720.4126,spacetrack,2026-09-11 22:47:41.465000+00:00,338.43378,6720.521,0.00042124,7.610642777777778,-0.24180874779378358,-0.3418370926038154,300-350,storm_recovery,7.42623907441896
45399,2026-09-13 09:48:08.088000+00:00,0.00039889,15.75973,0.0006303,0.0005887,337.90762,345.81976,6720.0005,spacetrack,2026-09-12 06:24:19.779000+00:00,338.3571,6720.4126,0.00036706,27.396752499999998,-0.39375177769700476,-0.36100629079995206,300-350,storm_recovery,8.07848767842101
45408,2026-09-08 16:00:02+00:00,0.00073938,15.913201,0.00239921,0.0007585,293.5234,303.652,6676.7246,spacetrack,2026-09-07 16:00:02+00:00,294.70972,6677.8516,0.00059506,24.0,-1.1863200000000234,-1.1270000000004075,250-300,storm_main,30.95872685185185
45408,2026-09-09 16:00:02+00:00,0.00055129,15.916988,0.00181611,0.0007601,292.45447,302.6028,6675.6655,spacetrack,2026-09-08 16:00:02+00:00,293.5234,6676.7246,0.00073938,24.0,-1.0689299999999662,-1.0590999999994892,250-300,storm_recovery,13.874444444444444
45408,2026-09-10 22:00:03.999000+00:00,0.00064457,15.921167,0.00217654,0.0007511,291.34714,301.37357,6674.4976,spacetrack,2026-09-09 16:00:02+00:00,292.45447,6675.6655,0.00055129,30.000555277777778,-0.8858476036170329,-0.9343027067492722,250-300,storm_recovery,9.899983314197732
45408,2026-09-11 22:00:01.999000+00:00,0.00068245,15.924636,0.00234917,0.0007497,290.388,300.3943,6673.5283,spacetrack,2026-09-10 22:00:03.999000+00:00,291.34714,6674.4976,0.00064457,23.999444444444446,-0.9591622028288167,-0.9693224380191467,250-300,storm_recovery,8.416468031667401
45408,2026-09-12 22:00:01.999000+00:00,0.00066506,15.928188,0.00233211,0.0007504,289.39172,299.40588,6672.5356,spacetrack,2026-09-11 22:00:01.999000+00:00,290.388,6673.5283,0.00068245,24.0,-0.9962799999999561,-0.9926999999997861,250-300,storm_recovery,7.499930590277778
45408,2026-09-13 22:00:01.999000+00:00,0.0006947,15.932044,0.0024879,0.0007339,288.42606,298.21844,6671.4595,spacetrack,2026-09-12 22:00:01.999000+00:00,289.39172,6672.5356,0.00066506,24.0,-0.965660000000014,-1.076100000000224,250-300,storm_recovery,6.0833101967592595
45414,2026-09-08 16:00:02+00:00,0.00059502,15.872083,0.00161193,0.0006306,305.89642,314.33163,6688.251,spacetrack,2026-09-07 13:41:13.821000+00:00,306.7124,6689.0195,0.0015098,26.31338305555556,-0.7442418163659846,-0.7009360963226298,300-350,storm_main,29.82186203537176
45414,2026-09-09 09:30:47.910000+00:00,0.0011829,15.876818,0.00335244,0.0005885,304.849,312.71948,6686.9214,spacetrack,2026-09-08 16:00:02+00:00,305.89642,6688.251,0.00059502,17.512752777777777,-1.4354156835867542,-1.8221235921569283,300-350,storm_recovery,14.39739580251915
45414,2026-09-10 08:10:36.876000+00:00,0.00045889,15.87625,0.0012623,0.0006292,304.73587,313.1509,6687.0806,spacetrack,2026-09-09 09:30:47.910000+00:00,304.849,6686.9214,0.0011829,22.66360166666667,-0.11980090543126959,0.16858750238365292,300-350,storm_recovery,12.313959365534796
45414,2026-09-11 22:00:01.999000+00:00,0.00062279,15.879717,0.00175545,0.0006297,303.75995,312.18042,6686.1074,spacetrack,2026-09-10 08:10:36.876000+00:00,304.73587,6687.0806,0.00045889,37.82364527777778,-0.6192443860972955,-0.6175184815867363,300-350,storm_recovery,7.95178557581151
45414,2026-09-12 22:00:01.999000+00:00,0.00069453,15.882226,0.0019884,0.0006324,303.03824,311.49396,6685.4033,spacetrack,2026-09-11 22:00:01.999000+00:00,303.75995,6686.1074,0.00062279,24.0,-0.72171000000003,-0.7040999999999258,300-350,storm_recovery,7.499930590277778
45414,2026-09-13 07:10:06.522000+00:00,0.0016208,15.8836355,0.00483564,0.0006485,302.5353,311.20575,6685.0073,spacetrack,2026-09-12 22:00:01.999000+00:00,303.03824,6685.4033,0.00069453,9.167923055555557,-1.3166079085583855,-1.0366579150371826,300-350,storm_recovery,9.618004720140934
45417,2026-09-08 04:17:42.603000+00:00,0.00067124,15.766384,0.00110218,0.0002527,338.27524,341.67056,6718.11,spacetrack,2026-09-07 22:12:35.072000+00:00,338.4886,6718.28,0.00063583,6.0854252777777775,-0.8414596788657734,-0.6704543747995284,300-350,storm_main,30.935844710204908
45417,2026-09-09 21:21:59.530000+00:00,0.00058187,15.769712,0.00096728,0.0002721,337.19986,340.85535,6717.1646,spacetrack,2026-09-08 04:17:42.603000+00:00,338.27524,6718.11,0.00067124,41.07136861111111,-0.6283968826161226,-0.5524432412961361,300-350,storm_recovery,19.56177595250576
45417,2026-09-10 11:03:16.376000+00:00,0.00062513,15.771753,0.00105024,0.0002964,336.45724,340.43884,6716.585,spacetrack,2026-09-09 21:21:59.530000+00:00,337.19986,6717.1646,0.00058187,13.688012777777777,-1.3020794390939505,-1.0162468596306344,300-350,storm_recovery,10.453855427354258
45417,2026-09-11 20:30:35.989000+00:00,0.00054482,15.7741,0.00092272,0.00029,335.8342,339.72943,6715.919,spacetrack,2026-09-10 11:03:16.376000+00:00,336.45724,6716.585,0.00062513,33.45544805555556,-0.4469514195466592,-0.477769718506273,300-350,storm_recovery,7.997174251963098
45417,2026-09-12 22:00:01.999000+00:00,0.00029337,15.776118,0.00049578,0.0002945,335.23157,339.1869,6715.346,spacetrack,2026-09-11 20:30:35.989000+00:00,335.8342,6715.919,0.00054482,25.490558333333333,-0.5673912595742463,-0.5394938714239363,300-350,storm_recovery,7.413028418692281
45417,2026-09-13 12:02:29.698000+00:00,0.00053516,15.77702,0.00091814,0.0002978,334.9535,338.953,6715.0903,spacetrack,2026-09-12 22:00:01.999000+00:00,335.23157,6715.346,0.00029337,14.0410275,-0.4752985491979819,-0.4370620312504156,300-350,storm_recovery,7.848833910323
45419,2026-09-09 12:11:25.860000+00:00,0.00037077,15.75511,0.00057327,0.0006336,338.91888,347.43616,6721.3145,spacetrack,2026-09-07 12:59:29.034000+00:00,339.9126,6722.124,0.00041859,47.19911833333333,-0.5052907944502193,-0.41161785825699926,300-350,storm_recovery,22.869393817419823
45419,2026-09-10 11:01:33.262000+00:00,0.00037847,15.756341,0.00058865,0.0006485,338.46872,347.18582,6720.9644,spacetrack,2026-09-09 12:11:25.860000+00:00,338.91888,6721.3145,0.00037077,22.835389444444445,-0.4731182722451014,-0.3679551872962596,300-350,storm_recovery,11.865221552677214
45419,2026-09-11 11:22:54.500000+00:00,0.00038122,15.757532,0.00059616,0.0006554,338.08405,346.89343,6720.6255,spacetrack,2026-09-10 11:01:33.262000+00:00,338.46872,6720.9644,0.00037847,24.355899444444443,-0.37904902756964315,-0.3339478395592167,300-350,storm_recovery,8.431161088304888
45419,2026-09-12 16:18:07.188000+00:00,0.00039232,15.759006,0.0006179,0.0006665,337.59067,346.5487,6720.2065,spacetrack,2026-09-11 11:22:54.500000+00:00,338.08405,6720.6255,0.00038122,28.92019111111111,-0.4094412777047901,-0.34771554452603015,300-350,storm_recovery,7.846708750810468
45419,2026-09-13 09:02:38.556000+00:00,0.00038898,15.759834,0.00061485,0.0006769,337.28552,346.38303,6719.971,spacetrack,2026-09-12 16:18:07.188000+00:00,337.59067,6720.2065,0.00039232,16.742046666666667,-0.4374375574152778,-0.33759313377554484,300-350,storm_recovery,7.503392456597301
45531,2026-09-11 22:00:01.999000+00:00,0.00060573,15.924097,0.00207199,0.0004852,292.3036,298.77972,6673.6787,spacetrack,2026-09-10 22:00:03.999000+00:00,293.25928,6674.7075,0.00056191,23.999444444444446,-0.955702122734295,-1.0288238153661429,250-300,storm_recovery,8.416468031667401
45531,2026-09-12 22:00:01.999000+00:00,0.00067414,15.927885,0.00235666,0.0004764,291.30475,297.6624,6672.6206,spacetrack,2026-09-11 22:00:01.999000+00:00,292.3036,6673.6787,0.00060573,24.0,-0.9988500000000045,-1.058100000000195,250-300,storm_recovery,7.499930590277778
45531,2026-09-13 22:00:01.999000+00:00,0.00065704,15.931815,0.00234456,0.0004674,290.26807,296.5046,6671.5234,spacetrack,2026-09-12 22:00:01.999000+00:00,291.30475,6672.6206,0.00067414,24.0,-1.0366799999999898,-1.0972000000001572,250-300,storm_recovery,6.0833101967592595
45532,2026-09-09 09:47:04.708000+00:00,0.0004495,15.849047,0.0010795,0.0005381,312.99075,320.19565,6694.73,spacetrack,2026-09-07 07:50:05.659000+00:00,314.377,6696.14,0.00038514,49.949735833333335,-0.666069588656325,-0.6774810604190549,300-350,storm_recovery,23.371242687419617
45532,2026-09-10 23:36:54.766000+00:00,0.00043755,15.852466,0.00106799,0.00054,312.01587,319.24512,6693.7676,spacetrack,2026-09-09 09:47:04.708000+00:00,312.99075,6694.73,0.0004495,37.830571666666664,-0.6184712249700245,-0.6105538188400734,300-350,storm_recovery,10.41398114390993
45532,2026-09-11 16:15:26.098000+00:00,0.00070205,15.855177,0.00175446,0.000541,311.24664,318.48846,6693.0044,spacetrack,2026-09-10 23:36:54.766000+00:00,312.01587,6693.7676,0.00043755,16.642036666666666,-1.1093305687144364,-1.1006345176907106,300-350,storm_recovery,9.203257173450927
45532,2026-09-12 22:00:01.999000+00:00,0.00072622,15.857973,0.00184144,0.0004938,310.77612,317.38535,6692.218,spacetrack,2026-09-11 16:15:26.098000+00:00,311.24664,6693.0044,0.00070205,29.743305833333334,-0.379664589513955,-0.6345495052149629,300-350,storm_recovery,7.0422139898687375
45532,2026-09-13 22:00:01.999000+00:00,0.00067338,15.860364,0.00172458,0.0004898,310.13058,316.6856,6691.545,spacetrack,2026-09-12 22:00:01.999000+00:00,310.77612,6692.218,0.00072622,24.0,-0.6455399999999827,-0.6729999999997744,300-350,storm_recovery,6.0833101967592595
45542,2026-09-10 07:23:24.596000+00:00,0.00043509,15.796301,0.00081281,0.0005571,327.74994,335.2258,6709.625,spacetrack,2026-09-08 11:21:04.233000+00:00,328.67258,6710.4834,0.00049017,44.038989722222226,-0.5028126244418912,-0.46780364694892496,300-350,storm_recovery,14.793562166878601
45542,2026-09-11 01:36:39.002000+00:00,0.00041214,15.797484,0.00077343,0.0005654,327.35925,334.9461,6709.2896,spacetrack,2026-09-10 07:23:24.596000+00:00,327.74994,6709.625,0.00043509,18.220668333333332,-0.5146112002294915,-0.44178401432577147,300-350,storm_recovery,7.481778827298168
45542,2026-09-12 17:05:03.196000+00:00,0.00045628,15.800093,0.00086829,0.0005685,326.60068,334.2283,6708.5513,spacetrack,2026-09-11 01:36:39.002000+00:00,327.35925,6709.2896,0.00041214,39.47338722222222,-0.4612140300376837,-0.44888977731366864,300-350,storm_recovery,8.344025159454478
45542,2026-09-13 06:44:47.621000+00:00,0.00043261,15.8010025,0.0008259,0.0005616,326.38943,333.9242,6708.294,spacetrack,2026-09-12 17:05:03.196000+00:00,326.60068,6708.5513,0.00045628,13.662340277777778,-0.3710930848536013,-0.4519869857179073,300-350,storm_recovery,7.744267966942787
45544,2026-09-08 10:09:00.184000+00:00,0.0005007,15.820098,0.0010485,0.0005987,320.74475,328.77078,6702.8945,spacetrack,2026-09-07 08:22:24.397000+00:00,321.37332,6703.527,0.00037104,25.7766075,-0.5852469142806799,-0.5889060459175248,300-350,storm_main,28.633700170030348
45544,2026-09-09 17:59:11.865000+00:00,0.00043707,15.822707,0.0009243,0.000605,319.96597,328.0756,6702.1577,spacetrack,2026-09-08 10:09:00.184000+00:00,320.74475,6702.8945,0.0005007,31.836578055555556,-0.5870831961708909,-0.5554365789299482,300-350,storm_recovery,16.553217529372073
45544,2026-09-10 07:37:45.503000+00:00,0.00046033,15.823836,0.00097965,0.0005973,319.69885,327.70486,6701.839,spacetrack,2026-09-09 17:59:11.865000+00:00,319.96597,6702.1577,0.00043707,13.642677222222222,-0.46991363172899014,-0.5606524200056898,300-350,storm_recovery,12.065498914985692
45544,2026-09-11 00:18:08.923000+00:00,0.00043114,15.82508,0.00092188,0.0006042,319.30176,327.3998,6701.488,spacetrack,2026-09-10 07:37:45.503000+00:00,319.69885,6701.839,0.00046033,16.67317222222222,-0.5715864907397691,-0.505242786898355,300-350,storm_recovery,7.683435798893166
45544,2026-09-12 23:16:59.557000+00:00,0.00044556,15.828741,0.00097006,0.0005939,318.3379,326.2967,6700.454,spacetrack,2026-09-11 00:18:08.923000+00:00,319.30176,6701.488,0.00043114,46.980731666666664,-0.49238569045984276,-0.5282165500547252,300-350,storm_recovery,7.697207668481868
45544,2026-09-13 15:57:04.092000+00:00,0.00046865,15.830072,0.00102778,0.0005789,318.063,325.8203,6700.0786,spacetrack,2026-09-12 23:16:59.557000+00:00,318.3379,6700.454,0.00044556,16.66792638888889,-0.3958260821452946,-0.5405351445518463,300-350,storm_recovery,7.4197415245364375
45555,2026-09-11 22:00:01.999000+00:00,0.000508,15.862558,0.00130756,0.0006113,308.7009,316.88123,6690.928,spacetrack,2026-09-10 22:00:03.999000+00:00,309.27188,6691.6025,0.00061745,23.999444444444446,-0.5709932174356087,-0.6745156137874362,300-350,storm_recovery,8.416468031667401
45555,2026-09-12 22:00:01.999000+00:00,0.00060463,15.86498,0.00158123,0.0006123,308.0136,316.20648,6690.247,spacetrack,2026-09-11 22:00:01.999000+00:00,308.7009,6690.928,0.000508,24.0,-0.6872999999999934,-0.6809999999995853,300-350,storm_recovery,7.499930590277778
45555,2026-09-13 22:00:01.999000+00:00,0.00055565,15.867535,0.00146883,0.0005908,307.43967,315.344,6689.529,spacetrack,2026-09-12 22:00:01.999000+00:00,308.0136,6690.247,0.00060463,24.0,-0.5739300000000185,-0.7179999999998472,300-350,storm_recovery,6.0833101967592595
45564,2026-09-10 07:19:32.796000+00:00,0.00040406,15.739984,0.00058489,0.0003198,345.33224,349.63394,6725.62,spacetrack,2026-09-09 17:36:37.956000+00:00,345.52737,6725.8145,0.00040664,13.715233333333332,-0.3414539064835556,-0.3403514826588731,300-350,storm_recovery,12.25806973754244
45564,2026-09-11 09:13:50.885000+00:00,0.00037769,15.74119,0.00054895,0.0003201,344.98663,349.29214,6725.2764,spacetrack,2026-09-10 07:19:32.796000+00:00,345.33224,6725.62,0.00040406,25.905024722222223,-0.3201942514606094,-0.3183320644712447,300-350,storm_recovery,8.086816447632762
45564,2026-09-12 23:19:22.101000+00:00,0.00040399,15.742979,0.00059253,0.0003342,344.38242,348.87723,6724.7666,spacetrack,2026-09-11 09:13:50.885000+00:00,344.98663,6725.2764,0.00037769,38.09200444444444,-0.38068461377894514,-0.3212012646338957,300-350,storm_recovery,7.4168217395519935
45564,2026-09-13 03:53:36.748000+00:00,0.00036416,15.743209,0.00053364,0.0003344,344.3157,348.81317,6724.7017,spacetrack,2026-09-12 23:19:22.101000+00:00,344.38242,6724.7666,0.00040399,4.570735277777778,-0.3503331308172562,-0.3407766815068429,300-350,storm_recovery,9.432157128621478
45565,2026-09-08 08:03:02.276000+00:00,0.00054084,15.820418,0.00113689,0.0007736,319.48196,329.85257,6702.804,spacetrack,2026-09-07 15:22:20.490000+00:00,319.8493,6703.267,0.00047733,16.67827388888889,-0.5286014643202172,-0.6662559971146989,300-350,storm_main,30.593001813770165
45565,2026-09-09 03:45:32.877000+00:00,0.00056591,15.822355,0.00120167,0.000773,318.9394,329.3011,6702.2573,spacetrack,2026-09-08 08:03:02.276000+00:00,319.48196,6702.804,0.00054084,19.708500277777777,-0.660701718368858,-0.6657431978622572,300-350,storm_recovery,23.054281626169736
45565,2026-09-10 04:00:44.725000+00:00,0.00051143,15.824644,0.0010956,0.0007554,318.41135,328.53616,6701.611,spacetrack,2026-09-09 03:45:32.877000+00:00,318.9394,6702.2573,0.00056591,24.25329111111111,-0.5225352692110666,-0.639550316241493,300-350,storm_recovery,11.72432308384997
45565,2026-09-11 05:46:41.144000+00:00,0.00045769,15.826703,0.00098802,0.0007509,317.86078,327.92438,6701.03,spacetrack,2026-09-10 04:00:44.725000+00:00,318.41135,6701.611,0.00051143,25.765671944444442,-0.5128404967855038,-0.5411851874101707,300-350,storm_recovery,8.481143067845256
45565,2026-09-12 22:41:34.719000+00:00,0.00043547,15.830086,0.00095448,0.0007496,316.91568,326.96045,6700.075,spacetrack,2026-09-11 05:46:41.144000+00:00,317.86078,6701.03,0.00045769,40.914881944444446,-0.5543801893599041,-0.5601873673036568,300-350,storm_recovery,7.432515070667542
45565,2026-09-13 22:00:01.999000+00:00,0.00045022,15.83224,0.00099768,0.0007463,316.33044,326.33005,6699.4673,spacetrack,2026-09-12 22:41:34.719000+00:00,316.91568,6700.075,0.00043547,23.307577777777777,-0.6026263275367751,-0.6257535698924177,300-350,storm_recovery,6.145201238795967
45567,2026-09-08 21:13:06.871000+00:00,0.00053869,15.795324,0.00100586,0.0005807,327.86807,335.66098,6709.9014,spacetrack,2026-09-07 22:26:20.907000+00:00,328.41687,6710.4316,0.0004989,22.779434444444448,-0.5782057509866287,-0.5586091275021527,300-350,storm_main,30.651600425061766
45567,2026-09-09 21:30:50.151000+00:00,0.00046932,15.796961,0.00088074,0.0005856,327.3721,335.2302,6709.438,spacetrack,2026-09-08 21:13:06.871000+00:00,327.86807,6709.9014,0.00053869,24.295355555555556,-0.4899405556251719,-0.4577665049832192,300-350,storm_recovery,11.849529848411812
45567,2026-09-10 23:19:29.978000+00:00,0.00042017,15.798694,0.00079324,0.0005778,326.93396,334.68683,6708.9473,spacetrack,2026-09-09 21:30:50.151000+00:00,327.3721,6709.438,0.00046932,25.811063055555557,-0.40739740077215064,-0.4562694676565088,300-350,storm_recovery,8.978040004314687
45567,2026-09-11 22:05:49.843000+00:00,0.00040855,15.80012,0.00077598,0.0005649,326.61685,334.19617,6708.5435,spacetrack,2026-09-10 23:19:29.978000+00:00,326.93396,6708.9473,0.00042017,22.772184722222224,-0.33420772283537165,-0.4255718157135782,300-350,storm_recovery,8.202125790277893
45567,2026-09-12 22:23:06.212000+00:00,0.00043649,15.801826,0.00083668,0.0005712,326.09235,333.75565,6708.061,spacetrack,2026-09-11 22:05:49.843000+00:00,326.61685,6708.5435,0.00040855,24.28788027777778,-0.5182831871712221,-0.4767810063110727,300-350,storm_recovery,7.446511725572685
45567,2026-09-13 22:40:13.448000+00:00,0.00046814,15.803524,0.0009056,0.0005682,325.63208,333.25458,6707.5806,spacetrack,2026-09-12 22:23:06.212000+00:00,326.09235,6708.061,0.00043649,24.285343333333334,-0.45486200661774534,-0.47475548695092684,300-350,storm_recovery,6.0312497583704925
45573,2026-09-08 08:29:40.161000+00:00,0.0005388,15.80258,0.00104067,0.0006194,325.55563,333.8653,6707.8477,spacetrack,2026-09-07 06:41:21.532000+00:00,326.184,6708.4775,0.00038451,25.805174722222223,-0.5844130164719822,-0.5857429822777522,300-350,storm_main,27.41030927377841
45573,2026-09-09 05:44:34.589000+00:00,0.0004657,15.804446,0.00090483,0.0006113,325.08218,333.28253,6707.3193,spacetrack,2026-09-08 08:29:40.161000+00:00,325.55563,6707.8477,0.0005388,21.248452222222223,-0.5347589500244541,-0.596824647149629,300-350,storm_recovery,20.84759973628406
45573,2026-09-11 07:49:12.776000+00:00,0.000443,15.8080225,0.00087438,0.0005993,324.15167,332.18985,6706.3076,spacetrack,2026-09-09 05:44:34.589000+00:00,325.08218,6707.3193,0.0004657,50.07727416666667,-0.44595558307893,-0.4848666466786779,300-350,storm_recovery,10.1284783333216
45573,2026-09-12 21:45:00.346000+00:00,0.00045857,15.810708,0.00091725,0.0006228,323.23502,331.58746,6705.5483,spacetrack,2026-09-11 07:49:12.776000+00:00,324.15167,6706.3076,0.000443,37.929880555555556,-0.5800070993573915,-0.4804444341263276,300-350,storm_recovery,7.542314579453885
45573,2026-09-13 22:01:18.126000+00:00,0.00047217,15.812558,0.00095333,0.0006542,322.50183,331.2747,6705.0254,spacetrack,2026-09-12 21:45:00.346000+00:00,323.23502,6705.5483,0.00045857,24.271605555555556,-0.7249854139119019,-0.5170486135032781,300-350,storm_recovery,6.059126176014084
45578,2026-09-08 23:08:25.317000+00:00,0.00054739,15.799525,0.0010423,0.0005311,327.01205,334.13806,6708.712,spacetrack,2026-09-07 21:19:49.026000+00:00,327.6344,6709.33,0.00049352,25.810080833333334,-0.5787041155140754,-0.5746591843614954,300-350,storm_main,29.544129382004712
45578,2026-09-09 21:54:40.630000+00:00,0.00047849,15.801088,0.00091542,0.0005261,326.60342,333.66187,6708.2695,spacetrack,2026-09-08 23:08:25.317000+00:00,327.01205,6708.712,0.00054739,22.770920277777776,-0.430686150597516,-0.46638431255528645,300-350,storm_recovery,11.586266282386749
45578,2026-09-10 23:42:56.138000+00:00,0.00043183,15.802849,0.00083138,0.0005233,326.1241,333.14447,6707.7715,spacetrack,2026-09-09 21:54:40.630000+00:00,326.60342,6708.2695,0.00047849,25.80430777777778,-0.44580463460087394,-0.46317847790921574,300-350,storm_recovery,8.977248889149731
45578,2026-09-11 22:28:54.190000+00:00,0.00044553,15.80442,0.00086454,0.0005196,325.70462,332.67487,6707.3267,spacetrack,2026-09-10 23:42:56.138000+00:00,326.1241,6707.7715,0.00043183,22.766125555555554,-0.4422149028139646,-0.46890719169384953,300-350,storm_recovery,8.116660386218063
45578,2026-09-12 22:45:47.233000+00:00,0.00044026,15.806082,0.00086078,0.0005203,325.2301,332.20926,6706.8564,spacetrack,2026-09-11 22:28:54.190000+00:00,325.70462,6707.3267,0.00044553,24.281400833333336,-0.469020715821535,-0.4648496220409104,300-350,storm_recovery,7.399920879084371
45578,2026-09-13 21:31:28.263000+00:00,0.00046814,15.80775,0.00092346,0.0005122,324.81293,331.68295,6706.385,spacetrack,2026-09-12 22:45:47.233000+00:00,325.2301,6706.8564,0.00044026,22.76139722222222,-0.4398710633732562,-0.4970520873358847,300-350,storm_recovery,6.217591565544148
45582,2026-09-08 16:00:02+00:00,0.00062195,15.940801,0.00233036,0.0006891,286.2834,295.4746,6669.016,spacetrack,2026-09-07 16:00:02+00:00,287.4792,6670.359,0.0004702,24.0,-1.1958000000000197,-1.3430000000007567,250-300,storm_main,30.95872685185185
45582,2026-09-09 16:00:02+00:00,0.00049558,15.945114,0.00189353,0.000665,285.2421,294.1103,6667.813,spacetrack,2026-09-08 16:00:02+00:00,286.2834,6669.016,0.00062195,24.0,-1.0412999999999784,-1.2029999999995198,250-300,storm_recovery,13.874444444444444
45582,2026-09-10 22:00:03.999000+00:00,0.00061273,15.950598,0.0024201,0.0006418,283.86945,292.4263,6666.2847,spacetrack,2026-09-09 16:00:02+00:00,285.2421,6667.813,0.00049558,30.000555277777778,-1.0980996749884402,-1.222617370258075,250-300,storm_recovery,9.899983314197732
45582,2026-09-11 22:00:01.999000+00:00,0.0005911,15.954944,0.00238945,0.0006241,282.7776,291.09692,6665.074,spacetrack,2026-09-10 22:00:03.999000+00:00,283.86945,6666.2847,0.00061273,23.999444444444446,-1.0918752748905878,-1.2107280261122584,250-300,storm_recovery,8.416468031667401
45582,2026-09-12 22:00:02+00:00,0.00058139,15.959504,0.00240916,0.0006048,281.63733,289.69788,6663.8047,spacetrack,2026-09-11 22:00:01.999000+00:00,282.7776,6665.074,0.0005911,24.00000027777778,-1.1402699868024175,-1.2692999853089582,250-300,storm_recovery,7.4999305497693225
45582,2026-09-13 22:00:01.999000+00:00,0.00055004,15.964373,0.00233945,0.0005846,280.41766,288.2074,6662.4497,spacetrack,2026-09-12 22:00:02+00:00,281.63733,6663.8047,0.00058139,23.99999972222222,-1.2196700141165588,-1.3550000156824342,250-300,storm_recovery,6.083310220871646
45586,2026-09-08 21:08:56.642000+00:00,0.00059233,15.807769,0.00117402,0.0005601,324.48633,331.9988,6706.3794,spacetrack,2026-09-07 07:12:40.396000+00:00,325.44052,6707.337,0.00040725,37.937846111111114,-0.6036336362620371,-0.6057908488717371,300-350,storm_main,27.63557069799678
45586,2026-09-09 06:15:10.451000+00:00,0.00047568,15.8085165,0.00094215,0.0005586,324.2849,331.77704,6706.168,spacetrack,2026-09-08 21:08:56.642000+00:00,324.48633,6706.3794,0.00059233,9.103835833333333,-0.5310201203650573,-0.5573035468660988,300-350,storm_recovery,10.549412459198747
45586,2026-09-11 05:16:58.077000+00:00,0.00045062,15.812208,0.00090714,0.0005394,323.37045,330.60394,6705.124,spacetrack,2026-09-09 06:15:10.451000+00:00,324.2849,6706.168,0.00047568,47.02989611111111,-0.46665635722751775,-0.5327674962496296,300-350,storm_recovery,10.248074094429745
45586,2026-09-12 05:33:07.329000+00:00,0.00045261,15.814093,0.00091933,0.0005418,322.822,330.08707,6704.5913,spacetrack,2026-09-11 05:16:58.077000+00:00,323.37045,6705.124,0.00045062,24.269236666666664,-0.5423656368261024,-0.5267903632730926,300-350,storm_recovery,7.446725147652633
45586,2026-09-13 04:18:06.247000+00:00,0.00043339,15.815915,0.00088714,0.0005348,322.35406,329.52475,6704.0767,spacetrack,2026-09-12 05:33:07.329000+00:00,322.822,6704.5913,0.00045261,22.749699444444445,-0.4936575108354897,-0.5428818974145295,300-350,storm_recovery,8.024620593888676
45589,2026-09-08 11:12:02.477000+00:00,0.00042608,15.812598,0.00085822,0.0004668,323.74698,330.00677,6705.0137,spacetrack,2026-09-07 16:59:50.370000+00:00,324.55734,6705.4214,0.00045418,18.203363055555556,-1.068409169264163,-0.5375270476192436,300-350,storm_main,32.43800972247085
45589,2026-09-12 09:13:25.984000+00:00,0.0004951,15.820537,0.00103825,0.0004746,321.45264,327.8149,6702.771,spacetrack,2026-09-11 07:26:51.608000+00:00,322.0651,6703.469,0.00041826,25.776215555555556,-0.5702559387866338,-0.649901455235042,300-350,storm_recovery,8.237398007827544
45589,2026-09-13 22:00:01.999000+00:00,0.0006337,15.823475,0.00135392,0.0003663,321.3491,326.25894,6701.941,spacetrack,2026-09-12 09:13:25.984000+00:00,321.45264,6702.771,0.0004951,36.776670833333334,-0.06756892191956013,-0.5416477225541396,300-350,storm_recovery,6.0632651292412385
45590,2026-09-09 18:32:05.196000+00:00,0.00037924,15.742881,0.00055543,0.0004126,343.88303,349.4323,6724.7944,spacetrack,2026-09-07 19:17:58.262000+00:00,345.07394,6725.498,0.00039587,47.235259444444445,-0.6050954379453719,-0.3574956546995713,300-350,storm_recovery,21.910214893965684
45590,2026-09-10 08:14:48.746000+00:00,0.00040767,15.743585,0.0005997,0.000411,343.6937,349.2213,6724.5947,spacetrack,2026-09-09 18:32:05.196000+00:00,343.88303,6724.7944,0.00037924,13.712097222222223,-0.33138038086814114,-0.34953077726400217,300-350,storm_recovery,11.720050158467128
45590,2026-09-11 17:45:46.643000+00:00,0.00041234,15.745159,0.00061093,0.0004343,343.0887,348.9293,6724.146,spacetrack,2026-09-10 08:14:48.746000+00:00,343.6937,6724.5947,0.00040767,33.516082499999996,-0.43322485555998597,-0.3213024672557722,300-350,storm_recovery,8.34971154851141
45590,2026-09-12 07:28:23.190000+00:00,0.000407,15.745813,0.00060461,0.0004305,342.92807,348.7174,6723.96,spacetrack,2026-09-11 17:45:46.643000+00:00,343.0887,6724.146,0.00041234,13.710151944444444,-0.2811872556644258,-0.32559814202508125,300-350,storm_recovery,7.185834778920009
45590,2026-09-13 16:59:03.717000+00:00,0.0004272,15.747456,0.00063979,0.0004385,342.40698,348.30347,6723.492,spacetrack,2026-09-12 07:28:23.190000+00:00,342.92807,6723.96,0.000407,33.5112575,-0.3731927994644893,-0.3351709496427084,300-350,storm_recovery,7.007819337526601
45665,2026-09-08 16:00:02+00:00,0.00058339,15.896943,0.00173226,0.0007221,298.3148,307.9639,6681.2764,spacetrack,2026-09-07 10:18:44.822000+00:00,299.52417,6682.5776,0.00046973,29.688105,-0.9776602447344096,-1.051896037150136,250-300,storm_main,28.81913485777104
45665,2026-09-09 16:00:02+00:00,0.00044563,15.900452,0.00133921,0.0007135,297.3899,306.92267,6680.2935,spacetrack,2026-09-08 16:00:02+00:00,298.3148,6681.2764,0.00058339,24.0,-0.9248999999999796,-0.9828999999999724,250-300,storm_recovery,13.874444444444444
45665,2026-09-10 22:00:03.999000+00:00,0.00031744,15.907572,0.00097986,0.0006608,295.74994,304.576,6678.3,spacetrack,2026-09-09 16:00:02+00:00,297.3899,6680.2935,0.00044563,30.000555277777778,-1.311943716893635,-1.5947704819793582,250-300,storm_recovery,9.899983314197732
45665,2026-09-11 22:00:01.999000+00:00,0.00057147,15.91072,0.00182142,0.0006524,294.92563,303.6383,6677.419,spacetrack,2026-09-10 22:00:03.999000+00:00,295.74994,6678.3,0.00031744,23.999444444444446,-0.8243290816916743,-0.8810203939909145,250-300,storm_recovery,8.416468031667401
45665,2026-09-12 22:00:02+00:00,0.00059887,15.9144,0.0019474,0.0006334,294.02365,302.4813,6676.3896,spacetrack,2026-09-11 22:00:01.999000+00:00,294.92563,6677.419,0.00057147,24.00000027777778,-0.9019799895604541,-1.0293999880850895,250-300,storm_recovery,7.4999305497693225
45665,2026-09-13 22:00:01.999000+00:00,0.00053842,15.918266,0.00178318,0.0006139,293.07324,301.2692,6675.308,spacetrack,2026-09-12 22:00:02+00:00,294.02365,6676.3896,0.00059887,23.99999972222222,-0.9504100110000926,-1.0816000125189538,250-300,storm_recovery,6.083310220871646
45670,2026-09-08 16:00:02+00:00,0.0008988,15.937956,0.00333139,0.0007072,286.9555,296.38928,6669.8096,spacetrack,2026-09-07 16:00:02+00:00,288.3188,6671.3784,0.00073549,24.0,-1.363300000000038,-1.5688000000000102,250-300,storm_main,30.95872685185185
45670,2026-09-09 16:00:02+00:00,0.00074935,15.943123,0.00284991,0.0006829,285.67752,294.78516,6668.368,spacetrack,2026-09-08 16:00:02+00:00,286.9555,6669.8096,0.0008988,24.0,-1.2779799999999568,-1.4415999999991982,250-300,storm_recovery,13.874444444444444
45670,2026-09-10 22:00:03.999000+00:00,0.0013685,15.952365,0.00548853,0.0004925,284.3726,290.9384,6665.7925,spacetrack,2026-09-09 16:00:02+00:00,285.67752,6668.368,0.00074935,30.000555277777778,-1.0439166778755946,-2.0603618642287507,250-300,storm_recovery,9.899983314197732
45670,2026-09-11 22:00:01.999000+00:00,0.0023928,15.970453,0.01055095,0.0002261,281.11533,284.12732,6660.7583,spacetrack,2026-09-10 22:00:03.999000+00:00,284.3726,6665.7925,0.0013685,23.999444444444446,-3.2573454015139296,-5.034316535104125,250-300,storm_recovery,8.416468031667401
45670,2026-09-12 22:00:02+00:00,0.0020985,15.992332,0.01045269,0.000101,275.87277,277.217,6654.682,spacetrack,2026-09-11 22:00:01.999000+00:00,281.11533,6660.7583,0.0023928,24.00000027777778,-5.2425599393221916,-6.076299929673082,250-300,storm_recovery,7.4999305497693225
45670,2026-09-13 22:55:24.593000+00:00,0.0015218,16.014448,0.00862638,0.0002046,269.05643,271.77704,6648.5537,spacetrack,2026-09-12 22:00:02+00:00,275.87277,6654.682,0.0020985,24.922942499999998,-6.563918365578246,-5.901357755007684,250-300,storm_recovery,5.96912952571489
45671,2026-09-08 16:00:02+00:00,0.00066,15.876613,0.00183455,0.0006917,304.21634,313.4671,6686.9785,spacetrack,2026-09-07 15:51:16.153000+00:00,305.30112,6688.11,0.00071372,24.146068611111108,-1.078217759557776,-1.124655132781821,300-350,storm_main,30.904532158311902
45671,2026-09-09 16:00:02+00:00,0.00046216,15.87991,0.00129559,0.000685,303.336,312.4959,6686.0527,spacetrack,2026-09-08 16:00:02+00:00,304.21634,6686.9785,0.00066,24.0,-0.8803399999999897,-0.9257999999999811,300-350,storm_recovery,13.874444444444444
45671,2026-09-10 22:00:03.999000+00:00,0.00068712,15.883629,0.00198119,0.00067,302.3933,311.35123,6685.0093,spacetrack,2026-09-09 16:00:02+00:00,303.336,6686.0527,0.00046216,30.000555277777778,-0.7541460413154035,-0.8347045502374544,300-350,storm_recovery,9.899983314197732
45671,2026-09-11 22:00:01.999000+00:00,0.00059806,15.886792,0.00174623,0.0006626,301.55612,310.4139,6684.122,spacetrack,2026-09-10 22:00:03.999000+00:00,302.3933,6685.0093,0.00068712,23.999444444444446,-0.8371993796152581,-0.8873205398267243,300-350,storm_recovery,8.416468031667401
45671,2026-09-12 22:00:02+00:00,0.0006239,15.889911,0.00185294,0.000655,300.73285,309.4879,6683.2476,spacetrack,2026-09-11 22:00:01.999000+00:00,301.55612,6684.122,0.00059806,24.00000027777778,-0.8232699904714484,-0.874399989880235,300-350,storm_recovery,7.4999305497693225
45671,2026-09-13 22:00:01.999000+00:00,0.00060552,15.894052,0.00183551,0.0006307,299.73514,308.16394,6682.0864,spacetrack,2026-09-12 22:00:02+00:00,300.73285,6683.2476,0.0006239,23.99999972222222,-0.9977100115475533,-1.1612000134393683,300-350,storm_recovery,6.083310220871646
45673,2026-09-08 07:35:18.278000+00:00,0.00054533,15.797343,0.00102822,0.0006243,327.00406,335.38132,6709.3296,spacetrack,2026-09-07 05:46:28.997000+00:00,327.5468,6709.9307,0.00040369,25.813689166666666,-0.504606680428349,-0.5588662630456371,300-350,storm_main,26.258186211512815
45673,2026-09-09 15:28:15.397000+00:00,0.0004527,15.799911,0.00086079,0.0006201,326.30588,334.6259,6708.603,spacetrack,2026-09-08 07:35:18.278000+00:00,327.00406,6709.3296,0.00054533,31.88253305555556,-0.5255642633789946,-0.5469577956560899,300-350,storm_recovery,18.625259368986253
45673,2026-09-11 06:56:15.938000+00:00,0.00045299,15.802865,0.00087322,0.0006055,325.56808,333.6912,6707.7666,spacetrack,2026-09-09 15:28:15.397000+00:00,326.30588,6708.603,0.0004527,39.466816944444446,-0.44866045379148284,-0.5086196849434298,300-350,storm_recovery,9.997320273435614
45673,2026-09-12 07:13:17.133000+00:00,0.00043872,15.804657,0.00085226,0.0005939,325.13922,333.1061,6707.26,spacetrack,2026-09-11 06:56:15.938000+00:00,325.56808,6707.7666,0.00045299,24.28366527777778,-0.423850348877052,-0.500682243018695,300-350,storm_recovery,7.688082586837207
45673,2026-09-13 21:09:32.378000+00:00,0.00050819,15.807631,0.00100382,0.0006161,324.14978,332.41342,6706.4185,spacetrack,2026-09-12 07:13:17.133000+00:00,325.13922,6707.26,0.00043872,37.93756805555555,-0.6259378557219514,-0.532348303677134,300-350,storm_recovery,6.567516236196392
45675,2026-09-08 13:39:55.750000+00:00,0.00056905,15.752226,0.00087518,0.0005886,340.0412,347.9545,6722.135,spacetrack,2026-09-07 19:23:32.340000+00:00,340.5636,6722.535,0.00051369,18.273169444444445,-0.6861207103736398,-0.5253604214188435,300-350,storm_main,32.454585738258324
45675,2026-09-09 09:27:34.778000+00:00,0.00047745,15.753566,0.00073629,0.0005536,339.89563,347.33795,6721.754,spacetrack,2026-09-08 13:39:55.750000+00:00,340.0412,6722.135,0.00056905,19.794174444444447,-0.17650041479658943,-0.46195409794288833,300-350,storm_recovery,16.160069373946556
45675,2026-09-10 23:31:15.447000+00:00,0.00046903,15.755907,0.00073065,0.000556,339.21393,346.68777,6721.088,spacetrack,2026-09-09 09:27:34.778000+00:00,339.89563,6721.754,0.00047745,38.06129694444444,-0.42985398064286273,-0.41995416034652744,300-350,storm_recovery,10.42359549419511
45675,2026-09-11 08:39:16.830000+00:00,0.00046345,15.756697,0.000724,0.0003828,340.1536,345.2991,6720.8633,spacetrack,2026-09-10 23:31:15.447000+00:00,339.21393,6721.088,0.00046903,9.133717500000001,2.4691019839402166,-0.5904277201472639,300-350,storm_recovery,8.94231291913725
45679,2026-09-08 09:50:50.324000+00:00,0.00052821,15.774292,0.00089572,0.0006428,333.41043,342.04437,6715.8643,spacetrack,2026-09-07 21:40:56.705000+00:00,334.1956,6716.1157,0.0004949,12.164894166666667,-1.5490541670008926,-0.49598458624780306,300-350,storm_main,34.712723970129076
45679,2026-09-09 14:44:09.728000+00:00,0.00043364,15.77628,0.00073912,0.0005469,333.49048,340.83566,6715.3003,spacetrack,2026-09-08 09:50:50.324000+00:00,333.41043,6715.8643,0.00052821,28.88872333333333,0.06650345803902435,-0.46855653134345276,300-350,storm_recovery,16.917273564375428
45679,2026-09-11 06:15:45.597000+00:00,0.00040673,15.778696,0.00070005,0.0005356,332.88144,340.07416,6714.6147,spacetrack,2026-09-09 14:44:09.728000+00:00,333.49048,6715.3003,0.00043364,39.52663027777778,-0.36980030671164044,-0.4162864348506299,300-350,storm_recovery,10.138571528032202
45679,2026-09-12 06:35:01.571000+00:00,0.00040021,15.780196,0.00069336,0.0005419,332.4139,339.69077,6714.1895,spacetrack,2026-09-11 06:15:45.597000+00:00,332.88144,6714.6147,0.00040673,24.32110388888889,-0.46136721635920286,-0.4195862180685933,300-350,storm_recovery,7.449520040745592
45679,2026-09-13 20:34:50.810000+00:00,0.00046225,15.78261,0.00081175,0.0005249,331.8436,338.89142,6713.5044,spacetrack,2026-09-12 06:35:01.571000+00:00,332.4139,6714.1895,0.00040021,37.997010833333334,-0.36021780923865454,-0.43272877627495276,300-350,storm_recovery,6.774349077269155
45685,2026-09-08 07:09:41.585000+00:00,0.00050016,15.731106,0.0006995,0.0005383,346.39127,353.6348,6728.15,spacetrack,2026-09-07 22:00:46.543000+00:00,346.62332,6728.3022,0.00045801,9.148622777777778,-0.6087473639777475,-0.39927321179789976,300-350,storm_main,32.391842828073514
45685,2026-09-10 14:02:49.561000+00:00,0.000422,15.733983,0.00059581,0.000524,345.66782,352.71805,6727.33,spacetrack,2026-09-08 07:09:41.585000+00:00,346.39127,6728.15,0.00050016,54.885548888888884,-0.31634556548117687,-0.3585643288333236,300-350,storm_recovery,15.881583649604266
45685,2026-09-11 06:48:56.833000+00:00,0.00039037,15.734785,0.0005523,0.0005219,345.45337,352.47513,6727.101,spacetrack,2026-09-10 14:02:49.561000+00:00,345.66782,6727.33,0.000422,16.768686666666667,-0.30692922482897594,-0.3277537537230978,300-350,storm_recovery,8.138432178946234
45685,2026-09-12 23:58:17.984000+00:00,0.00040448,15.736793,0.00057766,0.0005198,344.89575,351.88864,6726.5293,spacetrack,2026-09-11 06:48:56.833000+00:00,345.45337,6727.101,0.00039037,41.15587527777778,-0.3251754435951889,-0.33338617894482764,300-350,storm_recovery,7.3134619344311105
45685,2026-09-13 04:32:39.136000+00:00,0.00037551,15.737003,0.00053605,0.000515,344.868,351.7963,6726.469,spacetrack,2026-09-12 23:58:17.984000+00:00,344.89575,6726.5293,0.00040448,4.572542222222221,-0.1456520175503051,-0.3164978975960142,300-350,storm_recovery,10.995287814607385
45695,2026-09-08 08:04:16.150000+00:00,0.00071454,15.842931,0.00168333,0.0007031,313.60773,323.02426,6696.453,spacetrack,2026-09-07 21:28:22.253000+00:00,314.27667,6696.831,0.00056762,10.598304722222222,-1.5148234006083774,-0.8559859560341694,300-350,storm_main,33.711447719219876
45695,2026-09-09 06:46:44.411000+00:00,0.00047754,15.845354,0.00112868,0.0007323,312.73004,322.53668,6695.7705,spacetrack,2026-09-08 08:04:16.150000+00:00,313.60773,6696.453,0.00071454,22.707850277777776,-0.9276333841523866,-0.7213364453106734,300-350,storm_recovery,20.7679585869111
45695,2026-09-10 22:00:03.999000+00:00,0.00051838,15.84947,0.00125159,0.0006412,312.1813,320.76648,6694.611,spacetrack,2026-09-09 06:46:44.411000+00:00,312.73004,6695.7705,0.00047754,39.22210777777777,-0.3357738975838648,-0.7094978209141704,300-350,storm_recovery,10.300372044994917
45695,2026-09-11 20:49:48.052000+00:00,0.00053499,15.851731,0.00130679,0.000616,311.7138,319.9608,6693.974,spacetrack,2026-09-10 22:00:03.999000+00:00,312.1813,6694.611,0.00051838,22.828903611111112,-0.4914822100584714,-0.6696773642932343,300-350,storm_recovery,8.511434937383777
45695,2026-09-12 22:33:04.876000+00:00,0.00048474,15.854189,0.00119605,0.0006218,310.98364,319.3074,6693.2827,spacetrack,2026-09-11 20:49:48.052000+00:00,311.7138,6693.974,0.00053499,25.721339999999998,-0.6812957645286091,-0.6450363783539212,300-350,storm_recovery,7.382405426777921
45695,2026-09-13 22:00:01.999000+00:00,0.0005341,15.856793,0.00133745,0.0006097,310.3321,318.493,6692.5493,spacetrack,2026-09-12 22:33:04.876000+00:00,310.98364,6693.2827,0.00048474,23.449200833333336,-0.6668440477413103,-0.750626860382418,300-350,storm_recovery,6.132245148889996
45697,2026-09-08 20:20:58.785000+00:00,0.00052947,15.764765,0.00086002,0.0005924,336.4529,344.41306,6718.57,spacetrack,2026-09-07 21:31:34.382000+00:00,336.88736,6719.029,0.00049788,22.82344527777778,-0.4568565294632533,-0.48266157304233215,300-350,storm_main,31.30140860391817
45697,2026-09-11 06:09:35.520000+00:00,0.00040088,15.768131,0.00065777,0.0005904,335.51065,343.4428,6717.614,spacetrack,2026-09-08 20:20:58.785000+00:00,336.4529,6718.57,0.00052947,57.810204166666665,-0.39117661537405973,-0.3968849501699675,300-350,storm_recovery,10.408443823606978
45697,2026-09-12 04:58:34.752000+00:00,0.00039336,15.769437,0.00064898,0.0005778,335.22467,342.98712,6717.2427,spacetrack,2026-09-11 06:09:35.520000+00:00,335.51065,6717.614,0.00040088,22.816453333333335,-0.30081449994564796,-0.3905602623601596,300-350,storm_recovery,7.180243029299323
45697,2026-09-13 03:47:27.099000+00:00,0.00038893,15.770765,0.00064541,0.0005799,334.8335,342.62372,6716.8657,spacetrack,2026-09-12 04:58:34.752000+00:00,335.22467,6717.2427,0.00039336,22.814540833333332,-0.41149546110010693,-0.39658917819500067,300-350,storm_recovery,7.893037769881336
45700,2026-09-08 21:49:49.609000+00:00,0.00056572,15.841123,0.00131343,0.0005757,314.97003,322.6809,6696.9624,spacetrack,2026-09-07 21:36:07.517000+00:00,315.62332,6697.7124,0.00052231,24.22835888888889,-0.6471325636169951,-0.7429310454970514,300-350,storm_main,30.30291443823659
45700,2026-09-09 22:03:18.281000+00:00,0.00050038,15.843365,0.00117148,0.000566,314.40347,321.9837,6696.3306,spacetrack,2026-09-08 21:49:49.609000+00:00,314.97003,6696.9624,0.00056572,24.224631111111112,-0.5613063801728156,-0.6259414201377781,300-350,storm_recovery,11.773315811987137
45700,2026-09-10 22:16:33.411000+00:00,0.00044982,15.846056,0.00106473,0.0005634,313.66336,321.20792,6695.5728,spacetrack,2026-09-09 22:03:18.281000+00:00,314.40347,6696.3306,0.00050038,24.220869444444446,-0.7333609572002627,-0.7508896425755347,300-350,storm_recovery,8.779636660900673
45700,2026-09-11 22:00:01.999000+00:00,0.00050886,15.848438,0.0012215,0.0005547,313.05087,320.4782,6694.9014,spacetrack,2026-09-10 22:16:33.411000+00:00,313.66336,6695.5728,0.00044982,23.724607777777777,-0.6195997058282144,-0.6791935255973933,300-350,storm_recovery,8.374954764502137
45700,2026-09-12 22:42:23.252000+00:00,0.00046763,15.850628,0.00113261,0.0005347,312.56857,319.72745,6694.285,spacetrack,2026-09-11 22:00:01.999000+00:00,313.05087,6694.9014,0.00050886,24.70590361111111,-0.46851959686239064,-0.5987880562014353,300-350,storm_recovery,7.399929647944132
45700,2026-09-13 22:54:59.206000+00:00,0.00048799,15.853,0.0011967,0.0005181,312.0124,318.9483,6693.617,spacetrack,2026-09-12 22:42:23.252000+00:00,312.56857,6694.285,0.00046763,24.20998722222222,-0.5513460159015728,-0.6622060496288192,300-350,storm_recovery,6.027409326504532
45703,2026-09-08 16:00:02+00:00,0.00065512,15.955774,0.00265871,9.13e-05,286.09753,287.3145,6664.8433,spacetrack,2026-09-07 16:00:02+00:00,287.57352,6666.419,0.00059389,24.0,-1.4759899999999675,-1.575699999999415,250-300,storm_main,30.95872685185185
45703,2026-09-09 16:00:02+00:00,0.00051291,15.960594,0.00213014,7.32e-05,284.8764,285.85193,6663.501,spacetrack,2026-09-08 16:00:02+00:00,286.09753,6664.8433,0.00065512,24.0,-1.2211300000000165,-1.3423000000002503,250-300,storm_recovery,13.874444444444444
45703,2026-09-10 22:00:03.999000+00:00,0.00050754,15.966529,0.00217814,3.84e-05,283.45685,283.96848,6661.8496,spacetrack,2026-09-09 16:00:02+00:00,284.8764,6663.501,0.00051291,30.000555277777778,-1.1356189805338817,-1.3210955475005242,250-300,storm_recovery,9.899983314197732
45703,2026-09-11 22:00:01.999000+00:00,0.00049247,15.971133,0.00216763,6.1e-05,282.02606,282.83862,6660.5693,spacetrack,2026-09-10 22:00:03.999000+00:00,283.45685,6661.8496,0.00050754,23.999444444444446,-1.4308231209055782,-1.2803296372595643,250-300,storm_recovery,8.416468031667401
45703,2026-09-12 22:00:02+00:00,0.00053271,15.976138,0.00241458,0.0001043,280.3467,281.7358,6659.178,spacetrack,2026-09-11 22:00:01.999000+00:00,282.02606,6660.5693,0.00049247,24.00000027777778,-1.6793599805629373,-1.3912999838972193,250-300,storm_recovery,7.4999305497693225
45703,2026-09-13 22:00:01.999000+00:00,0.00061229,15.981266,0.00286203,0.0001542,278.59003,280.64328,6657.7534,spacetrack,2026-09-12 22:00:02+00:00,280.3467,6659.178,0.00053271,23.99999972222222,-1.7566700203318146,-1.4246000164887085,250-300,storm_recovery,6.083310220871646
45710,2026-09-10 02:20:40.368000+00:00,0.00052295,15.818895,0.00109043,0.0007339,320.17798,330.017,6703.2344,spacetrack,2026-09-08 20:00:59.591000+00:00,320.79483,6703.9727,0.00058555,30.32799361111111,-0.4881430730246584,-0.5842522992852337,300-350,storm_recovery,11.998362596375369
45710,2026-09-13 22:00:01.999000+00:00,0.00044541,15.827261,0.00096339,0.0007129,317.95813,327.5122,6700.872,spacetrack,2026-09-12 22:33:44.899000+00:00,318.66214,6701.5024,0.00043488,23.438083333333335,-0.7208882978912927,-0.6455135338853877,300-350,storm_recovery,6.13325654709631
45711,2026-09-08 16:00:02+00:00,0.00076136,15.9160595,0.00250681,0.0006425,293.49918,302.07773,6675.9253,spacetrack,2026-09-07 16:00:02+00:00,294.59232,6677.145,0.00067584,24.0,-1.0931399999999485,-1.2197000000005573,250-300,storm_main,30.95872685185185
45711,2026-09-09 16:00:02+00:00,0.0006679,15.920128,0.00224221,0.0006197,292.51462,300.78735,6674.788,spacetrack,2026-09-08 16:00:02+00:00,293.49918,6675.9253,0.00076136,24.0,-0.9845600000000445,-1.137300000000323,250-300,storm_recovery,13.874444444444444
45711,2026-09-10 22:00:03.999000+00:00,0.00049725,15.925841,0.00171177,0.0006116,290.97308,299.13574,6673.1914,spacetrack,2026-09-09 16:00:02+00:00,292.51462,6674.788,0.0006679,30.000555277777778,-1.2332091742116718,-1.2772563589307944,250-300,storm_recovery,9.899983314197732
45711,2026-09-11 22:00:01.999000+00:00,0.00051446,15.929717,0.00180905,0.0005882,290.04758,297.89664,6672.109,spacetrack,2026-09-10 22:00:03.999000+00:00,290.97308,6673.1914,0.00049725,23.999444444444446,-0.9255214241070389,-1.0824250561348834,250-300,storm_recovery,8.416468031667401
45711,2026-09-12 22:00:02+00:00,0.00049035,15.933737,0.00176001,0.0005601,289.1135,296.58633,6670.987,spacetrack,2026-09-11 22:00:01.999000+00:00,290.04758,6672.109,0.00051446,24.00000027777778,-0.9340799891888834,-1.1219999870141872,250-300,storm_recovery,7.4999305497693225
45711,2026-09-13 22:00:01.999000+00:00,0.00046911,15.93796,0.00172093,0.0005435,288.04645,295.29654,6669.8086,spacetrack,2026-09-12 22:00:02+00:00,289.1135,6670.987,0.00049035,23.99999972222222,-1.0670500123501108,-1.1784000136386723,250-300,storm_recovery,6.083310220871646
45731,2026-09-08 16:31:50.969000+00:00,0.00058951,15.81249,0.00119348,8.26e-05,326.3536,327.46127,6705.0444,spacetrack,2026-09-07 19:17:34.591000+00:00,326.74615,6705.631,0.00048942,21.237882777777777,-0.44360354083216513,-0.6628909363198846,300-350,storm_main,32.24392651715728
45731,2026-09-09 22:51:57.419000+00:00,0.0004817,15.815183,0.0009838,0.0001487,325.14957,327.14343,6704.2837,spacetrack,2026-09-08 16:31:50.969000+00:00,326.3536,6705.0444,0.00058951,30.335124999999998,-0.952582855682966,-0.601836979409037,300-350,storm_recovery,13.505440722594683
45731,2026-09-10 15:32:53.144000+00:00,0.000559,15.816912,0.00115437,0.0001587,324.59402,326.7218,6703.795,spacetrack,2026-09-09 22:51:57.419000+00:00,325.14957,6704.2837,0.0004817,16.682145833333333,-0.7992496968440309,-0.7030750190758615,300-350,storm_recovery,9.791850685342654
45731,2026-09-11 15:48:35.477000+00:00,0.00057102,15.819095,0.00119193,0.0001166,324.2594,325.82257,6703.178,spacetrack,2026-09-10 15:32:53.144000+00:00,324.59402,6703.795,0.000559,24.261759166666668,-0.3310097979635789,-0.6103432112354537,300-350,storm_recovery,8.49561852212031
45731,2026-09-12 17:35:04.330000+00:00,0.00050764,15.821223,0.0010679,0.0001489,323.44174,325.43777,6702.5767,spacetrack,2026-09-11 15:48:35.477000+00:00,324.2594,6703.178,0.00057102,25.77468138888889,-0.7613611087530523,-0.5598982886448965,300-350,storm_recovery,7.52923185719302
45731,2026-09-13 08:44:40.078000+00:00,0.00045771,15.822446,0.00096658,0.0001697,322.9573,325.23206,6702.2314,spacetrack,2026-09-12 17:35:04.330000+00:00,323.44174,6702.5767,0.00050764,15.15993,-0.7669270240693826,-0.5466516006339639,300-350,storm_recovery,7.736749590678995
45741,2026-09-08 20:08:37.353000+00:00,0.00056734,15.755942,0.00088642,0.0003333,340.70056,345.18085,6721.0776,spacetrack,2026-09-07 19:47:05.489000+00:00,341.329,6721.5967,0.00049934,24.35885111111111,-0.619181911790597,-0.5114526930347563,300-350,storm_main,31.239752093763226
45741,2026-09-09 15:56:00.124000+00:00,0.00056776,15.757041,0.00089153,0.0003842,340.04626,345.21048,6720.765,spacetrack,2026-09-08 20:08:37.353000+00:00,340.70056,6721.0776,0.00056734,19.789658611111108,-0.7935053508797139,-0.37910709565099454,300-350,storm_recovery,11.210141798106084
45741,2026-09-10 16:17:16.163000+00:00,0.00044508,15.758596,0.00070068,0.0003634,339.74402,344.62833,6720.323,spacetrack,2026-09-09 15:56:00.124000+00:00,340.04626,6720.765,0.00056776,24.354455277777777,-0.2978411923924104,-0.43556712227842126,300-350,storm_recovery,10.898974975363565
45741,2026-09-11 16:38:24.105000+00:00,0.00017509,15.759855,0.00027182,0.0003639,339.3827,344.27347,6719.965,spacetrack,2026-09-10 16:17:16.163000+00:00,339.74402,6720.323,0.00044508,24.35220611111111,-0.35609422655316914,-0.35282224373437543,300-350,storm_recovery,8.516725703450412
45741,2026-09-12 15:28:05.192000+00:00,0.00047778,15.761453,0.00076283,0.0004105,338.6157,344.1324,6719.511,spacetrack,2026-09-11 16:38:24.105000+00:00,339.3827,6719.965,0.00017509,22.82807972222222,-0.8063753160140076,-0.47730690152560423,300-350,storm_recovery,7.819333540818219
45741,2026-09-13 08:12:26.895000+00:00,0.00040297,15.762342,0.00064406,0.0004551,338.06323,344.1791,6719.2583,spacetrack,2026-09-12 15:28:05.192000+00:00,338.6157,6719.511,0.00047778,16.739361944444443,-0.7921018760455945,-0.3623077163949445,300-350,storm_recovery,7.414365720796174
45755,2026-09-08 13:17:00.087000+00:00,0.00059555,15.858079,0.00150293,0.0002717,312.2325,315.86905,6692.188,spacetrack,2026-09-07 17:37:08.351000+00:00,313.06738,6692.8984,0.00051779,19.664371111111112,-1.0189555458846193,-0.8670300160458626,300-350,storm_main,32.0689718924254
45755,2026-09-09 14:00:02+00:00,0.0004714,15.860996,0.001201,0.0003135,311.1326,315.3281,6691.367,spacetrack,2026-09-08 13:17:00.087000+00:00,312.2325,6692.188,0.00059555,24.717198055555556,-1.0679851308658561,-0.7971777365585797,300-350,storm_recovery,15.486091943201986
45755,2026-09-10 22:00:03.999000+00:00,0.00049983,15.864652,0.00129841,0.0003493,309.86545,314.5393,6690.3394,spacetrack,2026-09-09 14:00:02+00:00,311.1326,6691.367,0.0004714,32.00055527777778,-0.9503460091868832,-0.7706866267140907,300-350,storm_recovery,10.125032535242726
45755,2026-09-11 22:00:01.999000+00:00,0.00043616,15.867097,0.00114375,0.0003761,308.99908,314.03104,6689.652,spacetrack,2026-09-10 22:00:03.999000+00:00,309.86545,6690.3394,0.00049983,23.999444444444446,-0.8663900553253724,-0.6874159124051774,300-350,storm_recovery,8.416468031667401
45755,2026-09-12 22:00:02+00:00,0.00037104,15.869671,0.00098252,0.0004016,308.10547,313.478,6688.9287,spacetrack,2026-09-11 22:00:01.999000+00:00,308.99908,6689.652,0.00043616,24.00000027777778,-0.8936099896572586,-0.723299991628126,300-350,storm_recovery,7.4999305497693225
45755,2026-09-13 20:00:01.999000+00:00,0.00058634,15.87331,0.00159646,0.0004133,307.00504,312.53326,6687.9062,spacetrack,2026-09-12 22:00:02+00:00,308.10547,6688.9287,0.00037104,21.99999972222222,-1.200469106066548,-1.1154545595386074,300-350,storm_recovery,6.409040459710107
45759,2026-09-08 20:28:49.957000+00:00,0.00058897,15.754122,0.00091357,0.0004076,340.71878,346.1982,6721.5957,spacetrack,2026-09-07 14:01:40.892000+00:00,341.48206,6722.2334,0.0004675,30.452518055555558,-0.6015502549438031,-0.5025791289930205,300-350,storm_main,29.383047050524418
45759,2026-09-09 22:21:42.976000+00:00,0.00051298,15.755774,0.00079964,0.0004391,340.03754,345.94003,6721.126,spacetrack,2026-09-08 20:28:49.957000+00:00,340.71878,6721.5957,0.00058897,25.881394166666666,-0.6317186738362552,-0.435556134549741,300-350,storm_recovery,11.944298563514403
45759,2026-09-10 19:40:26.527000+00:00,0.00047087,15.757084,0.00073721,0.0004628,339.5057,345.72644,6720.753,spacetrack,2026-09-09 22:21:42.976000+00:00,340.03754,6721.126,0.00051298,21.3120975,-0.5989161789448326,-0.420043123395623,300-350,storm_recovery,8.837839061958954
45759,2026-09-11 20:01:42.866000+00:00,0.00046711,15.758566,0.00073609,0.0004809,338.96292,345.42654,6720.3315,spacetrack,2026-09-10 19:40:26.527000+00:00,339.5057,6720.753,0.00047087,24.354538611111114,-0.5348785377546321,-0.41536405848280356,300-350,storm_recovery,8.557672053346115
45759,2026-09-12 18:51:32.044000+00:00,0.00048001,15.759942,0.00076147,0.0004991,338.4497,345.15756,6719.9404,spacetrack,2026-09-11 20:01:42.866000+00:00,338.96292,6720.3315,0.00046711,22.830327222222223,-0.5395139491478929,-0.41113733976004463,300-350,storm_recovery,7.8107206766321475
45759,2026-09-13 19:12:32.306000+00:00,0.00047163,15.761475,0.00075314,0.0005219,337.86108,344.87488,6719.505,spacetrack,2026-09-12 18:51:32.044000+00:00,338.4497,6719.9404,0.00048001,24.35007277777778,-0.5801576089288814,-0.4291404011549258,300-350,storm_recovery,6.241556019989993
45764,2026-09-08 14:02:41.892000+00:00,0.00054939,15.746495,0.00082262,0.0001289,344.76187,346.49527,6723.7656,spacetrack,2026-09-07 19:45:54.653000+00:00,345.0883,6724.1343,0.00056135,18.279788611111112,-0.428578260212397,-0.48407561970498597,300-350,storm_main,32.34881185335857
45764,2026-09-09 15:56:19.901000+00:00,0.00050781,15.7481,0.0007647,0.0001551,344.12915,346.21472,6723.309,spacetrack,2026-09-08 14:02:41.892000+00:00,344.76187,6723.7656,0.00054939,25.89389138888889,-0.5864425617586462,-0.4232040613521258,300-350,storm_recovery,15.142319667007692
45764,2026-09-10 14:47:02.365000+00:00,0.00041758,15.74965,0.00063097,0.0002014,343.37677,346.08472,6722.8677,spacetrack,2026-09-09 15:56:19.901000+00:00,344.12915,6723.309,0.00050781,22.84512888888889,-0.790414450617585,-0.4636086778727283,300-350,storm_recovery,11.24848071186194
45764,2026-09-11 16:40:23.138000+00:00,3.5338e-05,15.750563,4.739e-05,0.0001792,343.26633,345.67572,6722.608,spacetrack,2026-09-10 14:47:02.365000+00:00,343.37677,6722.8677,0.00041758,25.88910361111111,-0.10238129677318689,-0.24074993455222127,300-350,storm_recovery,8.342608306478317
45764,2026-09-12 13:59:28.983000+00:00,0.00047709,15.752436,0.00073152,0.0001423,342.9815,344.89462,6722.075,spacetrack,2026-09-11 16:40:23.138000+00:00,343.26633,6722.608,3.5338e-05,21.318290277777777,-0.3206598611299407,-0.6000481198693012,300-350,storm_recovery,7.922827001253293
45764,2026-09-13 14:21:10.674000+00:00,0.00058395,15.754213,0.00090571,0.0001688,342.29788,344.56708,6721.5693,spacetrack,2026-09-12 13:59:28.983000+00:00,342.9815,6722.075,0.00047709,24.361580833333335,-0.673473536559252,-0.4981942708490603,300-350,storm_recovery,6.560540423331175
45780,2026-09-08 13:47:49.106000+00:00,0.00060686,15.831777,0.00134753,0.0001985,320.13113,322.7909,6699.598,spacetrack,2026-09-07 13:33:15.638000+00:00,319.55106,6700.2603,0.00064878,24.24263,0.5742644259306631,-0.6556714349886552,300-350,storm_main,29.750001019783014
45780,2026-09-09 12:31:14.697000+00:00,0.00047095,15.834145,0.00105231,0.0002056,319.4156,322.1702,6698.9297,spacetrack,2026-09-08 13:47:49.106000+00:00,320.13113,6699.598,0.00060686,22.72377527777778,-0.7557159754520946,-0.7058334191366396,300-350,storm_recovery,15.565880234273965
45780,2026-09-10 22:00:03.999000+00:00,0.00014893,15.837811,0.00033082,0.0002546,318.0537,321.4643,6697.896,spacetrack,2026-09-09 12:31:14.697000+00:00,319.4156,6698.9297,0.00047095,33.48036166666667,-0.9762618553951241,-0.7409955796474784,300-350,storm_recovery,10.207904663714057
45780,2026-09-11 12:59:15.432000+00:00,0.0005222,15.838789,0.00119579,0.0002605,317.73862,321.2281,6697.62,spacetrack,2026-09-10 22:00:03.999000+00:00,318.0537,6697.896,0.00014893,14.986509166666666,-0.5045818152781426,-0.4419975276650422,300-350,storm_recovery,9.800497792153175
45780,2026-09-12 22:00:02+00:00,0.00010938,15.842251,0.00024603,0.0002922,316.55084,320.46436,6696.6445,spacetrack,2026-09-11 12:59:15.432000+00:00,317.73862,6697.62,0.0005222,33.01293555555556,-0.8635015190342119,-0.7091765577947665,300-350,storm_recovery,7.1218641500863535
45780,2026-09-13 11:55:35.734000+00:00,0.00050279,15.84319,0.00117534,0.0003,316.23404,320.2519,6696.38,spacetrack,2026-09-12 22:00:02+00:00,316.55084,6696.6445,0.00010938,13.926037222222222,-0.5459701046804144,-0.4558367824750394,300-350,storm_recovery,7.882899805548096
46141,2026-09-08 17:37:46.439000+00:00,0.00077035,15.74956,0.00117652,6.6e-05,344.3127,345.20013,6722.8936,spacetrack,2026-09-07 21:49:47.893000+00:00,344.98022,6723.4326,0.00072805,19.79959611111111,-0.8091316565295428,-0.6533466605783352,300-350,storm_main,33.08118188886738
46141,2026-09-09 17:59:42.685000+00:00,0.00062491,15.751598,0.00095923,8.74e-05,343.5888,344.76385,6722.3135,spacetrack,2026-09-08 17:37:46.439000+00:00,344.3127,6722.8936,0.00077035,24.365623888888887,-0.7130373545625889,-0.5713951780381845,300-350,storm_recovery,12.286767881060483
46141,2026-09-10 16:50:06.403000+00:00,0.00060355,15.753508,0.00093372,0.0001189,342.83414,344.43256,6721.7705,spacetrack,2026-09-09 17:59:42.685000+00:00,343.5888,6722.3135,0.00062491,22.839921666666665,-0.7929904604897593,-0.5705798903431936,300-350,storm_recovery,10.38741327654388
46141,2026-09-11 17:11:41.054000+00:00,0.00066033,15.7555065,0.00103242,0.000154,342.02966,344.0998,6721.2017,spacetrack,2026-09-10 16:50:06.403000+00:00,342.83414,6721.7705,0.00060355,24.359625277777777,-0.7926033253727307,-0.5604027091686685,300-350,storm_recovery,8.538426237650459
46141,2026-09-12 16:01:44.683000+00:00,0.00068421,15.757415,0.0010796,0.0001725,341.3628,343.6814,6720.659,spacetrack,2026-09-11 17:11:41.054000+00:00,342.02966,6721.2017,0.00066033,22.834341388888888,-0.7009021949626915,-0.5704040146451106,300-350,storm_recovery,7.79426770805946
46141,2026-09-13 19:25:35.810000+00:00,0.0006699,15.759764,0.00106776,0.0002111,340.4356,343.2728,6719.991,spacetrack,2026-09-12 16:01:44.683000+00:00,341.3628,6720.659,0.00068421,27.397535277777777,-0.8122190472384794,-0.585162126353591,300-350,storm_recovery,6.048275256958181
46160,2026-09-08 19:18:27.385000+00:00,0.00098039,16.103136,0.00964047,0.0006897,241.41437,250.55167,6624.12,spacetrack,2026-09-07 22:26:39.302000+00:00,246.08156,6628.522,0.00092274,20.86335638888889,-5.3688657717439074,-5.063806514673045,200-250,storm_main,32.08487042599663
46160,2026-09-09 14:39:42.959000+00:00,0.00084234,16.117987,0.00915865,0.0007333,237.05896,246.76793,6620.0503,spacetrack,2026-09-08 19:18:27.385000+00:00,241.41437,6624.12,0.00098039,19.35432611111111,-5.400851437549665,-5.046561654447238,200-250,storm_recovery,11.177299134988107
46160,2026-09-10 21:53:13.354000+00:00,0.00081049,16.1446,0.01056167,0.0008032,229.32524,239.94801,6612.7734,spacetrack,2026-09-09 14:39:42.959000+00:00,237.05896,6620.0503,0.00084234,31.225109722222225,-5.944231474322285,-5.593114053197538,200-250,storm_recovery,10.078469522324871
46160,2026-09-11 14:13:16.592000+00:00,0.00084479,16.160639,0.01227853,0.000859,224.58395,235.93718,6608.3975,spacetrack,2026-09-10 21:53:13.354000+00:00,229.32524,6612.7734,0.00081049,16.33423277777778,-6.966409842940992,-6.42953981547751,200-250,storm_recovery,9.755399524087432
46160,2026-09-12 22:50:08.506000+00:00,0.00080682,16.199934,0.0161467,0.0009679,213.18365,225.95549,6597.7065,spacetrack,2026-09-11 14:13:16.592000+00:00,224.58395,6608.3975,0.00084479,32.614420555555554,-8.38914797011144,-7.867194806141931,200-250,storm_recovery,6.970882835620924
46160,2026-09-13 22:29:51.892000+00:00,0.00078927,16.239325,0.02178249,0.0010452,202.01181,215.78134,6587.0337,spacetrack,2026-09-12 22:50:08.506000+00:00,213.18365,6597.7065,0.00080682,23.662051666666667,-11.331399482053932,-10.825232047010013,200-250,storm_recovery,6.092052410313908
46174,2026-09-08 20:14:07.982000+00:00,0.00085807,15.831817,0.00192197,0.0003926,318.81937,324.0799,6699.5864,spacetrack,2026-09-07 19:59:31.599000+00:00,319.7296,6700.6426,0.00080317,24.243439722222224,-0.9010899546559015,-1.0455942015837103,300-350,storm_main,31.214475936749125
46174,2026-09-09 14:00:02+00:00,0.00068392,15.834331,0.00154201,0.0003971,318.08044,323.4007,6698.8774,spacetrack,2026-09-08 20:14:07.982000+00:00,318.81937,6699.5864,0.00085807,17.765005,-0.9982727277588479,-0.95783817679736,300-350,storm_recovery,10.946994292055269
46174,2026-09-10 22:00:03.999000+00:00,0.0005139,15.838588,0.00117543,0.0003483,317.20728,321.87286,6697.6772,spacetrack,2026-09-09 14:00:02+00:00,318.08044,6698.8774,0.00068392,32.00055527777778,-0.6548586366109728,-0.900134380480839,300-350,storm_recovery,10.125032535242726
46174,2026-09-11 22:00:01.999000+00:00,0.0006358,15.841676,0.00148276,0.0003211,316.51923,320.81992,6696.8066,spacetrack,2026-09-10 22:00:03.999000+00:00,317.20728,6697.6772,0.0005139,23.999444444444446,-0.6880659274520567,-0.8706201532444829,300-350,storm_recovery,8.416468031667401
46174,2026-09-12 22:00:02+00:00,0.00067413,15.844954,0.00159958,0.0003101,315.66956,319.82236,6695.883,spacetrack,2026-09-11 22:00:01.999000+00:00,316.51923,6696.8066,0.0006358,24.00000027777778,-0.8496699901658598,-0.9235999893102638,300-350,storm_recovery,7.4999305497693225
46174,2026-09-13 20:00:01.999000+00:00,0.00077798,15.847907,0.0018795,0.0003001,314.90482,318.9232,6695.051,spacetrack,2026-09-12 22:00:02+00:00,315.66956,6695.883,0.00067413,21.99999972222222,-0.8342618287154464,-0.9076363750957919,300-350,storm_recovery,6.409040459710107
46278,2026-09-08 20:07:27.031000+00:00,0.0010596,15.811185,0.00210691,6.47e-05,326.84277,327.71045,6705.4136,spacetrack,2026-09-07 19:49:07.258000+00:00,327.43884,6706.261,0.00065437,24.3054925,-0.5885780755111751,-0.8367491421954723,300-350,storm_main,31.258703939723368
46278,2026-09-09 21:56:38.719000+00:00,0.00068297,15.813769,0.0013619,0.0001279,325.68832,327.40338,6704.6826,spacetrack,2026-09-08 20:07:27.031000+00:00,326.84277,6705.4136,0.0010596,25.819913333333332,-1.0730787374189457,-0.6794755572376467,300-350,storm_recovery,11.985572150125988
46278,2026-09-10 23:45:34.898000+00:00,0.00059339,15.816374,0.00119506,0.0001547,324.77286,326.84705,6703.947,spacetrack,2026-09-09 21:56:38.719000+00:00,325.68832,6704.6826,0.00068297,25.815605277777777,-0.8510759195296769,-0.6838654298451197,300-350,storm_recovery,8.978571714251347
46278,2026-09-11 22:32:04.768000+00:00,0.00061623,15.818675,0.00125523,0.0001661,324.04614,326.27298,6703.2964,spacetrack,2026-09-10 23:45:34.898000+00:00,324.77286,6703.947,0.00059339,22.774963888888887,-0.7658093371778736,-0.685594939960203,300-350,storm_recovery,8.106545357371587
46278,2026-09-12 22:49:27.908000+00:00,0.00060823,15.821062,0.00125262,0.0001702,323.3445,325.6261,6702.622,spacetrack,2026-09-11 22:32:04.768000+00:00,324.04614,6703.2964,0.00061623,24.289761111111112,-0.693269889439009,-0.6663548449882911,300-350,storm_recovery,7.3922123107656015
46278,2026-09-13 21:35:33.508000+00:00,0.00070336,15.82348,0.0014687,0.000172,322.6498,324.9553,6701.9395,spacetrack,2026-09-12 22:49:27.908000+00:00,323.3445,6702.622,0.00060823,22.768222222222224,-0.7322837873448872,-0.7194237582594474,300-350,storm_recovery,6.213934772636326
46320,2026-09-08 23:47:34.890000+00:00,0.00075964,15.827313,0.0016176,0.0001737,321.55637,323.88425,6700.8574,spacetrack,2026-09-07 18:57:32.889000+00:00,322.708,6701.9443,0.00064258,28.83388916666667,-0.9585637178612866,-0.9046854501390669,300-350,storm_main,29.062978728126833
46320,2026-09-09 19:31:03.856000+00:00,0.00064621,15.82954,0.00138652,0.0001626,321.00256,323.1815,6700.229,spacetrack,2026-09-08 23:47:34.890000+00:00,321.55637,6700.8574,0.00075964,19.72471277777778,-0.6738470744666227,-0.7646042895479642,300-350,storm_recovery,11.197663264101042
46320,2026-09-10 22:49:26.936000+00:00,0.0006359,15.832727,0.00138484,0.0001868,319.94128,322.44415,6699.3296,spacetrack,2026-09-09 19:31:03.856000+00:00,321.00256,6700.229,0.00064621,27.30641111111111,-0.9327743545777092,-0.7904956792810649,300-350,storm_recovery,9.306375670019698
46320,2026-09-11 23:05:30.976000+00:00,0.00064889,15.8355665,0.00143288,0.0001994,319.0563,321.72766,6698.529,spacetrack,2026-09-10 22:49:26.936000+00:00,319.94128,6699.3296,0.0006359,24.267788888888887,-0.8752144703930664,-0.7917655822688994,300-350,storm_recovery,8.231231064863758
46320,2026-09-12 23:21:19.988000+00:00,0.00062442,15.83826,0.00139577,0.0002031,318.27237,320.993,6697.7695,spacetrack,2026-09-11 23:05:30.976000+00:00,319.0563,6698.529,0.00064889,24.263614444444446,-0.7754129148020567,-0.7512483369589809,300-350,storm_recovery,7.326964614093174
46320,2026-09-13 22:05:55.761000+00:00,0.00069932,15.840978,0.00158696,0.0001976,317.543,320.18964,6697.0034,spacetrack,2026-09-12 23:21:19.988000+00:00,318.27237,6697.7695,0.00062442,22.74327027777778,-0.7696729531946096,-0.8084325506162044,300-350,storm_recovery,6.194107394870031
46353,2026-09-09 23:13:41.083000+00:00,0.00094143,16.106379,0.00942703,0.0001378,244.18158,246.00694,6623.2314,spacetrack,2026-09-08 21:53:47.959000+00:00,249.81181,6628.3022,0.0014864,25.331423333333333,-5.3343042837308765,-4.804278006750115,200-250,storm_recovery,11.775379150296464
46353,2026-09-10 23:02:24.282000+00:00,0.00095625,16.126978,0.01096201,0.0002498,237.7996,241.10576,6617.59,spacetrack,2026-09-09 23:13:41.083000+00:00,244.18158,6623.2314,0.00094143,23.81199972222222,-6.4323669488815955,-5.68593992858291,200-250,storm_recovery,8.724340630358416
46353,2026-09-11 21:20:06.186000+00:00,0.0009323,16.148352,0.0123441,0.0003688,231.17365,236.05046,6611.749,spacetrack,2026-09-10 23:02:24.282000+00:00,237.7996,6617.59,0.00095625,22.29497333333333,-7.132675048426449,-6.287695342986509,200-250,storm_recovery,8.291753432612314
46353,2026-09-12 15:08:53.964000+00:00,0.00090597,16.167849,0.01371088,0.0004611,225.24936,231.34181,6606.4326,spacetrack,2026-09-11 21:20:06.186000+00:00,231.17365,6611.749,0.0009323,17.813271666666665,-7.981855476108983,-7.162839167762439,200-250,storm_recovery,8.66748444020624
46353,2026-09-13 13:22:52.671000+00:00,0.00087666,16.19748,0.01710599,0.000599,216.28384,224.18869,6598.373,spacetrack,2026-09-12 15:08:53.964000+00:00,225.24936,6606.4326,0.00090597,22.232974166666665,-9.678078982460322,-8.700158537044373,200-250,storm_recovery,6.619216562306536
46375,2026-09-08 23:47:09.116000+00:00,0.00096796,16.025715,0.00588327,0.0006299,263.1143,271.4862,6645.437,spacetrack,2026-09-07 19:20:12.178000+00:00,266.8798,6649.1484,0.00090215,28.449149444444444,-3.1766151805866114,-3.130975854794761,250-300,storm_main,29.093897866776686
46375,2026-09-09 19:14:15.166000+00:00,0.00086472,16.034424,0.00553792,0.000681,260.36984,269.41763,6643.031,spacetrack,2026-09-08 23:47:09.116000+00:00,263.1143,6645.437,0.00096796,19.451680555555555,-3.3861876258906554,-2.968586690238784,250-300,storm_recovery,11.14429201704223
46375,2026-09-10 22:09:10.495000+00:00,0.00080169,16.046864,0.00553869,0.0007396,256.54968,266.37097,6639.597,spacetrack,2026-09-09 19:14:15.166000+00:00,260.36984,6643.031,0.00086472,26.915369166666665,-3.406374976032115,-3.062042340555106,250-300,storm_recovery,9.298471446440933
46375,2026-09-11 13:05:47.974000+00:00,0.00083851,16.054192,0.00606099,0.0007601,254.39433,264.48477,6637.5767,spacetrack,2026-09-10 22:09:10.495000+00:00,256.54968,6639.597,0.00080169,14.943744166666667,-3.4615421291395885,-3.244648694412085,250-300,storm_recovery,9.77231342011398
46375,2026-09-12 12:59:31.076000+00:00,0.00086289,16.066782,0.00674825,0.0008162,250.55666,261.38617,6634.1084,spacetrack,2026-09-11 13:05:47.974000+00:00,254.39433,6637.5767,0.00083851,23.89530611111111,-3.8544842058822786,-3.4834958637036904,250-300,storm_recovery,7.912592666095672
46375,2026-09-13 23:18:22.451000+00:00,0.0008509,16.08751,0.00759645,0.0008937,244.34825,256.19586,6628.409,spacetrack,2026-09-12 12:59:31.076000+00:00,250.55666,6634.1084,0.00086289,34.31427083333333,-4.342270326060881,-3.9862598469420147,250-300,storm_recovery,5.682036818581514
46383,2026-09-08 20:35:18.213000+00:00,0.00070023,16.161304,0.01027585,0.0007348,225.22356,234.93498,6608.2163,spacetrack,2026-09-07 22:18:49.661000+00:00,230.55777,6613.2153,0.00065755,22.274597777777778,-5.747400751169582,-5.386225205812201,200-250,storm_main,31.10199624255592
46383,2026-09-09 23:17:02.151000+00:00,0.0006322,16.184267,0.01117098,0.0008066,218.50203,229.15233,6601.9644,spacetrack,2026-09-08 20:35:18.213000+00:00,225.22356,6608.2163,0.00070023,26.69553833333333,-6.0428344986237725,-5.620624619981938,200-250,storm_recovery,11.933877433825867
46383,2026-09-10 22:58:47.420000+00:00,0.0005742,16.207203,0.01213641,0.0008878,211.74115,223.45253,6595.734,spacetrack,2026-09-09 23:17:02.151000+00:00,218.50203,6601.9644,0.0006322,23.695908055555556,-6.847643045355133,-6.310355342762632,200-250,storm_recovery,8.708292426813635
46383,2026-09-11 19:40:57.115000+00:00,0.00064144,16.233404,0.01680035,0.0009534,204.21643,216.77965,6588.6353,spacetrack,2026-09-10 22:58:47.420000+00:00,211.74115,6595.734,0.0005742,20.702693055555557,-8.723178164086143,-8.229306184602526,200-250,storm_recovery,8.596565704448407
46384,2026-09-08 19:08:37.319000+00:00,0.00053537,15.728732,0.0007418,0.0004559,347.62222,353.75757,6728.8267,spacetrack,2026-09-07 01:57:58.392000+00:00,348.19376,6729.499,0.00039492,41.17747972222222,-0.33311800752576576,-0.39184525397984926,300-350,storm_main,25.895814970382236
46384,2026-09-09 22:35:30.750000+00:00,0.00046108,15.730224,0.00064133,0.000455,347.20325,353.32608,6728.402,spacetrack,2026-09-08 19:08:37.319000+00:00,347.62222,6728.8267,0.00053537,27.44817527777778,-0.3663369203322182,-0.3713470894453942,300-350,storm_recovery,12.093590951213908
46384,2026-09-11 23:22:57.671000+00:00,0.00042649,15.732647,0.00059866,0.0004485,346.55634,352.5911,6727.711,spacetrack,2026-09-09 22:35:30.750000+00:00,347.20325,6728.402,0.00046108,48.79081138888889,-0.3182123756100692,-0.3399000657687761,300-350,storm_recovery,8.497015993807258
46384,2026-09-12 22:15:02.695000+00:00,0.00042074,15.733796,0.0005934,0.000453,346.19864,352.29364,6727.3833,spacetrack,2026-09-11 23:22:57.671000+00:00,346.55634,6727.711,0.00042649,22.868062222222225,-0.3754056603736554,-0.3439207014380543,300-350,storm_recovery,7.4918542750743695
46384,2026-09-13 10:26:46.986000+00:00,0.00041527,15.734353,0.00058696,0.0004339,346.16833,352.0062,6727.224,spacetrack,2026-09-12 22:15:02.695000+00:00,346.19864,6727.3833,0.00042074,12.195636388888888,-0.0596475638337669,-0.3134891758079468,300-350,storm_recovery,8.555204273769052
46457,2026-09-08 22:41:53.149000+00:00,0.00081376,15.758903,0.00127149,0.0008983,336.0622,348.13577,6720.236,spacetrack,2026-09-07 22:18:45.238000+00:00,336.87506,6720.9473,0.00075873,24.38553083333333,-0.8000088303730117,-0.7000544756099116,300-350,storm_main,29.70898372328281
46457,2026-09-09 23:04:48.272000+00:00,0.00069307,15.761009,0.00109048,0.0009022,335.43787,347.56277,6719.637,spacetrack,2026-09-08 22:41:53.149000+00:00,336.0622,6720.236,0.00081376,24.381978611111112,-0.6145489764794032,-0.5896158072032986,300-350,storm_recovery,11.668021575999385
46457,2026-09-10 17:21:52.013000+00:00,0.00062503,15.762532,0.00098869,0.000899,335.0267,347.10785,6719.204,spacetrack,2026-09-09 23:04:48.272000+00:00,335.43787,6719.637,0.00069307,18.2843725,-0.5397002276123658,-0.5683542052099314,300-350,storm_recovery,9.289973369942617
46457,2026-09-11 22:18:40.378000+00:00,0.00064346,15.764856,0.00102884,0.0009122,334.2783,346.5356,6718.544,spacetrack,2026-09-10 17:21:52.013000+00:00,335.0267,6719.204,0.00062503,28.946768055555555,-0.6205045055644076,-0.547211349107986,300-350,storm_recovery,7.9924733585446806
46457,2026-09-12 22:41:02.674000+00:00,0.0006584,15.766899,0.00106264,0.0009096,333.71597,345.9373,6717.964,spacetrack,2026-09-11 22:18:40.378000+00:00,334.2783,6718.544,0.00064346,24.37286,-0.5537273836554014,-0.5711270651043109,300-350,storm_recovery,7.408149542838497
46457,2026-09-13 21:31:50.537000+00:00,0.00067425,15.76889,0.00109833,0.0009178,333.0959,345.42636,6717.398,spacetrack,2026-09-12 22:41:02.674000+00:00,333.71597,6717.964,0.0006584,22.84662861111111,-0.6513731305092361,-0.5945735027788264,300-350,storm_recovery,6.209047826567846
46458,2026-09-09 22:24:20.343000+00:00,0.00066102,15.708654,0.00083001,0.0010489,349.35858,363.48633,6734.5596,spacetrack,2026-09-08 20:24:50.021000+00:00,349.86435,6735.024,0.00074863,25.991756111111112,-0.4670126923363438,-0.4288128879161587,300-350,storm_recovery,11.952227769398933
46458,2026-09-10 22:51:57.583000+00:00,0.00055971,15.710172,0.00070612,0.0010629,348.83105,363.14648,6734.126,spacetrack,2026-09-09 22:24:20.343000+00:00,349.35858,6734.5596,0.00066102,24.460344444444445,-0.5176018689661533,-0.42543963449169053,300-350,storm_recovery,8.811165101245509
46458,2026-09-11 21:47:43.797000+00:00,0.00057364,15.711516,0.00072801,0.0010675,348.41623,362.79276,6733.7417,spacetrack,2026-09-10 22:51:57.583000+00:00,348.83105,6734.126,0.00055971,22.929503888888892,-0.43418645463257394,-0.40224158554447675,300-350,storm_recovery,8.293967098236632
46458,2026-09-12 22:15:05.338000+00:00,0.00059496,15.71298,0.00076003,0.0010677,347.99698,362.37534,6733.323,spacetrack,2026-09-11 21:47:43.797000+00:00,348.41623,6733.7417,0.00057364,24.45598361111111,-0.4114330529493798,-0.41089330773908483,300-350,storm_recovery,7.459828230403191
46458,2026-09-13 22:42:18.497000+00:00,0.00063707,15.714523,0.00081976,0.0010714,347.53186,361.95908,6732.8823,spacetrack,2026-09-12 22:15:05.338000+00:00,347.99698,6733.323,0.00059496,24.453655277777777,-0.4564912637066805,-0.43252429462413333,300-350,storm_recovery,6.015848403213612
46459,2026-09-08 20:24:25.891000+00:00,0.0011113,15.990988,0.0053426,0.0003909,274.31644,279.51938,6655.0547,spacetrack,2026-09-07 21:52:20.301000+00:00,276.86282,6657.697,0.00103,22.53488611111111,-2.7119338300035776,-2.8140901039984714,250-300,storm_main,31.249063741786035
46459,2026-09-09 18:55:44.884000+00:00,0.00093237,15.999706,0.00470858,0.0003704,272.0359,276.96417,6652.637,spacetrack,2026-09-08 20:24:25.891000+00:00,274.31644,6655.0547,0.0011113,22.5219425,-2.4302060090953237,-2.5763674691914,250-300,storm_recovery,11.669914240301429
46459,2026-09-10 18:56:19.927000+00:00,0.00090918,16.009304,0.00484864,0.0003547,269.4824,274.1999,6649.978,spacetrack,2026-09-09 18:55:44.884000+00:00,272.0359,6652.637,0.00093237,24.009734166666668,-2.552464745115053,-2.657921972688436,250-300,storm_recovery,9.696836131613887
46459,2026-09-11 14:26:10.505000+00:00,0.00087237,16.017052,0.00486419,0.0003388,267.4441,271.94867,6647.8335,spacetrack,2026-09-10 18:56:19.927000+00:00,269.4824,6649.978,0.00090918,19.497382777777776,-2.509013674171473,-2.639738911966631,250-300,storm_recovery,9.240767856335362
46459,2026-09-12 21:54:39.646000+00:00,0.00089268,16.03075,0.00539079,0.0003648,263.48474,268.3322,6644.0454,spacetrack,2026-09-11 14:26:10.505000+00:00,267.4441,6647.8335,0.00087237,31.47476138888889,-3.019074198082574,-2.8884857577375787,250-300,storm_recovery,7.044304033687803
46459,2026-09-13 21:52:22.682000+00:00,0.00092669,16.042294,0.0059906,0.0003802,260.1962,265.2459,6640.858,spacetrack,2026-09-12 21:54:39.646000+00:00,263.48474,6644.0454,0.00089268,23.96195444444444,-3.2937613742229184,-3.192460789346465,250-300,storm_recovery,6.091942578974383
46460,2026-09-08 20:05:55.562000+00:00,0.00093771,15.856181,0.00230664,0.0001337,313.68997,315.4796,6692.7217,spacetrack,2026-09-07 12:17:08.577000+00:00,314.98834,6694.32,0.00073982,31.81305138888889,-0.9794998794388765,-1.205769277869055,300-350,storm_main,28.767934255843723
46460,2026-09-09 21:50:39.070000+00:00,0.00076995,15.860201,0.00192219,9.62e-05,312.8103,314.09775,6691.591,spacetrack,2026-09-08 20:05:55.562000+00:00,313.68997,6692.7217,0.00093771,25.74541888888889,-0.8200324916489226,-1.0540438326953983,300-350,storm_recovery,11.988491091640597
46460,2026-09-10 11:28:17.475000+00:00,0.00071859,15.862248,0.00180933,8.51e-05,312.30862,313.44742,6691.015,spacetrack,2026-09-09 21:50:39.070000+00:00,312.8103,6691.591,0.00076995,13.627334722222223,-0.8835418110310956,-1.0144316758769854,300-350,storm_recovery,10.3551763454193
46460,2026-09-11 22:17:20.352000+00:00,0.00072373,15.867485,0.00187034,6.33e-05,310.9825,311.8294,6689.543,spacetrack,2026-09-10 11:28:17.475000+00:00,312.30862,6691.015,0.00071859,34.81746583333333,-0.9141067346012832,-1.0146631627105323,300-350,storm_recovery,7.891993647153959
46460,2026-09-12 22:30:10.854000+00:00,0.00072207,15.8712225,0.0019009,4.72e-05,310.03995,310.67136,6688.4927,spacetrack,2026-09-11 22:17:20.352000+00:00,310.9825,6689.543,0.00072373,24.21402833333333,-0.9342187796509815,-1.0410163750116934,300-350,storm_recovery,7.433259384005842
46460,2026-09-13 21:11:54.141000+00:00,0.00075479,15.874915,0.00202609,4.79e-05,308.998,309.63864,6687.4556,spacetrack,2026-09-12 22:30:10.854000+00:00,310.03995,6688.4927,0.00072207,22.6953575,-1.1018464899704556,-1.096717687746902,300-350,storm_recovery,6.238414948960377
46537,2026-09-08 22:00:01+00:00,0.00086528,15.892741,0.00253375,0.000891,298.36264,310.27078,6682.4536,spacetrack,2026-09-07 16:00:02+00:00,300.34967,6684.4204,0.00096929,29.99972222222222,-1.58963871887703,-1.5734545690239061,300-350,storm_main,29.36667006175983
46537,2026-09-09 14:00:02+00:00,0.00087879,15.895517,0.00261142,0.000926,297.35144,309.72592,6681.676,spacetrack,2026-09-08 22:00:01+00:00,298.36264,6682.4536,0.00086528,16.00027777777778,-1.5167736671237955,-1.1663797503507136,250-300,storm_recovery,10.499973958785437
46537,2026-09-10 22:00:03.999000+00:00,0.00076274,15.901829,0.00233686,0.000921,295.6184,307.9228,6679.9077,spacetrack,2026-09-09 14:00:02+00:00,297.35144,6681.676,0.00087879,32.00055527777778,-1.299757446049191,-1.3262019871725919,250-300,storm_recovery,10.125032535242726
46537,2026-09-11 22:00:01.999000+00:00,0.00081757,15.90632,0.00256636,0.0009273,294.32007,306.7063,6678.6504,spacetrack,2026-09-10 22:00:03.999000+00:00,295.6184,6679.9077,0.00076274,23.999444444444446,-1.2983600546309155,-1.2573291048396942,250-300,storm_recovery,8.416468031667401
46537,2026-09-12 22:00:02+00:00,0.00086995,15.910858,0.00279812,0.0009259,293.0605,305.42566,6677.38,spacetrack,2026-09-11 22:00:01.999000+00:00,294.32007,6678.6504,0.00081757,24.00000027777778,-1.2595699854216402,-1.2703999852966326,250-300,storm_recovery,7.4999305497693225
46537,2026-09-13 20:00:01.999000+00:00,0.00065534,15.915771,0.00215425,0.0009183,291.73865,303.99982,6676.0063,spacetrack,2026-09-12 22:00:02+00:00,293.0605,6677.38,0.00086995,21.99999972222222,-1.4420182000254644,-1.498581837103414,250-300,storm_recovery,6.409040459710107
46563,2026-09-08 22:00:01+00:00,0.00082033,15.783323,0.00146101,0.000387,332.56723,337.76334,6713.3022,spacetrack,2026-09-07 04:39:49.571000+00:00,334.03348,6714.645,0.00060005,41.336508055555555,-0.8513055808368065,-0.7796304408852255,300-350,storm_main,26.42598105149571
46563,2026-09-09 14:00:02+00:00,0.00088973,15.784766,0.00159818,0.0004147,331.9723,337.53995,6712.893,spacetrack,2026-09-08 22:00:01+00:00,332.56723,6713.3022,0.00082033,16.00027777777778,-0.8923795073001854,-0.6137893439350841,300-350,storm_recovery,10.499973958785437
46563,2026-09-10 22:00:03.999000+00:00,0.00075089,15.788113,0.00136451,0.0004062,331.08112,336.5339,6711.9443,spacetrack,2026-09-09 14:00:02+00:00,331.9723,6712.893,0.00088973,32.00055527777778,-0.6683734020969698,-0.7115126535260281,300-350,storm_recovery,10.125032535242726
46563,2026-09-11 22:00:01.999000+00:00,0.0004106,15.790742,0.00074657,0.0004087,330.31964,335.80536,6711.1997,spacetrack,2026-09-10 22:00:03.999000+00:00,331.08112,6711.9443,0.00075089,23.999444444444446,-0.7614976272598961,-0.7446172365100956,300-350,storm_recovery,8.416468031667401
46563,2026-09-12 22:00:02+00:00,0.00053777,15.793148,0.0009936,0.0004222,329.54755,335.21393,6710.5176,spacetrack,2026-09-11 22:00:01.999000+00:00,330.31964,6711.1997,0.0004106,24.00000027777778,-0.7720899910637647,-0.6820999921053155,300-350,storm_recovery,7.4999305497693225
46563,2026-09-13 11:04:54.045000+00:00,0.00068527,15.794414,0.00127971,0.0004555,328.966,335.07898,6710.1597,spacetrack,2026-09-12 22:00:02+00:00,329.54755,6710.5176,0.00053777,13.08112361111111,-1.0669725640498176,-0.6566408402947379,300-350,storm_recovery,8.198287736283271
46698,2026-09-08 22:00:01+00:00,0.00091362,15.918152,0.00305009,0.0007471,292.21622,302.1905,6675.3403,spacetrack,2026-09-07 16:00:02+00:00,294.65265,6677.3857,0.00075863,29.99972222222222,-1.9491620477967175,-1.6363351512513784,250-300,storm_main,29.36667006175983
46698,2026-09-09 14:00:02+00:00,0.00066584,15.92183,0.00225766,0.0007659,291.0634,301.28708,6674.312,spacetrack,2026-09-08 22:00:01+00:00,292.21622,6675.3403,0.00091362,16.00027777777778,-1.7291999791670576,-1.5424232218189826,250-300,storm_recovery,10.499973958785437
46698,2026-09-10 22:00:03.999000+00:00,0.00057252,15.929072,0.0020136,0.0008292,288.61945,299.68475,6672.289,spacetrack,2026-09-09 14:00:02+00:00,291.0634,6674.312,0.00066584,32.00055527777778,-1.8329306941974377,-1.5172236724816897,250-300,storm_recovery,10.125032535242726
46698,2026-09-11 22:00:01.999000+00:00,0.00067524,15.934047,0.00244598,0.0008679,286.97357,298.55295,6670.9004,spacetrack,2026-09-10 22:00:03.999000+00:00,288.61945,6672.289,0.00057252,23.999444444444446,-1.6459180999559941,-1.3886321442619132,250-300,storm_recovery,8.416468031667401
46698,2026-09-12 22:00:02+00:00,0.00062439,15.939444,0.00232671,0.000909,285.195,297.31995,6669.3945,spacetrack,2026-09-11 22:00:01.999000+00:00,286.97357,6670.9004,0.00067524,24.00000027777778,-1.7785699794147014,-1.5058999825707127,250-300,storm_recovery,7.4999305497693225
46698,2026-09-13 20:00:01.999000+00:00,0.00079517,15.944554,0.00305641,0.0009468,283.51898,296.14545,6667.969,spacetrack,2026-09-12 22:00:02+00:00,285.195,6669.3945,0.00062439,21.99999972222222,-1.8283854776311235,-1.5550909287262051,250-300,storm_recovery,6.409040459710107
46705,2026-09-08 17:43:20.054000+00:00,0.00094994,16.10046,0.0091543,0.0002024,245.37642,248.05817,6624.8545,spacetrack,2026-09-07 22:20:49.076000+00:00,249.22243,6628.8687,0.00094966,19.375271666666666,-4.764023007677406,-4.972358667142517,200-250,storm_main,33.13834071258471
46705,2026-09-09 16:03:22.776000+00:00,0.00084368,16.11747,0.00910812,0.0003014,240.05971,244.05037,6620.192,spacetrack,2026-09-08 17:43:20.054000+00:00,245.37642,6624.8545,0.00094994,22.334089444444444,-5.713285975566848,-5.0102781346137935,200-250,storm_recovery,11.940385973499751
46705,2026-09-10 15:51:09.871000+00:00,0.00082651,16.137053,0.01018713,0.000453,233.70169,239.69473,6614.8354,spacetrack,2026-09-09 16:03:22.776000+00:00,240.05971,6620.192,0.00084368,23.79641527777778,-6.412414568277335,-5.402427151288439,200-250,storm_recovery,10.985638243015012
46705,2026-09-11 15:37:06.825000+00:00,0.00083115,16.159117,0.01191722,0.0005625,226.95796,234.39287,6608.8125,spacetrack,2026-09-10 15:51:09.871000+00:00,233.70169,6614.8354,0.00082651,23.765820555555553,-6.810180175418587,-6.082247388096524,200-250,storm_recovery,8.560515080983365
46705,2026-09-12 18:18:45.582000+00:00,0.00081083,16.189064,0.01484535,0.0006945,217.93848,227.1068,6600.6597,spacetrack,2026-09-11 15:37:06.825000+00:00,226.95796,6608.8125,0.00083115,26.694099166666668,-8.109189924277597,-7.329979512638092,200-250,storm_recovery,7.437571518224735
46705,2026-09-13 10:35:57.042000+00:00,0.00080661,16.21146,0.0176137,0.0007787,211.30681,221.57721,6594.579,spacetrack,2026-09-12 18:18:45.582000+00:00,217.93848,6600.6597,0.00081083,16.286516666666667,-9.772505886771345,-8.960590099581989,200-250,storm_recovery,7.401637243896023
46709,2026-09-08 22:00:01+00:00,0.0011161,15.86849,0.0030238,0.0005112,307.70395,314.54303,6689.2603,spacetrack,2026-09-07 16:00:02+00:00,309.9442,6691.0225,0.00068144,29.99972222222222,-1.7922165945981008,-1.4097730534542954,300-350,storm_main,29.36667006175983
46709,2026-09-09 14:00:02+00:00,0.00061712,15.871979,0.00167156,0.0005046,306.7683,313.51813,6688.2803,spacetrack,2026-09-08 22:00:01+00:00,307.70395,6689.2603,0.0011161,16.00027777777778,-1.4034506345376092,-1.4699744796090741,300-350,storm_recovery,10.499973958785437
46709,2026-09-10 22:00:03.999000+00:00,0.00051867,15.878339,0.00144541,0.0005922,304.39743,312.31693,6686.494,spacetrack,2026-09-09 14:00:02+00:00,306.7683,6688.2803,0.00061712,32.00055527777778,-1.77812164526765,-1.3397017529188662,300-350,storm_recovery,10.125032535242726
46709,2026-09-11 20:00:01+00:00,0.0010767,15.88188,0.00312071,0.0006147,303.2537,311.47284,6685.5005,spacetrack,2026-09-10 22:00:03.999000+00:00,304.39743,6686.494,0.00051867,21.999166944444447,-1.2477527021509365,-1.083859223406252,300-350,storm_recovery,8.68159151632522
46709,2026-09-12 22:00:02+00:00,0.00091471,15.887339,0.00271153,0.000672,301.34,310.32327,6683.9688,spacetrack,2026-09-11 20:00:01+00:00,303.2537,6685.5005,0.0010767,26.00027777777778,-1.766473435112878,-1.4138618177160431,300-350,storm_recovery,7.346118097028878
46709,2026-09-13 20:00:01.999000+00:00,0.0011499,15.89179,0.00351998,0.0007076,299.85464,309.31204,6682.72,spacetrack,2026-09-12 22:00:02+00:00,301.34,6683.9688,0.00091471,21.99999972222222,-1.6203927477321853,-1.3623272899277115,300-350,storm_recovery,6.409040459710107
46725,2026-09-08 22:00:01+00:00,0.00095932,15.891287,0.00290566,0.0005302,301.18118,308.26767,6682.8613,spacetrack,2026-09-07 16:00:02+00:00,303.00165,6684.375,0.00065097,29.99972222222222,-1.4563894850878252,-1.2109712126967551,300-350,storm_main,29.36667006175983
46725,2026-09-09 14:00:02+00:00,0.00054429,15.894458,0.00164833,0.0005346,300.2636,307.408,6681.9727,spacetrack,2026-09-08 22:00:01+00:00,301.18118,6682.8613,0.00095932,16.00027777777778,-1.376346105102322,-1.332876859775712,300-350,storm_recovery,10.499973958785437
46725,2026-09-10 22:00:03.999000+00:00,0.00083507,15.899491,0.00252512,0.000595,298.4505,306.40036,6680.5625,spacetrack,2026-09-09 14:00:02+00:00,300.2636,6681.9727,0.00054429,32.00055527777778,-1.3598014041405801,-1.0576316475204774,300-350,storm_recovery,10.125032535242726
46725,2026-09-11 20:00:01+00:00,0.00091223,15.903155,0.00281444,0.0006171,297.27728,305.52118,6679.536,spacetrack,2026-09-10 22:00:03.999000+00:00,298.4505,6680.5625,0.00083507,21.999166944444447,-1.2799248294767671,-1.1198605866400795,250-300,storm_recovery,8.68159151632522
46725,2026-09-12 22:00:02+00:00,0.00072263,15.908047,0.00228042,0.0006666,295.5783,304.48163,6678.167,spacetrack,2026-09-11 20:00:01+00:00,297.27728,6679.536,0.00091223,26.00027777777778,-1.5682724757214188,-1.2636788068500655,250-300,storm_recovery,7.346118097028878
46725,2026-09-13 20:00:01.999000+00:00,0.00094852,15.911997,0.00306645,0.000695,294.284,303.5651,6677.0615,spacetrack,2026-09-12 22:00:02+00:00,295.5783,6678.167,0.00072263,21.99999972222222,-1.4119636541914833,-1.2060000152279,250-300,storm_recovery,6.409040459710107
46786,2026-09-08 18:16:33.348000+00:00,0.0010349,16.054081,0.00746188,0.0006388,255.23024,263.71045,6637.6074,spacetrack,2026-09-07 19:51:21.261000+00:00,259.26227,6641.319,0.00092779,22.420024166666668,-4.3161737596997,-3.9731625326457856,250-300,storm_main,32.60609743618698
46786,2026-09-09 22:38:28.912000+00:00,0.00097605,16.076643,0.00809162,0.0005227,249.79248,256.72495,6631.3955,spacetrack,2026-09-08 18:16:33.348000+00:00,255.23024,6637.6074,0.0010349,28.365434444444443,-4.600889870225854,-5.255889885698726,250-300,storm_recovery,12.182341998326521
46786,2026-09-10 21:00:37.369000+00:00,0.001054,16.092142,0.00963421,0.0005769,245.17657,252.82297,6627.1367,spacetrack,2026-09-09 22:38:28.912000+00:00,249.79248,6631.3955,0.00097605,22.369015833333332,-4.952468218781358,-4.569320383227588,200-250,storm_recovery,8.513033895583025
46786,2026-09-11 22:20:09.352000+00:00,0.00088807,16.109999,0.00914382,0.0006526,239.78008,248.42342,6622.239,spacetrack,2026-09-10 21:00:37.369000+00:00,245.17657,6627.1367,0.001054,25.32555083333333,-5.11403526234589,-4.641352157493801,200-250,storm_recovery,8.537897393325316
46786,2026-09-12 14:42:23.664000+00:00,0.00093283,16.123589,0.01050355,0.000726,235.57535,245.18542,6618.5176,spacetrack,2026-09-11 22:20:09.352000+00:00,239.78008,6622.239,0.00088807,16.370642222222223,-6.164298176586858,-5.455717545323212,200-250,storm_recovery,8.832548753602147
46786,2026-09-13 21:55:03.426000+00:00,0.00093805,16.154434,0.01300181,0.0008491,226.34012,237.56537,6610.09,spacetrack,2026-09-12 14:42:23.664000+00:00,235.57535,6618.5176,0.00093283,31.211045000000002,-7.101509097180159,-6.480475101041941,200-250,storm_recovery,5.72896042624227
46794,2026-09-08 20:58:04.863000+00:00,0.0010533,16.040657,0.00699563,0.0005699,259.38812,266.9579,6641.31,spacetrack,2026-09-07 21:01:59.340000+00:00,263.2301,6645.0366,0.00097798,23.9348675,-3.852434946631707,-3.7367409700512897,250-300,storm_main,30.894654524408793
46794,2026-09-09 20:52:58.851000+00:00,0.00092733,16.053621,0.00666771,0.0005864,255.70435,263.48907,6637.734,spacetrack,2026-09-08 20:58:04.863000+00:00,259.38812,6641.31,0.0010533,23.914996666666667,-3.696863571937228,-3.588710514838758,250-300,storm_recovery,11.863892517094227
46794,2026-09-10 20:46:41.417000+00:00,0.00092845,16.067482,0.00727782,0.0006497,251.46864,260.08875,6633.9155,spacetrack,2026-09-09 20:52:58.851000+00:00,255.70435,6637.734,0.00092733,23.895157222222224,-4.254294669610308,-3.8352541122759236,250-300,storm_recovery,8.824694941092549
46794,2026-09-11 22:08:37.194000+00:00,0.00091014,16.083134,0.00787831,0.0006932,246.87836,256.06964,6629.611,spacetrack,2026-09-10 20:46:41.417000+00:00,251.46864,6633.9155,0.00092845,25.365493611111113,-4.343172724687001,-4.072777040489031,250-300,storm_recovery,8.511285952262115
46794,2026-09-12 14:32:34.114000+00:00,0.00093522,16.094398,0.00870245,0.0007367,243.49841,253.26192,6626.517,spacetrack,2026-09-11 22:08:37.194000+00:00,246.87836,6629.611,0.00091014,16.399144444444445,-4.946526343176409,-4.528041096994971,200-250,storm_recovery,8.829363726969495
46794,2026-09-13 12:53:08.418000+00:00,0.00094174,16.11152,0.00979864,0.0007857,238.48213,248.88766,6621.822,spacetrack,2026-09-12 14:32:34.114000+00:00,243.49841,6626.517,0.00093522,22.342862222222223,-5.388330232831996,-5.043221359881162,200-250,storm_recovery,6.652177807120703
46955,2026-09-08 13:21:47.203000+00:00,0.00034445,15.775177,0.00057136,0.0002672,335.68185,339.2707,6715.6133,spacetrack,2026-09-07 13:00:14.026000+00:00,335.99286,6715.9336,0.0002732,24.359215833333334,-0.30642365711075653,-0.31557666111272586,300-350,storm_main,29.554728938603738
46955,2026-09-09 19:48:35.043000+00:00,0.00025978,15.776405,0.0004322,0.0002574,335.39926,338.85626,6715.2646,spacetrack,2026-09-08 13:21:47.203000+00:00,335.68185,6715.6133,0.00034445,30.44662222222222,-0.2227557444795688,-0.2748679291550805,300-350,storm_recovery,15.27780475374754
46955,2026-09-10 15:35:55.932000+00:00,0.00025964,15.777128,0.00043335,0.0002459,335.27133,338.5738,6715.0596,spacetrack,2026-09-09 19:48:35.043000+00:00,335.39926,6715.2646,0.00025978,19.789135833333333,-0.15515179772678342,-0.24862126580245641,300-350,storm_recovery,10.301022703408433
46955,2026-09-11 12:54:33.343000+00:00,0.00027046,15.777902,0.00045314,0.0002451,335.05737,338.349,6714.8403,spacetrack,2026-09-10 15:35:55.932000+00:00,335.27133,6715.0596,0.00025964,21.310391944444444,-0.24096412742602571,-0.24697809471148927,300-350,storm_recovery,8.54930345603034
46955,2026-09-12 13:15:45.697000+00:00,0.00028274,15.778825,0.00047585,0.0002432,334.80814,338.0741,6714.578,spacetrack,2026-09-11 12:54:33.343000+00:00,335.05737,6714.8403,0.00027046,24.35343166666667,-0.24561302414671082,-0.25849334443500094,300-350,storm_recovery,7.910815215478303
46955,2026-09-13 12:05:33.827000+00:00,0.00026603,15.779678,0.0004492,0.0002426,334.57022,337.828,6714.336,spacetrack,2026-09-12 13:15:45.697000+00:00,334.80814,6714.578,0.00028274,22.830036111111113,-0.2501126135854139,-0.2544017000997144,300-350,storm_recovery,6.729064841845166
47122,2026-09-08 22:00:01+00:00,0.00087842,15.938161,0.00325265,0.0003624,289.1981,294.03232,6669.7524,spacetrack,2026-09-07 16:00:02+00:00,291.05814,6671.834,0.00071705,29.99972222222222,-1.4880457782016256,-1.665295419401652,250-300,storm_main,29.36667006175983
47122,2026-09-09 14:00:02+00:00,0.00077393,15.942619,0.00293141,0.0003615,287.96115,292.7825,6668.509,spacetrack,2026-09-08 22:00:01+00:00,289.1981,6669.7524,0.00087842,16.00027777777778,-1.8553927883197008,-1.8650676203542518,250-300,storm_recovery,10.499973958785437
47122,2026-09-10 22:00:03.999000+00:00,0.0013684,15.951882,0.00546842,0.0002575,286.07358,289.50653,6665.9272,spacetrack,2026-09-09 14:00:02+00:00,287.96115,6668.509,0.00077393,32.00055527777778,-1.4156529349807419,-1.9363164002040794,250-300,storm_recovery,10.125032535242726
47122,2026-09-11 20:00:01+00:00,0.00257,15.967495,0.01113733,3.47e-05,283.21283,283.67517,6661.581,spacetrack,2026-09-10 22:00:03.999000+00:00,286.07358,6665.9272,0.0013684,21.999166944444447,-3.120936359698767,-4.741488632883914,250-300,storm_recovery,8.68159151632522
47122,2026-09-12 22:00:02+00:00,0.0023652,15.992496,0.01176707,0.0001495,275.50485,277.49457,6654.6367,spacetrack,2026-09-11 20:00:01+00:00,283.21283,6661.581,0.00257,26.00027777777778,-7.1149824467687495,-6.410054593433934,250-300,storm_recovery,7.346118097028878
47122,2026-09-13 16:05:57.088000+00:00,0.0024296,16.011683,0.01343679,0.0001011,270.50995,271.85446,6649.3193,spacetrack,2026-09-12 22:00:02+00:00,275.50485,6654.6367,0.0023652,18.098635555555557,-6.623571132311227,-7.0512276800238824,250-300,storm_recovery,7.149408684706251
47135,2026-09-08 22:44:43.975000+00:00,0.00091415,16.056978,0.00671901,0.0007308,253.82169,263.52206,6636.809,spacetrack,2026-09-07 22:50:06.395000+00:00,257.83224,6640.55,0.00090475,23.91043888888889,-4.02557228026162,-3.755012629304852,250-300,storm_main,29.6297245461594
47135,2026-09-09 22:38:09.593000+00:00,0.00085401,16.070251,0.00682179,0.0007667,249.93095,260.10223,6633.154,spacetrack,2026-09-08 22:44:43.975000+00:00,253.82169,6636.809,0.00091415,23.890449444444446,-3.908581134781212,-3.6717601401338458,250-300,storm_recovery,11.655232696543148
47135,2026-09-10 23:59:50.721000+00:00,0.00080439,16.085182,0.00707152,0.0008345,245.37926,256.44315,6629.0483,spacetrack,2026-09-09 22:38:09.593000+00:00,249.93095,6633.154,0.00085401,25.361424444444445,-4.307351120568857,-3.885302271402452,200-250,storm_recovery,8.924462970490353
47135,2026-09-11 20:51:54.093000+00:00,0.00083704,16.09858,0.00802683,0.0008845,241.37271,253.093,6625.3696,spacetrack,2026-09-10 23:59:50.721000+00:00,245.37926,6629.0483,0.00080439,20.867603333333335,-4.6079656807737255,-4.230902734238736,200-250,storm_recovery,8.170130062851811
47135,2026-09-12 22:10:46.407000+00:00,0.00084769,16.116858,0.00917278,0.0009398,236.00113,248.44476,6620.36,spacetrack,2026-09-11 20:51:54.093000+00:00,241.37271,6625.3696,0.00083704,25.314531666666667,-5.092644876766785,-4.749461755135807,200-250,storm_recovery,7.436761190986547
47135,2026-09-13 21:58:36.095000+00:00,0.00085096,16.13692,0.0105431,0.0009973,230.13698,243.331,6614.871,spacetrack,2026-09-12 22:10:46.407000+00:00,236.00113,6620.36,0.00084769,23.797135555555553,-5.914140366660372,-5.535792309643565,200-250,storm_recovery,6.10207261406158
47143,2026-09-08 22:00:01+00:00,0.00094977,15.924491,0.00327214,0.000304,293.40283,297.4604,6673.569,spacetrack,2026-09-07 16:00:02+00:00,295.40283,6675.471,0.00047031,29.99972222222222,-1.6000148149519906,-1.52161408901865,250-300,storm_main,29.36667006175983
47143,2026-09-09 14:00:02+00:00,0.0005562,15.928559,0.00194431,0.0003375,292.0433,296.5472,6672.432,spacetrack,2026-09-08 22:00:01+00:00,293.40283,6673.569,0.00094977,16.00027777777778,-2.0392595961875757,-1.7054703911399813,250-300,storm_recovery,10.499973958785437
47143,2026-09-10 22:00:03.999000+00:00,0.00090029,15.935266,0.00328313,0.0003613,290.01315,294.8333,6670.56,spacetrack,2026-09-09 14:00:02+00:00,292.0433,6672.432,0.0005562,32.00055527777778,-1.522586079430786,-1.4039756376097883,250-300,storm_recovery,10.125032535242726
47143,2026-09-11 20:00:01+00:00,0.00083127,15.940495,0.00311551,0.0003933,288.34146,293.58737,6669.1016,spacetrack,2026-09-10 22:00:03.999000+00:00,290.01315,6670.56,0.00090029,21.999166944444447,-1.8237308758699213,-1.5910420648382613,250-300,storm_recovery,8.68159151632522
47143,2026-09-12 22:00:02+00:00,0.00090398,15.946518,0.00350334,0.0004397,286.3531,292.2164,6667.422,spacetrack,2026-09-11 20:00:01+00:00,288.34146,6669.1016,0.00083127,26.00027777777778,-1.835389621905749,-1.5503834360747621,250-300,storm_recovery,7.346118097028878
47143,2026-09-13 20:00:01.999000+00:00,0.00090528,15.95235,0.00362193,0.0004795,284.46344,290.85593,6665.797,spacetrack,2026-09-12 22:00:02+00:00,286.3531,6667.422,0.00090398,21.99999972222222,-2.061447298755639,-1.7727272951101933,250-300,storm_recovery,6.409040459710107
47171,2026-09-08 22:00:01+00:00,0.0020992,16.005028,0.01122704,0.0001467,272.04984,274.00128,6651.1626,spacetrack,2026-09-07 16:00:02+00:00,280.39154,6659.2397,0.0025853,29.99972222222222,-6.673421790942511,-6.461739830924703,250-300,storm_main,29.36667006175983
47171,2026-09-09 16:59:38.986000+00:00,0.0013624,16.019154,0.0079409,7.82e-05,268.59476,269.63437,6647.2515,spacetrack,2026-09-08 22:00:01+00:00,272.04984,6651.1626,0.0020992,18.993885000000002,-4.365716650385123,-4.941927362410818,250-300,storm_recovery,11.051360740575191
47171,2026-09-10 22:55:48.946000+00:00,0.00081878,16.031033,0.00512207,5.38e-05,265.47327,266.18814,6643.968,spacetrack,2026-09-09 16:59:38.986000+00:00,268.59476,6647.2515,0.0013624,29.936100000000003,-2.5025223726537478,-2.6324070269678077,250-300,storm_recovery,9.795888965719206
47171,2026-09-11 18:22:04.112000+00:00,0.0020563,16.052736,0.01446034,0.0001217,259.0327,260.6484,6637.9775,spacetrack,2026-09-10 22:55:48.946000+00:00,265.47327,6643.968,0.00081878,19.43754611111111,-7.952324800487121,-7.39661267827489,250-300,storm_recovery,8.916150281086864
47171,2026-09-12 22:43:56.741000+00:00,0.00099321,16.078127,0.00829495,0.0001638,251.76407,253.93639,6630.9873,spacetrack,2026-09-11 18:22:04.112000+00:00,259.0327,6637.9775,0.0020563,28.364619166666667,-6.150166126855844,-5.9145796745671495,250-300,storm_recovery,7.067201413451024
47171,2026-09-13 13:38:46.898000+00:00,0.00090437,16.087463,0.0080197,0.0001079,249.5693,250.99973,6628.4214,spacetrack,2026-09-12 22:43:56.741000+00:00,251.76407,6630.9873,0.00099321,14.9139325,-3.5318974388545827,-4.129132272791931,250-300,storm_recovery,7.73116618005047
47596,2026-09-08 22:40:14.088000+00:00,0.00099205,16.03386,0.00632721,0.0005879,261.1441,268.95517,6643.1865,spacetrack,2026-09-07 21:13:45.684000+00:00,264.3272,6646.784,0.00090645,25.441223333333333,-3.00278013360733,-3.393704731441629,250-300,storm_main,29.822437259633872
47596,2026-09-09 09:08:25.617000+00:00,0.00084656,16.038794,0.00556083,0.0005699,259.9022,267.47256,6641.824,spacetrack,2026-09-08 22:40:14.088000+00:00,261.1441,6643.1865,0.00099205,10.469869166666667,-2.846797751293105,-3.1232481972279693,250-300,storm_recovery,9.515562077622269
47596,2026-09-10 22:30:20.965000+00:00,0.00082685,16.057362,0.00608051,0.000491,255.30754,261.8248,6636.703,spacetrack,2026-09-09 09:08:25.617000+00:00,259.9022,6641.824,0.00084656,37.36537444444444,-2.9511771697605873,-3.28924845066698,250-300,storm_recovery,10.394235280869214
47596,2026-09-11 13:26:22.323000+00:00,0.00085939,16.065325,0.00663878,0.0004695,253.25789,259.4877,6634.51,spacetrack,2026-09-10 22:30:20.965000+00:00,255.30754,6636.703,0.00082685,14.933710555555555,-3.2939971494023412,-3.524375258527105,250-300,storm_recovery,9.701937346895143
47596,2026-09-12 14:48:33.733000+00:00,0.00084884,16.079702,0.00717713,0.0004389,249.50699,255.32729,6630.554,spacetrack,2026-09-11 13:26:22.323000+00:00,253.25789,6634.51,0.00085939,25.369836111111113,-3.548371365338607,-3.742397057047639,250-300,storm_recovery,7.832521407476354
47596,2026-09-13 11:41:02.614000+00:00,0.00086122,16.09297,0.00792532,0.0004256,245.95229,251.59311,6626.9097,spacetrack,2026-09-12 14:48:33.733000+00:00,249.50699,6630.554,0.00084884,20.874689166666666,-4.086901573424623,-4.189916280988854,200-250,storm_recovery,6.773110979523434
47625,2026-09-08 22:00:01+00:00,0.00092729,15.82651,0.00203156,0.0007638,317.82874,328.0653,6701.084,spacetrack,2026-09-07 07:06:14.314000+00:00,319.35275,6702.7207,0.00063545,38.896301666666666,-0.9403526410673092,-1.009885215736675,300-350,storm_main,27.3324853806795
47625,2026-09-09 14:00:02+00:00,0.00050069,15.828987,0.00109475,0.0007736,317.06448,327.43134,6700.385,spacetrack,2026-09-08 22:00:01+00:00,317.82874,6701.084,0.00092729,16.00027777777778,-1.1463700977413267,-1.0484817971904423,300-350,storm_recovery,10.499973958785437
47625,2026-09-10 22:00:03.999000+00:00,0.00070603,15.833033,0.00158523,0.0007537,316.0574,326.15585,6699.2437,spacetrack,2026-09-09 14:00:02+00:00,317.06448,6700.385,0.00050069,32.00055527777778,-0.7552968937631248,-0.855960147011162,300-350,storm_recovery,10.125032535242726
47625,2026-09-11 20:00:01+00:00,0.00079502,15.835806,0.00181427,0.000746,315.32736,325.32147,6698.4614,spacetrack,2026-09-10 22:00:03.999000+00:00,316.0574,6699.2437,0.00070603,21.999166944444447,-0.7964374307557145,-0.8534504987125339,300-350,storm_recovery,8.68159151632522
47625,2026-09-12 22:00:01.999000+00:00,0.00074068,15.83955,0.00171824,0.0007439,314.2867,324.2511,6697.406,spacetrack,2026-09-11 20:00:01+00:00,315.32736,6698.4614,0.00079502,26.0002775,-0.9605989782224464,-0.9742049868507971,300-350,storm_recovery,7.346118132777621
47625,2026-09-13 20:00:01.999000+00:00,0.00074692,15.842622,0.00175902,0.0007209,313.57544,323.23053,6696.54,spacetrack,2026-09-12 22:00:01.999000+00:00,314.2867,6697.406,0.00074068,22.0,-0.77591999999998,-0.9447272727272569,300-350,storm_recovery,6.409040429292929
47627,2026-09-08 22:00:01+00:00,0.00080017,15.860122,0.00205631,0.0005316,309.9189,317.03345,6691.6133,spacetrack,2026-09-07 16:00:02+00:00,311.24338,6693.179,0.0009399,29.99972222222222,-1.0595938110538015,-1.2525715978852507,300-350,storm_main,29.36667006175983
47627,2026-09-09 14:00:02+00:00,0.00069623,15.862473,0.00180361,0.0005251,309.3017,316.32855,6690.952,spacetrack,2026-09-08 22:00:01+00:00,309.9189,6691.6133,0.00080017,16.00027777777778,-0.9257839273624101,-0.9919327789444432,300-350,storm_recovery,10.499973958785437
47627,2026-09-10 22:00:03.999000+00:00,0.00060335,15.867608,0.00159784,0.0004842,308.13232,314.61044,6689.5083,spacetrack,2026-09-09 14:00:02+00:00,309.3017,6690.952,0.00069623,32.00055527777778,-0.8770197815751366,-1.0827562115478864,300-350,storm_recovery,10.125032535242726
47627,2026-09-11 20:00:01+00:00,0.00065233,15.870843,0.00175904,0.0004724,307.3027,313.6221,6688.5996,spacetrack,2026-09-10 22:00:03.999000+00:00,308.13232,6689.5083,0.00060335,21.999166944444447,-0.9050742716886213,-0.9913466294017188,300-350,storm_recovery,8.68159151632522
47627,2026-09-12 22:00:01.999000+00:00,0.00068203,15.875532,0.00188514,0.0004521,306.12173,312.1684,6687.282,spacetrack,2026-09-11 20:00:01+00:00,307.3027,6688.5996,0.00065233,26.0002775,-1.0901145189700399,-1.216233172895391,300-350,storm_recovery,7.346118132777621
47627,2026-09-13 20:00:01.999000+00:00,0.00063764,15.878916,0.00178973,0.0004283,305.33145,311.05896,6686.332,spacetrack,2026-09-12 22:00:01.999000+00:00,306.12173,6687.282,0.00068203,22.0,-0.8621236363636317,-1.0363636363634379,300-350,storm_recovery,6.409040429292929
47728,2026-09-08 22:00:01+00:00,0.00090875,15.841649,0.00213905,0.0004938,315.37018,321.98395,6696.814,spacetrack,2026-09-07 16:00:02+00:00,317.08527,6698.236,0.00058032,29.99972222222222,-1.3720847044879847,-1.1376105334305218,300-350,storm_main,29.36667006175983
47728,2026-09-09 14:00:02+00:00,0.0005161,15.844416,0.00121488,0.0004987,314.5582,321.23682,6696.0347,spacetrack,2026-09-08 22:00:01+00:00,315.37018,6696.814,0.00090875,16.00027777777778,-1.2179488550546078,-1.168929706081714,300-350,storm_recovery,10.499973958785437
47728,2026-09-10 22:00:03.999000+00:00,0.00069528,15.849191,0.00168668,0.0005539,312.84436,320.2607,6694.6895,spacetrack,2026-09-09 14:00:02+00:00,314.5582,6696.0347,0.0005161,32.00055527777778,-1.285357695919846,-1.0088824934364062,300-350,storm_recovery,10.125032535242726
47728,2026-09-11 20:00:01+00:00,0.00088064,15.852339,0.00218364,0.0005925,311.7002,319.63235,6693.803,spacetrack,2026-09-10 22:00:03.999000+00:00,312.84436,6694.6895,0.00069528,21.999166944444447,-1.2482218108233663,-0.9671275304988538,300-350,storm_recovery,8.68159151632522
47728,2026-09-12 22:00:01.999000+00:00,0.00055274,15.856806,0.00138531,0.0006288,310.20084,318.6174,6692.546,spacetrack,2026-09-11 20:00:01+00:00,311.7002,6693.803,0.00088064,26.0002775,-1.3840098437410608,-1.1602953083862497,300-350,storm_recovery,7.346118132777621
47728,2026-09-13 20:00:01.999000+00:00,0.00099547,15.859896,0.00257345,0.0006599,309.12402,317.95572,6691.677,spacetrack,2026-09-12 22:00:01.999000+00:00,310.20084,6692.546,0.00055274,22.0,-1.174712727272787,-0.9480000000006508,300-350,storm_recovery,6.409040429292929
47736,2026-09-08 23:25:50.049000+00:00,0.00072091,15.738607,0.00104796,0.0002892,345.92996,349.8203,6726.012,spacetrack,2026-09-07 21:31:13.389000+00:00,346.69083,6726.646,0.00067018,25.910183333333336,-0.7047761787353982,-0.5872594494700094,300-350,storm_main,29.36321140786988
47736,2026-09-09 20:45:57.116000+00:00,0.00067664,15.740134,0.00098906,0.0003051,345.38797,349.4919,6725.577,spacetrack,2026-09-08 23:25:50.049000+00:00,345.92996,6726.012,0.00072091,21.33529638888889,-0.609682648082368,-0.489329972721859,300-350,storm_recovery,11.484698471821611
47736,2026-09-10 21:08:47.688000+00:00,0.00062124,15.741784,0.0009133,0.000345,344.65005,349.29037,6725.1074,spacetrack,2026-09-09 20:45:57.116000+00:00,345.38797,6725.577,0.00067664,24.380714444444443,-0.7263970889923991,-0.46226701131708114,300-350,storm_recovery,8.829559821029765
47736,2026-09-11 21:31:27.958000+00:00,0.00057349,15.743547,0.00084848,0.000359,344.05383,348.88208,6724.605,spacetrack,2026-09-10 21:08:47.688000+00:00,344.65005,6725.1074,0.00062124,24.37785277777778,-0.5869786863691444,-0.494612881204975,300-350,storm_recovery,8.569748588968563
47736,2026-09-12 20:22:34.556000+00:00,0.00061776,15.745314,0.00092234,0.0003721,343.46295,348.467,6724.102,spacetrack,2026-09-11 21:31:27.958000+00:00,344.05383,6724.605,0.00057349,22.851832777777776,-0.6205681678972835,-0.5282727261916704,300-350,storm_recovery,7.738286661616906
47736,2026-09-13 20:44:56.145000+00:00,0.00056682,15.747065,0.00085155,0.0003902,342.8431,348.0902,6723.6035,spacetrack,2026-09-12 20:22:34.556000+00:00,343.46295,6724.102,0.00061776,24.372663611111115,-0.6103723514740396,-0.4908778207786229,300-350,storm_recovery,6.113110921663386
47746,2026-09-08 21:14:23.482000+00:00,0.00072688,15.761098,0.00116747,0.0003786,338.93103,344.01913,6719.6123,spacetrack,2026-09-07 22:24:37.781000+00:00,339.57898,6720.234,0.00068124,22.829361388888888,-0.6811754273410444,-0.6535793860303257,300-350,storm_main,30.63870244289819
47746,2026-09-09 21:35:16.651000+00:00,0.000746,15.7631445,0.00120995,0.0004224,338.05515,343.73138,6719.0303,spacetrack,2026-09-08 21:14:23.482000+00:00,338.93103,6719.6123,0.00072688,24.3481025,-0.8633576271497906,-0.5736792014895701,300-350,storm_recovery,11.847233749187096
47746,2026-09-10 21:55:58.706000+00:00,0.00059449,15.765065,0.00096839,0.0004422,337.37674,343.31857,6718.485,spacetrack,2026-09-09 21:35:16.651000+00:00,338.05515,6719.0303,0.000746,24.345015277777776,-0.6687956369804844,-0.5375720594417681,300-350,storm_recovery,8.796058695793933
47746,2026-09-11 20:45:13.312000+00:00,0.00059282,15.766907,0.00097368,0.0004578,336.749,342.89996,6717.9614,spacetrack,2026-09-10 21:55:58.706000+00:00,337.37674,6718.485,0.00059449,22.82072388888889,-0.6601788827274829,-0.5506573788444635,300-350,storm_recovery,8.536937977646682
47746,2026-09-12 21:05:34.231000+00:00,0.00063659,15.768923,0.0010566,0.0004883,335.97168,342.5319,6717.3887,spacetrack,2026-09-11 20:45:13.312000+00:00,336.749,6717.9614,0.00059282,24.339144166666664,-0.7664887422603127,-0.5647199386253327,300-350,storm_recovery,7.574488872914014
47746,2026-09-13 18:23:13.526000+00:00,0.00064274,15.770652,0.00107542,0.000513,335.31497,342.2065,6716.898,spacetrack,2026-09-12 21:05:34.231000+00:00,335.97168,6717.3887,0.00063659,21.29424861111111,-0.7401547848828753,-0.5530507422488674,300-350,storm_recovery,6.640422769345844
47762,2026-09-08 20:36:06.644000+00:00,0.00097577,16.221018,0.02330518,0.0012897,205.35002,222.3534,6591.989,spacetrack,2026-09-07 20:54:41.019000+00:00,216.42804,6603.1973,0.00092501,23.69045138888889,-11.22276969887951,-11.35475198780592,200-250,storm_main,31.127310692745702
47767,2026-09-08 22:00:01+00:00,0.0010103,15.9328985,0.00364972,0.0007649,287.9809,298.18652,6671.2207,spacetrack,2026-09-07 16:00:02+00:00,290.86728,6673.614,0.00057279,29.99972222222222,-2.3091253807905425,-1.9146577283120803,250-300,storm_main,29.36667006175983
47767,2026-09-09 14:00:02+00:00,0.0008234,15.937144,0.00303719,0.0007779,286.71027,297.08752,6670.036,spacetrack,2026-09-08 22:00:01+00:00,287.9809,6671.2207,0.0010103,16.00027777777778,-1.9059119112516003,-1.7770191489727978,250-300,storm_recovery,10.499973958785437
47767,2026-09-10 22:00:03.999000+00:00,0.00085959,15.945486,0.00331975,0.0008471,283.92426,295.22067,6667.7095,spacetrack,2026-09-09 14:00:02+00:00,286.71027,6670.036,0.0008234,32.00055527777778,-2.089471242595347,-1.7448447227032118,250-300,storm_recovery,10.125032535242726
47767,2026-09-11 20:00:01+00:00,0.0009628,15.9512,0.0038407,0.0008948,282.0152,293.9449,6666.117,spacetrack,2026-09-10 22:00:03.999000+00:00,283.92426,6667.7095,0.00085959,21.999166944444447,-2.082689772558445,-1.7373385136133876,250-300,storm_recovery,8.68159151632522
47767,2026-09-12 22:00:01.999000+00:00,0.00076502,15.958766,0.00317588,0.0009412,279.6009,292.14523,6664.0103,spacetrack,2026-09-11 20:00:01+00:00,282.0152,6666.117,0.0009628,26.0002775,-2.2285608297834227,-1.9446253987099396,250-300,storm_recovery,7.346118132777621
47767,2026-09-13 20:00:01.999000+00:00,0.00096398,15.965121,0.00415435,0.0009863,277.53345,290.67538,6662.241,spacetrack,2026-09-12 22:00:01.999000+00:00,279.6009,6664.0103,0.00076502,22.0,-2.2554000000000087,-1.9301454545453782,250-300,storm_recovery,6.409040429292929
47862,2026-09-08 19:49:29.208000+00:00,0.0011104,16.14871,0.0146959,0.0009959,226.93,240.09908,6611.6514,spacetrack,2026-09-07 20:02:22.743000+00:00,234.85606,6619.2134,0.00094526,23.785129166666664,-7.997662685245743,-7.6303138287910315,200-250,storm_main,31.50292446383253
47862,2026-09-09 19:34:06.327000+00:00,0.00094195,16.178057,0.01597932,0.0010783,218.39546,232.6369,6603.6533,spacetrack,2026-09-08 19:49:29.208000+00:00,226.93,6611.6514,0.0011104,23.74364416666667,-8.626685885377107,-8.084454039682623,200-250,storm_recovery,11.84125993998464
47862,2026-09-10 19:15:52.380000+00:00,0.00091438,16.214582,0.02065162,0.0011639,207.92105,223.26994,6593.7324,spacetrack,2026-09-09 19:34:06.327000+00:00,218.39546,6603.6533,0.00094195,23.696125833333333,-10.608731645338233,-10.048123548747547,200-250,storm_recovery,9.475466119619906
47879,2026-09-08 23:29:31.165000+00:00,0.00089706,16.08893,0.00804993,0.0005996,245.90765,253.85597,6628.019,spacetrack,2026-09-07 20:38:32.585000+00:00,251.19688,6632.9004,0.00086936,26.849605555555556,-4.727872807566595,-4.363326670017481,250-300,storm_main,29.34998300202631
47879,2026-09-09 23:20:00.107000+00:00,0.0008015,16.104593,0.0079729,0.0006467,241.29988,249.867,6623.72,spacetrack,2026-09-08 23:29:31.165000+00:00,245.90765,6628.019,0.00089706,23.841372777777778,-4.638427536482961,-4.327603152791958,200-250,storm_recovery,11.56059699535851
47879,2026-09-10 23:09:01.634000+00:00,0.000773,16.121761,0.00862746,0.0007246,236.08435,245.67664,6619.0176,spacetrack,2026-09-09 23:20:00.107000+00:00,241.29988,6623.72,0.0008015,23.817090833333335,-5.255583936591193,-4.738513229418118,200-250,storm_recovery,8.725040831148249
47879,2026-09-11 19:58:07.512000+00:00,0.00082056,16.138447,0.01024796,0.0007989,231.03317,241.60175,6614.4546,spacetrack,2026-09-10 23:09:01.634000+00:00,236.08435,6619.0176,0.000773,20.818299444444445,-5.823161508628919,-5.260372024729749,200-250,storm_recovery,8.505476979000766
47879,2026-09-12 13:47:42.036000+00:00,0.00080785,16.154377,0.01126415,0.0008529,226.33017,237.60568,6610.105,spacetrack,2026-09-11 19:58:07.512000+00:00,231.03317,6614.4546,0.00082056,17.826256666666666,-6.331783621799833,-5.855991078329465,200-250,storm_recovery,8.509361191366219
47879,2026-09-13 13:31:59.366000+00:00,0.00080831,16.179886,0.01385792,0.0009424,218.79604,231.24167,6603.156,spacetrack,2026-09-12 13:47:42.036000+00:00,226.33017,6610.105,0.00080785,23.738147222222224,-7.617238123400302,-7.025653621520432,200-250,storm_recovery,6.618069836724363
47993,2026-09-08 22:00:01+00:00,0.0009382,15.898178,0.00282019,0.0004951,299.48557,306.101,6680.93,spacetrack,2026-09-07 16:00:02+00:00,301.18225,6682.92,0.00096801,29.99972222222222,-1.3573565681163833,-1.592014740877056,300-350,storm_main,29.36667006175983
47993,2026-09-09 14:00:02+00:00,0.00093182,15.901086,0.00284308,0.0005067,298.59396,305.3636,6680.1157,spacetrack,2026-09-08 22:00:01+00:00,299.48557,6680.93,0.0009382,16.00027777777778,-1.3373917813927054,-1.2214287946389861,250-300,storm_recovery,10.499973958785437
47993,2026-09-10 22:00:03.999000+00:00,0.00080615,15.908038,0.00254487,0.0004833,296.8047,303.25983,6678.1694,spacetrack,2026-09-09 14:00:02+00:00,298.59396,6680.1157,0.00093182,32.00055527777778,-1.3419217143966071,-1.4596996706632224,250-300,storm_recovery,10.125032535242726
47993,2026-09-11 20:00:01+00:00,0.00073589,15.912571,0.00237563,0.0004813,295.55057,301.97775,6676.9014,spacetrack,2026-09-10 22:00:03.999000+00:00,296.8047,6678.1694,0.00080615,21.999166944444447,-1.3681936264228332,-1.3833251084848843,250-300,storm_recovery,8.68159151632522
47993,2026-09-12 22:00:01.999000+00:00,0.00064867,15.917907,0.0021493,0.0004633,294.17923,300.36465,6675.409,spacetrack,2026-09-11 20:00:01+00:00,295.55057,6676.9014,0.00073589,26.0002775,-1.265838797297429,-1.3775852969262399,250-300,storm_recovery,7.346118132777621
47993,2026-09-13 20:00:01.999000+00:00,0.00075095,15.922725,0.00255771,0.000473,292.76843,299.0821,6674.062,spacetrack,2026-09-12 22:00:01.999000+00:00,294.17923,6675.409,0.00064867,22.0,-1.53905454545454,-1.4694545454542756,250-300,storm_recovery,6.409040429292929
48022,2026-09-08 22:48:14.227000+00:00,0.00077814,15.802049,0.00150971,0.0004859,326.60147,333.12033,6707.998,spacetrack,2026-09-07 22:30:54.759000+00:00,327.39014,6708.874,0.00072585,24.288741111111108,-0.7792944028433157,-0.8655862361836146,300-350,storm_main,29.625764843400006
48022,2026-09-09 13:58:55.887000+00:00,0.00061067,15.803577,0.00118718,0.0004823,326.19308,332.66318,6707.565,spacetrack,2026-09-08 22:48:14.227000+00:00,326.60147,6707.998,0.00077814,15.17823888888889,-0.6457508062529533,-0.6846644117327213,300-350,storm_recovery,10.259886668889635
48022,2026-09-10 22:00:03.999000+00:00,0.00032217,15.807402,0.00063002,0.0004709,325.1883,331.50446,6706.4834,spacetrack,2026-09-09 13:58:55.887000+00:00,326.19308,6707.565,0.00061067,32.01892,-0.7531397061487264,-0.8107206614085863,300-350,storm_recovery,10.126107938681255
48022,2026-09-11 20:00:01+00:00,0.0004168,15.809684,0.0008277,0.0004586,324.62573,330.7763,6705.838,spacetrack,2026-09-10 22:00:03.999000+00:00,325.1883,6706.4834,0.00032217,21.999166944444447,-0.6137359670981023,-0.7040993888143445,300-350,storm_recovery,8.68159151632522
48022,2026-09-12 22:00:01.999000+00:00,0.00038143,15.812315,0.00076556,0.0004347,324.04224,329.87164,6705.0938,spacetrack,2026-09-11 20:00:01+00:00,324.62573,6705.838,0.0004168,26.0002775,-0.5386004053225817,-0.6869465143209414,300-350,storm_recovery,7.346118132777621
48022,2026-09-13 20:00:01.999000+00:00,0.00026683,15.814798,0.00053822,0.0004342,323.34406,329.16617,6704.392,spacetrack,2026-09-12 22:00:01.999000+00:00,324.04224,6705.0938,0.00038143,22.0,-0.7616509090908866,-0.7655999999998048,300-350,storm_recovery,6.409040429292929
48376,2026-09-08 22:00:01+00:00,0.00078865,15.862502,0.00205027,0.0005899,308.85986,316.75385,6690.944,spacetrack,2026-09-07 16:00:02+00:00,310.43356,6692.583,0.00094056,29.99972222222222,-1.2589716571449527,-1.3112121408525275,300-350,storm_main,29.36667006175983
48376,2026-09-09 14:00:02+00:00,0.00058861,15.865077,0.00153863,0.000574,308.24268,315.92307,6690.2197,spacetrack,2026-09-08 22:00:01+00:00,308.85986,6690.944,0.00078865,16.00027777777778,-0.9257539278832247,-1.0864311383494427,300-350,storm_recovery,10.499973958785437
48376,2026-09-10 22:00:03.999000+00:00,0.00061285,15.869991,0.00164335,0.0005627,306.93787,314.46548,6688.839,spacetrack,2026-09-09 14:00:02+00:00,308.24268,6690.2197,0.00058861,32.00055527777778,-0.9785905190759993,-1.0355070314359267,300-350,storm_recovery,10.125032535242726
48376,2026-09-11 20:00:01+00:00,0.00069179,15.873368,0.00189236,0.000547,306.0946,313.41116,6687.8896,spacetrack,2026-09-10 22:00:03.999000+00:00,306.93787,6688.839,0.00061285,21.999166944444447,-0.9199657446624356,-1.035748310721488,300-350,storm_recovery,8.68159151632522
48376,2026-09-12 22:00:01.999000+00:00,0.00065662,15.877625,0.00183265,0.0005232,305.059,312.05597,6686.6943,spacetrack,2026-09-11 20:00:01+00:00,306.0946,6687.8896,0.00069179,26.0002775,-0.955928258842611,-1.103342070099351,300-350,storm_recovery,7.346118132777621
48376,2026-09-13 20:00:01.999000+00:00,0.00071019,15.881528,0.00202595,0.0005103,304.05026,310.87357,6685.599,spacetrack,2026-09-12 22:00:01.999000+00:00,305.059,6686.6943,0.00065662,22.0,-1.1004436363636863,-1.194872727272675,300-350,storm_recovery,6.409040429292929
48427,2026-09-08 06:05:31.900000+00:00,0.00068158,16.065016,0.00542964,0.0005804,252.60712,260.30856,6634.5947,spacetrack,2026-09-07 07:42:57.470000+00:00,254.93904,6637.2026,0.00052119,22.376230555555555,-2.5011397635114507,-2.7971467242707524,250-300,storm_main,25.631572838390145
48427,2026-09-09 05:56:38.454000+00:00,0.00062904,16.076588,0.00539277,0.0005746,249.4632,257.084,6631.4106,spacetrack,2026-09-08 06:05:31.900000+00:00,252.60712,6634.5947,0.00068158,23.851820555555555,-3.1634516042183405,-3.2038812224833886,250-300,storm_recovery,23.44872335275036
48427,2026-09-10 19:10:43.511000+00:00,0.00063682,16.094639,0.00613003,0.0005206,244.86458,251.76404,6626.451,spacetrack,2026-09-09 05:56:38.454000+00:00,249.4632,6631.4106,0.00062904,37.23473805555555,-2.964083696126154,-3.1967567442640714,200-250,storm_recovery,10.527667379782606
48427,2026-09-11 11:32:53.740000+00:00,0.00063708,16.103205,0.00648609,0.0005037,242.62787,249.301,6624.1016,spacetrack,2026-09-10 19:10:43.511000+00:00,244.86458,6626.451,0.00063682,16.369508055555556,-3.2793312919248785,-3.4445506736450175,200-250,storm_recovery,9.2772562618075
48427,2026-09-12 11:20:31.367000+00:00,0.00067204,16.117077,0.00749735,0.000465,239.08443,245.24132,6620.3,spacetrack,2026-09-11 11:32:53.740000+00:00,242.62787,6624.1016,0.00063708,23.793785277777776,-3.5741500987413577,-3.8345475062014156,200-250,storm_recovery,8.048290002243466
48427,2026-09-13 11:06:53.432000+00:00,0.00062381,16.131311,0.0076731,0.0004988,234.96764,241.56816,6616.405,spacetrack,2026-09-12 11:20:31.367000+00:00,239.08443,6620.3,0.00067204,23.772795833333333,-4.156135470673684,-3.9322257531415925,200-250,storm_recovery,6.951900412779243
48442,2026-09-08 21:00:33.091000+00:00,0.00079555,15.750351,0.00122058,0.0004995,341.1734,347.88934,6722.6685,spacetrack,2026-09-07 20:38:27.324000+00:00,341.98965,6723.2974,0.0011562,24.368268611111112,-0.8039143163034099,-0.619395667410385,300-350,storm_main,30.811912046320433
48442,2026-09-09 19:51:03.919000+00:00,0.00075688,15.7524,0.00117075,0.0005167,340.47482,347.42142,6722.085,spacetrack,2026-09-08 21:00:33.091000+00:00,341.1734,6722.6685,0.00079555,22.841896666666663,-0.733998592352729,-0.6130839397601195,300-350,storm_recovery,11.716559877032978
48442,2026-09-10 22:00:03.999000+00:00,0.00016256,15.755012,0.00024653,0.0005666,339.3971,347.01373,6721.3423,spacetrack,2026-09-09 19:51:03.919000+00:00,340.47482,6722.085,0.00075688,26.150022222222223,-0.9891112053442057,-0.6816361320277349,300-350,storm_recovery,9.149017113645963
48442,2026-09-11 19:02:54.601000+00:00,0.00068089,15.756504,0.00107057,0.0005629,338.9979,346.5643,6720.918,spacetrack,2026-09-10 22:00:03.999000+00:00,339.3971,6721.3423,0.00016256,21.047389444444445,-0.45520134576732874,-0.48382247246828713,300-350,storm_recovery,8.893296320913485
48442,2026-09-12 19:24:13.439000+00:00,0.00064536,15.758557,0.00102315,0.0006029,338.14548,346.24884,6720.334,spacetrack,2026-09-11 19:02:54.601000+00:00,338.9979,6720.918,0.00068089,24.35523277777778,-0.8399870445363289,-0.5754820792673545,300-350,storm_recovery,7.5721276324396545
48442,2026-09-13 18:14:01.488000+00:00,0.00081135,15.760635,0.00130427,0.0006333,337.3508,345.86203,6719.7437,spacetrack,2026-09-12 19:24:13.439000+00:00,338.14548,6720.334,0.00064536,22.83001361111111,-0.8354055466142336,-0.6205515354183238,300-350,storm_recovery,6.476236222616746
48465,2026-09-08 20:16:33.204000+00:00,0.0011979,16.040592,0.00797638,0.0009421,256.93402,269.4476,6641.3276,spacetrack,2026-09-07 18:50:35.831000+00:00,261.40607,6645.447,0.00092368,25.432603611111112,-4.2201420523500826,-3.8873566195487377,250-300,storm_main,30.99838418256059
48465,2026-09-09 18:41:08.063000+00:00,0.0019941,16.068144,0.01538594,0.000522,252.13379,259.05942,6633.7334,spacetrack,2026-09-08 20:16:33.204000+00:00,256.93402,6641.3276,0.0011979,22.409683055555554,-5.1408812750450235,-8.133127074941164,250-300,storm_recovery,11.653232452504193
48465,2026-09-10 18:33:28.182000+00:00,0.00097343,16.083906,0.00844455,0.0004713,248.13744,254.3863,6629.399,spacetrack,2026-09-09 18:41:08.063000+00:00,252.13379,6633.7334,0.0019941,23.87225527777778,-4.01773518605438,-4.357594152272198,250-300,storm_recovery,9.841873537550024
48465,2026-09-11 13:56:13.310000+00:00,0.00088159,16.096657,0.00831219,0.000545,244.14928,251.3715,6625.8975,spacetrack,2026-09-10 18:33:28.182000+00:00,248.13744,6629.399,0.00097343,19.379202222222222,-4.93910115093603,-4.33640141819888,200-250,storm_recovery,9.143924483303465
48465,2026-09-12 15:15:14.655000+00:00,0.00091464,16.115751,0.00976967,0.0006146,238.45677,246.5949,6620.6626,spacetrack,2026-09-11 13:56:13.310000+00:00,244.14928,6625.8975,0.00088159,25.317040277777778,-5.396374872457718,-4.962570609420267,200-250,storm_recovery,7.774885097427518
48465,2026-09-13 15:03:09.045000+00:00,0.0009051,16.136501,0.01110982,0.0006878,232.2993,241.39888,6614.9863,spacetrack,2026-09-12 15:15:14.655000+00:00,238.45677,6620.6626,0.00091464,23.798441666666665,-6.2096200276418845,-5.724374810255517,200-250,storm_recovery,6.510497536078167
48562,2026-09-08 22:00:01+00:00,0.00042924,15.827318,0.0009279,0.000708,317.97485,327.46326,6700.856,spacetrack,2026-09-07 14:37:24.673000+00:00,319.50595,6702.1343,0.00062599,31.3767575,-1.1711343978102116,-0.9777683369608434,300-350,storm_main,28.959377414954364
48562,2026-09-09 14:00:02+00:00,0.00065573,15.828779,0.00143968,0.0007265,317.43887,327.17462,6700.444,spacetrack,2026-09-08 22:00:01+00:00,317.97485,6700.856,0.00042924,16.00027777777778,-0.8039560424298113,-0.617989271018629,300-350,storm_recovery,10.499973958785437
48562,2026-09-10 22:00:03.999000+00:00,0.00042722,15.83252,0.00094683,0.0007285,316.37085,326.13184,6699.388,spacetrack,2026-09-09 14:00:02+00:00,317.43887,6700.444,0.00065573,32.00055527777778,-0.801001100684018,-0.7919862571138436,300-350,storm_recovery,10.125032535242726
48562,2026-09-11 20:00:01+00:00,0.00030941,15.835182,0.00069049,0.000755,315.44293,325.55786,6698.637,spacetrack,2026-09-10 22:00:03.999000+00:00,316.37085,6699.388,0.00042722,21.999166944444447,-1.012314696108284,-0.8193037511612037,300-350,storm_recovery,8.68159151632522
48562,2026-09-12 22:00:01.999000+00:00,0.00066415,15.837555,0.00152182,0.0007514,314.79834,324.86404,6697.9683,spacetrack,2026-09-11 20:00:01+00:00,315.44293,6698.637,0.00030941,26.0002775,-0.5949998033674776,-0.6172549504512901,300-350,storm_recovery,7.346118132777621
48562,2026-09-13 20:00:01.999000+00:00,0.0058368,15.836523,0.01484482,0.0007829,314.87808,325.3662,6698.2593,spacetrack,2026-09-12 22:00:01.999000+00:00,314.79834,6697.9683,0.00066415,22.0,0.08698909090910754,0.31745454545373586,300-350,storm_recovery,6.409040429292929
48582,2026-09-08 22:00:01+00:00,0.00046706,15.779431,0.00081063,0.0010388,329.29434,343.24417,6714.4062,spacetrack,2026-09-07 11:51:32.147000+00:00,330.82367,6715.8315,0.00068217,34.141348055555554,-1.0750577259068668,-1.0019288032896179,300-350,storm_main,27.878602292383285
48582,2026-09-09 14:00:02+00:00,0.0011497,15.780911,0.00204801,0.0010626,328.71506,342.98364,6713.9863,spacetrack,2026-09-08 22:00:01+00:00,329.29434,6714.4062,0.00046706,16.00027777777778,-0.8689049148452027,-0.6298390652951752,300-350,storm_recovery,10.499973958785437
48582,2026-09-10 22:00:03.999000+00:00,0.0009672,15.785333,0.00175024,0.0010441,327.58698,341.6045,6712.733,spacetrack,2026-09-09 14:00:02+00:00,328.71506,6713.9863,0.0011497,32.00055527777778,-0.8460453190573627,-0.9399586894316658,300-350,storm_recovery,10.125032535242726
48582,2026-09-11 20:00:01+00:00,0.0005887,15.788618,0.00107024,0.0010541,326.5894,340.7392,6711.8013,spacetrack,2026-09-10 22:00:03.999000+00:00,327.58698,6712.733,0.0009672,21.999166944444447,-1.0883103010428068,-1.016438488624183,300-350,storm_recovery,8.68159151632522
48582,2026-09-12 22:00:01.999000+00:00,0.00092577,15.791858,0.00172469,0.0010395,325.77045,339.72235,6710.8833,spacetrack,2026-09-11 20:00:01+00:00,326.5894,6711.8013,0.0005887,26.0002775,-0.7559457778864362,-0.8473755712796516,300-350,storm_recovery,7.346118132777621
48582,2026-09-13 20:00:01.999000+00:00,0.0005784,15.795307,0.00108401,0.0010408,324.7856,338.75296,6709.9062,spacetrack,2026-09-12 22:00:01.999000+00:00,325.77045,6710.8833,0.00092577,22.0,-1.074381818181812,-1.0659272727273426,300-350,storm_recovery,6.409040429292929
48909,2026-09-08 14:48:32.856000+00:00,0.00063356,16.063301,0.00465496,0.0002773,255.09026,258.77005,6635.0674,spacetrack,2026-09-07 13:23:03.199000+00:00,258.047,6637.8203,0.00055096,25.424904722222223,-2.7910334679829742,-2.59861740768935,250-300,storm_main,29.342782820654513
48909,2026-09-10 13:07:51.401000+00:00,0.00056711,16.081604,0.0046705,0.0002884,249.9827,253.8069,6630.0317,spacetrack,2026-09-08 14:48:32.856000+00:00,255.09026,6635.0674,0.00063356,46.32181805555556,-2.6463002780457248,-2.609068578764771,250-300,storm_recovery,13.328011329194556
48909,2026-09-11 13:01:06.662000+00:00,0.00057427,16.091194,0.0050262,0.0003058,247.23343,251.28674,6627.397,spacetrack,2026-09-10 13:07:51.401000+00:00,249.9827,6630.0317,0.00056711,23.8875725,-2.7622095129172246,-2.6471002861421216,200-250,storm_recovery,8.497646736603311
48909,2026-09-12 12:53:29.947000+00:00,0.00057143,16.101265,0.00533573,0.0003083,244.45384,248.53859,6624.6333,spacetrack,2026-09-11 13:01:06.662000+00:00,247.23343,6627.397,0.00057427,23.873134722222222,-2.794361141769234,-2.778386700019184,200-250,storm_recovery,7.919986663297778
48909,2026-09-13 12:44:56.714000+00:00,0.00057537,16.112343,0.00577463,0.0003172,241.35931,245.56006,6621.5967,spacetrack,2026-09-12 12:53:29.947000+00:00,244.45384,6624.6333,0.00057143,23.85743527777778,-3.113021962975993,-3.0547457910487106,200-250,storm_recovery,6.685709115118979
48931,2026-09-08 12:42:00.793000+00:00,0.00038316,15.768122,0.00061672,0.0003959,336.8199,342.13892,6717.616,spacetrack,2026-09-07 19:56:45.461000+00:00,337.05627,6717.869,0.00031982,16.754258888888888,-0.3385933115645787,-0.36241531423509743,300-350,storm_main,33.23715434410608
48931,2026-09-09 11:32:43.702000+00:00,0.00031302,15.769196,0.00050528,0.0003883,336.56604,341.7827,6717.3115,spacetrack,2026-09-08 12:42:00.793000+00:00,336.8199,6717.616,0.00038316,22.8452525,-0.26669173387340567,-0.31989140851056647,300-350,storm_recovery,16.026998485668837
48931,2026-09-10 13:26:05.838000+00:00,0.00030496,15.770386,0.00049473,0.0003677,336.3665,341.30615,6716.973,spacetrack,2026-09-09 11:32:43.702000+00:00,336.56604,6717.3115,0.00031302,25.88948222222222,-0.18497704816551777,-0.31379538340179425,300-350,storm_recovery,11.601967126590319
48931,2026-09-11 12:16:37.577000+00:00,0.00030092,15.771331,0.00049017,0.0003547,336.1857,340.95053,6716.705,spacetrack,2026-09-10 13:26:05.838000+00:00,336.3665,6716.973,0.00030496,22.842149722222224,-0.18996460721812014,-0.2815847053897585,300-350,storm_recovery,8.474655400392297
48931,2026-09-12 12:38:26.224000+00:00,0.00030208,15.772286,0.00049416,0.0003425,335.99655,340.5973,6716.434,spacetrack,2026-09-11 12:16:37.577000+00:00,336.1857,6716.705,0.00030092,24.363513055555554,-0.18632780870509374,-0.26695657498828756,300-350,storm_recovery,7.962332094804745
48931,2026-09-13 13:00:09.338000+00:00,0.00031267,15.773296,0.00051393,0.0003442,335.69827,340.3217,6716.147,spacetrack,2026-09-12 12:38:26.224000+00:00,335.99655,6716.434,0.00030208,24.36197611111111,-0.2938480838890501,-0.28273568484720657,300-350,storm_recovery,6.6714064679619005
48948,2026-09-08 12:41:33.107000+00:00,0.0003843,15.768163,0.00061873,0.000425,336.6127,342.32266,6717.6045,spacetrack,2026-09-07 13:50:44.324000+00:00,336.8474,6717.9385,0.0003194,22.846884166666666,-0.24654565405542672,-0.3508574710459308,300-350,storm_main,30.312709842770563
48948,2026-09-09 00:52:36.545000+00:00,0.00038966,15.768825,0.00062928,0.000419,336.46506,342.09427,6717.4165,spacetrack,2026-09-08 12:41:33.107000+00:00,336.6127,6717.6045,0.0003843,12.184288333333335,-0.29081386643705565,-0.3703129699958494,300-350,storm_recovery,22.019026096404023
48948,2026-09-10 13:25:38.017000+00:00,0.00030682,15.770357,0.00049775,0.0004,336.15765,341.53125,6716.9814,spacetrack,2026-09-09 00:52:36.545000+00:00,336.46506,6717.4165,0.00038966,36.55040888888889,-0.2018538293902076,-0.28569858224455835,300-350,storm_recovery,10.897914358337623
48948,2026-09-11 13:47:31.819000+00:00,0.00031945,15.771395,0.0005208,0.0003818,335.98538,341.11426,6716.687,spacetrack,2026-09-10 13:25:38.017000+00:00,336.15765,6716.9814,0.00030682,24.364945,-0.16968969148090657,-0.28999039398588616,300-350,storm_recovery,8.507489140648584
48948,2026-09-12 14:09:19.877000+00:00,0.00030933,15.772401,0.00050642,0.0003838,335.68646,340.84195,6716.4014,spacetrack,2026-09-11 13:47:31.819000+00:00,335.98538,6716.687,0.00031945,24.363349444444445,-0.29446197520415773,-0.28134062665044646,300-350,storm_recovery,7.837965902745218
48948,2026-09-13 12:59:41.206000+00:00,0.0003007,15.77331,0.00049415,0.0003727,335.50323,340.50943,6716.1436,spacetrack,2026-09-12 14:09:19.877000+00:00,335.68646,6716.4014,0.00030933,22.839258055555554,-0.19254215654922366,-0.2709019699736148,300-350,storm_recovery,6.650183080840253
48957,2026-09-08 12:41:22.886000+00:00,0.00037827,15.768116,0.00060879,0.0004204,336.65692,342.30508,6717.618,spacetrack,2026-09-07 13:50:33.908000+00:00,336.89978,6717.943,0.00030782,22.846938333333334,-0.2551168964069151,-0.34140241839824786,300-350,storm_main,30.311803655481288
48957,2026-09-09 11:32:05.926000+00:00,0.00030374,15.769156,0.00049012,0.0004195,336.36752,342.00336,6717.3223,spacetrack,2026-09-08 12:41:22.886000+00:00,336.65692,6717.618,0.00037827,22.845288888888888,-0.30402767212885184,-0.31064610452203667,300-350,storm_recovery,16.03160121513018
48957,2026-09-10 13:25:28.315000+00:00,0.00031095,15.770344,0.0005045,0.0004141,336.06674,341.62976,6716.9854,spacetrack,2026-09-09 11:32:05.926000+00:00,336.36752,6717.3223,0.00030374,25.889552499999997,-0.2788275309123539,-0.3123113078144475,300-350,storm_recovery,11.603175997988634
48957,2026-09-11 13:47:22.218000+00:00,0.00030649,15.771373,0.00049946,0.0004035,335.84604,341.26642,6716.6934,spacetrack,2026-09-10 13:25:28.315000+00:00,336.06674,6716.9854,0.00031095,24.364973055555556,-0.21739404299449538,-0.28762601066735655,300-350,storm_recovery,8.507489707760469
48957,2026-09-12 20:14:36.733000+00:00,0.00029687,15.772577,0.00048624,0.0003871,335.61426,340.81406,6716.351,spacetrack,2026-09-11 13:47:22.218000+00:00,335.84604,6716.6934,0.00030649,30.454031944444445,-0.18265955753077645,-0.26983619164128286,300-350,storm_recovery,7.252524170878122
48957,2026-09-13 20:36:18.209000+00:00,0.00031957,15.773595,0.00052611,0.0003762,335.3988,340.45197,6716.0625,spacetrack,2026-09-12 20:14:36.733000+00:00,335.61426,6716.351,0.00029687,24.36152111111111,-0.21226260775817082,-0.2842187057372952,300-350,storm_recovery,6.125888759272422
48964,2026-09-08 13:23:33.849000+00:00,0.00062369,16.046612,0.00413918,0.0001476,260.54984,262.5099,6639.667,spacetrack,2026-09-07 13:26:23.216000+00:00,262.97348,6641.9556,0.00051019,23.952953611111113,-2.4284003110588097,-2.2930950767807525,250-300,storm_main,29.810246644020342
48964,2026-09-10 13:15:42.105000+00:00,0.00054872,16.0629,0.00402116,0.0001664,255.93599,258.14417,6635.1772,spacetrack,2026-09-08 13:23:33.849000+00:00,260.54984,6639.667,0.00062369,47.86896,-2.313240145597488,-2.251045353816061,250-300,storm_recovery,13.572784413253737
48964,2026-09-11 13:10:43.067000+00:00,0.0005454,16.070633,0.00419262,0.0001847,253.6868,256.13705,6633.049,spacetrack,2026-09-10 13:15:42.105000+00:00,255.93599,6635.1772,0.00054872,23.916933888888888,-2.2570016813517126,-2.135591469930489,250-300,storm_recovery,8.498263445651165
48964,2026-09-12 20:33:03.029000+00:00,0.00054288,16.081911,0.00447852,0.0001933,250.52864,253.09177,6629.9473,spacetrack,2026-09-11 13:10:43.067000+00:00,253.6868,6633.049,0.0005454,31.372211666666665,-2.416018379747647,-2.3728260152948715,250-300,storm_recovery,7.254690886118769
48964,2026-09-13 12:58:29.606000+00:00,0.00056158,16.08831,0.00482381,0.0001839,248.83336,251.27121,6628.1895,spacetrack,2026-09-12 20:33:03.029000+00:00,250.52864,6629.9473,0.00054288,16.424049166666666,-2.477264868554791,-2.5686235819122203,250-300,storm_recovery,7.347219068677019
49158,2026-09-08 18:37:02.329000+00:00,0.00066179,16.00334,0.00345247,0.0006231,269.34848,277.63776,6651.63,spacetrack,2026-09-07 16:00:02+00:00,271.60568,6653.835,0.00062221,26.616758055555554,-2.035289192129585,-1.9882211007644706,250-300,storm_main,31.19265991040377
49158,2026-09-09 17:06:54.418000+00:00,0.00054849,16.009388,0.00296116,0.0006163,267.71948,275.9162,6649.955,spacetrack,2026-09-08 18:37:02.329000+00:00,269.34848,6651.63,0.00066179,22.497802500000002,-1.7377697221762194,-1.7868411814889194,250-300,storm_recovery,11.66634107931208
49158,2026-09-10 17:06:12.531000+00:00,0.00056273,16.015917,0.00315593,0.0006317,265.81058,274.20987,6648.1475,spacetrack,2026-09-09 17:06:54.418000+00:00,267.71948,6649.955,0.00054849,23.988364722222222,-1.9098258897805762,-1.8083767068878702,250-300,storm_recovery,10.496366276553541
49158,2026-09-11 17:04:56.111000+00:00,0.0005371,16.02232,0.00312728,0.0006533,263.89682,272.58096,6646.376,spacetrack,2026-09-10 17:06:12.531000+00:00,265.81058,6648.1475,0.00056273,23.978772222222222,-1.9154542015055693,-1.7730682624606802,250-300,storm_recovery,8.589935808964364
49158,2026-09-12 17:03:04.920000+00:00,0.00054833,16.0289,0.00331915,0.0006524,262.08524,270.75507,6644.557,spacetrack,2026-09-11 17:04:56.111000+00:00,263.89682,6646.376,0.0005371,23.96911361111111,-1.8139143860474345,-1.821343947394567,250-300,storm_recovery,7.666671282947016
49158,2026-09-13 15:30:47.511000+00:00,0.00058293,16.035488,0.00367169,0.000705,259.9169,269.28317,6642.737,spacetrack,2026-09-12 17:03:04.920000+00:00,262.08524,6644.557,0.00054833,22.461830833333334,-2.316826281265215,-1.9446322218388334,250-300,storm_recovery,6.579871327645189
49176,2026-09-08 21:22:19.458000+00:00,0.001395,16.056757,0.00990566,0.0002388,257.14767,260.31744,6636.8696,spacetrack,2026-09-07 19:56:18.661000+00:00,262.4422,6642.2217,0.0015068,25.433554722222222,-4.996105396505022,-5.050430480634693,250-300,storm_main,30.48103680224627
49176,2026-09-09 22:46:45.347000+00:00,0.00058402,16.068483,0.00448523,0.0002557,253.80705,257.1995,6633.64,spacetrack,2026-09-08 21:22:19.458000+00:00,257.14767,6636.8696,0.001395,25.407191388888887,-3.155597908199418,-3.050726812483843,250-300,storm_recovery,11.83799016046299
49176,2026-09-10 19:41:29.067000+00:00,0.00056215,16.076042,0.00452741,0.0003056,251.39726,255.45047,6631.561,spacetrack,2026-09-09 22:46:45.347000+00:00,253.80705,6633.64,0.00058402,20.912144444444444,-2.765615939276132,-2.385981989201048,250-300,storm_recovery,8.770715687269439
49176,2026-09-11 22:33:50.388000+00:00,0.00054888,16.085896,0.0047068,0.0003625,248.31215,253.11807,6628.852,spacetrack,2026-09-10 19:41:29.067000+00:00,251.39726,6631.561,0.00056215,26.872589166666664,-2.7553221440918594,-2.419417034836495,250-300,storm_recovery,8.305204432757332
49176,2026-09-12 13:29:08.959000+00:00,0.00056244,16.09187,0.0050117,0.0003897,246.49214,251.6574,6627.212,spacetrack,2026-09-11 22:33:50.388000+00:00,248.31215,6628.852,0.00054888,14.92182527777778,-2.9272719112353096,-2.6377470093154507,200-250,storm_recovery,9.010477903442368
49176,2026-09-13 11:51:29.379000+00:00,0.00054935,16.100994,0.00519433,0.000428,243.73538,249.40613,6624.7075,spacetrack,2026-09-12 13:29:08.959000+00:00,246.49214,6627.212,0.00056244,22.372338888888887,-2.957323341497365,-2.686710598231306,200-250,storm_recovery,6.757171417780041
50163,2026-09-08 13:36:32.624000+00:00,0.00068423,15.831884,0.00152406,0.000312,319.34015,323.5207,6699.5674,spacetrack,2026-09-07 22:27:27.735000+00:00,319.86395,6700.1216,0.00064032,15.151358055555557,-0.8297078026870583,-0.8778619019655993,300-350,storm_main,33.11603050470961
50163,2026-09-09 13:50:51.191000+00:00,0.000552,15.834648,0.00124024,0.0003128,318.55545,322.74622,6698.7876,spacetrack,2026-09-08 13:36:32.624000+00:00,319.34015,6699.5674,0.00068423,24.238490833333334,-0.7769790672817127,-0.772127280064336,300-350,storm_recovery,15.420566830990932
50163,2026-09-10 22:00:03.999000+00:00,0.00065691,15.83833,0.00150806,0.0003024,317.5872,321.638,6697.7495,spacetrack,2026-09-09 13:50:51.191000+00:00,318.55545,6698.7876,0.000552,32.15355777777778,-0.7227194004658706,-0.7748567101713777,300-350,storm_recovery,10.133954555987964
50163,2026-09-11 20:00:01+00:00,0.0003283,15.840755,0.00075214,0.0002841,317.0264,320.83167,6697.066,spacetrack,2026-09-10 22:00:03.999000+00:00,317.5872,6697.7495,0.00065691,21.999166944444447,-0.611804984888223,-0.7456645990926873,300-350,storm_recovery,8.68159151632522
50163,2026-09-12 20:00:01.999000+00:00,0.00065732,15.843132,0.00154462,0.0002988,316.2584,320.26016,6696.3965,spacetrack,2026-09-11 20:00:01+00:00,317.0264,6697.066,0.0003283,24.0002775,-0.7679911201027029,-0.6694922589957263,300-350,storm_recovery,7.624958086422125
50163,2026-09-13 20:00:01.999000+00:00,0.0007841,15.846035,0.00187695,0.0003015,315.42273,319.46017,6695.5786,spacetrack,2026-09-12 20:00:01.999000+00:00,316.2584,6696.3965,0.00065732,24.0,-0.8356699999999933,-0.8179000000000087,300-350,storm_recovery,6.208287060185185
51053,2026-09-08 22:06:40.910000+00:00,0.00063741,15.857053,0.00156115,0.0003157,312.22662,316.45227,6692.4766,spacetrack,2026-09-07 23:23:27.869000+00:00,313.208,6693.3057,0.0005885,22.720289166666667,-1.0366558201448963,-0.8757987125089723,300-350,storm_main,29.980079136561262
51053,2026-09-09 22:20:31.328000+00:00,0.00056975,15.859777,0.00141132,0.0003311,311.3573,315.78857,6691.71,spacetrack,2026-09-08 22:06:40.910000+00:00,312.22662,6692.4766,0.00063741,24.23067166666667,-0.861044228860641,-0.759302104914751,300-350,storm_recovery,11.738591989780446
51053,2026-09-10 22:34:06.812000+00:00,0.00056329,15.862485,0.0014137,0.0003374,310.55408,315.06912,6690.9487,spacetrack,2026-09-09 22:20:31.328000+00:00,311.3573,6691.71,0.00056975,24.226523333333333,-0.7957097159490726,-0.7541816771894577,300-350,storm_recovery,8.78038821638598
51053,2026-09-11 22:47:27.881000+00:00,0.00054445,15.865093,0.00138325,0.0003465,309.7601,314.39642,6690.2153,spacetrack,2026-09-10 22:34:06.812000+00:00,310.55408,6690.9487,0.00056329,24.222519166666668,-0.786686135694024,-0.7266626513489922,300-350,storm_recovery,8.286290882512002
51053,2026-09-12 23:00:34.427000+00:00,0.00053184,15.867752,0.00136854,0.0003583,308.93396,313.72763,6689.468,spacetrack,2026-09-11 22:47:27.881000+00:00,309.7601,6690.2153,0.00054445,24.218485,-0.8186870483434543,-0.7405582966894871,300-350,storm_recovery,7.370432371526679
51053,2026-09-13 21:42:38.103000+00:00,0.00055291,15.870394,0.00144244,0.0003749,308.08093,313.09613,6688.7256,spacetrack,2026-09-12 23:00:34.427000+00:00,308.93396,6689.468,0.00053184,22.701021111111114,-0.9018413709143371,-0.7848809933611853,300-350,storm_recovery,6.2152931177496225
51103,2026-09-08 19:33:20.651000+00:00,0.00042101,14.647051,0.00012642,0.0472306,344.75565,1011.28894,7056.159,spacetrack,2026-09-07 18:57:45.640000+00:00,344.74854,7056.241,0.00037149,24.59305861111111,0.0069385432165473306,-0.08002257999413269,300-350,storm_main,31.486272532343165
51103,2026-09-09 20:08:53.921000+00:00,0.00033888,14.647266,0.00010155,0.0472216,344.75336,1011.15314,7056.0903,spacetrack,2026-09-08 19:33:20.651000+00:00,344.75565,7056.159,0.00042101,24.592575,-0.0022348208758290675,-0.06704462627420633,300-350,storm_recovery,11.950299023180778
51103,2026-09-10 17:27:41.491000+00:00,0.00031603,14.647444,9.462e-05,0.0472129,344.76038,1011.032,7056.033,spacetrack,2026-09-09 20:08:53.921000+00:00,344.75336,7056.0903,0.00033888,21.313213888888892,0.007904955154985106,-0.06452335190539224,300-350,storm_recovery,9.763096107435697
51103,2026-09-11 19:41:33.890000+00:00,0.00032679,14.647665,9.789e-05,0.0472027,344.76477,1010.8857,7055.9624,spacetrack,2026-09-10 17:27:41.491000+00:00,344.76038,7056.033,0.00031603,26.231221944444446,0.004016587569697002,-0.06459477959467207,300-350,storm_recovery,8.252126529158705
51103,2026-09-12 17:00:18.962000+00:00,0.00032889,14.647842,9.852e-05,0.0471938,344.77307,1010.763,7055.9053,spacetrack,2026-09-11 19:41:33.890000+00:00,344.76477,7055.9624,0.00032679,21.31252,0.00934661879498406,-0.06430023291472761,300-350,storm_recovery,8.035433971309926
51103,2026-09-13 06:07:13.872000+00:00,0.00028222,14.647931,8.438e-05,0.0471902,344.77136,1010.7078,7055.8765,spacetrack,2026-09-12 17:00:18.962000+00:00,344.77307,7055.9053,0.00032889,13.115252777777778,-0.003129181015070004,-0.05270199604328428,300-350,storm_recovery,7.763274228416405
51659,2026-09-08 16:28:05.222000+00:00,0.00061484,15.936512,0.00220251,0.0006371,287.82562,296.3248,6670.2124,spacetrack,2026-09-07 17:51:36.396000+00:00,288.9596,6671.369,0.00059425,22.608007222222223,-1.2038000400693911,-1.2278127712512192,250-300,storm_main,31.861903819573467
51659,2026-09-09 16:34:36.890000+00:00,0.00048953,15.940527,0.00178978,0.0006311,286.74646,295.16418,6669.0923,spacetrack,2026-09-08 16:28:05.222000+00:00,287.82562,6670.2124,0.00061484,24.108796666666667,-1.0742900343844082,-1.115045282918264,250-300,storm_recovery,13.414072097335428
51659,2026-09-10 16:40:47.019000+00:00,0.00051746,15.944577,0.00193315,0.0006167,285.71368,293.93793,6667.963,spacetrack,2026-09-09 16:34:36.890000+00:00,286.74646,6669.0923,0.00048953,24.102813611111113,-1.02837454580712,-1.1244828274952114,250-300,storm_recovery,10.693561893863269
51659,2026-09-11 16:46:35.829000+00:00,0.00052131,15.948493,0.00198823,0.0005852,284.83292,292.6358,6666.8716,spacetrack,2026-09-10 16:40:47.019000+00:00,285.71368,6667.963,0.00051746,24.096891666666664,-0.8772185347557022,-1.0870115682271946,250-300,storm_recovery,8.559654927831287
51659,2026-09-12 16:52:03.321000+00:00,0.00052869,15.952476,0.00205988,0.0005815,283.74854,291.50082,6665.7617,spacetrack,2026-09-11 16:46:35.829000+00:00,284.83292,6666.8716,0.00052131,24.09097,-1.080285268712727,-1.1057089025476814,250-300,storm_recovery,7.665869445411842
51659,2026-09-13 03:24:19.709000+00:00,0.00046949,15.954188,0.00184532,0.0005763,283.3063,290.9887,6665.2847,spacetrack,2026-09-12 16:52:03.321000+00:00,283.74854,6665.7617,0.00052869,10.537885555555555,-1.0072001583281307,-1.0863659450126897,250-300,storm_recovery,5.954152250867954
51775,2026-09-08 23:12:23.446000+00:00,0.00055068,15.846575,0.00131201,0.0005995,313.27533,321.30316,6695.4263,spacetrack,2026-09-07 22:59:10.524000+00:00,313.95325,6696.1733,0.00050339,24.220256111111112,-0.6717550766334277,-0.7402068713791444,300-350,storm_main,29.336497313394315
51775,2026-09-09 23:25:22.986000+00:00,0.00048191,15.8488245,0.00115761,0.0005857,312.73462,320.5769,6694.793,spacetrack,2026-09-08 23:12:23.446000+00:00,313.27533,6695.4263,0.00055068,24.216538888888888,-0.5358750917933168,-0.6276371726673035,300-350,storm_recovery,11.602769893027652
51775,2026-09-10 23:38:10.169000+00:00,0.00044377,15.851035,0.00107581,0.0005762,312.17624,319.8906,6694.1704,spacetrack,2026-09-09 23:25:22.986000+00:00,312.73462,6694.793,0.00048191,24.21310638888889,-0.5534655398924613,-0.6171203215317108,300-350,storm_recovery,8.77860416803879
51775,2026-09-11 22:19:58.318000+00:00,0.00045859,15.8531275,0.00112388,0.0005643,311.66693,319.2213,6693.581,spacetrack,2026-09-10 23:38:10.169000+00:00,312.17624,6694.1704,0.00044377,22.696708055555558,-0.5385556341510366,-0.62324456768671,300-350,storm_recovery,8.137575090582459
51775,2026-09-12 22:32:21.777000+00:00,0.00044578,15.855346,0.00110379,0.0005556,311.10132,318.53854,6692.957,spacetrack,2026-09-11 22:19:58.318000+00:00,311.66693,6693.581,0.00045859,24.20651638888889,-0.5607845334668129,-0.6186763828135672,300-350,storm_recovery,7.428886682131816
51775,2026-09-13 22:44:32.792000+00:00,0.00047508,15.857674,0.00119132,0.0005355,310.58105,317.7485,6692.302,spacetrack,2026-09-12 22:32:21.777000+00:00,311.10132,6692.957,0.00044578,24.20305972222222,-0.51590501958457,-0.6495046568670935,300-350,storm_recovery,6.035178954359708
52295,2026-09-08 16:00:02+00:00,0.0014923,15.853306,0.00378848,0.0001087,314.66638,316.12155,6693.531,spacetrack,2026-09-07 16:00:02+00:00,316.40143,6695.2554,0.0014829,24.0,-1.735050000000001,-1.7244000000000597,300-350,storm_main,30.95872685185185
52295,2026-09-09 14:00:02+00:00,0.0028555,15.86319,0.00799018,0.0001153,311.84198,313.38486,6690.7505,spacetrack,2026-09-08 16:00:02+00:00,314.66638,6693.531,0.0014923,22.0,-3.081163636363664,-3.0332727272725606,300-350,storm_recovery,13.90840909090909
52295,2026-09-10 20:00:01.999000+00:00,0.0028247,15.882793,0.00877886,0.0001246,306.27393,307.9399,6685.244,spacetrack,2026-09-09 14:00:02+00:00,311.84198,6690.7505,0.0028555,29.99999972222222,-4.454440041244792,-4.405200040789222,300-350,storm_recovery,10.26651857654184
52295,2026-09-11 20:00:01+00:00,0.0010632,15.893558,0.0032689,9.68e-05,303.44104,304.73474,6682.225,spacetrack,2026-09-10 20:00:01.999000+00:00,306.27393,6685.244,0.0028247,23.9997225,-2.8329227556693826,-3.0190349075904424,300-350,storm_recovery,8.625053477180831
52295,2026-09-12 20:00:01.999000+00:00,0.00084214,15.900796,0.00266586,9.46e-05,301.42804,302.69196,6680.197,spacetrack,2026-09-11 20:00:01+00:00,303.44104,6682.225,0.0010632,24.0002775,-2.0129767249565944,-2.0279765515213706,300-350,storm_recovery,7.624958086422125
52295,2026-09-13 20:00:01.999000+00:00,0.00087511,15.907774,0.00275862,9.16e-05,299.49466,300.7181,6678.243,spacetrack,2026-09-12 20:00:01.999000+00:00,301.42804,6680.197,0.00084214,24.0,-1.9333799999999997,-1.9539999999997235,300-350,storm_recovery,6.208287060185185
52579,2026-09-08 18:51:48.020000+00:00,0.00065272,16.102968,0.00641225,0.0002246,244.54123,247.5168,6624.166,spacetrack,2026-09-07 19:01:17.091000+00:00,248.16916,6627.693,0.00060143,23.841924722222224,-3.6519836806147037,-3.5503845006734545,200-250,storm_main,31.976105524851064
52579,2026-09-09 12:43:55.520000+00:00,0.00057534,16.1125,0.00602348,0.0002521,241.74709,245.08568,6621.553,spacetrack,2026-09-08 18:51:48.020000+00:00,244.54123,6624.166,0.00065272,17.86875,-3.7528847848898588,-3.50959076600248,200-250,storm_recovery,11.183489798297774
52579,2026-09-10 17:00:10.306000+00:00,0.00057009,16.12788,0.0066237,0.0002891,237.29314,241.11928,6617.3433,spacetrack,2026-09-09 12:43:55.520000+00:00,241.74709,6621.553,0.00057534,28.270773888888886,-3.7811062555316926,-3.573754308851613,200-250,storm_recovery,10.973496814820127
52579,2026-09-11 12:19:48.335000+00:00,0.00058262,16.139109,0.00731351,0.0003325,233.93707,238.33556,6614.2734,spacetrack,2026-09-10 17:00:10.306000+00:00,237.29314,6617.3433,0.00057009,19.327230277777776,-4.1674714298101065,-3.812113734926811,200-250,storm_recovery,8.793630601407234
52579,2026-09-12 15:04:03.644000+00:00,0.00058378,16.156162,0.00825837,0.0003676,229.05168,233.91107,6609.618,spacetrack,2026-09-11 12:19:48.335000+00:00,233.93707,6614.2734,0.00058262,26.73758583333333,-4.385188727616054,-4.178746753594333,200-250,storm_recovery,7.867859060116881
52579,2026-09-13 11:50:34.611000+00:00,0.00059273,16.17114,0.00932779,0.0003856,224.85213,229.94632,6605.536,spacetrack,2026-09-12 15:04:03.644000+00:00,229.05168,6609.618,0.00058378,20.775268611111112,-4.851402977581523,-4.715606899427158,200-250,storm_recovery,6.747948759640987
52794,2026-09-08 18:20:49.093000+00:00,0.00048548,15.679672,0.00056067,0.0029886,344.56693,384.87033,6742.8555,spacetrack,2026-09-07 23:59:33.835000+00:00,344.80206,6743.0957,0.00045941,18.354238333333335,-0.30745596180642043,-0.31408549324190443,300-350,storm_main,32.986230261862914
52794,2026-09-09 23:24:21.397000+00:00,0.00042744,15.680875,0.00049499,0.0029864,344.2379,384.50958,6742.5107,spacetrack,2026-09-08 18:20:49.093000+00:00,344.56693,6742.8555,0.00048548,29.058973333333334,-0.27174807276971014,-0.2847726210101161,300-350,storm_recovery,12.17065603487712
52794,2026-09-10 22:20:44.794000+00:00,0.00038525,15.681688,0.00044691,0.0030015,343.90356,384.37747,6742.2773,spacetrack,2026-09-09 23:24:21.397000+00:00,344.2379,6742.5107,0.00042744,22.939832499999998,-0.3497915688791511,-0.24418661295812782,300-350,storm_recovery,8.599800804997159
52794,2026-09-11 12:06:32.722000+00:00,0.00039236,15.682211,0.00045634,0.0030045,343.73395,384.2474,6742.1274,spacetrack,2026-09-10 22:20:44.794000+00:00,343.90356,6742.2773,0.00038525,13.763313333333333,-0.29576017790295805,-0.2613905469457995,300-350,storm_recovery,9.796513993481222
52794,2026-09-12 20:13:18.119000+00:00,0.00039248,15.683447,0.0004588,0.0029957,343.44016,383.83282,6741.7734,spacetrack,2026-09-11 12:06:32.722000+00:00,343.73395,6742.1274,0.00039236,32.112610277777776,-0.2195698181807214,-0.2645689629872839,300-350,storm_recovery,7.346179331056664
52794,2026-09-13 20:41:12.218000+00:00,0.00042211,15.68444,0.00049617,0.0029965,343.1513,383.55304,6741.4893,spacetrack,2026-09-12 20:13:18.119000+00:00,343.44016,6741.7734,0.00039248,24.4650275,-0.28336939331051203,-0.2786998706621716,300-350,storm_recovery,6.110218169816305
52908,2026-09-08 23:08:02.997000+00:00,0.0011976,15.774163,0.00211293,0.0007681,332.60568,342.92264,6715.9014,spacetrack,2026-09-07 22:49:45.393000+00:00,333.83337,6717.085,0.0011036,24.30489,-1.212289378804014,-1.1687524609248232,300-350,storm_main,29.396375002451496
52908,2026-09-09 14:19:17.658000+00:00,0.00097027,15.776369,0.00172105,0.0007866,331.85587,342.42032,6715.275,spacetrack,2026-09-08 23:08:02.997000+00:00,332.60568,6715.9014,0.0011976,15.187405833333333,-1.1848922849288843,-0.9898728041497857,300-350,storm_recovery,10.195709142119783
52908,2026-09-10 22:12:29.829000+00:00,0.00084882,15.780961,0.00153383,0.0008176,330.34607,341.32474,6713.972,spacetrack,2026-09-09 14:19:17.658000+00:00,331.85587,6715.275,0.00097027,31.886714166666668,-1.1363729674561052,-0.9807219344252138,300-350,storm_recovery,10.118338575546238
52908,2026-09-11 22:29:48.409000+00:00,0.0010121,15.784479,0.0018656,0.0008345,329.23566,340.4396,6712.9746,spacetrack,2026-09-10 22:12:29.829000+00:00,330.34607,6713.972,0.00084882,24.288494444444446,-1.0972207462655517,-0.9855530590732042,300-350,storm_recovery,8.356962281409418
52908,2026-09-12 21:15:43.909000+00:00,0.00093343,15.787833,0.00174452,0.0008439,328.2224,339.55096,6712.0234,spacetrack,2026-09-11 22:29:48.409000+00:00,329.23566,6712.9746,0.0010121,22.765416666666667,-1.068209747972988,-1.0027841938607935,300-350,storm_recovery,7.624342149093105
52908,2026-09-13 23:03:25.177000+00:00,0.00094107,15.791896,0.00179268,0.0008553,326.99567,338.47528,6710.8726,spacetrack,2026-09-12 21:15:43.909000+00:00,328.2224,6712.0234,0.00093343,25.794796666666667,-1.1413743779591492,-1.0707275718013003,300-350,storm_recovery,5.8973984180358165
52989,2026-09-08 16:00:02+00:00,0.0013449,15.918619,0.00450268,0.0002301,295.53662,298.60855,6675.2095,spacetrack,2026-09-07 16:00:02+00:00,297.9431,6677.427,0.0012683,24.0,-2.4064799999999877,-2.2174999999997453,250-300,storm_main,30.95872685185185
52989,2026-09-09 14:00:02+00:00,0.0012736,15.926189,0.00443534,0.0002488,293.29697,296.61752,6673.094,spacetrack,2026-09-08 16:00:02+00:00,295.53662,6675.2095,0.0013449,22.0,-2.443254545454589,-2.307818181818055,250-300,storm_recovery,13.90840909090909
52989,2026-09-10 20:00:01.999000+00:00,0.0006737,15.936321,0.00246111,0.0002534,290.4382,293.8187,6670.2656,spacetrack,2026-09-09 14:00:02+00:00,293.29697,6673.094,0.0012736,29.99999972222222,-2.287016021176069,-2.2627200209513743,250-300,storm_recovery,10.26651857654184
52989,2026-09-11 20:00:01+00:00,0.00056651,15.941354,0.00212109,0.0002729,288.90482,292.54468,6668.862,spacetrack,2026-09-10 20:00:01.999000+00:00,290.4382,6670.2656,0.0006737,23.9997225,-1.5333977299112744,-1.4036162293122934,250-300,storm_recovery,8.625053477180831
52989,2026-09-12 20:00:01.999000+00:00,0.00063172,15.946176,0.00243181,0.0002654,287.61078,291.14987,6667.517,spacetrack,2026-09-11 20:00:01+00:00,288.90482,6668.862,0.00056651,24.0002775,-1.2940250378354954,-1.3449844486175677,250-300,storm_recovery,7.624958086422125
52989,2026-09-13 22:00:02+00:00,0.0010749,15.953255,0.00432217,0.0002467,285.76318,289.05197,6665.5444,spacetrack,2026-09-12 20:00:01.999000+00:00,287.61078,6667.517,0.00063172,26.00000027777778,-1.7054769048560159,-1.8208615190079422,250-300,storm_recovery,5.92305553501009
53152,2026-09-08 19:45:06.136000+00:00,0.0008883,16.016136,0.00508776,9.55e-05,269.3148,270.58456,6648.0864,spacetrack,2026-09-07 19:46:57.714000+00:00,271.83646,6650.6187,0.00084727,23.969006111111113,-2.5249207130013307,-2.5355744713930104,250-300,storm_main,31.504965544508387
53152,2026-09-09 18:12:36.312000+00:00,0.00086998,16.024874,0.00524577,4.43e-05,267.23825,267.82706,6645.6694,spacetrack,2026-09-08 19:45:06.136000+00:00,269.3148,6648.0864,0.0008883,22.458382222222223,-2.2190912732212205,-2.5829108893966053,250-300,storm_recovery,11.660489644450493
53152,2026-09-10 18:09:08.243000+00:00,0.00074999,16.03396,0.00477268,0.0001513,264.01654,266.02676,6643.1587,spacetrack,2026-09-09 18:12:36.312000+00:00,267.23825,6645.6694,0.00086998,23.942203055555556,-3.2294872706819584,-2.516760878695061,250-300,storm_recovery,10.043263701795937
53152,2026-09-11 18:04:49.077000+00:00,0.00062657,16.043188,0.00421266,0.0001315,261.6008,263.34726,6640.611,spacetrack,2026-09-10 18:09:08.243000+00:00,264.01654,6643.1587,0.00074999,23.928009444444445,-2.4230080707136223,-2.5553650896856497,250-300,storm_recovery,8.63891491925885
53152,2026-09-12 22:28:33.613000+00:00,0.00055431,16.05475,0.00399831,9.81e-05,258.63443,259.9367,6637.4224,spacetrack,2026-09-11 18:04:49.077000+00:00,261.6008,6640.611,0.00062657,28.395704444444444,-2.507170763778263,-2.694999173192202,250-300,storm_recovery,7.0638436940422995
53152,2026-09-13 17:53:33.923000+00:00,0.00060581,16.063026,0.00460341,0.0001244,256.18015,257.83096,6635.1426,spacetrack,2026-09-12 22:28:33.613000+00:00,258.63443,6637.4224,0.00055431,19.416752777777777,-3.033603026939345,-2.8179377173008477,250-300,storm_recovery,6.935609298442311
53206,2026-09-08 14:00:02+00:00,0.0037722,15.842673,0.00945497,7.62e-05,317.8782,318.89877,6696.5254,spacetrack,2026-09-07 22:00:03+00:00,320.43185,6699.3867,0.0032772,15.999722222222223,-3.8305415024566463,-4.292024514313845,300-350,storm_main,32.812166877897184
53206,2026-09-09 22:00:03+00:00,0.0023671,15.862837,0.00629407,0.0001061,312.0027,313.4225,6690.8496,spacetrack,2026-09-08 14:00:02+00:00,317.8782,6696.5254,0.0037722,32.000277777777775,-4.406586748378912,-4.256813048498511,300-350,storm_recovery,15.031050077690297
53206,2026-09-10 20:00:01.999000+00:00,0.0028289,15.873807,0.00809601,0.0001242,308.7991,310.46036,6687.7666,spacetrack,2026-09-09 22:00:03+00:00,312.0027,6690.8496,0.0023671,21.999721944444442,-3.4948805350431202,-3.3633152358398872,300-350,storm_recovery,8.817939681283093
53206,2026-09-11 20:00:01+00:00,0.0028438,15.890204,0.0088989,0.0001165,304.24945,305.80664,6683.165,spacetrack,2026-09-10 20:00:01.999000+00:00,308.7991,6687.7666,0.0028289,23.9997225,-4.549702605936367,-4.601653206615163,300-350,storm_recovery,8.625053477180831
53206,2026-09-12 20:00:01.999000+00:00,0.0026238,15.907169,0.00805493,0.0001263,299.4319,301.11887,6678.4126,spacetrack,2026-09-11 20:00:01+00:00,304.24945,6683.165,0.0028438,24.0002775,-4.817494297722222,-4.752345051010655,300-350,storm_recovery,7.624958086422125
53206,2026-09-13 22:00:02+00:00,0.0025098,15.925747,0.0084695,0.0001132,294.32556,295.83636,6673.218,spacetrack,2026-09-12 20:00:01.999000+00:00,299.4319,6678.4126,0.0026238,26.00000027777778,-4.713544565026222,-4.795015333386412,250-300,storm_recovery,5.92305553501009
53323,2026-09-08 19:30:52.811000+00:00,0.0009822,16.183931,0.01650868,0.001092,216.70874,231.12764,6602.055,spacetrack,2026-09-07 21:14:04.706000+00:00,224.59308,6609.842,0.0009242,22.280029166666665,-8.492994267848598,-8.388139827015538,200-250,storm_main,31.92148191258228
53323,2026-09-09 20:42:52.913000+00:00,0.00086656,16.220905,0.01940256,0.0011755,206.13283,221.63068,6592.0186,spacetrack,2026-09-08 19:30:52.811000+00:00,216.70874,6602.055,0.0009822,25.200028333333332,-10.072283913437392,-9.558465443524263,200-250,storm_recovery,12.023812870051666
53480,2026-09-08 22:10:29.335000+00:00,0.00084405,16.02496,0.00492574,0.000177,266.33282,268.6854,6645.646,spacetrack,2026-09-07 22:11:19.929000+00:00,268.88058,6648.2056,0.00074195,23.98594611111111,-2.549252788143076,-2.5610997254577903,250-300,storm_main,30.041692435035394
53480,2026-09-09 22:08:48.804000+00:00,0.00077747,16.034294,0.00479317,0.0001524,263.91708,265.9419,6643.0664,spacetrack,2026-09-08 22:10:29.335000+00:00,266.33282,6645.646,0.00084405,23.97207472222222,-2.4185541164801654,-2.5826049984154875,250-300,storm_recovery,11.727831407630097
53480,2026-09-10 22:06:17.893000+00:00,0.00076534,16.043713,0.00499023,0.0001706,261.19675,263.46246,6640.467,spacetrack,2026-09-09 22:08:48.804000+00:00,263.91708,6643.0664,0.00077747,23.95808027777778,-2.725089791962894,-2.60394819938336,250-300,storm_recovery,8.744313438487449
53480,2026-09-11 22:02:54.920000+00:00,0.00055613,16.053202,0.00384096,0.0001595,258.6535,260.77097,6637.849,spacetrack,2026-09-10 22:06:17.893000+00:00,261.19675,6640.467,0.00076534,23.943618611111113,-2.549238734185113,-2.6241647522246367,250-300,storm_recovery,8.398082267964995
53480,2026-09-12 21:58:41.415000+00:00,0.00054992,16.06247,0.00401922,0.0001651,256.06357,258.25455,6635.296,spacetrack,2026-09-11 22:02:54.920000+00:00,258.6535,6637.849,0.00055613,23.929581944444443,-2.597551438395705,-2.560512763751908,250-300,storm_recovery,7.504208035393662
53480,2026-09-13 21:53:41.945000+00:00,0.00056407,16.070913,0.00434343,0.0001818,253.62881,256.04056,6632.9717,spacetrack,2026-09-12 21:58:41.415000+00:00,256.06357,6635.296,0.00054992,23.91681388888889,-2.4432284447029935,-2.3323842489705826,250-300,storm_recovery,6.094970321320902
53490,2026-09-08 14:00:02+00:00,0.0044164,15.775904,0.00804404,9.41e-05,336.63828,337.90213,6715.407,spacetrack,2026-09-07 22:00:03+00:00,339.6016,6718.4556,0.0047871,15.999722222222223,-4.445057171131459,-4.57297939200345,300-350,storm_main,32.812166877897184
53490,2026-09-09 22:00:03+00:00,0.0043874,15.797707,0.00889091,0.0001242,330.25656,331.92313,6709.227,spacetrack,2026-09-08 14:00:02+00:00,336.63828,6715.407,0.0044164,32.000277777777775,-4.7862484527044264,-4.634959765974473,300-350,storm_recovery,15.031050077690297
53490,2026-09-10 20:00:01.999000+00:00,0.0037606,15.811382,0.00802332,0.0001401,326.28116,328.16,6705.3574,spacetrack,2026-09-09 22:00:03+00:00,330.25656,6709.227,0.0043874,21.999721944444442,-4.336854813026086,-4.221435172431905,300-350,storm_recovery,8.817939681283093
53490,2026-09-11 22:00:02+00:00,0.0038228,15.827639,0.00887459,0.000134,321.73065,323.52646,6700.7656,spacetrack,2026-09-10 20:00:01.999000+00:00,326.28116,6705.3574,0.0037606,26.00000027777778,-4.200470724353921,-4.238584570100729,300-350,storm_recovery,8.38467944033462
53490,2026-09-12 20:00:01.999000+00:00,0.0039651,15.842391,0.00998738,0.000102,317.78506,319.15118,6696.605,spacetrack,2026-09-11 22:00:02+00:00,321.73065,6700.7656,0.0038228,21.99999972222222,-4.3042800543470126,-4.538836420945078,300-350,storm_recovery,7.818106108814471
53490,2026-09-13 22:00:02+00:00,0.0009235,15.849477,0.00219772,0.0001336,315.57764,317.36646,6694.609,spacetrack,2026-09-12 20:00:01.999000+00:00,317.78506,6696.605,0.0039651,26.00000027777778,-2.0376184397690458,-1.8424615187763682,300-350,storm_recovery,5.92305553501009
53492,2026-09-08 21:05:26.785000+00:00,0.00068293,16.085108,0.00574624,0.0002954,248.97362,252.89006,6629.069,spacetrack,2026-09-07 22:41:13.418000+00:00,251.88556,6632.0444,0.00065127,22.403713055555556,-3.119418635058334,-3.1874002234766485,250-300,storm_main,30.725963356247732
53492,2026-09-09 22:27:50.838000+00:00,0.00059829,16.096514,0.00541692,0.0003109,245.73997,249.85997,6625.937,spacetrack,2026-09-08 21:05:26.785000+00:00,248.97362,6629.069,0.00068293,25.373348055555557,-3.058626706655998,-2.962478575370907,200-250,storm_recovery,11.871033147609511
53492,2026-09-10 22:19:41.648000+00:00,0.00057407,16.107727,0.00559075,0.0003386,242.48166,246.96666,6622.8613,spacetrack,2026-09-09 22:27:50.838000+00:00,245.73997,6625.937,0.00059829,23.864113888888888,-3.2768633423430593,-3.093213531568705,200-250,storm_recovery,8.731493976136415
53492,2026-09-11 22:10:31.500000+00:00,0.00058309,16.119553,0.00613842,0.0003792,238.9748,243.99512,6619.622,spacetrack,2026-09-10 22:19:41.648000+00:00,242.48166,6622.8613,0.00057407,23.847181111111112,-3.52933286361404,-3.2600582701055485,200-250,storm_recovery,8.356924412636145
53492,2026-09-12 22:00:16.056000+00:00,0.00057724,16.13235,0.00662222,0.00043,235.13829,240.82816,6616.12,spacetrack,2026-09-11 22:10:31.500000+00:00,238.9748,6619.622,0.00058309,23.82904333333333,-3.864034267426854,-3.5271243928806397,200-250,storm_recovery,7.503025649512018
53492,2026-09-13 21:48:48.493000+00:00,0.00058747,16.146719,0.00743382,0.0004987,230.7606,237.3556,6612.1953,spacetrack,2026-09-12 22:00:16.056000+00:00,235.13829,6616.12,0.00057724,23.80901027777778,-4.412806696885775,-3.9561829282716956,200-250,storm_recovery,6.107879711785583
53499,2026-09-08 14:00:02+00:00,0.0018699,15.815283,0.0038682,0.0001245,325.28342,326.9528,6704.255,spacetrack,2026-09-07 22:00:03+00:00,326.73248,6705.8315,0.0019788,15.999722222222223,-2.173627736592696,-2.3647910554004525,300-350,storm_main,32.812166877897184
53499,2026-09-09 22:00:03+00:00,0.0019603,15.82688,0.00429944,0.000135,321.93784,323.7471,6700.9795,spacetrack,2026-09-08 14:00:02+00:00,325.28342,6704.255,0.0018699,32.000277777777775,-2.5091632190692668,-2.4566036753151224,300-350,storm_recovery,15.031050077690297
53499,2026-09-10 20:00:01.999000+00:00,0.0022121,15.8343,0.00506707,0.0001363,319.8361,321.6622,6698.886,spacetrack,2026-09-09 22:00:03+00:00,321.93784,6700.9795,0.0019603,21.999721944444442,-2.292836251629905,-2.283847047107194,300-350,storm_recovery,8.817939681283093
53499,2026-09-11 22:00:02+00:00,0.0018262,15.844106,0.0043435,0.0001432,317.0259,318.9437,6696.1216,spacetrack,2026-09-10 20:00:01.999000+00:00,319.8361,6698.886,0.0022121,26.00000027777778,-2.5940307415167734,-2.5517538188915405,300-350,storm_recovery,8.38467944033462
53499,2026-09-12 20:00:01.999000+00:00,0.0020405,15.851865,0.00507755,0.0001396,314.86533,316.73425,6693.937,spacetrack,2026-09-11 22:00:02+00:00,317.0259,6696.1216,0.0018262,21.99999972222222,-2.35698548430538,-2.3832000300914555,300-350,storm_recovery,7.818106108814471
53499,2026-09-13 22:00:02+00:00,0.0014318,15.861569,0.00367213,0.0001404,312.12958,314.00845,6691.206,spacetrack,2026-09-12 20:00:01.999000+00:00,314.86533,6693.937,0.0020405,26.00000027777778,-2.525307665327906,-2.520923049989923,300-350,storm_recovery,5.92305553501009
53505,2026-09-10 15:28:45.870000+00:00,0.0005035,16.021894,0.00289129,0.000552,264.68774,272.02548,6646.4937,spacetrack,2026-09-09 22:59:19.308000+00:00,266.1021,6647.6313,0.00065144,16.490711666666666,-2.0584096481786993,-1.6556229077237412,250-300,storm_recovery,9.795373597682817
53505,2026-09-11 07:57:57.313000+00:00,0.00052308,16.026146,0.00307959,0.0005518,263.51434,270.8481,6645.3184,spacetrack,2026-09-10 15:28:45.870000+00:00,264.68774,6646.4937,0.0005035,16.486511944444445,-1.7081599852593525,-1.71092588262748,250-300,storm_recovery,8.03071507461074
53505,2026-09-12 22:54:59.691000+00:00,0.00052562,16.03645,0.00328907,0.0005677,260.56335,268.10522,6642.471,spacetrack,2026-09-11 07:57:57.313000+00:00,263.51434,6645.3184,0.00052308,38.95066055555556,-1.8182941955241918,-1.754465752963115,250-300,storm_recovery,7.441999635750009
53505,2026-09-13 09:23:55.997000+00:00,0.00053315,16.039473,0.00339686,0.0005717,259.7029,267.29697,6641.6367,spacetrack,2026-09-12 22:54:59.691000+00:00,260.56335,6642.471,0.00052562,10.482307222222222,-1.9700624645136502,-1.9101901495064038,250-300,storm_recovery,9.399680694766465
53649,2026-09-08 14:00:02+00:00,0.0011355,15.964836,0.00472506,0.0001632,283.09628,285.27087,6662.321,spacetrack,2026-09-07 22:00:03+00:00,284.753,6663.8174,0.00098016,15.999722222222223,-2.485123144499047,-2.2446389694265436,250-300,storm_main,32.812166877897184
53649,2026-09-09 22:00:03+00:00,0.00091848,15.976549,0.00407499,0.0001777,279.74374,282.11038,6659.064,spacetrack,2026-09-08 14:00:02+00:00,283.09628,6662.321,0.0011355,32.000277777777775,-2.514383173757155,-2.442728795756687,250-300,storm_recovery,15.031050077690297
53649,2026-09-10 20:00:01.999000+00:00,0.00091999,15.9846735,0.00426893,0.0001663,277.56332,279.77737,6656.807,spacetrack,2026-09-09 22:00:03+00:00,279.74374,6659.064,0.00091848,21.999721944444442,-2.378670063746668,-2.4622129378181237,250-300,storm_recovery,8.817939681283093
53649,2026-09-11 22:00:02+00:00,0.00091497,15.994355,0.00448132,0.0001687,274.86136,277.10645,6654.121,spacetrack,2026-09-10 20:00:01.999000+00:00,277.56332,6656.807,0.00091999,26.00000027777778,-2.4941168964303615,-2.4793845888951815,250-300,storm_recovery,8.38467944033462
53649,2026-09-12 21:55:55.570000+00:00,0.0008935,16.00353,0.00460924,0.0001969,272.1303,274.7497,6651.577,spacetrack,2026-09-11 22:00:02+00:00,274.86136,6654.121,0.00091497,23.931547222222225,-2.738871807633754,-2.551276749181591,250-300,storm_recovery,7.509941607759261
53649,2026-09-13 21:56:10.159000+00:00,0.00085487,16.012836,0.00465096,0.0002003,269.53128,272.19485,6649.0,spacetrack,2026-09-12 21:55:55.570000+00:00,272.1303,6651.577,0.0008935,24.0040525,-2.598581218733791,-2.576564936275048,250-300,storm_recovery,6.08564136085864
53653,2026-09-08 14:00:02+00:00,0.0007493,15.986529,0.00351321,0.0001994,276.82797,279.4825,6656.292,spacetrack,2026-09-07 22:00:03+00:00,277.8915,6657.316,0.00052284,15.999722222222223,-1.5953226965746146,-1.536026667128786,250-300,storm_main,32.812166877897184
53653,2026-09-09 22:00:03+00:00,0.00047475,15.994017,0.00231987,0.000249,274.42093,277.7347,6654.215,spacetrack,2026-09-08 14:00:02+00:00,276.82797,6656.292,0.0007493,32.000277777777775,-1.8052643293026933,-1.5577364779821312,250-300,storm_recovery,15.031050077690297
53653,2026-09-10 22:43:14.594000+00:00,0.0005075,15.999242,0.00255485,0.000279,272.7728,276.48505,6652.766,spacetrack,2026-09-09 22:00:03+00:00,274.42093,6654.215,0.00047475,24.719887222222223,-1.6001335137338737,-1.4068025346309143,250-300,storm_recovery,8.844645798793085
53653,2026-09-11 21:14:01.050000+00:00,0.00050417,16.004196,0.00261085,0.0003081,271.20645,275.30505,6651.3926,spacetrack,2026-09-10 22:43:14.594000+00:00,272.7728,6652.766,0.0005075,22.512904444444445,-1.6698156425248254,-1.4641202818289318,250-300,storm_recovery,8.35017661969081
53653,2026-09-12 22:44:23.238000+00:00,0.0005103,16.009953,0.00273155,0.0003417,269.3894,273.93387,6649.799,spacetrack,2026-09-11 21:14:01.050000+00:00,271.20645,6651.3926,0.00050417,25.506163333333333,-1.7097514600719332,-1.4994963962306482,250-300,storm_recovery,7.383461631299833
53653,2026-09-13 21:14:14.288000+00:00,0.00057897,16.01559,0.00320246,0.0003727,267.62305,272.57864,6648.238,spacetrack,2026-09-12 22:44:23.238000+00:00,269.3894,6649.799,0.0005103,22.49751388888889,-1.8843148718284786,-1.6652506665856734,250-300,storm_recovery,6.2563692161047415
53669,2026-09-08 14:00:02+00:00,0.00082401,15.946558,0.00310848,8.91e-05,288.67963,289.86777,6667.4106,spacetrack,2026-09-07 22:00:03+00:00,289.6031,6668.481,0.00054315,15.999722222222223,-1.3852290491154493,-1.605627875483362,250-300,storm_main,32.812166877897184
53669,2026-09-09 22:00:03+00:00,0.0004501,15.95224,0.00174747,0.0001071,286.9763,288.4041,6665.827,spacetrack,2026-09-08 14:00:02+00:00,288.67963,6667.4106,0.00082401,32.000277777777775,-1.277486410708236,-1.1876896901936114,250-300,storm_recovery,15.031050077690297
53669,2026-09-10 20:00:01.999000+00:00,0.00034802,15.956048,0.00137749,0.0001322,285.74857,287.51074,6664.7666,spacetrack,2026-09-09 22:00:03+00:00,286.9763,6665.827,0.0004501,21.999721944444442,-1.3393587461882026,-1.156814620851785,250-300,storm_recovery,8.817939681283093
53669,2026-09-11 22:00:02+00:00,0.0004318,15.960204,0.00174974,0.0001622,284.39178,286.55347,6663.61,spacetrack,2026-09-10 20:00:01.999000+00:00,285.74857,6664.7666,0.00034802,26.00000027777778,-1.2524215250809567,-1.0676307578246913,250-300,storm_recovery,8.38467944033462
53669,2026-09-12 20:00:01.999000+00:00,0.00039288,15.964267,0.00162692,0.000184,283.11624,285.56802,6662.479,spacetrack,2026-09-11 22:00:02+00:00,284.39178,6663.61,0.0004318,21.99999972222222,-1.3914981993875797,-1.2338181973960438,250-300,storm_recovery,7.818106108814471
53669,2026-09-13 22:00:02+00:00,0.00043043,15.968596,0.00182584,0.0002147,281.70755,284.5679,6661.275,spacetrack,2026-09-12 20:00:01.999000+00:00,283.11624,6662.479,0.00039288,26.00000027777778,-1.300329216876805,-1.1113846035114325,250-300,storm_recovery,5.92305553501009
53673,2026-09-08 21:08:33.841000+00:00,0.00061542,16.211071,0.01259372,0.000505,213.21735,219.87798,6594.6846,spacetrack,2026-09-07 21:25:16.146000+00:00,219.78267,6601.063,0.00059417,23.721581944444445,-6.642376565315947,-6.453262702231532,200-250,storm_main,30.75950636606761
53673,2026-09-09 23:47:12.819000+00:00,0.00055049,16.239647,0.01416151,0.000558,205.13359,212.48462,6586.9463,spacetrack,2026-09-08 21:08:33.841000+00:00,213.21735,6594.6846,0.00061542,26.644160555555555,-7.281529459165016,-6.970352832574992,200-250,storm_recovery,11.87133387722292
53891,2026-09-08 14:00:02+00:00,0.0010606,15.84654,0.00256765,0.0001518,316.28253,318.31528,6695.436,spacetrack,2026-09-07 22:00:03+00:00,316.88013,6696.0957,0.00068684,15.999722222222223,-0.8964155627701867,-0.9895671799859994,300-350,storm_main,32.812166877897184
53891,2026-09-09 22:00:03+00:00,0.00071334,15.852621,0.00175922,0.0001569,314.5366,316.6371,6693.7236,spacetrack,2026-09-08 14:00:02+00:00,316.28253,6695.436,0.0010606,32.000277777777775,-1.3094361333668882,-1.2842888516588493,300-350,storm_recovery,15.031050077690297
53891,2026-09-10 20:00:01.999000+00:00,0.00030861,15.856403,0.00076205,0.0001422,313.57068,315.4741,6692.659,spacetrack,2026-09-09 22:00:03+00:00,314.5366,6693.7236,0.00071334,21.999721944444442,-1.053744227247158,-1.1613964969437642,300-350,storm_recovery,8.817939681283093
53891,2026-09-11 22:00:02+00:00,0.000352,15.859672,0.00088549,0.0001416,312.6552,314.5503,6691.7397,spacetrack,2026-09-10 20:00:01.999000+00:00,313.57068,6692.659,0.00030861,26.00000027777778,-0.8450584525100614,-0.8485846063181403,300-350,storm_recovery,8.38467944033462
53891,2026-09-12 20:00:01.999000+00:00,0.0012263,15.862131,0.00322634,0.0001454,311.93808,313.88385,6691.048,spacetrack,2026-09-11 22:00:02+00:00,312.6552,6691.7397,0.000352,21.99999972222222,-0.782312737150376,-0.7545818277097047,300-350,storm_recovery,7.818106108814471
53891,2026-09-13 22:00:02+00:00,0.001271,15.869864,0.00348347,0.0001202,309.93323,311.54123,6688.874,spacetrack,2026-09-12 20:00:01.999000+00:00,311.93808,6691.048,0.0012263,26.00000027777778,-1.8506307494591037,-2.0067692093293688,300-350,storm_recovery,5.92305553501009
54015,2026-09-08 18:13:57.564000+00:00,0.00067121,16.08215,0.00575793,8.3e-05,251.1945,252.29506,6629.882,spacetrack,2026-09-07 18:21:40.503000+00:00,253.7617,6632.6543,0.0010708,23.871405833333334,-2.5810293884730213,-2.7872342527521017,250-300,storm_main,32.286999889372524
54015,2026-09-09 12:07:32.035000+00:00,0.00057056,16.090069,0.00514991,6.17e-05,249.16032,249.9782,6627.706,spacetrack,2026-09-08 18:13:57.564000+00:00,251.1945,6629.882,0.00067121,17.89290861111111,-2.7284731097147303,-2.9186981912799492,250-300,storm_recovery,11.29033505530147
54015,2026-09-10 22:23:43.667000+00:00,0.00054253,16.10572,0.00542741,0.0001498,244.2823,246.26668,6623.4116,spacetrack,2026-09-09 12:07:32.035000+00:00,249.16032,6627.706,0.00057056,34.26989777777778,-3.4161899390291097,-3.007467389261577,200-250,storm_recovery,10.249192326482314
54015,2026-09-11 22:12:54.207000+00:00,0.00056645,16.117588,0.00613611,0.0002279,240.51384,243.53131,6620.1597,spacetrack,2026-09-10 22:23:43.667000+00:00,244.2823,6623.4116,0.00054253,23.819594444444444,-3.7970016748582625,-3.2765293373081703,200-250,storm_recovery,8.344384128659716
54015,2026-09-12 14:34:50.308000+00:00,0.00058991,16.12628,0.00677809,0.0002768,237.81224,241.47585,6617.7812,spacetrack,2026-09-11 22:12:54.207000+00:00,240.51384,6620.1597,0.00056645,16.365583611111113,-3.961875209630703,-3.488051593909499,200-250,storm_recovery,8.833115195453955
54015,2026-09-13 12:52:56.769000+00:00,0.00059356,16.139217,0.00745668,0.0003633,233.7039,238.50981,6614.2437,spacetrack,2026-09-12 14:34:50.308000+00:00,237.81224,6617.7812,0.00058991,22.301794722222223,-4.421176018706316,-3.806868508004499,200-250,storm_recovery,6.651827498038555
54039,2026-09-08 23:24:43.678000+00:00,0.0004814,15.833158,0.00105256,0.0013207,312.22372,329.919,6699.2085,spacetrack,2026-09-07 14:02:19.804000+00:00,313.006,6700.013,0.00043937,33.37329833333333,-0.5625671101632391,-0.5785463518515838,300-350,storm_main,28.12426466288243
54039,2026-09-09 23:40:49.164000+00:00,0.00041131,15.834779,0.0009045,0.0013218,311.75967,329.4685,6698.751,spacetrack,2026-09-08 23:24:43.678000+00:00,312.22372,6699.2085,0.0004814,24.268190555555556,-0.4589217302585462,-0.4524441150588819,300-350,storm_recovery,11.578196886582878
54039,2026-09-10 13:19:47.989000+00:00,0.00038351,15.835766,0.00084678,0.0013365,311.38333,329.28833,6698.4727,spacetrack,2026-09-09 23:40:49.164000+00:00,311.75967,6698.751,0.00041131,13.64967361111111,-0.6617125256862038,-0.4893303818313772,300-350,storm_recovery,9.94940218859527
54039,2026-09-11 18:08:35.361000+00:00,0.00042536,15.837923,0.00095003,0.0013355,310.78238,328.6724,6697.8643,spacetrack,2026-09-10 13:19:47.989000+00:00,311.38333,6698.4727,0.00038351,28.81315888888889,-0.500562956516444,-0.5067684545214006,300-350,storm_recovery,8.24632424891667
54039,2026-09-12 22:57:08.018000+00:00,0.00042785,15.840236,0.00096609,0.0013145,310.2719,327.8789,6697.2124,spacetrack,2026-09-11 18:08:35.361000+00:00,310.78238,6697.8643,0.00042536,28.809071388888892,-0.4252660502179367,-0.5430789416569117,300-350,storm_recovery,7.019882134540242
54039,2026-09-13 14:06:47.537000+00:00,0.00044005,15.841469,0.00099971,0.001299,310.02872,327.4272,6696.8647,spacetrack,2026-09-12 22:57:08.018000+00:00,310.2719,6697.2124,0.00042785,15.1609775,-0.3849567087610207,-0.5504130587890007,300-350,storm_recovery,7.701160081678257
55010,2026-09-08 16:27:49.756000+00:00,0.00099271,15.752156,0.00150785,0.0003646,341.56668,346.46848,6722.155,spacetrack,2026-09-07 22:10:01.533000+00:00,342.0972,6722.7534,0.0011522,18.29672861111111,-0.6958883345007982,-0.7849272023018983,300-350,storm_main,32.723995423407736
55010,2026-09-09 22:57:11.400000+00:00,0.00085121,15.755357,0.00130776,0.0003741,340.59274,345.62158,6721.244,spacetrack,2026-09-08 16:27:49.756000+00:00,341.56668,6722.155,0.00099271,30.489345555555555,-0.7666468260989455,-0.7171029617596201,300-350,storm_recovery,13.557161334063109
55010,2026-09-10 21:48:58.032000+00:00,0.00088275,15.757808,0.00137178,0.0003647,339.95923,344.86118,6720.5474,spacetrack,2026-09-09 22:57:11.400000+00:00,340.59274,6721.244,0.00085121,22.862953333333333,-0.6650164472772996,-0.7312441116523898,300-350,storm_recovery,8.588367265471389
55010,2026-09-11 20:40:32.078000+00:00,0.00093861,15.760271,0.00147617,0.0003549,339.32523,344.095,6719.847,spacetrack,2026-09-10 21:48:58.032000+00:00,339.95923,6720.5474,0.00088275,22.859457222222222,-0.6656326023877992,-0.7353455437110746,300-350,storm_recovery,8.570145256924176
55010,2026-09-12 22:34:43.434000+00:00,0.00084721,15.762979,0.00134609,0.0003499,338.5895,343.2915,6719.0776,spacetrack,2026-09-11 20:40:32.078000+00:00,339.32523,6719.847,0.00093861,25.903154444444443,-0.6816745056232651,-0.7128707061376292,300-350,storm_recovery,7.358664296527762
55010,2026-09-13 22:57:14.484000+00:00,0.00089034,15.7655525,0.00143211,0.0003432,337.90347,342.51495,6718.346,spacetrack,2026-09-12 22:34:43.434000+00:00,338.5895,6719.0776,0.00084721,24.37529166666667,-0.6754676097892449,-0.7203359959796054,300-350,storm_recovery,6.012118555846341
55041,2026-09-08 22:23:23.193000+00:00,0.00059884,15.763767,0.00094992,0.0003324,338.4831,342.9498,6718.8535,spacetrack,2026-09-07 22:00:44.172000+00:00,339.0024,6719.3945,0.00051989,24.37750583333333,-0.5112582101389189,-0.5326221676973182,300-350,storm_main,29.923241634612125
55041,2026-09-09 22:45:52.515000+00:00,0.00054508,15.765378,0.00086983,0.0003242,338.08063,342.43683,6718.3955,spacetrack,2026-09-08 22:23:23.193000+00:00,338.4831,6718.8535,0.00059884,24.374811666666666,-0.3962812157112675,-0.45095733047426306,300-350,storm_recovery,11.705871471006922
55041,2026-09-10 23:08:12.789000+00:00,0.00048533,15.7669735,0.00077892,0.000305,337.75656,341.85452,6717.9424,spacetrack,2026-09-09 22:45:52.515000+00:00,338.08063,6718.3955,0.00054508,24.372298333333333,-0.31911967815373504,-0.44617868414652984,300-350,storm_recovery,8.799645280341842
55041,2026-09-11 21:59:01.299000+00:00,0.00047649,15.76844,0.00076955,0.000294,337.414,341.36392,6717.526,spacetrack,2026-09-10 23:08:12.789000+00:00,337.75656,6717.9424,0.00048533,22.846808333333332,-0.35985070124673735,-0.43741777206670107,300-350,storm_recovery,8.239366585485863
55041,2026-09-12 22:21:05.128000+00:00,0.00046343,15.769892,0.00075308,0.0002952,336.9937,340.9595,6717.114,spacetrack,2026-09-11 21:59:01.299000+00:00,337.414,6717.526,0.00047649,24.367730277777778,-0.41395730685672394,-0.4057825610875083,300-350,storm_recovery,7.449189421496866
55041,2026-09-13 22:43:00.766000+00:00,0.00052071,15.771402,0.00085297,0.0002882,336.61197,340.48346,6716.6846,spacetrack,2026-09-12 22:21:05.128000+00:00,336.9937,6717.114,0.00046343,24.365455,-0.3760044702633343,-0.4229594727453144,300-350,storm_recovery,6.022663666882295
56943,2026-09-08 22:22:52.806000+00:00,0.00092017,16.142519,0.01124005,0.0008156,229.81108,240.59875,6613.342,spacetrack,2026-09-07 22:33:38.715000+00:00,235.78574,6619.2,0.00087276,23.820580833333334,-6.019661779168063,-5.902123083550791,200-250,storm_main,29.880710997216447
56943,2026-09-09 22:10:11.237000+00:00,0.0008183,16.164577,0.01165493,0.0008701,223.43817,234.93623,6607.324,spacetrack,2026-09-08 22:22:52.806000+00:00,229.81108,6613.342,0.00092017,23.788453055555554,-6.429583279030407,-6.071517120625465,200-250,storm_recovery,11.69968602063716
56943,2026-09-10 20:26:24.341000+00:00,0.00079491,16.188538,0.01378642,0.0009364,216.48474,228.84673,6600.8027,spacetrack,2026-09-09 22:10:11.237000+00:00,223.43817,6607.324,0.0008183,22.27030666666667,-7.493489986367525,-7.027797252304845,200-250,storm_recovery,8.698709232961718
56943,2026-09-11 21:38:11.324000+00:00,0.0007821,16.221428,0.01750516,0.0009849,207.24796,220.23264,6591.8774,spacetrack,2026-09-10 20:26:24.341000+00:00,216.48474,6600.8027,0.00079491,25.196384166666665,-8.79819574640685,-8.501505556633822,200-250,storm_recovery,8.481176184638397
57412,2026-09-13 22:00:02+00:00,0.0042561,15.752419,0.00718451,0.0001899,342.66617,345.2192,6722.0796,spacetrack,2026-09-12 22:00:02+00:00,347.54642,6726.8813,0.0063967,24.0,-4.8802499999999895,-4.8016999999999825,300-350,storm_recovery,6.0833101851851845
57422,2026-09-09 00:07:59.508000+00:00,-1.6489e-06,16.040586,-1.588e-05,0.0014789,253.37059,273.0143,6641.3296,spacetrack,2026-09-08 15:08:59.573000+00:00,251.93387,6641.391,-1.525e-06,8.983315277777779,3.8383691247369,-0.1640374354483063,250-300,storm_recovery,22.5699510218558
58274,2026-09-08 20:07:08.136000+00:00,0.0017692,15.803905,0.00346151,0.0007051,324.60608,334.06494,6707.4727,spacetrack,2026-09-07 18:16:45.750000+00:00,326.48236,6709.4717,0.0016571,25.839551666666665,-1.7427051591645988,-1.8566885609662003,300-350,storm_main,31.008307935683355
58274,2026-09-09 18:54:33.667000+00:00,0.0013362,15.809316,0.00265423,0.0006726,323.2946,332.31543,6705.942,spacetrack,2026-09-08 20:07:08.136000+00:00,324.60608,6707.4727,0.0017692,22.79042527777778,-1.3810852415593664,-1.6119400823918335,300-350,storm_recovery,11.709144340841672
58274,2026-09-10 17:41:30.607000+00:00,0.0014253,15.814996,0.00291411,0.0006438,321.883,330.5155,6704.3364,spacetrack,2026-09-09 18:54:33.667000+00:00,323.2946,6705.942,0.0013362,22.782483333333335,-1.4870371901219654,-1.6914047268770154,300-350,storm_recovery,9.999739444070945
58274,2026-09-11 17:59:03.125000+00:00,0.0014886,15.821098,0.00313838,0.0006329,320.2331,328.7173,6702.6123,spacetrack,2026-09-10 17:41:30.607000+00:00,321.883,6704.3364,0.0014253,24.29236611111111,-1.6300429451328116,-1.703349925270663,300-350,storm_recovery,8.580721655150054
58274,2026-09-12 12:11:49.856000+00:00,0.001621,15.826017,0.00351108,0.0006326,318.84705,327.3254,6701.223,spacetrack,2026-09-11 17:59:03.125000+00:00,320.2331,6702.6123,0.0014886,18.212980833333333,-1.8264555541131995,-1.8307382138661836,300-350,storm_recovery,8.152156342825753
58274,2026-09-13 20:03:23.570000+00:00,0.0016334,15.83472,0.00369133,0.0005956,316.64105,324.62064,6698.768,spacetrack,2026-09-12 12:11:49.856000+00:00,318.84705,6701.223,0.001621,31.859365,-1.661803366137411,-1.8493777261410655,300-350,storm_recovery,6.018099195915829
58285,2026-09-08 19:37:53.319000+00:00,0.0017499,15.808723,0.00350105,0.0006983,323.28964,332.6554,6706.1094,spacetrack,2026-09-07 19:19:10.616000+00:00,325.18204,6707.9746,0.0015895,24.31186194444444,-1.8681251194903785,-1.8412740292074565,300-350,storm_main,31.5007770383874
58285,2026-09-09 18:24:54.287000+00:00,0.0012722,15.813954,0.00257936,0.0007025,321.7836,331.2036,6704.631,spacetrack,2026-09-08 19:37:53.319000+00:00,323.28964,6706.1094,0.0017499,22.78360222222222,-1.5864462365282446,-1.5573305596685594,300-350,storm_recovery,11.708158821046833
58285,2026-09-10 12:38:10.842000+00:00,0.0013719,15.818505,0.00284916,0.0007015,320.50513,329.9099,6703.3447,spacetrack,2026-09-09 18:24:54.287000+00:00,321.7836,6704.631,0.0012722,18.221265277777775,-1.6839269684207876,-1.6942401929500335,300-350,storm_recovery,11.00367653453752
58285,2026-09-11 18:59:39.293000+00:00,0.0014406,15.825719,0.00310194,0.0006751,318.64636,327.69446,6701.3076,spacetrack,2026-09-10 12:38:10.842000+00:00,320.50513,6703.3447,0.0013719,30.357903055555557,-1.4694848955266038,-1.6104669650772294,300-350,storm_recovery,8.144498214180016
58285,2026-09-12 23:49:16.172000+00:00,0.0014013,15.832786,0.00311872,0.0006659,316.7152,325.63736,6699.3135,spacetrack,2026-09-11 18:59:39.293000+00:00,318.64636,6701.3076,0.0014406,28.826910833333333,-1.6077976675325043,-1.6601987037978896,300-350,storm_recovery,7.0180132898388665
58285,2026-09-13 18:01:14.873000+00:00,0.00147,15.837606,0.0033552,0.0006621,315.3821,324.25156,6697.9536,spacetrack,2026-09-12 23:49:16.172000+00:00,316.7152,6699.3135,0.0014013,18.199639166666667,-1.7579689194387438,-1.7933102794579645,300-350,storm_recovery,7.129644679615978
58286,2026-09-08 19:33:06.117000+00:00,0.0017828,15.905761,0.00545113,0.0005652,296.89474,304.4445,6678.8066,spacetrack,2026-09-07 19:23:06.599000+00:00,300.1075,6681.6704,0.0016944,24.16653277777778,-3.190620711254978,-2.8440654119486863,300-350,storm_main,31.567457442695257
58286,2026-09-09 19:42:10.678000+00:00,0.0014954,15.915268,0.00480047,0.0005807,294.13297,301.88663,6676.147,spacetrack,2026-09-08 19:33:06.117000+00:00,296.89474,6678.8066,0.0017828,24.151266944444444,-2.744472170030292,-2.642942092720396,250-300,storm_recovery,11.894572853154092
58286,2026-09-10 18:19:52.765000+00:00,0.0014382,15.924745,0.00484807,0.0006066,291.31268,299.40897,6673.498,spacetrack,2026-09-09 19:42:10.678000+00:00,294.13297,6676.147,0.0014954,22.6283575,-2.9912449456395587,-2.8095720159984308,250-300,storm_recovery,9.668434961652775
58286,2026-09-11 16:56:43.291000+00:00,0.0016079,15.935501,0.00573083,0.0006192,288.22702,296.48776,6670.494,spacetrack,2026-09-10 18:19:52.765000+00:00,291.31268,6673.498,0.0014382,22.614035,-3.274773387411863,-3.188108623693106,250-300,storm_recovery,8.815183014540404
58286,2026-09-12 04:59:59.525000+00:00,0.0015321,15.94129,0.0056309,0.0006581,286.3537,295.1313,6668.8794,spacetrack,2026-09-11 16:56:43.291000+00:00,288.22702,6670.494,0.0016079,12.054509444444443,-3.729698019417956,-3.2145978381439697,250-300,storm_recovery,5.9999671630492175
58286,2026-09-13 17:08:08.414000+00:00,0.0016077,15.960656,0.00655014,0.0007063,280.64032,290.05316,6663.484,spacetrack,2026-09-12 04:59:59.525000+00:00,286.3537,6668.8794,0.0015321,36.1358025,-3.7946056407630833,-3.5834156443595306,250-300,storm_recovery,7.376171311602177
58294,2026-09-08 18:03:52.196000+00:00,0.0017256,16.07241,0.01332195,0.0011866,246.55238,262.29276,6632.5596,spacetrack,2026-09-07 19:37:59.072000+00:00,253.48045,6639.3335,0.0016741,22.43142333333333,-7.412533637707927,-7.247582892273147,250-300,storm_main,32.71635653377323
58294,2026-09-09 19:26:36.386000+00:00,0.0015853,16.102425,0.01471925,0.0012133,238.14093,254.2155,6624.3154,spacetrack,2026-09-08 18:03:52.196000+00:00,246.55238,6632.5596,0.0017256,25.378941666666666,-7.954421529923269,-7.796258906251229,200-250,storm_recovery,12.04479402706903
58294,2026-09-11 19:04:13.018000+00:00,0.0014438,16.176334,0.02311353,0.0013888,216.81334,235.15695,6604.122,spacetrack,2026-09-09 19:26:36.386000+00:00,238.14093,6624.3154,0.0015853,47.62684222222222,-10.747346162731104,-10.175807955915111,200-250,storm_recovery,9.083733092342557
58294,2026-09-12 18:47:09.756000+00:00,0.0013667,16.2345,0.03440429,0.0014053,200.9427,219.45988,6588.3384,spacetrack,2026-09-11 19:04:13.018000+00:00,216.81334,6604.122,0.0014438,23.715760555555555,-16.060853671874895,-15.972770475255883,200-250,storm_recovery,7.66844655039409
58304,2026-09-08 23:57:05.927000+00:00,0.0016547,15.7585535,0.00261965,0.0005078,338.78583,345.611,6720.3354,spacetrack,2026-09-07 18:59:24.477000+00:00,340.39487,6721.992,0.0015322,28.961513888888888,-1.333388860408179,-1.3728011647643676,300-350,storm_main,28.988164139286383
58304,2026-09-09 19:45:41.891000+00:00,0.0013638,15.761912,0.00217943,0.000503,337.86377,344.62344,6719.3804,spacetrack,2026-09-08 23:57:05.927000+00:00,338.78583,6720.3354,0.0016547,19.809990000000003,-1.1170848647576148,-1.1569920025198523,300-350,storm_recovery,11.214031405366688
58304,2026-09-11 12:53:30.192000+00:00,0.0013223,15.769018,0.00217974,0.0004899,335.9339,342.51556,6717.362,spacetrack,2026-09-09 19:45:41.891000+00:00,337.86377,6719.3804,0.0013638,41.13008361111111,-1.1261071199837667,-1.17776565829572,300-350,storm_recovery,9.399468715454498
58304,2026-09-12 05:38:35.249000+00:00,0.0012609,15.771954,0.0021036,0.0004821,335.15323,341.6293,6716.5283,spacetrack,2026-09-11 12:53:30.192000+00:00,335.9339,6717.362,0.0013223,16.751404722222222,-1.1184781402328965,-1.1944550520864559,300-350,storm_recovery,6.492747581682909
58304,2026-09-13 19:42:09.051000+00:00,0.0013529,15.779005,0.00233476,0.0004686,333.24365,339.5365,6714.527,spacetrack,2026-09-12 05:38:35.249000+00:00,335.15323,6716.5283,0.0012609,38.05938944444444,-1.204168555223367,-1.262006582373296,300-350,storm_recovery,7.031560667150891
58306,2026-09-08 18:37:48.869000+00:00,0.0019415,15.930533,0.0067456,0.0007774,288.55728,298.93073,6671.881,spacetrack,2026-09-07 20:00:28.277000+00:00,292.05203,6675.3423,0.0017197,22.622386666666667,-3.707566369360391,-3.6720793974581447,250-300,storm_main,32.36800582196161
58306,2026-09-09 18:44:31.682000+00:00,0.0014774,15.942269,0.00546331,0.0007847,285.23654,295.70227,6668.6064,spacetrack,2026-09-08 18:37:48.869000+00:00,288.55728,6671.881,0.0019415,24.1118925,-3.3053299321071554,-3.259404047194367,250-300,storm_recovery,11.889501726171016
58306,2026-09-10 12:48:49.910000+00:00,0.0015962,15.952042,0.00621504,0.0007927,282.46164,293.02972,6665.883,spacetrack,2026-09-09 18:44:31.682000+00:00,285.23654,6668.6064,0.0014774,18.071730000000002,-3.6851812195069344,-3.616787103392787,250-300,storm_recovery,10.911670695980222
58306,2026-09-11 18:54:32.999000+00:00,0.0016203,15.968601,0.00689499,0.0007952,277.8393,288.43338,6661.2734,spacetrack,2026-09-10 12:48:49.910000+00:00,282.46164,6665.883,0.0015962,30.095302500000003,-3.6861619849144294,-3.676002259820932,250-300,storm_recovery,8.15116879305518
58306,2026-09-12 05:26:05.895000+00:00,0.0015924,15.9747505,0.00700821,0.000814,276.006,286.84778,6659.564,spacetrack,2026-09-11 18:54:32.999000+00:00,277.8393,6661.2734,0.0016203,10.525804444444445,-4.180127061283485,-3.897621337782598,250-300,storm_recovery,6.296722715519026
58306,2026-09-13 05:28:41.155000+00:00,0.0015346,15.9897,0.00733417,0.0008052,271.9163,282.63416,6655.412,spacetrack,2026-09-12 05:26:05.895000+00:00,276.006,6659.564,0.0015924,24.043127777777777,-4.0823640296384,-4.144552277932084,250-300,storm_recovery,8.370655578875276
58308,2026-09-08 19:03:19.693000+00:00,0.0016533,15.787748,0.00299012,0.0005647,330.1206,337.70117,6712.048,spacetrack,2026-09-07 18:42:43.288000+00:00,331.54785,6713.6567,0.0016089,24.343445833333334,-1.4071138586754715,-1.586003898722001,300-350,storm_main,31.778877956027518
58308,2026-09-09 23:57:08.466000+00:00,0.0014689,15.793887,0.00272199,0.00056,328.41382,335.92935,6710.3086,spacetrack,2026-09-08 19:03:19.693000+00:00,330.1206,6712.048,0.0016533,28.89688138888889,-1.4175481239214773,-1.4446403208077332,300-350,storm_recovery,12.09805864960072
58308,2026-09-10 18:11:50.180000+00:00,0.0013283,15.797737,0.00249787,0.0005468,327.4127,334.74988,6709.2183,spacetrack,2026-09-09 23:57:08.466000+00:00,328.41382,6710.3086,0.0014689,18.244920555555556,-1.3169078992061816,-1.4342183579433756,300-350,storm_recovery,8.953772552281446
58308,2026-09-11 18:31:01.146000+00:00,0.0013699,15.80286,0.00264074,0.0005231,326.12225,333.13992,6707.768,spacetrack,2026-09-10 18:11:50.180000+00:00,327.4127,6709.2183,0.0013283,24.319712777777777,-1.2734854347580462,-1.4312340083150734,300-350,storm_recovery,8.56419864059524
58308,2026-09-12 05:09:15.738000+00:00,0.001302,15.805077,0.0025321,0.0005362,325.40753,332.60028,6707.141,spacetrack,2026-09-11 18:31:01.146000+00:00,326.12225,6707.768,0.0013699,10.637386666666666,-1.6125464399777387,-1.4146331680472064,300-350,storm_recovery,6.140738044682654
58308,2026-09-13 13:03:26.107000+00:00,0.0014353,15.812174,0.00289492,0.0004953,323.67593,330.31802,6705.134,spacetrack,2026-09-12 05:09:15.738000+00:00,325.40753,6707.141,0.001302,31.90288027777778,-1.3026535421928096,-1.5098323280090293,300-350,storm_recovery,7.73901643276392
58309,2026-09-08 19:05:28.633000+00:00,0.0016317,15.762445,0.0026285,0.0006215,336.9161,345.26813,6719.229,spacetrack,2026-09-07 12:36:45.481000+00:00,338.58972,6720.968,0.0013233,30.478653333333334,-1.3178692496912814,-1.369351839254158,300-350,storm_main,29.37071366670181
58309,2026-09-09 19:27:57.276000+00:00,0.0013685,15.766852,0.00223691,0.0006059,335.76956,343.9104,6717.977,spacetrack,2026-09-08 19:05:28.633000+00:00,336.9161,6719.229,0.0016317,24.374623055555556,-1.1289183811081438,-1.2327575253788847,300-350,storm_recovery,11.923029339610414
58309,2026-09-10 18:18:39.591000+00:00,0.0012566,15.770888,0.00208711,0.0006186,334.5388,342.84885,6716.831,spacetrack,2026-09-09 19:27:57.276000+00:00,335.76956,6717.977,0.0013685,22.8450875,-1.2929799459074414,-1.2039349816451146,300-350,storm_recovery,9.728802308154872
58309,2026-09-11 18:40:21.564000+00:00,0.0012897,15.775204,0.00218562,0.0006127,333.35403,341.58334,6715.6055,spacetrack,2026-09-10 18:18:39.591000+00:00,334.5388,6716.831,0.0012566,24.361659166666666,-1.1671815866673416,-1.2073069325366288,300-350,storm_recovery,8.556339912672204
58309,2026-09-12 05:19:43.859000+00:00,0.0011659,15.776956,0.00198645,0.0006075,332.89206,341.05093,6715.1084,spacetrack,2026-09-11 18:40:21.564000+00:00,333.35403,6715.6055,0.0012897,10.656193055555555,-1.0404541229871855,-1.1195743111814525,300-350,storm_recovery,6.218826975810495
58309,2026-09-13 19:22:33.962000+00:00,0.0013477,15.784098,0.0023811,0.0005776,331.0684,338.82336,6713.083,spacetrack,2026-09-12 05:19:43.859000+00:00,332.89206,6715.1084,0.0011659,38.04725083333334,-1.150354862476825,-1.2776113631165078,300-350,storm_recovery,7.09098680461677
58412,2026-09-08 22:00:01+00:00,0.00080484,15.826078,0.00182267,0.00274,304.70758,341.4302,6701.206,spacetrack,2026-09-07 03:16:49.400000+00:00,306.2429,6702.9976,0.00059872,42.71988888888889,-0.8625415692404599,-1.006519471804456,300-350,storm_main,25.796917386905395
58412,2026-09-09 22:00:03+00:00,0.00061349,15.829407,0.00140352,0.0027265,303.86133,340.3979,6700.2666,spacetrack,2026-09-08 22:00:01+00:00,304.70758,6701.206,0.00080484,24.000555555555554,-0.8462304113330688,-0.9393782551331883,300-350,storm_recovery,11.749971065484594
58412,2026-09-10 22:00:04+00:00,0.00069207,15.832466,0.00161079,0.002719,303.0506,339.48196,6699.4033,spacetrack,2026-09-09 22:00:03+00:00,303.86133,6700.2666,0.00061349,24.00027777777778,-0.8107206166595644,-0.8632900082174785,300-350,storm_recovery,8.750037615305377
58412,2026-09-11 22:00:02+00:00,0.00071132,15.83569,0.00168254,0.0027082,302.2163,338.49802,6698.494,spacetrack,2026-09-10 22:00:04+00:00,303.0506,6699.4033,0.00069207,23.999444444444446,-0.8343193129470436,-0.9093210490986162,300-350,storm_recovery,8.41646797379569
58412,2026-09-12 22:00:02+00:00,0.00067046,15.839026,0.0016101,0.0027092,301.27148,337.56152,6697.5537,spacetrack,2026-09-11 22:00:02+00:00,302.2163,6698.494,0.00071132,24.0,-0.9448199999999929,-0.9402999999992971,300-350,storm_recovery,7.499930555555555
58412,2026-09-13 22:00:02+00:00,0.00092254,15.842275,0.00226941,0.0027253,300.2506,336.7513,6696.638,spacetrack,2026-09-12 22:00:02+00:00,301.27148,6697.5537,0.00067046,24.0,-1.020879999999977,-0.91570000000047,300-350,storm_recovery,6.0833101851851845
58435,2026-09-08 20:10:18.293000+00:00,0.0005022,15.967048,0.00211389,0.0002245,282.07285,285.06393,6661.7056,spacetrack,2026-09-07 23:06:41.139000+00:00,283.17908,6662.7324,0.00044133,21.060320555555553,-1.2606417803548586,-1.1701246396029168,250-300,storm_main,31.386537497833274
58435,2026-09-09 23:14:34.009000+00:00,0.00045006,15.971142,0.00193675,0.0002254,280.9286,283.93118,6660.567,spacetrack,2026-09-08 20:10:18.293000+00:00,282.07285,6661.7056,0.0005022,27.07103222222222,-1.0144422929487271,-1.0094332486359177,250-300,storm_recovery,11.980966955288698
58435,2026-09-10 23:18:00.670000+00:00,0.00040637,15.97466,0.00178238,0.0002347,279.8889,283.0149,6659.589,spacetrack,2026-09-09 23:14:34.009000+00:00,280.9286,6660.567,0.00045006,24.05740583333333,-1.0372190656328775,-0.9756662943050729,250-300,storm_recovery,8.757755156961888
58435,2026-09-11 23:21:08.051000+00:00,0.00041787,15.978274,0.00186988,0.0002425,278.83298,282.0624,6658.5845,spacetrack,2026-09-10 23:18:00.670000+00:00,279.8889,6659.589,0.00040637,24.052050277777777,-1.0536349170786947,-1.0023261934669283,250-300,storm_recovery,8.143314982583894
58435,2026-09-12 23:23:56.194000+00:00,0.00040325,15.981799,0.00183985,0.0002477,277.81946,281.1176,6657.6055,spacetrack,2026-09-11 23:21:08.051000+00:00,278.83298,6658.5845,0.00041787,24.04670638888889,-1.0115514202493916,-0.9770984691218716,250-300,storm_recovery,7.32450064222817
58435,2026-09-13 23:26:24.269000+00:00,0.0004276,15.985708,0.00199419,0.0002491,276.72516,280.04144,6656.5205,spacetrack,2026-09-12 23:23:56.194000+00:00,277.81946,6657.6055,0.00040325,24.041131944444444,-1.0924277634135469,-1.0831436747726988,250-300,storm_recovery,6.019868506607455
58507,2026-09-08 23:12:42.560000+00:00,0.00048859,15.262959,0.00026485,0.0221971,334.51315,639.2808,6865.034,spacetrack,2026-09-07 23:36:32.653000+00:00,334.47446,6865.1895,0.00047338,23.602751944444446,0.03934117522333836,-0.15811715552501873,300-350,storm_main,29.262989589949775
58507,2026-09-09 22:48:50.026000+00:00,0.00040204,15.263374,0.00021802,0.0221767,334.53116,639.01324,6864.909,spacetrack,2026-09-08 23:12:42.560000+00:00,334.51315,6865.034,0.00048859,23.60207388888889,0.01831364489556901,-0.1271074742890414,300-350,storm_recovery,11.591753389467918
58507,2026-09-10 19:16:06.784000+00:00,0.00034994,15.263702,0.00018985,0.0221615,334.53943,638.8085,6864.811,spacetrack,2026-09-09 22:48:50.026000+00:00,334.53116,6864.909,0.00040204,20.454655,0.009703414699468801,-0.11498605085243199,300-350,storm_recovery,8.863872361137899
58507,2026-09-11 22:00:58.723000+00:00,0.00035483,15.264141,0.00019256,0.02214,334.55844,638.5264,6864.679,spacetrack,2026-09-10 19:16:06.784000+00:00,334.53943,6864.811,0.00034994,26.747760833333334,0.017057128738504283,-0.11843982080333904,300-350,storm_recovery,8.263868536285266
58507,2026-09-12 21:37:00.186000+00:00,0.00034803,15.264504,0.00018888,0.0221195,334.5927,638.2745,6864.571,spacetrack,2026-09-11 22:00:58.723000+00:00,334.55844,6864.679,0.00035483,23.60040638888889,0.03484007802451096,-0.10982861724044332,300-350,storm_recovery,7.557187227343296
58507,2026-09-13 14:55:24.069000+00:00,0.00035283,15.264769,0.00019155,0.0221085,334.59058,638.1178,6864.491,spacetrack,2026-09-12 21:37:00.186000+00:00,334.5927,6864.571,0.00034803,17.30663416666667,-0.002939913070894871,-0.11094011588320607,300-350,storm_recovery,7.289105897300172
58598,2026-09-08 22:00:01+00:00,0.00088987,15.863054,0.00237096,0.003136,291.66925,333.63388,6690.7886,spacetrack,2026-09-07 22:00:03+00:00,292.9899,6692.1094,0.00076467,23.999444444444446,-1.3206805713095215,-1.3208305747822413,250-300,storm_main,30.166427463598694
58598,2026-09-09 22:00:03+00:00,0.00076279,15.866101,0.0020594,0.0031196,290.9248,332.66464,6689.9316,spacetrack,2026-09-08 22:00:01+00:00,291.66925,6690.7886,0.00088987,24.000555555555554,-0.7444327677599777,-0.8569801624962095,250-300,storm_recovery,11.749971065484594
58598,2026-09-10 22:00:04+00:00,0.00075628,15.870077,0.00208353,0.0031249,289.77545,331.57922,6688.8145,spacetrack,2026-09-09 22:00:03+00:00,290.9248,6689.9316,0.00076279,24.00027777777778,-1.1493366974919539,-1.1170870707509777,250-300,storm_recovery,8.750037615305377
58598,2026-09-11 22:00:02+00:00,0.00078681,15.873961,0.00221274,0.0031376,288.60287,330.56967,6687.723,spacetrack,2026-09-10 22:00:04+00:00,289.77545,6688.8145,0.00075628,23.999444444444446,-1.1726071436838637,-1.091525266789034,250-300,storm_recovery,8.41646797379569
58598,2026-09-12 22:00:02+00:00,0.00083341,15.87796,0.00239427,0.0031464,287.42477,329.50223,6686.6006,spacetrack,2026-09-11 22:00:02+00:00,288.60287,6687.723,0.00078681,24.0,-1.1780999999999722,-1.122400000000198,250-300,storm_recovery,7.499930555555555
58598,2026-09-13 22:00:02+00:00,0.00080139,15.882202,0.00235179,0.0031421,286.26657,328.27902,6685.4097,spacetrack,2026-09-12 22:00:02+00:00,287.42477,6686.6006,0.00083341,24.0,-1.158200000000022,-1.1908999999996013,250-300,storm_recovery,6.0833101851851845
58672,2026-09-08 22:25:12.234000+00:00,0.00073208,15.703372,0.00094813,0.0028789,338.54013,377.32507,6736.07,spacetrack,2026-09-07 21:59:42.390000+00:00,339.05945,6736.597,0.00067938,24.424956666666667,-0.5102846310065594,-0.5178310108227164,300-350,storm_main,29.906194647632944
58672,2026-09-12 13:25:00.814000+00:00,0.00053388,15.708092,0.00070218,0.002878,337.2007,375.96576,6734.72,spacetrack,2026-09-11 19:06:14.594000+00:00,337.5512,6735.0425,0.00056827,18.31283888888889,-0.45934986110231923,-0.4226542944512862,300-350,storm_recovery,8.327602007213518
58672,2026-09-13 12:18:21.628000+00:00,0.00058906,15.709634,0.00078152,0.0029113,336.53705,375.74808,6734.28,spacetrack,2026-09-12 13:25:00.814000+00:00,337.2007,6734.72,0.00053388,22.889115,-0.6958591452749079,-0.46135466574449135,300-350,storm_recovery,6.711128387639471
58706,2026-09-08 20:22:58.998000+00:00,0.00060025,15.77901,0.00104121,0.0002689,334.58325,338.19434,6714.526,spacetrack,2026-09-07 20:03:34.348000+00:00,335.1399,6715.1143,0.00054998,24.323513888888886,-0.5492462997339587,-0.5804753402203948,300-350,storm_main,31.127830397312152
58706,2026-09-09 19:11:01.226000+00:00,0.00051746,15.780649,0.00090181,0.0002553,334.20953,337.63773,6714.0605,spacetrack,2026-09-08 20:22:58.998000+00:00,334.58325,6714.526,0.00060025,22.80061888888889,-0.3933787957120777,-0.4899866996790263,300-350,storm_recovery,11.71061560366027
58706,2026-09-10 22:32:28.745000+00:00,0.00046985,15.782596,0.00082465,0.0002282,333.83954,336.90356,6713.509,spacetrack,2026-09-09 19:11:01.226000+00:00,334.20953,6714.0605,0.00051746,27.357644166666667,-0.32458057959605685,-0.48381358860266893,300-350,storm_recovery,9.348053025886458
58706,2026-09-11 18:17:51+00:00,0.00047692,15.7840185,0.00084277,0.0002655,333.18594,336.75058,6713.1055,spacetrack,2026-09-10 22:32:28.745000+00:00,333.83954,6713.509,0.00046985,19.756181944444446,-0.7939995715827419,-0.4901756841094278,300-350,storm_recovery,8.994358516894607
58706,2026-09-12 18:36:37.641000+00:00,0.00052927,15.785741,0.00094442,0.0002176,333.01932,335.94064,6712.617,spacetrack,2026-09-11 18:17:51+00:00,333.18594,6713.1055,0.00047692,24.312955833333334,-0.16447527102064838,-0.48221203873178153,300-350,storm_recovery,7.578339079640906
58706,2026-09-13 20:26:23.643000+00:00,0.00051113,15.787683,0.00091959,0.0001992,332.5926,335.2667,6712.0664,spacetrack,2026-09-12 18:36:37.641000+00:00,333.01932,6712.617,0.00052927,25.829445,-0.39649632425318215,-0.511602165668355,300-350,storm_recovery,6.0178597849598905
58720,2026-09-08 22:00:01+00:00,0.0010716,15.970959,0.00476496,0.0008218,277.00705,287.95444,6660.6177,spacetrack,2026-09-07 22:00:03+00:00,279.77496,6663.455,0.00096202,23.999444444444446,-2.767974073473952,-2.8373656797612465,250-300,storm_main,30.166427463598694
58720,2026-09-09 22:00:03+00:00,0.00093674,15.979159,0.00435963,0.0008686,274.41843,285.9853,6658.339,spacetrack,2026-09-08 22:00:01+00:00,277.00705,6660.6177,0.0010716,24.000555555555554,-2.5885600796277783,-2.278647253535642,250-300,storm_recovery,11.749971065484594
58720,2026-09-10 22:00:04+00:00,0.00089497,15.987263,0.00436055,0.0008993,271.9659,283.93756,6656.089,spacetrack,2026-09-09 22:00:03+00:00,274.41843,6658.339,0.00093674,24.00027777777778,-2.45250161456467,-2.2499739586347376,250-300,storm_recovery,8.750037615305377
58720,2026-09-11 22:00:02+00:00,0.00091452,15.995585,0.00467473,0.000934,269.428,281.85727,6653.78,spacetrack,2026-09-10 22:00:04+00:00,271.9659,6656.089,0.00089497,23.999444444444446,-2.537958749045096,-2.309053450311546,250-300,storm_recovery,8.41646797379569
58720,2026-09-12 19:50:35.593000+00:00,0.00075504,16.003437,0.00403542,0.0009636,267.05673,279.8757,6651.603,spacetrack,2026-09-11 22:00:02+00:00,269.428,6653.78,0.00091452,21.84266472222222,-2.605473312150424,-2.392015839845603,250-300,storm_recovery,7.845608326710951
58720,2026-09-13 19:49:00.205000+00:00,0.00086997,16.012997,0.00492122,0.0009859,264.26315,277.37357,6648.9556,spacetrack,2026-09-12 19:50:35.593000+00:00,267.05673,6651.603,0.00075504,23.97350333333333,-2.7966675987142118,-2.6503260335610532,250-300,storm_recovery,6.2260640022343186
58929,2026-09-08 23:20:16.389000+00:00,0.00017845,15.754762,0.00026921,0.0002552,341.56125,344.99185,6721.4136,spacetrack,2026-09-07 22:56:50.015000+00:00,341.71475,6721.5786,0.0001727,24.390659444444445,-0.15104142667365705,-0.16235723388369114,300-350,storm_main,29.26354019584045
58929,2026-09-09 23:43:42.353000+00:00,0.00011599,15.754341,0.00017409,0.0002891,341.45303,345.33942,6721.533,spacetrack,2026-09-08 23:20:16.389000+00:00,341.56125,6721.4136,0.00017845,24.39054555555556,-0.10648716299039282,0.11748814693319548,300-350,storm_recovery,11.58944512015152
58929,2026-09-10 22:35:42.778000+00:00,0.00012587,15.753863,0.00018868,0.000372,341.03152,346.03244,6721.669,spacetrack,2026-09-09 23:43:42.353000+00:00,341.45303,6721.533,0.00011599,22.866784722222224,-0.4423988821729362,0.14273978784679356,300-350,storm_recovery,8.58893889335484
58929,2026-09-11 22:59:10.827000+00:00,9.8414e-06,15.754355,1.375e-05,0.0003264,341.19818,345.586,6721.5293,spacetrack,2026-09-10 22:35:42.778000+00:00,341.03152,6721.669,0.00012587,24.391124722222223,0.1639875178185337,-0.13745983582867055,300-350,storm_recovery,8.27193476306483
58929,2026-09-12 23:22:36.826000+00:00,0.00014141,15.7547865,0.00021301,0.0003185,341.1287,345.41025,6721.4062,spacetrack,2026-09-11 22:59:10.827000+00:00,341.19818,6721.5293,9.8414e-06,24.390555277777775,-0.06836744719458046,-0.1211288536217471,300-350,storm_recovery,7.322637659415503
58929,2026-09-13 22:14:41.097000+00:00,0.00015297,15.753522,0.00022927,0.000255,341.91507,345.34317,6721.766,spacetrack,2026-09-12 23:22:36.826000+00:00,341.1287,6721.4062,0.00014141,22.867853055555553,0.8253017873672142,0.3776130614012575,300-350,storm_recovery,6.175772719566504
58992,2026-09-08 22:41:57.076000+00:00,0.0013856,15.635843,0.00179959,0.0114259,300.12622,454.50043,6755.45,spacetrack,2026-09-07 22:07:15.995000+00:00,300.54492,6756.493,0.0012821,24.578078055555558,-0.40885214772636086,-1.0184685695696876,300-350,storm_main,29.726177283028452
58992,2026-09-09 21:44:11.032000+00:00,0.0012241,15.6387205,0.00160239,0.0113483,299.8311,453.13803,6754.6216,spacetrack,2026-09-08 22:41:57.076000+00:00,300.12622,6755.45,0.0013856,23.03721,-0.3074538974120534,-0.8630211731362463,300-350,storm_recovery,11.648500693732732
58992,2026-09-10 22:18:16.846000+00:00,0.0010765,15.641795,0.00142196,0.0112773,299.43564,451.76346,6753.7363,spacetrack,2026-09-09 21:44:11.032000+00:00,299.8311,6754.6216,0.0012241,24.568281666666667,-0.38631273154432405,-0.8648223871858003,250-300,storm_recovery,8.82517479006977
58992,2026-09-11 21:19:59.334000+00:00,0.0011275,15.6445875,0.00150237,0.0112061,299.1219,450.46997,6752.933,spacetrack,2026-09-10 22:18:16.846000+00:00,299.43564,6753.7363,0.0010765,23.028468888888888,-0.32697614575813005,-0.8371898319862704,250-300,storm_recovery,8.410280593750093
58992,2026-09-12 21:53:32.145000+00:00,0.0011496,15.64766,0.00154579,0.0111218,298.81686,449.00674,6752.049,spacetrack,2026-09-11 21:19:59.334000+00:00,299.1219,6752.933,0.0011275,24.559114166666667,-0.29809544229960944,-0.8638748065594393,250-300,storm_recovery,7.501777564792052
58992,2026-09-13 22:26:47.218000+00:00,0.0011942,15.6508665,0.00162201,0.0110428,298.43814,447.5408,6751.1265,spacetrack,2026-09-12 21:53:32.145000+00:00,298.81686,6752.049,0.0011496,24.554186944444446,-0.3701723058705296,-0.9016792146319252,250-300,storm_recovery,6.018130377017732
59322,2026-09-08 22:00:01+00:00,0.00086179,15.911591,0.00290713,0.0025899,281.74515,316.3316,6677.1753,spacetrack,2026-09-07 22:00:03+00:00,283.5598,6679.0303,0.00079247,23.999444444444446,-1.8146920067593877,-1.8550429408092879,250-300,storm_main,30.166427463598694
59322,2026-09-09 22:00:03+00:00,0.00077251,15.917268,0.00268395,0.0026028,280.07538,314.8258,6675.5874,spacetrack,2026-09-08 22:00:01+00:00,281.74515,6677.1753,0.00086179,24.000555555555554,-1.6697313488113985,-1.587863243905927,250-300,storm_recovery,11.749971065484594
59322,2026-09-10 22:00:04+00:00,0.0006581,15.923124,0.00235638,0.0026177,278.34305,313.28384,6673.9507,spacetrack,2026-09-09 22:00:03+00:00,280.07538,6675.5874,0.00077251,24.00027777777778,-1.7323099501163082,-1.6366810569322303,250-300,storm_recovery,8.750037615305377
59322,2026-09-11 22:00:02+00:00,0.0005377,15.929,0.00198306,0.0026267,276.6461,311.6984,6672.309,spacetrack,2026-09-10 22:00:04+00:00,278.34305,6673.9507,0.0006581,23.999444444444446,-1.6969892821593242,-1.6417380031946462,250-300,storm_recovery,8.41646797379569
59322,2026-09-12 22:00:02+00:00,0.00073983,15.934509,0.00282224,0.0026456,274.98605,310.28244,6670.771,spacetrack,2026-09-11 22:00:02+00:00,276.6461,6672.309,0.0005377,24.0,-1.6600500000000125,-1.5380000000004657,250-300,storm_recovery,7.499930555555555
59322,2026-09-13 22:00:02+00:00,0.00077632,15.940613,0.00306397,0.002659,273.19818,308.6643,6669.0684,spacetrack,2026-09-12 22:00:02+00:00,274.98605,6670.771,0.00073983,24.0,-1.787869999999998,-1.7025999999996202,250-300,storm_recovery,6.0833101851851845
59586,2026-09-08 13:00:55.066000+00:00,0.00076792,15.703581,0.00099398,0.0027476,339.36484,376.38055,6736.01,spacetrack,2026-09-07 08:00:37.173000+00:00,340.12497,6736.615,0.00064458,29.004970277777776,-0.6289653057833712,-0.5006038572331879,300-350,storm_main,28.483071747099892
59586,2026-09-10 00:00:02+00:00,-2.3638e-05,15.70638,-3.556e-05,0.0027078,338.83478,375.30997,6735.2095,spacetrack,2026-09-09 22:00:03+00:00,338.74594,6735.1904,-0.00027446,1.9997222222222222,1.0662280872343946,0.2292318377495503,300-350,storm_recovery,12.0
59586,2026-09-12 20:47:28.635000+00:00,0.00057367,15.710381,0.0007603,0.0026841,337.85413,374.00394,6734.066,spacetrack,2026-09-11 05:07:02.712000+00:00,338.37854,6734.7646,0.00056123,39.6738675,-0.31723249567236506,-0.4226056358134226,300-350,storm_recovery,7.7230648108607
59878,2026-09-08 22:00:01+00:00,0.0046227,15.723533,0.00697876,0.0025704,334.87378,369.47296,6730.3105,spacetrack,2026-09-07 22:00:03+00:00,338.25275,6734.124,0.0039206,23.999444444444446,-3.379048218708747,-3.8135882775066268,300-350,storm_main,30.166427463598694
59878,2026-09-09 22:00:03+00:00,0.004031,15.734885,0.00633914,0.00253,331.91617,365.95514,6727.0728,spacetrack,2026-09-08 22:00:01+00:00,334.87378,6730.3105,0.0046227,24.000555555555554,-2.9575415383903034,-3.2376250549752563,300-350,storm_recovery,11.749971065484594
59878,2026-09-10 22:00:04+00:00,0.00051094,15.73996,0.00076684,0.0025059,330.63593,364.3434,6725.6265,spacetrack,2026-09-09 22:00:03+00:00,331.91617,6727.0728,0.004031,24.00027777777778,-1.2802251825789541,-1.4462832606100195,300-350,storm_recovery,8.750037615305377
59878,2026-09-11 22:00:02+00:00,0.00015372,15.742072,0.00022787,0.0024953,330.10706,363.66895,6725.025,spacetrack,2026-09-10 22:00:04+00:00,330.63593,6725.6265,0.00051094,23.999444444444446,-0.5288822426444891,-0.6015139239340938,300-350,storm_recovery,8.41646797379569
59878,2026-09-12 22:00:02+00:00,0.00072705,15.743596,0.00111502,0.0024954,329.67358,363.23468,6724.5913,spacetrack,2026-09-11 22:00:02+00:00,330.10706,6725.025,0.00015372,24.0,-0.43347999999997455,-0.43369999999958964,300-350,storm_recovery,7.499930555555555
59878,2026-09-13 22:00:02+00:00,0.00030435,15.745841,0.00046501,0.0024941,329.0448,362.58524,6723.952,spacetrack,2026-09-12 22:00:02+00:00,329.67358,6724.5913,0.00072705,24.0,-0.6287800000000061,-0.639299999999821,300-350,storm_recovery,6.0833101851851845
59907,2026-09-08 20:59:19.078000+00:00,0.0007607,15.733212,0.00112319,0.0029164,329.79242,369.03287,6727.55,spacetrack,2026-09-07 22:08:00.886000+00:00,330.48358,6728.1484,0.00071941,22.85505333333333,-0.725784348785911,-0.6283774441712034,300-350,storm_main,30.827097148658783
59907,2026-09-10 20:12:50.035000+00:00,0.00059505,15.736812,0.00088912,0.0029163,328.77026,368.0034,6726.524,spacetrack,2026-09-08 20:59:19.078000+00:00,329.79242,6727.55,0.0007607,47.22526583333333,-0.5194643072328493,-0.5214158049824176,300-350,storm_recovery,10.418704777951458
59907,2026-09-11 19:03:39.712000+00:00,0.00063109,15.738518,0.00095102,0.0029168,328.28214,367.51917,6726.0376,spacetrack,2026-09-10 20:12:50.035000+00:00,328.77026,6726.524,0.00059505,22.847132499999997,-0.5127505607103885,-0.510943769421237,300-350,storm_recovery,8.858377741714413
59907,2026-09-12 13:20:12.969000+00:00,0.00061905,15.739943,0.00093869,0.0029279,327.80273,367.1867,6725.632,spacetrack,2026-09-11 19:03:39.712000+00:00,328.28214,6726.0376,0.00063109,18.275904722222222,-0.6295633608775832,-0.5326357380362592,300-350,storm_recovery,8.323222773421902
59907,2026-09-13 21:18:56.811000+00:00,0.00067771,15.742481,0.00104044,0.0029075,327.2189,366.32422,6724.9087,spacetrack,2026-09-12 13:20:12.969000+00:00,327.80273,6725.632,0.00061905,31.978845,-0.4381621662695906,-0.5428338640745682,300-350,storm_recovery,5.834757061009135
60051,2026-09-08 15:02:12.075000+00:00,0.0014261,16.076113,0.01168167,4.23e-05,253.12396,253.685,6631.5415,spacetrack,2026-09-07 04:41:02.317000+00:00,262.641,6642.256,0.0035778,34.352710555555554,-6.648935595070872,-7.4855228551510855,250-300,storm_main,26.6832793996411
60051,2026-09-09 02:58:10.235000+00:00,0.0010034,16.084995,0.00874848,0.0001641,249.87483,252.05049,6629.0996,spacetrack,2026-09-08 15:02:12.075000+00:00,253.12396,6631.5415,0.0014261,11.932822222222223,-6.534843019347214,-4.911294152264942,250-300,storm_recovery,20.21343314052557
60051,2026-09-10 08:42:08.105000+00:00,0.003892,16.21938,0.09088332,0.0008887,208.4367,220.1541,6592.4326,spacetrack,2026-09-09 02:58:10.235000+00:00,249.87483,6629.0996,0.0010034,29.732741666666666,-33.44848353204338,-29.597270573489116,200-250,storm_recovery,11.141981011019743
60210,2026-09-08 19:48:23.941000+00:00,0.00047922,15.734672,0.00067252,0.0015411,338.62927,359.36365,6727.1333,spacetrack,2026-09-07 22:26:14.480000+00:00,339.0108,6727.475,0.00046935,21.36929472222222,-0.4284989335880024,-0.3837655901423168,300-350,storm_main,31.68585511082679
60210,2026-09-09 21:45:11.344000+00:00,0.00043092,15.735843,0.00060722,0.001545,338.27005,359.05585,6726.8,spacetrack,2026-09-08 19:48:23.941000+00:00,338.62927,6727.1333,0.00047922,25.946500833333335,-0.3322713939493579,-0.30829590669617873,300-350,storm_recovery,12.022355583529071
60210,2026-09-10 20:38:43.850000+00:00,0.00039485,15.736874,0.00055848,0.0015522,337.92825,358.81003,6726.5063,spacetrack,2026-09-09 21:45:11.344000+00:00,338.27005,6726.8,0.00043092,22.892362777777777,-0.35833784741363167,-0.30791054940150514,300-350,storm_recovery,8.71662939117517
60210,2026-09-11 21:03:44.510000+00:00,0.00039347,15.737994,0.00055927,0.0015633,337.5348,358.56488,6726.187,spacetrack,2026-09-10 20:38:43.850000+00:00,337.92825,6726.5063,0.00039485,24.41685,-0.38673293238068596,-0.3138488379951832,300-350,storm_recovery,8.553703351032858
60210,2026-09-12 23:00:12.421000+00:00,0.00039162,15.739107,0.00055936,0.0015752,337.13797,358.32715,6725.8696,spacetrack,2026-09-11 21:03:44.510000+00:00,337.5348,6726.187,0.00039347,25.941086388888888,-0.3671365129904443,-0.2936499993022861,300-350,storm_recovery,7.346540967170793
60210,2026-09-13 21:53:27.909000+00:00,0.00043512,15.740153,0.00062495,0.0015817,336.7967,358.07236,6725.5713,spacetrack,2026-09-12 23:00:12.421000+00:00,337.13797,6725.8696,0.00039162,22.887635555555555,-0.35785610008160573,-0.31279771047697347,300-350,storm_recovery,6.1893442878813945
60246,2026-09-09 13:59:32.461000+00:00,0.00069473,15.705516,0.00086419,0.0014936,347.25943,367.37958,6735.4565,spacetrack,2026-09-07 20:42:01.654000+00:00,348.3892,6736.543,0.00090241,41.29189083333333,-0.6566538720506285,-0.6315041397652887,300-350,storm_recovery,22.570915972222068
60246,2026-09-10 12:55:41.911000+00:00,0.00070018,15.707336,0.00087782,0.0015041,346.66907,366.9291,6734.936,spacetrack,2026-09-09 13:59:32.461000+00:00,347.25943,6735.4565,0.00069473,22.935958333333332,-0.6177478958622444,-0.5446469608317183,300-350,storm_recovery,11.616980214837328
60246,2026-09-11 13:23:25.783000+00:00,0.00077053,15.709236,0.00097491,0.0015025,346.13757,366.37442,6734.393,spacetrack,2026-09-10 12:55:41.911000+00:00,346.66907,6734.936,0.00070018,24.462186666666668,-0.5214578800259826,-0.5327405999133343,300-350,storm_recovery,8.509446961405468
60246,2026-09-12 13:50:59.093000+00:00,0.00078145,15.711146,0.00099706,0.0015187,345.48355,365.93695,6733.847,spacetrack,2026-09-11 13:23:25.783000+00:00,346.13757,6734.393,0.00077053,24.459252777777778,-0.6417399641194662,-0.5357481734647327,300-350,storm_recovery,7.867524843756584
60246,2026-09-13 20:25:10.081000+00:00,0.00078909,15.713624,0.00101757,0.0015202,344.76663,365.23807,6733.139,spacetrack,2026-09-12 13:50:59.093000+00:00,345.48355,6733.847,0.00078145,30.56971888888889,-0.5628471777099944,-0.555844169249693,300-350,storm_recovery,5.917316353397935
60491,2026-09-08 18:23:20.249000+00:00,0.0015153,15.820727,0.00318935,0.0004644,321.46713,327.69263,6702.717,spacetrack,2026-09-07 18:05:45.455000+00:00,323.1684,6704.4004,0.001405,24.292998333333333,-1.6807509488845394,-1.6630964793087188,300-350,storm_main,32.11803860632271
60491,2026-09-09 18:40:22.219000+00:00,0.0011911,15.826279,0.00255346,0.0004752,319.82803,326.1968,6701.1494,spacetrack,2026-09-08 18:23:20.249000+00:00,321.46713,6702.717,0.0015153,24.283880555555555,-1.6199387865544403,-1.5492746274185807,300-350,storm_recovery,11.91153150632501
60491,2026-09-10 18:56:54.043000+00:00,0.0012576,15.831996,0.00277505,0.0003054,319.35306,323.44513,6699.536,spacetrack,2026-09-09 18:40:22.219000+00:00,319.82803,6701.1494,0.0011911,24.275506666666665,-0.46957948835120655,-1.595089261439558,300-350,storm_recovery,9.750601921296436
60491,2026-09-11 19:12:54.579000+00:00,0.0013297,15.837612,0.00302116,0.000383,317.24976,322.38037,6697.952,spacetrack,2026-09-10 18:56:54.043000+00:00,319.35306,6699.536,0.0012576,24.266815555555553,-2.0801740502142074,-1.566583794769592,300-350,storm_recovery,8.574147759349827
60491,2026-09-12 05:49:44.829000+00:00,0.0012451,15.840199,0.00285796,0.0003714,316.5985,321.5732,6697.2227,spacetrack,2026-09-11 19:12:54.579000+00:00,317.24976,6697.952,0.0013297,10.613958333333333,-1.472611773018973,-1.6490737433017872,300-350,storm_recovery,6.463321883526017
60491,2026-09-13 18:12:24.258000+00:00,0.0013076,15.849132,0.00314195,0.0004962,313.24747,319.8913,6694.7065,spacetrack,2026-09-12 05:49:44.829000+00:00,316.5985,6697.2227,0.0012451,36.37761916666667,-2.2108296761128843,-1.660053664406266,300-350,storm_recovery,7.228384105126175
60508,2026-09-08 19:10:52.022000+00:00,0.0010923,16.004225,0.00566705,0.000662,268.84467,277.6511,6651.385,spacetrack,2026-09-07 19:09:45.912000+00:00,272.00897,6654.414,0.00095923,24.01836388888889,-3.1618806489617413,-3.026684096231002,250-300,storm_main,31.78078331498896
60508,2026-09-09 19:10:59.901000+00:00,0.00089782,16.014421,0.00494073,0.0006745,265.9397,274.90863,6648.561,spacetrack,2026-09-08 19:10:52.022000+00:00,268.84467,6651.385,0.0010923,24.002188611111112,-2.904705113754722,-2.8237424969087046,250-300,storm_recovery,11.875284949419948
60508,2026-09-10 17:40:17.098000+00:00,0.00088513,16.024286,0.00515815,0.0006891,263.11572,272.27502,6645.8325,spacetrack,2026-09-09 19:10:59.901000+00:00,265.9397,6648.561,0.00089782,22.48811027777778,-3.0138379420423917,-2.9119387619106414,250-300,storm_recovery,9.943365195808347
60508,2026-09-11 19:08:26.963000+00:00,0.00094383,16.036215,0.00589934,0.0007211,259.6094,269.18927,6642.536,spacetrack,2026-09-10 17:40:17.098000+00:00,263.11572,6645.8325,0.00088513,25.469406944444447,-3.3040298183447145,-3.1063149673089017,250-300,storm_recovery,8.371070913889993
60508,2026-09-12 13:06:27.147000+00:00,0.00085572,16.0449,0.00563574,0.0007442,257.06003,266.9432,6640.1387,spacetrack,2026-09-11 19:08:26.963000+00:00,259.6094,6642.536,0.00094383,17.966717777777777,-3.4054567315393056,-3.2023211313061233,250-300,storm_recovery,8.3593172369454
60508,2026-09-13 19:01:46.432000+00:00,0.00094974,16.060957,0.00688647,0.0007313,252.72276,262.42816,6635.7124,spacetrack,2026-09-12 13:06:27.147000+00:00,257.06003,6640.1387,0.00085572,29.92202361111111,-3.4788582935729577,-3.5502679023538555,250-300,storm_recovery,6.126134563555634
60520,2026-09-08 20:12:59.483000+00:00,0.00093526,15.837526,0.0021017,0.0004069,317.11383,322.56464,6697.976,spacetrack,2026-09-07 18:26:02.326000+00:00,318.4203,6699.17,0.00088199,25.782543611111112,-1.2161437782456441,-1.111449685967389,300-350,storm_main,30.971746344266933
60520,2026-09-12 12:08:02.680000+00:00,0.00079889,15.850055,0.00190038,0.0004213,313.48907,319.12982,6694.4463,spacetrack,2026-09-11 19:27:55.621000+00:00,314.31543,6695.146,0.0007503,16.6686275,-1.1898184178630888,-1.0074494735696085,300-350,storm_recovery,8.523601798248436
60520,2026-09-13 16:55:09.064000+00:00,0.00080459,15.854499,0.00195635,0.0004467,312.0685,318.04822,6693.1953,spacetrack,2026-09-12 12:08:02.680000+00:00,313.48907,6694.4463,0.00079889,28.785106666666668,-1.1844208324397842,-1.0430393865710785,300-350,storm_recovery,6.383099269390699
61642,2026-09-08 19:00:13.918000+00:00,0.00082916,15.758361,0.0013652,0.0026393,324.5159,359.99014,6720.39,spacetrack,2026-09-07 03:26:56.151000+00:00,325.87607,6721.5977,0.00063748,39.55493527777777,-0.8252846268298815,-0.7327732885024392,300-350,storm_main,26.69491097427111
61642,2026-09-09 22:00:03+00:00,0.00051316,15.761166,0.00084885,0.0026498,323.6503,359.26144,6719.593,spacetrack,2026-09-08 19:00:13.918000+00:00,324.5159,6720.39,0.00082916,26.99696722222222,-0.7695086573613032,-0.708524029479376,300-350,storm_recovery,12.11069397692222
61642,2026-09-10 22:00:04+00:00,0.00054626,15.763412,0.00091404,0.002668,322.89108,358.74344,6718.954,spacetrack,2026-09-09 22:00:03+00:00,323.6503,6719.593,0.00051316,24.00027777777778,-0.7592112128332122,-0.6389926042523892,300-350,storm_recovery,8.750037615305377
61642,2026-09-11 22:00:02+00:00,0.00021091,15.765845,0.00035149,0.0026894,322.05783,358.19403,6718.2627,spacetrack,2026-09-10 22:00:04+00:00,322.89108,6718.954,0.00054626,23.999444444444446,-0.8332692886409048,-0.6913160026847481,300-350,storm_recovery,8.41646797379569
61642,2026-09-12 17:17:10.900000+00:00,0.00068846,15.767383,0.00117823,0.002703,321.53107,357.84763,6717.826,spacetrack,2026-09-11 22:00:02+00:00,322.05783,6718.2627,0.00021091,19.285805555555555,-0.6555204532982966,-0.5434463170238525,300-350,storm_recovery,8.318445200773741
61642,2026-09-13 00:53:15.011000+00:00,0.00069107,15.768034,0.00118663,0.0027183,321.2438,357.76495,6717.6416,spacetrack,2026-09-12 17:17:10.900000+00:00,321.53107,6717.826,0.00068846,7.601141944444445,-0.907032134170122,-0.5822283062661271,300-350,storm_recovery,4.677681617356398
61745,2026-09-13 21:51:05.971000+00:00,0.00070149,15.730571,0.00096458,8.79e-05,349.57422,350.75705,6728.3027,spacetrack,2026-09-12 22:56:58.958000+00:00,349.94824,6728.7837,0.00066002,22.901948055555557,-0.391952683598103,-0.5040619239896523,300-350,storm_recovery,6.189697630404148
61785,2026-09-10 22:44:05.655000+00:00,0.00065857,15.72556,0.00088582,0.0003101,349.50784,353.68164,6729.732,spacetrack,2026-09-09 22:17:54.087000+00:00,349.8371,6730.234,0.00073982,24.436546666666665,-0.3233779350164918,-0.4930320214371444,300-350,storm_recovery,8.808059622172474
61785,2026-09-11 21:38:29.890000+00:00,0.00068357,15.727261,0.00092655,0.000296,349.11792,353.10165,6729.2466,spacetrack,2026-09-10 22:44:05.655000+00:00,349.50784,6729.732,0.00065857,22.906731944444445,-0.4085296856267039,-0.5085666531674371,300-350,storm_recovery,8.323867553006464
61785,2026-09-12 23:35:58.717000+00:00,0.00067251,15.729179,0.00091887,0.0002807,348.67377,352.45126,6728.6997,spacetrack,2026-09-11 21:38:29.890000+00:00,349.11792,6729.2466,0.00068357,25.9580075,-0.4106478511496256,-0.5056474384640913,300-350,storm_recovery,7.277412246169768
61785,2026-09-13 22:30:04.027000+00:00,0.00073707,15.730925,0.00101582,0.0002607,348.3108,351.81888,6728.2017,spacetrack,2026-09-12 23:35:58.717000+00:00,348.67377,6728.6997,0.00067251,22.901474999999998,-0.3803807396685342,-0.5218877823376901,300-350,storm_recovery,6.161383988974024
62204,2026-09-08 02:03:29.365000+00:00,0.0014225,15.771358,0.00253033,0.0029005,319.0788,358.04236,6716.6978,spacetrack,2026-09-07 03:15:23.904000+00:00,320.7883,6717.4434,0.0012504,22.801516944444444,-1.7993539684207809,-0.784789891111373,300-350,storm_main,22.282050069743775
62204,2026-09-09 22:00:03+00:00,0.00046742,15.775333,0.00082456,0.002725,319.13202,355.73187,6715.569,spacetrack,2026-09-08 02:03:29.365000+00:00,319.0788,6716.6978,0.0014225,43.94267638888889,0.029066959615669026,-0.6165122888791125,300-350,storm_recovery,19.93845277023946
62204,2026-09-10 22:00:04+00:00,0.00084266,15.777555,0.00151726,0.0027206,318.5326,355.06992,6714.9385,spacetrack,2026-09-09 22:00:03+00:00,319.13202,6715.569,0.00046742,24.00027777777778,-0.5994130623488245,-0.6304927026309676,300-350,storm_recovery,8.750037615305377
62204,2026-09-11 22:00:02+00:00,0.00041371,15.780307,0.00074537,0.0027322,317.6765,354.36536,6714.1577,spacetrack,2026-09-10 22:00:04+00:00,318.5326,6714.9385,0.00084266,23.999444444444446,-0.8561198175883963,-0.7808180744929192,300-350,storm_recovery,8.41646797379569
62204,2026-09-12 22:00:02+00:00,0.00033079,15.782913,0.00060113,0.0027373,316.90497,353.65823,6713.4185,spacetrack,2026-09-11 22:00:02+00:00,317.6765,6714.1577,0.00041371,24.0,-0.7715299999999843,-0.7391999999999825,300-350,storm_recovery,7.499930555555555
62204,2026-09-13 22:00:02+00:00,0.00072175,15.785207,0.00134314,0.002752,316.1577,353.10477,6712.768,spacetrack,2026-09-12 22:00:02+00:00,316.90497,6713.4185,0.00033079,24.0,-0.7472700000000145,-0.6504999999997381,300-350,storm_recovery,6.0833101851851845
62459,2026-09-08 16:09:26.758000+00:00,0.00079083,15.893441,0.00231582,0.0008931,298.15268,310.08853,6682.258,spacetrack,2026-09-07 16:00:15.056000+00:00,299.69907,6683.6855,0.00067122,24.153250555555555,-1.5365782719239087,-1.4184426200188829,250-300,storm_main,31.012300713791664
62459,2026-09-09 20:49:47.710000+00:00,0.00068631,15.898694,0.00206046,0.0009027,296.61795,308.67944,6680.7856,spacetrack,2026-09-08 16:09:26.758000+00:00,298.15268,6682.258,0.00079083,28.672486666666668,-1.284629422910159,-1.2324567593599596,250-300,storm_recovery,13.92655328348454
62459,2026-09-10 22:28:35.827000+00:00,0.00063258,15.903058,0.00193994,0.0009061,295.37396,307.47867,6679.5635,spacetrack,2026-09-09 20:49:47.710000+00:00,296.61795,6680.7856,0.00068631,25.646699166666668,-1.1641170587287044,-1.1436325512844163,250-300,storm_recovery,8.978567969711763
62459,2026-09-11 13:33:34.895000+00:00,0.00061806,15.9055605,0.00191966,0.0009198,294.58252,306.86896,6678.863,spacetrack,2026-09-10 22:28:35.827000+00:00,295.37396,6679.5635,0.00063258,15.083074444444444,-1.2593294603141616,-1.1146268661552918,250-300,storm_recovery,9.700795067053452
62459,2026-09-12 22:44:02.932000+00:00,0.00061941,15.911039,0.00197979,0.0009221,293.03537,305.3497,6677.3296,spacetrack,2026-09-11 13:33:34.895000+00:00,294.58252,6678.863,0.00061806,33.17445472222222,-1.1192829033939404,-1.109335490459599,250-300,storm_recovery,7.020442553200469
62459,2026-09-13 21:20:47.133000+00:00,0.00063534,15.9149275,0.00207345,0.0009249,291.92996,304.2797,6676.2417,spacetrack,2026-09-12 22:44:02.932000+00:00,293.03537,6677.3296,0.00061941,22.612278055555556,-1.173249326530464,-1.1546647328439286,250-300,storm_recovery,6.240091601660705
62460,2026-09-08 16:15:01.320000+00:00,0.00079142,15.891924,0.00229977,0.0008989,298.53888,310.553,6682.683,spacetrack,2026-09-07 16:05:41.368000+00:00,300.1097,6684.093,0.00068229,24.155542222222223,-1.5607051853018197,-1.4009207364786427,300-350,storm_main,31.07684999642134
62460,2026-09-09 20:55:32.342000+00:00,0.00070988,15.897154,0.00211555,0.0009042,297.03906,309.12137,6681.2173,spacetrack,2026-09-08 16:15:01.320000+00:00,298.53888,6682.683,0.00079142,28.675283888888888,-1.2552859158945455,-1.2267289187544588,250-300,storm_recovery,13.848876261246351
62460,2026-09-10 22:34:29.749000+00:00,0.00062536,15.9014225,0.00190128,0.0009097,295.80756,307.96118,6680.0215,spacetrack,2026-09-09 20:55:32.342000+00:00,297.03906,6681.2173,0.00070988,25.649279722222225,-1.1523130598631441,-1.118908613061184,250-300,storm_recovery,8.967675018207952
62460,2026-09-11 13:39:34.431000+00:00,0.00061025,15.903896,0.00187873,0.000925,295.01346,307.3702,6679.3286,spacetrack,2026-09-10 22:34:29.749000+00:00,295.80756,6680.0215,0.00062536,15.08463388888889,-1.2634313925270981,-1.1024198613298344,250-300,storm_recovery,9.681170603300835
62460,2026-09-12 22:50:14.969000+00:00,0.00062576,15.909356,0.00198289,0.0009216,293.5091,305.81763,6677.8003,spacetrack,2026-09-11 13:39:34.431000+00:00,295.01346,6679.3286,0.00061025,33.17792722222222,-1.0882126468653524,-1.1055301844001675,250-300,storm_recovery,7.005075588323288
62460,2026-09-13 21:27:07.932000+00:00,0.00063025,15.913185,0.00203788,0.0009261,292.4088,304.77545,6676.729,spacetrack,2026-09-12 22:50:14.969000+00:00,293.5091,6677.8003,0.00062576,22.614711944444444,-1.1677000381376659,-1.1369236125206044,250-300,storm_recovery,6.235173138213874
62607,2026-09-08 11:04:14.218000+00:00,0.0018745,15.7008095,0.00243771,0.0025654,341.3828,375.948,6736.8022,spacetrack,2026-09-07 19:48:07.594000+00:00,340.9283,6737.294,0.0011075,15.268506666666667,0.7144117128241247,-0.7730422010269613,300-350,storm_main,33.76903660665061
62607,2026-09-09 22:00:03+00:00,0.000168,15.702729,0.00021069,0.0026489,340.27277,375.96008,6736.2534,spacetrack,2026-09-08 11:04:14.218000+00:00,341.3828,6736.8022,0.0018745,34.930217222222225,-0.7626840632142229,-0.37707180336777923,300-350,storm_recovery,15.881672905587267
62607,2026-09-10 08:52:11.347000+00:00,0.001051,15.70352,0.00136597,0.0026735,339.8814,375.89893,6736.0273,spacetrack,2026-09-09 22:00:03+00:00,340.27277,6736.2534,0.000168,10.868985277777778,-0.8641910684343388,-0.49925543749619505,300-350,storm_recovery,10.679813001044998
62607,2026-09-11 07:45:57.792000+00:00,0.0011744,15.704862,0.00153807,0.0026528,339.6383,375.37494,6735.6436,spacetrack,2026-09-10 08:52:11.347000+00:00,339.8814,6736.0273,0.001051,22.896234722222225,-0.25481919061288394,-0.4021971346689624,300-350,storm_recovery,8.233126189052555
62607,2026-09-12 02:04:53.278000+00:00,0.00093658,15.706179,0.00122679,0.0025809,339.74704,374.51312,6735.267,spacetrack,2026-09-11 07:45:57.792000+00:00,339.6383,6735.6436,0.0011744,18.31541277777778,0.14248982710161567,-0.49348601146344584,300-350,storm_recovery,7.196726175643872
62607,2026-09-13 00:58:20.564000+00:00,0.00097048,15.708754,0.00129158,0.0028372,337.2868,375.50122,6734.5312,spacetrack,2026-09-12 02:04:53.278000+00:00,339.74704,6735.267,0.00093658,22.890912777777775,-2.579441046025954,-0.7714502331742168,300-350,storm_recovery,7.528929978351671
62618,2026-09-08 18:45:31.012000+00:00,0.0016799,15.904495,0.00510769,0.0006832,296.4608,305.5872,6679.161,spacetrack,2026-09-07 18:35:25.620000+00:00,299.38403,6681.9536,0.0015628,24.168164444444447,-2.9028898806639374,-2.7731688169392963,250-300,storm_main,31.960932260382208
62618,2026-09-09 18:54:41.513000+00:00,0.0014084,15.914177,0.00449961,0.0007042,293.6134,303.0165,6676.452,spacetrack,2026-09-08 18:45:31.012000+00:00,296.4608,6679.161,0.0016799,24.152916944444446,-2.8293725415107085,-2.6918487795715578,250-300,storm_recovery,11.894784999571193
62618,2026-09-10 17:32:28.416000+00:00,0.001437,15.923826,0.00482435,0.0007081,290.89178,300.34317,6673.7544,spacetrack,2026-09-09 18:54:41.513000+00:00,293.6134,6676.452,0.0014084,22.62969527777778,-2.886423312299015,-2.8609488199156936,250-300,storm_recovery,10.032532904804299
62618,2026-09-11 19:10:17.790000+00:00,0.0014364,15.934861,0.00510959,0.0007818,287.3209,297.75116,6670.673,spacetrack,2026-09-10 17:32:28.416000+00:00,290.89178,6673.7544,0.001437,25.630381666666665,-3.34373171319011,-2.8853881679093503,250-300,storm_recovery,8.348697369508544
62618,2026-09-12 17:46:19.454000+00:00,0.001535,15.9449415,0.00575809,0.0008175,284.2732,295.17514,6667.8613,spacetrack,2026-09-11 19:10:17.790000+00:00,287.3209,6670.673,0.0014364,22.600462222222223,-3.236429382761908,-2.985815039377972,250-300,storm_recovery,7.8393936240045425
62618,2026-09-13 23:52:58.935000+00:00,0.0014675,15.95922,0.00594175,0.0008407,280.1442,291.34885,6663.8833,spacetrack,2026-09-12 17:46:19.454000+00:00,284.2732,6667.8613,0.001535,30.110966944444446,-3.291026826964206,-3.170672007183568,250-300,storm_recovery,5.605557604099598
62628,2026-09-08 15:30:07.280000+00:00,0.00047002,14.539998,0.00022504,0.0575477,304.5583,1120.6711,7090.752,spacetrack,2026-09-07 14:43:32.426000+00:00,304.62805,7090.8955,0.00036357,24.776348333333335,-0.06756443594828825,-0.1390035348892744,300-350,storm_main,30.258444394112693
62628,2026-09-09 22:53:03.789000+00:00,0.00044712,14.540513,0.00021436,0.0575391,304.46146,1120.4331,7090.5845,spacetrack,2026-09-08 15:30:07.280000+00:00,304.5583,7090.752,0.00047002,31.382363611111113,-0.07405943123980574,-0.12809742598827215,300-350,storm_recovery,14.340339972799125
62628,2026-09-10 15:24:03.601000+00:00,0.00035866,14.540764,0.0001719,0.0575396,304.3811,1120.3505,7090.503,spacetrack,2026-09-09 22:53:03.789000+00:00,304.46146,7090.5845,0.00044712,16.516614444444443,-0.11676969311639727,-0.11842620693150052,300-350,storm_recovery,9.832061645267228
62628,2026-09-11 16:10:31.495000+00:00,0.00039258,14.541146,0.00018852,0.0575327,304.31284,1120.17,7090.3784,spacetrack,2026-09-10 15:24:03.601000+00:00,304.3811,7090.503,0.00035866,24.774415,-0.06612628391024464,-0.1207051710404629,300-350,storm_recovery,8.43803941597724
62628,2026-09-12 15:17:51.630000+00:00,0.00039655,14.541488,0.00019059,0.0575235,304.2734,1119.9874,7090.2676,spacetrack,2026-09-11 16:10:31.495000+00:00,304.31284,7090.3784,0.00039258,23.12225972222222,-0.04093717531814604,-0.115006060477369,300-350,storm_recovery,7.803557502639802
62628,2026-09-13 22:40:37.270000+00:00,0.00038025,14.541959,0.00018304,0.0575191,304.16025,1119.7942,7090.1143,spacetrack,2026-09-12 15:17:51.630000+00:00,304.2734,7090.2676,0.00039655,31.379344444444445,-0.08654100485773114,-0.11724910335563293,300-350,storm_recovery,5.657947496247532
62636,2026-09-08 19:34:03.381000+00:00,0.0014138,15.733578,0.00199462,8.13e-05,348.76157,349.85547,6727.4453,spacetrack,2026-09-07 19:08:30.599000+00:00,349.9756,6728.565,0.0013318,24.42577277777778,-1.1928678885651343,-1.1001821823394389,300-350,storm_main,31.51116658631362
62636,2026-09-09 18:27:41.651000+00:00,0.0011225,15.736706,0.00159707,0.0001036,347.7201,349.11383,6726.554,spacetrack,2026-09-08 19:34:03.381000+00:00,348.76157,6727.4453,0.0014138,22.89396388888889,-1.0917847220039965,-0.9343598209477066,300-350,storm_recovery,11.72402733034799
62636,2026-09-10 17:21:03.950000+00:00,0.001113,15.7397585,0.00160443,0.0001171,346.7596,348.33475,6725.684,spacetrack,2026-09-09 18:27:41.651000+00:00,347.7201,6726.554,0.0011225,22.8895275,-1.0070981150659657,-0.9122075586749172,300-350,storm_recovery,10.171985432105481
62636,2026-09-11 05:33:25.249000+00:00,0.0011156,15.741457,0.00162026,0.0001281,346.20175,347.92474,6725.2,spacetrack,2026-09-10 17:21:03.950000+00:00,346.7596,6725.684,0.001113,12.20591638888889,-1.0968779052252804,-0.9516696354386949,300-350,storm_recovery,8.569591558956871
62636,2026-09-12 16:38:31.142000+00:00,0.0011692,15.746137,0.00173494,0.0001581,344.6678,346.79388,6723.8677,spacetrack,2026-09-11 05:33:25.249000+00:00,346.20175,6725.2,0.0011156,35.08497027777778,-1.0493040099087092,-0.9113646027585013,300-350,storm_recovery,8.033488785832027
62636,2026-09-13 04:50:34.674000+00:00,0.0010065,15.747765,0.00149962,0.0001579,344.2057,346.32895,6723.4043,spacetrack,2026-09-12 16:38:31.142000+00:00,344.6678,6723.8677,0.0011692,12.20098111111111,-0.9089760814317438,-0.9115332528351476,300-350,storm_recovery,7.0022693074864755
62756,2026-09-08 15:50:11.017000+00:00,0.001439,15.77757,0.00256456,0.0001851,335.55444,338.04028,6714.9346,spacetrack,2026-09-07 15:31:36.268000+00:00,335.85278,6714.978,0.0010389,24.3096525,-0.29453979237259376,-0.042847177680198655,300-350,storm_main,30.72981180577916
62756,2026-09-09 20:42:16.600000+00:00,0.0017607,15.777671,0.00316291,9.12e-05,336.15628,337.38107,6714.906,spacetrack,2026-09-08 15:50:11.017000+00:00,335.55444,6714.9346,0.001439,28.8682175,0.5003481770219985,-0.02377701359605624,300-350,storm_recovery,14.200731854446273
62756,2026-09-10 19:29:41.459000+00:00,0.0012047,15.777575,0.00213538,0.0002278,335.26624,338.32556,6714.933,spacetrack,2026-09-09 20:42:16.600000+00:00,336.15628,6714.906,0.0017607,22.79023861111111,-0.9372854915869855,0.028433225779616145,300-350,storm_recovery,9.14471479559737
62756,2026-09-11 12:12:27.967000+00:00,0.00061447,15.777118,0.00107084,0.0001508,335.9129,337.93817,6715.0625,spacetrack,2026-09-10 19:29:41.459000+00:00,335.26624,6714.933,0.0012047,16.71291888888889,0.92861337407183,0.1859639253120794,300-350,storm_recovery,9.447213838635939
62756,2026-09-12 20:06:51.570000+00:00,0.0013879,15.777641,0.00247126,0.0001616,335.69202,337.86227,6714.914,spacetrack,2026-09-11 12:12:27.967000+00:00,335.9129,6715.0625,0.00061447,31.90655638888889,-0.1661451626238559,-0.11170118005109717,300-350,storm_recovery,7.35232532275694
62756,2026-09-13 12:49:38.257000+00:00,0.00081736,15.77715,0.00143239,0.0001559,335.86957,337.96332,6715.053,spacetrack,2026-09-12 20:06:51.570000+00:00,335.69202,6714.914,0.0013879,16.712968611111112,0.25496368114800305,0.19960547270968548,300-350,storm_recovery,7.280523938437892
62757,2026-09-08 06:49:10.936000+00:00,0.0017272,15.777494,0.00309777,8.24e-05,336.26538,337.372,6714.9556,spacetrack,2026-09-07 12:35:11.730000+00:00,336.63388,6715.426,0.0015278,18.23311277777778,-0.4850515711600555,-0.6191811643793089,300-350,storm_main,27.178405814354303
62757,2026-09-09 11:41:04.641000+00:00,0.00095563,15.779611,0.00169952,0.0001246,335.38165,337.05487,6714.3555,spacetrack,2026-09-08 06:49:10.936000+00:00,336.26538,6714.9556,0.0017272,28.864918055555556,-0.7347853875482663,-0.49895863110692573,300-350,storm_recovery,20.22765682351524
62757,2026-09-11 19:53:05.875000+00:00,0.0017533,15.783971,0.00324288,0.000207,333.59213,336.37137,6713.1187,spacetrack,2026-09-09 11:41:04.641000+00:00,335.38165,6714.3555,0.00095563,56.20034277777778,-0.764203168116296,-0.5281675970796618,300-350,storm_recovery,9.649841340924207
62757,2026-09-12 20:11:01.946000+00:00,0.0013838,15.785766,0.00255836,0.0001343,333.57132,335.37433,6712.61,spacetrack,2026-09-11 19:53:05.875000+00:00,333.59213,6713.1187,0.0017533,24.29890861111111,-0.02055400956449612,-0.5024423193404218,300-350,storm_recovery,7.5804077208726035
62757,2026-09-13 03:46:36.078000+00:00,0.00095902,15.7854595,0.00175224,6.11e-05,334.14938,334.9697,6712.697,spacetrack,2026-09-12 20:11:01.946000+00:00,333.57132,6712.61,0.0013838,7.5928144444444445,1.8271801716622809,0.2749968427765823,300-350,storm_recovery,7.100770055548134
63117,2026-09-08 17:44:55.761000+00:00,0.0010875,16.015066,0.00652077,0.0024,254.28992,286.20215,6648.383,spacetrack,2026-09-07 17:47:29.764000+00:00,257.2978,6651.9463,0.00094058,23.95722138888889,-3.0132509454322847,-3.5696627172155324,250-300,storm_main,32.21529076879939
63117,2026-09-09 23:40:06.759000+00:00,0.0010265,16.030642,0.0067417,0.0023142,250.56279,281.31424,6644.0757,spacetrack,2026-09-08 17:44:55.761000+00:00,254.28992,6648.383,0.0010875,29.919721666666668,-2.9897042825654534,-3.455085617161913,250-300,storm_recovery,12.42720292128386
63117,2026-09-10 17:36:23.651000+00:00,0.00091353,16.039955,0.00634782,0.002289,248.1642,278.569,6641.5034,spacetrack,2026-09-09 23:40:06.759000+00:00,250.56279,6644.0757,0.0010265,17.938025555555555,-3.2091692489629438,-3.4415827878502183,250-300,storm_recovery,9.143164508443672
63117,2026-09-11 13:01:38.347000+00:00,0.00090815,16.050539,0.00672477,0.0022287,245.65102,275.24182,6638.5835,spacetrack,2026-09-10 17:36:23.651000+00:00,248.1642,6641.5034,0.00091353,19.420748888888888,-3.105766947767326,-3.608388142029379,200-250,storm_recovery,8.91896702232675
63117,2026-09-12 14:24:13.236000+00:00,0.00093659,16.065487,0.00759819,0.0021533,242.04216,270.61414,6634.4653,spacetrack,2026-09-11 13:01:38.347000+00:00,245.65102,6638.5835,0.00090815,25.376358055555553,-3.4131233414338604,-3.89483785591366,200-250,storm_recovery,7.86479559949988
63117,2026-09-13 12:46:25.759000+00:00,0.00092182,16.080175,0.00819628,0.0020834,238.47365,266.1013,6630.4243,spacetrack,2026-09-12 14:24:13.236000+00:00,242.04216,6634.4653,0.00093659,22.370145277777777,-3.8285062048782494,-4.335421106824313,200-250,storm_recovery,6.6626019279192334
64093,2026-09-08 19:22:51.410000+00:00,0.0005208,15.622029,0.00050105,0.0059306,341.20752,421.38248,6759.432,spacetrack,2026-09-07 21:51:28.734000+00:00,341.34906,6759.6826,0.00046526,21.522965555555558,-0.15782955147292232,-0.2794410456348497,300-350,storm_main,32.02434131211472
64093,2026-09-09 21:30:52.042000+00:00,0.00041065,15.622909,0.00039556,0.005912,341.08112,421.00162,6759.178,spacetrack,2026-09-08 19:22:51.410000+00:00,341.20752,6759.432,0.0005208,26.133508888888887,-0.11608085285820684,-0.23326373912955675,300-350,storm_recovery,12.07106425475543
64093,2026-09-10 22:06:33.900000+00:00,0.00038745,15.623665,0.00037402,0.0058969,340.96646,420.68027,6758.9604,spacetrack,2026-09-09 21:30:52.042000+00:00,341.08112,6759.178,0.00041065,24.594960555555552,-0.11188633516140226,-0.2123361811539518,300-350,storm_recovery,8.828618617874497
64093,2026-09-11 21:09:57.863000+00:00,0.00039666,15.624404,0.00038396,0.0058828,340.84976,420.37048,6758.747,spacetrack,2026-09-10 22:06:33.900000+00:00,340.96646,6758.9604,0.00038745,23.05665638888889,-0.12147468187751823,-0.22213108065657894,300-350,storm_recovery,8.450900603384444
64093,2026-09-12 21:45:31.212000+00:00,0.00035668,15.625126,0.00034584,0.0058669,340.75027,420.05362,6758.539,spacetrack,2026-09-11 21:09:57.863000+00:00,340.84976,6758.747,0.00039666,24.592596944444445,-0.09709263342111069,-0.20298791588745296,300-350,storm_recovery,7.517391068082152
64093,2026-09-13 22:21:00.327000+00:00,0.00040916,15.62591,0.00039818,0.0058503,340.6377,419.71402,6758.313,spacetrack,2026-09-12 21:45:31.212000+00:00,340.75027,6758.539,0.00035668,24.591420833333334,-0.10986270448993471,-0.22056472607876465,300-350,storm_recovery,6.018993107521745
64230,2026-09-08 20:09:07.119000+00:00,0.0011519,15.823102,0.00247864,0.0005704,320.08646,327.73215,6702.0464,spacetrack,2026-09-07 19:53:09.137000+00:00,321.26648,6703.3965,0.0010952,24.266106111111114,-1.1670797065802312,-1.3352945813236654,300-350,storm_main,31.251867585494363
64230,2026-09-09 21:55:37.396000+00:00,0.0010052,15.827663,0.00220151,0.0005117,319.1927,326.05023,6700.7583,spacetrack,2026-09-08 20:09:07.119000+00:00,320.08646,6702.0464,0.0011519,25.775076944444447,-0.8322085728874244,-1.1993911819013012,300-350,storm_recovery,11.982311110031496
64230,2026-09-10 23:41:41.608000+00:00,0.00092477,15.832052,0.0020636,0.0004737,318.2096,324.55673,6699.52,spacetrack,2026-09-09 21:55:37.396000+00:00,319.1927,6700.7583,0.0010052,25.767836666666668,-0.915653118467693,-1.1533447834386645,300-350,storm_recovery,8.972970567571899
64230,2026-09-11 23:56:25.710000+00:00,0.00096683,15.836219,0.00220384,0.0004149,317.4289,322.98718,6698.345,spacetrack,2026-09-10 23:41:41.608000+00:00,318.2096,6699.52,0.00092477,24.245583888888888,-0.7727922777965008,-1.1630984070846684,300-350,storm_recovery,8.052791492315519
64230,2026-09-12 21:09:00.236000+00:00,0.0009466,15.8399515,0.00219573,0.000373,316.65747,321.65366,6697.2925,spacetrack,2026-09-11 23:56:25.710000+00:00,317.4289,6698.345,0.00096683,21.209590555555554,-0.8729220845402252,-1.1909706570643857,300-350,storm_recovery,7.686001141569525
64230,2026-09-13 22:53:51.581000+00:00,0.00096361,15.844695,0.00228868,0.0003442,315.51404,320.12354,6695.9556,spacetrack,2026-09-12 21:09:00.236000+00:00,316.65747,6697.2925,0.0009466,25.747595833333335,-1.0658206761375304,-1.246159066954334,300-350,storm_recovery,5.907064990803617
64243,2026-09-08 22:00:01+00:00,0.00078937,15.958655,0.00335125,0.0014252,276.40604,295.4012,6664.0405,spacetrack,2026-09-07 22:00:03+00:00,278.60025,6666.144,0.00074115,23.999444444444446,-2.1942607930739118,-2.103548693256956,250-300,storm_main,30.166427463598694
64243,2026-09-09 22:00:03+00:00,0.0006739,15.964854,0.00295898,0.0014527,274.50034,293.85703,6662.316,spacetrack,2026-09-08 22:00:01+00:00,276.40604,6664.0405,0.00078937,24.000555555555554,-1.905655887595219,-1.7244600819428095,250-300,storm_recovery,11.749971065484594
64243,2026-09-10 22:00:04+00:00,0.00068661,15.971593,0.00313311,0.0014938,272.35522,292.25394,6660.4414,spacetrack,2026-09-09 22:00:03+00:00,274.50034,6662.316,0.0006739,24.00027777777778,-2.1450951725095972,-1.8745783034919583,250-300,storm_recovery,8.750037615305377
64243,2026-09-11 22:00:02+00:00,0.00072573,15.97838,0.00344476,0.0015382,270.17603,290.6604,6658.555,spacetrack,2026-09-10 22:00:04+00:00,272.35522,6660.4414,0.00068661,23.999444444444446,-2.179240445380629,-1.8864436676769045,250-300,storm_recovery,8.41646797379569
64243,2026-09-12 22:00:02+00:00,0.00066929,15.985475,0.00330741,0.0015625,268.04703,288.84885,6656.585,spacetrack,2026-09-11 22:00:02+00:00,270.17603,6658.555,0.00072573,24.0,-2.129000000000019,-1.9700000000002547,250-300,storm_recovery,7.499930555555555
64243,2026-09-13 22:00:02+00:00,0.00069815,15.992858,0.00360254,0.0015958,265.77972,287.01834,6654.536,spacetrack,2026-09-12 22:00:02+00:00,268.04703,6656.585,0.00066929,24.0,-2.267310000000009,-2.048999999999978,250-300,storm_recovery,6.0833101851851845
65015,2026-09-08 22:18:27.221000+00:00,0.00049879,15.752266,0.00076471,0.0001235,343.15616,344.81653,6722.1235,spacetrack,2026-09-07 21:56:39.170000+00:00,343.09854,6721.9595,0.00091207,24.363347500000003,0.05676067297400979,0.16155415424724526,300-350,storm_main,29.979401491888126
65015,2026-09-09 22:40:15.415000+00:00,0.0010095,15.752849,0.00157327,0.0001062,343.10693,344.53467,6721.958,spacetrack,2026-09-08 22:18:27.221000+00:00,343.15616,6722.1235,0.00049879,24.363387222222222,-0.048495719795598184,-0.16303151789906492,300-350,storm_recovery,11.71585707260145
65015,2026-09-10 23:02:03.219000+00:00,0.0010536,15.752451,0.00164076,8.47e-05,343.36438,344.5031,6722.071,spacetrack,2026-09-09 22:40:15.415000+00:00,343.10693,6721.958,0.0010095,24.36327888888889,0.2536111837893068,0.11131506610317729,300-350,storm_recovery,8.798460488190994
65015,2026-09-11 21:52:28.858000+00:00,0.00053503,15.752597,0.00082249,8.08e-05,343.3493,344.43558,6722.0293,spacetrack,2026-09-10 23:02:03.219000+00:00,343.36438,6722.071,0.0010536,22.840455277777778,-0.01584556855795434,-0.04381698997778092,300-350,storm_recovery,8.262184231854983
65015,2026-09-12 22:14:16.589000+00:00,0.00076491,15.752734,0.00118444,6.76e-05,343.39874,344.30756,6721.99,spacetrack,2026-09-11 21:52:28.858000+00:00,343.3493,6722.0293,0.00053503,24.36325861111111,0.04870284467848618,-0.03871403308827683,300-350,storm_recovery,7.463245742841073
65015,2026-09-13 22:36:04.446000+00:00,0.0007064,15.752527,0.00109114,8.6e-05,343.33405,344.49023,6722.0493,spacetrack,2026-09-12 22:14:16.589000+00:00,343.39874,6721.99,0.00076491,24.36329361111111,-0.06372537411327549,0.05841574717748288,300-350,storm_recovery,6.027589774539811
65267,2026-09-10 23:39:54.210000+00:00,0.000161,15.964074,0.00066406,0.0005934,280.44202,288.34912,6662.5327,spacetrack,2026-09-09 22:05:23.308000+00:00,280.15176,6662.374,0.00018612,25.575250555555556,0.2723820822348311,0.14892522721234963,250-300,storm_recovery,8.950176506362455
65267,2026-09-11 22:13:53.970000+00:00,0.00022669,15.964051,0.00093749,0.0006262,280.2299,288.57404,6662.539,spacetrack,2026-09-10 23:39:54.210000+00:00,280.44202,6662.5327,0.000161,22.566599999999998,-0.2255935763473741,0.006700167504198438,250-300,storm_recovery,8.137730465968879
65267,2026-09-12 22:18:10.762000+00:00,0.00015928,15.96402,0.00065699,0.0006562,280.03873,288.78265,6662.548,spacetrack,2026-09-11 22:13:53.970000+00:00,280.2299,6662.539,0.00022669,24.07133111111111,-0.1906035016851301,0.008973330099748641,250-300,storm_recovery,7.460756890238909
65267,2026-09-13 17:51:37.380000+00:00,0.00016781,15.964461,0.0006941,0.0006457,279.9859,288.58975,6662.425,spacetrack,2026-09-12 22:18:10.762000+00:00,280.03873,6662.548,0.00015928,19.55739388888889,-0.06483072372539692,-0.15094035620294666,250-300,storm_recovery,6.91449874783078
65268,2026-09-08 23:53:54.588000+00:00,0.00020368,15.964685,0.00084424,0.000547,280.58127,287.8699,6662.363,spacetrack,2026-09-07 17:48:36.168000+00:00,280.91495,6662.577,0.0001577,30.088449999999998,-0.2661592737412197,-0.17069672914352862,250-300,storm_main,28.903330790829482
65268,2026-09-09 22:27:54.832000+00:00,0.00016678,15.96392,0.00068774,0.0006382,280.1866,288.69073,6662.5757,spacetrack,2026-09-08 23:53:54.588000+00:00,280.58127,6662.363,0.00020368,22.566734444444446,-0.41973640551844793,0.22620906948535902,250-300,storm_recovery,11.481737597932375
65268,2026-09-10 21:01:55.155000+00:00,0.0001355,15.963813,0.00055735,0.0006346,280.24036,288.69653,6662.6055,spacetrack,2026-09-09 22:27:54.832000+00:00,280.1866,6662.5757,0.00016678,22.56675638888889,0.057174366478096865,0.03169263617948743,250-300,storm_recovery,8.543588336053267
65268,2026-09-11 21:06:12.447000+00:00,0.00016106,15.963814,0.00066354,0.000625,280.30386,288.6321,6662.605,spacetrack,2026-09-10 21:01:55.155000+00:00,280.24036,6662.6055,0.0001355,24.07147,0.0633114637369231,-0.0004985154625972042,250-300,storm_recovery,8.613530976712266
65268,2026-09-12 12:08:51.178000+00:00,0.00016376,15.964626,0.00067782,0.0006369,279.99866,288.4852,6662.379,spacetrack,2026-09-11 21:06:12.447000+00:00,280.30386,6662.605,0.00016106,15.044091944444444,-0.48688880838070525,-0.36054020541896475,250-300,storm_recovery,8.99413830431145
65268,2026-09-13 19:44:28.373000+00:00,0.0001699,15.964415,0.00070287,0.0006884,279.7145,288.88736,6662.438,spacetrack,2026-09-12 12:08:51.178000+00:00,279.99866,6662.379,0.00016376,31.59366527777778,-0.21586099428598327,0.044819111285599865,250-300,storm_recovery,6.059745890515411
65269,2026-09-08 21:15:58.252000+00:00,0.00020217,15.964251,0.00083602,0.0005591,280.6216,288.0716,6662.4834,spacetrack,2026-09-07 21:11:42.176000+00:00,280.62387,6662.599,0.00017131,24.07113222222222,-0.0022632919589027183,-0.11525839226792843,250-300,storm_main,30.690336682219492
65269,2026-09-09 22:50:30.018000+00:00,0.00017802,15.9643955,0.00073613,0.0005832,280.4207,288.19177,6662.4434,spacetrack,2026-09-08 21:15:58.252000+00:00,280.6216,6662.4834,0.00020217,25.575490555555557,-0.1885242431431058,-0.037535936912482554,250-300,storm_recovery,11.85147720529223
65269,2026-09-10 21:24:30.017000+00:00,0.00016278,15.964365,0.00067245,0.0005683,280.52853,288.10107,6662.4517,spacetrack,2026-09-09 22:50:30.018000+00:00,280.4207,6662.4434,0.00017802,22.566666388888887,0.11467887881187872,0.008827178837822289,250-300,storm_recovery,8.543574551250302
65269,2026-09-11 21:28:47.539000+00:00,0.00016805,15.963699,0.00069204,0.0006016,280.4916,288.5081,6662.6367,spacetrack,2026-09-10 21:24:30.017000+00:00,280.52853,6662.4517,0.00016278,24.071533888888887,-0.0368202543340509,0.18445023156829451,250-300,storm_recovery,8.535353330320246
65269,2026-09-12 14:01:42.348000+00:00,0.00017055,15.964626,0.00070599,0.0006054,280.20856,288.2754,6662.379,spacetrack,2026-09-11 21:28:47.539000+00:00,280.4916,6662.6367,0.00016805,16.548558055555556,-0.41048651956236115,-0.3737364898645299,250-300,storm_recovery,8.812846768841508
65269,2026-09-13 21:37:11.166000+00:00,0.0001797,15.965837,0.00074932,0.0006461,279.6009,288.2096,6662.042,spacetrack,2026-09-12 14:01:42.348000+00:00,280.20856,6662.379,0.00017055,31.591338333333333,-0.46164046125930847,-0.2560195429091663,250-300,storm_recovery,5.78197394085288
65270,2026-09-08 21:38:33.432000+00:00,0.00021344,15.9642105,0.0008833,0.0006572,279.979,288.7362,6662.4946,spacetrack,2026-09-07 17:03:28.130000+00:00,280.10754,6662.559,7.6265e-05,28.58480611111111,-0.10792306892018894,-0.05407068335524372,250-300,storm_main,29.818897183742777
65270,2026-09-09 21:42:48.855000+00:00,0.00016481,15.963604,0.00067867,0.0006976,279.8785,289.17426,6662.6636,spacetrack,2026-09-08 21:38:33.432000+00:00,279.979,6662.4946,0.00021344,24.07095083333333,-0.10020376912822807,0.16850186052393612,250-300,storm_recovery,11.795277717356475
65270,2026-09-10 20:16:48.740000+00:00,0.00012749,15.963637,0.00052395,0.000742,279.57346,289.46085,6662.6543,spacetrack,2026-09-09 21:42:48.855000+00:00,279.8785,6662.6636,0.00016481,22.566634722222222,-0.32441523027755115,-0.009890708239864024,250-300,storm_recovery,8.798740914022712
65270,2026-09-11 20:21:04.296000+00:00,0.00010069,15.963685,0.00041256,0.0007037,279.81534,289.19232,6662.6406,spacetrack,2026-09-10 20:16:48.740000+00:00,279.57346,6662.6543,0.00012749,24.070987777777777,0.24116667141340964,-0.013659597314646952,250-300,storm_recovery,8.61136040717343
65270,2026-09-12 20:25:21.881000+00:00,0.00016273,15.963797,0.00067048,0.0006401,280.20822,288.7377,6662.61,spacetrack,2026-09-11 20:21:04.296000+00:00,279.81534,6662.6406,0.00010069,24.071551388888892,0.39171218537880115,-0.03050904314959013,250-300,storm_recovery,7.614224882911289
65270,2026-09-13 21:59:53.652000+00:00,3.5136e-05,15.963138,0.00013965,0.0006186,280.5346,288.7778,6662.793,spacetrack,2026-09-12 20:25:21.881000+00:00,280.20822,6662.61,0.00016273,25.575491944444444,0.30627446060533026,0.17172690204904792,250-300,storm_recovery,5.9550655542402895
66052,2026-09-08 07:06:24.270000+00:00,0.00065598,15.916135,0.00215877,0.000526,294.25586,301.27893,6675.9043,spacetrack,2026-09-07 22:03:54.187000+00:00,294.69974,6676.392,0.00061419,9.041689722222221,-1.1782222490800738,-1.2945367911956505,250-300,storm_main,32.299486793935365
66052,2026-09-10 02:47:43.507000+00:00,0.00059606,15.923645,0.00203768,0.000513,292.2443,299.0916,6673.805,spacetrack,2026-09-08 07:06:24.270000+00:00,294.25586,6675.9043,0.00065598,43.688676944444445,-1.1050332346156906,-1.1532324511466676,250-300,storm_recovery,17.611460844001932
66052,2026-09-11 23:58:10.217000+00:00,0.0005626,15.9312,0.00200026,0.000493,290.2687,296.84702,6671.695,spacetrack,2026-09-10 02:47:43.507000+00:00,292.2443,6673.805,0.00059606,45.17408611111111,-1.0495928989770424,-1.1209966677678613,250-300,storm_recovery,8.1516095049823
66052,2026-09-12 04:29:08.594000+00:00,0.00054955,15.9319515,0.00196094,0.0004944,290.04974,296.6465,6671.4854,spacetrack,2026-09-11 23:58:10.217000+00:00,290.2687,6671.695,0.0005626,4.516215833333334,-1.1635936354534837,-1.1138528771975098,250-300,storm_recovery,6.32940342077195
66052,2026-09-13 12:05:34.619000+00:00,0.00058782,15.937602,0.00216465,0.0004925,288.48633,295.05618,6669.908,spacetrack,2026-09-12 04:29:08.594000+00:00,290.04974,6671.4854,0.00054955,31.607229166666666,-1.187128419329157,-1.1977513055749354,250-300,storm_recovery,7.849256962794859
66515,2026-09-08 18:21:55.991000+00:00,0.00029985,15.844983,0.00071605,0.0011954,309.73352,325.74203,6695.875,spacetrack,2026-09-07 18:09:42.624000+00:00,310.2139,6696.276,0.00028812,24.203713055555554,-0.4763368320198412,-0.3976249420039762,300-350,storm_main,32.148522586072
66515,2026-09-09 09:29:30.201000+00:00,0.0002552,15.845836,0.00061047,0.0011948,309.49768,325.49756,6695.635,spacetrack,2026-09-08 18:21:55.991000+00:00,309.73352,6695.875,0.00029985,15.126169444444445,-0.3741965221789033,-0.3807970035738493,300-350,storm_recovery,11.134172123698058
66515,2026-09-11 08:22:41.258000+00:00,0.00024672,15.848236,0.0005969,0.001206,308.74747,324.8957,6694.9585,spacetrack,2026-09-09 09:29:30.201000+00:00,309.49768,6695.635,0.0002552,46.886404722222224,-0.38401408908766055,-0.34628374890763386,300-350,storm_recovery,10.160047377391564
66515,2026-09-12 23:41:48.652000+00:00,0.00027003,15.850181,0.00066046,0.0012077,308.1889,324.35858,6694.4106,spacetrack,2026-09-11 08:22:41.258000+00:00,308.74747,6694.9585,0.00024672,39.31872055555556,-0.3409490393020074,-0.33443611120076877,300-350,storm_recovery,7.388811834995703
66515,2026-09-13 23:53:25.878000+00:00,0.00028054,15.851433,0.00069076,0.0012029,307.869,323.97354,6694.058,spacetrack,2026-09-12 23:41:48.652000+00:00,308.1889,6694.4106,0.00027003,24.19367388888889,-0.31733915383248446,-0.34977738556236376,300-350,storm_recovery,5.988514789208097
67481,2026-09-08 23:37:49.311000+00:00,0.0002423,15.732781,0.0003451,0.0015421,339.16058,359.91006,6727.6724,spacetrack,2026-09-07 18:41:01.463000+00:00,339.46463,6727.908,0.0002153,28.946624444444446,-0.2520915699170906,-0.1953388385872625,300-350,storm_main,29.12237631085137
67481,2026-09-09 22:28:55.124000+00:00,0.00021106,15.733332,0.00030064,0.0015489,338.95834,359.79883,6727.5156,spacetrack,2026-09-08 23:37:49.311000+00:00,339.16058,6727.6724,0.0002423,22.85161472222222,-0.21240337100900714,-0.16467982878935178,300-350,storm_recovery,11.523399434464958
67481,2026-09-11 01:54:10.379000+00:00,0.00019212,15.733961,0.00027398,0.0015587,338.71326,359.68506,6727.336,spacetrack,2026-09-09 22:28:55.124000+00:00,338.95834,6727.5156,0.00021106,27.420904166666666,-0.2145049617711324,-0.1571939413007163,300-350,storm_recovery,8.669687445977827
67481,2026-09-12 17:30:32.288000+00:00,0.00020601,15.734867,0.00029533,0.0015607,338.44186,359.43976,6727.0776,spacetrack,2026-09-11 01:54:10.379000+00:00,338.71326,6727.336,0.00019212,39.60608583333334,-0.1644595739000628,-0.1565819966686907,300-350,storm_recovery,8.332821136515994
67481,2026-09-13 23:58:25.199000+00:00,0.00020981,15.735563,0.00030178,0.0015564,338.27277,359.2122,6726.8794,spacetrack,2026-09-12 17:30:32.288000+00:00,338.44186,6727.0776,0.00020601,30.4646975,-0.13320860973593956,-0.1561413829891324,300-350,storm_recovery,5.592576611739612
67559,2026-09-08 12:25:13.464000+00:00,0.00066987,14.965859,0.00051572,0.0417541,287.02997,867.8789,6955.5913,spacetrack,2026-09-07 23:34:54.239000+00:00,287.10074,6955.7627,0.00061318,12.83867361111111,-0.13229403998008246,-0.3204069302333653,250-300,storm_main,34.24290563071968
67559,2026-09-09 22:07:12.101000+00:00,0.00054716,14.96705,0.00042293,0.041726,286.87207,867.2993,6955.2227,spacetrack,2026-09-08 12:25:13.464000+00:00,287.02997,6955.5913,0.00066987,33.699621388888886,-0.11245230194927588,-0.26250740024372055,250-300,storm_recovery,15.347097940112862
67559,2026-09-10 23:47:39.640000+00:00,0.00046734,14.96783,0.00036228,0.0417073,286.77057,866.91754,6954.981,spacetrack,2026-09-09 22:07:12.101000+00:00,286.87207,6955.2227,0.00054716,25.67431638888889,-0.09488081252492181,-0.22593785603274036,250-300,storm_recovery,8.96194442654153
67559,2026-09-11 17:26:40.957000+00:00,0.00049483,14.96837,0.00038396,0.0416928,286.71094,866.6422,6954.8135,spacetrack,2026-09-10 23:47:39.640000+00:00,286.77057,6954.981,0.00046734,17.650365833333336,-0.08108160553238654,-0.22775731891050163,250-300,storm_recovery,8.959368311487783
67559,2026-09-12 23:55:48.864000+00:00,0.00051899,14.969357,0.00040352,0.0416655,286.60815,866.1343,6954.5083,spacetrack,2026-09-11 17:26:40.957000+00:00,286.71094,6954.8135,0.00049483,30.485529722222225,-0.08092232683760833,-0.24027137027753537,250-300,storm_recovery,6.890242690459691
67559,2026-09-13 22:23:31.083000+00:00,0.00055976,14.970162,0.00043594,0.0416452,286.50998,865.733,6954.2583,spacetrack,2026-09-12 23:55:48.864000+00:00,286.60815,6954.5083,0.00051899,22.4617275,-0.10489308981247902,-0.26712103955494965,250-300,storm_recovery,6.208558201945954
67674,2026-09-08 22:17:47.695000+00:00,0.00027368,15.82897,0.00057993,0.0004988,318.9107,325.595,6700.3896,spacetrack,2026-09-07 22:01:11.147000+00:00,319.06836,6700.5146,0.00022814,24.276818888888887,-0.15586226586428703,-0.12357467482582951,300-350,storm_main,29.9798880042722
67674,2026-09-09 21:03:21.970000+00:00,0.00024228,15.828765,0.00051234,0.0004949,318.99478,325.6269,6700.4478,spacetrack,2026-09-08 22:17:47.695000+00:00,318.9107,6700.3896,0.00027368,22.759520833333333,0.08866267505262673,0.06137211807824922,300-350,storm_recovery,11.69728071676963
67674,2026-09-10 21:19:59.798000+00:00,0.00019615,15.828525,0.0004136,0.0004827,319.14423,325.6129,6700.5156,spacetrack,2026-09-09 21:03:21.970000+00:00,318.99478,6700.4478,0.00024228,24.277174444444444,0.14774371738391645,0.06702592197123342,300-350,storm_recovery,8.787105510219316
67674,2026-09-11 23:07:41.510000+00:00,0.00019983,15.82824,0.00042084,0.0004674,319.32697,325.59067,6700.5957,spacetrack,2026-09-10 21:19:59.798000+00:00,319.14423,6700.5156,0.00019615,25.79492,0.17002417530275624,0.07452630207820408,300-350,storm_recovery,8.44732427504675
67674,2026-09-12 21:53:18.472000+00:00,0.00019994,15.828301,0.00042122,0.0004742,319.2641,325.61893,6700.5786,spacetrack,2026-09-11 23:07:41.510000+00:00,319.32697,6700.5957,0.00019983,22.76026722222222,-0.06629447647818307,-0.01803142274181936,300-350,storm_recovery,7.541935933626634
67674,2026-09-13 22:09:56.903000+00:00,0.0002171,15.828495,0.0004581,0.0004857,319.1324,325.64127,6700.524,spacetrack,2026-09-12 21:53:18.472000+00:00,319.2641,6700.5786,0.00019994,24.277341944444444,-0.13019547227337658,-0.053976255019443545,300-350,storm_recovery,6.052703863757006
67685,2026-09-09 10:33:49.734000+00:00,0.00058794,15.718191,0.00078201,0.0008459,348.0036,359.39252,6731.835,spacetrack,2026-09-07 12:46:58.461000+00:00,349.02463,6732.8267,0.00059226,45.78090916666666,-0.5352606675151382,-0.5198848260820358,300-350,storm_recovery,23.219770245934576
67685,2026-09-10 04:52:24.657000+00:00,0.0006272,15.719358,0.00083939,0.0008496,347.64563,359.0838,6731.502,spacetrack,2026-09-09 10:33:49.734000+00:00,348.0036,6731.835,0.00058794,18.30970083333333,-0.4692201187886086,-0.43648992808453924,300-350,storm_recovery,12.983085423614922
67685,2026-09-11 22:03:54.814000+00:00,0.00061552,15.7220545,0.00083313,0.0008582,346.81894,358.37155,6730.7324,spacetrack,2026-09-10 04:52:24.657000+00:00,347.64563,6731.502,0.0006272,41.19171027777778,-0.48166390436823603,-0.44840090094480367,300-350,storm_recovery,8.010699010858827
67685,2026-09-12 01:06:58.237000+00:00,0.00055248,15.722237,0.00074699,0.000861,346.74808,358.33832,6730.68,spacetrack,2026-09-11 22:03:54.814000+00:00,346.81894,6730.7324,0.00061552,3.0509508333333337,-0.5574131124694404,-0.4121993662598321,300-350,storm_recovery,6.268308795900877
67685,2026-09-13 21:21:02.325000+00:00,0.00063503,15.725238,0.00087195,0.000866,345.8588,357.51486,6729.8237,spacetrack,2026-09-12 01:06:58.237000+00:00,346.74808,6730.68,0.00055248,44.234468888888884,-0.4824907032027691,-0.46459696513212045,300-350,storm_recovery,6.883117632599335
67686,2026-09-12 05:38:57.873000+00:00,0.00079049,15.829062,0.00174933,0.0007871,316.95282,327.50055,6700.364,spacetrack,2026-09-10 14:14:52.383000+00:00,318.5932,6701.9844,0.00083074,39.401525,-0.9991775699037335,-0.9870074825788291,300-350,storm_recovery,7.6294946705743
67686,2026-09-13 05:53:21.220000+00:00,0.00078248,15.832764,0.00176238,0.0007875,315.90665,326.45807,6699.3193,spacetrack,2026-09-12 05:38:57.873000+00:00,316.95282,6700.364,0.00079049,24.239818611111108,-1.035819632267791,-1.0343641758315076,300-350,storm_recovery,8.47752771848185
67687,2026-09-09 05:38:12.147000+00:00,0.00098015,15.724442,0.00135183,0.0007916,346.5864,357.2414,6730.051,spacetrack,2026-09-08 08:16:52.876000+00:00,347.3328,6730.8203,0.0011621,21.355353055555554,-0.8388341767704782,-0.8645701127940453,300-350,storm_recovery,21.19742637778134
67687,2026-09-10 04:30:49.279000+00:00,0.00097407,15.7270155,0.00135834,0.00079,345.8636,356.4959,6729.317,spacetrack,2026-09-09 05:38:12.147000+00:00,346.5864,6730.051,0.00098015,22.87698111111111,-0.7582818692617972,-0.7700316713315454,300-350,storm_recovery,12.282246703297051
67687,2026-09-11 21:41:00.377000+00:00,0.0010037,15.731463,0.00142785,0.0007797,344.6653,355.157,6728.0483,spacetrack,2026-09-10 04:30:49.279000+00:00,345.8636,6729.317,0.00097407,41.16974944444444,-0.6985517373334722,-0.7395915790325479,300-350,storm_recovery,8.054938578216321
67687,2026-09-12 14:27:10.477000+00:00,0.00095884,15.7331705,0.00137314,0.0008121,343.96106,354.88794,6727.5615,spacetrack,2026-09-11 21:41:00.377000+00:00,344.6653,6728.0483,0.0010037,16.769472222222223,-1.0078886071085245,-0.696694555749461,300-350,storm_recovery,8.788965067144165
67687,2026-09-13 05:41:46.207000+00:00,0.00087525,15.734847,0.00126031,0.0008176,343.4465,354.44662,6727.0835,spacetrack,2026-09-12 14:27:10.477000+00:00,343.96106,6727.5615,0.00095884,15.243258333333333,-0.8101574958546625,-0.7525949996474881,300-350,storm_recovery,7.234159181117045
67688,2026-09-08 08:01:37.811000+00:00,0.0008559,15.763277,0.00139709,0.0007691,335.68808,346.02322,6718.9927,spacetrack,2026-09-07 00:04:19.833000+00:00,336.59503,6719.933,0.00063018,31.95499388888889,-0.6811705261370254,-0.7062182542883173,300-350,storm_main,22.936736275041273
67688,2026-09-12 06:19:49.394000+00:00,0.00067308,15.772879,0.00114179,0.0007794,332.89404,343.36337,6716.2656,spacetrack,2026-09-11 07:31:12.857000+00:00,333.56793,6716.9097,0.0006966,22.810149166666665,-0.7090422724474799,-0.6776983301187871,300-350,storm_recovery,7.445562006590706
67688,2026-09-13 05:08:14.090000+00:00,0.00069207,15.775188,0.00118705,0.0007846,332.20413,342.74225,6715.6104,spacetrack,2026-09-12 06:19:49.394000+00:00,332.89404,6716.2656,0.00067308,22.80686,-0.7260026150026765,-0.6894767626934877,300-350,storm_recovery,8.159952751058235
67690,2026-09-08 05:05:56.208000+00:00,0.00033767,15.4075985,0.00021331,0.0155343,337.8905,549.8406,6822.0024,spacetrack,2026-09-07 04:11:39.195000+00:00,337.89938,6822.1265,0.00025799,24.904725833333334,-0.008557412011962496,-0.11959176021177365,300-350,storm_main,23.622505146362617
67690,2026-09-09 04:26:47.292000+00:00,0.00033298,15.408025,0.00021046,0.015521,337.85718,549.6218,6821.8765,spacetrack,2026-09-08 05:05:56.208000+00:00,337.8905,6822.0024,0.00033767,23.347523333333335,-0.034251170395320274,-0.1294184379585173,300-350,storm_recovery,24.866054600794914
67690,2026-09-10 00:40:49.763000+00:00,0.00032398,15.408384,0.00020476,0.0155094,337.83197,549.4351,6821.7705,spacetrack,2026-09-09 04:26:47.292000+00:00,337.85718,6821.8765,0.00033298,20.234019722222225,-0.029902115758831664,-0.1257288484908545,300-350,storm_recovery,11.907348612597175
67690,2026-09-11 18:42:13.123000+00:00,0.00029885,15.40906,0.00018867,0.015489,337.7748,549.09344,6821.5713,spacetrack,2026-09-10 00:40:49.763000+00:00,337.83197,6821.7705,0.00032398,42.023155555555554,-0.03265057042624324,-0.11376584972730402,300-350,storm_recovery,8.653531597923262
67690,2026-09-12 10:16:02.443000+00:00,0.00026658,15.409276,0.00016765,0.0154753,337.8054,548.9351,6821.5073,spacetrack,2026-09-11 18:42:13.123000+00:00,337.7748,6821.5713,0.00029885,15.5637,0.0471867229514719,-0.09869118525707293,300-350,storm_recovery,8.262272235322506
67690,2026-09-13 17:23:38.554000+00:00,0.00030283,15.40977,0.00019145,0.0154567,337.7889,548.6604,6821.362,spacetrack,2026-09-12 10:16:02.443000+00:00,337.8054,6821.5073,0.00026658,31.126697500000002,-0.012722197721110167,-0.11203244417443299,300-350,storm_recovery,6.4950695013857835
68128,2026-09-11 15:13:48.259000+00:00,0.0004454,15.722161,0.00059724,0.0005512,348.8546,356.27454,6730.7017,spacetrack,2026-09-09 23:33:09.305000+00:00,349.66656,6731.2534,0.00048499,39.67748722222222,-0.49113594041020436,-0.3337106487072041,300-350,storm_recovery,9.01643324831404
68128,2026-09-12 23:16:25.488000+00:00,0.00043965,15.72372,0.00059336,0.0005605,348.34766,355.89227,6730.257,spacetrack,2026-09-11 15:13:48.259000+00:00,348.8546,6730.7017,0.0004454,32.04367472222222,-0.37968679015338336,-0.33307041381863467,300-350,storm_recovery,6.887928956753981
68128,2026-09-13 16:03:26.166000+00:00,0.00047589,15.724544,0.00064555,0.0005807,347.97665,355.7929,6730.022,spacetrack,2026-09-12 23:16:25.488000+00:00,348.34766,6730.257,0.00043965,16.783521666666665,-0.5305346623220792,-0.33604389543546187,300-350,storm_recovery,7.396188304937591
68205,2026-09-08 17:20:50.804000+00:00,0.00061672,14.786046,0.00051094,0.0510969,275.44742,992.01697,7011.869,spacetrack,2026-09-07 21:51:20.918000+00:00,275.5319,7012.137,0.00058409,19.491635,-0.10402000653098831,-0.32998771011260464,250-300,storm_main,32.99694658189982
68205,2026-09-09 16:05:10.526000+00:00,0.00050679,14.786937,0.00041961,0.0510674,275.38715,991.5142,7011.588,spacetrack,2026-09-08 17:20:50.804000+00:00,275.44742,7011.869,0.00061672,22.738811666666663,-0.06361282292163459,-0.2965854196279289,250-300,storm_recovery,12.390422410669803
68205,2026-09-10 16:26:51.979000+00:00,0.00048524,14.78783,0.00040185,0.0510307,275.3764,990.96,7011.305,spacetrack,2026-09-09 16:05:10.526000+00:00,275.38715,7011.588,0.00050679,24.36151472222222,-0.010590474481678123,-0.278800397981459,250-300,storm_recovery,10.834506983595814
68205,2026-09-11 16:48:28.362000+00:00,0.00046668,14.788633,0.00038709,0.05101,275.28052,990.548,7011.0513,spacetrack,2026-09-10 16:26:51.979000+00:00,275.3764,7011.305,0.00048524,24.36010638888889,-0.09446264163479835,-0.24994964729637686,250-300,storm_recovery,8.522475516464574
68205,2026-09-12 22:02:17.511000+00:00,0.00049817,14.789603,0.0004144,0.0509815,275.18942,990.026,7010.7446,spacetrack,2026-09-11 16:48:28.362000+00:00,275.28052,7011.0513,0.00046668,29.230319166666668,-0.07479904641254345,-0.251820719371283,250-300,storm_recovery,7.05792909149156
68205,2026-09-13 11:01:43.676000+00:00,0.00049471,14.790045,0.00041206,0.0509722,275.12222,989.81415,7010.605,spacetrack,2026-09-12 22:02:17.511000+00:00,275.18942,7010.7446,0.00049817,12.990601388888889,-0.1241512961346369,-0.2579095378044568,250-300,storm_recovery,8.23161326142522
68293,2026-09-08 09:32:35.105000+00:00,0.0010834,15.624963,0.00129892,0.0101941,311.55145,449.34686,6758.586,spacetrack,2026-09-07 01:18:26.438000+00:00,311.76694,6759.494,0.0008309,32.23574083333333,-0.16043558690768073,-0.6760198288184751,300-350,storm_main,24.53307947087406
68293,2026-09-09 16:14:14.747000+00:00,0.00092939,15.627956,0.00112263,0.0101341,311.10236,448.06924,6757.7227,spacetrack,2026-09-08 09:32:35.105000+00:00,311.55145,6758.586,0.0010834,30.694345000000002,-0.35114481185378926,-0.6750168475658804,300-350,storm_recovery,16.947184724815667
68293,2026-09-11 23:28:23.335000+00:00,0.00095889,15.633081,0.0011764,0.0099876,310.6303,445.58768,6756.246,spacetrack,2026-09-09 16:14:14.747000+00:00,311.10236,6757.7227,0.00092939,55.23571888888888,-0.20511075492273506,-0.641628292578141,300-350,storm_recovery,9.156223628804446
68293,2026-09-12 07:08:36.029000+00:00,0.00093562,15.633793,0.00114977,0.0099673,310.56448,445.24347,6756.041,spacetrack,2026-09-11 23:28:23.335000+00:00,310.6303,6756.246,0.00095889,7.670192777777777,-0.20595049508743102,-0.6414441126242052,300-350,storm_recovery,8.19250341889857
68293,2026-09-13 21:29:20.126000+00:00,0.0010028,15.637526,0.00124823,0.0098713,310.14862,443.5092,6754.966,spacetrack,2026-09-12 07:08:36.029000+00:00,310.56448,6756.041,0.00093562,38.3455825,-0.26028135053106105,-0.6728284803078851,300-350,storm_recovery,6.553992257995644
68373,2026-09-08 15:48:17.404000+00:00,0.00024411,15.710804,0.00030838,0.0011036,348.3765,363.23965,6733.9453,spacetrack,2026-09-07 13:49:03.484000+00:00,348.6586,6734.134,0.00020204,25.987199999999998,-0.26052826006645474,-0.17427041004774546,300-350,storm_main,29.827146697861508
68373,2026-09-09 11:40:36.030000+00:00,0.00018526,15.711232,0.00023442,0.0011107,348.20654,363.16507,6733.8228,spacetrack,2026-09-08 15:48:17.404000+00:00,348.3765,6733.9453,0.00024411,19.871840555555558,-0.205267347460661,-0.14794804697583336,300-350,storm_recovery,14.378716247639424
68373,2026-09-10 15:11:26.494000+00:00,0.00019111,15.71179,0.0002424,0.0011195,347.98807,363.06473,6733.6636,spacetrack,2026-09-09 11:40:36.030000+00:00,348.20654,6733.8228,0.00018526,27.51401777777778,-0.19056758785099825,-0.13886739591653782,300-350,storm_recovery,11.406308101696526
68373,2026-09-11 18:42:13.522000+00:00,0.00019454,15.712343,0.00024735,0.0011358,347.72046,363.0163,6733.5054,spacetrack,2026-09-10 15:11:26.494000+00:00,347.98807,6733.6636,0.00019111,27.513063333333335,-0.23343965454469956,-0.1379999004108147,300-350,storm_recovery,8.13655527352118
68373,2026-09-12 14:34:25.450000+00:00,0.00019253,15.712709,0.00024519,0.0011457,347.5492,362.97812,6733.401,spacetrack,2026-09-11 18:42:13.522000+00:00,347.72046,6733.5054,0.00019454,19.869979999999998,-0.20685677590014842,-0.1260997746351054,300-350,storm_recovery,8.163124891586873
68373,2026-09-13 13:30:00.104000+00:00,0.00020023,15.713164,0.00025549,0.0011511,347.3831,362.88443,6733.271,spacetrack,2026-09-12 14:34:25.450000+00:00,347.5492,6733.401,0.00019253,22.926292777777775,-0.17387896240526504,-0.1360882908651853,300-350,storm_recovery,6.607435102351068
68826,2026-09-08 17:11:55.787000+00:00,0.00017042,15.859149,0.00041739,0.0011953,305.75092,321.74854,6691.8867,spacetrack,2026-09-07 16:58:06.115000+00:00,305.99313,6692.121,0.00014344,24.230464444444447,-0.23990625575205649,-0.23207149053600173,300-350,storm_main,31.714221773068232
68826,2026-09-09 17:25:41.104000+00:00,0.00014172,15.859876,0.00034784,0.0012001,305.51486,321.57623,6691.6826,spacetrack,2026-09-08 17:11:55.787000+00:00,305.75092,6691.8867,0.00017042,24.229254722222223,-0.2338264245001343,-0.20216882674090586,300-350,storm_recovery,12.698158116180878
68826,2026-09-10 17:39:22.427000+00:00,0.0001442,15.860603,0.00035521,0.001194,305.351,321.33026,6691.4775,spacetrack,2026-09-09 17:25:41.104000+00:00,305.51486,6691.6826,0.00014172,24.228145277777777,-0.1623170059000363,-0.20316866782691648,300-350,storm_recovery,10.312794441331738
68826,2026-09-11 17:52:59.749000+00:00,0.00015161,15.861346,0.00037491,0.001181,305.22955,321.03433,6691.269,spacetrack,2026-09-10 17:39:22.427000+00:00,305.351,6691.4775,0.0001442,24.22703388888889,-0.12031188024780688,-0.20654612623828025,300-350,storm_recovery,8.586211337697344
68826,2026-09-12 22:39:04.978000+00:00,0.00015177,15.862235,0.00037685,0.0011574,305.13776,320.62613,6691.019,spacetrack,2026-09-11 17:52:59.749000+00:00,305.22955,6691.269,0.00015161,28.76811916666667,-0.076576434741435,-0.20856420835993128,300-350,storm_recovery,7.032296698730807
68826,2026-09-13 12:16:40.122000+00:00,0.00014751,15.862652,0.00036691,0.0011456,305.09952,320.42972,6690.902,spacetrack,2026-09-12 22:39:04.978000+00:00,305.13776,6691.019,0.00015177,13.626428888888888,-0.06735146878791373,-0.20607013201339996,300-350,storm_recovery,7.983274863080618
68827,2026-09-08 19:51:00.547000+00:00,0.00017342,15.859822,0.00042174,0.0015962,302.8792,324.2418,6691.6973,spacetrack,2026-09-07 19:37:14.504000+00:00,303.0222,6691.9497,0.00016967,24.22945638888889,-0.14164576971579007,-0.25000973619801287,300-350,storm_main,31.407782616024438
68827,2026-09-09 18:33:50.778000+00:00,0.00014068,15.860524,0.0003422,0.0015923,302.7082,324.01794,6691.5,spacetrack,2026-09-08 19:51:00.547000+00:00,302.8792,6691.6973,0.00017342,22.713953055555557,-0.18068189143313346,-0.2084709776591423,300-350,storm_recovery,11.698064849541637
68827,2026-09-10 20:18:19.612000+00:00,0.0001367,15.861267,0.00033358,0.0015929,302.49557,323.81268,6691.291,spacetrack,2026-09-09 18:33:50.778000+00:00,302.7082,6691.5,0.00014068,25.741342777777778,-0.19824606835993153,-0.1948616295310842,300-350,storm_recovery,9.469599865689473
68827,2026-09-11 17:30:11.839000+00:00,0.00014653,15.861899,0.00035907,0.0015893,302.34198,323.61035,6691.1133,spacetrack,2026-09-10 20:18:19.612000+00:00,302.49557,6691.291,0.0001367,21.197840833333334,-0.17389318228127085,-0.20119030204708993,300-350,storm_recovery,9.18951803097032
68827,2026-09-12 19:14:32.575000+00:00,0.0001503,15.8626795,0.00036981,0.0015752,302.21744,323.29642,6690.894,spacetrack,2026-09-11 17:30:11.839000+00:00,302.34198,6691.1133,0.00014653,25.739093333333333,-0.11612530252292845,-0.20448272718207472,300-350,storm_recovery,7.418668312757628
68827,2026-09-13 22:29:38.785000+00:00,0.00016248,15.863565,0.00040188,0.0015554,302.10123,322.9145,6690.645,spacetrack,2026-09-12 19:14:32.575000+00:00,302.21744,6690.894,0.0001503,27.251725,-0.10234361311075053,-0.21928887070433561,300-350,storm_recovery,5.816615023656505
68828,2026-09-10 22:55:50.533000+00:00,3.1568e-05,15.861624,7.273e-05,0.0015984,302.3585,323.7489,6691.191,spacetrack,2026-09-09 18:09:42.762000+00:00,302.6749,6691.408,4.1567e-05,28.768825277777776,-0.26395238341084803,-0.1810292895079086,300-350,storm_recovery,9.58468987422738
68828,2026-09-11 17:05:58.750000+00:00,2.8869e-05,15.862297,6.627e-05,0.0016014,302.14938,323.5793,6691.0015,spacetrack,2026-09-10 22:55:50.533000+00:00,302.3585,6691.191,3.1568e-05,18.168949166666664,-0.2762339172156101,-0.2503171734517182,300-350,storm_recovery,9.160104517143466
68828,2026-09-12 00:40:11.527000+00:00,2.9185e-05,15.862519,6.702e-05,0.0014934,302.80972,322.7942,6690.939,spacetrack,2026-09-11 17:05:58.750000+00:00,302.14938,6691.0015,2.8869e-05,7.570215833333333,2.093488527793027,-0.19814494500872334,300-350,storm_recovery,5.5152227239081
68828,2026-09-13 11:29:30.105000+00:00,3.5589e-05,15.863549,8.351e-05,0.0015534,302.119,322.9055,6690.6494,spacetrack,2026-09-12 00:40:11.527000+00:00,302.80972,6690.939,2.9185e-05,34.82182722222222,-0.4760600267817326,-0.19959894567410882,300-350,storm_recovery,7.786086086585952
68829,2026-09-08 17:34:25.666000+00:00,0.00017864,15.8594,0.00044001,0.0015658,303.2012,324.1573,6691.8164,spacetrack,2026-09-07 17:20:37.249000+00:00,303.42746,6692.057,0.00015989,24.230115833333333,-0.22411118615166592,-0.23831499773757697,300-350,storm_main,31.97744028760719
68829,2026-09-09 22:20:43.319000+00:00,0.00016141,15.860349,0.00039293,0.0015523,303.0251,323.79968,6691.5493,spacetrack,2026-09-08 17:34:25.666000+00:00,303.2012,6691.8164,0.00017864,28.77157027777778,-0.14689500639676367,-0.22280327205331046,300-350,storm_recovery,12.608500155916836
68829,2026-09-10 22:34:21.910000+00:00,0.0001507,15.861112,0.00036777,0.0015337,302.93527,323.46027,6691.335,spacetrack,2026-09-09 22:20:43.319000+00:00,303.0251,6691.5493,0.00016141,24.22738638888889,-0.08898689959346562,-0.21228868510348695,300-350,storm_recovery,8.780502909064422
68829,2026-09-11 18:15:23.849000+00:00,0.00015145,15.861749,0.00037068,0.001516,302.87485,323.16245,6691.156,spacetrack,2026-09-10 22:34:21.910000+00:00,302.93527,6691.335,0.0001507,19.683871944444444,-0.07366843292281194,-0.21824974334963573,300-350,storm_recovery,8.999929793058584
68829,2026-09-12 23:01:26.568000+00:00,0.00013608,15.862575,0.00033376,0.0014974,302.7673,322.8053,6690.9233,spacetrack,2026-09-11 18:15:23.849000+00:00,302.87485,6691.156,0.00015145,28.767421944444443,-0.0897264970418582,-0.19413627021479285,300-350,storm_recovery,7.024254316845428
68829,2026-09-13 12:39:00.708000+00:00,0.00014103,15.86297,0.00034677,0.0014955,302.66904,322.68127,6690.812,spacetrack,2026-09-12 23:01:26.568000+00:00,302.7673,6690.9233,0.00013608,13.626149999999999,-0.17306722735325597,-0.19603483008858663,300-350,storm_recovery,8.010685092022815
69537,2026-09-08 11:39:04.409000+00:00,0.00049497,15.723734,0.00071478,0.0046561,320.7793,383.45276,6730.253,spacetrack,2026-09-07 12:45:58.937000+00:00,320.91544,6730.626,0.00040074,22.884853333333332,-0.14277391042926854,-0.3911757645819323,300-350,storm_main,29.816385988539338
69537,2026-09-09 15:06:37.838000+00:00,0.00036694,15.72517,0.00053005,0.0046309,320.5408,382.87125,6729.8433,spacetrack,2026-09-08 11:39:04.409000+00:00,320.7793,6730.253,0.00049497,27.459285833333336,-0.20845407396033716,-0.358086516148418,300-350,storm_recovery,15.87144217324014
69537,2026-09-10 10:56:26.657000+00:00,0.00036386,15.72616,0.00052744,0.0046058,320.42868,382.4187,6729.5605,spacetrack,2026-09-09 15:06:37.838000+00:00,320.5408,6729.8433,0.00036694,19.8302275,-0.13569587136608022,-0.34226536231219107,300-350,storm_recovery,11.840962700335469
69537,2026-09-11 09:49:13.113000+00:00,0.00037358,15.727229,0.00054412,0.0045887,320.2401,381.9972,6729.256,spacetrack,2026-09-10 10:56:26.657000+00:00,320.42868,6729.5605,0.00036386,22.87957111111111,-0.19781489687986759,-0.31941158182085394,300-350,storm_recovery,8.189710663282636
69537,2026-09-12 23:56:58.373000+00:00,0.0004047,15.728963,0.00059429,0.004554,319.98135,381.2669,6728.761,spacetrack,2026-09-11 09:49:13.113000+00:00,320.2401,6729.256,0.00037358,38.12923888888889,-0.16286713768652647,-0.31157191557419966,300-350,storm_recovery,7.289798860979101
69537,2026-09-13 16:43:30.136000+00:00,0.0004164,15.729771,0.00061377,0.0045411,319.83902,380.94888,6728.531,spacetrack,2026-09-12 23:56:58.373000+00:00,319.98135,6728.761,0.0004047,16.775489722222222,-0.2036256500741886,-0.32905149664269384,300-350,storm_recovery,7.397814367499091
69684,2026-09-08 13:38:12.108000+00:00,0.0012386,15.752378,0.00189151,0.0001219,343.135,344.77386,6722.0913,spacetrack,2026-09-07 13:14:31.750000+00:00,342.8898,6721.9907,0.0013323,24.394543888888887,0.24123427053213525,0.09897295112346421,300-350,storm_main,29.612155828378654
69684,2026-09-09 14:01:53.641000+00:00,0.0011569,15.751732,0.00175936,0.0003241,341.95984,346.31723,6722.2754,spacetrack,2026-09-08 13:38:12.108000+00:00,343.135,6722.0913,0.0012386,24.394870277777777,-1.156138142111462,0.18112004489872036,300-350,storm_recovery,15.387311856649099
69684,2026-09-10 12:54:04.834000+00:00,0.0010362,15.753336,0.001583,0.000127,342.82846,344.5358,6721.8193,spacetrack,2026-09-09 14:01:53.641000+00:00,341.95984,6722.2754,0.0011569,22.869775833333332,0.9115471945123137,-0.4786404589087977,300-350,storm_recovery,11.619409110226304
69684,2026-09-11 13:17:45.560000+00:00,0.00084558,15.752068,0.00127992,0.0001174,343.25363,344.832,6722.1797,spacetrack,2026-09-10 12:54:04.834000+00:00,342.82846,6721.8193,0.0010362,24.39464611111111,0.4182917822838116,0.3545696035348539,300-350,storm_recovery,8.50808878532842
69684,2026-09-12 13:41:25.867000+00:00,0.00093823,15.752269,0.00142397,0.0001362,343.07016,344.90125,6722.1226,spacetrack,2026-09-11 13:17:45.560000+00:00,343.25363,6722.1797,0.00084558,24.394529722222224,-0.1805027623053058,-0.056176528738384454,300-350,storm_recovery,7.877574704902819
69684,2026-09-13 20:11:01.482000+00:00,0.00094176,15.752432,0.00143052,0.0002159,342.4879,345.3905,6722.076,spacetrack,2026-09-12 13:41:25.867000+00:00,343.07016,6722.1226,0.00093823,30.49322638888889,-0.4582735792461446,-0.03667699789221482,300-350,storm_recovery,5.953251958551997
69726,2026-09-08 17:32:27.660000+00:00,0.0014882,15.751714,0.00227684,0.000218,342.67813,345.60904,6722.281,spacetrack,2026-09-07 15:37:18.047000+00:00,343.20544,6722.232,0.0012176,25.919336944444442,-0.48826249016808154,0.04537153101254545,300-350,storm_main,31.305688793286496
69726,2026-09-09 20:59:06.017000+00:00,0.0011024,15.752102,0.00167717,0.000136,343.11896,344.9474,6722.1704,spacetrack,2026-09-08 17:32:27.660000+00:00,342.67813,6722.281,0.0014882,27.443988055555558,0.38550956874718534,-0.09672063676117597,300-350,storm_recovery,12.668545844340306
69726,2026-09-10 15:16:51.497000+00:00,0.0013327,15.751638,0.00203227,0.0002404,342.54898,345.78107,6722.3022,spacetrack,2026-09-09 20:59:06.017000+00:00,343.11896,6722.1704,0.0011024,18.295966666666665,-0.7476795432144998,0.17289056422286275,300-350,storm_recovery,10.09128347656466
69726,2026-09-11 20:14:58.149000+00:00,0.00084199,15.752284,0.00127562,0.0001205,343.17136,344.79138,6722.118,spacetrack,2026-09-10 15:16:51.497000+00:00,342.54898,6722.3022,0.0013327,28.968514444444445,0.5156329306650079,-0.15260706614661812,300-350,storm_recovery,7.9256078812463935
69726,2026-09-12 16:04:12.541000+00:00,0.0011571,15.751886,0.0017605,0.0002011,342.74246,345.44617,6722.2314,spacetrack,2026-09-11 20:14:58.149000+00:00,343.17136,6722.118,0.00084199,19.820664444444446,-0.519336777475448,0.13731123936894116,300-350,storm_recovery,8.291992860089117
69726,2026-09-13 16:27:52.862000+00:00,0.001355,15.752115,0.00207143,0.0001506,343.017,345.04172,6722.1665,spacetrack,2026-09-12 16:04:12.541000+00:00,342.74246,6722.2314,0.0011571,24.39453361111111,0.2700998553626347,-0.06385037012046389,300-350,storm_recovery,6.4156989701734295
69727,2026-09-08 15:14:14.142000+00:00,0.0020998,15.750919,0.00324009,0.0005304,340.80396,347.93518,6722.5063,spacetrack,2026-09-07 16:22:01.034000+00:00,343.5513,6722.093,0.0010925,22.870307777777775,-2.883046465341752,0.43371519510734474,300-350,storm_main,30.83387535910827
69727,2026-09-09 15:37:54.033000+00:00,0.00093165,15.751714,0.00141036,0.0001289,343.27692,345.00995,6722.2803,spacetrack,2026-09-08 15:14:14.142000+00:00,340.80396,6722.5063,0.0020998,24.394414166666667,2.432976647625309,-0.22234598309818507,300-350,storm_recovery,14.643595458345535
69727,2026-09-10 16:01:34.287000+00:00,0.0010122,15.751771,0.00153503,0.0001179,343.3346,344.9197,6722.264,spacetrack,2026-09-09 15:37:54.033000+00:00,343.27692,6722.2803,0.00093165,24.394515000000002,0.05674718271710325,-0.016036391787476945,300-350,storm_recovery,11.012959948851892
69727,2026-09-11 16:25:14.686000+00:00,0.00062547,15.751844,0.00094174,0.0001028,343.41534,344.79742,6722.243,spacetrack,2026-09-10 16:01:34.287000+00:00,343.3346,6722.264,0.0010122,24.39455527777778,0.07943411871767142,-0.020660347944635733,300-350,storm_recovery,8.501631619778909
69762,2026-09-10 13:23:24.699000+00:00,0.0013669,15.751608,0.00208557,0.0002386,342.5697,345.7776,6722.3105,spacetrack,2026-09-09 12:59:44.565000+00:00,343.3276,6722.201,0.00085802,24.394481666666668,-0.7456440455898251,0.10772928221634129,300-350,storm_recovery,11.583078556905868
69762,2026-09-11 19:53:00.672000+00:00,0.0013238,15.75234,0.00202463,0.0001556,342.91943,345.01135,6722.1025,spacetrack,2026-09-10 13:23:24.699000+00:00,342.5697,6722.3105,0.0013669,30.493325833333333,0.27525761033333784,-0.16370795456277065,300-350,storm_recovery,8.002483357628723
69762,2026-09-12 12:39:16.767000+00:00,0.00053572,15.752019,0.00080576,0.0001517,343.03696,345.07648,6722.194,spacetrack,2026-09-11 19:53:00.672000+00:00,342.91943,6722.1025,0.0013238,16.771137500000002,0.16818894961663,0.13093924010883737,300-350,storm_recovery,8.589072893833228
69762,2026-09-13 13:02:57.866000+00:00,0.0013478,15.752327,0.0020621,0.0001439,343.00168,344.93628,6722.106,spacetrack,2026-09-12 12:39:16.767000+00:00,343.03696,6722.194,0.00053572,24.394749722222222,-0.034709107887616136,-0.08657600606952037,300-350,storm_recovery,6.6680099391605205
69792,2026-09-08 04:29:28.278000+00:00,0.0022694,15.85557,0.00622362,0.0012304,306.522,322.99185,6692.894,spacetrack,2026-09-07 16:24:35.563000+00:00,308.05673,6694.585,0.0019015,12.08130972222222,-3.048801897053383,-3.3592384379770968,300-350,storm_main,28.82508300528031
69792,2026-09-09 18:13:05.565000+00:00,0.0016907,15.871679,0.00494333,0.0011004,302.8675,317.58725,6688.3643,spacetrack,2026-09-08 04:29:28.278000+00:00,306.522,6692.894,0.0022694,37.727024166666666,-2.3248056780871984,-2.881563081141535,300-350,storm_recovery,19.93295572897138
69792,2026-09-11 06:24:38.485000+00:00,0.00097077,15.878017,0.00286877,0.0011451,300.79047,316.10406,6686.5845,spacetrack,2026-09-09 18:13:05.565000+00:00,302.8675,6688.3643,0.0016907,36.192477777777775,-1.37732266649637,-1.1802231464305324,300-350,storm_recovery,9.675793857409902
69792,2026-09-12 03:30:50.920000+00:00,0.0016315,15.886009,0.00513065,0.0010238,299.36102,313.04788,6684.3413,spacetrack,2026-09-11 06:24:38.485000+00:00,300.79047,6686.5845,0.00097077,21.103454166666666,-1.6256485658252589,-2.5510894839686307,300-350,storm_recovery,7.068186902262644
69792,2026-09-13 02:06:45.300000+00:00,0.0016159,15.895197,0.00533153,0.0009482,297.2928,309.96408,6681.7656,spacetrack,2026-09-12 03:30:50.920000+00:00,299.36102,6684.3413,0.0016315,22.59843888888889,-2.196491547228308,-2.735445590022664,250-300,storm_recovery,7.672474671923012
69793,2026-09-08 08:44:02.828000+00:00,0.00062114,15.709226,0.00083877,0.00183,343.9352,368.5831,6734.396,spacetrack,2026-09-07 17:29:36.677000+00:00,344.3333,6734.6763,0.00051812,15.2405975,-0.6269045554152314,-0.44140001728990297,300-350,storm_main,32.56960470946832
69793,2026-09-09 04:32:43.392000+00:00,0.00050734,15.710487,0.00068938,0.0018273,343.59335,368.20355,6734.0356,spacetrack,2026-09-08 08:44:02.828000+00:00,343.9352,6734.396,0.00062114,19.81126777777778,-0.4141279645517374,-0.4366000246431455,300-350,storm_recovery,21.477132682237343
69793,2026-09-11 03:46:54.458000+00:00,0.00047617,15.713068,0.00065442,0.001824,342.87958,367.44263,6733.2983,spacetrack,2026-09-09 04:32:43.392000+00:00,343.59335,6734.0356,0.00050734,47.23640722222222,-0.36265416883655965,-0.3746093541100223,300-350,storm_recovery,9.92878168726093
69793,2026-09-12 14:49:23.330000+00:00,0.00049648,15.71492,0.00068761,0.0018374,342.2614,367.003,6732.769,spacetrack,2026-09-11 03:46:54.458000+00:00,342.87958,6733.2983,0.00047617,35.04135333333333,-0.42339460633464554,-0.3625202451276205,300-350,storm_recovery,8.5337777732963
69793,2026-09-13 13:40:26.040000+00:00,0.00048463,15.716122,0.00067469,0.0018291,341.97467,366.6032,6732.426,spacetrack,2026-09-12 14:49:23.330000+00:00,342.2614,6732.769,0.00049648,22.850752777777778,-0.3011506914858268,-0.36025071384089824,300-350,storm_recovery,6.590919384980145
69975,2026-09-08 12:42:10.834000+00:00,0.0013421,15.751817,0.00204856,0.0002238,342.6099,345.61877,6722.2515,spacetrack,2026-09-07 21:27:22.846000+00:00,342.77567,6721.996,0.0014107,15.246663333333332,-0.2609410277527532,0.40218635815213766,300-350,storm_main,33.703317308697855
69975,2026-09-09 13:05:52.127000+00:00,0.00029921,15.752147,0.00044781,0.0001294,343.15054,344.89026,6722.157,spacetrack,2026-09-08 12:42:10.834000+00:00,342.6099,6722.2515,0.0013421,24.39480361111111,0.5318903241381299,-0.09297061932364399,300-350,storm_recovery,15.770061322144278
69977,2026-09-08 13:36:33.074000+00:00,0.00067413,15.752175,0.00101748,0.0001195,343.20892,344.81552,6722.1494,spacetrack,2026-09-07 23:53:14.310000+00:00,342.96304,6722.105,0.0010632,13.72187888888889,0.4300518936060823,0.07765700372702825,300-350,storm_main,33.232202085056215
69977,2026-09-09 12:28:44.878000+00:00,0.001025,15.751622,0.00155391,0.0002,342.82523,345.51416,6722.3066,spacetrack,2026-09-08 13:36:33.074000+00:00,343.20892,6722.1494,0.00067413,22.869945555555557,-0.40264896904239,0.16496759866903407,300-350,storm_recovery,15.625200050274618
69978,2026-09-08 12:47:45.758000+00:00,4.5761e-06,15.752188,5.54e-06,0.0001899,342.73206,345.28513,6722.1455,spacetrack,2026-09-07 12:24:05.973000+00:00,342.05923,6721.7354,0.001414,24.394384722222224,0.6619523379611776,0.4034699014579107,300-350,storm_main,29.371024775339638
69978,2026-09-09 07:05:32.525000+00:00,0.0015676,15.753398,0.00242001,0.0001891,342.3933,344.9355,6721.8013,spacetrack,2026-09-08 12:47:45.758000+00:00,342.73206,6722.1455,4.5761e-06,18.29632416666667,-0.444364667238005,-0.4515005268128731,300-350,storm_recovery,17.288628254670524
69979,2026-09-08 23:42:52.644000+00:00,0.0014262,15.75236,0.00218565,0.0001602,342.88266,345.0364,6722.0967,spacetrack,2026-09-07 12:38:50.230000+00:00,343.12234,6722.0723,0.0010008,35.06733722222222,-0.16403640697176333,0.01669930044288341,300-350,storm_main,27.490255454082174
69979,2026-09-09 19:32:06.805000+00:00,0.00092844,15.752293,0.00140906,0.0002133,342.54507,345.41272,6722.1157,spacetrack,2026-09-08 23:42:52.644000+00:00,342.88266,6722.0967,0.0014262,19.820600277777775,-0.4087747034121535,0.023006366790860548,300-350,storm_recovery,11.216058093654834
69980,2026-09-08 12:24:23.686000+00:00,0.0014771,15.754006,0.00228254,0.0001562,342.4414,344.54126,6721.6284,spacetrack,2026-09-07 21:09:34.141000+00:00,342.73782,6721.7573,0.0014332,15.247095833333333,-0.4665859044741768,-0.2028976556474085,300-350,storm_main,33.89768634445777
69980,2026-09-09 12:48:05.160000+00:00,0.0009993,15.751841,0.00151557,0.0001178,343.31564,344.8994,6722.2446,spacetrack,2026-09-08 12:24:23.686000+00:00,342.4414,6721.6284,0.0014771,24.39485388888889,0.8600895949434737,0.6062262175198027,300-350,storm_recovery,15.891566884882847
69980,2026-09-10 23:52:06.719000+00:00,0.0015734,15.752738,0.00242205,8.42e-05,343.28613,344.41812,6721.9893,spacetrack,2026-09-09 12:48:05.160000+00:00,343.31564,6722.2446,0.0009993,35.067099722222224,-0.02019670875576309,-0.1747278802219424,300-350,storm_recovery,10.28899451408074
69980,2026-09-11 13:35:26.137000+00:00,0.0013098,15.751844,0.00199845,0.0002494,342.42987,345.78293,6722.243,spacetrack,2026-09-10 23:52:06.719000+00:00,343.28613,6721.9893,0.0015734,13.722060555555554,-1.4976059839409799,0.4437234462968366,300-350,storm_recovery,9.465994214749655
69980,2026-09-12 12:27:37.013000+00:00,0.0012035,15.753516,0.00184611,0.0002194,342.15613,345.10565,6721.768,spacetrack,2026-09-11 13:35:26.137000+00:00,342.42987,6722.243,0.0013098,22.869687777777777,-0.2872693350183455,-0.4984764160657228,300-350,storm_recovery,7.910323436859825
69981,2026-09-08 15:03:57.943000+00:00,0.00079706,15.752186,0.00120598,0.0001237,343.17773,344.8408,6722.1465,spacetrack,2026-09-07 13:08:49.104000+00:00,342.97,6721.769,0.0011715,25.919121944444445,0.19234910853405182,0.34954887821469327,300-350,storm_main,29.182050127105317
69981,2026-09-09 12:24:41.739000+00:00,0.0013703,15.752787,0.00210177,0.0001503,342.82794,344.84857,6721.975,spacetrack,2026-09-08 15:03:57.943000+00:00,343.17773,6722.1465,0.00079706,21.34549888888889,-0.3932894725814776,-0.19282753808718806,300-350,storm_recovery,15.148927455379742
69981,2026-09-10 12:48:22.176000+00:00,0.0010819,15.751834,0.00164333,0.0001179,343.31693,344.90204,6722.2466,spacetrack,2026-09-09 12:24:41.739000+00:00,342.82794,6721.975,0.0013703,24.394565833333335,0.4810809128631425,0.26720705113324605,300-350,storm_recovery,11.654903470817391
69981,2026-09-11 13:12:02.617000+00:00,0.0010391,15.751986,0.00157847,0.0003644,341.6167,346.51584,6722.203,spacetrack,2026-09-10 12:48:22.176000+00:00,343.31693,6722.2466,0.0010819,24.394566944444446,-1.6727298374646384,-0.04289479712356899,300-350,storm_recovery,8.508087188949554
69982,2026-09-08 13:26:23.240000+00:00,0.0017325,15.751616,0.00266175,0.000148,343.17667,345.16647,6722.3086,spacetrack,2026-09-07 23:43:04.361000+00:00,342.8473,6721.8677,0.0018473,13.721910833333334,0.5760772020757503,0.7711462440280097,300-350,storm_main,33.35565019602976
69982,2026-09-09 19:56:00.112000+00:00,0.0010759,15.752093,0.00163597,0.0001869,342.7792,345.29196,6722.1724,spacetrack,2026-09-08 13:26:23.240000+00:00,343.17667,6722.3086,0.0017325,30.493575555555555,-0.31282917225041595,-0.10719635006536563,300-350,storm_recovery,15.259775301303902
69982,2026-09-10 12:42:16.035000+00:00,0.00097843,15.751758,0.0014831,0.0003415,341.83545,346.42676,6722.268,spacetrack,2026-09-09 19:56:00.112000+00:00,342.7792,6722.1724,0.0010759,16.77108972222222,-1.3505383594715723,0.13680685262517145,300-350,storm_recovery,10.633752712981298
69982,2026-09-11 08:31:53.651000+00:00,0.0013002,15.748288,0.00195407,0.0006217,340.9385,349.29822,6723.2554,spacetrack,2026-09-10 12:42:16.035000+00:00,341.83545,6722.268,0.00097843,19.827115555555554,-1.0857252503361887,1.1952116753240714,300-350,storm_recovery,8.011721643939467
69983,2026-09-08 12:29:28.356000+00:00,0.0012525,15.752446,0.00191379,0.0001187,343.1374,344.73322,6722.0723,spacetrack,2026-09-07 07:31:23.339000+00:00,340.69498,6722.119,0.0014144,28.96806027777778,2.0235417711060286,-0.03869088883582443,300-350,storm_main,28.424061435402553
69983,2026-09-09 12:53:09.933000+00:00,0.00082169,15.751884,0.00124224,0.0001923,342.8023,345.3877,6722.232,spacetrack,2026-09-08 12:29:28.356000+00:00,343.1374,6722.0723,0.0012525,24.3948825,-0.3296757014509199,0.15711491949197834,300-350,storm_recovery,15.85687039074691
69983,2026-09-10 23:57:11.662000+00:00,0.0013032,15.752514,0.00199391,0.0001014,343.2342,344.5974,6722.0527,spacetrack,2026-09-09 12:53:09.933000+00:00,342.8023,6722.232,0.00082169,35.067146944444445,0.2955929096946911,-0.12271314820142705,300-350,storm_recovery,10.288996818159866
69983,2026-09-11 19:46:25.821000+00:00,0.00087628,15.752291,0.00132882,0.0003537,341.60193,346.35715,6722.1167,spacetrack,2026-09-10 23:57:11.662000+00:00,343.2342,6722.0527,0.0013032,19.820599722222223,-1.9764528091488047,0.0774951324133443,300-350,storm_recovery,8.408246252331276
69984,2026-09-08 14:30:25.943000+00:00,0.001235,15.75179,0.00188098,0.0001497,343.1155,345.12814,6722.259,spacetrack,2026-09-07 21:44:09.551000+00:00,342.63058,6722.155,0.0008166,16.77122,0.6939316281105202,0.14882638233870055,300-350,storm_main,32.47271075754245
69985,2026-09-08 13:12:40.313000+00:00,0.0012086,15.751536,0.00183782,0.0001922,342.90213,345.48618,6722.331,spacetrack,2026-09-07 17:23:26.183000+00:00,342.9403,6722.056,0.0015917,19.82059166666667,-0.046218600100628206,0.3329870324261139,300-350,storm_main,31.9896109727636
69987,2026-09-08 13:21:48.649000+00:00,0.0011021,15.752504,0.00167966,0.000106,343.20618,344.63126,6722.0557,spacetrack,2026-09-07 12:58:08.858000+00:00,343.19873,6722.009,0.0013321,24.39438638888889,0.007329555134109748,0.04594499661231329,300-350,storm_main,29.533859947355147
69987,2026-09-09 12:14:01.444000+00:00,0.0011836,15.7534075,0.00181394,0.0001655,342.54932,344.77423,6721.799,spacetrack,2026-09-08 13:21:48.649000+00:00,343.20618,6722.0557,0.0011021,22.870220833333335,-0.6893086041837829,-0.2693808706481081,300-350,storm_recovery,15.732577158348626
69988,2026-09-08 23:45:55.400000+00:00,0.0024018,15.752973,0.00376101,0.0001082,343.05807,344.5127,6721.9224,spacetrack,2026-09-07 12:41:53.184000+00:00,342.68484,6721.908,0.0010039,35.067282222222225,0.2554381016251973,0.009855340308680984,300-350,storm_main,27.49027504396786
69988,2026-09-09 11:57:45.806000+00:00,0.0010339,15.75252,0.00157375,0.0001266,343.06332,344.76535,6722.0513,spacetrack,2026-09-08 23:45:55.400000+00:00,343.05807,6721.9224,0.0024018,12.197335,0.010330125392124507,0.2536291739132257,300-350,storm_recovery,9.598150197017082
69988,2026-09-10 12:21:26.385000+00:00,0.0010908,15.753547,0.00166999,0.0003262,341.42944,345.81473,6721.7593,spacetrack,2026-09-09 11:57:45.806000+00:00,343.06332,6722.0513,0.0010339,24.394605277777778,-1.6074504815095558,-0.28727663023073513,300-350,storm_recovery,11.710100351308318
69989,2026-09-08 14:27:53.553000+00:00,0.0013214,15.751715,0.00201533,0.0001399,343.2028,345.08368,6722.2803,spacetrack,2026-09-07 20:10:08.069000+00:00,342.85715,6722.0215,0.0015584,18.295967777777776,0.45341138007887405,0.33948463811553997,300-350,storm_main,32.22932823206765
69989,2026-09-09 13:20:05.734000+00:00,0.0012188,15.751968,0.00185726,0.0001853,342.8255,345.31674,6722.208,spacetrack,2026-09-08 14:27:53.553000+00:00,343.2028,6722.2803,0.0013214,22.87005027777778,-0.39594141202216104,-0.07587215502116343,300-350,storm_recovery,15.25103096685851
69989,2026-09-10 12:12:17.184000+00:00,0.0011712,15.75242,0.0017867,0.0001923,342.6499,345.23523,6722.0796,spacetrack,2026-09-09 13:20:05.734000+00:00,342.8255,6722.208,0.0012188,22.869847222222223,-0.18427757558014332,-0.13474510651720029,300-350,storm_recovery,11.71078425073286
69989,2026-09-11 00:24:09.516000+00:00,0.0012427,15.752046,0.0018953,0.000286,342.1267,345.9718,6722.186,spacetrack,2026-09-10 12:12:17.184000+00:00,342.6499,6722.0796,0.0011712,12.19787,-1.0294256292286592,0.2093480255152746,300-350,storm_recovery,7.392295266851234
69990,2026-09-08 13:00:27.936000+00:00,0.0003397,15.752018,0.00050868,0.0001574,342.9989,345.11505,6722.194,spacetrack,2026-09-07 12:36:48.379000+00:00,343.3921,6721.9595,0.0010439,24.39432138888889,-0.38684412858064277,0.2307094307027931,300-350,storm_main,29.431814453356896
69990,2026-09-09 13:24:09.597000+00:00,0.00093677,15.752024,0.00142022,0.0001815,342.83517,345.27533,6722.1924,spacetrack,2026-09-08 13:00:27.936000+00:00,342.9989,6722.194,0.0003397,24.394905833333333,-0.16107953139258963,-0.001574099128504063,300-350,storm_recovery,15.645121674480741
69990,2026-09-10 12:16:20.942000+00:00,0.0013117,15.753655,0.00201744,0.0002373,341.99606,345.1862,6721.728,spacetrack,2026-09-09 13:24:09.597000+00:00,342.83517,6722.1924,0.00093677,22.869818055555555,-0.8805771847891035,-0.48734974510602613,300-350,storm_recovery,11.701901796940156
69991,2026-09-08 12:49:48.084000+00:00,0.00056977,15.752042,0.00085766,0.0001345,343.1461,344.95438,6722.187,spacetrack,2026-09-07 21:34:58.133000+00:00,342.59436,6721.669,0.0015966,15.24720861111111,0.8684710977424555,0.8153623602251442,300-350,storm_main,33.61995334993102
69991,2026-09-09 19:19:24.379000+00:00,0.0011894,15.752301,0.00181444,0.0003455,341.65384,346.29883,6722.1133,spacetrack,2026-09-08 12:49:48.084000+00:00,343.1461,6722.187,0.00056977,30.49341527777778,-1.174490940872061,-0.05800596567767963,300-350,storm_recovery,15.399753079660778
69992,2026-09-08 13:07:35.148000+00:00,0.00055806,15.7525,0.00084157,0.0002255,342.40414,345.4358,6722.057,spacetrack,2026-09-07 12:43:55.082000+00:00,342.8313,6721.9536,0.0015084,24.39446277777778,-0.4202527472480069,0.10172800371155473,300-350,storm_main,29.465783207222827
69992,2026-09-09 11:59:47.763000+00:00,0.001143,15.752058,0.00173995,0.0001746,342.87183,345.2192,6722.1826,spacetrack,2026-09-08 13:07:35.148000+00:00,342.40414,6722.057,0.00055806,22.870170833333336,0.49079475976805054,0.13180487465418506,300-350,storm_recovery,15.836250312224385
69992,2026-09-10 12:23:28.659000+00:00,0.00095394,15.753226,0.00145435,0.0001071,342.99326,344.43307,6721.85,spacetrack,2026-09-09 11:59:47.763000+00:00,342.87183,6722.1826,0.001143,24.394693333333333,0.11946532633876539,-0.32721870658182095,300-350,storm_recovery,11.705924464719649
69992,2026-09-11 12:47:08.703000+00:00,0.00094951,15.752014,0.00143979,0.0001229,343.2319,344.88422,6722.195,spacetrack,2026-09-10 12:23:28.659000+00:00,342.99326,6721.85,0.00095394,24.394456666666667,0.23478120780715922,0.33942137400823236,300-350,storm_recovery,8.508084965204528
69992,2026-09-12 07:05:53.305000+00:00,0.00098166,15.736725,0.00139406,0.0005214,344.9041,351.91855,6726.5483,spacetrack,2026-09-11 12:47:08.703000+00:00,343.2319,6722.195,0.00094951,18.312389444444445,2.19156544926889,5.705383249792817,300-350,storm_recovery,7.066273194944734
69993,2026-09-08 12:53:52.002000+00:00,7.4907e-05,15.75229,0.00011077,0.0001548,342.93896,345.02014,6722.1167,spacetrack,2026-09-07 12:30:12.200000+00:00,341.75723,6721.639,0.0017343,24.394389444444442,1.1626247119072461,0.4699769193279807,300-350,storm_main,29.400214817154794
69993,2026-09-09 19:23:29.816000+00:00,0.001227,15.752069,0.0018708,0.0001442,343.07294,345.01163,6722.179,spacetrack,2026-09-08 12:53:52.002000+00:00,342.93896,6722.1167,7.4907e-05,30.493837222222222,0.10544819192702007,0.04903285831546643,300-350,storm_recovery,15.38419407768495
69993,2026-09-10 04:32:41.253000+00:00,0.0017083,15.743741,0.00253473,0.0005507,342.7095,350.1159,6724.55,spacetrack,2026-09-09 19:23:29.816000+00:00,343.07294,6722.179,0.001227,9.153176944444445,-0.9529543734314896,6.21685785660905,300-350,storm_recovery,12.52715612979185
69994,2026-09-08 12:34:33.411000+00:00,0.0010321,15.751678,0.00156528,0.0002023,342.7937,345.51355,6722.2905,spacetrack,2026-09-07 07:36:27.411000+00:00,342.3646,6722.0166,0.0013937,28.968333333333334,0.35550543697141,0.22692365226408212,300-350,storm_main,28.435663885852367
69994,2026-09-09 20:36:03.807000+00:00,0.0016041,15.733893,0.00227376,0.0001959,347.90054,350.53632,6727.3555,spacetrack,2026-09-08 12:34:33.411000+00:00,342.7937,6722.2905,0.0010321,32.02511,3.827126901359572,3.7957715055464414,300-350,storm_recovery,15.436169227834036
69995,2026-09-08 13:15:42.093000+00:00,0.0004081,15.752099,0.00061233,0.0001527,343.00735,345.0603,6722.171,spacetrack,2026-09-07 12:52:02.879000+00:00,342.53763,6722.0283,0.0010215,24.394226111111113,0.4621290279368657,0.1403938778138992,300-350,storm_main,29.504737550941872
69995,2026-09-09 12:07:55.743000+00:00,0.0010558,15.752058,0.00160453,0.0001656,342.9323,345.1587,6722.1826,spacetrack,2026-09-08 13:15:42.093000+00:00,343.00735,6722.171,0.0004081,22.870458333333332,-0.07875662016682042,0.012172908646515226,300-350,storm_recovery,15.777059197545597
69995,2026-09-10 12:31:36.183000+00:00,0.001475,15.751019,0.00224907,0.0001349,343.4344,345.2481,6722.478,spacetrack,2026-09-09 12:07:55.743000+00:00,342.9323,6722.1826,0.0010558,24.394566666666666,0.4939788504817177,0.29062209207785356,300-350,storm_recovery,11.689268819422905
69997,2026-09-08 15:21:15.375000+00:00,0.0012514,15.751603,0.00190504,0.0001624,343.08322,345.26663,6722.312,spacetrack,2026-09-07 21:03:29.750000+00:00,343.41492,6721.968,0.0018138,18.296006944444443,-0.4351113346301815,0.4512460027518816,300-350,storm_main,32.29951321345543
69997,2026-09-09 18:47:54.169000+00:00,0.00087737,15.7519655,0.00132896,0.0004777,340.8607,347.28308,6722.209,spacetrack,2026-09-08 15:21:15.375000+00:00,343.08322,6722.312,0.0012514,27.444109444444443,-1.943603967473508,-0.09007397397994209,300-350,storm_recovery,14.580875450767142
69997,2026-09-10 23:46:01.223000+00:00,0.0010567,15.752318,0.00160779,9.18e-05,343.35452,344.58868,6722.1084,spacetrack,2026-09-09 18:47:54.169000+00:00,340.8607,6722.209,0.00087737,28.968626111111114,2.0660862469084367,-0.08334534025651093,300-350,storm_recovery,9.535432279063132
69997,2026-09-11 07:23:43.954000+00:00,0.00094655,15.740435,0.00136493,0.000455,344.29453,350.4147,6725.4917,spacetrack,2026-09-10 23:46:01.223000+00:00,343.35452,6722.1084,0.0010567,7.628536388888889,2.957348415203227,10.644138778476092,300-350,storm_recovery,9.329336110090434
69998,2026-09-08 12:50:48.991000+00:00,0.0012108,15.751639,0.00184227,0.0002468,342.50568,345.8238,6722.302,spacetrack,2026-09-07 20:04:32.717000+00:00,342.85468,6722.032,0.0015123,16.77118722222222,-0.4994279706627657,0.38637694005362344,300-350,storm_main,33.18711656502685
69998,2026-09-09 19:20:25.507000+00:00,0.0011549,15.752492,0.00176182,0.0001956,342.60742,345.2371,6722.059,spacetrack,2026-09-08 12:50:48.991000+00:00,342.50568,6722.302,0.0012108,30.493476666666666,0.0800748313054549,-0.19125402012171133,300-350,storm_recovery,15.395868484294036
69998,2026-09-11 16:00:02+00:00,-0.00070686,15.752386,-0.00104505,0.000147,342.96402,344.9403,6722.0894,spacetrack,2026-09-10 22:00:04+00:00,343.17435,6722.2188,-0.00040624,17.999444444444446,-0.2804486558227092,-0.17253865860031406,300-350,storm_recovery,9.49973764622365
69998,2026-09-13 19:23:38.561000+00:00,0.0013825,15.752683,0.00212001,0.0001893,342.59537,345.14032,6722.005,spacetrack,2026-09-12 12:54:02.971000+00:00,343.03455,6722.044,0.0014167,30.493219444444442,-0.3456611073554865,-0.030695348574116113,300-350,storm_recovery,6.08273956896975
100001,2026-09-08 22:57:24.916000+00:00,0.0019608,15.778253,0.00344182,0.0003011,334.5817,338.6253,6714.7407,spacetrack,2026-09-07 22:36:27.200000+00:00,333.77582,6714.4585,0.0024307,24.349365555555554,0.7943172053444807,0.27815098445011,300-350,storm_main,29.52487765024587
100001,2026-09-09 15:41:48.609000+00:00,0.0011756,15.776162,0.00200967,0.0003352,334.9458,339.44775,6715.334,spacetrack,2026-09-08 22:57:24.916000+00:00,334.5817,6714.7407,0.0019608,16.73991472222222,0.5220098277083793,0.8506136522360263,300-350,storm_recovery,10.519690437822986
100001,2026-09-10 23:39:16.590000+00:00,0.0012387,15.776734,0.00212588,0.0003509,334.67792,339.39062,6715.1714,spacetrack,2026-09-09 15:41:48.609000+00:00,334.9458,6715.334,0.0011756,31.9577725,-0.20117547304027988,-0.12211113900356345,300-350,storm_recovery,10.0571077818393
100001,2026-09-11 14:52:21.942000+00:00,0.0010893,15.776639,0.00186277,0.0003424,334.76218,339.36075,6715.198,spacetrack,2026-09-10 23:39:16.590000+00:00,334.67792,6715.1714,0.0012387,15.218153333333333,0.13288340284831052,0.041949899309078956,300-350,storm_recovery,9.46235406135567
100001,2026-09-12 22:49:50.118000+00:00,0.0017107,15.776572,0.00296367,0.0003211,334.92413,339.23663,6715.2173,spacetrack,2026-09-11 14:52:21.942000+00:00,334.76218,6715.198,0.0010893,31.95782666666667,0.12162278870026724,0.014494102018566248,300-350,storm_recovery,6.929992475500002
100001,2026-09-13 23:10:46.275000+00:00,0.0020974,15.777724,0.00368392,0.0003793,334.20654,339.30045,6714.8906,spacetrack,2026-09-12 22:49:50.118000+00:00,334.92413,6715.2173,0.0017107,24.3489325,-0.7073065728856633,-0.3220182240027433,300-350,storm_recovery,6.005035710155534
100002,2026-09-08 09:06:29.577000+00:00,0.0020173,15.776947,0.00352426,0.0003564,334.58084,339.36737,6715.1113,spacetrack,2026-09-07 23:58:38.288000+00:00,334.52426,6715.2817,0.00095642,9.13091361111111,0.14871677225677762,-0.4478850829365899,300-350,storm_main,35.614096179799944
100002,2026-09-09 23:09:13.138000+00:00,0.0018685,15.776384,0.00324544,0.0003522,334.76855,339.49878,6715.2705,spacetrack,2026-09-08 09:06:29.577000+00:00,334.58084,6715.1113,0.0020173,38.04543361111111,0.11841210816648082,0.10042729540308008,300-350,storm_recovery,16.595444623406078
100002,2026-09-10 23:30:08.162000+00:00,0.0017006,15.777354,0.00295635,0.0003926,334.22223,339.49484,6714.9956,spacetrack,2026-09-09 23:09:13.138000+00:00,334.76855,6715.2705,0.0018685,24.34861777777778,-0.5384979188414607,-0.27096404650977096,300-350,storm_recovery,8.796532734963373
100002,2026-09-11 08:37:59.796000+00:00,0.0010791,15.77587,0.00183847,0.0003353,335.02792,339.53128,6715.4165,spacetrack,2026-09-10 23:30:08.162000+00:00,334.22223,6714.9956,0.0017006,9.131009444444445,2.1176804292721627,1.1062960849468697,300-350,storm_recovery,8.955466953665887
100002,2026-09-12 22:40:42.356000+00:00,0.0020439,15.777643,0.00358447,0.0003677,334.30734,339.24548,6714.9136,spacetrack,2026-09-11 08:37:59.796000+00:00,335.02792,6715.4165,0.0010791,38.04515555555555,-0.45456299882244183,-0.31724407020455325,300-350,storm_recovery,7.488839636175025
100002,2026-09-13 23:01:38.262000+00:00,0.0018549,15.777707,0.00324063,0.000371,334.26718,339.24963,6714.8955,spacetrack,2026-09-12 22:40:42.356000+00:00,334.30734,6714.9136,0.0020439,24.34886277777778,-0.03958460026642408,-0.01784066894499945,300-350,storm_recovery,6.011293317760015
100003,2026-09-08 22:34:04.388000+00:00,0.0023878,15.777401,0.00421439,0.000337,334.5822,339.10812,6714.982,spacetrack,2026-09-07 23:44:26.156000+00:00,334.54532,6715.3403,0.00087286,22.82728666666667,0.03877464776803296,-0.37670705789811754,300-350,storm_main,29.649564960219635
100003,2026-09-09 22:55:01.081000+00:00,0.0015035,15.776037,0.0025869,0.0003489,334.88907,339.57504,6715.369,spacetrack,2026-09-08 22:34:04.388000+00:00,334.5822,6714.982,0.0023878,24.349081388888887,0.30247054836988096,0.3814517620460024,300-350,storm_recovery,11.683616127293325
100003,2026-09-10 23:15:56.589000+00:00,0.0010319,15.775994,0.00175722,0.0003319,335.01566,339.47333,6715.3813,spacetrack,2026-09-09 22:55:01.081000+00:00,334.88907,6715.369,0.0015035,24.348752222222224,0.12477682520534657,0.012123824552222225,300-350,storm_recovery,8.79655042327745
100003,2026-09-12 22:26:30.115000+00:00,0.0014735,15.776871,0.00254337,0.0003507,334.6406,339.35062,6715.133,spacetrack,2026-09-10 23:15:56.589000+00:00,335.01566,6715.3813,0.0010319,47.17597944444445,-0.19080557745707782,-0.1263185220568124,300-350,storm_recovery,7.812835446871662
100003,2026-09-13 22:47:26.251000+00:00,0.0011932,15.775874,0.00203794,0.0003452,334.9603,339.59662,6715.4155,spacetrack,2026-09-12 22:26:30.115000+00:00,334.6406,6715.133,0.0014735,24.348926666666667,0.3151186130312772,0.2784516990347601,300-350,storm_recovery,6.02100796457649
100004,2026-09-08 05:16:11.137000+00:00,0.001344,15.776652,0.00231067,0.0001538,336.02475,338.09033,6715.1943,spacetrack,2026-09-07 21:39:39.284000+00:00,334.108,6715.3423,0.0011138,7.608848055555555,6.045856043400868,-0.4668249351371718,300-350,storm_main,30.508473121551873
100004,2026-09-09 08:39:45.281000+00:00,0.0016004,15.776495,0.00276518,0.0003825,334.5336,339.67075,6715.2393,spacetrack,2026-09-08 05:16:11.137000+00:00,336.02475,6715.1943,0.001344,27.39281777777778,-1.3064592438180105,0.03942639303350122,300-350,storm_recovery,22.18390528239032
100004,2026-09-10 22:42:27.833000+00:00,0.00094392,15.775989,0.00160425,0.0003308,335.0245,339.4674,6715.383,spacetrack,2026-09-09 08:39:45.281000+00:00,334.5336,6715.2393,0.0016004,38.04515333333333,0.3096741363288916,0.09065018005774081,300-350,storm_recovery,10.3963196231916
100004,2026-09-11 23:03:23.763000+00:00,0.0011474,15.77675,0.00196554,0.0003516,334.66904,339.39114,6715.167,spacetrack,2026-09-10 22:42:27.833000+00:00,335.0245,6715.383,0.00094392,24.348869444444443,-0.3503669860099534,-0.21290516226285655,300-350,storm_recovery,8.251037265818754
100004,2026-09-12 23:24:19.885000+00:00,0.0021154,15.777723,0.00371721,0.0004103,333.99863,339.50885,6714.8906,spacetrack,2026-09-11 23:03:23.763000+00:00,334.66904,6715.167,0.0011474,24.34892277777778,-0.660802949963955,-0.27243915718808637,300-350,storm_recovery,7.3196621566260935
100004,2026-09-13 22:13:57.343000+00:00,0.0012691,15.776408,0.00217685,0.0004594,334.04193,340.2119,6715.2637,spacetrack,2026-09-12 23:24:19.885000+00:00,333.99863,6714.8906,0.0021154,22.827071666666665,0.04552489321340355,0.3922710775509855,300-350,storm_recovery,6.18019224931489
100005,2026-09-08 23:14:54.876000+00:00,0.0015667,15.775622,0.00269425,0.000381,334.79126,339.90848,6715.487,spacetrack,2026-09-07 22:53:57.682000+00:00,334.8628,6714.9775,0.001861,24.349220555555558,-0.07051396146672734,0.5021926665826202,300-350,storm_main,29.32123649771404
100005,2026-09-09 23:35:50.840000+00:00,0.0012503,15.7767105,0.00214625,0.0003824,334.47318,339.60895,6715.178,spacetrack,2026-09-08 23:14:54.876000+00:00,334.79126,6715.487,0.0015667,24.34887888888889,-0.3135224432646794,-0.3045725445449094,300-350,storm_recovery,11.599746253432338
100005,2026-09-10 23:56:46.550000+00:00,0.0011987,15.776853,0.00205674,0.0003972,334.3335,339.668,6715.1377,spacetrack,2026-09-09 23:35:50.840000+00:00,334.47318,6715.178,0.0012503,24.348808333333334,-0.13767901714560143,-0.039722683211061836,300-350,storm_recovery,8.796557805532577
100005,2026-09-11 22:46:24.287000+00:00,0.0015977,15.776359,0.00275855,0.0003469,334.81146,339.47052,6715.278,spacetrack,2026-09-10 23:56:46.550000+00:00,334.3335,6715.1377,0.0011987,22.827149166666665,0.5025174153919528,0.14750856427212322,300-350,storm_recovery,8.063149865029747
100005,2026-09-12 23:07:20.215000+00:00,0.0014402,15.77601,0.00247441,0.0003749,334.72235,339.75754,6715.377,spacetrack,2026-09-11 22:46:24.287000+00:00,334.81146,6715.278,0.0015977,24.348868888888887,-0.08783323815818189,0.09758153493068752,300-350,storm_recovery,7.354560789088903
100005,2026-09-13 23:28:16.225000+00:00,0.00082657,15.776298,0.00140311,0.0003189,335.01666,339.29968,6715.2954,spacetrack,2026-09-12 23:07:20.215000+00:00,334.72235,6715.377,0.0014402,24.348891666666667,0.2900928755484038,-0.08043076567183007,300-350,storm_recovery,5.993061000609085
100006,2026-09-08 23:02:29.073000+00:00,0.0015907,15.777187,0.00275641,0.0003248,334.72488,339.08698,6715.043,spacetrack,2026-09-07 22:41:31.201000+00:00,334.29984,6715.2275,0.0019596,24.349408888888888,0.4189407655252818,-0.18185246386115528,300-350,storm_main,29.465895122345657
100006,2026-09-09 23:23:25.201000+00:00,0.0020496,15.7775,0.00359237,0.0003619,334.387,339.24728,6714.954,spacetrack,2026-09-08 23:02:29.073000+00:00,334.72488,6715.043,0.0015907,24.348924444444442,-0.3330381191375307,-0.0877246140737014,300-350,storm_recovery,11.625271846367662
100006,2026-09-10 23:44:21.058000+00:00,0.0010655,15.775798,0.00181404,0.0003355,335.04703,339.5531,6715.437,spacetrack,2026-09-09 23:23:25.201000+00:00,334.387,6714.954,0.0020496,24.348849166666668,0.650573663320644,0.4760799954304831,300-350,storm_recovery,8.796563177746354
100006,2026-09-11 22:33:58.553000+00:00,0.0016377,15.778023,0.00285174,0.0003321,334.4388,338.89877,6714.8057,spacetrack,2026-09-10 23:44:21.058000+00:00,335.04703,6715.437,0.0010655,22.827081944444444,-0.6394825249905621,-0.6637379248418424,300-350,storm_recovery,8.108511642999096
100006,2026-09-12 22:54:54.387000+00:00,0.0012862,15.7763605,0.00220596,0.0003367,334.8795,339.40155,6715.2773,spacetrack,2026-09-11 22:33:58.553000+00:00,334.4388,6714.8057,0.0016377,24.34884277777778,0.4343861470760674,0.464843446700733,300-350,storm_recovery,7.3800869546230095
100006,2026-09-13 08:02:46.136000+00:00,0.00065192,15.7756605,0.001099,0.0002623,335.57758,339.10052,6715.476,spacetrack,2026-09-12 22:54:54.387000+00:00,334.8795,6715.2773,0.0012862,9.13104138888889,1.834831240649847,0.5222624448730376,300-350,storm_recovery,9.929055007082221
100007,2026-09-08 22:39:54.581000+00:00,0.0015927,15.775894,0.00274346,0.0002232,335.77383,338.7716,6715.4097,spacetrack,2026-09-07 23:50:15.535000+00:00,334.62766,6715.427,0.0019222,22.827512777777777,1.2050406133943024,-0.01818857814385873,300-350,storm_main,29.57714543193894
100007,2026-09-09 23:00:50.640000+00:00,0.0014875,15.776255,0.00256083,0.0003062,335.11426,339.2267,6715.3076,spacetrack,2026-09-08 22:39:54.581000+00:00,335.77383,6715.4097,0.0015927,24.348905277777774,-0.6501187556241577,-0.10063696794770949,300-350,storm_recovery,11.671628597858822
100007,2026-09-10 23:21:46.591000+00:00,0.0013959,15.77692,0.0024058,0.0003445,334.6682,339.29495,6715.1187,spacetrack,2026-09-09 23:00:50.640000+00:00,335.11426,6715.3076,0.0014875,24.34887527777778,-0.43966876818208284,-0.18619340516890778,300-350,storm_recovery,8.796566613030073
100007,2026-09-11 08:29:37.878000+00:00,0.0012479,15.776254,0.00213736,0.0003323,334.93936,339.40234,6715.3076,spacetrack,2026-09-10 23:21:46.591000+00:00,334.6682,6715.1187,0.0013959,9.130913055555554,0.7127260943570837,0.4965111344745622,300-350,storm_recovery,9.047049967955315
100007,2026-09-12 22:32:20.097000+00:00,0.0014005,15.776034,0.00240438,0.0003831,334.6603,339.80563,6715.37,spacetrack,2026-09-11 08:29:37.878000+00:00,334.93936,6715.3076,0.0012479,38.04506083333334,-0.17603967120305877,0.039363848215561714,300-350,storm_recovery,7.4961776137695315
100007,2026-09-13 22:53:16.294000+00:00,0.0014529,15.775912,0.00249567,0.0003185,335.12866,339.40637,6715.4043,spacetrack,2026-09-12 22:32:20.097000+00:00,334.6603,6715.37,0.0014005,24.34894361111111,0.4616479539946455,0.033808448249497455,300-350,storm_recovery,6.017013195313504
100008,2026-09-08 23:48:23.229000+00:00,0.0017302,15.777032,0.00300529,0.0003763,334.42307,339.47684,6715.087,spacetrack,2026-09-07 23:27:26.495000+00:00,334.19202,6715.351,0.0012704,24.349092777777777,0.22773743771925664,-0.2602150337922938,300-350,storm_main,28.931725827247913
100008,2026-09-09 08:56:14.538000+00:00,0.0013332,15.776373,0.00228946,0.000438,334.19568,340.07825,6715.274,spacetrack,2026-09-08 23:48:23.229000+00:00,334.42307,6715.087,0.0017302,9.130919166666667,-0.5976791493153256,0.4915167813971509,300-350,storm_recovery,8.798627611696267
100008,2026-09-10 22:58:56.932000+00:00,0.0015424,15.776306,0.00265933,0.0003754,334.63483,339.67667,6715.293,spacetrack,2026-09-09 08:56:14.538000+00:00,334.19568,6715.274,0.0013332,38.04510944444444,0.2770290361601266,0.011985771802014034,300-350,storm_recovery,10.417986283154482
100008,2026-09-11 21:48:34.575000+00:00,0.0013023,15.77673,0.00223827,0.0003784,334.4946,339.57663,6715.173,spacetrack,2026-09-10 22:58:56.932000+00:00,334.63483,6715.293,0.0015424,22.827123055555553,-0.14743513634240732,-0.12616570178327663,300-350,storm_recovery,8.274255821622921
100008,2026-09-12 23:40:49.051000+00:00,0.001329,15.775974,0.00227736,0.0003294,335.0379,339.462,6715.3867,spacetrack,2026-09-11 21:48:34.575000+00:00,334.4946,6715.173,0.0013023,25.870687777777775,0.5040144317771108,0.19824753188090227,300-350,storm_recovery,7.268996488475438
100009,2026-09-08 23:45:36.045000+00:00,0.0020158,15.775609,0.00350005,0.000394,334.70792,339.99973,6715.4907,spacetrack,2026-09-07 23:24:38.801000+00:00,334.76898,6715.508,0.0015885,24.349234444444445,-0.06018423303383573,-0.017051870806692952,300-350,storm_main,28.964166874787892
100009,2026-09-09 08:53:27.251000+00:00,0.0016454,15.7766075,0.00284734,0.0003965,334.40775,339.73288,6715.2075,spacetrack,2026-09-08 23:45:36.045000+00:00,334.70792,6715.4907,0.0020158,9.130890555555554,-0.7889789014737786,-0.7443742709040605,300-350,storm_recovery,8.829143171686491
100009,2026-09-10 21:24:51.191000+00:00,0.0012084,15.775933,0.00206573,0.0004869,333.992,340.53146,6715.399,spacetrack,2026-09-09 08:53:27.251000+00:00,334.40775,6715.2075,0.0016454,36.523316666666666,-0.27319534233610765,0.12583742166527584,300-350,storm_recovery,10.348252668728973
100009,2026-09-11 21:45:47.215000+00:00,0.0019456,15.777124,0.00339666,0.0003764,334.39627,339.45135,6715.061,spacetrack,2026-09-10 21:24:51.191000+00:00,333.992,6715.399,0.0012084,24.348895555555558,0.39847721133232916,-0.33315679479206073,300-350,storm_recovery,8.516656117096984
100009,2026-09-12 22:06:43.126000+00:00,0.0013347,15.77697,0.00229768,0.0002967,334.97507,338.9598,6715.1045,spacetrack,2026-09-11 21:45:47.215000+00:00,334.39627,6715.061,0.0019456,24.348864166666665,0.5705071047633068,0.0428767433614199,300-350,storm_recovery,7.479039251557149
100009,2026-09-13 22:27:39.361000+00:00,0.0022112,15.777771,0.00389448,0.0004081,333.99982,339.4805,6714.877,spacetrack,2026-09-12 22:06:43.126000+00:00,334.97507,6715.1045,0.0013347,24.348954166666665,-0.9612733195761995,-0.2242396105650312,300-350,storm_recovery,6.034545962417848
100010,2026-09-08 10:55:03.232000+00:00,0.001508,15.77568,0.0025903,0.0001321,336.4466,338.22083,6715.4707,spacetrack,2026-09-07 09:02:48.402000+00:00,334.5247,6715.29,0.0011017,25.870786111111112,1.782922242946054,0.1676330970914997,300-350,storm_main,28.994057003164123
100010,2026-09-09 23:26:27.816000+00:00,0.0011702,15.776309,0.00200144,0.0003281,334.9517,339.35825,6715.292,spacetrack,2026-09-08 10:55:03.232000+00:00,336.4466,6715.4707,0.001508,36.523495555555556,-0.9823156150381679,-0.11742578126082913,300-350,storm_recovery,15.796151189861163
100010,2026-09-10 07:02:59.851000+00:00,0.0012007,15.776543,0.00205727,0.0003761,334.56326,339.61447,6715.226,spacetrack,2026-09-09 23:26:27.816000+00:00,334.9517,6715.292,0.0011702,7.608898611111111,-1.2252180606515815,-0.2081773040981295,300-350,storm_recovery,11.310045602672455
100010,2026-09-11 22:37:01.105000+00:00,0.0010643,15.776262,0.00181595,0.0003508,334.81253,339.524,6715.305,spacetrack,2026-09-10 07:02:59.851000+00:00,334.56326,6715.226,0.0012007,39.567015,0.15119866889122704,0.047918701979797876,300-350,storm_recovery,7.909848771761024
100010,2026-09-12 22:57:56.917000+00:00,0.0014799,15.7771635,0.00255816,0.0003724,334.4118,339.41318,6715.0493,spacetrack,2026-09-11 22:37:01.105000+00:00,334.81253,6715.305,0.0010643,24.348836666666667,-0.3949888913241253,-0.2520366818352351,300-350,storm_recovery,7.373840002759885
100010,2026-09-13 23:18:53.548000+00:00,0.0013008,15.775448,0.00222309,0.0004893,334.11346,340.68527,6715.536,spacetrack,2026-09-12 22:57:56.917000+00:00,334.4118,6715.0493,0.0014799,24.349064166666665,-0.2940630469816319,0.4797227490985031,300-350,storm_recovery,5.9994659844958
100011,2026-09-08 23:11:52.350000+00:00,0.0015572,15.77586,0.00268072,0.0004623,334.178,340.3871,6715.4194,spacetrack,2026-09-07 22:50:55.278000+00:00,334.1581,6714.645,0.0020857,24.349186666666668,0.01961461820217537,0.763294489233479,300-350,storm_main,29.356631419310926
100011,2026-09-09 23:32:48.358000+00:00,0.0011629,15.77615,0.0019872,0.0003261,335.0104,339.39014,6715.3374,spacetrack,2026-09-08 23:11:52.350000+00:00,334.178,6715.4194,0.0015572,24.34889111111111,0.8204726822604174,-0.08082503597414951,300-350,storm_recovery,11.605993350735297
100011,2026-09-10 07:09:20.569000+00:00,0.0012387,15.776411,0.00212287,0.0003429,334.82355,339.42886,6715.263,spacetrack,2026-09-09 23:32:48.358000+00:00,335.0104,6715.3374,0.0011629,7.6089475,-0.5893587779387127,-0.23467108953112936,300-350,storm_recovery,11.240556193145562
100011,2026-09-11 22:43:21.683000+00:00,0.0015438,15.775923,0.0026571,0.0003507,334.90955,339.61972,6715.402,spacetrack,2026-09-10 07:09:20.569000+00:00,334.82355,6715.263,0.0012387,39.56697611111111,0.05216471418498665,0.08431273571765724,300-350,storm_recovery,7.909849666017075
100011,2026-09-12 23:04:17.492000+00:00,0.0012505,15.776897,0.00214843,0.0003749,334.47055,339.50555,6715.125,spacetrack,2026-09-11 22:43:21.683000+00:00,334.90955,6715.402,0.0015438,24.348835833333332,-0.4327106261719842,-0.27303153405387853,300-350,storm_recovery,7.360814923287058
100011,2026-09-13 23:25:13.655000+00:00,0.00096692,15.77629,0.00164655,0.0003763,334.63354,339.6875,6715.2974,spacetrack,2026-09-12 23:04:17.492000+00:00,334.47055,6715.125,0.0012505,24.348934166666666,0.1606542599862398,0.16992940929929612,300-350,storm_recovery,5.995140318884366
100012,2026-09-08 23:20:29.397000+00:00,0.0022373,15.777537,0.00393826,0.0003626,334.37155,339.2412,6714.9434,spacetrack,2026-09-07 22:59:32.685000+00:00,334.49774,6715.1475,0.0014054,24.349086666666665,-0.12438084604406234,-0.2011738701765769,300-350,storm_main,29.256345309871996
100012,2026-09-09 23:41:25.832000+00:00,0.0012719,15.776208,0.00217925,0.0003423,334.88516,339.48248,6715.321,spacetrack,2026-09-08 23:20:29.397000+00:00,334.37155,6714.9434,0.0022373,24.34900972222222,0.5062481037472895,0.3721876209086407,300-350,storm_recovery,11.588299581200172
100012,2026-09-10 22:31:02.618000+00:00,0.0012655,15.776939,0.00217498,0.0002796,335.0986,338.8537,6715.1133,spacetrack,2026-09-09 23:41:25.832000+00:00,334.88516,6715.321,0.0012719,22.826884999999997,0.2244090685172241,-0.21837407951187204,300-350,storm_recovery,8.582976608503525
100012,2026-09-11 22:51:59.061000+00:00,0.0011835,15.775938,0.0020215,0.0003606,334.83865,339.6818,6715.3975,spacetrack,2026-09-10 22:31:02.618000+00:00,335.0986,6715.1133,0.0012655,24.349011944444445,-0.25622394921957187,0.28012635648476836,300-350,storm_recovery,8.290115205792688
100012,2026-09-12 23:12:54.958000+00:00,0.0011272,15.776107,0.00192435,0.0003214,335.0541,339.37076,6715.3496,spacetrack,2026-09-11 22:51:59.061000+00:00,334.83865,6715.3975,0.0011835,24.348860277777778,0.2123631225860687,-0.04721370885111832,300-350,storm_recovery,7.3431044234251575
100012,2026-09-13 22:02:32.711000+00:00,0.0011936,15.776082,0.00204079,0.0004072,334.48505,339.95404,6715.3564,spacetrack,2026-09-12 23:12:54.958000+00:00,335.0541,6715.3496,0.0011272,22.82715361111111,-0.5982874708195096,0.007149380197943367,300-350,storm_recovery,6.1885155341251545
100013,2026-09-08 23:37:29.035000+00:00,0.0018083,15.77561,0.00312567,0.0003616,334.92508,339.78174,6715.49,spacetrack,2026-09-07 23:16:32.134000+00:00,332.9169,6714.8325,0.0014515,24.349139166666667,1.9793849659366627,0.6480721922845918,300-350,storm_main,29.0586047184123
100013,2026-09-09 08:45:20.100000+00:00,0.0012237,15.776296,0.00209552,0.0003879,334.554,339.7637,6715.296,spacetrack,2026-09-08 23:37:29.035000+00:00,334.92508,6715.49,0.0018083,9.130851388888889,-0.9753657814251087,-0.5099195903740038,300-350,storm_recovery,8.918037033482182
100013,2026-09-10 22:48:02.446000+00:00,0.0012726,15.776806,0.00218646,0.0003371,334.75034,339.2777,6715.151,spacetrack,2026-09-09 08:45:20.100000+00:00,334.554,6715.296,0.0012237,38.04509611111111,0.12385722423301498,-0.09147039581256676,300-350,storm_recovery,10.403651029750907
100013,2026-09-11 15:32:26.929000+00:00,0.0012724,15.776115,0.00217893,0.0001985,335.87692,338.5429,6715.3467,spacetrack,2026-09-10 22:48:02.446000+00:00,334.75034,6715.151,0.0012726,16.740134166666667,1.615155513737654,0.28057122799873035,300-350,storm_recovery,9.476431117811133
100013,2026-09-12 20:27:17.735000+00:00,0.001248,15.776644,0.00214138,0.0003406,334.7729,339.3473,6715.1973,spacetrack,2026-09-11 15:32:26.929000+00:00,335.87692,6715.3467,0.0012724,28.914112777777778,-0.9163857180623547,-0.12400864683496515,300-350,storm_recovery,7.179014119652412
100013,2026-09-13 22:19:32.404000+00:00,0.0017333,15.775933,0.00299581,0.0003862,334.66818,339.85516,6715.3984,spacetrack,2026-09-12 20:27:17.735000+00:00,334.7729,6715.1973,0.001248,25.870741388888888,-0.09714758314112656,0.18655824073438607,300-350,storm_recovery,5.9200969726966015
100014,2026-09-08 22:37:07.101000+00:00,0.0022163,15.777788,0.00390397,0.0003255,334.5497,338.92108,6714.8726,spacetrack,2026-09-07 23:47:30.406000+00:00,334.69437,6715.5693,0.0014672,22.826859722222224,-0.15210502198952702,-0.7325054871096508,300-350,storm_main,29.61172292217398
100014,2026-09-09 22:58:03.642000+00:00,0.0012016,15.775609,0.00205025,0.0003677,334.88443,339.823,6715.4907,spacetrack,2026-09-08 22:37:07.101000+00:00,334.5497,6714.8726,0.0022163,24.349039166666667,0.32993170469734945,0.6092396459044787,300-350,storm_recovery,11.677362320285944
100014,2026-09-10 15:42:26.256000+00:00,0.0017016,15.776877,0.00295133,0.0002968,335.00067,338.9868,6715.131,spacetrack,2026-09-09 22:58:03.642000+00:00,334.88443,6715.4907,0.0012016,16.739615,0.16665616264174027,-0.515710785463071,300-350,storm_recovery,9.732859845741176
100014,2026-09-11 22:08:36.639000+00:00,0.00079931,15.776137,0.0013551,0.0003453,334.88492,339.52252,6715.341,spacetrack,2026-09-10 15:42:26.256000+00:00,335.00067,6715.131,0.0017016,30.4362175,-0.09127283966872009,0.1655921929195332,300-350,storm_recovery,7.83501133695955
100014,2026-09-12 22:29:32.659000+00:00,0.00077509,15.776109,0.00131322,0.000374,334.7004,339.72348,6715.349,spacetrack,2026-09-11 22:08:36.639000+00:00,334.88492,6715.341,0.00079931,24.348894444444447,-0.18187601946793575,0.007885368283703221,300-350,storm_recovery,7.432166815239844
100014,2026-09-13 22:50:28.915000+00:00,0.0016672,15.775919,0.00287719,0.0003686,334.79044,339.74103,6715.403,spacetrack,2026-09-12 22:29:32.659000+00:00,334.7004,6715.349,0.00077509,24.348959999999998,0.08874958109092564,0.053226092613487215,300-350,storm_recovery,6.018921330612159
100015,2026-09-08 22:42:42.342000+00:00,0.001652,15.777968,0.0028777,0.0004978,333.34167,340.02695,6714.8213,spacetrack,2026-09-07 22:21:44.387000+00:00,335.18716,6715.2476,0.001193,24.349431944444444,-1.819005884862345,-0.4201822869357056,300-350,storm_main,29.696046936071003
100015,2026-09-09 23:03:38.246000+00:00,0.00093871,15.7761965,0.00159675,0.0003471,334.85617,339.51794,6715.324,spacetrack,2026-09-08 22:42:42.342000+00:00,333.34167,6714.8213,0.001652,24.34886222222222,1.4928007587486616,0.49549748525781423,300-350,storm_recovery,11.665886441602382
100015,2026-09-10 23:24:33.934000+00:00,0.0019729,15.777489,0.00345209,0.0003843,334.2397,339.40082,6714.957,spacetrack,2026-09-09 23:03:38.246000+00:00,334.85617,6715.324,0.00093871,24.348802222222222,-0.6076389246981821,-0.3617426401346341,300-350,storm_recovery,8.796557001526246
100015,2026-09-11 20:42:53.076000+00:00,0.0011897,15.775781,0.00203087,0.0003208,335.1506,339.45923,6715.442,spacetrack,2026-09-10 23:24:33.934000+00:00,334.2397,6714.957,0.0019729,21.305317222222225,1.0261100443600446,0.5463424871163709,300-350,storm_recovery,8.305244092561034
100015,2026-09-12 22:35:07.231000+00:00,0.0019216,15.776815,0.00334818,0.0003576,334.6099,339.41257,6715.1484,spacetrack,2026-09-11 20:42:53.076000+00:00,335.1506,6715.442,0.0011897,25.87059861111111,-0.5016041644443043,-0.2723709685238177,300-350,storm_recovery,7.362890874996396
100015,2026-09-13 22:56:03.608000+00:00,0.0016806,15.776049,0.0029028,0.0003632,334.7898,339.66785,6715.3657,spacetrack,2026-09-12 22:35:07.231000+00:00,334.6099,6715.1484,0.0019216,24.34899361111111,0.1773214971000086,0.21418544369021353,300-350,storm_recovery,6.015100304681769
100016,2026-09-08 08:38:04.986000+00:00,0.0023548,15.777207,0.00414956,0.0003704,334.41296,339.38745,6715.037,spacetrack,2026-09-07 23:30:14.039000+00:00,334.16937,6715.3486,0.0019006,9.130818611111112,0.6402667985196336,-0.8190284265311818,300-350,storm_main,34.974048055262905
100016,2026-09-09 08:59:02.800000+00:00,0.001232,15.775839,0.00210533,0.0002398,335.67807,338.8988,6715.4253,spacetrack,2026-09-08 08:38:04.986000+00:00,334.41296,6715.037,0.0023548,24.349392777777776,1.2469567630331209,0.3827282300237026,300-350,storm_recovery,19.071954863031376
100016,2026-09-10 23:01:44.432000+00:00,0.0012144,15.77615,0.00207796,0.0004245,334.3496,340.0509,6715.3374,spacetrack,2026-09-09 08:59:02.800000+00:00,335.67807,6715.4253,0.001232,38.044897777777784,-0.8380435186403035,-0.055450273839902045,300-350,storm_recovery,10.421663082986628
100016,2026-09-11 21:51:21.904000+00:00,0.0012134,15.776617,0.00208028,0.0003399,334.7851,339.3501,6715.2046,spacetrack,2026-09-10 23:01:44.432000+00:00,334.3496,6715.3374,0.0012144,22.827075555555552,0.4578773121665166,-0.13962366717763336,300-350,storm_recovery,8.264067115620204
100016,2026-09-12 14:35:51.528000+00:00,0.0013714,15.7738085,0.00232907,0.0003245,335.6853,340.04398,6716.0015,spacetrack,2026-09-11 21:51:21.904000+00:00,334.7851,6715.2046,0.0012134,16.741562222222225,1.2904888870718456,1.1424023484869261,300-350,storm_recovery,8.79194746594072
100017,2026-09-08 09:12:19.292000+00:00,0.0016833,15.776616,0.00291524,0.000388,334.46228,339.67328,6715.2046,spacetrack,2026-09-07 22:33:09.200000+00:00,333.96808,6714.646,0.0019685,10.652803333333333,1.1133970682522225,1.2584856380533755,300-350,storm_main,35.09777614092816
100017,2026-09-09 23:15:02.685000+00:00,0.0010782,15.776235,0.0018401,0.0003773,334.64233,339.70972,6715.313,spacetrack,2026-09-08 09:12:19.292000+00:00,334.46228,6715.2046,0.0016833,38.045386944444445,0.11358013013009619,0.06838148351075395,300-350,storm_recovery,16.544383330223138
100017,2026-09-10 23:35:58.591000+00:00,0.0014594,15.7770405,0.0025203,0.000371,334.45627,339.43884,6715.0845,spacetrack,2026-09-09 23:15:02.685000+00:00,334.64233,6715.313,0.0010782,24.34886277777778,-0.18339419137370844,-0.22522612452393637,300-350,storm_recovery,8.796564968480276
100017,2026-09-12 22:46:32.152000+00:00,0.00097959,15.776286,0.00166862,0.0003983,334.4869,339.83633,6715.299,spacetrack,2026-09-10 23:35:58.591000+00:00,334.45627,6715.0845,0.0014594,47.17598916666666,0.015582503154354345,0.10912330808398804,300-350,storm_recovery,7.756214426899993
100017,2026-09-13 23:07:28.405000+00:00,0.0021864,15.777806,0.00384951,0.0004386,333.78497,339.67526,6714.867,spacetrack,2026-09-12 22:46:32.152000+00:00,334.4869,6715.299,0.00097959,24.348959166666667,-0.6918702308664777,-0.4258087554801341,300-350,storm_recovery,6.007290854652434
100018,2026-09-08 09:03:41.977000+00:00,0.0014355,15.7762985,0.00246903,0.000296,335.17026,339.1457,6715.295,spacetrack,2026-09-07 23:55:50.435000+00:00,334.9944,6715.47,0.0016953,9.13098388888889,0.4622327726517974,-0.4599723371667722,300-350,storm_main,35.614068363449455
100018,2026-09-09 23:06:25.647000+00:00,0.0018381,15.776551,0.00319284,0.0003106,335.00055,339.17206,6715.223,spacetrack,2026-09-08 09:03:41.977000+00:00,335.17026,6715.295,0.0014355,38.04546388888889,-0.1070571780093275,-0.045419343684424185,300-350,storm_recovery,16.61991460947272
100018,2026-09-10 23:27:21.331000+00:00,0.0016014,15.777117,0.00277485,0.0003726,334.4237,339.4278,6715.063,spacetrack,2026-09-09 23:06:25.647000+00:00,335.00055,6715.223,0.0018381,24.348801111111108,-0.5685865163062123,-0.15770797019834365,300-350,storm_recovery,8.796556855343232
100018,2026-09-11 08:35:12.609000+00:00,0.001426,15.776437,0.0024542,0.0004195,334.3018,339.93588,6715.256,spacetrack,2026-09-10 23:27:21.331000+00:00,334.4237,6715.063,0.0016014,9.130910555555555,-0.3204061612693755,0.5072878517232653,300-350,storm_recovery,8.985950652724851
100018,2026-09-12 22:37:55.027000+00:00,0.001551,15.77633,0.00267489,0.0003499,334.79956,339.4989,6715.286,spacetrack,2026-09-11 08:35:12.609000+00:00,334.3018,6715.256,0.001426,38.04511611111111,0.31400193299739715,0.018924899529577502,300-350,storm_recovery,7.491284609183812
100018,2026-09-13 22:58:51.084000+00:00,0.0018562,15.777442,0.00323903,0.0003806,334.2779,339.3893,6714.9707,spacetrack,2026-09-12 22:37:55.027000+00:00,334.79956,6715.286,0.001551,24.348904722222223,-0.5141849353319617,-0.31078194630654965,300-350,storm_recovery,6.013197057221044
100019,2026-09-08 09:09:32.048000+00:00,0.0016629,15.77643,0.00287604,0.0003123,335.02338,339.21774,6715.2573,spacetrack,2026-09-07 22:30:21.876000+00:00,335.3972,6715.203,0.0017258,10.652825555555555,-0.8421878264327476,0.12233374077126413,300-350,storm_main,35.09776967884264
100019,2026-09-09 23:12:15.598000+00:00,0.0012002,15.776316,0.00205426,0.0003482,334.81485,339.4914,6715.29,spacetrack,2026-09-08 09:09:32.048000+00:00,335.02338,6715.2573,0.0016629,38.045430555555555,-0.13154588939903838,0.02062796999623896,300-350,storm_recovery,16.568799801114967
100019,2026-09-10 23:33:11.297000+00:00,0.0019727,15.777464,0.00345141,0.0003911,334.20123,339.45367,6714.9644,spacetrack,2026-09-09 23:12:15.598000+00:00,334.81485,6715.29,0.0012002,24.348805277777775,-0.6048296757065086,-0.32093566443421506,300-350,storm_recovery,8.796557403529462
100019,2026-09-11 14:46:16.587000+00:00,0.0014364,15.776211,0.00246977,0.0003545,334.80228,339.56345,6715.32,spacetrack,2026-09-10 23:33:11.297000+00:00,334.20123,6714.9644,0.0019727,15.21813611111111,0.9478953200758604,0.5608045517325647,300-350,storm_recovery,9.482357746030003
100019,2026-09-12 22:43:45.034000+00:00,0.0010931,15.776675,0.00186963,0.0003475,334.71747,339.38452,6715.188,spacetrack,2026-09-11 14:46:16.587000+00:00,334.80228,6715.32,0.0014364,31.957901944444444,-0.06369128998325713,-0.09913041242500262,300-350,storm_recovery,6.945863884629404
100019,2026-09-13 23:04:41.064000+00:00,0.0020434,15.7776785,0.00358398,0.0003622,334.3342,339.1985,6714.9033,spacetrack,2026-09-12 22:43:45.034000+00:00,334.71747,6715.188,0.0010931,24.34889722222222,-0.37777809467298973,-0.2806205117892469,300-350,storm_recovery,6.009205025598353
100020,2026-09-08 22:28:29.651000+00:00,0.0014171,15.777211,0.00244645,0.0002582,335.1653,338.63297,6715.036,spacetrack,2026-09-07 22:07:33.071000+00:00,335.14813,6715.1484,0.0013045,24.349050000000002,0.016923863559379717,-0.11078871660288639,300-350,storm_main,29.861380548955943
100020,2026-09-09 22:49:25.857000+00:00,0.0019262,15.777314,0.00336386,0.0002747,335.02515,338.7144,6715.007,spacetrack,2026-09-08 22:28:29.651000+00:00,335.1653,6715.036,0.0014171,24.34894611111111,-0.13814150249670262,-0.028584399375430142,300-350,storm_recovery,11.695070614851844
100020,2026-09-10 23:10:21.685000+00:00,0.0011157,15.776571,0.00190865,0.0004111,334.31998,339.84125,6715.218,spacetrack,2026-09-09 22:49:25.857000+00:00,335.02515,6715.007,0.0019262,24.34884111111111,-0.6950671665550958,0.20797704403660128,300-350,storm_recovery,8.796562117923294
100020,2026-09-11 21:59:59.561000+00:00,0.0013147,15.777532,0.00226834,0.000362,334.37723,339.23886,6714.945,spacetrack,2026-09-10 23:10:21.685000+00:00,334.31998,6715.218,0.0011157,22.82718777777778,0.06019138289727643,-0.28702615774605733,300-350,storm_recovery,8.232589352881304
100020,2026-09-12 22:20:53.732000+00:00,0.0015044,15.776339,0.0025923,0.0004179,334.34042,339.95306,6715.2837,spacetrack,2026-09-11 21:59:59.561000+00:00,334.37723,6714.945,0.0013147,24.348380833333334,-0.03628331616986294,0.33385382197067526,300-350,storm_recovery,7.449936421165856
100020,2026-09-13 22:41:51.345000+00:00,0.0017107,15.776048,0.00295696,0.0004155,334.43893,340.01938,6715.366,spacetrack,2026-09-12 22:20:53.732000+00:00,334.34042,6715.2837,0.0015044,24.349336944444445,0.09709668913757494,0.08111925201525583,300-350,storm_recovery,6.024794526403542
100021,2026-09-08 23:34:41.373000+00:00,0.0010797,15.775795,0.00183901,0.0004131,334.52682,340.07513,6715.438,spacetrack,2026-09-07 04:58:03.311000+00:00,335.0424,6715.34,0.0014157,42.610572777777776,-0.2903955331586914,0.05519756827173102,300-350,storm_main,26.141382529330784
100021,2026-09-10 22:45:15.289000+00:00,0.001559,15.775562,0.00268014,0.0004285,334.4895,340.2447,6715.504,spacetrack,2026-09-08 23:34:41.373000+00:00,334.52682,6715.438,0.0010797,47.176087777777774,-0.01898588972061993,0.033576332303278146,300-350,storm_recovery,10.11907935397309
100021,2026-09-11 23:06:11.102000+00:00,0.0012516,15.775965,0.00214127,0.000358,334.84854,339.65677,6715.3896,spacetrack,2026-09-10 22:45:15.289000+00:00,334.4895,6715.504,0.001559,24.348836944444443,0.35389616430800097,-0.11276103274468362,300-350,storm_recovery,8.241487030643365
100021,2026-09-13 05:34:27.245000+00:00,-0.007849,15.733603,-0.00988901,0.0003847,346.7134,351.8895,6727.4385,spacetrack,2026-09-12 23:28:16.502000+00:00,343.1185,6723.7817,-0.0071749,6.102984166666666,14.136952946925812,14.38037484667937,300-350,storm_recovery,11.097606803738955
100022,2026-09-08 23:42:48.371000+00:00,0.0016805,15.776973,0.00291507,0.0003894,334.35184,339.58154,6715.1035,spacetrack,2026-09-07 21:50:33.338000+00:00,334.80374,6715.3555,0.0015017,25.8708425,-0.4192209820766587,-0.2337766928150079,300-350,storm_main,29.173326743761393
100022,2026-09-09 21:01:08.215000+00:00,0.0011574,15.77707,0.00198691,0.0005479,333.25986,340.61823,6715.076,spacetrack,2026-09-08 23:42:48.371000+00:00,334.35184,6715.1035,0.0016805,21.305512222222223,-1.2300816674411763,-0.030977898729658074,300-350,storm_recovery,11.477116107302642
100022,2026-09-10 22:53:22.129000+00:00,0.0013809,15.776202,0.00237153,0.0003441,334.8745,339.496,6715.3223,spacetrack,2026-09-09 21:01:08.215000+00:00,333.25986,6715.076,0.0011574,25.87053166666667,1.497895771888216,0.228491631952481,300-350,storm_recovery,8.984986586089361
100022,2026-09-11 21:42:59.756000+00:00,0.0013261,15.776706,0.00227988,0.000346,334.71915,339.36603,6715.1797,spacetrack,2026-09-10 22:53:22.129000+00:00,334.8745,6715.3223,0.0013809,22.82711861111111,-0.16333204656785566,-0.14992693814353134,300-350,storm_recovery,8.294626760152127
100022,2026-09-12 23:35:14.088000+00:00,0.0013099,15.776092,0.00224496,0.00032,335.06787,339.36572,6715.354,spacetrack,2026-09-11 21:42:59.756000+00:00,334.71915,6715.1797,0.0013261,25.870647777777776,0.32350484888860576,0.1616967629085539,300-350,storm_recovery,7.2797865775211665
100023,2026-09-08 23:08:34.135000+00:00,0.0013884,15.775652,0.00237874,0.0003261,335.15152,339.53134,6715.4785,spacetrack,2026-09-07 09:05:51.367000+00:00,334.77228,6715.205,0.0016553,38.045213333333336,0.2392353519023389,0.17253155981792617,300-350,storm_main,27.42807531459936
100023,2026-09-09 23:29:30.461000+00:00,0.0017048,15.77645,0.00295132,0.0003102,335.03183,339.19797,6715.252,spacetrack,2026-09-08 23:08:34.135000+00:00,335.15152,6715.4785,0.0013884,24.348979444444446,-0.11797455439781104,-0.22325371017693865,300-350,storm_recovery,11.612778603109602
100023,2026-09-10 23:50:26.138000+00:00,0.0011263,15.776747,0.00192858,0.0003693,334.55106,339.5109,6715.168,spacetrack,2026-09-09 23:29:30.461000+00:00,335.03183,6715.252,0.0017048,24.348799166666666,-0.4738829180453491,-0.0827966909669082,300-350,storm_recovery,8.796556599522926
100023,2026-09-11 22:40:03.832000+00:00,0.0018563,15.777395,0.00323854,0.0003799,334.29572,339.39777,6714.984,spacetrack,2026-09-10 23:50:26.138000+00:00,334.55106,6715.168,0.0011263,22.827137222222223,-0.26845941917035426,-0.19345395600828605,300-350,storm_recovery,8.086296118262943
100023,2026-09-12 23:00:59.992000+00:00,0.0016832,15.775877,0.00290492,0.000318,335.14212,339.41312,6715.4146,spacetrack,2026-09-11 22:40:03.832000+00:00,334.29572,6714.984,0.0018563,24.348933333333335,0.8342706319783635,0.42442927000193525,300-350,storm_recovery,7.367572843711154
100023,2026-09-13 23:21:55.924000+00:00,0.0012901,15.776027,0.00220936,0.0003269,335.0398,339.43033,6715.372,spacetrack,2026-09-12 23:00:59.992000+00:00,335.14212,6715.4146,0.0016832,24.34887,-0.10085396160064594,-0.04198962826588573,300-350,storm_recovery,5.9974013395921695
100024,2026-09-08 21:52:13.498000+00:00,0.0017634,15.776847,0.00306225,0.0002918,335.04306,338.962,6715.1396,spacetrack,2026-09-07 21:31:16.368000+00:00,335.17682,6715.5684,0.0012009,24.34920277777778,-0.1318416881775571,-0.4226503879373257,300-350,storm_main,30.283431524623268
100024,2026-09-09 23:44:28.167000+00:00,0.0014066,15.777136,0.00242736,0.0003495,334.5735,339.2673,6715.0576,spacetrack,2026-09-08 21:52:13.498000+00:00,335.04306,6715.1396,0.0017634,25.870741388888888,-0.43560560675853277,-0.07607049100082072,300-350,storm_recovery,11.783104463494684
100024,2026-09-10 22:34:05.301000+00:00,0.002044,15.777792,0.00358673,0.0002306,335.18573,338.28262,6714.871,spacetrack,2026-09-09 23:44:28.167000+00:00,334.5735,6715.0576,0.0014066,22.82698166666667,0.6436908836464901,-0.19618888144723898,300-350,storm_recovery,8.582991078759209
100024,2026-09-11 22:55:01.696000+00:00,0.0016592,15.776528,0.00287059,0.0003081,335.02374,339.16168,6715.2295,spacetrack,2026-09-10 22:34:05.301000+00:00,335.18573,6714.871,0.002044,24.348998611111114,-0.15966816796424554,0.35336155451092743,300-350,storm_recovery,8.279695508810281
100024,2026-09-12 21:44:39.278000+00:00,0.0019079,15.777538,0.00333399,0.0002636,335.03616,338.57626,6714.9434,spacetrack,2026-09-11 22:55:01.696000+00:00,335.02374,6715.2295,0.0016592,22.82710611111111,0.01305815982760037,-0.30080028395119374,300-350,storm_recovery,7.5593029738937805
100024,2026-09-13 22:05:35.199000+00:00,0.0010192,15.7761545,0.00173665,0.0004445,334.21393,340.18387,6715.336,spacetrack,2026-09-12 21:44:39.278000+00:00,335.03616,6714.9434,0.0019079,24.348866944444445,-0.8104492108410928,0.3869748855871492,300-350,storm_recovery,6.049659611699249
100025,2026-09-08 22:22:39.501000+00:00,0.0017168,15.776576,0.00297451,0.0002331,335.51407,338.6447,6715.2163,spacetrack,2026-09-07 05:17:19.672000+00:00,333.60046,6715.353,0.0014293,41.08884138888889,1.1177399616923602,-0.07984649576630888,300-350,storm_main,26.616545175968255
100025,2026-09-09 22:43:36.127000+00:00,0.0016144,15.777389,0.00280159,0.0003325,334.61603,339.08148,6714.986,spacetrack,2026-09-08 22:22:39.501000+00:00,335.51407,6715.2163,0.0017168,24.349062777777778,-0.885165897213501,-0.22699847014434155,300-350,storm_recovery,11.707055767809269
100025,2026-09-10 23:04:31.767000+00:00,0.0012289,15.776079,0.00210232,0.0003428,334.91833,339.52237,6715.3574,spacetrack,2026-09-09 22:43:36.127000+00:00,334.61603,6714.986,0.0016144,24.34878888888889,0.2979696457638118,0.3660798095821272,300-350,storm_recovery,8.796555247329207
100025,2026-09-11 21:54:09.317000+00:00,0.0018717,15.777191,0.00326337,0.0003744,334.39053,339.41876,6715.0415,spacetrack,2026-09-10 23:04:31.767000+00:00,334.91833,6715.3574,0.0012289,22.82709722222222,-0.5549194396766655,-0.3321315858159017,300-350,storm_recovery,8.253884607170693
100025,2026-09-12 22:15:05.248000+00:00,0.0012763,15.776075,0.00218615,0.0004525,334.1827,340.2601,6715.3584,spacetrack,2026-09-11 21:54:09.317000+00:00,334.39053,6715.0415,0.0018717,24.348869722222222,-0.20485221929820255,0.31235946829408673,300-350,storm_recovery,7.461854155653198
100026,2026-09-08 23:17:42.079000+00:00,0.0018047,15.775498,0.00311736,0.0002775,335.52148,339.2486,6715.522,spacetrack,2026-09-07 22:56:45.560000+00:00,334.77264,6715.111,0.0018582,24.349033055555555,0.7381056963943281,0.4051084894211351,300-350,storm_main,29.288788720893653
100026,2026-09-09 23:38:38.262000+00:00,0.0011534,15.776611,0.00197492,0.0003604,334.649,339.48932,6715.206,spacetrack,2026-09-08 23:17:42.079000+00:00,335.52148,6715.522,0.0018047,24.348939722222223,-0.8599766658787737,-0.31147146801935266,300-350,storm_recovery,11.59402479343642
100026,2026-09-10 07:15:10.619000+00:00,0.0015431,15.776531,0.00266333,0.0003762,334.5658,339.61835,6715.229,spacetrack,2026-09-09 23:38:38.262000+00:00,334.649,6715.206,0.0011534,7.608988055555556,-0.2624264863369728,0.07254578348303303,300-350,storm_recovery,11.176664680589552
100026,2026-09-11 22:49:11.645000+00:00,0.0012175,15.77597,0.00208143,0.0003562,334.85913,339.64316,6715.388,spacetrack,2026-09-10 07:15:10.619000+00:00,334.5658,6715.229,0.0015431,39.56695166666667,0.17792424494328846,0.09644412418069655,300-350,storm_recovery,7.909850228121777
100026,2026-09-12 23:10:07.560000+00:00,0.0010861,15.77597,0.00185153,0.0003665,334.78986,339.71225,6715.388,spacetrack,2026-09-11 22:49:11.645000+00:00,334.85913,6715.388,0.0012175,24.348865277777776,-0.06827751441533057,0.0,300-350,storm_recovery,7.348833504276352
100026,2026-09-13 06:46:40.430000+00:00,0.00076293,15.775836,0.00129055,0.0003198,335.14166,339.43683,6715.4263,spacetrack,2026-09-12 23:10:07.560000+00:00,334.78986,6715.388,0.0010861,7.609130555555555,1.1096142901420047,0.1208022379551351,300-350,storm_recovery,10.614907090786764
100027,2026-09-08 23:26:19.272000+00:00,0.0016787,15.776942,0.00291148,0.0003846,334.39273,339.558,6715.1123,spacetrack,2026-09-07 23:05:22.889000+00:00,335.62006,6715.445,0.0016576,24.348995277777778,-1.2097386222290791,-0.3279313954808527,300-350,storm_main,29.188480569635185
100027,2026-09-09 23:47:16.486000+00:00,0.0012031,15.776423,0.00206035,0.0003476,334.78824,339.4567,6715.2593,spacetrack,2026-09-08 23:26:19.272000+00:00,334.39273,6715.1123,0.0016787,24.349226111111115,0.3898374411032517,0.14489166858525004,300-350,storm_recovery,11.576329040071931
100027,2026-09-10 22:36:53.290000+00:00,0.0012238,15.7764635,0.00209698,0.0002756,335.26047,338.9619,6715.248,spacetrack,2026-09-09 23:47:16.486000+00:00,334.78824,6715.2593,0.0012031,22.826890000000002,0.4964986469904831,-0.011880724882051993,300-350,storm_recovery,8.582977356968033
100027,2026-09-11 22:57:49.014000+00:00,0.0018213,15.7766,0.00316311,0.0002704,335.25677,338.88837,6715.2095,spacetrack,2026-09-10 22:36:53.290000+00:00,335.26047,6715.248,0.0012238,24.34881222222222,-0.0036469951465843134,-0.037948463011616376,300-350,storm_recovery,8.27012298706243
100027,2026-09-12 08:05:40.191000+00:00,0.00069232,15.775821,0.00116911,0.0002948,335.31393,339.27335,6715.4307,spacetrack,2026-09-11 22:57:49.014000+00:00,335.25677,6715.2095,0.0018213,9.1308825,0.15024177564438568,0.581411490072168,300-350,storm_recovery,8.835088777015805
100083,2026-09-08 21:56:28.560000+00:00,0.00035746,15.966004,0.00153247,0.0019144,271.10486,296.61234,6661.9956,spacetrack,2026-09-07 21:52:17.405000+00:00,271.98624,6662.8486,0.00034189,24.069765277777776,-0.8788253543764428,-0.8505276127018233,250-300,storm_main,30.213462705719273
100083,2026-09-09 22:00:23.988000+00:00,0.00032464,15.968714,0.00141322,0.0019241,270.28824,295.92203,6661.242,spacetrack,2026-09-08 21:56:28.560000+00:00,271.10486,6661.9956,0.00035746,24.06539666666667,-0.81440087073847,-0.7515521248420508,250-300,storm_recovery,11.7580010801124
100083,2026-09-10 20:33:51.668000+00:00,0.00028921,15.971162,0.00127666,0.0019323,269.55408,295.2945,6660.5615,spacetrack,2026-09-09 22:00:23.988000+00:00,270.28824,6661.242,0.00032464,22.557688888888887,-0.7811012948528735,-0.7240103399091558,250-300,storm_recovery,8.696699819524458
100083,2026-09-11 22:07:32.023000+00:00,0.00030261,15.973939,0.00135681,0.0019526,268.6485,294.6563,6659.7896,spacetrack,2026-09-10 20:33:51.668000+00:00,269.55408,6660.5615,0.00028921,25.56120972222222,-0.8502696169776658,-0.7247544306906539,250-300,storm_recovery,8.474619436101936
100083,2026-09-12 20:40:33.197000+00:00,0.00029415,15.976415,0.00133752,0.0019665,267.86923,294.05948,6659.1016,spacetrack,2026-09-11 22:07:32.023000+00:00,268.6485,6659.7896,0.00030261,22.55032611111111,-0.8293662764719283,-0.732228878582229,250-300,storm_recovery,7.708297332581073
100083,2026-09-13 20:43:32.477000+00:00,0.00030133,15.979093,0.00139108,0.0019826,267.01938,293.4211,6658.3574,spacetrack,2026-09-12 20:40:33.197000+00:00,267.86923,6659.1016,0.00029415,24.0498,-0.848090212808426,-0.7426589826111735,250-300,storm_recovery,6.143411749323857
100089,2026-09-08 21:48:51.163000+00:00,0.00033885,15.9667,0.00145687,0.0018601,271.27368,296.05692,6661.8022,spacetrack,2026-09-07 21:44:44.254000+00:00,272.12866,6662.605,0.00031283,24.068585833333334,-0.8525436493066478,-0.8005123414149141,250-300,storm_main,30.303115798395073
100089,2026-09-09 21:52:43.615000+00:00,0.00029575,15.969162,0.00128959,0.0018717,270.51288,295.4481,6661.1177,spacetrack,2026-09-08 21:48:51.163000+00:00,271.27368,6661.8022,0.00033885,24.06457,-0.7587586231543062,-0.6826633511426616,250-300,storm_recovery,11.773831993119622
100089,2026-09-10 21:56:22.630000+00:00,0.00026862,15.971609,0.00118771,0.001881,269.7716,294.82816,6660.437,spacetrack,2026-09-09 21:52:43.615000+00:00,270.51288,6661.1177,0.00029575,24.060837499999998,-0.7394056836134828,-0.6789788593184802,250-300,storm_recovery,8.758217580747138
100089,2026-09-11 21:59:48.601000+00:00,0.000273,15.974009,0.00122336,0.0018928,269.02753,294.23874,6659.77,spacetrack,2026-09-10 21:56:22.630000+00:00,269.7716,6660.437,0.00026862,24.057214166666668,-0.7423004125200211,-0.6654137045580089,250-300,storm_recovery,8.425846839128447
100089,2026-09-12 22:03:01.664000+00:00,0.00026125,15.976379,0.00118674,0.0019097,268.25723,293.69104,6659.1113,spacetrack,2026-09-11 21:59:48.601000+00:00,269.02753,6659.77,0.000273,24.053628611111108,-0.7685825826487018,-0.6572313997031675,250-300,storm_recovery,7.49259151394148
100089,2026-09-13 22:06:01.559000+00:00,0.00027353,15.978864,0.00125999,0.0019267,267.4551,293.11264,6658.421,spacetrack,2026-09-12 22:03:01.664000+00:00,268.25723,6659.1113,0.00026125,24.049970833333333,-0.8004633408252344,-0.6888657002868769,250-300,storm_recovery,6.0748285846269505
100092,2026-09-08 20:46:51.279000+00:00,0.0003256,15.906757,0.00101146,0.0012113,292.30118,308.48056,6678.528,spacetrack,2026-09-07 22:07:56.482000+00:00,292.89264,6679.0664,0.00031884,22.648554722222222,-0.6267525753452061,-0.570526471047116,250-300,storm_main,30.97231922954318
100092,2026-09-09 19:25:36.922000+00:00,0.0002884,15.908393,0.000904,0.0012365,291.67572,308.19058,6678.0703,spacetrack,2026-09-08 20:46:51.279000+00:00,292.30118,6678.528,0.0003256,22.646011944444442,-0.662855783915717,-0.48506553944007647,250-300,storm_recovery,11.688158595694853
100092,2026-09-10 22:35:56.859000+00:00,0.00025253,15.910271,0.00079981,0.0012576,291.00983,307.80518,6677.5444,spacetrack,2026-09-09 19:25:36.922000+00:00,291.67572,6678.0703,0.0002884,27.172204722222222,-0.588151022832893,-0.4645040816173014,250-300,storm_recovery,9.303098181304287
100092,2026-09-11 18:13:17.479000+00:00,0.00047189,15.91187,0.00150394,0.0012758,290.44144,307.47873,6677.097,spacetrack,2026-09-10 22:35:56.859000+00:00,291.00983,6677.5444,0.00025253,19.622394444444442,-0.6951934453576699,-0.5472115052218027,250-300,storm_recovery,9.004841803483604
100092,2026-09-12 22:53:50.880000+00:00,0.00042486,15.913707,0.00136759,0.0013002,289.7655,307.1273,6676.5835,spacetrack,2026-09-11 18:13:17.479000+00:00,290.44144,6677.097,0.00047189,28.675944722222223,-0.5657201587304308,-0.4297678810368931,250-300,storm_recovery,7.033901789208708
100092,2026-09-13 21:32:01.300000+00:00,0.00027508,15.915266,0.00089399,0.0013162,289.22318,306.79745,6676.1475,spacetrack,2026-09-12 22:53:50.880000+00:00,289.7655,6676.5835,0.00042486,22.636227777777776,-0.5749933305043298,-0.46226783467275784,250-300,storm_recovery,6.229448565855962
100102,2026-09-08 14:37:34.123000+00:00,1.5744e-06,15.751784,1.05e-06,8.68e-05,343.53992,344.7069,6722.2603,spacetrack,2026-09-07 18:48:19.172000+00:00,343.70847,6722.2,3.7472e-05,19.82081972222222,-0.20408843108866326,0.0730141346465002,300-350,storm_main,31.786344608379032
100102,2026-09-11 18:51:32.926000+00:00,1.1801e-05,15.751892,1.631e-05,0.0001359,343.1793,345.00638,6722.23,spacetrack,2026-09-10 13:53:26.497000+00:00,342.88245,6722.2524,9.1412e-06,28.9684525,0.24593650627351082,-0.018558119389285515,300-350,storm_recovery,8.126783505071403
100102,2026-09-12 14:40:48.738000+00:00,-5.3326e-07,15.751741,-2.09e-06,0.0002095,342.72733,345.54395,6722.2725,spacetrack,2026-09-11 18:51:32.926000+00:00,343.1793,6722.23,1.1801e-05,19.821058888888892,-0.5472603689241384,0.05146041923033349,300-350,storm_recovery,8.189514569605066
100102,2026-09-13 13:32:59.948000+00:00,6.3209e-06,15.751813,8.13e-06,0.0001631,343.01898,345.2118,6722.2524,spacetrack,2026-09-12 14:40:48.738000+00:00,342.72733,6722.2725,-5.3326e-07,22.869780555555558,0.3060632778262382,-0.021093337508055747,300-350,storm_recovery,6.602096264587875
100103,2026-09-09 23:30:29.387000+00:00,-2.7701e-05,15.751597,-4.254e-05,0.000202,342.81882,345.53464,6722.314,spacetrack,2026-09-08 13:57:55.663000+00:00,343.16782,6722.2817,-1.213e-05,33.542701111111114,-0.24971155340931012,0.023110840043870033,300-350,storm_recovery,14.902133022415107
100103,2026-09-11 13:37:28.507000+00:00,9.2989e-06,15.751789,1.257e-05,0.0001142,343.35437,344.8897,6722.2593,spacetrack,2026-09-10 23:54:09.448000+00:00,343.1924,6722.2515,1.1221e-05,13.721960833333334,0.283288959006278,0.013642365129843924,300-350,storm_recovery,9.4585442811775
100103,2026-09-12 23:10:01.250000+00:00,8.7161e-06,15.751854,1.17e-05,0.0001106,343.3603,344.84726,6722.2407,spacetrack,2026-09-11 13:37:28.507000+00:00,343.35437,6722.2593,9.2989e-06,33.54242861111111,0.004242984360182194,-0.013308517554340041,300-350,storm_recovery,6.977633932506196
100103,2026-09-13 12:53:20.729000+00:00,4.1164e-06,15.751799,4.84e-06,0.0001102,343.37848,344.86008,6722.2563,spacetrack,2026-09-12 23:10:01.250000+00:00,343.3603,6722.2407,8.7161e-06,13.7220775,0.03179693453857155,0.02728449828339254,300-350,storm_recovery,8.0000569439204
100104,2026-09-08 13:32:30.445000+00:00,0.00061957,15.75223,0.00093433,0.0001337,343.09805,344.89554,6722.134,spacetrack,2026-09-07 13:08:50.393000+00:00,343.40588,6721.6777,0.0016242,24.394458888888888,-0.3028523827337528,0.44892161985949597,300-350,storm_main,29.58497331566144
100104,2026-09-09 23:05:04.768000+00:00,0.0011157,15.752549,0.00170127,0.0002519,342.21274,345.5993,6722.043,spacetrack,2026-09-08 13:32:30.445000+00:00,343.09805,6722.134,0.00061957,33.5428675,-0.6334413717014533,-0.06511071243412275,300-350,storm_recovery,15.028426154151019
100104,2026-09-10 23:28:44.755000+00:00,0.0016464,15.752831,0.00253909,0.0001398,342.8858,344.76526,6721.9624,spacetrack,2026-09-09 23:05:04.768000+00:00,342.21274,6722.043,0.0011157,24.39444083333333,0.662177096427967,-0.07929675507628361,300-350,storm_recovery,8.80255019851005
100104,2026-09-11 19:17:58.950000+00:00,0.001009,15.752633,0.00153598,0.0001129,343.123,344.6408,6722.019,spacetrack,2026-09-10 23:28:44.755000+00:00,342.8858,6721.9624,0.0016464,19.820609722222223,0.2872161896017139,0.06853472315104171,300-350,storm_recovery,8.599616883071835
100104,2026-09-12 22:44:37.164000+00:00,0.0015686,15.752808,0.00241531,0.0002046,342.45712,345.20773,6721.969,spacetrack,2026-09-11 19:17:58.950000+00:00,343.123,6722.019,0.001009,27.443948333333335,-0.5823185427218487,-0.04372548677869537,300-350,storm_recovery,7.170097791443882
100104,2026-09-13 23:08:17.663000+00:00,0.00163,15.752957,0.00251437,0.000185,342.54623,345.03333,6721.927,spacetrack,2026-09-12 22:44:37.164000+00:00,342.45712,6721.969,0.0015686,24.394583055555554,0.08766864328566891,-0.0413206488388555,300-350,storm_recovery,6.002975831417218
100105,2026-09-08 14:40:36.727000+00:00,0.0013659,15.751677,0.00208446,9.44e-05,343.51956,344.78873,6722.291,spacetrack,2026-09-07 18:51:22.881000+00:00,343.29007,6722.104,0.00086648,19.82051277777778,0.27788181172462467,0.22643208328239517,300-350,storm_main,31.773623064410575
100105,2026-09-09 13:32:49.408000+00:00,0.0011828,15.751626,0.00179849,0.0001432,343.20584,345.1311,6722.3057,spacetrack,2026-09-08 14:40:36.727000+00:00,343.51956,6722.291,0.0013659,22.870189166666666,-0.3292180902016185,0.015426195097131116,300-350,storm_recovery,15.158317290797319
100105,2026-09-10 13:56:29.561000+00:00,0.001533,15.751642,0.00234667,0.000141,343.21603,345.11172,6722.301,spacetrack,2026-09-09 13:32:49.408000+00:00,343.20584,6722.3057,0.0011828,24.394486944444445,0.01002521596605574,-0.004623995587402368,300-350,storm_recovery,11.515274324334186
100105,2026-09-11 14:20:10.236000+00:00,0.0011622,15.751761,0.00176745,0.000131,343.2494,345.01062,6722.267,spacetrack,2026-09-10 13:56:29.561000+00:00,343.21603,6722.301,0.001533,24.394631944444445,0.032830173532590184,-0.03344998202357708,300-350,storm_recovery,8.508088499661385
100105,2026-09-12 23:52:43.377000+00:00,0.0012501,15.752632,0.00191169,0.0001079,343.15686,344.60748,6722.019,spacetrack,2026-09-11 14:20:10.236000+00:00,343.2494,6722.267,0.0011622,33.542539166666664,-0.06621323415511601,-0.17744631586821247,300-350,storm_recovery,6.871551142508168
100105,2026-09-13 13:36:02.582000+00:00,0.0014284,15.75173,0.00218305,0.0001987,342.80316,345.47458,6722.276,spacetrack,2026-09-12 23:52:43.377000+00:00,343.15686,6722.019,0.0012501,13.72200138888889,-0.6186269596848835,0.4494971123516269,300-350,storm_recovery,8.051939337890154
100106,2026-09-08 14:54:50.384000+00:00,0.0017332,15.751744,0.00266444,5.38e-05,343.77332,344.49664,6722.272,spacetrack,2026-09-07 23:40:02.590000+00:00,343.00995,6721.8857,0.0017579,15.246609444444445,1.2016363419524707,0.6080827369380214,300-350,storm_main,32.253173957036786
100106,2026-09-09 13:47:02.996000+00:00,0.001137,15.751564,0.0017268,0.0001351,343.27795,345.09433,6722.323,spacetrack,2026-09-08 14:54:50.384000+00:00,343.77332,6722.272,0.0017332,22.870169999999998,-0.5198422224233962,0.05351949723195128,300-350,storm_recovery,15.054635992843274
100106,2026-09-10 23:19:35.912000+00:00,0.0016298,15.752859,0.00251289,0.0001294,342.948,344.68762,6721.9546,spacetrack,2026-09-09 13:47:02.996000+00:00,343.27795,6722.323,0.001137,33.542476666666666,-0.23608274602660287,-0.26359413134193194,300-350,storm_recovery,10.211223321513826
100106,2026-09-11 14:34:23.951000+00:00,0.00079775,15.751873,0.00120538,0.0001216,343.2807,344.91556,6722.2354,spacetrack,2026-09-10 23:19:35.912000+00:00,342.948,6721.9546,0.0016298,15.246677499999999,0.523707542184262,0.44201105453887046,300-350,storm_recovery,9.526021051690332
100106,2026-09-12 13:26:35.653000+00:00,0.0014405,15.751895,0.00220366,0.0001374,343.1683,345.01556,6722.229,spacetrack,2026-09-11 14:34:23.951000+00:00,343.2807,6722.2354,0.00079775,22.869917222222224,-0.11795407800513039,-0.0067162464337221645,300-350,storm_recovery,7.824373799535932
100106,2026-09-13 13:50:16.909000+00:00,0.00079104,15.752027,0.0011961,0.0003054,342.00153,346.10745,6722.1914,spacetrack,2026-09-12 13:26:35.653000+00:00,343.1683,6722.229,0.0014405,24.394793333333332,-1.1478875683581518,-0.036991500099348484,300-350,storm_recovery,6.603355501998287
100107,2026-09-08 23:23:34.587000+00:00,0.0018693,15.752749,0.00289416,0.0001943,342.5429,345.15506,6721.986,spacetrack,2026-09-07 13:51:02.109000+00:00,341.14722,6722.283,0.00141,33.542355,0.9986275561152246,-0.21250744022032816,300-350,storm_main,28.05811711789467
100107,2026-09-09 23:47:15.275000+00:00,0.001147,15.752506,0.0017496,0.0002032,342.5523,345.28415,6722.055,spacetrack,2026-09-08 23:23:34.587000+00:00,342.5429,6721.986,0.0018693,24.394635555555553,0.009247934837431524,0.06788377699837461,300-350,storm_recovery,11.582743407794755
100107,2026-09-10 13:30:33.863000+00:00,0.0011083,15.751696,0.00168332,0.000127,343.29507,345.00253,6722.2856,spacetrack,2026-09-09 23:47:15.275000+00:00,342.5523,6722.055,0.001147,13.72183,1.299132841610789,0.40332812751628766,300-350,storm_recovery,9.92096104042488
100107,2026-09-11 13:54:15.170000+00:00,0.0010757,15.751792,0.00163352,0.0002391,342.5139,345.7285,6722.2583,spacetrack,2026-09-10 13:30:33.863000+00:00,343.29507,6722.2856,0.0011083,24.3948075,-0.7685274827440535,-0.026858174633834823,300-350,storm_recovery,8.508092039668687
100107,2026-09-12 20:23:50.456000+00:00,0.0010237,15.752214,0.00155579,0.0001481,343.00552,344.9966,6722.138,spacetrack,2026-09-11 13:54:15.170000+00:00,342.5139,6722.2583,0.0010757,30.493135,0.38693561681999183,-0.09468360665480753,300-350,storm_recovery,7.229544307450039
100107,2026-09-13 14:41:36.075000+00:00,0.0011219,15.75206,0.00170717,0.0001523,343.02115,345.06873,6722.182,spacetrack,2026-09-12 20:23:50.456000+00:00,343.00552,6722.138,0.0010237,18.29600527777778,0.020502836236897873,0.0577175172374632,300-350,storm_recovery,7.09867390755107
100108,2026-09-08 14:28:55.505000+00:00,0.0019047,15.75158,0.0029355,0.0001275,343.32437,345.03857,6722.3184,spacetrack,2026-09-07 23:14:07.705000+00:00,343.02023,6721.972,0.0013801,15.246611111111111,0.4787529469207483,0.5452752706435844,300-350,storm_main,32.53645709975623
100108,2026-09-09 14:52:36.930000+00:00,0.0011457,15.75218,0.00174507,0.0001576,342.9514,345.07022,6722.148,spacetrack,2026-09-08 14:28:55.505000+00:00,343.32437,6722.3184,0.0019047,24.394840277777778,-0.3669333309041707,-0.16764200763079865,300-350,storm_recovery,15.040772226139577
100108,2026-09-10 22:53:41.157000+00:00,0.001644,15.752788,0.00253474,0.0002108,342.42096,345.25494,6721.975,spacetrack,2026-09-09 14:52:36.930000+00:00,342.9514,6722.148,0.0011457,32.01784083333333,-0.39760832300554005,-0.1296777013043302,300-350,storm_recovery,10.126044778836714
100108,2026-09-11 14:08:29.119000+00:00,0.0017784,15.751801,0.00273687,0.0001617,343.0319,345.20584,6722.256,spacetrack,2026-09-10 22:53:41.157000+00:00,342.42096,6721.975,0.001644,15.246656111111111,0.9616902154246937,0.44232649774818744,300-350,storm_recovery,9.610999712468828
100108,2026-09-12 23:41:00.100000+00:00,0.0014217,15.753264,0.00218727,0.000147,342.71445,344.69064,6721.8394,spacetrack,2026-09-11 14:08:29.119000+00:00,343.0319,6722.256,0.0017784,33.541939166666666,-0.227142502469613,-0.2980865223781556,300-350,storm_recovery,6.900634032944213
100108,2026-09-13 14:55:49.416000+00:00,0.0012128,15.751541,0.00184445,0.0001586,343.12637,345.2587,6722.3296,spacetrack,2026-09-12 23:41:00.100000+00:00,342.71445,6721.8394,0.0014217,15.247032222222222,0.6483937238350865,0.7716124573316981,300-350,storm_recovery,7.733867188288519
100109,2026-09-08 15:51:15.887000+00:00,0.0015456,15.752501,0.00237559,0.0001602,342.8427,344.99646,6722.0566,spacetrack,2026-09-07 23:04:58.811000+00:00,342.9195,6721.903,0.0018258,16.77141,-0.10990131420084306,0.21980262840103537,300-350,storm_main,32.535488154477704
100109,2026-09-09 23:52:20.683000+00:00,0.0019091,15.752992,0.00296119,0.0001128,343.02185,344.53833,6721.917,spacetrack,2026-09-08 15:51:15.887000+00:00,342.8427,6722.0566,0.0015456,32.01799888888889,0.13428696824309982,-0.10464114299007984,300-350,storm_recovery,13.996715901011093
100109,2026-09-10 13:35:39.897000+00:00,0.0013147,15.752919,0.00201561,0.0001922,342.50867,345.0926,6721.9375,spacetrack,2026-09-09 23:52:20.683000+00:00,343.02185,6721.917,0.0019091,13.722003888888889,-0.8975598680577797,0.035854821495093815,300-350,storm_recovery,9.90240203012137
100109,2026-09-11 23:08:12.812000+00:00,0.0012019,15.752766,0.00183751,0.0002942,341.86673,345.82193,6721.9814,spacetrack,2026-09-10 13:35:39.897000+00:00,342.50867,6721.9375,0.0013147,33.542476388888886,-0.4593149241987078,0.031410918734104336,300-350,storm_recovery,7.799319883913362
100109,2026-09-12 18:57:27.392000+00:00,0.001198,15.752403,0.00182842,0.0001837,342.71243,345.18213,6722.0845,spacetrack,2026-09-11 23:08:12.812000+00:00,341.86673,6721.9814,0.0012019,19.820716666666666,1.0240194813002472,0.12483907830475821,300-350,storm_recovery,8.065913694678043
100109,2026-09-13 23:55:33.517000+00:00,0.00127,15.752598,0.00194254,0.0001409,342.94492,344.8392,6722.0293,spacetrack,2026-09-12 18:57:27.392000+00:00,342.71243,6722.0845,0.001198,28.968368055555555,0.19261561401388302,-0.04573264180619922,300-350,storm_recovery,5.659535081967998
100110,2026-09-08 23:12:23.777000+00:00,0.001737,15.752576,0.00268035,0.0001713,342.74677,345.04974,6722.035,spacetrack,2026-09-07 22:48:42.710000+00:00,342.91602,6721.8745,0.0020786,24.394740833333334,-0.16651129961786956,0.15790288678679146,300-350,storm_main,29.355484089028433
100110,2026-09-09 23:36:04.492000+00:00,0.0019361,15.753084,0.00300583,0.0001733,342.5887,344.91852,6721.8906,spacetrack,2026-09-08 23:12:23.777000+00:00,342.74677,6722.035,0.001737,24.394643055555555,-0.1555128308850685,-0.14206397659153017,300-350,storm_recovery,11.60565874463673
100110,2026-09-10 23:59:44.692000+00:00,0.0010768,15.752543,0.00164062,0.0001506,342.89526,344.91995,6722.0444,spacetrack,2026-09-09 23:36:04.492000+00:00,342.5887,6721.8906,0.0019361,24.3945,0.30160241037937935,0.15131279591715827,300-350,storm_recovery,8.80255795363709
100110,2026-09-11 13:43:04.155000+00:00,0.0011621,15.751763,0.00176745,0.0001882,342.8643,345.39456,6722.2666,spacetrack,2026-09-10 23:59:44.692000+00:00,342.89526,6722.0444,0.0010768,13.722073055555557,-0.054149252594090216,0.3886293257886948,300-350,storm_recovery,9.438181362416834
100110,2026-09-12 20:12:39.379000+00:00,0.00097659,15.752536,0.00148501,0.0001199,343.10367,344.7156,6722.047,spacetrack,2026-09-11 13:43:04.155000+00:00,342.8643,6722.2666,0.0011621,30.49311777777778,0.18839923296353916,-0.17283900053832435,300-350,storm_recovery,7.260109266549983
100110,2026-09-13 14:30:25.346000+00:00,0.0013295,15.751924,0.00202983,0.0002076,342.68832,345.47937,6722.2207,spacetrack,2026-09-12 20:12:39.379000+00:00,343.10367,6722.047,0.00097659,18.296101944444445,-0.5448373664658107,0.22785181306188468,300-350,storm_recovery,7.088474295078671
100111,2026-09-08 23:09:20.929000+00:00,0.0020785,15.752663,0.00322975,0.0002044,342.49966,345.24762,6722.0107,spacetrack,2026-09-07 22:45:39.734000+00:00,342.7429,6721.825,0.0022665,24.39477638888889,-0.23930368973003885,0.18269484946088183,300-350,storm_main,29.39088277038362
100111,2026-09-09 23:33:01.769000+00:00,0.0012705,15.752687,0.00194431,0.0002975,341.86664,345.86624,6722.0034,spacetrack,2026-09-08 23:09:20.929000+00:00,342.49966,6722.0107,0.0020785,24.394677777777776,-0.6227784657946672,-0.007181894411605288,300-350,storm_recovery,11.611905477105433
100111,2026-09-10 23:56:41.728000+00:00,0.0012731,15.75259,0.0019473,9.87e-05,343.2307,344.55762,6722.0312,spacetrack,2026-09-09 23:33:01.769000+00:00,341.86664,6722.0034,0.0012705,24.394433055555556,1.3420045436368238,0.027350502407601916,300-350,storm_recovery,8.802549179053932
100111,2026-09-11 13:40:01.059000+00:00,0.0013416,15.751867,0.00204827,0.0001373,343.17697,345.02292,6722.237,spacetrack,2026-09-10 23:56:41.728000+00:00,343.2307,6722.0312,0.0012731,13.722036388888888,-0.09397439005808794,0.3599465749845147,300-350,storm_recovery,9.449293857845971
100111,2026-09-12 18:38:07.968000+00:00,0.0012262,15.752355,0.00187204,0.0001307,343.08276,344.8399,6722.098,spacetrack,2026-09-11 13:40:01.059000+00:00,343.17697,6722.237,0.0013416,28.968585833333332,-0.07805144555581642,-0.11515922866225412,300-350,storm_recovery,7.44045775678326
100111,2026-09-13 12:55:53.648000+00:00,0.0015677,15.752794,0.00241357,0.0001588,342.7687,344.90363,6721.973,spacetrack,2026-09-12 18:38:07.968000+00:00,343.08276,6722.098,0.0012262,18.29602222222222,-0.4119715153627592,-0.1639700675678138,300-350,storm_recovery,7.002377687439043
100112,2026-09-09 13:58:44.208000+00:00,-3.6156e-06,15.751722,-6.68e-06,0.0001037,343.44406,344.83826,6722.2783,spacetrack,2026-09-08 13:35:03.654000+00:00,342.77512,6722.2773,-1.1516e-05,24.394598333333334,0.6581194648350415,0.000983824356398412,300-350,storm_recovery,15.408808603052083
100112,2026-09-11 14:46:05.537000+00:00,2.7881e-06,15.751762,2.86e-06,0.0001502,343.1201,345.13947,6722.2666,spacetrack,2026-09-10 14:22:24.231000+00:00,343.11343,6722.2393,1.7826e-05,24.394807222222223,0.006562052265525965,0.026858174939662367,300-350,storm_recovery,8.50809203406745
100112,2026-09-12 22:47:09.473000+00:00,8.53e-06,15.751852,1.143e-05,0.0001158,343.3257,344.8826,6722.241,spacetrack,2026-09-11 14:46:05.537000+00:00,343.1201,6722.2666,2.7881e-06,32.01776,0.15411446647111152,-0.019189349910754782,300-350,storm_recovery,6.940835848256996
100112,2026-09-13 18:36:23.159000+00:00,1.3227e-05,15.751902,1.844e-05,0.000104,343.39102,344.78925,6722.227,spacetrack,2026-09-12 22:47:09.473000+00:00,343.3257,6722.241,8.53e-06,19.820468333333334,0.07909399382680339,-0.01695217259008437,300-350,storm_recovery,6.8146223868518865
100113,2026-09-09 14:49:33.133000+00:00,-1.0546e-06,15.751765,-2.87e-06,0.0002151,342.68304,345.57495,6722.266,spacetrack,2026-09-08 14:25:53.276000+00:00,343.0757,6722.3013,-2.1566e-05,24.394404722222223,-0.38631153771974486,-0.034729275407950795,300-350,storm_recovery,15.061576836773941
100113,2026-09-11 18:39:52.266000+00:00,3.4555e-05,15.7518635,5.027e-05,0.0001325,343.21036,344.99176,6722.2383,spacetrack,2026-09-10 13:41:45.409000+00:00,343.14987,6722.2534,1.2305e-05,28.96857138888889,0.050115001548051694,-0.012510109495074577,300-350,storm_recovery,8.16038000838399
100113,2026-09-12 23:37:59.096000+00:00,1.0992e-05,15.751828,1.51e-05,0.0001191,343.31046,344.91168,6722.248,spacetrack,2026-09-11 18:39:52.266000+00:00,343.21036,6722.2383,3.4555e-05,28.96856388888889,0.08293127713249884,0.008036297583946413,300-350,storm_recovery,7.003255540512642
100113,2026-09-13 13:21:18.336000+00:00,1.5221e-05,15.751828,2.141e-05,0.0001234,343.28156,344.9406,6722.248,spacetrack,2026-09-12 23:37:59.096000+00:00,343.31046,6722.248,1.0992e-05,13.72201111111111,-0.05054652662666355,0.0,300-350,storm_recovery,8.034036475055082
100114,2026-09-08 13:55:23.269000+00:00,0.00097396,15.751821,0.0014765,0.0003001,342.0959,346.13058,6722.2505,spacetrack,2026-09-07 13:31:42.470000+00:00,343.3309,6722.055,0.0018006,24.39466638888889,-1.2150196902672357,0.1923371250583094,300-350,storm_main,29.694273995389178
100114,2026-09-09 23:27:56.726000+00:00,0.0011024,15.752532,0.00168047,0.0002061,342.5253,345.2961,6722.048,spacetrack,2026-09-08 13:55:23.269000+00:00,342.0959,6722.2505,0.00097396,33.54262694444444,0.3072389057979829,-0.14489026181692083,300-350,storm_recovery,14.914759699177806
100114,2026-09-10 23:51:36.874000+00:00,0.0011146,15.752473,0.00169895,0.0001166,343.1437,344.7113,6722.0645,spacetrack,2026-09-09 23:27:56.726000+00:00,342.5253,6722.048,0.0011024,24.394485555555555,0.6083997945437386,0.016233176924897598,300-350,storm_recovery,8.80255606037011
100114,2026-09-11 13:34:56.113000+00:00,0.0012689,15.751803,0.00193408,0.0001267,343.26627,344.9697,6722.255,spacetrack,2026-09-10 23:51:36.874000+00:00,343.1437,6722.0645,0.0011146,13.722010833333334,0.2143767437388997,0.3331873189377315,300-350,storm_recovery,9.467808380610883
100114,2026-09-12 23:07:29.421000+00:00,0.0009886,15.75254,0.00150382,0.0002714,342.08414,345.73288,6722.0454,spacetrack,2026-09-11 13:34:56.113000+00:00,343.26627,6722.255,0.0012689,33.542585555555554,-0.8458238841788295,-0.14997054987522015,300-350,storm_recovery,6.983930137963592
100114,2026-09-13 23:31:09.596000+00:00,0.0015418,15.752922,0.00237388,0.0001438,342.83328,344.7665,6721.937,spacetrack,2026-09-12 23:07:29.421000+00:00,342.08414,6722.0454,0.0009886,24.394493055555557,0.7370253589223771,-0.10664702045977945,300-350,storm_recovery,5.987361150214059
100115,2026-09-08 14:49:15.949000+00:00,0.00080714,15.752026,0.00122066,0.000201,342.70358,345.4059,6722.192,spacetrack,2026-09-07 23:34:27.839000+00:00,343.162,6721.82,0.0022853,15.246697222222222,-0.7216041506985593,0.5855694430000555,300-350,storm_main,32.31410281753189
100115,2026-09-09 22:50:21.572000+00:00,0.001385,15.7530575,0.00212918,0.0006104,339.6582,347.8643,6721.8984,spacetrack,2026-09-08 14:49:15.949000+00:00,342.70358,6722.192,0.00080714,32.01822861111111,-2.2827346536789817,-0.2200746357827551,300-350,storm_recovery,14.773077537610671
100115,2026-09-10 14:05:09.503000+00:00,0.0011109,15.752231,0.00169207,0.0004533,340.94943,347.0437,6722.134,spacetrack,2026-09-09 22:50:21.572000+00:00,339.6582,6721.8984,0.001385,15.2466475,2.0325464991565934,0.37086185668025984,300-350,storm_recovery,10.015437874675946
100115,2026-09-11 12:57:22.113000+00:00,0.0014263,15.751913,0.00218146,0.0001138,343.32178,344.85178,6722.2236,spacetrack,2026-09-10 14:05:09.503000+00:00,340.94943,6722.134,0.0011109,22.870169444444446,2.4895486733628207,0.09402641310680238,300-350,storm_recovery,8.47529903400366
100115,2026-09-12 14:52:29.717000+00:00,0.00097136,15.752243,0.00147503,0.0001467,343.00684,344.97913,6722.13,spacetrack,2026-09-11 12:57:22.113000+00:00,343.32178,6722.2236,0.0014263,25.91877888888889,-0.29162484978178366,-0.08667074979240787,300-350,storm_recovery,7.852189645765634
100115,2026-09-13 19:50:36.361000+00:00,0.001273,15.752577,0.00194705,0.0001229,343.07184,344.72412,6722.035,spacetrack,2026-09-12 14:52:29.717000+00:00,343.00684,6722.13,0.00097136,28.968512222222223,0.05385157470404171,-0.07870614764458239,300-350,storm_recovery,5.956896100712569
100116,2026-09-09 13:35:52.410000+00:00,-7.1457e-06,15.751707,-1.194e-05,0.0001389,343.2117,345.07916,6722.282,spacetrack,2026-09-08 14:43:40.411000+00:00,343.33157,6722.295,-3.0345e-05,22.86999972222222,-0.12579274311072275,-0.013642326357132237,300-350,storm_recovery,15.136033293689371
100116,2026-09-11 14:23:13.080000+00:00,1.0442e-05,15.751831,1.428e-05,0.0001435,343.14557,345.07486,6722.247,spacetrack,2026-09-10 13:59:32.582000+00:00,343.2899,6722.2456,2.2689e-05,24.394582777777778,-0.1419954598754068,0.0013773549770684144,300-350,storm_recovery,8.508087508226154
100116,2026-09-12 23:55:46.262000+00:00,1.0103e-05,15.751831,1.377e-05,0.0001422,343.1543,345.0661,6722.247,spacetrack,2026-09-11 14:23:13.080000+00:00,343.14557,6722.247,1.0442e-05,33.54255055555556,0.006246394401402261,0.0,300-350,storm_recovery,6.8639791869004325
100116,2026-09-13 13:39:05.439000+00:00,4.8056e-06,15.75181,5.87e-06,0.0001206,343.30533,344.92676,6722.253,spacetrack,2026-09-12 23:55:46.262000+00:00,343.1543,6722.247,1.0103e-05,13.721993611111111,0.26415403641247265,0.010494101955351429,300-350,storm_recovery,8.055643254947343
100117,2026-09-08 14:22:49.550000+00:00,0.0015326,15.751642,0.00234597,0.0001414,343.2135,345.11456,6722.3013,spacetrack,2026-09-07 18:33:35.797000+00:00,343.06174,6722.1323,0.0010344,19.820486944444443,0.18376137832584788,0.20463674839904616,300-350,storm_main,31.848410005847903
100117,2026-09-09 23:55:23.728000+00:00,0.0015758,15.753358,0.00243268,3.79e-05,343.42117,343.93066,6721.813,spacetrack,2026-09-08 14:22:49.550000+00:00,343.2135,6722.3013,0.0015326,33.54282722222222,0.14858854821570344,-0.34938020943671505,300-350,storm_recovery,14.778409041880108
100117,2026-09-10 13:38:42.437000+00:00,0.0012301,15.75172,0.00187281,0.0001936,342.84027,345.44315,6722.279,spacetrack,2026-09-09 23:55:23.728000+00:00,343.42117,6721.813,0.0015758,13.721863611111111,-1.0160135966307067,0.8150496402655012,300-350,storm_recovery,9.891294871693916
100117,2026-09-11 18:36:49.450000+00:00,0.0011155,15.752776,0.00170249,0.0001518,342.821,344.8618,6721.9785,spacetrack,2026-09-10 13:38:42.437000+00:00,342.84027,6722.279,0.0012301,28.968614722222224,-0.01596486419642298,-0.2489590913877696,300-350,storm_recovery,8.169146305877991
100117,2026-09-12 14:26:04.024000+00:00,0.0012878,15.751967,0.00196507,0.0002258,342.5534,345.58914,6722.2085,spacetrack,2026-09-11 18:36:49.450000+00:00,342.821,6721.9785,0.0011155,19.820715,-0.32402463785995506,0.2784965123604029,300-350,storm_recovery,8.15239073531572
100117,2026-09-13 23:58:36.811000+00:00,0.0011343,15.752585,0.00173044,0.0001196,343.0916,344.69952,6722.0327,spacetrack,2026-09-12 14:26:04.024000+00:00,342.5534,6722.2085,0.0012878,33.54244083333333,0.3850882547332139,-0.1257869104089363,300-350,storm_recovery,5.57173280812144
100118,2026-09-10 23:42:58.334000+00:00,5.3467e-06,15.7518215,6.68e-06,8.69e-05,343.52872,344.69702,6722.25,spacetrack,2026-09-09 23:19:17.914000+00:00,343.69644,6722.2515,1.0454e-05,24.39456111111111,-0.16500727279598282,-0.0014757387863369707,300-350,storm_recovery,8.802565963587968
100118,2026-09-11 13:26:17.641000+00:00,1.4655e-06,15.751791,8.9e-07,7.8e-05,343.59735,344.64603,6722.259,spacetrack,2026-09-10 23:42:58.334000+00:00,343.52872,6722.25,5.3467e-06,13.722029722222223,0.12003472032509835,0.015741111509950074,300-350,storm_recovery,9.499298461818501
100118,2026-09-12 22:58:50.607000+00:00,7.6969e-06,15.751845,1.018e-05,0.0001001,343.43314,344.77893,6722.243,spacetrack,2026-09-11 13:26:17.641000+00:00,343.59735,6722.259,1.4655e-06,33.54249055555555,-0.11749395869913626,-0.011448166001713868,300-350,storm_recovery,7.005406881682723
100118,2026-09-13 18:48:04.754000+00:00,8.247e-06,15.751852,1.1e-05,0.0001136,343.34058,344.86786,6722.241,spacetrack,2026-09-12 22:58:50.607000+00:00,343.43314,6722.243,7.6969e-06,19.820596388888887,-0.1120773541024783,-0.0024217232957070315,300-350,storm_recovery,6.794939052386122
100119,2026-09-08 13:40:38.271000+00:00,3.0537e-05,15.751961,4.429e-05,0.0001421,343.11816,345.02863,6722.2104,spacetrack,2026-09-07 14:48:26.947000+00:00,343.39944,6722.2515,1.0116e-05,22.86981222222222,-0.2951803860217683,-0.043131093094433116,300-350,storm_main,30.598776196044167
100119,2026-09-10 23:36:52.667000+00:00,-1.1384e-06,15.751746,-2.99e-06,5.32e-05,343.7766,344.49185,6722.271,spacetrack,2026-09-09 23:13:13.226000+00:00,343.5721,6722.313,-2.0128e-05,24.394289166666667,0.20119463069685956,-0.04132114664715369,300-350,storm_recovery,8.802530318998501
100119,2026-09-12 22:52:45.054000+00:00,1.1311e-05,15.751806,1.557e-05,0.0001256,343.27304,344.96167,6722.2544,spacetrack,2026-09-11 14:51:40.675000+00:00,343.35254,6722.2695,5.4451e-06,32.01788305555556,-0.05959169744886793,-0.011318674610182607,300-350,storm_recovery,6.926286749872656
100119,2026-09-13 14:07:32.812000+00:00,1.3131e-05,15.751858,1.829e-05,0.000124,343.269,344.93613,6722.2397,spacetrack,2026-09-12 22:52:45.054000+00:00,343.27304,6722.2544,1.1311e-05,15.246599444444445,-0.006359450863302448,-0.023139586061719994,300-350,storm_recovery,7.681199949905041
100120,2026-09-10 23:39:55.289000+00:00,9.6942e-06,15.751851,1.316e-05,0.0001467,343.11835,345.09067,6722.2417,spacetrack,2026-09-09 18:41:49.110000+00:00,342.9864,6722.261,3.4396e-06,28.968383055555556,0.10931918408863667,-0.015989846555530096,300-350,storm_recovery,9.545913250882458
100120,2026-09-11 13:23:14.752000+00:00,5.5527e-07,15.751795,-4.7e-07,8.41e-05,343.55527,344.68597,6722.258,spacetrack,2026-09-10 23:39:55.289000+00:00,343.11835,6722.2417,9.6942e-06,13.722073055555557,0.7641760802136417,0.02850881192817297,300-350,storm_recovery,9.510413099024985
100120,2026-09-12 22:55:47.694000+00:00,8.9473e-06,15.751855,1.205e-05,8.98e-05,343.4998,344.7071,6722.24,spacetrack,2026-09-11 13:23:14.752000+00:00,343.55527,6722.258,5.5527e-07,33.54248388888889,-0.03968936839651659,-0.012879189312029471,300-350,storm_recovery,7.012980337986299
100120,2026-09-13 14:10:35.619000+00:00,6.2434e-06,15.751841,8.02e-06,9.88e-05,343.44324,344.77155,6722.2446,spacetrack,2026-09-12 22:55:47.694000+00:00,343.4998,6722.24,8.9473e-06,15.246645833333334,-0.08903204120030353,0.007240936873057323,300-350,storm_recovery,7.684519300009976
100121,2026-09-08 14:31:58.330000+00:00,0.0016752,15.751493,0.00256946,0.0001114,343.45737,344.9551,6722.3433,spacetrack,2026-09-07 23:17:10.624000+00:00,342.9255,6721.8604,0.0020816,15.246585,0.8372287958254672,0.7601439929020934,300-350,storm_main,32.50314910227802
100121,2026-09-09 14:55:39.998000+00:00,0.00067302,15.751917,0.00101466,0.0001807,342.87112,345.30054,6722.2227,spacetrack,2026-09-08 14:31:58.330000+00:00,343.45737,6722.3433,0.0016752,24.394907777777778,-0.5767597126485982,-0.11864771231647352,300-350,storm_recovery,15.019946057048244
100121,2026-09-10 22:56:44.051000+00:00,0.0016965,15.752836,0.00261887,0.0001527,342.79788,344.85077,6721.9614,spacetrack,2026-09-09 14:55:39.998000+00:00,342.87112,6722.2227,0.00067302,32.0177925,-0.05489947503407557,-0.1958660953906446,300-350,storm_recovery,10.126041949956418
100121,2026-09-11 14:11:32.158000+00:00,0.0016466,15.751974,0.00252976,0.0001717,342.9152,345.2236,6722.2065,spacetrack,2026-09-10 22:56:44.051000+00:00,342.79788,6721.9614,0.0016965,15.24669638888889,0.18467476023541063,0.3858147266767288,300-350,storm_recovery,9.601001725200689
100121,2026-09-12 23:44:05.161000+00:00,0.0014806,15.752723,0.00227504,0.0001384,342.9262,344.78687,6721.9937,spacetrack,2026-09-11 14:11:32.158000+00:00,342.9152,6722.2065,0.0016466,33.542500833333335,0.007870611714701381,-0.15226056117230471,300-350,storm_recovery,6.893006395874064
100121,2026-09-13 13:27:24.293000+00:00,0.00092643,15.7519865,0.00140406,0.0002064,342.67847,345.4534,6722.203,spacetrack,2026-09-12 23:44:05.161000+00:00,342.9262,6721.9937,0.0014806,13.721981111111111,-0.4332843743084218,0.3660695900494359,300-350,storm_recovery,8.041453461166078
100122,2026-09-08 13:28:57.352000+00:00,1.0494e-05,15.751831,1.435e-05,0.0001471,343.1213,345.099,6722.247,spacetrack,2026-09-07 23:45:37.833000+00:00,343.315,6722.207,3.9411e-05,13.722088611111111,-0.3387822460376211,0.06996019536135274,300-350,storm_main,33.32443556788478
100122,2026-09-09 23:01:30.814000+00:00,9.0246e-06,15.751804,1.216e-05,8.44e-05,343.55038,344.6851,6722.255,spacetrack,2026-09-08 13:28:57.352000+00:00,343.1213,6722.247,1.0494e-05,33.54262833333333,0.3070099306966447,0.005724059488941653,300-350,storm_recovery,15.046094694991023
100122,2026-09-10 14:16:18.880000+00:00,1.0918e-05,15.751822,1.499e-05,0.0001703,342.96786,345.25748,6722.2495,spacetrack,2026-09-09 23:01:30.814000+00:00,343.55038,6722.255,9.0246e-06,15.246685,-0.9169521112294955,-0.00865761967306756,300-350,storm_recovery,9.978856824723977
100122,2026-09-11 14:39:59.319000+00:00,4.679e-06,15.751813,5.68e-06,0.0001264,343.26556,344.96497,6722.2524,spacetrack,2026-09-10 14:16:18.880000+00:00,342.96786,6722.2495,1.0918e-05,24.39456638888889,0.29288489436954135,0.002853094369470525,300-350,storm_recovery,8.508087177746857
100122,2026-09-12 13:32:11.156000+00:00,6.0058e-06,15.751785,7.66e-06,0.0001106,343.3798,344.86676,6722.2603,spacetrack,2026-09-11 14:39:59.319000+00:00,343.26556,6722.2524,4.679e-06,22.86995472222222,0.11988480227885101,0.008290353098354639,300-350,storm_recovery,7.816225708652657
100122,2026-09-13 23:04:44.143000+00:00,1.4999e-05,15.751859,2.108e-05,0.0001216,343.285,344.91986,6722.2393,spacetrack,2026-09-12 13:32:11.156000+00:00,343.3798,6722.2603,6.0058e-06,33.542496388888885,-0.0678303717654361,-0.015025715264308454,300-350,storm_recovery,5.678818835346904
100123,2026-09-10 23:48:34.410000+00:00,1.3596e-05,15.7518425,1.898e-05,0.0001535,343.07507,345.1388,6722.244,spacetrack,2026-09-09 23:24:53.965000+00:00,343.24612,6722.2524,1.0607e-05,24.394568055555556,-0.16828336499551053,-0.008264134849846871,300-350,storm_recovery,8.802566873807118
100123,2026-09-11 13:31:53.969000+00:00,-3.0989e-07,15.751745,-1.76e-06,0.0001116,343.3844,344.8848,6722.2715,spacetrack,2026-09-10 23:48:34.410000+00:00,343.07507,6722.244,1.3596e-05,13.722099722222223,0.5410192427022258,0.04809759536542771,300-350,storm_recovery,9.478886258883405
100123,2026-09-12 23:04:26.632000+00:00,7.8086e-06,15.751839,1.035e-05,9.48e-05,343.47076,344.7453,6722.245,spacetrack,2026-09-11 13:31:53.969000+00:00,343.3844,6722.2715,-3.0989e-07,33.54240638888889,0.06179163104664813,-0.018961072518913893,300-350,storm_recovery,6.991488104904155
100123,2026-09-13 18:53:40.900000+00:00,6.9162e-06,15.7518425,9.02e-06,0.0001414,343.15643,345.0575,6722.244,spacetrack,2026-09-12 23:04:26.632000+00:00,343.47076,6722.245,7.8086e-06,19.820629999999998,-0.3806094962672537,-0.0012108595945179062,300-350,storm_recovery,6.785512423727757
100124,2026-09-10 13:25:00.725000+00:00,5.1939e-06,15.751715,6.44e-06,0.0003046,342.09573,346.19095,6722.2803,spacetrack,2026-09-09 14:32:48.343000+00:00,343.1555,6722.2725,5.0815e-06,22.87010611111111,-1.1121277652333836,0.008185357737217942,300-350,storm_recovery,11.5517902664349
100124,2026-09-11 13:48:40.460000+00:00,1.7985e-05,15.751831,2.553e-05,0.0001301,343.23557,344.9847,6722.247,spacetrack,2026-09-10 13:25:00.725000+00:00,342.09573,6722.2803,5.1939e-06,24.394370833333333,1.1214128122796014,-0.03276165659125084,300-350,storm_recovery,8.5080832343664
100124,2026-09-12 14:12:20.854000+00:00,2.3991e-05,15.751848,3.45e-05,9.33e-05,343.47806,344.73242,6722.242,spacetrack,2026-09-11 13:48:40.460000+00:00,343.23557,6722.247,1.7985e-05,24.39455388888889,0.23856800278079793,-0.004919130743246604,300-350,storm_recovery,7.835330800269468
100124,2026-09-13 23:44:53.832000+00:00,1.7607e-05,15.751879,2.497e-05,9.02e-05,343.4903,344.70297,6722.2334,spacetrack,2026-09-12 14:12:20.854000+00:00,343.47806,6722.242,2.3991e-05,33.54249388888889,0.008757846121168113,-0.006153388614647107,300-350,storm_recovery,5.598996639238164
100138,2026-09-08 19:51:57.240000+00:00,0.00034275,15.494173,0.00028842,0.0144237,320.39792,516.4612,6796.5664,spacetrack,2026-09-07 22:09:56.566000+00:00,320.478,6796.7217,0.00031101,21.700187222222223,-0.0885669778015589,-0.17175888677087484,300-350,storm_main,31.6442288759567
100138,2026-09-09 19:06:55.140000+00:00,0.0002907,15.494685,0.00024468,0.0144135,320.31967,516.24,6796.417,spacetrack,2026-09-08 19:51:57.240000+00:00,320.39792,6796.5664,0.00034275,23.249416666666665,-0.08077622019193074,-0.1542232242379115,300-350,storm_recovery,11.77411261214439
100138,2026-09-10 18:21:50.536000+00:00,0.00028368,15.495161,0.00023922,0.0144139,320.17975,516.1015,6796.278,spacetrack,2026-09-09 19:06:55.140000+00:00,320.31967,6796.417,0.0002907,23.24872111111111,-0.14444149353205316,-0.14349176387206158,300-350,storm_recovery,9.79522271452064
100138,2026-09-11 19:09:43.233000+00:00,0.00029373,15.495657,0.00024705,0.0143318,320.59473,515.39636,6796.1323,spacetrack,2026-09-10 18:21:50.536000+00:00,320.17975,6796.278,0.00028368,24.79797138888889,0.4016264009588645,-0.1410115345793002,300-350,storm_recovery,8.476172597317184
100138,2026-09-12 16:51:33.848000+00:00,0.00030637,15.496152,0.00025918,0.0143872,320.07556,515.62604,6795.988,spacetrack,2026-09-11 19:09:43.233000+00:00,320.59473,6796.1323,0.00029373,21.69739305555556,-0.574266224891491,-0.1596136453412121,300-350,storm_recovery,7.957129872809221
100138,2026-09-13 11:27:24.199000+00:00,0.00032217,15.496565,0.00027312,0.0143865,319.96133,515.49884,6795.867,spacetrack,2026-09-12 16:51:33.848000+00:00,320.07556,6795.988,0.00030637,18.59731972222222,-0.14741479099940447,-0.1561515338434622,300-350,storm_recovery,6.994188230618835
100142,2026-09-08 19:50:03.819000+00:00,0.00058787,16.050097,0.00406353,0.0016463,249.6394,271.49802,6638.7056,spacetrack,2026-09-07 19:53:13.316000+00:00,251.88705,6640.8687,0.00054167,23.947361944444445,-2.252590499326972,-2.1678546522339524,250-300,storm_main,31.46760149398502
100142,2026-09-09 19:46:13.584000+00:00,0.0005074,16.057314,0.00366865,0.0016648,247.53029,269.6279,6636.7163,spacetrack,2026-09-08 19:50:03.819000+00:00,249.6394,6638.7056,0.00058787,23.936045833333335,-2.1147452821763975,-1.9946151646115777,200-250,storm_recovery,11.866650384853667
100142,2026-09-10 21:11:26.261000+00:00,0.00047443,16.065092,0.00360146,0.0016849,245.25793,267.6151,6634.5737,spacetrack,2026-09-09 19:46:13.584000+00:00,247.53029,6636.7163,0.0005074,25.420188055555556,-2.1454066303841355,-2.0228961283693097,200-250,storm_recovery,9.076680949897247
100142,2026-09-11 22:35:53.789000+00:00,0.00048871,16.073214,0.00390345,0.0016962,242.95215,265.4517,6632.339,spacetrack,2026-09-10 21:11:26.261000+00:00,245.25793,6634.5737,0.00047443,25.40764666666667,-2.178034066909514,-2.110892075272854,200-250,storm_recovery,8.497457053830077
100142,2026-09-12 18:01:08.030000+00:00,0.00050163,16.079716,0.00417429,0.0016996,241.14418,263.68274,6630.5503,spacetrack,2026-09-11 22:35:53.789000+00:00,242.95215,6632.339,0.00048871,19.420622499999997,-2.2342888339444116,-2.2104749731890165,200-250,storm_recovery,8.232880580080959
100142,2026-09-13 20:53:44.021000+00:00,0.00049978,16.089304,0.00442237,0.0017101,238.44453,261.11334,6627.916,spacetrack,2026-09-12 18:01:08.030000+00:00,241.14418,6630.5503,0.00050163,26.876664166666664,-2.4107009559749297,-2.3523454997218223,200-250,storm_recovery,5.905328611641217
100171,2026-09-08 15:39:57.212000+00:00,0.0017144,15.751387,0.00263044,0.0001323,343.34717,345.1259,6722.3735,spacetrack,2026-09-07 15:16:15.919000+00:00,343.7263,6722.331,0.0011802,24.39480361111111,-0.37299418946152213,0.041812183293205234,300-350,storm_main,30.580522766841977
100171,2026-09-09 14:32:09.299000+00:00,0.0010062,15.751568,0.00152438,0.0001352,343.27615,345.09387,6722.322,spacetrack,2026-09-08 15:39:57.212000+00:00,343.34717,6722.3735,0.0017144,22.870024166666667,-0.07452899863941051,-0.054044542803385255,300-350,storm_recovery,14.230907568272865
100171,2026-09-10 14:55:50.683000+00:00,0.0019388,15.751397,0.00298819,0.0004087,341.48618,346.98105,6722.3706,spacetrack,2026-09-09 14:32:09.299000+00:00,343.27615,6722.322,0.0010062,24.394828888888892,-1.7609994394986814,0.04781341182241888,300-350,storm_recovery,11.393632318525066
100171,2026-09-11 19:53:56.668000+00:00,0.0010243,15.752342,0.00155768,0.0002008,342.61487,345.31445,6722.1016,spacetrack,2026-09-10 14:55:50.683000+00:00,341.48618,6722.3706,0.0019388,28.968329166666667,0.9351095068047783,-0.22286407900371386,300-350,storm_recovery,7.947285773826656
100171,2026-09-12 15:43:10.903000+00:00,0.0018366,15.752567,0.00283942,9.88e-05,343.23672,344.565,6722.038,spacetrack,2026-09-11 19:53:56.668000+00:00,342.61487,6722.1016,0.0010243,19.820620833333333,0.7529733869335095,-0.07701070581213684,300-350,storm_recovery,8.274320970577289
100171,2026-09-13 13:03:53.591000+00:00,0.0012899,15.752625,0.00197402,8.64e-05,343.30344,344.465,6722.021,spacetrack,2026-09-12 15:43:10.903000+00:00,343.23672,6722.038,0.0018366,21.34519111111111,0.07501830232699268,-0.019114375592703275,300-350,storm_recovery,6.686562552314672
100179,2026-09-08 14:49:45.625000+00:00,0.00071377,15.751985,0.00107724,8.57e-05,343.49033,344.64252,6722.2036,spacetrack,2026-09-07 12:54:36.543000+00:00,342.77237,6722.044,0.0010085,25.91918944444444,0.6647985669818886,0.147782399145199,300-350,storm_main,29.07472184754749
100179,2026-09-09 12:10:29.250000+00:00,0.00078122,15.751971,0.00118056,0.0001677,342.943,345.1976,6722.2075,spacetrack,2026-09-08 14:49:45.625000+00:00,343.49033,6722.2036,0.00071377,21.34545138888889,-0.6153966838498179,0.00438500916703151,300-350,storm_recovery,15.312490138251547
100179,2026-09-10 12:34:09.713000+00:00,0.001077,15.751826,0.00163564,0.0001162,343.33038,344.89264,6722.2485,spacetrack,2026-09-09 12:10:29.250000+00:00,342.943,6722.2075,0.00078122,24.394573055555558,0.38111427401607567,0.040336840400578146,300-350,storm_recovery,11.684024223374909
100179,2026-09-11 12:57:50.164000+00:00,0.00085123,15.752036,0.00128857,0.0002604,342.3015,345.80243,6722.189,spacetrack,2026-09-10 12:34:09.713000+00:00,343.33038,6722.2485,0.001077,24.394569722222222,-1.0122383908049084,-0.058537617848799184,300-350,storm_recovery,8.508087244963022
100179,2026-09-12 13:21:30.631000+00:00,0.00091992,15.752299,0.00139589,0.00016,342.90155,345.05264,6722.1143,spacetrack,2026-09-11 12:57:50.164000+00:00,342.3015,6722.189,0.00085123,24.39457416666667,0.5903443897650975,-0.07349175221318778,300-350,storm_recovery,7.904796737188838
100179,2026-09-13 12:13:42.427000+00:00,0.0017055,15.752902,0.00263401,0.0001966,342.48395,345.127,6721.9424,spacetrack,2026-09-12 13:21:30.631000+00:00,342.90155,6722.1143,0.00091992,22.869943333333335,-0.4382345795055825,-0.1803939756157392,300-350,storm_recovery,6.717668566345862
100180,2026-09-08 23:40:21.378000+00:00,0.002049,15.752705,0.00318275,0.0001328,342.96893,344.7543,6721.9985,spacetrack,2026-09-07 15:39:16.306000+00:00,343.2852,6722.0493,0.00084721,32.018075555555555,-0.23706858917329093,-0.03807849094128329,300-350,storm_main,28.536675342553032
100180,2026-09-09 19:29:35.613000+00:00,0.0011692,15.752453,0.00178394,0.0002111,342.51413,345.3522,6722.0703,spacetrack,2026-09-08 23:40:21.378000+00:00,342.96893,6721.9985,0.002049,19.820620833333333,-0.5506991981624925,0.08693975907742107,300-350,storm_recovery,11.216062017902653
100180,2026-09-10 22:56:13.596000+00:00,0.001008,15.753546,0.00154059,0.000122,342.8024,344.4425,6721.7593,spacetrack,2026-09-09 19:29:35.613000+00:00,342.51413,6722.0703,0.0011692,27.443884166666663,0.2520955108971817,-0.2719731636631912,300-350,storm_recovery,9.322548184004932
100180,2026-09-11 12:39:32.735000+00:00,0.0010181,15.7521515,0.00154674,0.0001397,343.08002,344.9582,6722.1562,spacetrack,2026-09-10 22:56:13.596000+00:00,342.8024,6721.7593,0.001008,13.721983055555556,0.4855624710382327,0.6941853784142967,300-350,storm_recovery,9.669631347218422
100180,2026-09-12 13:03:13.074000+00:00,0.00069939,15.752254,0.00105651,0.000161,342.90787,345.0724,6722.127,spacetrack,2026-09-11 12:39:32.735000+00:00,343.08002,6722.1562,0.0010181,24.394538611111113,-0.16936577755636933,-0.02872774153143895,300-350,storm_recovery,7.9297906490659305
100180,2026-09-13 13:26:53.827000+00:00,0.00084919,15.752008,0.00128517,0.0001495,343.05472,345.06464,6722.197,spacetrack,2026-09-12 13:03:13.074000+00:00,342.90787,6722.127,0.00069939,24.39465361111111,0.14447427933119175,0.0688675488807851,300-350,storm_recovery,6.635306543090105
100181,2026-09-08 12:45:45.327000+00:00,0.00036663,15.751927,0.00054913,0.0001215,343.2661,344.8996,6722.2197,spacetrack,2026-09-07 12:22:05.208000+00:00,342.64,6721.5283,0.0019632,24.3944775,0.6159754805160387,0.6802195291943791,300-350,storm_main,29.36137075833386
100181,2026-09-09 13:09:26.818000+00:00,0.0012768,15.751915,0.00194736,0.0001289,343.2199,344.9529,6722.2236,spacetrack,2026-09-08 12:45:45.327000+00:00,343.2661,6722.2197,0.00036663,24.39485861111111,-0.04545220030481953,0.003836874052308355,300-350,storm_recovery,15.74562907386758
100181,2026-09-10 13:33:06.955000+00:00,0.00090918,15.751672,0.0013755,0.0001306,343.27747,345.03333,6722.2925,spacetrack,2026-09-09 13:09:26.818000+00:00,343.2199,6722.2236,0.0012768,24.394482500000002,0.05663903712652892,0.06778582001004821,300-350,storm_recovery,11.563188281065878
100181,2026-09-11 12:25:18.860000+00:00,0.0012589,15.752649,0.00192559,0.0001186,343.08017,344.67462,6722.014,spacetrack,2026-09-10 13:33:06.955000+00:00,343.27747,6722.2925,0.00090918,22.86997361111111,-0.2070487741052347,-0.29226094063961716,300-350,storm_recovery,8.475294541040926
100181,2026-09-12 12:48:59.492000+00:00,0.0011182,15.752162,0.0017021,0.0001631,342.91965,345.11243,6722.153,spacetrack,2026-09-11 12:25:18.860000+00:00,343.08017,6722.014,0.0012589,24.39462,-0.15792334539338876,0.13675146405244143,300-350,storm_recovery,7.949233432981899
100181,2026-09-13 13:12:40.062000+00:00,0.0012514,15.752375,0.00191158,9.42e-05,343.32224,344.58865,6722.0923,spacetrack,2026-09-12 12:48:59.492000+00:00,342.91965,6722.153,0.0011182,24.39460277777778,0.3960777754004871,-0.05971812754118708,300-350,storm_recovery,6.654749177783747
100182,2026-09-08 13:43:10.963000+00:00,0.0013578,15.751574,0.00207087,0.0001312,343.30148,345.06543,6722.3203,spacetrack,2026-09-07 20:56:54.513000+00:00,342.8724,6721.9976,0.0019822,16.77123611111111,0.6140227191231004,0.46179064850705553,300-350,storm_main,32.92690005788681
100182,2026-09-09 12:35:23.415000+00:00,0.0011879,15.751781,0.00180768,0.0001833,342.89212,345.35648,6722.261,spacetrack,2026-09-08 13:43:10.963000+00:00,343.30148,6722.3203,0.0013578,22.870125555555557,-0.42958399927168756,-0.062229653988573316,300-350,storm_recovery,15.57684440152469
100182,2026-09-10 12:59:03.305000+00:00,0.0012733,15.75169,0.00194035,0.0003645,341.69995,346.6005,6722.287,spacetrack,2026-09-09 12:35:23.415000+00:00,342.89212,6722.261,0.0011879,24.394413888888888,-1.1728947508360341,0.025579626665282434,300-350,storm_recovery,11.6329998249827
100182,2026-09-11 11:51:15.250000+00:00,0.0010469,15.753134,0.00159883,0.0004013,341.04196,346.43695,6721.8765,spacetrack,2026-09-10 12:59:03.305000+00:00,341.69995,6722.287,0.0012733,22.869984722222224,-0.6905015544087851,-0.4307829725144502,300-350,storm_recovery,8.456174028197683
100182,2026-09-12 19:52:19.948000+00:00,0.0011858,15.752307,0.00180855,0.0001661,342.85822,345.09128,6722.112,spacetrack,2026-09-11 11:51:15.250000+00:00,341.04196,6721.8765,0.0010469,32.01797166666667,1.361430400832699,0.1765258605022373,300-350,storm_recovery,7.409526132623884
100182,2026-09-13 12:38:36.536000+00:00,0.001305,15.752312,0.00199487,0.000151,342.95853,344.98862,6722.1104,spacetrack,2026-09-12 19:52:19.948000+00:00,342.85822,6722.112,0.0011858,16.771274444444444,0.1435454418192394,-0.0022896292192576247,300-350,storm_recovery,7.258159205684163
100183,2026-09-08 12:42:42.257000+00:00,0.00052229,15.752006,0.00078528,0.0001126,343.30353,344.81735,6722.1973,spacetrack,2026-09-07 22:59:18.211000+00:00,342.65936,6721.2905,0.0016512,13.723346111111113,1.1265532381700614,1.5858523004366534,300-350,storm_main,33.88602832245764
100183,2026-09-09 13:06:23.872000+00:00,0.0012364,15.751911,0.0018842,9.89e-05,343.42264,344.7523,6722.2246,spacetrack,2026-09-08 12:42:42.257000+00:00,343.30353,6722.1973,0.00052229,24.394893055555556,0.11718190333892271,0.02685808043928161,300-350,storm_recovery,15.766469450601655
100183,2026-09-10 07:24:09.101000+00:00,0.0015153,15.75348,0.00233771,0.0001505,342.6294,344.65265,6721.778,spacetrack,2026-09-09 13:06:23.872000+00:00,343.42264,6722.2246,0.0012364,18.295896944444447,-1.0405480560919664,-0.5858362687836423,300-350,storm_recovery,12.60053681738509
100183,2026-09-11 19:59:39.760000+00:00,0.0013107,15.752489,0.0020054,0.0002211,342.43677,345.40927,6722.06,spacetrack,2026-09-10 07:24:09.101000+00:00,342.6294,6721.778,0.0015153,36.59184972222223,-0.12634288878791536,0.1849592204652464,300-350,storm_recovery,8.066272051368088
100183,2026-09-12 12:45:56.590000+00:00,0.0010729,15.75208,0.00163124,0.0001366,343.12122,344.9577,6722.1763,spacetrack,2026-09-11 19:59:39.760000+00:00,342.43677,6722.06,0.0013107,16.771341666666668,0.9794565233053373,0.16642675675375124,300-350,storm_recovery,8.60888340775758
100183,2026-09-13 13:09:36.844000+00:00,0.0012611,15.752421,0.00192705,8.32e-05,343.38303,344.5016,6722.079,spacetrack,2026-09-12 12:45:56.590000+00:00,343.12122,6722.1763,0.0010729,24.394515000000002,0.2575759345902392,-0.095726436865362,300-350,storm_recovery,6.658920503691553
100184,2026-09-08 12:26:57.445000+00:00,0.00089439,15.752495,0.00135783,0.0002899,341.9725,345.86996,6722.058,spacetrack,2026-09-07 13:34:45.913000+00:00,342.95193,6722.1284,0.0011831,22.869870000000002,-1.0278291918580866,-0.07387886332500382,300-350,storm_main,30.222868863900164
100184,2026-09-09 18:56:33.495000+00:00,0.00080254,15.752229,0.00121521,0.0004539,340.94577,347.04813,6722.134,spacetrack,2026-09-08 12:26:57.445000+00:00,341.9725,6722.058,0.00089439,30.493347222222223,-0.808094953316354,0.05981632605656595,300-350,storm_recovery,15.487154392966408
100184,2026-09-10 23:54:40.457000+00:00,0.0016094,15.752811,0.00248001,0.0001432,342.8686,344.79376,6721.9683,spacetrack,2026-09-09 18:56:33.495000+00:00,340.94577,6722.134,0.00080254,28.968600555555554,1.5930324252805723,-0.13727967260147084,300-350,storm_recovery,9.520490768539217
100184,2026-09-11 19:43:54.616000+00:00,0.0015513,15.75283,0.00238816,0.0002487,342.15442,345.49792,6721.9634,spacetrack,2026-09-10 23:54:40.457000+00:00,342.8686,6721.9683,0.0016094,19.820599722222223,-0.8647730260544435,-0.00593322107644116,300-350,storm_recovery,8.425198873130856
100184,2026-09-12 12:30:10.473000+00:00,0.0010846,15.75268,0.00165366,0.0001425,342.9109,344.82666,6722.006,spacetrack,2026-09-11 19:43:54.616000+00:00,342.15442,6721.9634,0.0015513,16.77107138888889,1.0825498013220898,0.060962116033538676,300-350,storm_recovery,8.561946325664579
100184,2026-09-13 12:53:51.889000+00:00,0.0011332,15.752519,0.00172826,0.0001803,342.70264,345.1266,6722.052,spacetrack,2026-09-12 12:30:10.473000+00:00,342.9109,6722.006,0.0010846,24.394837777777777,-0.20488924933759367,0.04525547618072234,300-350,storm_recovery,6.680444938396348
100185,2026-09-08 23:52:32.965000+00:00,0.0016598,15.752586,0.00255752,0.0001053,343.18747,344.60315,6722.032,spacetrack,2026-09-07 12:48:30.935000+00:00,342.73666,6721.71,0.00149,35.067230555555554,0.30853420211956384,0.22037668437373878,300-350,storm_main,27.490293446643722
100185,2026-09-09 13:35:52.534000+00:00,0.0010877,15.7517395,0.00165186,0.000281,342.2474,346.02533,6722.2734,spacetrack,2026-09-08 23:52:32.965000+00:00,343.18747,6722.032,0.0016598,13.7221025,-1.644185357163729,0.42220935166438534,300-350,storm_recovery,9.840894219137823
100185,2026-09-10 12:28:03.742000+00:00,0.0015924,15.754092,0.00246708,0.0001343,342.56436,344.36978,6721.604,spacetrack,2026-09-09 13:35:52.534000+00:00,342.2474,6722.2734,0.0010877,22.86978,0.33262410045045776,-0.7024816154766005,300-350,storm_recovery,11.676292542677135
100185,2026-09-11 12:51:44.218000+00:00,0.00090179,15.751928,0.00136567,0.0001356,343.17087,344.99393,6722.219,spacetrack,2026-09-10 12:28:03.742000+00:00,342.56436,6721.604,0.0015924,24.394576666666666,0.5966998402513364,0.6050525164539207,300-350,storm_recovery,8.508087384996639
100185,2026-09-12 13:15:23.984000+00:00,0.0010268,15.7525625,0.00156317,0.0001949,342.59207,345.2123,6722.039,spacetrack,2026-09-11 12:51:44.218000+00:00,343.17087,6722.219,0.00090179,24.394379444444446,-0.5694426468865801,-0.17708997311636135,300-350,storm_recovery,7.913137983082305
100185,2026-09-13 19:45:00.542000+00:00,0.00097331,15.752287,0.00147837,0.000203,342.61588,345.34506,6722.1177,spacetrack,2026-09-12 13:15:23.984000+00:00,342.59207,6722.039,0.0010268,30.493488333333335,0.018739738587925436,0.06194109310661993,300-350,storm_recovery,6.024357185620632
100186,2026-09-08 12:36:36.416000+00:00,0.00049751,15.752028,0.0007477,0.0001042,343.35345,344.75436,6722.191,spacetrack,2026-09-07 07:38:30.843000+00:00,341.94012,6722.0366,0.0013227,28.968214722222225,1.1709358110349801,0.1279195157699495,300-350,storm_main,28.440424621342398
100186,2026-09-09 13:00:18.090000+00:00,0.0011659,15.751783,0.00177345,0.0002081,342.72488,345.5227,6722.2607,spacetrack,2026-09-08 12:36:36.416000+00:00,343.35345,6722.191,0.00049751,24.394909444444444,-0.6183945890168541,0.06857168311322563,300-350,storm_recovery,15.80812417672658
100186,2026-09-10 13:23:58.110000+00:00,0.0011403,15.752457,0.00173878,0.0002026,342.5702,345.29398,6722.0693,spacetrack,2026-09-09 13:00:18.090000+00:00,342.72488,6722.2607,0.0011659,24.394450000000003,-0.15217887675268904,-0.18830512678059455,300-350,storm_recovery,11.581936670021257
100186,2026-09-11 19:53:33.948000+00:00,0.0010694,15.752269,0.00162722,0.0001869,342.72937,345.2421,6722.1226,spacetrack,2026-09-10 13:23:58.110000+00:00,342.5702,6722.0693,0.0011403,30.493288333333336,0.12527609217614444,0.04195021494587716,300-350,storm_recovery,8.000966496835122
100186,2026-09-12 01:59:29.227000+00:00,0.0011888,15.7521515,0.00181194,0.000177,342.8292,345.20883,6722.156,spacetrack,2026-09-11 19:53:33.948000+00:00,342.72937,6722.1226,0.0010694,6.098688611111111,0.39285822785489355,0.13143809286241037,300-350,storm_recovery,5.802264822050315
100186,2026-09-13 13:03:30.994000+00:00,0.00088287,15.752417,0.00133942,0.0001754,342.76468,345.12277,6722.0806,spacetrack,2026-09-12 01:59:29.227000+00:00,342.8292,6722.156,0.0011888,35.0671575,-0.044157556825082885,-0.05160384043084258,300-350,storm_recovery,7.737604266898451
100187,2026-09-08 13:31:29.345000+00:00,0.00040327,15.752177,0.00060523,0.0001694,342.87296,345.15042,6722.149,spacetrack,2026-09-07 20:45:12.840000+00:00,343.1849,6722.1406,0.0004983,16.77125138888889,-0.44639245017584717,0.012020569922912238,300-350,storm_main,32.98499822074829
100187,2026-09-09 12:23:42.023000+00:00,0.0011311,15.753358,0.00173134,0.0001579,342.6146,344.73734,6721.813,spacetrack,2026-09-08 13:31:29.345000+00:00,342.87296,6722.149,0.00040327,22.870188333333335,-0.2711232592239795,-0.3525987579320661,300-350,storm_recovery,15.662052022648895
100187,2026-09-10 12:47:22.023000+00:00,0.0010264,15.752198,0.00156036,0.00039,341.38397,346.62726,6722.1426,spacetrack,2026-09-09 12:23:42.023000+00:00,342.6146,6721.813,0.0011311,24.394444444444446,-1.2107314051469102,0.3242705534047186,300-350,storm_recovery,11.656956627191983
100187,2026-09-11 13:11:02.922000+00:00,0.001077,15.751949,0.00163677,0.0002415,342.4532,345.7,6722.2134,spacetrack,2026-09-10 12:47:22.023000+00:00,341.38397,6722.1426,0.0010264,24.394694166666667,1.0519303839055485,0.06965449078308233,300-350,storm_recovery,8.508089754353346
100187,2026-09-12 13:34:43.420000+00:00,0.00087836,15.75205,0.00133029,0.0001072,343.3271,344.76834,6722.1846,spacetrack,2026-09-11 13:11:02.922000+00:00,342.4532,6722.2134,0.001077,24.394582777777778,0.8597646531223189,-0.028334159526219302,300-350,storm_recovery,7.886742363952434
100187,2026-09-13 20:04:19.058000+00:00,0.0013349,15.752671,0.0020451,0.0002037,342.5019,345.24045,6722.0083,spacetrack,2026-09-12 13:34:43.420000+00:00,343.3271,6722.1846,0.00087836,30.49323277777778,-0.649481809433889,-0.13875865608659532,300-350,storm_recovery,5.9715815634795035
100188,2026-09-08 12:06:06.530000+00:00,0.0013028,15.752228,0.00199068,0.0001502,342.9876,345.00696,6722.1343,spacetrack,2026-09-07 23:54:16.380000+00:00,343.21817,6721.992,0.0012436,12.19726388888889,-0.45368207578430075,0.2799972215981672,300-350,storm_main,34.622052076797736
100188,2026-09-09 12:29:48.178000+00:00,0.00086886,15.753138,0.00132196,0.0001184,342.9427,344.53442,6721.8755,spacetrack,2026-09-08 12:06:06.530000+00:00,342.9876,6722.1343,0.0013028,24.39490222222222,-0.04417316331844095,-0.2546105716436374,300-350,storm_recovery,16.016489191822043
100188,2026-09-10 12:53:28.181000+00:00,0.00094296,15.751782,0.00142825,0.0001836,342.8899,345.3583,6722.261,spacetrack,2026-09-09 12:29:48.178000+00:00,342.9427,6721.8755,0.00086886,24.394445277777777,-0.051946251926217664,0.3792666688935055,300-350,storm_recovery,11.644448395202174
100188,2026-09-11 13:17:08.738000+00:00,0.0009798,15.751943,0.00148627,0.0002689,342.27078,345.886,6722.2153,spacetrack,2026-09-10 12:53:28.181000+00:00,342.8899,6722.261,0.00094296,24.394599166666666,-0.6091053146019196,-0.04496077154293203,300-350,storm_recovery,8.50808783870501
100188,2026-09-12 13:40:49.261000+00:00,0.00046782,15.751956,0.00070243,0.0001757,342.89362,345.2558,6722.212,spacetrack,2026-09-11 13:17:08.738000+00:00,342.27078,6722.2153,0.0009798,24.39458972222222,0.6127653783159512,-0.0032466215208952253,300-350,storm_recovery,7.878411120371033
100188,2026-09-13 12:33:01.187000+00:00,0.00095411,15.752194,0.00144805,0.0001651,342.8969,345.11655,6722.1436,spacetrack,2026-09-12 13:40:49.261000+00:00,342.89362,6722.212,0.00046782,22.869979444444446,0.0034420669328390253,-0.07177968847722031,300-350,storm_recovery,6.689520514800054
100189,2026-09-08 13:28:56.690000+00:00,0.00037591,15.752052,0.00056347,0.0001498,343.0403,345.0543,6722.184,spacetrack,2026-09-07 13:05:16.936000+00:00,343.03775,6722.0767,0.001648,24.39437611111111,0.0025087749619375974,0.10556531506624253,300-350,storm_main,29.567984670054987
100189,2026-09-09 12:21:09.561000+00:00,0.0013049,15.753628,0.00200632,0.0001042,342.89877,344.2996,6721.7363,spacetrack,2026-09-08 13:28:56.690000+00:00,343.0403,6722.184,0.00037591,22.870241944444444,-0.14852138461197395,-0.4698157556057265,300-350,storm_recovery,15.680584635509673
100189,2026-09-10 15:47:47.305000+00:00,0.0005577,15.752393,0.00084064,0.0002397,342.33902,345.56158,6722.0874,spacetrack,2026-09-09 12:21:09.561000+00:00,342.89877,6721.7363,0.0013049,27.44381777777778,-0.4895091531644762,0.30704182881004355,300-350,storm_recovery,11.250275036644561
100189,2026-09-11 13:08:30.440000+00:00,0.0010442,15.751819,0.00158512,0.00032,341.9625,346.2647,6722.2505,spacetrack,2026-09-10 15:47:47.305000+00:00,342.33902,6722.0874,0.0005577,21.345315277777775,-0.42334722548738285,0.18338450142591306,300-350,storm_recovery,8.58707072531593
100189,2026-09-12 19:38:06.005000+00:00,0.0012796,15.752538,0.00195727,0.0003085,341.8353,345.98282,6722.046,spacetrack,2026-09-11 13:08:30.440000+00:00,341.9625,6722.2505,0.0010442,30.493212500000002,-0.10011408276510794,-0.16095385161520154,300-350,storm_recovery,7.354551625400425
100189,2026-09-13 12:24:22.806000+00:00,0.00099067,15.752408,0.00150607,0.00022,342.46716,345.42487,6722.083,spacetrack,2026-09-12 19:38:06.005000+00:00,341.8353,6722.046,0.0012796,16.77133361111111,0.904200008874213,0.05294748888640276,300-350,storm_recovery,7.244007677717142
100190,2026-09-08 12:23:54.118000+00:00,0.0013173,15.753115,0.00202134,0.0001857,342.49667,344.9932,6721.882,spacetrack,2026-09-07 21:09:06.570000+00:00,343.3737,6722.034,0.0015626,15.246541111111112,-1.3805570618676424,-0.23926738356036187,300-350,storm_main,33.90314240308202
100190,2026-09-09 12:47:35.892000+00:00,0.00059814,15.751991,0.00090078,0.0002565,342.34024,345.78873,6722.2017,spacetrack,2026-09-08 12:23:54.118000+00:00,342.49667,6721.882,0.0013173,24.394937222222225,-0.15389750610139147,0.31452427731647736,300-350,storm_recovery,15.894920410056852
100190,2026-09-10 23:51:37.513000+00:00,0.0015453,15.752748,0.00237766,0.0001045,343.1469,344.5518,6721.9863,spacetrack,2026-09-09 12:47:35.892000+00:00,342.34024,6722.2017,0.00059814,35.06711694444444,0.552079602970259,-0.14742016026555851,300-350,storm_recovery,10.28899535439267
100190,2026-09-11 19:40:51.650000+00:00,0.0011977,15.752485,0.00182874,0.0002598,342.17755,345.67035,6722.061,spacetrack,2026-09-10 23:51:37.513000+00:00,343.1469,6721.9863,0.0015453,19.82059361111111,-1.1737489026039474,0.09045137775277746,300-350,storm_recovery,8.445711339764364
100190,2026-09-12 12:27:07.668000+00:00,0.0017662,15.753222,0.00273484,0.0001976,342.38602,345.04248,6721.851,spacetrack,2026-09-11 19:40:51.650000+00:00,342.17755,6722.061,0.0011977,16.77111611111111,0.2983271934230247,-0.30051667203364,300-350,storm_recovery,8.552850835575144
100190,2026-09-13 12:50:48.738000+00:00,0.00089623,15.752195,0.00135871,0.0001658,342.892,345.12106,6722.1436,spacetrack,2026-09-12 12:27:07.668000+00:00,342.38602,6721.851,0.0017662,24.39474166666667,0.4977925229105262,0.2878653152376569,300-350,storm_recovery,6.684614683013995
100191,2026-09-08 12:31:01.109000+00:00,0.0012216,15.752706,0.00186772,0.0001228,343.03604,344.68695,6721.9985,spacetrack,2026-09-07 13:38:49.723000+00:00,343.01984,6722.036,0.00099745,22.869829444444445,0.017000564037659503,-0.03935315749490033,300-350,storm_main,30.243612721398858
100191,2026-09-09 12:54:42.384000+00:00,0.00034337,15.751996,0.0005142,0.0002013,342.7102,345.41653,6722.2,spacetrack,2026-09-08 12:31:01.109000+00:00,343.03604,6721.9985,0.0012216,24.39479861111111,-0.3205666963956332,0.19823898024722014,300-350,storm_recovery,15.846322089949162
100191,2026-09-10 23:58:44.235000+00:00,0.0012935,15.752594,0.00197942,6.92e-05,343.42783,344.35815,6722.03,spacetrack,2026-09-09 12:54:42.384000+00:00,342.7102,6722.2,0.00034337,35.06718083333333,0.49114641070970005,-0.11634810392637769,300-350,storm_recovery,10.288998471671647
100191,2026-09-11 19:47:58.567000+00:00,0.0012887,15.75235,0.00196983,0.0002255,342.44684,345.4785,6722.0996,spacetrack,2026-09-10 23:58:44.235000+00:00,343.42783,6722.03,0.0012935,19.820647777777776,-1.1878400879710682,0.0842757521713402,300-350,storm_recovery,8.397856601054018
100191,2026-09-12 12:34:15.085000+00:00,0.00096173,15.752186,0.00145979,0.0001755,342.8295,345.189,6722.1465,spacetrack,2026-09-11 19:47:58.567000+00:00,342.44684,6722.0996,0.0012887,16.771255,0.5475940828518612,0.0671148342808377,300-350,storm_recovery,8.57405070958216
100191,2026-09-13 12:57:55.735000+00:00,0.0012538,15.752284,0.00191457,0.0001556,342.93533,345.02725,6722.118,spacetrack,2026-09-12 12:34:15.085000+00:00,342.8295,6722.1465,0.00096173,24.394624999999998,0.10411801780107793,-0.028038963500629916,300-350,storm_recovery,6.67488887864073
100192,2026-09-08 12:20:51.229000+00:00,0.0019626,15.753263,0.00305109,0.0001549,342.6615,344.74393,6721.84,spacetrack,2026-09-07 21:06:03.557000+00:00,343.0735,6721.9995,0.0016778,15.246575555555555,-0.6485390744938679,-0.2510727727708806,300-350,storm_main,33.93645870059856
100192,2026-09-09 12:44:32.712000+00:00,0.001035,15.751976,0.00157174,0.0001604,342.99075,345.14725,6722.206,spacetrack,2026-09-08 12:20:51.229000+00:00,342.6615,6721.84,0.0019626,24.394856388888886,0.3239207427185004,0.36007590534537826,300-350,storm_recovery,15.915758402758923
100192,2026-09-10 23:48:34.436000+00:00,0.0011491,15.752487,0.00175268,6.83e-05,343.46442,344.38263,6722.0605,spacetrack,2026-09-09 12:44:32.712000+00:00,342.99075,6722.206,0.001035,35.067145555555555,0.3241803636965725,-0.0995803891275005,300-350,storm_recovery,10.28899675039292
100192,2026-09-11 13:31:53.612000+00:00,0.0010249,15.751825,0.00155507,8.93e-05,343.51157,344.71216,6722.249,spacetrack,2026-09-10 23:48:34.436000+00:00,343.46442,6722.0605,0.0011491,13.721993333333334,0.08246615287669873,0.3296897098044227,300-350,storm_recovery,9.478888392794245
100192,2026-09-12 12:24:05.290000+00:00,0.0011041,15.752521,0.00168291,0.0001372,342.99182,344.83636,6722.0513,spacetrack,2026-09-11 13:31:53.612000+00:00,343.51157,6722.249,0.0010249,22.869910555555556,-0.5454328284187155,-0.20746911049201777,300-350,storm_recovery,7.915477223724263
100192,2026-09-13 12:47:45.979000+00:00,0.0010596,15.752369,0.00161265,0.0001603,342.8796,345.03473,6722.094,spacetrack,2026-09-12 12:24:05.290000+00:00,342.99182,6722.0513,0.0011041,24.394635833333332,-0.11040459953580102,0.042009235431951966,300-350,storm_recovery,6.688775409174938
100193,2026-09-08 12:08:39.745000+00:00,0.0013076,15.753215,0.00200693,6.68e-05,343.2676,344.16565,6721.8535,spacetrack,2026-09-07 19:22:23.169000+00:00,342.67807,6722.117,0.0010899,16.771271111111112,0.8436283634236252,-0.377073386871125,300-350,storm_main,33.39654151636555
100193,2026-09-09 12:32:21.073000+00:00,0.00085868,15.752345,0.00130167,0.0001434,343.00003,344.92792,6722.101,spacetrack,2026-09-08 12:08:39.745000+00:00,343.2676,6721.8535,0.0013076,24.39481333333333,-0.2632395629453816,0.24349438213865313,300-350,storm_recovery,15.99905760933153
100193,2026-09-10 12:56:01.106000+00:00,0.0013507,15.751816,0.00206205,0.0002379,342.5153,345.71375,6722.2515,spacetrack,2026-09-09 12:32:21.073000+00:00,343.00003,6722.101,0.00085868,24.39445361111111,-0.47689200936643045,0.14806644402030628,300-350,storm_recovery,11.63922448081977
100193,2026-09-11 13:19:41.703000+00:00,0.0010415,15.751911,0.0015818,0.0003957,341.4274,346.74738,6722.2246,spacetrack,2026-09-10 12:56:01.106000+00:00,342.5153,6722.2515,0.0013507,24.394610277777776,-1.07030199305072,-0.026464862224346714,300-350,storm_recovery,8.508088062758215
100193,2026-09-12 13:43:22.304000+00:00,0.00082432,15.752016,0.00124694,0.0001054,343.34912,344.76614,6722.195,spacetrack,2026-09-11 13:19:41.703000+00:00,341.4274,6722.2246,0.0010415,24.394611388888887,1.890633929959149,-0.029121185358167535,300-350,storm_recovery,7.874926761204925
100193,2026-09-13 20:12:57.818000+00:00,0.0011079,15.752609,0.00168959,0.0002634,342.1182,345.65936,6722.026,spacetrack,2026-09-12 13:43:22.304000+00:00,343.34912,6722.195,0.00082432,30.493198333333332,-0.9688088365498544,-0.1330132692431637,300-350,storm_recovery,5.947952181758858
100194,2026-09-08 12:54:23.975000+00:00,0.00084576,15.752221,0.00128106,0.0001265,343.149,344.84967,6722.136,spacetrack,2026-09-07 14:02:12.358000+00:00,342.9039,6722.237,0.001061,22.86989361111111,0.25721151571695994,-0.1059908734693071,300-350,storm_main,30.362844446502248
100194,2026-09-09 19:23:59.546000+00:00,0.00059011,15.751885,0.00088809,0.0002136,342.6588,345.53055,6722.2314,spacetrack,2026-09-08 12:54:23.975000+00:00,343.149,6722.136,0.00084576,30.493214166666665,-0.3858169865497795,0.0750855579693113,300-350,storm_recovery,15.382163122613136
100194,2026-09-10 12:10:16.753000+00:00,0.0015459,15.753364,0.00238515,0.0001304,342.7977,344.55075,6721.811,spacetrack,2026-09-09 19:23:59.546000+00:00,342.6588,6722.2314,0.00059011,16.77144638888889,0.1987663987173675,-0.6015939094366788,300-350,storm_recovery,10.824574694221942
100194,2026-09-11 20:11:21.010000+00:00,0.001393,15.752724,0.00213688,0.0002244,342.3477,345.36453,6721.993,spacetrack,2026-09-10 12:10:16.753000+00:00,342.7977,6721.811,0.0015459,32.017849166666664,-0.33731185201674385,0.1364239045939484,300-350,storm_recovery,8.002248806410128
100194,2026-09-12 12:57:37.477000+00:00,0.0010066,15.752327,0.00153007,0.000141,343.0214,344.91702,6722.1064,spacetrack,2026-09-11 20:11:21.010000+00:00,342.3477,6721.993,0.001393,16.771240833333334,0.9640789349268255,0.16227779608133183,300-350,storm_recovery,8.643736954664803
100194,2026-09-13 13:21:18.341000+00:00,0.001014,15.75228,0.00154129,0.000118,343.18906,344.77548,6722.119,spacetrack,2026-09-12 12:57:37.477000+00:00,343.0214,6722.1064,0.0010066,24.394684444444444,0.1649474093080676,0.012396143130654697,300-350,storm_recovery,6.64294723859697
100195,2026-09-08 12:14:14.859000+00:00,0.001339,15.752395,0.00204893,0.0001826,342.72232,345.17725,6722.087,spacetrack,2026-09-07 20:59:27.112000+00:00,343.76544,6722.0337,0.0014233,15.24659638888889,-1.6419979490139927,0.08390069280931445,300-350,storm_main,34.00567478202375
100195,2026-09-09 12:37:56.343000+00:00,0.00099947,15.75186,0.00151596,0.0001378,343.1756,345.02826,6722.239,spacetrack,2026-09-08 12:14:14.859000+00:00,342.72232,6722.087,0.001339,24.394856666666666,0.44594318173894276,0.1495397185491103,300-350,storm_recovery,15.96089196124265
100195,2026-09-10 23:41:58.123000+00:00,0.0012124,15.752564,0.00185209,0.0001378,342.97528,344.82788,6722.0386,spacetrack,2026-09-09 12:37:56.343000+00:00,343.1756,6722.239,0.00099947,35.06716111111111,-0.13709920756819152,-0.13715395964771415,300-350,storm_recovery,10.288997509382392
100195,2026-09-11 19:31:12.381000+00:00,0.0013342,15.752553,0.00204286,0.0002299,342.35928,345.4501,6722.0415,spacetrack,2026-09-10 23:41:58.123000+00:00,342.97528,6722.0386,0.0012124,19.82062722222222,-0.7458896146043414,0.0035114933160026655,300-350,storm_recovery,8.510663063723541
100195,2026-09-12 19:54:52.882000+00:00,0.0012408,15.752363,0.00189499,0.000206,342.57416,345.34366,6722.0957,spacetrack,2026-09-11 19:31:12.381000+00:00,342.35928,6722.0415,0.0013342,24.394583611111113,0.21140430524302586,0.05332331228631815,300-350,storm_recovery,7.566365443531232
100195,2026-09-13 12:41:09.557000+00:00,0.00097448,15.752062,0.00147869,0.0001741,342.8741,345.21475,6722.1816,spacetrack,2026-09-12 19:54:52.882000+00:00,342.57416,6722.0957,0.0012408,16.771298611111114,0.4292189988931874,0.12292429154144821,300-350,storm_recovery,7.260688949830378
100196,2026-09-08 12:03:03.882000+00:00,0.0014983,15.7520685,0.00229632,0.0001089,343.3106,344.7747,6722.1797,spacetrack,2026-09-07 20:48:11.058000+00:00,342.31305,6721.1973,0.0016807,15.248006666666667,1.5701199850822762,1.5462742452454044,300-350,storm_main,34.066143836943056
100196,2026-09-09 12:26:45.492000+00:00,0.0012219,15.75267,0.00186787,0.0001319,342.98477,344.75803,6722.0083,spacetrack,2026-09-08 12:03:03.882000+00:00,343.3106,6722.1797,0.0014983,24.394891666666666,-0.32055563545236393,-0.16862546701132708,300-350,storm_recovery,16.037288544357136
100196,2026-09-10 12:50:26.318000+00:00,0.00093601,15.752195,0.00142147,0.0006273,339.78964,348.22324,6722.1436,spacetrack,2026-09-09 12:26:45.492000+00:00,342.98477,6722.0083,0.0012219,24.39467388888889,-3.143436979287812,0.13311102311873846,300-350,storm_recovery,11.650664251324624
100196,2026-09-11 13:14:06.597000+00:00,0.001372,15.752017,0.0020972,0.0001065,343.34134,344.77316,6722.1943,spacetrack,2026-09-10 12:50:26.318000+00:00,339.78964,6722.1436,0.00093601,24.394521944444442,3.4942599077827863,0.04988005105268328,300-350,storm_recovery,8.508086281529577
100196,2026-09-12 15:09:15.379000+00:00,0.00077904,15.751748,0.00117603,0.0001014,343.4521,344.81537,6722.2705,spacetrack,2026-09-11 13:14:06.597000+00:00,343.34134,6722.1943,0.001372,25.919106111111113,0.1025590924549574,0.07055798884994832,300-350,storm_recovery,7.818744456443552
100196,2026-09-13 12:29:58.641000+00:00,0.00069959,15.752192,0.00105654,0.0001727,342.8468,345.1686,6722.1445,spacetrack,2026-09-12 15:09:15.379000+00:00,343.4521,6722.2705,0.00077904,21.345350555555555,-0.6805791248164345,-0.14167019614470586,300-350,storm_recovery,6.686549954113088
100197,2026-09-08 13:23:21.235000+00:00,0.00029446,15.75213,0.00044062,0.0001346,343.12048,344.93008,6722.162,spacetrack,2026-09-07 12:59:41.601000+00:00,343.00885,6722.0635,0.0010261,24.39434277777778,0.10982546340376713,0.09690771428180887,300-350,storm_main,29.541265851779794
100197,2026-09-09 12:15:34.262000+00:00,0.0010827,15.7532625,0.00165498,0.0001252,342.86136,344.54453,6721.84,spacetrack,2026-09-08 13:23:21.235000+00:00,343.12048,6722.162,0.00029446,22.87028527777778,-0.2719196513933544,-0.33790571066954767,300-350,storm_recovery,15.721321335604483
100197,2026-09-10 08:04:48.527000+00:00,0.0013175,15.753332,0.00202354,0.0001598,342.6091,344.7574,6721.8203,spacetrack,2026-09-09 12:15:34.262000+00:00,342.86136,6721.84,0.0010827,19.820629166666667,-0.30545145409315244,-0.02385393500984545,300-350,storm_recovery,12.38340195922416
100197,2026-09-11 17:37:21.524000+00:00,0.00092134,15.752124,0.001397,0.0001438,343.06027,344.99356,6722.164,spacetrack,2026-09-10 08:04:48.527000+00:00,342.6091,6721.8203,0.0013175,33.542499166666666,0.3228167330703948,0.24592085279632417,300-350,storm_recovery,8.352831648559413
100197,2026-09-12 19:32:30.511000+00:00,0.00089615,15.752406,0.00135996,0.000259,342.20557,345.6876,6722.0835,spacetrack,2026-09-11 17:37:21.524000+00:00,343.06027,6722.164,0.00092134,25.919163055555554,-0.791414443283992,-0.07453944388017539,300-350,storm_recovery,7.3857076596491185
100197,2026-09-13 19:56:11.291000+00:00,0.0013568,15.752421,0.00207708,0.0001661,342.82568,345.05875,6722.079,spacetrack,2026-09-12 19:32:30.511000+00:00,342.20557,6722.0835,0.00089615,24.394661111111112,0.610077751529832,-0.004427198209815816,300-350,storm_recovery,6.177815068369923
100198,2026-09-08 12:17:48.523000+00:00,0.0013964,15.753312,0.00214784,6.26e-05,343.26813,344.1097,6721.8257,spacetrack,2026-09-07 19:31:31.959000+00:00,342.84995,6722.0664,0.0013589,16.771267777777776,0.5984234545046415,-0.3444462324809725,300-350,storm_main,33.35109651155372
100198,2026-09-09 12:41:29.822000+00:00,0.0012161,15.752084,0.00185394,0.0001661,342.9216,345.15472,6722.1753,spacetrack,2026-09-08 12:17:48.523000+00:00,343.26813,6721.8257,0.0013964,24.394805277777778,-0.3409217620431424,0.34394207719429803,300-350,storm_recovery,15.936570899503549
100198,2026-09-10 13:05:09.888000+00:00,0.00049339,15.75232,0.0007424,0.0001359,343.05737,344.88443,6722.108,spacetrack,2026-09-09 12:41:29.822000+00:00,342.9216,6722.1753,0.0012161,24.39446277777778,0.1335745750862705,-0.06621174709632394,300-350,storm_recovery,11.620477807429571
100198,2026-09-11 13:28:50.559000+00:00,0.00095682,15.751908,0.00145053,0.0002584,342.35117,345.82523,6722.225,spacetrack,2026-09-10 13:05:09.888000+00:00,343.05737,6722.108,0.00049339,24.394630833333334,-0.6947758347234348,0.11510729632225589,300-350,storm_recovery,8.508088477256113
100198,2026-09-12 12:21:02.317000+00:00,0.0018228,15.753062,0.00282359,0.0002126,342.33075,345.1889,6721.897,spacetrack,2026-09-11 13:28:50.559000+00:00,342.35117,6722.225,0.00095682,22.869932777777777,-0.021429009204444828,-0.34420739564478986,300-350,storm_recovery,7.919923050835378
100198,2026-09-13 12:44:43.022000+00:00,0.0014543,15.75264,0.00223275,0.0001359,342.96652,344.79358,6722.017,spacetrack,2026-09-12 12:21:02.317000+00:00,342.33075,6721.897,0.0018228,24.39464027777778,0.625484935471632,0.11805871975168691,300-350,storm_recovery,6.6929420687296926
100199,2026-09-08 13:04:33.483000+00:00,0.00073697,15.752202,0.00111384,0.0001336,343.10648,344.90262,6722.1416,spacetrack,2026-09-07 12:40:53.362000+00:00,342.77188,6722.1465,0.0013153,24.394478055555556,0.3291892526542646,-0.004820763114092651,300-350,storm_main,29.451293923860568
100199,2026-09-09 11:56:46.133000+00:00,0.0013632,15.753758,0.00209963,9.99e-05,342.89032,344.23334,6721.6987,spacetrack,2026-09-08 13:04:33.483000+00:00,343.10648,6722.1416,0.00073697,22.870180555555553,-0.22683861141357875,-0.46477988987358915,300-350,storm_recovery,15.858313439443526
100199,2026-09-10 13:51:54.972000+00:00,0.00050494,15.752278,0.00075982,0.0001085,343.2537,344.7124,6722.12,spacetrack,2026-09-09 11:56:46.133000+00:00,342.89032,6721.6987,0.0013632,25.919121944444445,0.3364743612338865,0.39010580766091985,300-350,storm_recovery,11.552615631623068
100199,2026-09-11 12:44:07.067000+00:00,0.00096403,15.751871,0.00146131,0.0001652,342.98828,345.20932,6722.236,spacetrack,2026-09-10 13:51:54.972000+00:00,343.2537,6722.12,0.00050494,22.87002638888889,-0.27853400305191456,0.12173138555503468,300-350,storm_recovery,8.475295751917889
100199,2026-09-12 13:07:47.304000+00:00,0.0013411,15.752526,0.00205335,0.0001228,343.08698,344.7379,6722.0493,spacetrack,2026-09-11 12:44:07.067000+00:00,342.98828,6722.236,0.00096403,24.394510277777776,0.0971038144659151,-0.1836806703222328,300-350,storm_recovery,7.923544148485958
100199,2026-09-13 13:31:28.066000+00:00,0.00080482,15.752049,0.00121719,0.0001695,342.90872,345.18756,6722.185,spacetrack,2026-09-12 13:07:47.304000+00:00,343.08698,6722.0493,0.0013411,24.39465611111111,-0.17537611436344713,0.13350464893555142,300-350,storm_recovery,6.629061155265312
100200,2026-09-08 12:48:17.694000+00:00,0.00077527,15.752334,0.00117328,0.0001536,342.93472,344.99976,6722.104,spacetrack,2026-09-07 12:24:37.650000+00:00,342.78384,6721.856,0.0010553,24.394456666666667,0.1484402808999108,0.2439898572590487,300-350,storm_main,29.373527961338755
100200,2026-09-09 07:06:04.130000+00:00,0.0017222,15.75361,0.00266899,0.0001655,342.49173,344.7166,6721.741,spacetrack,2026-09-08 12:48:17.694000+00:00,342.93472,6722.104,0.00077527,18.296232222222223,-0.5810901321577618,-0.4761636108567422,300-350,storm_recovery,17.282366727721534
100200,2026-09-10 13:35:39.208000+00:00,0.00033043,15.752146,0.00049493,5.59e-05,343.64496,344.3965,6722.1577,spacetrack,2026-09-09 07:06:04.130000+00:00,342.49173,6721.741,0.0017222,30.49307722222222,0.9076656907499594,0.3279695232826857,300-350,storm_recovery,11.459574658648842
100200,2026-09-11 12:27:51.317000+00:00,0.0011561,15.752608,0.00176461,0.0001515,342.87057,344.90735,6722.026,spacetrack,2026-09-10 13:35:39.208000+00:00,343.64496,6722.1577,0.00033043,22.870030277777776,-0.8126513071589532,-0.13820707544358188,300-350,storm_recovery,8.47529584114018
100200,2026-09-12 12:51:31.862000+00:00,0.0011333,15.7525015,0.0017283,0.000162,342.83038,345.00833,6722.056,spacetrack,2026-09-11 12:27:51.317000+00:00,342.87057,6722.026,0.0011561,24.394595833333334,-0.03953990492770925,0.02951473371040908,300-350,storm_recovery,7.945762361187806
100200,2026-09-13 19:21:07.242000+00:00,0.001486,15.75276,0.00228396,0.0001531,342.8167,344.875,6721.983,spacetrack,2026-09-12 12:51:31.862000+00:00,342.83038,6722.056,0.0011333,30.493161111111114,-0.010767004404785478,-0.05745550596089104,300-350,storm_recovery,6.089630024510049
100201,2026-09-08 13:07:06.090000+00:00,0.00084399,15.752226,0.00127836,0.0001242,343.1631,344.83286,6722.135,spacetrack,2026-09-07 18:49:20.771000+00:00,343.00595,6722.1377,0.0010192,18.295921944444444,0.20614429879251212,-0.003541772871401066,300-350,storm_main,32.59732429140744
100201,2026-09-09 19:36:42.519000+00:00,0.0011412,15.752178,0.00173822,0.0002445,342.36786,345.65497,6722.1484,spacetrack,2026-09-08 13:07:06.090000+00:00,343.1631,6722.135,0.00084399,30.4934525,-0.6258969855905783,0.010546526340225638,300-350,storm_recovery,15.333563136764086
100201,2026-09-10 12:22:58.263000+00:00,0.0013553,15.753491,0.00208471,7.81e-05,343.11285,344.16278,6721.775,spacetrack,2026-09-09 19:36:42.519000+00:00,342.36786,6722.1484,0.0011412,16.77104,1.0661091977599093,-0.5343496885112455,300-350,storm_recovery,10.74879643719173
100201,2026-09-11 12:46:39.473000+00:00,0.00098294,15.752471,0.00149444,0.0001419,342.9742,344.88193,6722.065,spacetrack,2026-09-10 12:22:58.263000+00:00,343.11285,6721.775,0.0013553,24.394780555555556,-0.1364062280626586,0.285306932118071,300-350,storm_recovery,8.508091496348092
100201,2026-09-12 13:10:19.934000+00:00,0.00076766,15.7522955,0.00116144,0.0001958,342.6618,345.2942,6722.115,spacetrack,2026-09-11 12:46:39.473000+00:00,342.9742,6722.065,0.00098294,24.3945725,-0.3073470543498657,0.04919126990253121,300-350,storm_recovery,7.920070938821421
100201,2026-09-13 19:39:55.569000+00:00,0.0013361,15.752405,0.00204459,0.0002301,342.4001,345.49356,6722.084,spacetrack,2026-09-12 13:10:19.934000+00:00,342.6618,6722.115,0.00076766,30.493231944444442,-0.2059735751016301,-0.02439885681367819,300-350,storm_recovery,6.038239724142793
100202,2026-09-08 13:10:09.055000+00:00,0.00093213,15.751732,0.00141123,0.0001612,343.05463,345.2219,6722.2754,spacetrack,2026-09-07 12:46:30.323000+00:00,342.56387,6722.006,0.0011513,24.394092222222223,0.4828316582844429,0.2650477804668307,300-350,storm_main,29.47827082039855
100202,2026-09-09 19:39:45.433000+00:00,0.00083186,15.752183,0.00125958,0.0002414,342.38727,345.63272,6722.147,spacetrack,2026-09-08 13:10:09.055000+00:00,343.05463,6722.2754,0.00093213,30.493438333333334,-0.5252487379388463,-0.10105780680834751,300-350,storm_recovery,15.321896346407057
100202,2026-09-10 12:26:02.007000+00:00,0.0012712,15.753209,0.00194973,9.04e-05,343.11047,344.32578,6721.855,spacetrack,2026-09-09 19:39:45.433000+00:00,342.38727,6722.147,0.00083186,16.771270555555557,1.0349126467494116,-0.4178574292743418,300-350,storm_recovery,10.73059508146322
100202,2026-09-11 12:49:42.487000+00:00,0.0011964,15.751991,0.00182262,0.000189,342.79416,345.33517,6722.2017,spacetrack,2026-09-10 12:26:02.007000+00:00,343.11047,6721.855,0.0012712,24.394577777777776,-0.3111937443293843,0.34109219170750127,300-350,storm_recovery,8.508087407402009
100202,2026-09-12 13:13:22.622000+00:00,0.00082974,15.752129,0.00125592,0.0001695,342.88623,345.16504,6722.1626,spacetrack,2026-09-11 12:49:42.487000+00:00,342.79416,6722.2017,0.0011964,24.394481944444443,0.09058114064619736,-0.038467715860340354,300-350,storm_recovery,7.915906426242683
100202,2026-09-13 13:37:03.560000+00:00,0.00096536,15.751829,0.0014631,0.0001745,342.93765,345.28372,6722.2476,spacetrack,2026-09-12 13:13:22.622000+00:00,342.88623,6722.1626,0.00082974,24.394705,0.05058802719689279,0.08362470462343666,300-350,storm_recovery,6.621421488347117
100216,2026-09-08 17:07:22.247000+00:00,0.0013881,15.75123,0.00211514,0.0001088,343.54984,345.01263,6722.4185,spacetrack,2026-09-07 16:43:41.673000+00:00,343.1323,6722.0337,0.00096665,24.394603888888888,0.41078592813573134,0.37857552604909994,300-350,storm_main,31.595908573769968
100216,2026-09-09 15:59:34.695000+00:00,0.0011011,15.751499,0.00167069,0.0001462,343.2218,345.1874,6722.342,spacetrack,2026-09-08 17:07:22.247000+00:00,343.54984,6722.4185,0.0013881,22.870124444444446,-0.3442464871201668,-0.08027940575762652,300-350,storm_recovery,12.64110101524007
100216,2026-09-10 20:58:24.301000+00:00,0.0009954,15.728451,0.00136349,0.0001905,349.48843,352.05212,6728.907,spacetrack,2026-09-09 15:59:34.695000+00:00,343.2218,6722.342,0.0011011,28.98044611111111,5.189675804967593,5.436769309758958,300-350,storm_recovery,9.834186271152983
100221,2026-09-08 21:25:03.059000+00:00,0.001575,15.752212,0.00241891,0.0001642,342.8982,345.10574,6722.139,spacetrack,2026-09-07 21:01:22.108000+00:00,343.33975,6722.061,0.0013392,24.39470861111111,-0.4344056807128013,0.07673795288366998,300-350,storm_main,30.60224693991301
100221,2026-09-11 16:30:09.372000+00:00,0.0011557,15.751995,0.00175921,0.0001136,343.29996,344.82724,6722.2007,spacetrack,2026-09-10 19:09:26.085000+00:00,342.46246,6722.0347,0.001106,21.3453575,0.9416567513567977,0.1866448008661376,300-350,storm_recovery,9.059892141261475
100226,2026-09-08 09:23:53.444000+00:00,0.0013125,15.752154,0.00200526,0.0001824,342.792,345.24423,6722.1553,spacetrack,2026-09-07 22:43:31.229000+00:00,343.08,6722.0693,0.0012977,10.672837499999998,-0.6476253386224857,0.1933881219503026,300-350,storm_main,35.091961252103765
100229,2026-09-08 16:38:24.389000+00:00,0.00051677,15.751953,0.00077671,0.0001094,343.34003,344.81085,6722.2124,spacetrack,2026-09-07 22:20:39.058000+00:00,343.21298,6722.25,0.0024779,18.29592527777778,0.1666600597513089,-0.049322457666998255,300-350,storm_main,32.79147439492865
100245,2026-09-08 23:12:10.774000+00:00,0.0015056,15.824927,0.0076144,0.014722,224.734,422.05386,6701.531,spacetrack,2026-09-07 04:45:30.961000+00:00,226.23997,6708.8096,0.0011354,42.4443925,-0.8515442882119182,-4.115653204365957,200-250,storm_main,26.145613692603145
100245,2026-09-10 22:06:49.593000+00:00,0.0012653,15.85276,0.00697615,0.013894,222.54564,408.54974,6693.6846,spacetrack,2026-09-08 23:12:10.774000+00:00,224.734,6701.531,0.0015056,46.910783055555555,-1.119585659821564,-4.01429240217526,200-250,storm_recovery,10.132434109454543
100245,2026-09-11 02:38:56.969000+00:00,0.0013298,15.855495,0.00732167,0.0137305,222.88083,406.67496,6692.915,spacetrack,2026-09-10 22:06:49.593000+00:00,222.54564,6693.6846,0.0012653,4.535382222222222,1.7737336360723845,-4.072512325309824,200-250,storm_recovery,7.91123625743659
100246,2026-09-08 16:23:53.147000+00:00,0.00059064,15.7519455,0.00088909,0.0001612,342.99393,345.16116,6722.2144,spacetrack,2026-09-07 22:06:07.514000+00:00,343.3227,6722.0063,0.0014351,18.296009166666668,-0.43126782065545055,0.2729775632762144,300-350,storm_main,32.69887780475745
100246,2026-09-09 15:16:05.481000+00:00,0.0011864,15.75175,0.00180504,0.0001311,343.2519,345.01447,6722.27,spacetrack,2026-09-08 16:23:53.147000+00:00,342.99393,6722.2144,0.00059064,22.870092777777778,0.2707151239025973,0.058346943013317505,300-350,storm_recovery,13.401654348824849
100246,2026-09-10 15:39:46.217000+00:00,0.0011438,15.75182,0.00173955,0.0002827,342.213,346.01376,6722.2505,spacetrack,2026-09-09 15:16:05.481000+00:00,343.2519,6722.27,0.0011864,24.39464888888889,-1.0220930054605344,-0.01918453518800978,300-350,storm_recovery,11.161929569800007
100246,2026-09-11 20:37:52.745000+00:00,0.00099937,15.752177,0.00151794,0.0001519,342.99054,345.0327,6722.1484,spacetrack,2026-09-10 15:39:46.217000+00:00,342.213,6722.2505,0.0011438,28.968480000000003,0.644181538002674,-0.08458849066300808,300-350,storm_recovery,7.912430405200565
100246,2026-09-12 21:01:33.244000+00:00,0.0011714,15.752336,0.00178622,0.0001185,343.17007,344.7632,6722.1035,spacetrack,2026-09-11 20:37:52.745000+00:00,342.99054,6722.1484,0.00099937,24.394583055555554,0.17662609728509945,-0.04417374125816355,300-350,storm_recovery,7.566365524750662
100246,2026-09-13 13:47:49.803000+00:00,0.001461,15.752447,0.0022413,7.69e-05,343.41794,344.45178,6722.072,spacetrack,2026-09-12 21:01:33.244000+00:00,343.17007,6722.1035,0.0011714,16.77126638888889,0.3547066668704665,-0.04507709689126868,300-350,storm_recovery,7.32695016620606
100247,2026-09-08 21:45:05.201000+00:00,0.001343,15.752337,0.00205471,0.0001206,343.1554,344.77676,6722.103,spacetrack,2026-09-07 15:15:29.295000+00:00,343.4327,6722.287,0.0011998,30.493307222222224,-0.21825117070773412,-0.14481866357829898,300-350,storm_main,29.30454998932097
100247,2026-09-09 16:02:51.250000+00:00,0.00098057,15.751566,0.00148484,0.0001312,343.30368,345.06763,6722.3228,spacetrack,2026-09-08 21:45:05.201000+00:00,343.1554,6722.103,0.001343,18.29612472222222,0.19450676326433336,0.2883233515340665,300-350,storm_recovery,10.900771275957359
100247,2026-09-10 14:55:02.728000+00:00,0.0018511,15.754411,0.00288645,2.18e-05,343.22983,343.5229,6721.513,spacetrack,2026-09-09 16:02:51.250000+00:00,343.30368,6722.3228,0.00098057,22.869855,-0.0774993982252985,-0.8498173687590016,300-350,storm_recovery,11.217529727815647
100247,2026-09-11 19:53:09.142000+00:00,0.00095129,15.752402,0.001445,0.0001326,343.05643,344.83914,6722.085,spacetrack,2026-09-10 14:55:02.728000+00:00,343.22983,6721.513,0.0018511,28.968448333333335,-0.1436597484309059,0.4738949025518324,300-350,storm_recovery,7.949568732893624
100247,2026-09-12 20:16:50.288000+00:00,0.0010331,15.752225,0.00157048,0.000184,342.76117,345.2349,6722.1353,spacetrack,2026-09-11 19:53:09.142000+00:00,343.05643,6722.085,0.00095129,24.394762777777775,-0.2904820212662527,0.04948603153037384,300-350,storm_recovery,7.56633925045797
100247,2026-09-13 16:06:04.518000+00:00,0.0013519,15.75204,0.002066,0.0001717,342.89667,345.20508,6722.188,spacetrack,2026-09-12 20:16:50.288000+00:00,342.76117,6722.1353,0.0010331,19.820619444444443,0.1640715624006901,0.06381233460183221,300-350,storm_recovery,6.8757930679092185
100248,2026-09-08 20:36:28.817000+00:00,0.0013768,15.752157,0.00210602,0.0001368,343.09775,344.93692,6722.1543,spacetrack,2026-09-07 20:12:47.821000+00:00,343.1422,6721.9966,0.0015637,24.39472111111111,-0.043730772536428195,0.15514832011217883,300-350,storm_main,31.005126473400505
100248,2026-09-09 14:54:14.486000+00:00,0.0014047,15.753306,0.00216088,0.0001385,342.75955,344.6215,6721.8276,spacetrack,2026-09-08 20:36:28.817000+00:00,343.09775,6722.1543,0.0013768,18.296019166666664,-0.4436374889018815,-0.42855224016696225,300-350,storm_recovery,10.91648483825466
100248,2026-09-10 18:20:52.108000+00:00,0.0011655,15.752286,0.00177673,0.0001833,342.74866,345.21298,6722.1177,spacetrack,2026-09-09 14:54:14.486000+00:00,342.75955,6721.8276,0.0014047,27.44378388888889,-0.009523468085107567,0.25369679444323395,300-350,storm_recovery,10.586839833047804
100248,2026-09-11 15:41:35.682000+00:00,0.0009691,15.751913,0.00146949,0.0002424,342.45737,345.7163,6722.2236,spacetrack,2026-09-10 18:20:52.108000+00:00,342.74866,6722.1177,0.0011655,21.34543722222222,-0.3275154276399924,0.11906994331160324,300-350,storm_recovery,8.98403892562311
100248,2026-09-12 16:05:16.540000+00:00,0.0012134,15.751794,0.00184776,0.0003574,341.71832,346.5234,6722.258,spacetrack,2026-09-11 15:41:35.682000+00:00,342.45737,6722.2236,0.0009691,24.394682777777774,-0.727092873540381,0.03384344070017114,300-350,storm_recovery,7.6770897410271255
100248,2026-09-13 16:28:56.590000+00:00,0.00095136,15.752141,0.00144345,0.0001428,343.0622,344.98206,6722.159,spacetrack,2026-09-12 16:05:16.540000+00:00,341.71832,6722.258,0.0012134,24.394458333333333,1.3221494635906164,-0.09739917023520062,300-350,storm_recovery,6.414977673094014
100249,2026-09-08 16:26:25.699000+00:00,0.0014678,15.751545,0.00224309,0.0001646,343.08514,345.29813,6722.3286,spacetrack,2026-09-07 22:08:40.243000+00:00,342.60486,6722.058,0.00115,18.29596,0.6300144950033344,0.35496360945235716,300-350,storm_main,32.71509249097129
100249,2026-09-09 15:18:38.258000+00:00,0.00090696,15.75178,0.00137284,0.0002449,342.47842,345.771,6722.2617,spacetrack,2026-09-08 16:26:25.699000+00:00,343.08514,6722.3286,0.0014678,22.870155277777776,-0.636693534571173,-0.07020503273781582,300-350,storm_recovery,13.35718969939948
100249,2026-09-10 15:42:18.796000+00:00,0.0012664,15.75174,0.00192977,0.0003036,342.09497,346.17673,6722.273,spacetrack,2026-09-09 15:18:38.258000+00:00,342.47842,6722.2617,0.00090696,24.39459388888889,-0.37724751811476454,0.011117217250597004,300-350,storm_recovery,11.144546962351791
100249,2026-09-11 16:05:58.773000+00:00,0.0013068,15.751927,0.00199423,0.0001296,343.21167,344.95407,6722.2197,spacetrack,2026-09-10 15:42:18.796000+00:00,342.09497,6722.273,0.0012664,24.394438055555554,1.098643876893787,-0.052438182716016545,300-350,storm_recovery,8.488486144786853
100249,2026-09-12 16:29:39.238000+00:00,0.001191,15.751975,0.00181401,0.0001071,343.3492,344.7891,6722.206,spacetrack,2026-09-11 16:05:58.773000+00:00,343.21167,6722.2197,0.0013068,24.39457361111111,0.1353055008305568,-0.013478407338861829,300-350,storm_recovery,7.660441697729566
100249,2026-09-13 21:27:46.019000+00:00,0.0010661,15.7524185,0.0016232,0.0002081,342.54422,345.34195,6722.08,spacetrack,2026-09-12 16:29:39.238000+00:00,343.3492,6722.206,0.001191,28.96855027777778,-0.6669135947345046,-0.10438906921499091,300-350,storm_recovery,5.7965339538095435
100250,2026-09-08 16:36:35.531000+00:00,0.0014157,15.752126,0.00216715,0.0003335,341.78458,346.26825,6722.1636,spacetrack,2026-09-07 20:47:21.699000+00:00,343.36215,6721.9033,0.0010621,19.820508888888888,-1.9102274423046866,0.31518867830381847,300-350,storm_main,32.66677865317731
100250,2026-09-09 21:34:42.202000+00:00,0.001694,15.75287,0.00261524,9.19e-05,343.19696,344.43243,6721.9517,spacetrack,2026-09-08 16:36:35.531000+00:00,341.78458,6722.1636,0.0014157,28.968519722222222,1.1701364213648997,-0.1755560880835948,300-350,storm_recovery,13.502787091554586
100250,2026-09-10 15:52:28.958000+00:00,0.00059496,15.751796,0.00089508,0.0001385,343.1891,345.05115,6722.2573,spacetrack,2026-09-09 21:34:42.202000+00:00,343.19696,6721.9517,0.001694,18.29632111111111,-0.010310269417237748,0.4008674725084597,300-350,storm_recovery,9.861702707812116
100250,2026-09-11 16:16:08.249000+00:00,0.0013128,15.751896,0.00200338,0.0001119,343.33963,344.84406,6722.229,spacetrack,2026-09-10 15:52:28.958000+00:00,343.1891,6722.2573,0.00059496,24.3942475,0.14809721021318986,-0.027842629701886598,300-350,storm_recovery,8.495453510322692
100250,2026-09-12 16:39:48.225000+00:00,0.0011116,15.751607,0.00168778,0.0001439,343.2066,345.1413,6722.311,spacetrack,2026-09-11 16:16:08.249000+00:00,343.33963,6722.229,0.0013128,24.394437777777778,-0.1308790154987251,0.080674128172733,300-350,storm_recovery,7.653516450516908
100250,2026-09-13 15:32:01.162000+00:00,0.0011783,15.752085,0.00179501,0.0001594,342.9665,345.10953,6722.175,spacetrack,2026-09-12 16:39:48.225000+00:00,343.2066,6722.311,0.0011116,22.870260277777778,-0.2519604031616,-0.14271809591777201,300-350,storm_recovery,6.550762582415833
100251,2026-09-08 15:35:37.835000+00:00,0.0021665,15.751215,0.00335136,0.0004858,341.01974,347.55124,6722.4224,spacetrack,2026-09-07 18:14:53.733000+00:00,342.91187,6722.143,0.00094942,21.34558388888889,-2.1274245875109683,0.31414460409766126,300-350,storm_main,31.69071809831287
100251,2026-09-09 22:05:12.887000+00:00,0.00088505,15.7524185,0.00134276,0.0001244,343.10672,344.77914,6722.08,spacetrack,2026-09-08 15:35:37.835000+00:00,341.01974,6722.4224,0.0021665,30.49307,1.6425869877975416,-0.26949074002751644,300-350,storm_recovery,14.327290676209381
100251,2026-09-10 16:22:57.950000+00:00,0.0015139,15.7517395,0.00231761,0.0001016,343.45337,344.81934,6722.2734,spacetrack,2026-09-09 22:05:12.887000+00:00,343.10672,6722.08,0.00088505,18.295850833333333,0.4547260510477451,0.2536968650589396,300-350,storm_recovery,9.667266332076537
100251,2026-09-11 15:15:09.914000+00:00,0.0010404,15.751799,0.00157881,0.0001423,343.16287,345.07602,6722.2563,spacetrack,2026-09-10 16:22:57.950000+00:00,343.45337,6722.2734,0.0015139,22.86999,-0.30485365319356095,-0.01794491383689558,300-350,storm_recovery,8.683987351498137
100251,2026-09-12 21:44:45.363000+00:00,0.0013408,15.752541,0.00205312,0.0001507,342.8953,344.92133,6722.0454,spacetrack,2026-09-11 15:15:09.914000+00:00,343.16287,6722.2563,0.0010404,30.493180277777775,-0.2105939735213298,-0.16599121357274768,300-350,storm_recovery,7.033284537055277
100251,2026-09-13 16:02:31.072000+00:00,0.0010555,15.752018,0.00160372,0.0001656,342.94394,345.17032,6722.1943,spacetrack,2026-09-12 21:44:45.363000+00:00,342.8953,6722.0454,0.0013408,18.296030277777778,0.06380400459969335,0.1953210584890549,300-350,storm_recovery,7.115429912095837
100252,2026-09-08 15:33:05.772000+00:00,0.0021255,15.750857,0.0032811,0.0006166,340.24203,348.53226,6722.524,spacetrack,2026-09-07 21:15:18.842000+00:00,342.8676,6722.062,0.0017808,18.296369444444444,-3.444053761121073,0.6060218686378482,300-350,storm_main,32.37500463434382
100252,2026-09-09 22:02:40.371000+00:00,0.0010798,15.752369,0.00164391,0.000105,343.25146,344.66312,6722.094,spacetrack,2026-09-08 15:33:05.772000+00:00,340.24203,6722.524,0.0021255,30.492944166666668,2.368624020207086,-0.3384389497977136,300-350,storm_recovery,14.36470147342556
100252,2026-09-10 16:20:25.507000+00:00,0.0014877,15.751795,0.00227682,0.0001039,343.42212,344.819,6722.2573,spacetrack,2026-09-09 22:02:40.371000+00:00,343.25146,6722.094,0.0010798,18.29587111111111,0.22386690281790095,0.21421226549982497,300-350,storm_recovery,9.683470220117664
100252,2026-09-11 15:12:37.672000+00:00,0.001106,15.752037,0.00168224,0.0001913,342.76553,345.33743,6722.1885,spacetrack,2026-09-10 16:20:25.507000+00:00,343.42212,6722.2573,0.0014877,22.870045833333332,-0.6890305386722128,-0.07219924315121412,300-350,storm_recovery,8.68212923831166
100252,2026-09-12 23:13:41.763000+00:00,0.00094984,15.752308,0.00144217,0.0001486,342.9756,344.97342,6722.1113,spacetrack,2026-09-11 15:12:37.672000+00:00,342.76553,6722.1885,0.001106,32.017803055555554,0.15746489511636105,-0.057867805508087,300-350,storm_recovery,6.891487306311209
100252,2026-09-13 15:59:58.639000+00:00,0.0010111,15.752246,0.00153661,0.0001336,343.09418,344.89035,6722.1294,spacetrack,2026-09-12 23:13:41.763000+00:00,342.9756,6722.1113,0.00094984,16.771354444444444,0.1696893360299188,0.025901306984150538,300-350,storm_recovery,7.398652159479069
100253,2026-09-08 22:02:21.859000+00:00,0.0016816,15.752555,0.00259188,0.0001123,343.14932,344.6591,6722.041,spacetrack,2026-09-07 15:32:46.158000+00:00,343.4125,6722.3037,0.0011822,30.49325027777778,-0.2071382992125273,-0.2067605106891482,300-350,storm_main,29.238459693370576
100253,2026-09-09 16:20:07.867000+00:00,0.00098709,15.75171,0.00149584,0.0001035,343.44876,344.8403,6722.2817,spacetrack,2026-09-08 22:02:21.859000+00:00,343.14932,6722.041,0.0016816,18.296113333333334,0.3927916202238999,0.3157391897797467,300-350,storm_recovery,10.900768724286433
100253,2026-09-10 15:12:18.951000+00:00,0.0010099,15.751654,0.0015307,0.0001416,343.20868,345.11246,6722.2974,spacetrack,2026-09-09 16:20:07.867000+00:00,343.44876,6722.2817,0.00098709,22.869745555555557,-0.2519450855280621,0.0164759157072685,300-350,storm_recovery,11.10609390251682
100253,2026-09-11 15:36:00.091000+00:00,0.0010599,15.751796,0.00160904,0.0001599,343.0452,345.19498,6722.2573,spacetrack,2026-09-10 15:12:18.951000+00:00,343.20868,6722.2974,0.0010099,24.394761111111112,-0.16083453255103922,-0.039451093438485685,300-350,storm_recovery,8.467958751161735
100253,2026-09-12 15:59:40.683000+00:00,0.0011688,15.7519045,0.00177897,0.0001913,342.8033,345.37524,6722.226,spacetrack,2026-09-11 15:36:00.091000+00:00,343.0452,6722.2573,0.0010599,24.39460888888889,-0.23798700878723045,-0.030793689025098218,300-350,storm_recovery,7.680919174400464
100253,2026-09-13 20:57:47.137000+00:00,0.0011337,15.752555,0.00172928,0.0001581,342.84146,344.96695,6722.041,spacetrack,2026-09-12 15:59:40.683000+00:00,342.8033,6722.226,0.0011688,28.968459444444445,0.03161507437965452,-0.15327014570805134,300-350,storm_recovery,5.832309333290785
100254,2026-09-08 15:30:33.205000+00:00,0.002562,15.751041,0.00399096,0.0005692,340.5085,348.16138,6722.472,spacetrack,2026-09-07 15:06:51.371000+00:00,343.37076,6721.836,0.0019086,24.39495388888889,-2.815920059241752,0.6257031708078185,300-350,storm_main,30.471292970265228
100254,2026-09-09 22:00:08.050000+00:00,0.0010083,15.752257,0.00153221,0.000113,343.22916,344.74838,6722.126,spacetrack,2026-09-08 15:30:33.205000+00:00,340.5085,6722.472,0.002562,30.4930125,2.141337790092037,-0.27232468422033324,300-350,storm_recovery,14.402221246588871
100254,2026-09-10 16:17:52.807000+00:00,0.0006276,15.752221,0.00094654,7.55e-05,343.49176,344.5068,6722.136,spacetrack,2026-09-09 22:00:08.050000+00:00,343.22916,6722.126,0.0010083,18.295765833333334,0.3444731451753744,0.013117789230116788,300-350,storm_recovery,9.699685599690286
100254,2026-09-11 15:10:05.461000+00:00,0.0015196,15.752006,0.0023295,0.0002991,342.04987,346.07108,6722.1973,spacetrack,2026-09-10 16:17:52.807000+00:00,343.49176,6722.136,0.0006276,22.870181666666664,-1.513121343082176,0.06432830405233197,300-350,storm_recovery,8.680258637113774
100254,2026-09-12 23:11:09.312000+00:00,0.0010247,15.752301,0.00155798,0.0001663,342.85864,345.09442,6722.1133,spacetrack,2026-09-11 15:10:05.461000+00:00,342.04987,6722.1973,0.0015196,32.017736388888885,0.6062414832903544,-0.06296510082753995,300-350,storm_recovery,6.894134415134194
100254,2026-09-13 20:31:52.395000+00:00,0.0014531,15.752601,0.00223037,0.0001398,342.9515,344.831,6722.0283,spacetrack,2026-09-12 23:11:09.312000+00:00,342.85864,6722.1133,0.0010247,21.345300833333333,0.10440892903792791,-0.09557138669206106,300-350,storm_recovery,6.433208074173702
100255,2026-09-08 22:11:00.531000+00:00,0.0010678,15.751965,0.00162251,0.0001504,343.06128,345.0833,6722.2095,spacetrack,2026-09-07 21:47:19.119000+00:00,342.93073,6721.969,0.0017933,24.394836666666667,0.12843701488200182,0.23660744602910666,300-350,storm_main,30.068477571278404
100255,2026-09-09 18:00:15.227000+00:00,0.0012654,15.751929,0.00192966,0.0001778,342.88696,345.27737,6722.219,spacetrack,2026-09-08 22:11:00.531000+00:00,343.06128,6722.2095,0.0010678,19.820748888888886,-0.21107577839028255,0.011503097147384083,300-350,storm_recovery,11.21608646472266
100255,2026-09-10 13:49:29.374000+00:00,0.0018329,15.75409,0.00285277,0.000221,341.98215,344.9531,6721.6045,spacetrack,2026-09-09 18:00:15.227000+00:00,342.88696,6722.219,0.0012654,19.820596388888887,-1.0955997273711338,-0.74407448245401,300-350,storm_recovery,10.96636977525637
100255,2026-09-11 18:47:35.816000+00:00,0.00073852,15.752235,0.00111638,0.0001453,343.01834,344.97177,6722.132,spacetrack,2026-09-10 13:49:29.374000+00:00,341.98215,6721.6045,0.0018329,28.96845611111111,0.8584703273317433,0.4370270873747327,300-350,storm_recovery,8.1381518222666
100255,2026-09-12 16:08:19.117000+00:00,0.0011932,15.751835,0.00181626,0.0002053,342.72906,345.4892,6722.246,spacetrack,2026-09-11 18:47:35.816000+00:00,343.01834,6722.132,0.00073852,21.34536138888889,-0.3252566154075248,0.1281777314595337,300-350,storm_recovery,7.9886250722102625
100255,2026-09-13 16:31:59.325000+00:00,0.0008869,15.752223,0.00134447,0.0001312,343.1167,344.88058,6722.1357,spacetrack,2026-09-12 16:08:19.117000+00:00,342.72906,6722.246,0.0011932,24.394502222222222,0.38137117598261605,-0.10851625402691074,300-350,storm_recovery,6.412894342040274
100256,2026-09-08 21:58:48.353000+00:00,0.0012938,15.752444,0.00197843,0.0001162,343.15457,344.7168,6722.0728,spacetrack,2026-09-07 21:35:07.066000+00:00,342.126,6721.984,0.0016392,24.394801944444442,1.0119237719665868,0.08736287364998442,300-350,storm_main,30.210206131458765
100256,2026-09-09 20:51:00.865000+00:00,0.0012982,15.752131,0.00198263,0.0001306,343.1467,344.90253,6722.1616,spacetrack,2026-09-08 21:58:48.353000+00:00,343.15457,6722.0728,0.0012938,22.870142222222224,-0.00825880303515189,0.09318700248133566,300-350,storm_recovery,11.720615059091118
100256,2026-09-10 15:08:45.617000+00:00,0.001182,15.753138,0.00180923,7.58e-05,343.22888,344.24792,6721.8755,spacetrack,2026-09-09 20:51:00.865000+00:00,343.1467,6722.1616,0.0012982,18.295764444444444,0.10780200007432617,-0.37529997835598783,300-350,storm_recovery,10.164998571618398
100256,2026-09-11 15:32:26.623000+00:00,0.0011454,15.751753,0.00174142,0.0001808,342.91693,345.3477,6722.2695,spacetrack,2026-09-10 15:08:45.617000+00:00,343.22888,6721.8755,0.001182,24.394723888888887,-0.30690242833248926,0.3876248012920749,300-350,storm_recovery,8.465533325819566
100256,2026-09-12 20:30:33.320000+00:00,0.0011494,15.752438,0.00175282,0.0001096,343.20096,344.6744,6722.0747,spacetrack,2026-09-11 15:32:26.623000+00:00,342.91693,6722.2695,0.0011454,28.968526944444445,0.23531469215102835,-0.16138894493914674,300-350,storm_recovery,7.173048562464301
100256,2026-09-13 20:54:14.006000+00:00,0.0015505,15.75349,0.00239385,0.0001537,342.605,344.6713,6721.7754,spacetrack,2026-09-12 20:30:33.320000+00:00,343.20096,6722.0747,0.0011494,24.394635,-0.5863190820440553,-0.29445818721994454,300-350,storm_recovery,6.098503170426158
100257,2026-09-08 15:45:46.155000+00:00,0.00024857,15.751974,0.00037119,0.0001205,343.2594,344.87946,6722.2065,spacetrack,2026-09-07 15:22:05.757000+00:00,343.4434,6722.2876,0.0010874,24.394555,-0.1810240031023012,-0.07978829701899337,300-350,storm_main,30.648157515751638
100257,2026-09-09 16:09:27.672000+00:00,0.00095139,15.751771,0.00144114,0.0001329,343.23395,345.02072,6722.264,spacetrack,2026-09-08 15:45:46.155000+00:00,343.2594,6722.2065,0.00024857,24.394865833333334,-0.02503805530941819,0.05656928016844176,300-350,storm_recovery,14.1265498180816
100257,2026-09-10 18:04:36.593000+00:00,0.0013334,15.7520895,0.00203732,0.0001465,343.05182,345.02142,6722.174,spacetrack,2026-09-09 16:09:27.672000+00:00,343.23395,6722.264,0.00095139,25.919144722222224,-0.16864445362086666,-0.08333608315985748,300-350,storm_recovery,10.453355172759956
100257,2026-09-11 15:25:19.639000+00:00,0.0011008,15.751785,0.00167236,0.0001585,343.05777,345.18872,6722.2603,spacetrack,2026-09-10 18:04:36.593000+00:00,343.05182,6722.174,0.0013334,21.345290555555557,0.006690000289663796,0.09703311344522435,300-350,storm_recovery,8.958669623793936
100257,2026-09-12 15:49:00.481000+00:00,0.0011581,15.751916,0.00176246,0.0002295,342.54333,345.62885,6722.223,spacetrack,2026-09-11 15:25:19.639000+00:00,343.05777,6722.2603,0.0011008,24.394678333333335,-0.5061169420352198,-0.03669652814301734,300-350,storm_recovery,7.688204253382131
100257,2026-09-13 13:09:43.250000+00:00,0.0013619,15.752556,0.00208634,0.0001097,343.16666,344.64148,6722.041,spacetrack,2026-09-12 15:49:00.481000+00:00,342.54333,6722.223,0.0011581,21.34521361111111,0.7008559517161068,-0.20463604064009938,300-350,storm_recovery,6.686560774508269
100258,2026-09-08 16:42:12.769000+00:00,0.0015366,15.75129,0.00234997,0.000559,340.50626,348.0219,6722.401,spacetrack,2026-09-07 16:18:30.806000+00:00,343.611,6722.2695,0.0010872,24.394989722222224,-3.054469825503665,0.12937082720363757,300-350,storm_main,31.30356194611592
100258,2026-09-09 21:40:18.914000+00:00,0.001123,15.75244,0.00171173,0.0001503,342.9265,344.94717,6722.0737,spacetrack,2026-09-08 16:42:12.769000+00:00,340.50626,6722.401,0.0015366,28.96837361111111,2.00514398149436,-0.2711646882718058,300-350,storm_recovery,13.415482727835034
100258,2026-09-10 15:58:03.852000+00:00,0.0011522,15.751777,0.00175202,0.0001031,343.43253,344.81866,6722.2627,spacetrack,2026-09-09 21:40:18.914000+00:00,342.9265,6722.0737,0.001123,18.295816111111108,0.6637976642443791,0.2479255351310952,300-350,storm_recovery,9.826051791015121
100258,2026-09-11 20:56:11.124000+00:00,0.0014864,15.752308,0.00228002,0.0001615,342.88882,345.06006,6722.1113,spacetrack,2026-09-10 15:58:03.852000+00:00,343.43253,6722.2627,0.0011522,28.968686666666667,-0.45045328254437345,-0.12543198943832834,300-350,storm_recovery,7.901877383464399
100258,2026-09-12 15:13:56.424000+00:00,0.0013235,15.752219,0.00202307,0.0001286,343.13522,344.86417,6722.1367,spacetrack,2026-09-11 20:56:11.124000+00:00,342.88882,6722.1113,0.0014864,18.295916666666667,0.3232196619464194,0.033318909957723915,300-350,storm_recovery,8.603887388351682
100258,2026-09-13 15:37:37.150000+00:00,0.0012056,15.752066,0.00183752,0.000181,342.8267,345.26013,6722.18,spacetrack,2026-09-12 15:13:56.424000+00:00,343.13522,6722.1367,0.0013235,24.39464611111111,-0.3035288959009391,0.04259951119082654,300-350,storm_recovery,6.4500318523898335
100259,2026-09-08 15:21:53.059000+00:00,0.00034374,15.75196,0.00051464,0.0001284,343.21045,344.9367,6722.2104,spacetrack,2026-09-07 16:29:41.074000+00:00,343.2232,6722.1016,0.00027882,22.869995833333334,-0.013379976202485804,0.1141757969274971,300-350,storm_main,30.928753545781753
100259,2026-09-09 15:45:34.836000+00:00,0.00091512,15.751603,0.00138429,0.0002165,342.7197,345.63046,6722.312,spacetrack,2026-09-08 15:21:53.059000+00:00,343.21045,6722.2104,0.00034374,24.394938055555556,-0.482805079200336,0.09995516260160314,300-350,storm_recovery,14.518189935965426
100259,2026-09-10 16:09:15.303000+00:00,0.0015499,15.751722,0.00237424,0.0002784,342.26978,346.01273,6722.2783,spacetrack,2026-09-09 15:45:34.836000+00:00,342.7197,6722.312,0.00091512,24.39457416666667,-0.44264269284740676,-0.03315491364895584,300-350,storm_recovery,10.960474339085444
100259,2026-09-11 16:32:55.406000+00:00,0.00099786,15.752247,0.00151606,0.0001529,342.96408,345.0197,6722.129,spacetrack,2026-09-10 16:09:15.303000+00:00,342.26978,6722.2783,0.0015499,24.394473055555558,0.6830727584093115,-0.14688573070796096,300-350,storm_recovery,8.506889601347885
100260,2026-09-08 21:55:45.972000+00:00,0.0010534,15.752155,0.00160162,0.0002161,342.56525,345.47055,6722.155,spacetrack,2026-09-07 15:26:09.933000+00:00,343.27148,6722.2837,0.0014272,30.493344166666667,-0.5558432655782054,-0.10129423598548659,300-350,storm_main,29.263681612706026
100260,2026-09-09 20:47:57.915000+00:00,0.0010961,15.752056,0.00166708,0.0001255,343.2024,344.88968,6722.183,spacetrack,2026-09-08 21:55:45.972000+00:00,342.56525,6722.155,0.0010534,22.869984166666665,0.6686318577468978,0.0293834921401208,300-350,storm_recovery,11.720592395104775
100260,2026-09-10 16:37:11.997000+00:00,0.0012775,15.751834,0.00194773,0.0002367,342.5182,345.7005,6722.2466,spacetrack,2026-09-09 20:47:57.915000+00:00,343.2024,6722.183,0.0010961,19.820578333333334,-0.8284722939887701,0.07701087094127394,300-350,storm_recovery,9.793290592681158
100260,2026-09-11 15:29:24.491000+00:00,0.0011221,15.751647,0.00170488,0.0004095,341.4098,346.91534,6722.3,spacetrack,2026-09-10 16:37:11.997000+00:00,342.5182,6722.2466,0.0012775,22.870137222222223,-1.1631587402173993,0.05603814212139944,300-350,storm_recovery,8.6943432200657
100260,2026-09-12 20:27:30.648000+00:00,0.0011365,15.75224,0.00173129,0.0001933,342.69446,345.29324,6722.131,spacetrack,2026-09-11 15:29:24.491000+00:00,341.4098,6722.3,0.0011221,28.968376944444447,1.0643274926699786,-0.14001474807426917,300-350,storm_recovery,7.176557920338364
100260,2026-09-13 16:16:44.926000+00:00,0.00084687,15.752201,0.00128272,0.000201,342.65375,345.35605,6722.142,spacetrack,2026-09-12 20:27:30.648000+00:00,342.69446,6722.131,0.0011365,19.820632777777778,-0.049294087174410736,0.013319453669727846,300-350,storm_recovery,6.875791133364141
100261,2026-09-08 15:27:28.709000+00:00,0.0015077,15.751216,0.0023024,0.0001117,343.53418,345.03595,6722.422,spacetrack,2026-09-07 15:03:48.553000+00:00,342.75305,6722.214,0.0010743,24.39448777777778,0.7684982021667282,0.20463639349454055,300-350,storm_main,30.435740571902425
100261,2026-09-09 21:57:04.702000+00:00,0.0013492,15.752498,0.00206591,7.51e-05,343.41577,344.42545,6722.0576,spacetrack,2026-09-08 15:27:28.709000+00:00,343.53418,6722.422,0.0015077,30.49333138888889,-0.09319545850064442,-0.28680369122194926,300-350,storm_recovery,14.44757391536417
100261,2026-09-10 16:14:50.616000+00:00,0.001324,15.753332,0.00203389,0.0002071,342.29108,345.07526,6721.8203,spacetrack,2026-09-09 21:57:04.702000+00:00,343.41577,6722.0576,0.0013492,18.296087222222223,-1.475318721000347,-0.31127967039189286,300-350,storm_recovery,9.719088632095806
100261,2026-09-11 16:38:30.673000+00:00,0.00088563,15.751968,0.001341,9.19e-05,343.4533,344.68884,6722.208,spacetrack,2026-09-10 16:14:50.616000+00:00,342.29108,6721.8203,0.001324,24.394460277777778,1.143426814218524,0.3814308615165287,300-350,storm_recovery,8.510709096897989
100261,2026-09-12 15:30:42.616000+00:00,0.0012458,15.751807,0.00189804,0.0001544,343.07904,345.15488,6722.254,spacetrack,2026-09-11 16:38:30.673000+00:00,343.4533,6722.208,0.00088563,22.869984166666665,-0.3927523488665797,0.048272879944347834,300-350,storm_recovery,7.814087929395762
100261,2026-09-13 15:54:23.439000+00:00,0.0011379,15.752062,0.00173208,0.0002253,342.53006,345.55905,6722.1816,spacetrack,2026-09-12 15:30:42.616000+00:00,343.07904,6722.254,0.0012458,24.394673055555558,-0.5400982407099791,-0.07122866521077106,300-350,storm_recovery,6.438571817984443
100262,2026-09-08 15:16:17.441000+00:00,0.0001915,15.75219,0.00028564,9.92e-05,343.34137,344.67505,6722.145,spacetrack,2026-09-07 16:24:06.053000+00:00,343.44058,6722.1133,0.00067594,22.86983,-0.1041127109384139,0.03326653499439792,300-350,storm_main,30.859519008716333
100262,2026-09-09 15:39:59.824000+00:00,0.0010518,15.751711,0.00159625,0.000343,341.8385,346.45,6722.2812,spacetrack,2026-09-08 15:16:17.441000+00:00,343.34137,6722.145,0.0001915,24.39510638888889,-1.4785293175203145,0.13399408667825413,300-350,storm_recovery,14.609910562322135
100262,2026-09-10 16:03:39.227000+00:00,0.0010026,15.751707,0.00151974,0.0001205,343.33554,344.95563,6722.2827,spacetrack,2026-09-09 15:39:59.824000+00:00,341.8385,6722.2812,0.0010518,24.394278611111112,1.472843717691834,0.0014757558753596017,300-350,storm_recovery,10.998694388755979
100262,2026-09-11 21:01:46.396000+00:00,0.0011812,15.752181,0.00180042,0.0001395,343.0729,344.9484,6722.1475,spacetrack,2026-09-10 16:03:39.227000+00:00,343.33554,6722.2827,0.0010026,28.968658055555554,-0.21759240583084527,-0.1120107114996595,300-350,storm_recovery,7.90172602153962
100262,2026-09-12 15:19:31.897000+00:00,0.001185,15.751931,0.00180437,0.0001697,342.94098,345.2225,6722.2188,spacetrack,2026-09-11 21:01:46.396000+00:00,343.0729,6722.1475,0.0011812,18.2959725,-0.17304792079237713,0.09352878071885165,300-350,storm_recovery,8.604120585069262
100262,2026-09-13 15:43:12.444000+00:00,0.0012762,15.752169,0.00194858,0.0001607,342.93384,345.09433,6722.151,spacetrack,2026-09-12 15:19:31.897000+00:00,342.94098,6722.2188,0.001185,24.39459638888889,-0.007024506463211526,-0.06670329666681851,300-350,storm_recovery,6.44621686312202
100263,2026-09-08 20:47:39.683000+00:00,0.0016856,15.752525,0.00259792,0.0001354,343.0024,344.82275,6722.05,spacetrack,2026-09-07 15:49:33.024000+00:00,343.40768,6722.1143,0.001277,28.96851638888889,-0.33576866241347714,-0.05327162700648269,300-350,storm_main,29.92030569317596
100263,2026-09-09 16:36:54.791000+00:00,0.0015262,15.75166,0.00233616,0.0001388,343.22574,345.09183,6722.296,spacetrack,2026-09-08 20:47:39.683000+00:00,343.0024,6722.05,0.0016856,19.82086333333333,0.2704301982136406,0.29786795361599305,300-350,storm_recovery,11.216108312806421
100263,2026-09-10 15:29:05.750000+00:00,0.0012257,15.751639,0.00186528,0.0001075,343.44193,344.88724,6722.302,spacetrack,2026-09-09 16:36:54.791000+00:00,343.22574,6722.296,0.0015262,22.869710833333333,0.2268747531533486,0.006296537854593086,300-350,storm_recovery,10.983801184679509
100263,2026-09-11 20:27:13.640000+00:00,0.00093782,15.751959,0.00142139,0.0001199,343.2678,344.87976,6722.211,spacetrack,2026-09-10 15:29:05.750000+00:00,343.44193,6722.302,0.0012257,28.968858333333333,-0.1442625025781922,-0.07539130382206022,300-350,storm_recovery,7.918520645110377
100263,2026-09-12 20:50:53.365000+00:00,0.0012996,15.752216,0.00198564,8.37e-05,343.4378,344.5631,6722.1377,spacetrack,2026-09-11 20:27:13.640000+00:00,343.2678,6722.211,0.00093782,24.394368055555557,0.16725171936027428,-0.07211500605361162,300-350,storm_recovery,7.566396956947885
100263,2026-09-13 15:08:39.493000+00:00,0.0018721,15.752984,0.00290164,0.0001992,342.4433,345.1213,6721.9194,spacetrack,2026-09-12 20:50:53.365000+00:00,343.4378,6722.1377,0.0012996,18.296146666666665,-1.3045369844724517,-0.28635537829154356,300-350,storm_recovery,7.115410093637204
100264,2026-09-08 21:04:26.283000+00:00,0.0014885,15.752117,0.00228141,0.0001753,342.8504,345.20718,6722.166,spacetrack,2026-09-07 20:40:45.133000+00:00,343.6217,6722.004,0.0015311,24.39476388888889,-0.758818576163028,0.15937846407183953,300-350,storm_main,30.775908240782545
100264,2026-09-09 15:22:12.019000+00:00,0.0014502,15.752168,0.00222152,0.0001133,343.2527,344.77594,6722.1514,spacetrack,2026-09-08 21:04:26.283000+00:00,342.8504,6722.166,0.0014885,18.29603777777778,0.5277208167840435,-0.019151687609426607,300-350,storm_recovery,10.900751796047645
100264,2026-09-10 15:45:52.444000+00:00,0.0011027,15.751838,0.00167573,0.0002027,342.7456,345.4708,6722.245,spacetrack,2026-09-09 15:22:12.019000+00:00,343.2527,6722.1514,0.0014502,24.3945625,-0.4988980638615478,0.09208609500595194,300-350,storm_recovery,11.120214175688627
100264,2026-09-11 16:09:33.020000+00:00,0.0010653,15.752192,0.00162015,0.0001468,343.0208,344.99445,6722.1445,spacetrack,2026-09-10 15:45:52.444000+00:00,342.7456,6722.245,0.0011027,24.394604444444443,0.27074839500026293,-0.09887432302837154,300-350,storm_recovery,8.490901949902947
100264,2026-09-12 15:01:44.555000+00:00,0.0012023,15.752266,0.00183396,0.0001172,343.1987,344.77435,6722.1235,spacetrack,2026-09-11 16:09:33.020000+00:00,343.0208,6722.1445,0.0010653,22.869870833333334,0.18669104128809236,-0.02203772831461627,300-350,storm_recovery,7.8352074329720685
100264,2026-09-13 21:31:20.356000+00:00,0.0012927,15.752497,0.00197722,0.0001924,342.62756,345.2142,6722.058,spacetrack,2026-09-12 15:01:44.555000+00:00,343.1987,6722.1235,0.0012023,30.493278055555557,-0.44952070994222393,-0.05155234531127881,300-350,storm_recovery,5.752800592181513
100265,2026-09-08 16:07:38.106000+00:00,0.0010958,15.75155,0.00166284,0.0001776,342.9963,345.3841,6722.327,spacetrack,2026-09-07 23:21:21.117000+00:00,343.0983,6722.038,0.0011049,16.771385833333333,-0.14596289324725814,0.41356153086828884,300-350,storm_main,32.64936563828978
100265,2026-09-09 14:59:51.066000+00:00,0.0015106,15.75387,0.00233447,0.0002328,341.96542,345.09503,6721.6675,spacetrack,2026-09-08 16:07:38.106000+00:00,342.9963,6722.327,0.0010958,22.87026666666667,-1.0818028648551214,-0.6920776320936014,300-350,storm_recovery,13.686215799844923
100265,2026-09-10 19:57:57.021000+00:00,0.00079159,15.752169,0.00119756,0.0002206,342.53116,345.49698,6722.151,spacetrack,2026-09-09 14:59:51.066000+00:00,341.96542,6721.6675,0.0015106,28.968320833333333,0.46871063318162504,0.4005755137403104,300-350,storm_recovery,10.214369633955023
100265,2026-09-11 20:21:37.879000+00:00,0.0014433,15.752564,0.00221454,0.0001654,342.78967,345.0133,6722.0386,spacetrack,2026-09-10 19:57:57.021000+00:00,342.53116,6722.151,0.00079159,24.394682777777774,0.25432755393940815,-0.11058147484733344,300-350,storm_recovery,8.550171896521439
100265,2026-09-12 16:10:52.212000+00:00,0.0011715,15.751921,0.0017834,0.0002512,342.39597,345.77322,6722.2217,spacetrack,2026-09-11 20:21:37.879000+00:00,342.78967,6722.0386,0.0014433,19.820648055555555,-0.4767149880022292,0.22170818974675088,300-350,storm_recovery,8.297597624519874
100265,2026-09-13 13:31:35.097000+00:00,0.0011691,15.75223,0.00178205,0.000242,342.37006,345.62357,6722.134,spacetrack,2026-09-12 16:10:52.212000+00:00,342.39597,6722.2217,0.0011715,21.345245833333333,-0.029132482467257442,-0.09860743776087429,300-350,storm_recovery,6.686558228520441
100266,2026-09-08 20:53:15.779000+00:00,0.0020685,15.75283,0.0032159,0.0001628,342.7318,344.9205,6721.9634,spacetrack,2026-09-07 22:01:04.017000+00:00,343.0317,6722.258,0.00058637,22.86993388888889,-0.31471888091011874,-0.3091569933850676,300-350,storm_main,30.902874895353268
100266,2026-09-09 15:11:01.409000+00:00,0.0015653,15.753014,0.00241224,9.37e-05,343.144,344.4037,6721.9106,spacetrack,2026-09-08 20:53:15.779000+00:00,342.7318,6721.9634,0.0020685,18.296008333333333,0.5407081052743085,-0.06926100911742572,300-350,storm_recovery,10.900745198975551
100266,2026-09-10 15:34:41.183000+00:00,0.0010244,15.751681,0.00155326,0.0001076,343.42938,344.876,6722.2896,spacetrack,2026-09-09 15:11:01.409000+00:00,343.144,6721.9106,0.0015653,24.394381666666668,0.28076628846708085,0.37287274276055216,300-350,storm_recovery,11.196621617359206
100266,2026-09-11 15:58:22.007000+00:00,0.0011671,15.751741,0.00177494,0.0001329,343.2422,345.02896,6722.2725,spacetrack,2026-09-10 15:34:41.183000+00:00,343.42938,6722.2896,0.0010244,24.39467333333333,-0.18415167682776623,-0.016823344768461625,300-350,storm_recovery,8.483251386937567
100266,2026-09-12 16:22:02.529000+00:00,0.0011092,15.751983,0.00168679,0.0001141,343.29993,344.83395,6722.204,spacetrack,2026-09-11 15:58:22.007000+00:00,343.2422,6722.2725,0.0011671,24.394589444444442,0.0567962007786669,-0.06739199295612286,300-350,storm_recovery,7.66564110151839
100266,2026-09-13 16:45:43.171000+00:00,0.00091739,15.752235,0.00139161,0.0001729,342.83286,345.15738,6722.1323,spacetrack,2026-09-12 16:22:02.529000+00:00,343.29993,6722.204,0.0011092,24.39462277777778,-0.45951438159610625,-0.07054013565464062,300-350,storm_recovery,6.403506353324086
100267,2026-09-08 16:33:32.964000+00:00,0.0006535,15.752001,0.00098518,0.0001379,343.1348,344.98877,6722.1987,spacetrack,2026-09-07 20:44:18.709000+00:00,343.19528,6722.0757,0.0012556,19.82062638888889,-0.07323280160382219,0.14893575722940133,300-350,storm_main,32.63604185903139
100267,2026-09-09 21:31:40.469000+00:00,0.0015524,15.752394,0.00238518,0.0001692,342.81265,345.0874,6722.087,spacetrack,2026-09-08 16:33:32.964000+00:00,343.1348,6722.1987,0.0006535,28.96875138888889,-0.26689448558575624,-0.09254109588636228,300-350,storm_recovery,13.550041608532105
100267,2026-09-10 15:49:24.975000+00:00,0.0014368,15.751847,0.00219741,0.0002144,342.66418,345.5467,6722.2427,spacetrack,2026-09-09 21:31:40.469000+00:00,342.81265,6722.087,0.0015524,18.29569611111111,-0.194760558896513,0.204244756651529,300-350,storm_recovery,9.881183151969589
100267,2026-09-11 16:13:06.378000+00:00,0.0010686,15.751857,0.00162293,0.0001512,343.08636,345.11917,6722.2397,spacetrack,2026-09-10 15:49:24.975000+00:00,342.66418,6722.2427,0.0014368,24.39483416666667,0.4153469513576573,-0.002951444535385362,300-350,storm_recovery,8.493298529972245
100267,2026-09-12 16:36:47.012000+00:00,0.0010061,15.751979,0.00152705,0.0001909,342.78497,345.35153,6722.205,spacetrack,2026-09-11 16:13:06.378000+00:00,343.08636,6722.2397,0.0010686,24.39462055555556,-0.29651455260505477,-0.03413867406165137,300-350,storm_recovery,7.655567505923494
100267,2026-09-13 01:45:39.190000+00:00,0.0013602,15.752752,0.00208559,0.0001243,343.01257,344.68365,6721.985,spacetrack,2026-09-12 16:36:47.012000+00:00,342.78497,6722.205,0.0010061,9.147827222222222,0.5971254011805596,-0.5771862401576355,300-350,storm_recovery,5.114075661804088
100268,2026-09-08 20:17:09.964000+00:00,0.0010089,15.752063,0.00153185,0.0001131,343.284,344.80453,6722.181,spacetrack,2026-09-07 15:19:03.039000+00:00,343.3828,6722.2417,0.001338,28.96859027777778,-0.0818541729943473,-0.05028895041252533,300-350,storm_main,30.043100820165137
100268,2026-09-09 16:06:25.486000+00:00,0.00094411,15.751572,0.001429,0.0003544,341.8015,346.56628,6722.321,spacetrack,2026-09-08 20:17:09.964000+00:00,343.284,6722.181,0.0010089,19.820978333333333,-1.7950678014800505,0.1695173640524736,300-350,storm_recovery,11.216130266694707
100268,2026-09-10 16:30:05.105000+00:00,0.0010131,15.751763,0.00153645,0.0002057,342.74655,345.5121,6722.266,spacetrack,2026-09-09 16:06:25.486000+00:00,341.8015,6722.321,0.00094411,24.394338611111113,0.9297731068498856,-0.0541109156944207,300-350,storm_recovery,10.81812066390313
100268,2026-09-11 15:22:16.754000+00:00,0.0012004,15.751924,0.00182818,0.0001618,342.99615,345.17148,6722.2207,spacetrack,2026-09-10 16:30:05.105000+00:00,342.74655,6722.266,0.0010131,22.869902500000002,0.26193377956026187,-0.047538462395914534,300-350,storm_recovery,8.689185843951696
100268,2026-09-12 15:45:57.370000+00:00,0.0011728,15.751854,0.00178466,0.0001488,343.1034,345.1039,6722.2407,spacetrack,2026-09-11 15:22:16.754000+00:00,342.99615,6722.2207,0.0012004,24.394615555555553,0.10551508771017828,0.01967647323309277,300-350,storm_recovery,7.690293654965936
100268,2026-09-13 20:44:03.969000+00:00,0.0012348,15.752594,0.00188737,0.0001402,342.95074,344.8356,6722.0303,spacetrack,2026-09-12 15:45:57.370000+00:00,343.1034,6722.2407,0.0011728,28.968499722222223,-0.1264766914107749,-0.17431348010490272,300-350,storm_recovery,5.855988150500527
100269,2026-09-08 15:24:25.903000+00:00,0.0013172,15.751321,0.00200516,0.0001487,343.25583,345.25507,6722.3926,spacetrack,2026-09-07 16:32:13.685000+00:00,343.20602,6722.2344,0.0011287,22.870060555555554,0.05227095910374026,0.16601617607322539,300-350,storm_main,30.96028758753955
100269,2026-09-09 21:54:02.136000+00:00,0.0012754,15.752513,0.00195022,0.0001278,343.05707,344.77524,6722.053,spacetrack,2026-09-08 15:24:25.903000+00:00,343.25583,6722.3926,0.0013172,30.493398055555552,-0.15643517299413429,-0.2672840850716862,300-350,storm_recovery,14.492530591753862
100269,2026-09-10 16:11:46.970000+00:00,0.001358,15.751808,0.00207333,9.02e-05,343.51044,344.72314,6722.254,spacetrack,2026-09-09 21:54:02.136000+00:00,343.05707,6722.053,0.0012754,18.295787222222224,0.5947205150475378,0.26366725527619006,300-350,storm_recovery,9.738568808964127
100269,2026-09-11 16:35:27.668000+00:00,0.0018286,15.752736,0.00282863,0.0001238,343.02042,344.68478,6721.9897,spacetrack,2026-09-10 16:11:46.970000+00:00,343.51044,6722.254,0.001358,24.394638333333333,-0.48209282053305175,-0.260024350979134,300-350,storm_recovery,8.508599624202486
100269,2026-09-12 15:27:39.655000+00:00,0.0012053,15.751785,0.00183479,0.0001339,343.22305,345.02325,6722.2603,spacetrack,2026-09-11 16:35:27.668000+00:00,343.02042,6721.9897,0.0018286,22.869996388888886,0.212641922513056,0.28397031156293384,300-350,storm_recovery,7.8163091946268715
100269,2026-09-13 20:25:46.706000+00:00,0.0011185,15.752236,0.0017033,0.0002245,342.4858,345.50406,6722.132,spacetrack,2026-09-12 15:27:39.655000+00:00,343.22305,6722.2603,0.0012053,28.96862527777778,-0.6107987462412903,-0.10629430877306767,300-350,storm_recovery,5.887549135894157
100272,2026-09-08 04:18:16.510000+00:00,0.0012173,15.7530985,0.00190817,0.0001571,342.69366,344.8057,6721.8867,spacetrack,2026-09-07 22:12:50.026000+00:00,342.84158,6721.878,0.0019752,6.09069,-0.5828699211419363,0.03428183013872214,300-350,storm_main,30.929032579961294
100272,2026-09-09 21:25:04.697000+00:00,0.001682,15.7530985,0.00266301,0.0001397,342.81055,344.68866,6721.8867,spacetrack,2026-09-08 04:18:16.510000+00:00,342.69366,6721.8867,0.0012173,41.11338527777778,0.06823471190817396,0.0,300-350,storm_recovery,19.550611710418423
100272,2026-09-10 11:07:19.932000+00:00,0.00044277,15.7524185,0.00067788,0.0001884,342.6765,345.20938,6722.08,spacetrack,2026-09-09 21:25:04.697000+00:00,342.81055,6721.8867,0.001682,13.704231944444444,-0.2347595993005845,0.33852316706289287,300-350,storm_recovery,10.440875045999071
100272,2026-09-11 20:37:18.043000+00:00,0.0011818,15.752979,0.00185006,0.0001271,342.9291,344.63782,6721.9204,spacetrack,2026-09-10 11:07:19.932000+00:00,342.6765,6722.08,0.00044277,33.499475277777776,0.1809699987755409,-0.11434208948758826,300-350,storm_recovery,7.981823065205391
100272,2026-09-12 16:25:00.428000+00:00,0.0012338,15.752958,0.00193346,0.0001014,343.10776,344.47098,6721.9263,spacetrack,2026-09-11 20:37:18.043000+00:00,342.9291,6721.9204,0.0011818,19.79510694444444,0.21661110556429206,0.007153282899660956,300-350,storm_recovery,8.315045419824218
100273,2026-09-10 10:54:15.476000+00:00,0.00061145,15.752657,0.00094249,0.0001305,342.99786,344.75232,6722.012,spacetrack,2026-09-08 16:16:06.572000+00:00,342.70554,6722.0054,0.001157,42.63580666666667,0.1645490152174228,0.0037151871250232435,300-350,storm_recovery,12.751429745045284
100274,2026-09-08 21:08:59.637000+00:00,0.0016636,15.798602,0.0032487,0.0001059,330.126,331.54697,6708.9736,spacetrack,2026-09-07 16:18:08.750000+00:00,330.03217,6708.9883,0.0011219,28.84746861111111,0.07806300200399138,-0.012229842581660953,300-350,storm_main,29.867265890564806
100274,2026-09-09 12:19:58.253000+00:00,0.00073786,15.798545,0.00140586,0.0001097,330.11646,331.5884,6708.9893,spacetrack,2026-09-08 21:08:59.637000+00:00,330.126,6708.9736,0.0016636,15.18294888888889,-0.015080074475292632,0.024817313339830303,300-350,storm_recovery,10.587250891972822
100275,2026-09-09 02:55:06.679000+00:00,0.0029273,15.756365,0.00483189,0.0006402,338.51785,347.12338,6720.9575,spacetrack,2026-09-08 16:15:38.056000+00:00,342.9898,6722.046,0.00093997,10.657950833333333,-10.07011588609785,-2.4511278395366487,300-350,storm_recovery,18.095409991648644
100276,2026-09-08 13:19:54.913000+00:00,0.00078078,15.752742,0.00120956,0.0001146,343.08075,344.62143,6721.9883,spacetrack,2026-09-07 06:52:40.668000+00:00,343.28656,6722.1323,0.00095609,30.453956944444442,-0.1621937014296832,-0.11348278998063167,300-350,storm_main,28.025878793619643
100276,2026-09-09 21:18:32.342000+00:00,0.0014879,15.752867,0.00234354,0.0001196,343.0115,344.6194,6721.9526,spacetrack,2026-09-08 13:19:54.913000+00:00,343.08075,6721.9883,0.00078078,31.977063611111113,-0.05197475353624291,-0.026794205072380315,300-350,storm_recovery,15.242348906176492
100276,2026-09-10 11:00:47.759000+00:00,0.001597,15.752484,0.00251693,0.0002012,342.57184,345.2768,6722.0615,spacetrack,2026-09-09 21:18:32.342000+00:00,343.0115,6721.9526,0.0014879,13.7042825,-0.769966614450635,0.19071410706866454,300-350,storm_recovery,10.46472814854286
100276,2026-09-11 14:25:17.255000+00:00,0.0016909,15.753958,0.00268792,0.000121,342.69196,344.31857,6721.642,spacetrack,2026-09-10 11:00:47.759000+00:00,342.57184,6722.0615,0.001597,27.408193333333333,0.10518314596436949,-0.3673354123547716,300-350,storm_recovery,8.562174717097978
100276,2026-09-12 16:18:28.193000+00:00,0.00086246,15.7528305,0.00133935,0.0001001,343.15298,344.49872,6721.963,spacetrack,2026-09-11 14:25:17.255000+00:00,342.69196,6721.642,0.0016909,25.886371666666665,0.4274249069153232,0.29760833612375975,300-350,storm_recovery,7.639001015313312
100276,2026-09-13 19:42:59.497000+00:00,0.0010616,15.752979,0.0016574,0.0001275,342.92645,344.64053,6721.9204,spacetrack,2026-09-12 16:18:28.193000+00:00,343.15298,6721.963,0.00086246,27.408695555555557,-0.19835748800889647,-0.03730203058814098,300-350,storm_recovery,6.016116185106869
100277,2026-09-08 11:48:04.426000+00:00,0.001722,15.753716,0.00273622,9.11e-05,342.96155,344.18625,6721.711,spacetrack,2026-09-07 22:05:49.468000+00:00,342.8884,6721.633,0.0015053,13.704155,0.1281071324718641,0.13660090680602363,300-350,storm_main,34.408028805862166
100277,2026-09-09 21:18:04.044000+00:00,0.0010313,15.752754,0.00160735,0.000129,342.98032,344.7146,6721.9844,spacetrack,2026-09-08 11:48:04.426000+00:00,342.96155,6721.711,0.001722,33.49989388888889,0.01344720677308887,0.19586927713156826,300-350,storm_recovery,15.61121774034143
100277,2026-09-10 11:00:19.397000+00:00,0.00034791,15.75248,0.00053048,0.0001777,342.73114,345.12015,6722.0625,spacetrack,2026-09-09 21:18:04.044000+00:00,342.98032,6721.9844,0.0010313,13.704264722222224,-0.43638386452818256,0.13677494108486435,300-350,storm_recovery,10.466450802530995
100277,2026-09-11 14:24:51.991000+00:00,0.00094496,15.752214,0.00146635,0.0001064,343.28574,344.71622,6722.138,spacetrack,2026-09-10 11:00:19.397000+00:00,342.73114,6722.0625,0.00034791,27.409053888888888,0.4856205564029202,0.06610954202737475,300-350,storm_recovery,8.562188463394406
100278,2026-09-08 11:22:24.391000+00:00,0.0014027,15.752802,0.00220468,6.07e-05,343.42587,344.2419,6721.9707,spacetrack,2026-09-07 17:06:03.237000+00:00,343.35193,6722.0957,0.0012667,18.272542777777776,0.09711620443751133,-0.16418076216783917,300-350,storm_main,32.493034372732346
100278,2026-09-09 20:52:23.813000+00:00,0.00085787,15.752758,0.00133164,0.0001391,342.9114,344.78146,6721.9834,spacetrack,2026-09-08 11:22:24.391000+00:00,343.42587,6721.9707,0.0014027,33.49983944444445,-0.3685772888695649,0.009098551069500452,300-350,storm_recovery,15.855272366064904
100278,2026-09-10 10:34:38.895000+00:00,0.0010103,15.752593,0.00157271,0.0001441,342.92474,344.86203,6722.0303,spacetrack,2026-09-09 20:52:23.813000+00:00,342.9114,6721.9834,0.00085787,13.704189444444445,0.023362198931735797,0.08213546700954127,300-350,storm_recovery,10.587858351993821
100278,2026-09-11 20:04:37.328000+00:00,0.00092324,15.7528925,0.00143624,0.0001588,342.74088,344.87576,6721.9453,spacetrack,2026-09-10 10:34:38.895000+00:00,342.92474,6722.0303,0.0010103,33.499564722222225,-0.13172230853114317,-0.060896313636207386,300-350,storm_recovery,8.063116848292715
100278,2026-09-12 23:29:31.914000+00:00,0.0016152,15.744378,0.00245724,0.0005734,342.3757,350.08722,6724.3687,spacetrack,2026-09-11 20:04:37.328000+00:00,342.74088,6721.9453,0.00092324,27.415162777777777,-0.3196887821182087,2.121512116175976,300-350,storm_recovery,7.173426351877094
100279,2026-09-08 16:09:05.774000+00:00,0.0006563,15.752508,0.00101227,0.0001187,343.11954,344.71536,6722.0547,spacetrack,2026-09-07 05:07:46.127000+00:00,341.87277,6721.5454,0.0017894,35.022124166666664,0.8543879251184561,0.34901366752696494,300-350,storm_main,27.3257609691753
100279,2026-09-09 10:25:27.293000+00:00,0.0010048,15.752525,0.00156358,0.0001085,343.18332,344.642,6722.05,spacetrack,2026-09-08 16:09:05.774000+00:00,343.11954,6722.0547,0.0006563,18.272644166666666,0.08377112726753429,-0.006173162403820454,300-350,storm_recovery,14.07450518131088
100279,2026-09-10 15:21:19.853000+00:00,0.00097759,15.752475,0.00151996,0.0001988,342.59064,345.26334,6722.064,spacetrack,2026-09-09 10:25:27.293000+00:00,343.18332,6722.05,0.0010048,28.931266666666666,-0.4916590816394496,0.011613732778250356,300-350,storm_recovery,11.395512016219284
100280,2026-09-09 15:00:01.251000+00:00,0.0017642,15.752354,0.00278856,0.000117,343.1751,344.74808,6722.0986,spacetrack,2026-09-08 16:09:33.947000+00:00,343.23972,6721.8696,0.0014673,22.84091777777778,-0.0678991980571223,0.24062080400961774,300-350,storm_recovery,13.650390775307436
100280,2026-09-10 10:47:43.136000+00:00,0.0010262,15.752637,0.00159835,0.0001237,343.04938,344.71243,6722.018,spacetrack,2026-09-09 15:00:01.251000+00:00,343.1751,6722.0986,0.0017642,19.794968055555554,-0.15242661627600929,-0.09772180458066737,300-350,storm_recovery,11.87941434611223
100280,2026-09-11 09:38:03.445000+00:00,0.010025,15.760986,0.01822562,0.0009448,335.15796,347.85538,6719.6436,spacetrack,2026-09-10 10:47:43.136000+00:00,343.04938,6722.018,0.0010262,22.838974722222222,-8.292582408076312,-2.495103247544031,300-350,storm_recovery,8.163835969042637
100280,2026-09-12 09:59:57.148000+00:00,0.00087424,15.752717,0.00135736,0.0001338,342.95868,344.75748,6721.995,spacetrack,2026-09-11 09:38:03.445000+00:00,335.15796,6719.6436,0.010025,24.364917499999997,7.683887294098177,2.316182683564982,300-350,storm_recovery,8.306261930362238
100281,2026-09-08 11:28:56.609000+00:00,0.0018692,15.752878,0.0029681,0.0002778,341.94504,345.67975,6721.949,spacetrack,2026-09-07 17:12:36.338000+00:00,342.91315,6721.6714,0.00098772,18.272297499999997,-1.2715773700597433,0.36461753099119143,300-350,storm_main,32.552800702204465
100281,2026-09-09 10:19:23.716000+00:00,0.0011514,15.752433,0.00179689,0.0001559,342.8911,344.98706,6722.076,spacetrack,2026-09-08 11:28:56.609000+00:00,341.94504,6721.949,0.0018692,22.840863055555555,0.9940710184537931,0.13344504507540567,300-350,storm_recovery,16.787567438071243
100282,2026-09-08 15:56:01.625000+00:00,0.0014573,15.752579,0.00229083,0.0001204,343.08813,344.7068,6722.0347,spacetrack,2026-09-07 17:05:35.889000+00:00,342.74493,6721.7896,0.0015212,22.840482222222224,0.3606228590036238,0.25754272360673114,300-350,storm_main,31.363827707179173
100282,2026-09-10 22:45:04.418000+00:00,0.00099305,15.752929,0.00154762,0.0001239,342.96518,344.6309,6721.935,spacetrack,2026-09-08 15:56:01.625000+00:00,343.08813,6722.0347,0.0014573,54.8174425,-0.05382958170659042,-0.04365033994415496,300-350,storm_recovery,11.704251297385866
100282,2026-09-11 20:04:08.830000+00:00,0.0014484,15.753006,0.00228086,0.0001404,342.83215,344.71967,6721.913,spacetrack,2026-09-10 22:45:04.418000+00:00,342.96518,6721.935,0.00099305,21.31789222222222,-0.14976715177642846,-0.02476792707816854,300-350,storm_recovery,8.549707879708556
100283,2026-09-08 16:16:17.005000+00:00,0.0013929,15.795115,0.0026623,0.0008363,326.21204,337.43512,6709.9604,spacetrack,2026-09-07 11:25:11.499000+00:00,329.97208,6708.958,0.0011238,28.85152944444444,-3.1277704072418455,0.8338414102563225,300-350,storm_main,28.984528530578764
100284,2026-09-08 21:41:52.966000+00:00,0.0017362,15.752911,0.00274961,0.0002218,342.31204,345.2939,6721.94,spacetrack,2026-09-07 16:45:59.278000+00:00,343.14212,6722.038,0.00098706,28.931579999999997,-0.6885873498785363,-0.08129524899777173,300-350,storm_main,29.711769534267475
100284,2026-09-09 09:52:46.563000+00:00,0.0010627,15.752456,0.00165537,0.0001064,343.2173,344.64774,6722.0693,spacetrack,2026-09-08 21:41:52.966000+00:00,342.31204,6721.94,0.0017362,12.181554722222222,1.7835358864633124,0.2547458079674572,300-350,storm_recovery,10.10417152326182
100284,2026-09-10 11:45:55.729000+00:00,0.00056757,15.752569,0.00087333,0.0001397,342.96124,344.8394,6722.037,spacetrack,2026-09-09 09:52:46.563000+00:00,343.2173,6722.0693,0.0010627,25.885879444444445,-0.2374051077998071,-0.02994682879753479,300-350,storm_recovery,11.795392663992722
100286,2026-09-08 15:49:57.957000+00:00,0.0016389,15.752268,0.00258274,0.0001644,342.8808,345.09103,6722.123,spacetrack,2026-09-07 18:30:53.586000+00:00,343.13922,6722.106,0.00097063,21.317880833333334,-0.2909332333963632,0.01913886296605275,300-350,storm_main,31.831305269281575
100286,2026-09-09 20:45:51.754000+00:00,0.0013811,15.753017,0.00217183,0.0001216,342.9553,344.5901,6721.9097,spacetrack,2026-09-08 15:49:57.957000+00:00,342.8808,6722.123,0.0016389,28.93161027777778,0.06180091542894053,-0.17694141289876564,300-350,storm_recovery,14.20549254675756
100286,2026-09-10 10:27:38.936000+00:00,0.039256,15.792119,0.09221922,0.0020925,318.63,346.71475,6710.8096,spacetrack,2026-09-09 20:45:51.754000+00:00,342.9553,6721.9097,0.0013811,13.696439444444445,-42.62474217244867,-19.450485732485156,300-350,storm_recovery,10.636464967720118
100288,2026-09-08 11:15:23.857000+00:00,0.00092799,15.752975,0.00144433,0.0001062,343.0707,344.49844,6721.9214,spacetrack,2026-09-07 04:48:09.761000+00:00,342.0815,6721.583,0.0016433,30.453915555555557,0.7795647806499767,0.2666849188964651,300-350,storm_main,27.07675080387401
100288,2026-09-09 20:45:23.385000+00:00,0.0012526,15.752976,0.00196386,0.0001428,342.82434,344.7441,6721.9214,spacetrack,2026-09-08 11:15:23.857000+00:00,343.0707,6721.9214,0.00092799,33.49986888888889,-0.17649740718718565,0.0,300-350,storm_recovery,15.914551100067328
100288,2026-09-10 10:27:38.450000+00:00,0.0010057,15.752669,0.00156596,0.0001736,342.70477,345.03867,6722.009,spacetrack,2026-09-09 20:45:23.385000+00:00,342.82434,6721.9214,0.0012526,13.704184722222223,-0.2094017307973726,0.15341299337471317,300-350,storm_recovery,10.638990239498012
100288,2026-09-11 12:20:48.268000+00:00,0.0011136,15.752629,0.00173797,0.0001676,342.7565,345.0097,6722.02,spacetrack,2026-09-10 10:27:38.450000+00:00,342.70477,6722.009,0.0010057,25.886060555555556,0.04796094783661633,0.010198539072546116,300-350,storm_recovery,8.536430042174779
100288,2026-09-12 06:37:10.713000+00:00,0.0011474,15.749819,0.00177036,0.0004523,341.64206,347.7235,6722.82,spacetrack,2026-09-11 12:20:48.268000+00:00,342.7565,6722.02,0.0011136,18.27290138888889,-1.4637281420597876,1.0507362564577392,300-350,storm_recovery,6.904977201744325
100290,2026-09-08 15:16:48.528000+00:00,0.0011033,15.752591,0.00172112,8.65e-05,343.3124,344.4753,6722.031,spacetrack,2026-09-07 11:52:17.550000+00:00,343.23215,6721.6973,0.00091854,27.408605,0.07026990246314398,0.292200205008728,300-350,storm_main,28.65501892562573
100290,2026-09-09 15:38:37.212000+00:00,0.0011505,15.752466,0.0017957,0.0001105,343.18683,344.6724,6722.0664,spacetrack,2026-09-08 15:16:48.528000+00:00,343.3124,6722.031,0.0011033,24.363523333333333,-0.12369639476067562,0.03487180357168228,300-350,storm_recovery,14.600898446954238
100290,2026-09-10 06:52:38.903000+00:00,0.0016783,15.747017,0.00258748,0.000652,341.09628,349.86386,6723.617,spacetrack,2026-09-09 15:38:37.212000+00:00,343.18683,6722.0664,0.0011505,15.233803055555555,-3.293543957278791,2.4428830978250105,300-350,storm_recovery,12.766822616757024
100291,2026-09-08 10:49:16.536000+00:00,0.0016692,15.754897,0.0026646,0.0005,339.87723,346.5986,6721.375,spacetrack,2026-09-07 16:32:55.154000+00:00,342.8069,6721.998,0.001027,18.27260611111111,-3.847950290858878,-0.8182740824746553,300-350,storm_main,32.19080687602459
100291,2026-09-09 15:45:09.170000+00:00,0.00058775,15.752553,0.00090488,9.93e-05,343.2373,344.5723,6722.042,spacetrack,2026-09-08 10:49:16.536000+00:00,339.87723,6721.375,0.0016692,28.931287222222224,2.7873519550163333,0.5533110185195322,300-350,storm_recovery,16.314790444954085
100291,2026-09-10 10:01:29.208000+00:00,0.0018939,15.754588,0.00303222,0.0001822,342.10138,344.5507,6721.463,spacetrack,2026-09-09 15:45:09.170000+00:00,343.2373,6722.042,0.00058775,18.272232777777777,-1.4919950031041316,-0.7604981924767921,300-350,storm_recovery,11.872375659010718
100292,2026-09-08 11:09:20.069000+00:00,0.0012257,15.752783,0.00191897,0.0001707,342.69205,344.9869,6721.9766,spacetrack,2026-09-07 16:52:59.682000+00:00,342.82547,6721.569,0.001734,18.272329722222224,-0.17524202160744484,0.5353668715868287,300-350,storm_main,32.37392330939008
100292,2026-09-09 20:39:19.620000+00:00,0.0010917,15.752834,0.00170444,0.0001433,342.8614,344.7879,6721.9614,spacetrack,2026-09-08 11:09:20.069000+00:00,342.69205,6721.9766,0.0012257,33.49987527777778,0.12132582483661766,-0.010889592781192534,300-350,storm_recovery,15.965831348741922
100292,2026-09-10 10:21:34.387000+00:00,0.0012264,15.752819,0.00192039,0.0001161,343.04874,344.6096,6721.9663,spacetrack,2026-09-09 20:39:19.620000+00:00,342.8614,6721.9614,0.0010917,13.704101944444444,0.32808862764063573,0.008581372239823356,300-350,storm_recovery,10.683240543124487
100293,2026-09-08 21:29:22.123000+00:00,0.0019848,15.750594,0.00312711,0.0003899,341.8409,347.0832,6722.599,spacetrack,2026-09-07 16:33:23.215000+00:00,342.0082,6721.798,0.00099191,28.93303,-0.13877564845438853,0.6644309289420864,300-350,storm_main,29.7618434613389
100294,2026-09-08 10:56:15.857000+00:00,0.0013848,15.752785,0.00217551,0.000113,343.0792,344.59836,6721.9756,spacetrack,2026-09-07 18:11:17.500000+00:00,342.71173,6721.9854,0.000916,16.74954361111111,0.5265385257512443,-0.014042173652988701,300-350,storm_main,33.130835123749726
100294,2026-09-09 14:20:48.078000+00:00,0.0013362,15.752342,0.00209281,0.0001186,343.1675,344.762,6722.1016,spacetrack,2026-09-08 10:56:15.857000+00:00,343.0792,6721.9756,0.0013848,27.40895027777778,0.07731780963965865,0.11032892428779525,300-350,storm_recovery,16.387079317896372
100294,2026-09-10 10:08:30.207000+00:00,0.0012158,15.75298,0.00190497,0.0002815,341.89093,345.67535,6721.92,spacetrack,2026-09-09 14:20:48.078000+00:00,343.1675,6722.1016,0.0013362,19.795035833333333,-1.5477456195562072,-0.220176413758147,300-350,storm_recovery,11.978521256360445
100298,2026-09-08 11:15:52.683000+00:00,0.0017724,15.799033,0.00347816,1.79e-05,330.59415,330.83432,6708.851,spacetrack,2026-09-07 18:33:50.522000+00:00,330.04184,6709.1055,0.0011297,16.700600277777777,0.7937103924125906,-0.36573535671814306,300-350,storm_main,33.2466719218559
100298,2026-09-09 14:35:38.931000+00:00,0.00054299,15.798351,0.00102726,8.88e-05,330.31158,331.5031,6709.0444,spacetrack,2026-09-08 11:15:52.683000+00:00,330.59415,6708.851,0.0017724,27.329513333333335,-0.248144923668619,0.16983837009425906,300-350,storm_recovery,16.160605250441098
100298,2026-09-10 10:19:54.183000+00:00,0.0011422,15.798646,0.00220153,0.0001378,329.89932,331.74832,6708.961,spacetrack,2026-09-09 14:35:38.931000+00:00,330.31158,6709.0444,0.00054299,19.737569999999998,-0.5012896724368847,-0.10141065997428683,300-350,storm_recovery,11.949580799460117
100300,2026-09-08 21:42:26.027000+00:00,0.0011837,15.798456,0.00228195,0.000114,330.1128,331.64246,6709.0146,spacetrack,2026-09-07 16:51:35.186000+00:00,329.2693,6708.6836,0.0016077,28.847455833333335,0.7017603256578395,0.2753795705902017,300-350,storm_main,29.73202993127422
100300,2026-09-09 11:22:28.271000+00:00,0.0012443,15.795383,0.00236982,0.0005627,327.97205,335.52338,6709.885,spacetrack,2026-09-08 21:42:26.027000+00:00,330.1128,6709.0146,0.0011837,13.66729,-3.7591943977188786,1.5284376054064097,300-350,storm_recovery,10.308246245841955
100371,2026-09-08 20:36:02.229000+00:00,0.00072859,15.751888,0.00109949,0.000173,342.931,345.25687,6722.231,spacetrack,2026-09-07 21:43:50.056000+00:00,343.04657,6722.2026,0.00028052,22.870048055555554,-0.12128002500309605,0.029803173056208526,300-350,storm_main,31.116288440486077
100371,2026-09-09 13:22:19.169000+00:00,0.0015322,15.752812,0.00235755,0.0001317,342.94562,344.7162,6721.968,spacetrack,2026-09-08 20:36:02.229000+00:00,342.931,6722.231,0.00072859,16.771372222222222,0.020921365011263137,-0.3763556086146977,300-350,storm_recovery,10.819306062877649
100371,2026-09-10 19:51:54.566000+00:00,0.00091297,15.752233,0.00138476,0.000172,342.83966,345.15207,6722.133,spacetrack,2026-09-09 13:22:19.169000+00:00,342.94562,6721.968,0.0015322,30.493165833333332,-0.08339704751879279,0.12986516459600558,300-350,storm_recovery,10.330076383144396
100371,2026-09-11 20:15:34.963000+00:00,0.0013211,15.752629,0.00202298,0.0002058,342.4998,345.26657,6722.02,spacetrack,2026-09-10 19:51:54.566000+00:00,342.83966,6722.133,0.00091297,24.39455472222222,-0.3343631434505917,-0.11117235099661343,300-350,storm_recovery,8.550195781966234
100371,2026-09-12 13:01:51.754000+00:00,0.001405,15.752615,0.00215474,0.0001573,342.82968,344.94443,6722.024,spacetrack,2026-09-11 20:15:34.963000+00:00,342.4998,6722.02,0.0013211,16.771330833333334,0.4720627169469846,0.005724053800604071,300-350,storm_recovery,8.65634654216717
100371,2026-09-13 13:25:32.275000+00:00,0.0009721,15.752216,0.00147598,0.0001227,343.17575,344.82538,6722.1377,spacetrack,2026-09-12 13:01:51.754000+00:00,342.82968,6722.024,0.001405,24.394589166666666,0.34047222288740214,0.11186087133313284,300-350,storm_recovery,6.637162822115346
100372,2026-09-08 20:38:34.679000+00:00,0.00092623,15.751986,0.00140371,0.0001798,342.85767,345.27496,6722.203,spacetrack,2026-09-07 21:46:22.663000+00:00,343.01724,6722.116,0.001152,22.870004444444444,-0.16745427441012312,0.09129862677039692,300-350,storm_main,31.08480872131201
100372,2026-09-09 13:24:51.821000+00:00,0.0010071,15.751987,0.00152866,0.0001326,343.17444,344.95718,6722.2026,spacetrack,2026-09-08 20:38:34.679000+00:00,342.85767,6722.203,0.00092623,16.771428333333333,0.45329949536203107,-0.0005724020535769161,300-350,storm_recovery,10.811735126515263
100372,2026-09-10 13:48:31.523000+00:00,0.0013484,15.75164,0.00205738,0.0003999,341.47623,346.85272,6722.3013,spacetrack,2026-09-09 13:24:51.821000+00:00,343.17444,6722.2026,0.0010071,24.39436166666667,-1.670756568953075,0.09710440602542675,300-350,storm_recovery,11.531602043013082
100372,2026-09-11 18:46:38.621000+00:00,0.0010771,15.752352,0.00164002,0.0003394,341.68066,346.24362,6722.099,spacetrack,2026-09-10 13:48:31.523000+00:00,341.47623,6722.3013,0.0013484,28.96863833333333,0.16936660755485003,-0.1676019405582974,300-350,storm_recovery,8.14089943321656
100372,2026-09-12 20:41:48.001000+00:00,0.0011528,15.752378,0.00175772,0.0001514,342.93674,344.9722,6722.0913,spacetrack,2026-09-11 18:46:38.621000+00:00,341.68066,6722.099,0.0010771,25.919272222222222,1.163069693529201,-0.007129829820001021,300-350,storm_recovery,7.356575726899053
100372,2026-09-13 13:28:04.663000+00:00,0.001212,15.752234,0.00184888,0.0001806,342.78152,345.20953,6722.1323,spacetrack,2026-09-12 20:41:48.001000+00:00,342.93674,6722.0913,0.0011528,16.771295,-0.22212238232048612,0.058671676814701326,300-350,storm_recovery,7.307315382887513
100373,2026-09-08 20:41:07.032000+00:00,0.0010136,15.752062,0.00153917,0.0001582,342.98102,345.10794,6722.1816,spacetrack,2026-09-07 21:48:54.807000+00:00,342.81174,6722.126,0.00086412,22.870062500000003,0.17764358973659794,0.05834702025814123,300-350,storm_main,31.05335311902478
100373,2026-09-09 13:27:24.111000+00:00,0.00087365,15.751798,0.00132158,0.0001671,342.99643,345.243,6722.257,spacetrack,2026-09-08 20:41:07.032000+00:00,342.98102,6722.1816,0.0010136,16.771410833333334,0.0220518120791797,0.10789789946571626,300-350,storm_recovery,10.804163811899546
100373,2026-09-10 13:51:04.169000+00:00,9.2144e-05,15.752204,0.00013656,0.0002492,342.32904,345.67935,6722.141,spacetrack,2026-09-09 13:27:24.111000+00:00,342.99643,6722.257,0.00087365,24.394460555555558,-0.6565982454713943,-0.1141242698791971,300-350,storm_recovery,11.526389438276162
100373,2026-09-11 20:20:39.969000+00:00,0.0012949,15.752496,0.00198093,0.0003026,341.88702,345.9552,6722.058,spacetrack,2026-09-10 13:51:04.169000+00:00,342.32904,6722.141,9.2144e-05,30.493277777777777,-0.3478956928576351,-0.06532587327961116,300-350,storm_recovery,7.926905155781147
100373,2026-09-12 13:06:56.533000+00:00,0.001316,15.752672,0.00201531,0.0001804,342.65817,345.08347,6722.008,spacetrack,2026-09-11 20:20:39.969000+00:00,341.88702,6722.058,0.0012949,16.771267777777776,1.1035301710776064,-0.07155094152121205,300-350,storm_recovery,8.671507954642797
100373,2026-09-13 13:30:37.104000+00:00,0.00091076,15.752302,0.00138177,0.0001728,342.81464,345.1378,6722.1133,spacetrack,2026-09-12 13:06:56.533000+00:00,342.65817,6722.008,0.001316,24.394603055555553,0.1539389672153364,0.10359668465392591,300-350,storm_recovery,6.6302209421981555
100374,2026-09-08 20:45:10.957000+00:00,0.00085174,15.752016,0.00128913,0.0001545,343.0191,345.09625,6722.195,spacetrack,2026-09-07 21:52:57.565000+00:00,342.88574,6721.861,0.0012814,22.87038666666667,0.13994691242647259,0.3504969162449367,300-350,storm_main,31.00300149178841
100374,2026-09-09 13:31:27.987000+00:00,0.00094819,15.751828,0.00143658,0.0001612,343.0275,345.19476,6722.248,spacetrack,2026-09-08 20:45:10.957000+00:00,343.0191,6722.195,0.00085174,16.771397222222223,0.012020465398836881,0.07584341263540029,300-350,storm_recovery,10.792042752020096
100374,2026-09-10 13:55:07.991000+00:00,0.00049755,15.75234,0.0007488,0.0001536,342.93283,344.99786,6722.1025,spacetrack,2026-09-09 13:31:27.987000+00:00,343.0275,6722.248,0.00094819,24.394445555555556,-0.09313923511089527,-0.1431473403254222,300-350,storm_recovery,11.518059996900023
100374,2026-09-11 20:24:43.838000+00:00,0.0012367,15.752597,0.00189088,0.00039,341.27072,346.5139,6722.0293,spacetrack,2026-09-10 13:55:07.991000+00:00,342.93283,6722.1025,0.00049755,30.493290833333333,-1.3081775993949156,-0.05761267321384486,300-350,storm_recovery,7.91579802613593
100374,2026-09-12 20:48:22.684000+00:00,0.0011715,15.752923,0.00179108,0.0001833,342.56732,345.0316,6721.9365,spacetrack,2026-09-11 20:24:43.838000+00:00,341.27072,6722.0293,0.0012367,24.394123888888892,1.2756514700728478,-0.09130067593954065,300-350,storm_recovery,7.566432653874773
100374,2026-09-13 13:34:40.816000+00:00,0.0014271,15.752394,0.00218751,0.0002189,342.47876,345.4217,6722.0874,spacetrack,2026-09-12 20:48:22.684000+00:00,342.56732,6721.9365,0.0011715,16.77170333333333,-0.12672773645924718,0.21593513360180264,300-350,storm_recovery,7.313796061130212
100375,2026-09-08 17:44:45.699000+00:00,0.00054484,15.751897,0.00081919,0.0001521,343.06903,345.11395,6722.2285,spacetrack,2026-09-07 20:24:02.389000+00:00,343.09152,6721.962,0.0016592,21.345363888888887,-0.025286989849869997,0.2996435213420155,300-350,storm_main,32.900687880311246
100375,2026-09-09 13:34:00.396000+00:00,0.00086192,15.751857,0.00130387,0.0001273,343.24707,344.95856,6722.2397,spacetrack,2026-09-08 17:44:45.699000+00:00,343.06903,6722.2285,0.00054484,19.820749166666666,0.21558014604141423,0.013561545920275347,300-350,storm_recovery,11.740537430913623
100375,2026-09-12 20:50:56.782000+00:00,0.000962,15.752254,0.00146061,0.000139,343.0556,344.92438,6722.127,spacetrack,2026-09-11 14:21:21.108000+00:00,342.69727,6722.2554,0.0009667,30.493242777777777,0.28202707277390104,-0.10105845489926621,300-350,storm_recovery,7.15547559288955
100375,2026-09-13 13:37:13.682000+00:00,0.0010588,15.752144,0.00160984,0.0001721,342.86435,345.1781,6722.158,spacetrack,2026-09-12 20:50:56.782000+00:00,343.0556,6722.127,0.000962,16.771361111111112,-0.2736808282638254,0.04436133686882896,300-350,storm_recovery,7.316395542003646
100376,2026-09-08 17:45:46.676000+00:00,0.00062248,15.751847,0.00093721,0.0001274,343.24908,344.9619,6722.2427,spacetrack,2026-09-07 21:56:32.252000+00:00,343.13892,6722.091,0.0010409,19.820673333333332,0.13338800128217215,0.18368699886010353,300-350,storm_main,33.127144295916395
100376,2026-09-09 13:35:01.368000+00:00,0.0011874,15.751956,0.00180829,0.0001403,343.1315,345.01773,6722.2114,spacetrack,2026-09-08 17:45:46.676000+00:00,343.24908,6722.2427,0.00062248,19.820747777777775,-0.14237202509398922,-0.03789968009348914,300-350,storm_recovery,11.717464241874941
100376,2026-09-10 13:58:41.357000+00:00,0.00077262,15.752239,0.00116875,0.0001644,342.88882,345.09906,6722.131,spacetrack,2026-09-09 13:35:01.368000+00:00,343.1315,6722.2114,0.0011874,24.39444138888889,-0.23875603081663577,-0.07909998713373828,300-350,storm_recovery,11.510771163954484
100376,2026-09-11 20:28:17.380000+00:00,0.0011527,15.752374,0.00175762,0.0002701,342.14023,345.7715,6722.093,spacetrack,2026-09-10 13:58:41.357000+00:00,342.88882,6722.131,0.00077262,30.493339722222224,-0.589183086000511,-0.029908170384713547,300-350,storm_recovery,7.906073505687121
100376,2026-09-12 13:14:33.964000+00:00,0.0012491,15.752629,0.00191006,0.0001438,342.9164,344.84964,6722.02,spacetrack,2026-09-11 20:28:17.380000+00:00,342.14023,6722.093,0.0011527,16.771273333333333,1.1107135176776997,-0.10446434001547818,300-350,storm_recovery,8.69423530155333
100376,2026-09-13 13:38:14.696000+00:00,0.00071347,15.751943,0.00107662,0.0001791,342.8746,345.2825,6722.2153,spacetrack,2026-09-12 13:14:33.964000+00:00,342.9164,6722.02,0.0012491,24.394647777777777,-0.04112377473694958,0.19214050732290303,300-350,storm_recovery,6.619800572830571
100377,2026-09-08 22:21:14.083000+00:00,0.0010395,15.752037,0.00157906,5.75e-05,343.66495,344.43802,6722.1885,spacetrack,2026-09-07 21:57:33.232000+00:00,343.01328,6722.095,0.00095801,24.394680833333332,0.641126649979709,0.0919872662130728,300-350,storm_main,29.9496963540014
100377,2026-09-09 13:36:02.466000+00:00,0.0013227,15.751644,0.00201659,0.0001523,343.13968,345.1873,6722.3003,spacetrack,2026-09-08 22:21:14.083000+00:00,343.66495,6722.1885,0.0010395,15.246773055555556,-0.8268293857371982,0.17598477987540573,300-350,storm_recovery,10.356259666093642
100377,2026-09-10 18:34:08.941000+00:00,0.0010099,15.752415,0.00153582,0.0001082,343.21692,344.6716,6722.081,spacetrack,2026-09-09 13:36:02.466000+00:00,343.13968,6722.3003,0.0013227,28.968465277777778,0.06399234416544919,-0.18168722262381817,300-350,storm_recovery,10.600091450017848
100377,2026-09-11 20:29:18.186000+00:00,0.00064451,15.752404,0.00097326,0.0002462,342.29214,345.6021,6722.084,spacetrack,2026-09-10 18:34:08.941000+00:00,343.21692,6722.081,0.0010099,25.91923472222222,-0.8563030597879113,0.00277785979271642,300-350,storm_recovery,8.282533847530328
100377,2026-09-12 13:15:34.936000+00:00,0.0009944,15.752481,0.00151239,0.0002573,342.19543,345.6546,6722.062,spacetrack,2026-09-11 20:29:18.186000+00:00,342.29214,6722.084,0.00064451,16.771319444444444,-0.1383934047460752,-0.03148231728263516,300-350,storm_recovery,8.69725197199253
100377,2026-09-13 13:39:15.575000+00:00,0.0012829,15.752661,0.00196343,0.0002274,342.34567,345.40283,6722.011,spacetrack,2026-09-12 13:15:34.936000+00:00,342.19543,6722.062,0.0009944,24.39462194444444,0.1478096282127907,-0.05017499360207045,300-350,storm_recovery,6.618413730740446
100378,2026-09-08 22:18:11.400000+00:00,0.0014635,15.752325,0.002244,0.0001459,342.98895,344.95047,6722.107,spacetrack,2026-09-07 21:54:30.541000+00:00,343.00906,6722.0894,0.0012341,24.394683055555554,-0.019784639091254955,0.01731524853350831,300-350,storm_main,29.985059563127255
100378,2026-09-09 13:32:59.311000+00:00,0.0012708,15.75195,0.00193825,0.0001382,343.1474,345.0054,6722.2134,spacetrack,2026-09-08 22:18:11.400000+00:00,342.98895,6722.107,0.0014635,15.246641944444445,0.2494188565493301,0.1674860608189517,300-350,storm_recovery,10.366230407274928
100378,2026-09-10 13:56:39.649000+00:00,0.0013163,15.751533,0.00200586,0.0003162,342.06964,346.32083,6722.332,spacetrack,2026-09-09 13:32:59.311000+00:00,343.1474,6722.2134,0.0012708,24.394538333333333,-1.0603291460800461,0.11668185563189502,300-350,storm_recovery,11.51493073278766
100378,2026-09-11 20:26:15.325000+00:00,0.0011059,15.752297,0.00168403,0.0001881,342.7131,345.24197,6722.1147,spacetrack,2026-09-10 13:56:39.649000+00:00,342.06964,6722.332,0.0013163,30.493243333333336,0.5064413723127553,-0.17102805178828162,300-350,storm_recovery,7.911629339454034
100378,2026-09-12 13:12:32.093000+00:00,0.0012188,15.752538,0.00186204,0.0002046,342.53378,345.28445,6722.046,spacetrack,2026-09-11 20:26:15.325000+00:00,342.7131,6722.1147,0.0011059,16.771324444444442,-0.2566094296402482,-0.0983106614779944,300-350,storm_recovery,8.688165471195807
100378,2026-09-13 13:36:12.790000+00:00,0.00094001,15.752202,0.00142631,0.0001507,342.99167,345.0177,6722.1416,spacetrack,2026-09-12 13:12:32.093000+00:00,342.53378,6722.046,0.0012188,24.394638055555557,0.4504826009295025,0.09405345530302155,300-350,storm_recovery,6.622576668914391
100379,2026-09-08 22:22:15.224000+00:00,0.0012841,15.752225,0.00196138,0.0001252,343.15646,344.8397,6722.1353,spacetrack,2026-09-07 21:58:34.171000+00:00,342.99957,6722.081,0.001019,24.394736944444446,0.15435132621329312,0.053421358998979346,300-350,storm_main,29.937865673279955
100379,2026-09-09 13:37:03.516000+00:00,0.0013893,15.7517,0.00212133,0.0001512,343.131,345.16385,6722.2847,spacetrack,2026-09-08 22:22:15.224000+00:00,343.15646,6722.1353,0.0012841,15.246747777777777,-0.04007674350662667,0.23517146425363117,300-350,storm_recovery,10.352915190000811
100379,2026-09-10 14:00:43.469000+00:00,0.00099452,15.751826,0.00150817,0.0002167,342.6547,345.5681,6722.2485,spacetrack,2026-09-09 13:37:03.516000+00:00,343.131,6722.2847,0.0013893,24.394431388888886,-0.4685987477128156,-0.035614685423937566,300-350,storm_recovery,11.506599519587535
100379,2026-09-11 14:24:24.141000+00:00,0.0010385,15.752072,0.00157774,7.65e-05,343.5272,344.55566,6722.178,spacetrack,2026-09-10 14:00:43.469000+00:00,342.6547,6722.2485,0.00099452,24.394631111111114,0.8583855974137864,-0.06935952391691622,300-350,storm_recovery,8.508088482857431
100379,2026-09-12 13:16:35.921000+00:00,0.00096444,15.752427,0.00146553,0.0001719,342.78516,345.09622,6722.0776,spacetrack,2026-09-11 14:24:24.141000+00:00,343.5272,6722.178,0.0010385,22.86993888888889,-0.7787060597985103,-0.1053610161230907,300-350,storm_recovery,7.838943576830235
100379,2026-09-13 13:40:16.484000+00:00,0.0011155,15.75252,0.00170076,0.0002068,342.52405,345.3043,6722.0513,spacetrack,2026-09-12 13:16:35.921000+00:00,342.78516,6722.0776,0.00096444,24.39460083333333,-0.2568863513207339,-0.025874577915880798,300-350,storm_recovery,6.6170262766363726
100380,2026-09-08 13:14:22.828000+00:00,0.0013669,15.75217,0.00209064,0.0001138,343.249,344.77896,6722.151,spacetrack,2026-09-07 21:59:35.151000+00:00,342.7642,6722.041,0.0013181,15.246576944444445,0.7631352297893861,0.17315362062001113,300-350,storm_main,33.351336475763034
100380,2026-09-09 13:38:04.220000+00:00,0.00010372,15.751893,0.00015368,0.0001126,343.33563,344.84946,6722.2295,spacetrack,2026-09-08 13:14:22.828000+00:00,343.249,6722.151,0.0013669,24.394831111111113,0.08522789071706215,0.07722947502410221,300-350,storm_recovery,15.550065797180714
100380,2026-09-10 14:01:44.640000+00:00,0.00099322,15.751814,0.00150599,0.000126,343.268,344.962,6722.252,spacetrack,2026-09-09 13:38:04.220000+00:00,343.33563,6722.2295,0.00010372,24.39456111111111,-0.06653614273309917,0.022136081790580634,300-350,storm_recovery,11.504512504039495
100380,2026-09-11 20:31:20.321000+00:00,0.0010162,15.7522335,0.00154434,0.0001785,342.79572,345.19553,6722.133,spacetrack,2026-09-10 14:01:44.640000+00:00,343.268,6722.252,0.00099322,30.493244722222222,-0.37171249249636745,-0.09366008852226157,300-350,storm_recovery,7.897737605472018
100380,2026-09-12 13:17:36.873000+00:00,0.001264,15.752601,0.00193322,0.0001452,342.91516,344.86725,6722.0283,spacetrack,2026-09-11 20:31:20.321000+00:00,342.79572,6722.133,0.0010162,16.771264444444444,0.17092092307622617,-0.14982770132332884,300-350,storm_recovery,8.703326201867242
100380,2026-09-13 13:41:17.373000+00:00,0.001022,15.752275,0.00155367,0.0001799,342.7744,345.19305,6722.1206,spacetrack,2026-09-12 13:17:36.873000+00:00,342.91516,6722.0283,0.001264,24.394583333333333,-0.13848320153039462,0.09080704391368331,300-350,storm_recovery,6.615639332502092
100381,2026-09-08 14:53:59.575000+00:00,0.0011753,15.752109,0.00179066,0.000123,343.20444,344.8581,6722.1685,spacetrack,2026-09-07 20:36:14.314000+00:00,342.666,6722.012,0.0013579,18.295905833333332,0.7063088385848539,0.20529183054485126,300-350,storm_main,32.110465211699385
100381,2026-09-09 13:46:12.306000+00:00,0.0010346,15.751781,0.00156985,0.0001885,342.85712,345.39142,6722.261,spacetrack,2026-09-08 14:53:59.575000+00:00,343.20444,6722.1685,0.0011753,22.870203055555557,-0.3644777433654815,0.0970695360519084,300-350,storm_recovery,15.060802756561056
100381,2026-09-10 14:09:52.350000+00:00,0.0012554,15.751795,0.00191297,0.0002148,342.6767,345.56458,6722.258,spacetrack,2026-09-09 13:46:12.306000+00:00,342.85712,6722.261,0.0010346,24.394456666666667,-0.17750262115562462,-0.002951490209374138,300-350,storm_recovery,11.487849835283619
100381,2026-09-11 13:02:04.274000+00:00,0.0010435,15.7525015,0.00158863,0.0001465,342.93463,344.9042,6722.0566,spacetrack,2026-09-10 14:09:52.350000+00:00,342.6767,6722.258,0.0012554,22.869978888888888,0.2706744955942465,-0.21135131009440775,300-350,storm_recovery,8.475294662128873
100381,2026-09-12 13:25:44.767000+00:00,0.0010978,15.752203,0.00167075,0.0001505,342.99277,345.01614,6722.1416,spacetrack,2026-09-11 13:02:04.274000+00:00,342.93463,6722.0566,0.0010435,24.394581388888888,0.05719958780006279,0.083625128362729,300-350,storm_recovery,7.8990094373530795
100381,2026-09-13 22:58:18.069000+00:00,0.0019616,15.752893,0.00304433,0.000111,343.06174,344.554,6721.945,spacetrack,2026-09-12 13:25:44.767000+00:00,342.99277,6722.1416,0.0010978,33.542583888888885,0.049348613257782184,-0.14066894833251628,300-350,storm_recovery,5.691611132919578
100382,2026-09-08 16:26:59.730000+00:00,0.00094529,15.752039,0.00143343,0.0001418,343.09778,345.00418,6722.188,spacetrack,2026-09-07 17:34:48.411000+00:00,343.17142,6722.1035,0.0010758,22.869810833333336,-0.07727917003250015,0.08867585371727546,300-350,storm_main,31.735486079118935
100382,2026-09-09 13:47:43.594000+00:00,0.00072992,15.751867,0.0011014,9e-05,343.49478,344.70477,6722.237,spacetrack,2026-09-08 16:26:59.730000+00:00,343.09778,6722.188,0.00094529,21.34551777777778,0.4463700576014664,0.055093533557840274,300-350,storm_recovery,13.398514915907924
100382,2026-09-10 14:11:23.752000+00:00,0.00029234,15.752338,0.00043782,0.0001668,342.84457,345.08707,6722.103,spacetrack,2026-09-09 13:47:43.594000+00:00,343.49478,6722.237,0.00072992,24.39448833333333,-0.6396953191544172,-0.1318330581915061,300-350,storm_recovery,11.484728141800883
100382,2026-09-11 13:03:35.639000+00:00,0.0011752,15.752625,0.00179459,0.0001346,342.9794,344.78897,6722.021,spacetrack,2026-09-10 14:11:23.752000+00:00,342.84457,6722.103,0.00029234,22.869968611111112,0.14149210499696088,-0.08605171408289133,300-350,storm_recovery,8.475294426325975
100382,2026-09-12 13:27:16.085000+00:00,0.00065461,15.7520685,0.00098725,0.0002324,342.4803,345.60477,6722.1797,spacetrack,2026-09-11 13:03:35.639000+00:00,342.9794,6722.021,0.0011752,24.394568333333332,-0.4910273400342316,0.1561331173380283,300-350,storm_recovery,7.896929195736493
100382,2026-09-13 13:50:56.732000+00:00,0.0010114,15.752224,0.00153688,7.89e-05,343.46796,344.52872,6722.1353,spacetrack,2026-09-12 13:27:16.085000+00:00,342.4803,6722.1797,0.00065461,24.394624166666667,0.9716829346520353,-0.043681755156962224,300-350,storm_recovery,6.60244583486159
100383,2026-09-08 16:28:00.840000+00:00,0.00060908,15.751836,0.00091673,0.0001111,343.3621,344.85577,6722.246,spacetrack,2026-09-07 17:35:49.399000+00:00,343.1658,6722.1157,0.0010097,22.869844722222226,0.20600052414970704,0.13673901322804827,300-350,storm_main,31.748089797189387
100383,2026-09-09 13:48:44.653000+00:00,0.0010235,15.751808,0.00155281,0.0001499,343.1091,345.12442,6722.254,spacetrack,2026-09-08 16:28:00.840000+00:00,343.3621,6722.246,0.00060908,21.34550361111111,-0.28446271920419647,0.008994868591224845,300-350,storm_recovery,13.377044108938216
100383,2026-09-10 14:12:24.667000+00:00,0.001109,15.752029,0.00168683,5.56e-05,343.68005,344.42755,6722.191,spacetrack,2026-09-09 13:48:44.653000+00:00,343.1091,6722.254,0.0010235,24.394448333333333,0.5617179701200965,-0.06198131555762222,300-350,storm_recovery,11.482646393110345
100383,2026-09-11 13:04:36.681000+00:00,0.0011559,15.752581,0.001764,0.0001459,342.91623,344.87772,6722.034,spacetrack,2026-09-10 14:12:24.667000+00:00,343.68005,6722.191,0.001109,22.87000388888889,-0.8015599861312859,-0.16475729598954306,300-350,storm_recovery,8.475295235702603
100383,2026-09-12 13:28:17.769000+00:00,0.00071434,15.751876,0.00107773,0.0002566,342.3724,345.82224,6722.2344,spacetrack,2026-09-11 13:04:36.681000+00:00,342.91623,6722.034,0.0011559,24.394746666666666,-0.5350299463381312,0.19715720215233712,300-350,storm_recovery,7.895532494427762
100383,2026-09-13 13:51:57.860000+00:00,0.00039548,15.752201,0.0005935,0.0002027,342.64233,345.3675,6722.142,spacetrack,2026-09-12 13:28:17.769000+00:00,342.3724,6722.2344,0.00071434,24.394469722222222,0.2655651085581199,-0.09090584977917071,300-350,storm_recovery,6.601051199092928
100384,2026-09-08 21:06:29.689000+00:00,0.0016189,15.753239,0.00249978,0.0001751,342.53278,344.88675,6721.8467,spacetrack,2026-09-07 20:42:50.649000+00:00,342.6469,6721.9717,0.0015772,24.394177777777777,-0.11227597113338073,-0.12298016466588568,300-350,storm_main,30.75913619643303
100384,2026-09-09 13:52:40.981000+00:00,0.0012565,15.755035,0.00194222,0.0001543,342.16165,344.23584,6721.336,spacetrack,2026-09-08 21:06:29.689000+00:00,342.53278,6721.8467,0.0016189,16.769803333333332,-0.5311403969953047,-0.7308851365974416,300-350,storm_recovery,10.728384560661713
100384,2026-09-10 14:15:59.674000+00:00,0.0011932,15.756445,0.00185373,0.0001267,341.94617,343.64926,6720.9346,spacetrack,2026-09-09 13:52:40.981000+00:00,342.16165,6721.336,0.0012565,24.388525833333333,-0.21204725678548747,-0.39500542451191245,300-350,storm_recovery,11.475174169164454
100384,2026-09-11 13:07:44.713000+00:00,0.0012012,15.75807,0.00188,0.0001289,341.46936,343.2019,6720.4727,spacetrack,2026-09-10 14:15:59.674000+00:00,341.94617,6720.9346,0.0011932,22.862510833333335,-0.5005329503579973,-0.48488112617190166,300-350,storm_recovery,8.475123266754057
100384,2026-09-12 13:30:50.137000+00:00,0.00099384,15.759138,0.00155651,0.000121,341.2191,342.84537,6720.1694,spacetrack,2026-09-11 13:07:44.713000+00:00,341.46936,6720.4727,0.0012012,24.38484,-0.2463104125349706,-0.2985133386157862,300-350,storm_recovery,7.891612416202489
100384,2026-09-13 13:53:48.336000+00:00,0.0011194,15.760388,0.00176721,0.0001108,340.93213,342.42126,6719.8135,spacetrack,2026-09-12 13:30:50.137000+00:00,341.2191,6720.1694,0.00099384,24.382833055555555,-0.28246430528843064,-0.35031204046419784,300-350,storm_recovery,6.598343638834513
100385,2026-09-10 14:19:01.370000+00:00,0.0011271,15.752621,0.00171994,0.0003718,341.38635,346.38483,6722.0225,spacetrack,2026-09-09 15:26:49.845000+00:00,343.27524,6722.218,0.00048228,22.869868055555553,-1.9822309376633107,-0.2051607813651412,300-350,storm_recovery,11.375043217042316
100385,2026-09-11 13:11:13.024000+00:00,0.0013189,15.752736,0.00202045,0.0001596,342.7799,344.92557,6721.9897,spacetrack,2026-09-10 14:19:01.370000+00:00,341.38635,6722.0225,0.0011271,22.86990388888889,1.4624110430236275,-0.034420783044099304,300-350,storm_recovery,8.475292941400157
100385,2026-09-12 13:34:53.560000+00:00,0.001114,15.752271,0.00169642,0.0001465,343.00027,344.96985,6722.122,spacetrack,2026-09-11 13:11:13.024000+00:00,342.7799,6721.9897,0.0013189,24.394593333333333,0.2168054178125288,0.13015998900323816,300-350,storm_recovery,7.886511920173205
100385,2026-09-13 18:33:00.180000+00:00,0.0010977,15.752338,0.00167165,0.0001207,343.15436,344.77707,6722.1025,spacetrack,2026-09-12 13:34:53.560000+00:00,343.00027,6722.122,0.001114,28.968505555555556,0.12766140085851568,-0.016155476129429813,300-350,storm_recovery,6.180135476631614
100386,2026-09-10 12:48:02.770000+00:00,0.0013661,15.752232,0.00208997,0.0001639,342.89447,345.09796,6722.1333,spacetrack,2026-09-09 13:55:51.494000+00:00,343.19348,6722.2124,0.00046935,22.869798888888887,-0.31378675583748816,-0.08300903778041273,300-350,storm_recovery,11.632602438956491
100386,2026-09-11 20:49:07.340000+00:00,0.0010718,15.752344,0.00163142,0.0002418,342.3389,345.58972,6722.101,spacetrack,2026-09-10 12:48:02.770000+00:00,342.89447,6722.1333,0.0013661,32.01793611111111,-0.41644408164624247,-0.02421142941031776,300-350,storm_recovery,7.903941601482572
100386,2026-09-12 18:09:50.274000+00:00,0.00093536,15.752366,0.00142014,0.0001369,343.03775,344.87827,6722.095,spacetrack,2026-09-11 20:49:07.340000+00:00,342.3389,6722.101,0.0010718,21.345259444444444,0.7857669776117528,-0.006746228611578669,300-350,storm_recovery,8.075846453234073
100386,2026-09-13 13:59:04.500000+00:00,0.00095866,15.752214,0.00145524,0.0001916,342.71326,345.28915,6722.138,spacetrack,2026-09-12 18:09:50.274000+00:00,343.03775,6722.095,0.00093536,19.820618333333332,-0.3929120610179728,0.05206699320053003,300-350,storm_recovery,6.824562906757617
100387,2026-09-08 21:13:07.175000+00:00,0.0013071,15.752472,0.00200084,0.0005375,340.31488,347.54108,6722.065,spacetrack,2026-09-07 20:49:26.954000+00:00,342.42615,6721.9727,0.0014472,24.394505833333334,-2.077126724607072,0.09080733240176023,300-350,storm_main,30.70477204788633
100387,2026-09-09 21:36:48.838000+00:00,0.0014398,15.752382,0.00220734,7.47e-05,343.45132,344.4556,6722.0903,spacetrack,2026-09-08 21:13:07.175000+00:00,340.31488,6722.065,0.0013071,24.394906388888888,3.0856670978776553,0.024890441894968404,300-350,storm_recovery,11.850133502937652
100387,2026-09-10 14:23:05.742000+00:00,0.00099719,15.751753,0.0015129,0.0005743,340.27182,347.993,6722.2695,spacetrack,2026-09-09 21:36:48.838000+00:00,343.45132,6722.0903,0.0014398,16.771362222222223,-4.549898749362862,0.2564371303312024,300-350,storm_recovery,10.142381961155213
100387,2026-09-11 17:49:43.349000+00:00,0.0012631,15.752149,0.00192794,0.0001075,343.29715,344.74243,6722.1567,spacetrack,2026-09-10 14:23:05.742000+00:00,340.27182,6722.2695,0.00099719,27.443779722222224,2.6456967930407433,-0.09864530423361512,300-350,storm_recovery,8.25352395427958
100387,2026-09-12 13:38:57.430000+00:00,0.0014893,15.7527685,0.00228924,0.0001963,342.52402,345.1631,6721.9805,spacetrack,2026-09-11 17:49:43.349000+00:00,343.29715,6722.1567,0.0012631,19.820578055555558,-0.9361543315230745,-0.213354019652915,300-350,storm_recovery,8.050862795079654
100387,2026-09-13 20:08:32.864000+00:00,0.0012276,15.752656,0.00187663,0.000194,342.5714,345.17957,6722.0127,spacetrack,2026-09-12 13:38:57.430000+00:00,342.52402,6721.9805,0.0014893,30.493176111111108,0.03729096621014395,0.02534337509472433,300-350,storm_recovery,5.960019415637199
100388,2026-09-08 16:41:44.168000+00:00,0.00043815,15.752023,0.00065766,0.0001964,342.73553,345.376,6722.193,spacetrack,2026-09-07 16:18:03.755000+00:00,342.9911,6722.1387,0.0006403,24.394559166666667,-0.251436394406423,0.05342174831244978,300-350,storm_main,31.298189658934987
100388,2026-09-09 14:02:27.796000+00:00,0.00090692,15.751597,0.00137168,0.0002435,342.53976,345.81354,6722.3135,spacetrack,2026-09-08 16:41:44.168000+00:00,342.73553,6722.193,0.00043815,21.34545222222222,-0.22011620794372733,0.13548553433733468,300-350,storm_recovery,13.087760510214329
100388,2026-09-10 14:26:08.078000+00:00,0.0010601,15.751957,0.00161053,9.95e-05,343.40546,344.7432,6722.2114,spacetrack,2026-09-09 14:02:27.796000+00:00,342.53976,6722.3135,0.00090692,24.39452277777778,0.8516993830650683,-0.10044877788032533,300-350,storm_recovery,11.454519697397464
100388,2026-09-11 19:24:15.081000+00:00,0.00098996,15.752133,0.00150306,0.0001121,343.27066,344.77777,6722.161,spacetrack,2026-09-10 14:26:08.078000+00:00,343.40546,6722.2114,0.0010601,28.968611944444444,-0.1116794966291115,-0.041755538799087374,300-350,storm_recovery,8.032713549165853
100388,2026-09-12 13:42:00.363000+00:00,0.0011867,15.752628,0.00181245,0.0001577,342.8233,344.94342,6722.0205,spacetrack,2026-09-11 19:24:15.081000+00:00,343.27066,6722.161,0.00098996,18.29591166666667,-0.5868327414129993,-0.1843034696190489,300-350,storm_recovery,8.378043792479321
100389,2026-09-08 16:43:15.556000+00:00,0.00097383,15.752037,0.00147749,4.91e-05,343.72147,344.38156,6722.1885,spacetrack,2026-09-07 16:19:35.262000+00:00,342.9141,6722.0835,0.00096037,24.39452611111111,0.7943126220916465,0.1033018632349473,300-350,storm_main,31.31589288462186
100389,2026-09-09 14:03:59.494000+00:00,0.00085547,15.752191,0.00129584,6.96e-05,343.53992,344.47565,6722.145,spacetrack,2026-09-08 16:43:15.556000+00:00,343.72147,6722.1885,0.00097383,21.34553833333333,-0.20412696704847888,-0.04890951840573142,300-350,storm_recovery,13.055645898834598
100389,2026-09-10 12:56:10.746000+00:00,0.0016353,15.754191,0.00253673,9.26e-05,342.81638,344.06122,6721.5757,spacetrack,2026-09-09 14:03:59.494000+00:00,343.53992,6722.145,0.00085547,22.86979222222222,-0.7592967977700767,-0.5974343740091513,300-350,storm_recovery,11.61482138034291
100389,2026-09-11 13:19:51.430000+00:00,0.0010327,15.752504,0.00157181,0.000146,342.9373,344.90012,6722.0557,spacetrack,2026-09-10 12:56:10.746000+00:00,342.81638,6721.5757,0.0016353,24.394634444444442,0.11896386505030031,0.4722349919292622,300-350,storm_recovery,8.508088550073237
100389,2026-09-12 13:43:31.802000+00:00,0.00082029,15.752206,0.00124179,9.76e-05,343.34753,344.6597,6722.1406,spacetrack,2026-09-11 13:19:51.430000+00:00,342.9373,6722.0557,0.0010327,24.394547777777777,0.40359510205674265,0.08352686094276243,300-350,storm_recovery,7.874707522304734
100389,2026-09-13 12:35:43.982000+00:00,0.00076025,15.7522135,0.00114975,0.0002768,342.14078,345.86215,6722.1387,spacetrack,2026-09-12 13:43:31.802000+00:00,343.34753,6722.1406,0.00082029,22.87005,-1.2663723953380073,-0.0019938740834889515,300-350,storm_recovery,6.685566882839736
100390,2026-09-08 15:13:18.168000+00:00,0.00029653,15.751994,0.00044351,0.0002199,342.5856,345.54202,6722.2007,spacetrack,2026-09-07 20:55:32.981000+00:00,343.0609,6722.0557,0.0014583,18.295885277777778,-0.6234844516572977,0.19020670206307497,300-350,storm_main,32.228528630762106
100390,2026-09-09 14:05:30.796000+00:00,0.0011837,15.751627,0.00179986,0.0001888,342.89902,345.43738,6722.305,spacetrack,2026-09-08 15:13:18.168000+00:00,342.5856,6722.2007,0.00029653,22.870174444444444,0.32890348161849847,0.10945259757768341,300-350,storm_recovery,14.755280251712602
100390,2026-09-10 12:57:42.193000+00:00,0.0013516,15.753797,0.00208164,0.0001647,342.4439,344.65802,6721.688,spacetrack,2026-09-09 14:05:30.796000+00:00,342.89902,6722.305,0.0011837,22.869832499999998,-0.4776108438922993,-0.647490531467799,300-350,storm_recovery,11.611489903420441
100390,2026-09-11 13:21:23.020000+00:00,0.00098595,15.752446,0.00149894,0.0001556,342.88925,344.98117,6722.0723,spacetrack,2026-09-10 12:57:42.193000+00:00,342.4439,6721.688,0.0013516,24.394674166666668,0.43814481501069946,0.37808252477484755,300-350,storm_recovery,8.508089351060198
100390,2026-09-12 13:45:03.246000+00:00,0.00082173,15.752135,0.00124363,0.0001415,343.0725,344.97485,6722.1606,spacetrack,2026-09-11 13:21:23.020000+00:00,342.88925,6722.0723,0.00098595,24.39450722222222,0.18028648662323943,0.08687201510993377,300-350,storm_recovery,7.87262312442694
100391,2026-09-08 15:15:51+00:00,0.00042676,15.751119,0.00063796,0.000288,342.37677,346.2489,6722.4497,spacetrack,2026-09-07 20:58:05.433000+00:00,342.85883,6721.968,0.0017972,18.29599083333333,-0.6323483710388333,0.6318761364344384,300-350,storm_main,32.256342817180936
100391,2026-09-09 14:08:04.025000+00:00,0.00095198,15.75202,0.00144402,0.0003736,341.54498,346.5678,6722.1934,spacetrack,2026-09-08 15:15:51+00:00,342.37677,6722.4497,0.00042676,22.87028472222222,-0.8728776332462104,-0.26896035946694397,300-350,storm_recovery,14.705147782436027
100391,2026-09-10 13:00:14.554000+00:00,0.0014147,15.752144,0.00216544,0.0001809,342.80508,345.23715,6722.158,spacetrack,2026-09-09 14:08:04.025000+00:00,341.54498,6722.1934,0.00095198,22.86959138888889,1.3223847984749018,-0.037149767372182826,300-350,storm_recovery,11.60593400292618
100391,2026-09-11 13:23:55.332000+00:00,0.0011093,15.75255,0.00169128,0.0001339,343.00558,344.80576,6722.0425,spacetrack,2026-09-10 13:00:14.554000+00:00,342.80508,6722.158,0.0014147,24.394660555555557,0.197256280284865,-0.11363142330700512,300-350,storm_recovery,8.508089076596429
100391,2026-09-12 13:47:35.753000+00:00,0.00048303,15.752187,0.00072626,0.0001864,342.75607,345.2621,6722.146,spacetrack,2026-09-11 13:23:55.332000+00:00,343.00558,6722.0425,0.0011093,24.39456138888889,-0.245474386874083,0.10182597507719143,300-350,storm_recovery,7.869152471951826
100391,2026-09-13 14:11:16.457000+00:00,0.0012336,15.752193,0.00188227,0.0001547,342.9672,345.04703,6722.144,spacetrack,2026-09-12 13:47:35.753000+00:00,342.75607,6722.146,0.00048303,24.39464,0.20771448154181615,-0.001967645351107908,300-350,storm_recovery,6.574668474531928
100392,2026-09-08 15:14:49.710000+00:00,0.00055612,15.752086,0.00083704,0.0001581,342.97485,345.1004,6722.175,spacetrack,2026-09-07 20:57:04.425000+00:00,343.27924,6722.0547,0.0011609,18.2959125,-0.3992891854943169,0.15780573939736237,300-350,storm_main,32.2451988934687
100392,2026-09-09 20:12:57.439000+00:00,0.0015423,15.752389,0.00236906,0.0001269,343.0985,344.80457,6722.0884,spacetrack,2026-09-08 15:14:49.710000+00:00,342.97485,6722.175,0.00055612,28.968813611111113,0.10244119900242349,-0.07174612077368203,300-350,storm_recovery,14.691689134394709
100392,2026-09-10 12:59:13.623000+00:00,0.0010805,15.753044,0.00165001,0.0001226,342.94107,344.58926,6721.9023,spacetrack,2026-09-09 20:12:57.439000+00:00,343.0985,6722.0884,0.0015423,16.771162222222223,-0.22528671238973932,-0.2663142804783932,300-350,storm_recovery,10.532646813187132
100392,2026-09-11 13:22:54.336000+00:00,0.0010404,15.75242,0.00158311,0.0001293,343.07333,344.81168,6722.0796,spacetrack,2026-09-10 12:59:13.623000+00:00,342.94107,6721.9023,0.0010805,24.3946425,0.1301203737664683,0.17443174254375238,300-350,storm_recovery,8.508088712511364
100392,2026-09-12 13:46:34.724000+00:00,0.0010742,15.752279,0.0016347,0.0001301,343.10797,344.8571,6722.1196,spacetrack,2026-09-11 13:22:54.336000+00:00,343.07333,6722.0796,0.0010404,24.394552222222224,0.03407974011686342,0.03935304863372793,300-350,storm_recovery,7.870541906510364
100392,2026-09-13 20:16:10.421000+00:00,0.0012433,15.752377,0.00189903,0.0002191,342.4823,345.42792,6722.0923,spacetrack,2026-09-12 13:46:34.724000+00:00,343.10797,6722.1196,0.0010742,30.493249166666665,-0.49243948776750823,-0.021486723058361638,300-350,storm_recovery,5.939181365434647
100393,2026-09-08 13:41:10.006000+00:00,0.0013031,15.798031,0.00245071,0.0001561,329.95093,332.0455,6709.1353,spacetrack,2026-09-07 16:24:09.948000+00:00,330.46823,6709.1646,0.0009591,21.283349444444447,-0.5833292373649476,-0.03303991234270306,300-350,storm_main,31.30304699064571
100393,2026-09-09 09:27:00.741000+00:00,0.0013813,15.799114,0.00261606,0.0003385,328.4204,332.96228,6708.828,spacetrack,2026-09-08 13:41:10.006000+00:00,329.95093,6709.1353,0.0013031,19.764093055555556,-1.8585583409645001,-0.3731615702909551,300-350,storm_recovery,16.155964657287097
100393,2026-09-11 05:39:40.310000+00:00,-0.0016678,15.731505,-0.00222201,0.0001349,348.99164,350.8069,6728.036,spacetrack,2026-09-10 23:33:17.193000+00:00,347.14838,6726.4067,-6.6271e-05,6.106421388888888,7.244544256394748,6.4036196504819705,300-350,storm_recovery,9.868406468473054
100394,2026-09-08 13:50:58.140000+00:00,0.00045618,15.752268,0.00068569,0.0001236,343.15518,344.8169,6722.123,spacetrack,2026-09-07 16:30:15.422000+00:00,343.4439,6722.1216,0.001318,21.345199444444443,-0.3246294333316144,0.0015741244333698137,300-350,storm_main,31.2760904162708
100394,2026-09-09 14:14:39.932000+00:00,0.0012018,15.751736,0.00182909,0.0003246,341.95523,346.31934,6722.2744,spacetrack,2026-09-08 13:50:58.140000+00:00,343.15518,6722.123,0.00045618,24.394942222222223,-1.1805233944668323,0.14894890780702896,300-350,storm_recovery,15.300076136000502
100394,2026-09-10 13:06:51.028000+00:00,0.0015323,15.754033,0.00237061,0.0001331,342.58902,344.3783,6721.6206,spacetrack,2026-09-09 14:14:39.932000+00:00,341.95523,6722.2744,0.0012018,22.86974888888889,0.6651126811187217,-0.6861115999233633,300-350,storm_recovery,11.591489903158827
100394,2026-09-11 13:30:31.552000+00:00,0.00094235,15.751966,0.00142846,0.000168,342.94232,345.20096,6722.2085,spacetrack,2026-09-10 13:06:51.028000+00:00,342.58902,6721.6206,0.0015323,24.39459,0.3475852637818371,0.5783905365898283,300-350,storm_recovery,8.508087653860958
100394,2026-09-12 13:54:12.127000+00:00,0.00049188,15.752129,0.00073948,0.0001543,342.98834,345.0628,6722.1626,spacetrack,2026-09-11 13:30:31.552000+00:00,342.94232,6722.2085,0.00094235,24.394604166666667,0.04527558604575158,-0.04515752715131291,300-350,storm_recovery,7.860127549836698
100405,2026-09-08 17:49:52.915000+00:00,0.0013682,15.79881,0.00265456,0.0001022,330.09183,331.46313,6708.9146,spacetrack,2026-09-07 19:03:25.210000+00:00,330.1455,6708.906,0.00077876,22.7743625,-0.05655833395996326,0.009062822285486983,300-350,storm_main,32.575408898200045
100405,2026-09-09 18:07:26.951000+00:00,0.0012187,15.798775,0.002355,7.93e-05,330.2555,331.31952,6708.9243,spacetrack,2026-09-08 17:49:52.915000+00:00,330.09183,6708.9146,0.0013682,24.292787777777775,0.16169737437843598,0.009583091167644116,300-350,storm_recovery,12.079266187326105
100405,2026-09-10 13:51:42.445000+00:00,0.0010657,15.798719,0.00205062,0.0001833,329.57333,332.03284,6708.94,spacetrack,2026-09-09 18:07:26.951000+00:00,330.2555,6708.9243,0.0012187,19.737637222222222,-0.8294853034164917,0.019090430924221878,300-350,storm_recovery,10.938179389759785
100406,2026-09-08 14:43:49.635000+00:00,0.00098503,15.798713,0.00189127,0.0001085,330.07718,331.53302,6708.942,spacetrack,2026-09-07 18:59:34.093000+00:00,330.20993,6708.885,0.0011172,19.737650555555557,-0.16141738810463085,0.06930916099382886,300-350,storm_main,31.780089144911457
100406,2026-09-10 06:16:54.541000+00:00,-0.0056364,15.737305,-0.00742914,0.000373,345.73727,350.75516,6726.3833,spacetrack,2026-09-09 16:34:16.665000+00:00,340.47733,6719.361,-0.0052765,13.71052111111111,9.207422458778463,12.292399292061248,300-350,storm_recovery,12.866271068876626
100407,2026-09-08 17:51:37.488000+00:00,0.0013539,15.798654,0.00262389,0.000139,329.88937,331.75446,6708.959,spacetrack,2026-09-07 19:05:09.313000+00:00,330.02573,6708.733,0.0014323,22.774493055555556,-0.14369760029421477,0.23816117385184454,300-350,storm_main,32.59068251000831
100407,2026-09-09 18:09:11.453000+00:00,0.0011996,15.798782,0.00231702,0.0001172,329.99902,331.5716,6708.9224,spacetrack,2026-09-08 17:51:37.488000+00:00,329.88937,6708.959,0.0013539,24.292768055555555,0.10832853604749593,-0.03615890943255376,300-350,storm_recovery,12.050565837695295
100407,2026-09-10 18:26:43.905000+00:00,0.0010983,15.798895,0.00211683,8.28e-05,330.19812,331.3091,6708.8906,spacetrack,2026-09-09 18:09:11.453000+00:00,329.99902,6708.9224,0.0011996,24.292347777777778,0.19670391860486433,-0.03141730091292157,300-350,storm_recovery,9.981925092277573
100407,2026-09-12 17:35:16.877000+00:00,-0.0062502,15.737129,-0.00815065,7.88e-05,347.76617,348.82626,6726.433,spacetrack,2026-09-11 17:13:41.144000+00:00,335.6428,6713.9287,-0.0051656,24.35992583333333,11.944243262098022,12.319544897355104,300-350,storm_recovery,7.617902241606213
100408,2026-09-08 17:42:47.633000+00:00,0.00050244,15.798221,0.00094858,0.0001171,330.1588,331.73007,6709.0815,spacetrack,2026-09-07 14:23:02.871000+00:00,329.8257,6708.8696,0.0011144,27.329100555555556,0.2925233482802972,0.18608735364955065,300-350,storm_main,30.775036300845045
100408,2026-09-09 18:00:22.235000+00:00,0.0010658,15.798482,0.0020486,0.0002273,329.34534,332.39523,6709.0073,spacetrack,2026-09-08 17:42:47.633000+00:00,330.1588,6709.0815,0.00050244,24.292945,-0.8036506072030019,-0.0733052332683606,300-350,storm_recovery,12.195994420053504
100408,2026-09-11 17:05:34.923000+00:00,-0.0041944,15.777157,-0.00664739,0.0001249,336.07584,337.75327,6715.052,spacetrack,2026-09-10 18:17:58.371000+00:00,331.34885,6710.105,-0.0018681,22.793486666666666,4.977200796835822,5.208856448172598,300-350,storm_recovery,8.790231083558082
100408,2026-09-12 17:26:18.149000+00:00,-0.00099601,15.759238,-0.00155121,7.53e-05,341.49753,342.50958,6720.1406,spacetrack,2026-09-11 17:05:34.923000+00:00,336.07584,6715.052,-0.0041944,24.345340555555556,5.344782904271417,5.0164178119139935,300-350,storm_recovery,7.625018355668468
100408,2026-09-13 14:45:47.582000+00:00,-0.0056851,15.735077,-0.0074137,6.91e-05,348.4162,349.34586,6727.018,spacetrack,2026-09-12 17:26:18.149000+00:00,341.49753,6720.1406,-0.00099601,21.324842500000003,7.786602878778611,7.740155642415992,300-350,storm_recovery,6.688171905607274
100409,2026-09-08 17:53:57.540000+00:00,0.00054825,15.798256,0.00103694,9.33e-05,330.30844,331.56036,6709.0713,spacetrack,2026-09-07 19:07:29.679000+00:00,329.82623,6708.708,0.0016291,22.774405833333333,0.5081599091846144,0.3828508222698768,300-350,storm_main,32.61120237055581
100409,2026-09-09 18:11:31.580000+00:00,0.0011527,15.7987585,0.00222352,8.36e-05,330.2313,331.35303,6708.929,spacetrack,2026-09-08 17:53:57.540000+00:00,330.30844,6709.0713,0.00054825,24.292788888888886,-0.07621026998871273,-0.14058492895192448,300-350,storm_recovery,12.01213391628334
100409,2026-09-11 17:21:46.922000+00:00,-0.0020077,15.731896,-0.00273304,9.59e-05,349.14243,350.43283,6727.925,spacetrack,2026-09-10 18:30:31.204000+00:00,339.00595,6718.173,-0.0055231,22.85436611111111,10.644597133749723,10.240844084764296,300-350,storm_recovery,8.801098715419293
100410,2026-09-08 17:56:11.862000+00:00,0.00032566,15.798124,0.0006097,0.0001107,330.2289,331.7143,6709.1084,spacetrack,2026-09-07 19:09:44.492000+00:00,329.91278,6708.791,0.0015789,22.774269444444442,0.33313384732308227,0.3344827380118664,300-350,storm_main,32.6308958806704
100410,2026-09-09 16:42:40.149000+00:00,0.00088394,15.798573,0.00169142,0.0001153,330.07108,331.6182,6708.9814,spacetrack,2026-09-08 17:56:11.862000+00:00,330.2289,6709.1084,0.00032566,22.774524166666666,-0.16631214651431014,-0.1338337511556401,300-350,storm_recovery,11.773628311078141
100410,2026-09-11 17:22:37.228000+00:00,-0.0030957,15.741266,-0.0043054,0.000194,345.81293,348.42233,6725.2544,spacetrack,2026-09-10 15:29:42.924000+00:00,334.09402,6714.5273,-0.0049256,25.88175111111111,10.866878318726153,9.947178569748218,300-350,storm_recovery,8.337371084628655
100410,2026-09-12 07:05:56.219000+00:00,-0.00090332,15.72981,-0.00124377,0.0001322,349.4931,351.27213,6728.5195,spacetrack,2026-09-11 17:22:37.228000+00:00,345.81293,6725.2544,-0.0030957,13.721941944444445,6.436704101911774,5.710736885294798,300-350,storm_recovery,6.9394113130772235
100411,2026-09-08 17:55:50.431000+00:00,0.00095603,15.798563,0.00183289,8.5e-05,330.2771,331.41763,6708.9844,spacetrack,2026-09-07 17:38:17.225000+00:00,330.03394,6708.883,0.0010372,24.292557222222225,0.24023160454522333,0.10017883163757722,300-350,storm_main,32.201539403827006
100411,2026-09-10 18:35:14.370000+00:00,-0.0074891,15.745846,-0.01010236,0.00034,343.52747,348.09976,6723.9507,spacetrack,2026-09-09 18:14:15.377000+00:00,336.73532,6715.085,-0.0023614,24.349720277777777,6.6945984652139385,8.73836732301984,300-350,storm_recovery,9.929692267854367
100412,2026-09-08 16:26:20.863000+00:00,0.00048387,15.798413,0.00091375,0.0002004,329.54523,332.2342,6709.027,spacetrack,2026-09-07 19:10:59.614000+00:00,329.98203,6708.876,0.0010083,21.255902499999998,-0.49319006802934506,0.17049381930483348,300-350,storm_main,32.18771401653415
100412,2026-09-09 13:41:43.680000+00:00,0.00063624,15.798642,0.00120902,0.0001072,330.10593,331.54434,6708.962,spacetrack,2026-09-08 16:26:20.863000+00:00,329.54523,6709.027,0.00048387,21.256338055555553,0.6330723553995634,-0.07338987533568485,300-350,storm_recovery,13.41809597783103
100412,2026-09-10 12:28:10.781000+00:00,0.00065332,15.798552,0.00124163,5.88e-05,330.45618,331.24518,6708.988,spacetrack,2026-09-09 13:41:43.680000+00:00,330.10593,6708.962,0.00063624,22.77419472222222,0.3691019639784734,0.027399432015362636,300-350,storm_recovery,11.674676349393058
100413,2026-09-08 17:48:41.939000+00:00,0.00068782,15.798335,0.00130726,9.68e-05,330.2626,331.5615,6709.049,spacetrack,2026-09-07 19:02:14.398000+00:00,329.7848,6708.842,0.0011543,22.774316944444443,0.5035145522903312,0.21814046112236635,300-350,storm_main,32.565031740615325
100413,2026-09-10 18:28:30.381000+00:00,-0.002832,15.7505665,-0.00411093,0.0001654,343.3582,345.58203,6722.607,spacetrack,2026-09-09 18:07:08.856000+00:00,337.75937,6715.9946,-0.0052416,24.355979166666664,5.516999299453355,6.515755285962445,300-350,storm_recovery,9.981677257552262
100414,2026-09-08 18:11:16.972000+00:00,0.00068789,15.798215,0.00130673,0.0001967,329.6263,332.26566,6709.083,spacetrack,2026-09-07 17:53:43.274000+00:00,329.57147,6708.9136,0.00097295,24.29269388888889,0.054169373146499694,0.16735896062371208,300-350,storm_main,32.195808941092466
100414,2026-09-09 13:55:33.085000+00:00,0.00089999,15.798548,0.00172268,9.73e-05,330.19904,331.5046,6708.989,spacetrack,2026-09-08 18:11:16.972000+00:00,329.6263,6709.083,0.00068789,19.737809166666665,0.6964177170794705,-0.1142983996324764,300-350,storm_recovery,11.363447927414775
100414,2026-09-10 12:42:00.094000+00:00,0.00066088,15.7985525,0.00125629,8.42e-05,330.28558,331.41537,6708.9873,spacetrack,2026-09-09 13:55:33.085000+00:00,330.19904,6708.989,0.00089999,22.774169166666667,0.09119805797521244,-0.0017915033341779206,300-350,storm_recovery,11.644330457280128
100415,2026-09-08 17:52:28.260000+00:00,0.0010844,15.79861,0.00208664,4.62e-05,330.52414,331.14404,6708.971,spacetrack,2026-09-07 17:34:54.706000+00:00,330.05917,6708.905,0.00092594,24.29265388888889,0.45936850090734416,0.06520489721873426,300-350,storm_main,32.16219901137465
100415,2026-09-09 13:36:45.086000+00:00,0.0011073,15.798016,0.00212603,0.0001882,329.73984,332.26514,6709.1396,spacetrack,2026-09-08 17:52:28.260000+00:00,330.52414,6708.971,0.0010844,19.738007222222222,-0.9536525034202583,0.2050054979950264,300-350,storm_recovery,11.563686956690129
100415,2026-09-11 14:16:12.119000+00:00,-0.0060855,15.744995,-0.00820859,0.0001415,345.10425,347.0072,6724.193,spacetrack,2026-09-10 15:26:08.722000+00:00,336.5934,6715.3105,-0.0055495,22.834276944444444,8.94534127342694,9.335964546575289,300-350,storm_recovery,8.550807955053246
100416,2026-09-08 13:29:45.131000+00:00,0.016975,15.818957,0.04222914,0.000576,321.21884,328.94095,6703.217,spacetrack,2026-09-07 14:43:18.789000+00:00,330.052,6708.821,0.0012279,22.77398388888889,-9.308684902663444,-5.905686095862446,300-350,storm_main,30.608647559858202
100416,2026-09-09 18:20:37.969000+00:00,0.0013234,15.79889,0.00256555,9.68e-05,330.10538,331.40424,6708.8916,spacetrack,2026-09-08 13:29:45.131000+00:00,321.21884,6703.217,0.016975,28.848010555555557,7.39312541463722,4.720963330824183,300-350,storm_recovery,15.260985482168529
100416,2026-09-11 15:57:23.364000+00:00,-0.005394,15.742976,-0.00729032,6.7e-05,346.18015,347.08127,6724.7676,spacetrack,2026-09-10 18:38:42.368000+00:00,333.62424,6713.7554,-0.0032179,21.311387777777778,14.139944481429874,12.401482379087081,300-350,storm_recovery,9.016706613141466
100417,2026-09-09 18:20:53.363000+00:00,0.00064065,15.7982645,0.00121545,0.0001295,330.06323,331.80087,6709.069,spacetrack,2026-09-07 17:45:36.428000+00:00,326.78693,6705.834,0.0085161,48.5880375,1.6183242634568193,1.5979241804119781,300-350,storm_recovery,22.073328857494563
100417,2026-09-11 15:58:52.848000+00:00,-0.0059704,15.733599,-0.00771108,0.0001721,348.14462,350.4602,6727.4395,spacetrack,2026-09-10 18:39:27.426000+00:00,338.09174,6716.631,-0.0053363,21.323728333333335,11.314584214752266,12.165039619009821,300-350,storm_recovery,9.016134686265387
100418,2026-09-08 12:17:36.380000+00:00,0.0015768,15.797157,0.00305155,8.63e-05,330.66635,331.82437,6709.3823,spacetrack,2026-09-07 15:02:15.095000+00:00,330.3107,6708.997,0.0011498,21.2559125,0.40156356496107204,0.4350413090944919,300-350,storm_main,31.31505528167751
100418,2026-09-09 14:06:15.951000+00:00,0.00077702,15.798667,0.001483,9.64e-05,330.17114,331.46463,6708.955,spacetrack,2026-09-08 12:17:36.380000+00:00,330.66635,6709.3823,0.0015768,25.810991944444442,-0.4604642869046791,-0.3973190965337622,300-350,storm_recovery,15.72188760966191
100418,2026-09-10 12:52:43.803000+00:00,0.00131,15.79822,0.00253077,0.0001418,329.99335,331.89603,6709.0815,spacetrack,2026-09-09 14:06:15.951000+00:00,330.17114,6708.955,0.00077702,22.774403333333332,-0.18735770757839176,0.13330755390477123,300-350,storm_recovery,11.620780295597939
100418,2026-09-11 13:10:17.031000+00:00,0.0017037,15.801144,0.00337094,0.000228,328.58755,331.6465,6708.254,spacetrack,2026-09-10 12:52:43.803000+00:00,329.99335,6709.0815,0.00131,24.292563333333334,-1.3888694880422245,-0.8175341452236421,300-350,storm_recovery,8.506021664517633
100418,2026-09-12 13:27:52.038000+00:00,4.262e-05,15.796962,7.289e-05,0.0003615,328.87537,333.7263,6709.438,spacetrack,2026-09-11 13:10:17.031000+00:00,328.58755,6708.254,0.0017037,24.2930575,0.28434790474599136,1.1697169036875954,300-350,storm_recovery,7.891497704642571
100419,2026-09-08 13:32:06.064000+00:00,0.00097876,15.798665,0.00187851,0.000123,329.99338,331.6438,6708.9556,spacetrack,2026-09-07 17:47:50.550000+00:00,329.8789,6708.933,0.00096667,19.737642777777776,0.13920203293443573,0.02748048518825182,300-350,storm_main,32.031593044278026
100419,2026-09-09 13:49:40.525000+00:00,0.0013257,15.798136,0.00256118,0.000118,330.17664,331.76,6709.1055,spacetrack,2026-09-08 13:32:06.064000+00:00,329.99338,6708.9556,0.00097876,24.292905833333332,0.181050386897949,0.14809261702443163,300-350,storm_recovery,15.44338478056597
100419,2026-09-10 14:07:13.516000+00:00,0.0011403,15.798239,0.0021936,0.0002222,329.44852,332.43002,6709.076,spacetrack,2026-09-09 13:49:40.525000+00:00,330.17664,6709.1055,0.0013257,24.2924975,-0.7193529607238253,-0.02914480077610149,300-350,storm_recovery,11.491148930515138
100419,2026-09-12 16:17:00.649000+00:00,-0.0073286,15.745727,-0.00989018,5.39e-05,345.485,346.20984,6723.9844,spacetrack,2026-09-11 17:27:19.295000+00:00,333.67075,6713.149,-0.0072015,22.82815388888889,12.420715287801187,11.391617616813594,300-350,storm_recovery,7.783608371796844
100420,2026-09-08 19:38:25.613000+00:00,0.0011499,15.798621,0.00221646,0.0001608,329.7522,331.9098,6708.968,spacetrack,2026-09-07 17:49:46.165000+00:00,330.035,6708.8735,0.0010837,25.81095777777778,-0.2629580838663695,0.0878696567376638,300-350,storm_main,31.202171637954628
100420,2026-09-09 13:51:36.137000+00:00,0.00099548,15.798255,0.00190779,9.67e-05,330.28592,331.58347,6709.072,spacetrack,2026-09-08 19:38:25.613000+00:00,329.7522,6708.968,0.0011499,18.21959,0.7030498490909529,0.13699539890889206,300-350,storm_recovery,11.07125549111332
100420,2026-09-11 16:02:24.798000+00:00,-0.0037111,15.753043,-0.00536382,8.18e-05,343.21542,344.31512,6721.9023,spacetrack,2026-09-10 18:43:54.582000+00:00,338.35016,6717.5376,-0.0047621,21.308393333333335,5.479823756460261,4.916034651760168,300-350,storm_recovery,9.025270636703722
100420,2026-09-12 07:17:00.876000+00:00,-0.0068251,15.725934,-0.00845419,0.0002339,349.9142,353.06235,6729.6255,spacetrack,2026-09-11 16:02:24.798000+00:00,343.21542,6721.9023,-0.0037111,15.243355000000001,10.546937993637226,12.159842764273918,300-350,storm_recovery,6.954657947676217
100421,2026-09-09 16:59:42.848000+00:00,-0.0058665,15.73574,-0.00764905,7.1e-06,348.64447,348.74002,6726.829,spacetrack,2026-09-08 19:40:30.013000+00:00,336.11707,6715.728,-0.0053477,21.320231944444448,14.101985418519066,12.496299322363406,300-350,storm_recovery,11.482214630899302
100422,2026-09-08 19:42:43.882000+00:00,8.1267e-05,15.76638,0.00012615,0.0004783,336.76074,343.1873,6718.111,spacetrack,2026-09-07 19:23:13.237000+00:00,330.3008,6708.8423,0.0013441,24.32517916666667,6.373583476517747,9.14479595302704,300-350,storm_main,31.458496520152387
100423,2026-09-08 13:33:26.422000+00:00,0.0011545,15.798852,0.00222812,9.65e-05,330.11832,331.41315,6708.903,spacetrack,2026-09-07 19:20:16.537000+00:00,330.19614,6708.8345,0.0011936,18.219412499999997,-0.10251044044371607,0.09023342547447724,300-350,storm_main,32.50035862999302
100423,2026-09-09 13:51:01.040000+00:00,0.0014088,15.798158,0.00272771,0.0001306,330.08597,331.83838,6709.099,spacetrack,2026-09-08 13:33:26.422000+00:00,330.11832,6708.903,0.0011545,24.292949444444446,-0.031959890328498136,0.19363642981085866,300-350,storm_recovery,15.434190061867286
100423,2026-09-10 11:06:22.118000+00:00,0.0011369,15.799019,0.00219487,8.59e-05,330.14215,331.29474,6708.8555,spacetrack,2026-09-09 13:51:01.040000+00:00,330.08597,6709.099,0.0014088,21.255854999999997,0.06343287531839897,-0.2749360117488511,300-350,storm_recovery,11.843881525035494
100423,2026-09-11 15:57:35.348000+00:00,0.0015303,15.789133,0.00285812,0.0011035,326.1122,340.92484,6711.656,spacetrack,2026-09-10 11:06:22.118000+00:00,330.14215,6708.8555,0.0011369,28.853675,-3.3520444102874594,2.3294086455193943,300-350,storm_recovery,8.484313292269817
100424,2026-09-09 18:33:47.582000+00:00,-0.0062349,15.7403145,-0.00823877,0.0001933,346.08865,348.68875,6725.526,spacetrack,2026-09-08 15:10:09.504000+00:00,331.992,6711.5312,-0.0042677,27.393910555555554,12.350175390763509,12.26094388089733,300-350,storm_recovery,14.74215583475476
100424,2026-09-10 06:45:23.039000+00:00,-0.0076271,15.7313385,-0.00969295,0.0001717,348.79153,351.10196,6728.084,spacetrack,2026-09-09 18:33:47.582000+00:00,346.08865,6725.526,-0.0062349,12.1931825,5.320113924318052,5.034944732435508,300-350,storm_recovery,12.289370697291067
100425,2026-09-08 19:43:59.229000+00:00,0.0012083,15.798767,0.00233412,0.000116,330.01138,331.56784,6708.927,spacetrack,2026-09-07 19:26:25.609000+00:00,329.99448,6708.8223,0.0011927,24.292672222222222,0.016696392899423762,0.10343859979710884,300-350,storm_main,31.45412382014604
100425,2026-09-09 13:57:09.974000+00:00,0.0010428,15.7984295,0.0020027,0.000123,330.05994,331.71036,6709.022,spacetrack,2026-09-08 19:43:59.229000+00:00,330.01138,6708.927,0.0012083,18.219651388888888,0.06396609765601506,0.1251396062054487,300-350,storm_recovery,11.055999638363614
100425,2026-09-10 11:12:31.035000+00:00,0.0014407,15.79924,0.00280616,6.57e-05,330.21487,331.0964,6708.7925,spacetrack,2026-09-09 13:57:09.974000+00:00,330.05994,6709.022,0.0010428,21.25585027777778,0.1749316047774493,-0.2591286600172998,300-350,storm_recovery,11.829418138883362
100425,2026-09-12 17:57:32.306000+00:00,-0.0065506,15.729978,-0.00827325,0.0001868,349.07803,351.5918,6728.4717,spacetrack,2026-09-11 17:35:18.595000+00:00,336.7732,6715.925,-0.0045499,24.370475277777775,12.117774341039823,12.355967479820718,300-350,storm_recovery,7.601980497553558
100426,2026-09-09 14:05:54.739000+00:00,-0.0066684,15.732485,-0.00849122,0.0001904,348.3389,350.90082,6727.757,spacetrack,2026-09-08 15:15:13.974000+00:00,336.39468,6715.2188,-0.0061188,22.844656944444445,12.548285609940553,13.172305486214734,300-350,storm_recovery,14.720338289654771
100427,2026-09-08 13:40:34.759000+00:00,0.0013634,15.798238,0.00263769,0.0001078,330.21625,331.66272,6709.0767,spacetrack,2026-09-07 14:54:07.456000+00:00,330.11023,6708.8193,0.0012989,22.774250833333333,0.1117261778936682,0.2712537086377555,300-350,storm_main,30.66392924279995
100428,2026-09-09 08:04:26.391000+00:00,-0.0068261,15.729453,-0.00856822,0.0001111,349.73676,351.23184,6728.621,spacetrack,2026-09-08 18:21:23.560000+00:00,343.08005,6721.589,-0.0057405,13.717453055555556,11.646552705736896,12.303158561322924,300-350,storm_recovery,11.24974222316254
100429,2026-09-08 19:46:48.612000+00:00,0.00064631,15.794793,0.0012076,0.0005022,328.5451,335.2847,6710.052,spacetrack,2026-09-07 19:29:10.490000+00:00,329.96188,6708.8813,0.00095944,24.29392277777778,-1.3996389266168037,1.1565361533828893,300-350,storm_main,31.430653747630206
100429,2026-09-10 06:47:08.972000+00:00,-0.0060254,15.73436,-0.0077976,9.71e-05,348.4322,349.73862,6727.2227,spacetrack,2026-09-09 18:35:39.149000+00:00,342.59512,6720.8887,-0.0030983,12.1916175,11.490675457953003,12.468895124046993,300-350,storm_recovery,12.269713846875163
100430,2026-09-08 19:47:15.843000+00:00,0.0012086,15.798689,0.00233407,0.000203,329.44977,332.1736,6708.9487,spacetrack,2026-09-07 19:29:42.185000+00:00,329.86185,6708.897,0.00098756,24.292682777777777,-0.4071151832208124,0.05107710874710915,300-350,storm_main,31.427143390617232
100430,2026-09-09 18:33:44.010000+00:00,0.0010681,15.7987175,0.00205549,0.0002124,329.37878,332.22873,6708.941,spacetrack,2026-09-08 19:47:15.843000+00:00,329.44977,6708.9487,0.0012086,22.774490833333335,-0.07481001496227557,-0.008114341670912179,300-350,storm_recovery,11.706841854386136
100430,2026-09-10 11:15:47.333000+00:00,0.0020864,15.800823,0.00416267,2.02e-05,330.07217,330.34317,6708.3447,spacetrack,2026-09-09 18:33:44.010000+00:00,329.37878,6708.941,0.0010681,16.700923055555556,0.9964335470945594,-0.8569107199882058,300-350,storm_recovery,11.133214426621096
100430,2026-09-12 07:22:13.763000+00:00,-0.0059437,15.740348,-0.00788576,9.34e-05,346.75098,348.0073,6725.516,spacetrack,2026-09-11 17:39:40.421000+00:00,341.32397,6720.0146,-0.0056555,13.709261666666666,9.500747973663152,9.630978181780078,300-350,storm_recovery,7.1185436439137195
100430,2026-09-13 01:40:54.326000+00:00,-0.0033364,15.709245,-0.00407372,0.0009876,349.60275,362.90454,6734.3906,spacetrack,2026-09-12 07:22:13.763000+00:00,346.75098,6725.516,-0.0059437,18.3112675,3.737724873496589,11.631657939572039,300-350,storm_recovery,6.912600078976874
100431,2026-09-08 13:48:42.837000+00:00,0.0022277,15.810928,0.00468552,0.0005479,323.67517,331.02304,6705.4863,spacetrack,2026-09-07 01:23:18.307000+00:00,327.71973,6708.977,0.0014241,36.42348055555556,-2.6650237297323702,-2.300076728587892,300-350,storm_main,24.954223889305833
100434,2026-09-09 21:38:36.452000+00:00,-0.0047424,15.764707,-0.0069643,0.0004721,337.27753,343.62122,6718.5864,spacetrack,2026-09-08 22:49:36.733000+00:00,323.74695,6704.735,-0.0037106,22.81658861111111,14.23236074133634,14.56982047868998,300-350,storm_recovery,11.628313812468729
100434,2026-09-10 14:24:49.624000+00:00,-0.0090179,15.735742,-0.01130357,0.0004145,345.90326,351.4798,6726.8286,spacetrack,2026-09-09 21:38:36.452000+00:00,337.27753,6718.5864,-0.0047424,16.770325555555555,12.344275566637412,11.795406078712789,300-350,storm_recovery,10.137105136698798
100437,2026-09-08 22:55:10.289000+00:00,0.0013129,15.8228655,0.00280015,0.0003744,321.46674,326.48526,6702.113,spacetrack,2026-09-07 18:05:32.762000+00:00,324.2689,6703.4316,0.0014149,28.827090833333333,-2.332938845227988,-1.0978006828006794,300-350,storm_main,29.42708165516413
100437,2026-09-10 23:34:13.506000+00:00,-0.005343,15.74898,-0.00729348,0.0004498,341.89752,347.9456,6723.0586,spacetrack,2026-09-09 23:12:35.010000+00:00,324.4033,6707.8994,-0.00041527,24.360693333333334,17.235194181665314,14.934747341619232,300-350,storm_recovery,8.798120688409524
100437,2026-09-11 14:49:40.566000+00:00,-0.0083474,15.725216,-0.01011964,0.000347,349.35782,354.02832,6729.83,spacetrack,2026-09-10 23:34:13.506000+00:00,341.89752,6723.0586,-0.005343,15.257516666666666,11.735015855572856,10.651379483991462,300-350,storm_recovery,9.477715027893355
100438,2026-09-09 21:43:59.534000+00:00,-0.0067622,15.768315,-0.00976954,0.0005687,335.60422,343.24478,6717.5615,spacetrack,2026-09-08 22:55:25.528000+00:00,321.5928,6703.0386,-0.00026334,22.80944611111111,14.74275518843885,15.280932220016089,300-350,storm_recovery,11.615454347702878
100438,2026-09-10 02:18:13.831000+00:00,-0.0047366,15.759611,-0.00681332,0.0004837,338.64703,345.148,6720.0347,spacetrack,2026-09-09 21:43:59.534000+00:00,335.60422,6717.5615,-0.0067622,4.5706380555555555,15.97751541740117,12.98654570292679,300-350,storm_recovery,12.000000000000002
100439,2026-09-08 13:48:54.830000+00:00,0.000806,15.8219795,0.00168971,0.0004692,321.08148,327.37097,6702.3633,spacetrack,2026-09-07 21:07:37.618000+00:00,320.81042,6702.3486,0.0013458,16.688114444444444,0.38982474752653357,0.021140794615699877,300-350,storm_main,32.88971671987708
100441,2026-09-09 14:18:18.960000+00:00,-0.0074723,15.726868,-0.00907936,0.0005148,347.7575,354.68607,6729.359,spacetrack,2026-09-08 21:31:36.165000+00:00,337.38327,6718.843,-0.0062507,16.778554166666666,14.839271460865362,15.042058898103075,300-350,storm_recovery,10.654226265522977
100442,2026-09-08 21:27:12.811000+00:00,0.0011165,15.821983,0.00235918,0.0003739,321.71927,326.7313,6702.3623,spacetrack,2026-09-07 21:10:26.109000+00:00,318.02396,6703.7793,0.00053726,24.279639444444445,3.6527494653670898,-1.4006797785372576,300-350,storm_main,30.570386662112018
100442,2026-09-10 22:08:37.073000+00:00,-0.0072657,15.744699,-0.00948547,0.0004677,342.99527,349.28516,6724.2773,spacetrack,2026-09-09 23:17:19.983000+00:00,334.75912,6715.767,-0.0063653,22.854747222222223,8.648863979025034,8.936751652252076,300-350,storm_recovery,8.587142301702698
100442,2026-09-11 04:14:51.145000+00:00,-0.0088877,15.730865,-0.01094996,0.0004321,347.17453,352.98904,6728.2188,spacetrack,2026-09-10 22:08:37.073000+00:00,342.99527,6724.2773,-0.0072657,6.103908888888889,16.432460219480483,15.497610092475888,300-350,storm_recovery,9.172733164795309
100443,2026-09-08 23:01:00.834000+00:00,0.0011796,15.822025,0.00249701,0.0003608,321.79498,326.6314,6702.35,spacetrack,2026-09-07 21:13:15.782000+00:00,321.7742,6702.2427,0.0010944,25.795847777777777,0.01933334404421778,0.0998300200171095,300-350,storm_main,29.624141986158577
100443,2026-09-10 22:09:36.992000+00:00,-0.0079414,15.741697,-0.01032116,0.0004654,343.86505,350.1248,6725.132,spacetrack,2026-09-09 23:18:45.548000+00:00,329.5532,6710.7793,-0.0061841,22.847623333333335,15.033703724399043,15.076614095674152,300-350,storm_recovery,8.586078172682294
100443,2026-09-11 07:19:09.612000+00:00,-0.0062081,15.723545,-0.0075715,0.0005018,348.79257,355.54712,6730.3066,spacetrack,2026-09-10 22:09:36.992000+00:00,343.86505,6725.132,-0.0079414,9.159061111111113,12.911856200690186,13.559293741292754,300-350,storm_recovery,9.82553912913199
100444,2026-09-09 23:15:38.603000+00:00,0.0016635,15.822395,0.00357239,0.0003447,321.79858,326.4191,6702.2456,spacetrack,2026-09-08 22:58:55.861000+00:00,321.641,6702.288,0.0014655,24.278539444444444,0.15577213813268742,-0.04191355918724844,300-350,storm_recovery,11.631503746186818
100444,2026-09-11 22:25:19.160000+00:00,-0.008233,15.735105,-0.01039035,0.0004395,345.9166,351.82962,6727.0103,spacetrack,2026-09-10 23:33:51.767000+00:00,330.6009,6712.4062,-0.0043195,22.857609166666666,16.081156927647463,15.333992170586352,300-350,storm_recovery,8.14526857109205
100445,2026-09-09 17:13:57.384000+00:00,0.012031,15.826266,0.02942607,0.0014397,313.36823,332.66354,6701.153,spacetrack,2026-09-08 23:01:11.298000+00:00,321.3067,6702.3867,0.00092371,18.212801666666664,-10.460953975504953,-1.6257136349420076,300-350,storm_recovery,10.8820174197984
100445,2026-09-11 22:33:09.397000+00:00,-0.0080598,15.721894,-0.00968115,0.000432,349.7332,355.54855,6730.778,spacetrack,2026-09-10 22:09:06.658000+00:00,337.55258,6718.4873,-0.0050001,24.400760833333333,11.980564130633528,12.0888361643646,300-350,storm_recovery,8.362283455209656
100447,2026-09-08 18:37:47.445000+00:00,-0.0069983,15.742705,-0.00910032,0.0004789,343.4873,349.92834,6724.8447,spacetrack,2026-09-07 21:18:11.775000+00:00,330.24152,6711.4854,-0.0057356,21.326575,14.906224745417425,15.033975216367459,300-350,storm_main,32.62328905758817
100448,2026-09-09 22:02:00.018000+00:00,-0.0084942,15.722635,-0.01018354,0.000445,349.43427,355.42447,6730.5664,spacetrack,2026-09-08 23:09:31.489000+00:00,333.33246,6715.677,-0.0012561,22.874591388888888,16.894004068973718,15.621944625143236,300-350,storm_recovery,11.585730705645027
100450,2026-09-09 23:24:31.290000+00:00,-0.0029671,15.816837,-0.00560317,0.000365,323.2321,328.1259,6703.816,spacetrack,2026-09-08 20:05:59.397000+00:00,327.3949,6710.0933,-0.023017,27.308859166666664,-3.658417196788189,-5.516715256414158,300-350,storm_recovery,11.98903295453786
100450,2026-09-10 22:12:45.243000+00:00,-0.0062485,15.774844,-0.00933425,0.0004306,334.6789,340.46246,6715.7075,spacetrack,2026-09-09 23:24:31.290000+00:00,323.2321,6703.816,-0.0029671,22.803875833333333,12.047215219371878,12.515240921582308,300-350,storm_recovery,8.579528823517611
100450,2026-09-11 22:35:57.547000+00:00,-0.0077643,15.734115,-0.00965934,0.0004364,346.21945,352.09103,6727.2925,spacetrack,2026-09-10 22:12:45.243000+00:00,334.6789,6715.7075,-0.0062485,24.386751111111113,11.357527648437152,11.401272712923953,300-350,storm_recovery,8.35061707686815
100450,2026-09-12 07:45:32.794000+00:00,-0.0010479,15.725188,-0.00138454,0.0004352,348.7722,354.62985,6729.838,spacetrack,2026-09-11 22:35:57.547000+00:00,346.21945,6727.2925,-0.0077643,9.159790833333334,6.688580679926378,6.669584612967875,300-350,storm_recovery,8.536375208955977
100451,2026-09-08 20:05:56.573000+00:00,0.0018256,15.82246,0.00393894,0.000441,321.13474,327.0461,6702.2275,spacetrack,2026-09-07 19:49:06.051000+00:00,320.36804,6700.947,0.0024713,24.280700555555555,0.7578364536022476,1.2656965942840017,300-350,storm_main,31.275470680749397
100451,2026-09-09 23:24:43.833000+00:00,0.0011753,15.822504,0.00249336,0.000371,321.59155,326.5646,6702.215,spacetrack,2026-09-08 20:05:56.573000+00:00,321.13474,6702.2275,0.0018256,27.313127777777776,0.4013981880507673,-0.010983729232201568,300-350,storm_recovery,11.98912082976786
100451,2026-09-11 22:34:47.861000+00:00,-0.0087064,15.73301,-0.01083573,0.0003831,346.89294,352.04764,6727.6074,spacetrack,2026-09-10 22:11:54.008000+00:00,331.4315,6712.9106,-0.006962,24.381625833333334,15.21943460770713,14.466762898057752,300-350,storm_recovery,8.353819570846458
100451,2026-09-12 01:38:00.538000+00:00,-0.0073451,15.7271185,-0.00894524,0.000449,348.12878,354.17166,6729.287,spacetrack,2026-09-11 22:34:47.861000+00:00,346.89294,6727.6074,-0.0087064,3.053521388888889,9.713427948442373,13.201282999585434,300-350,storm_recovery,5.930099010459417
100452,2026-09-08 20:11:24.601000+00:00,-0.0065807,15.754376,-0.00901082,0.0004085,340.6403,346.13177,6721.523,spacetrack,2026-09-07 21:21:34.270000+00:00,325.7085,6706.679,-0.0011951,22.8306475,15.69658503991182,15.604288051839145,300-350,storm_main,31.42039146916199
100452,2026-09-09 02:17:27.479000+00:00,-0.0064583,15.74058,-0.00838959,0.000431,344.41458,350.2119,6725.45,spacetrack,2026-09-08 20:11:24.601000+00:00,340.6403,6721.523,-0.0065807,6.100799444444444,14.847680344989303,15.4484671817588,300-350,storm_recovery,13.873442861176938
100453,2026-09-08 05:05:52.977000+00:00,-0.0046998,15.730421,-0.00601064,0.0004589,347.12076,353.29602,6728.345,spacetrack,2026-09-07 22:59:35.765000+00:00,343.21866,6725.041,-0.0050099,6.1047811111111105,15.340500878819462,12.98916350263207,300-350,storm_main,30.281634403854323
100454,2026-09-09 22:05:46.914000+00:00,-0.0022623,15.730528,-0.00299772,0.0003855,347.58423,352.77176,6728.315,spacetrack,2026-09-08 18:39:23.380000+00:00,331.94247,6713.3584,-0.0056405,27.439870555555554,13.680904187938832,13.081636054850588,300-350,storm_recovery,12.146885411084806
100457,2026-09-09 02:24:34.466000+00:00,-0.0066271,15.726316,-0.00812222,0.0004323,348.46982,354.28818,6729.516,spacetrack,2026-09-08 15:43:39.831000+00:00,341.71707,6722.917,-0.0079664,10.681843055555555,15.17210084037995,14.82665483627488,300-350,storm_recovery,19.4286119995678
100458,2026-09-08 20:19:01.777000+00:00,-0.0054295,15.740127,-0.00714511,0.000471,344.2746,350.6101,6725.5796,spacetrack,2026-09-07 06:16:13.354000+00:00,322.1357,6703.0996,-0.0015761,38.04678416666667,13.965269644668414,14.180436318523142,300-350,storm_main,27.67357760262743
100458,2026-09-09 00:53:48.560000+00:00,-0.0048733,15.72952,-0.00619439,0.0004335,347.54846,353.38217,6728.6025,spacetrack,2026-09-08 20:19:01.777000+00:00,344.2746,6725.5796,-0.0054295,4.579661944444444,17.15686462301325,15.841693312758135,300-350,storm_recovery,14.412518500425463
100459,2026-09-08 15:44:27.342000+00:00,-0.0070073,15.749019,-0.00934129,0.0005126,341.46432,348.3568,6723.0474,spacetrack,2026-09-07 22:59:09.944000+00:00,330.67426,6712.4214,-0.0050127,16.75483277777778,15.455925071568878,15.220921830879004,300-350,storm_main,32.48860519480632
100473,2026-09-08 22:49:10.579000+00:00,0.00035432,15.805576,0.00068787,0.0002593,327.12357,330.6018,6706.9995,spacetrack,2026-09-07 21:02:42.863000+00:00,318.07336,6697.2954,0.00012146,25.774365555555555,8.427173096921573,9.036047832021143,300-350,storm_main,29.752290367832742
100473,2026-09-09 23:06:45.379000+00:00,0.0017271,15.799376,0.0033907,0.0001089,329.8867,331.34787,6708.7544,spacetrack,2026-09-08 22:49:10.579000+00:00,327.12357,6706.9995,0.00035432,24.293,2.729803647141198,1.7337339974477326,300-350,storm_recovery,11.651800278543888
100473,2026-09-10 23:24:18.268000+00:00,0.00051475,15.798322,0.00097271,0.000119,330.11743,331.71417,6709.0527,spacetrack,2026-09-09 23:06:45.379000+00:00,329.8867,6708.7544,0.0017271,24.292469166666667,0.22795212631568398,0.2947086173451965,300-350,storm_recovery,8.789128372877425
100473,2026-09-11 22:10:45.667000+00:00,0.00093472,15.798829,0.00179322,0.0001046,330.07028,331.4738,6708.909,spacetrack,2026-09-10 23:24:18.268000+00:00,330.11743,6709.0527,0.00051475,22.7742775,-0.049687635535296676,-0.15143400268187882,300-350,storm_recovery,8.184433964053428
100473,2026-09-12 22:28:18.759000+00:00,0.00078592,15.798582,0.00149978,9.57e-05,330.2,331.48413,6708.979,spacetrack,2026-09-11 22:10:45.667000+00:00,330.07028,6708.909,0.00093472,24.292525555555557,0.12815793865809616,0.0691570745154835,300-350,storm_recovery,7.435704697553747
100473,2026-09-13 18:12:36.804000+00:00,0.0015994,15.798308,0.00311402,0.0001265,330.07095,331.76834,6709.0566,spacetrack,2026-09-12 22:28:18.759000+00:00,330.2,6708.979,0.00078592,19.738345833333334,-0.15691284498469618,0.09435441124178387,300-350,storm_recovery,6.866478975040757
100474,2026-09-08 22:54:46.782000+00:00,0.0016844,15.799062,0.00329826,9.24e-05,330.08643,331.32623,6708.8433,spacetrack,2026-09-07 21:06:07.680000+00:00,329.90576,6708.8584,0.0013104,25.810861666666668,0.16799439150845188,-0.014040600607259255,300-350,storm_main,29.6939586222002
100474,2026-09-09 23:12:20.852000+00:00,0.0018559,15.799417,0.00365602,0.0001141,329.8402,331.37115,6708.7427,spacetrack,2026-09-08 22:54:46.782000+00:00,330.08643,6708.8433,0.0016844,24.292797222222223,-0.24326222896203914,-0.09938748419664983,300-350,storm_recovery,11.640264358193964
100475,2026-09-09 23:06:10.481000+00:00,0.0018169,15.799487,0.00357684,0.0001081,329.8607,331.3111,6708.7227,spacetrack,2026-09-08 15:13:07.571000+00:00,330.09714,6709.008,0.0007667,31.884141666666668,-0.1779743691809293,-0.21475252718336965,300-350,storm_recovery,14.543371508877064
100475,2026-09-10 23:23:43.393000+00:00,0.00079241,15.798483,0.00151176,0.00012,330.06488,331.67505,6709.007,spacetrack,2026-09-09 23:06:10.481000+00:00,329.8607,6708.7227,0.0018169,24.292475555555555,0.20172172197079835,0.2808770964647086,300-350,storm_recovery,8.789129217332409
100475,2026-09-11 22:10:10.814000+00:00,0.00098812,15.798866,0.00189874,8.84e-05,330.16837,331.35452,6708.8984,spacetrack,2026-09-10 23:23:43.393000+00:00,330.06488,6709.007,0.00079241,22.774283611111112,0.10905985199847906,-0.1144448731953989,300-350,storm_recovery,8.186560496884029
100475,2026-09-12 22:27:44.006000+00:00,0.00070455,15.798674,0.00134187,8.81e-05,330.2249,331.40704,6708.953,spacetrack,2026-09-11 22:10:10.814000+00:00,330.16837,6708.8984,0.00098812,24.29255333333333,0.055849213599897,0.053942456440398676,300-350,storm_recovery,7.436896368516772
100476,2026-09-09 23:14:57.571000+00:00,0.0015713,15.799177,0.00306976,8.8e-05,330.08322,331.26398,6708.8105,spacetrack,2026-09-08 22:57:23.826000+00:00,330.03912,6708.835,0.0018263,24.292706944444443,0.043568631623452356,-0.024204795346824168,300-350,storm_recovery,11.634875807777014
100476,2026-09-10 23:32:30.142000+00:00,0.00070326,15.798437,0.00133787,0.000109,330.1518,331.61435,6709.02,spacetrack,2026-09-09 23:14:57.571000+00:00,330.08322,6708.8105,0.0015713,24.292380833333333,0.06775457750692954,0.2069784775118038,300-350,storm_recovery,8.789116697323855
100476,2026-09-11 22:18:57.719000+00:00,0.0016498,15.799427,0.00323321,0.0001149,329.83203,331.3737,6708.7397,spacetrack,2026-09-10 23:32:30.142000+00:00,330.1518,6709.02,0.00070326,22.774326944444446,-0.3369794426294665,-0.2953852386689074,300-350,storm_recovery,8.154434530977783
100477,2026-09-08 15:24:22.315000+00:00,0.00053718,15.798463,0.00101659,0.0001228,330.0518,331.69952,6709.0127,spacetrack,2026-09-07 18:09:02.017000+00:00,330.3079,6708.9434,0.0013385,21.255638333333334,-0.28916562766130766,0.07824747363124071,300-350,storm_main,31.604631571089804
100477,2026-09-09 23:17:25.693000+00:00,0.0011832,15.7989435,0.00228609,0.0001513,329.72476,331.75488,6708.877,spacetrack,2026-09-08 15:24:22.315000+00:00,330.0518,6709.0127,0.00053718,31.884271666666667,-0.24617027737239916,-0.10214440630928315,300-350,storm_recovery,14.384644011783656
100477,2026-09-10 23:34:58.500000+00:00,0.0007602,15.79847,0.00144886,0.0001006,330.19888,331.54874,6709.0107,spacetrack,2026-09-09 23:17:25.693000+00:00,329.72476,6708.877,0.0011832,24.29244638888889,0.4684122717753071,0.13209044279103388,300-350,storm_recovery,8.789125362208212
100477,2026-09-11 13:14:50.858000+00:00,0.00075014,15.798719,0.00143093,0.0001147,330.03366,331.5727,6708.94,spacetrack,2026-09-10 23:34:58.500000+00:00,330.19888,6709.0107,0.0007602,13.66454388888889,-0.290187512458703,-0.12417538512828777,300-350,storm_recovery,9.530661693428073
100477,2026-09-12 13:32:24.163000+00:00,0.0013074,15.799077,0.00253585,0.0001246,329.86612,331.53796,6708.839,spacetrack,2026-09-11 13:14:50.858000+00:00,330.03366,6708.94,0.00075014,24.29258472222222,-0.16552211491604302,-0.0997835359106263,300-350,storm_recovery,7.885252810056749
100478,2026-09-08 15:24:41.776000+00:00,0.00075626,15.798662,0.00144255,0.0002065,329.4339,332.20468,6708.956,spacetrack,2026-09-07 18:09:20.847000+00:00,329.7197,6708.898,0.001033,21.255813611111112,-0.3226975981956458,0.06548796604389592,300-350,storm_main,31.60764547173754
100478,2026-09-09 23:17:45.233000+00:00,0.001837,15.799429,0.00361723,0.000154,329.56912,331.6354,6708.7393,spacetrack,2026-09-08 15:24:41.776000+00:00,329.4339,6708.956,0.00075626,31.884293611111108,0.10178302958762026,-0.1631147944951279,300-350,storm_recovery,14.380064646423744
100478,2026-09-10 23:35:18.100000+00:00,0.00083846,15.798454,0.00160151,0.0001764,329.6946,332.06155,6709.015,spacetrack,2026-09-09 23:17:45.233000+00:00,329.56912,6708.7393,0.001837,24.292463055555555,0.12396931480815182,0.2723807785514033,300-350,storm_recovery,8.789127565137457
100478,2026-09-11 22:21:45.370000+00:00,0.0011949,15.798473,0.00230427,0.0001275,330.01752,331.7283,6709.01,spacetrack,2026-09-10 23:35:18.100000+00:00,329.6946,6709.015,0.00083846,22.77424166666667,0.3403002441720636,-0.005269110680346224,300-350,storm_recovery,8.14419592212303
100478,2026-09-12 13:32:43.769000+00:00,0.00077506,15.798635,0.00147895,0.0001218,330.01007,331.64438,6708.9644,spacetrack,2026-09-11 22:21:45.370000+00:00,330.01752,6709.01,0.0011949,15.18288861111111,-0.011776415185532511,-0.07208114529722255,300-350,storm_recovery,8.975908588175077
100478,2026-09-13 13:50:17.105000+00:00,0.00096489,15.7986765,0.00185131,0.000112,330.06393,331.56674,6708.952,spacetrack,2026-09-12 13:32:43.769000+00:00,330.01007,6708.9644,0.00077506,24.292593333333333,0.05321128058515348,-0.012250647590696915,300-350,storm_recovery,6.601682318899763
100479,2026-09-08 15:25:27.679000+00:00,0.00093441,15.7987385,0.00179189,0.0001928,329.5042,332.0912,6708.9346,spacetrack,2026-09-07 18:10:06.632000+00:00,329.49765,6708.9355,0.0010378,21.25584638888889,0.007395612347023549,-0.001016191009515666,300-350,storm_main,31.61483685658404
100479,2026-09-09 23:18:30.903000+00:00,0.0018699,15.799506,0.00368665,7.14e-05,330.10132,331.05933,6708.7173,spacetrack,2026-09-08 15:25:27.679000+00:00,329.5042,6708.9346,0.00093441,31.884228888888888,0.449466099680182,-0.1635667595461776,300-350,storm_recovery,14.369271898130341
100479,2026-09-10 23:36:03.846000+00:00,0.00084625,15.798469,0.00161682,0.000121,330.06235,331.6859,6709.011,spacetrack,2026-09-09 23:18:30.903000+00:00,330.10132,6708.7173,0.0018699,24.292484166666668,-0.03850079693716577,0.29016381987298967,300-350,storm_recovery,8.789130355510164
100479,2026-09-11 19:20:19.727000+00:00,0.0017609,15.799335,0.00345926,8.25e-05,330.0756,331.18253,6708.766,spacetrack,2026-09-10 23:36:03.846000+00:00,330.06235,6709.011,0.00084625,19.73774472222222,0.0161112631901981,-0.29790637597005026,300-350,storm_recovery,8.569491327536984
100479,2026-09-12 13:33:29.378000+00:00,0.0012906,15.799144,0.00250286,9.54e-05,330.04288,331.3229,6708.82,spacetrack,2026-09-11 19:20:19.727000+00:00,330.0756,6708.766,0.0017609,18.219347499999998,-0.04310143379172072,0.07113317312829648,300-350,storm_recovery,8.373069983250865
100480,2026-09-08 15:25:57.317000+00:00,0.00053803,15.798451,0.00101816,0.0001125,330.12433,331.63388,6709.016,spacetrack,2026-09-07 18:10:35.825000+00:00,330.06915,6708.8657,0.00020842,21.255969999999998,0.06230343757542803,0.16970291169887824,300-350,storm_main,31.6194578119308
100480,2026-09-09 23:19:00.661000+00:00,0.0018552,15.799433,0.00365505,8e-05,330.0646,331.138,6708.7383,spacetrack,2026-09-08 15:25:57.317000+00:00,330.12433,6709.016,0.00053803,31.884262222222223,-0.044960111982799165,-0.20903102457068112,300-350,storm_recovery,14.36229779993167
100480,2026-09-10 23:36:33.538000+00:00,0.0016877,15.799232,0.0033078,0.0001073,329.9382,331.37793,6708.795,spacetrack,2026-09-09 23:19:00.661000+00:00,330.0646,6708.7383,0.0018552,24.29246583333333,-0.12487822441792401,0.056017368073641785,300-350,storm_recovery,8.78912793229204
100480,2026-09-11 23:54:06.953000+00:00,0.0010524,15.79835,0.00202086,0.0001085,330.17963,331.6355,6709.0444,spacetrack,2026-09-10 23:36:33.538000+00:00,329.9382,6708.795,0.0016877,24.292615277777777,0.2385218690430586,0.24639586687350887,300-350,storm_recovery,8.068366626963623
100480,2026-09-12 12:02:53.289000+00:00,0.0014437,15.799184,0.00281142,8.76e-05,330.084,331.2594,6708.8086,spacetrack,2026-09-11 23:54:06.953000+00:00,330.17963,6709.0444,0.0010524,12.146204444444445,-0.18895779422262898,-0.4659233282192764,300-350,storm_recovery,9.4699073803028
100481,2026-09-09 23:16:36.500000+00:00,0.0017669,15.799381,0.00347245,7.45e-05,330.11588,331.11548,6708.7524,spacetrack,2026-09-08 15:23:33.408000+00:00,330.2653,6708.9688,0.00083727,31.884192222222225,-0.11247203551549015,-0.16288949595418564,300-350,storm_recovery,14.396154165284205
100481,2026-09-10 23:34:09.336000+00:00,0.00050841,15.798288,0.00096036,8.38e-05,330.363,331.48743,6709.062,spacetrack,2026-09-09 23:16:36.500000+00:00,330.11588,6708.7524,0.0017669,24.292454444444445,0.24414494688313593,0.3058727563731,300-350,storm_recovery,8.789126426957726
100481,2026-09-11 22:20:36.687000+00:00,0.00067031,15.798492,0.00127424,0.0001009,330.1904,331.54428,6709.0044,spacetrack,2026-09-10 23:34:09.336000+00:00,330.363,6709.062,0.00050841,22.774264166666665,-0.18188952098231606,-0.06070009506720186,300-350,storm_recovery,8.14838836541993
100482,2026-09-09 23:19:23.453000+00:00,0.0011515,15.798829,0.00222184,0.0001251,329.93292,331.61148,6708.909,spacetrack,2026-09-08 15:26:20.024000+00:00,329.6835,6708.901,0.0011394,31.884285833333333,0.1877438946348583,0.006021775146512266,300-350,storm_recovery,14.356954783081102
100482,2026-09-10 23:36:56.093000+00:00,0.00068154,15.798429,0.00129565,0.0001108,330.14206,331.62878,6709.0225,spacetrack,2026-09-09 23:19:23.453000+00:00,329.93292,6708.909,0.0011515,24.2924,0.20662264741235029,0.11213383609726724,300-350,storm_recovery,8.7891192307059
100482,2026-09-11 22:23:23.811000+00:00,0.0011698,15.799081,0.00226103,8.74e-05,330.1145,331.2872,6708.838,spacetrack,2026-09-10 23:36:56.093000+00:00,330.14206,6709.0225,0.00068154,22.77436611111111,-0.02904317936985982,-0.1944291216890044,300-350,storm_recovery,8.138213591943126
100483,2026-09-08 23:04:55.120000+00:00,0.0011591,15.798607,0.00223463,8.08e-05,330.29303,331.3772,6708.972,spacetrack,2026-09-07 15:11:53.204000+00:00,330.25238,6708.9336,0.00011387,31.883865555555555,0.030598548293944608,0.028904901709019888,300-350,storm_main,28.693860729768613
100483,2026-09-09 23:22:29.022000+00:00,0.0018791,15.799527,0.00370588,9.74e-05,329.92096,331.2278,6708.7114,spacetrack,2026-09-08 23:04:55.120000+00:00,330.29303,6708.972,0.0011591,24.292750555555557,-0.36758620558749544,-0.2574595242184454,300-350,storm_recovery,11.619395370145975
100483,2026-09-10 23:40:01.797000+00:00,0.00071396,15.798413,0.00135852,9.33e-05,330.2639,331.51578,6709.027,spacetrack,2026-09-09 23:22:29.022000+00:00,329.92096,6708.7114,0.0018791,24.2924375,0.3388116157549019,0.3118007404566831,300-350,storm_recovery,8.789124187311382
100483,2026-09-11 19:24:17.840000+00:00,0.0014885,15.799056,0.00290022,0.0001352,329.80078,331.61487,6708.8447,spacetrack,2026-09-10 23:40:01.797000+00:00,330.2639,6709.027,0.00071396,19.737789722222224,-0.5631268828184015,-0.22166615723358246,300-350,storm_recovery,8.542690675865526
100484,2026-09-08 15:19:45.811000+00:00,-0.0011236,15.799405,-0.00208105,9.03e-05,330.00323,331.21484,6708.746,spacetrack,2026-09-07 16:34:25.547000+00:00,320.14844,6698.6523,-0.0042055,22.75562888888889,10.393690332833867,10.645664911431812,300-350,storm_main,30.94722198405025
100484,2026-09-10 23:30:22.229000+00:00,0.00050148,15.7982645,0.00094692,0.0001038,330.23547,331.6283,6709.069,spacetrack,2026-09-09 23:12:49.539000+00:00,329.58038,6708.7803,0.0016552,24.29241388888889,0.6472045170937859,0.2852248455708498,300-350,storm_recovery,8.78912106648749
100484,2026-09-11 22:16:49.442000+00:00,0.0010689,15.79894,0.0020591,5.93e-05,330.34283,331.13852,6708.8774,spacetrack,2026-09-10 23:30:22.229000+00:00,330.23547,6709.069,0.00050148,22.774225833333333,0.11313842318310705,-0.20191246164215026,300-350,storm_recovery,8.162240445958323
100484,2026-09-12 13:27:48.040000+00:00,0.0011053,15.798877,0.00213053,0.0001411,329.81198,331.70523,6708.8955,spacetrack,2026-09-11 22:16:49.442000+00:00,330.34283,6708.8774,0.0010689,15.182943888888888,-0.8391258041415341,0.02861105218874093,300-350,storm_recovery,8.97590139432409
100485,2026-09-08 15:32:00.440000+00:00,0.00052879,15.798458,0.00100041,0.0001598,329.805,331.9492,6709.014,spacetrack,2026-09-07 16:42:59.581000+00:00,318.0018,6697.2827,0.0029897,22.816905277777778,12.415215672385413,12.339587537062794,300-350,storm_main,31.07523355702915
100485,2026-09-09 23:25:04.272000+00:00,0.0019362,15.799472,0.00382306,0.0001374,329.66833,331.5119,6708.727,spacetrack,2026-09-08 15:32:00.440000+00:00,329.805,6709.014,0.00052879,31.884397777777778,-0.10287413997468176,-0.21603042491230498,300-350,storm_recovery,14.276872234061676
100485,2026-09-10 23:42:37.387000+00:00,0.00099164,15.798664,0.00190389,0.0001172,330.0324,331.60498,6708.9556,spacetrack,2026-09-09 23:25:04.272000+00:00,329.66833,6708.727,0.0019362,24.292531944444445,0.3596858499551146,0.22584718680440297,300-350,storm_recovery,8.789136670546268
100485,2026-09-11 22:29:04.488000+00:00,0.00072275,15.798623,0.00137695,0.0001243,329.99655,331.6644,6708.9673,spacetrack,2026-09-10 23:42:37.387000+00:00,330.0324,6708.9556,0.00099164,22.77419472222222,-0.03777960145216575,0.012329744407009033,300-350,storm_recovery,8.117408273772236
100485,2026-09-12 12:08:57.053000+00:00,0.00098293,15.798748,0.00188746,0.0001033,330.10193,331.488,6708.932,spacetrack,2026-09-11 22:29:04.488000+00:00,329.99655,6708.9673,0.00072275,13.66460138888889,0.18508553070971717,-0.0619996131537328,300-350,storm_recovery,9.195453723545418
100486,2026-09-09 23:11:32.072000+00:00,0.0017855,15.799377,0.0035106,9.85e-05,329.95612,331.27774,6708.754,spacetrack,2026-09-08 15:18:28.807000+00:00,329.847,6708.9683,0.00070381,31.884240277777778,0.0821371303560811,-0.16130853221545316,300-350,storm_recovery,14.467800606647668
100486,2026-09-10 23:29:04.726000+00:00,0.00080622,15.798455,0.00153851,0.0001286,330.01526,331.7408,6709.015,spacetrack,2026-09-09 23:11:32.072000+00:00,329.95612,6708.754,0.0017855,24.292403888888888,0.05842814101446444,0.2578583835778896,300-350,storm_recovery,8.789119744724957
100486,2026-09-11 22:15:32.156000+00:00,0.0013099,15.799116,0.00254125,9.08e-05,330.0818,331.3001,6708.828,spacetrack,2026-09-10 23:29:04.726000+00:00,330.01526,6709.015,0.00080622,22.77428611111111,0.0701211880894161,-0.1970643548650226,300-350,storm_recovery,8.16696388702512
100486,2026-09-12 13:26:30.455000+00:00,0.00091704,15.798746,0.00175778,0.0001166,330.01334,331.57788,6708.9326,spacetrack,2026-09-11 22:15:32.156000+00:00,330.0818,6708.828,0.0013099,15.182860833333333,-0.1082167595445381,0.16534433316285524,300-350,storm_recovery,8.975912203195346
100486,2026-09-13 13:44:03.786000+00:00,0.0011276,15.798828,0.00217444,9.5e-05,330.135,331.4097,6708.909,spacetrack,2026-09-12 13:26:30.455000+00:00,330.01334,6708.9326,0.00091704,24.292591944444446,0.1201946670275693,-0.023315749974557532,300-350,storm_recovery,6.610219855433523
100487,2026-09-08 20:06:14.951000+00:00,0.010828,15.815681,0.02579859,0.000685,321.41327,330.59793,6704.1426,spacetrack,2026-09-07 22:51:09.816000+00:00,328.1888,6708.4814,0.0017947,21.251426388888888,-7.651849669960066,-4.8999628587017074,300-350,storm_main,31.446126498567708
100487,2026-09-09 14:19:42.859000+00:00,0.00041437,15.798413,0.00078025,9.92e-05,330.22424,331.5553,6709.027,spacetrack,2026-09-08 20:06:14.951000+00:00,321.41327,6704.1426,0.010828,18.224418888888888,11.60329343224905,6.432336784766749,300-350,storm_recovery,10.99516910370012
100487,2026-09-10 14:37:16.288000+00:00,0.00029972,15.7984085,0.00056099,9.56e-05,330.24982,331.5326,6709.0283,spacetrack,2026-09-09 14:19:42.859000+00:00,330.22424,6709.027,0.00041437,24.292619166666668,0.025271873559116906,0.0012843407202643873,300-350,storm_recovery,11.42930923840619
100487,2026-09-11 19:29:04.601000+00:00,0.0011635,15.778784,0.00204763,0.0005405,332.82358,340.08206,6714.59,spacetrack,2026-09-10 14:37:16.288000+00:00,330.24982,6709.0283,0.00029972,28.863420277777777,2.140087328720267,4.624566275077696,300-350,storm_recovery,8.015256796633778
100488,2026-09-09 23:21:39.065000+00:00,0.0018073,15.799417,0.00355592,0.0001056,329.89734,331.31424,6708.7427,spacetrack,2026-09-08 23:04:05.368000+00:00,329.67017,6708.7896,0.0014039,24.292693611111112,0.2244329133392735,-0.04633491938052675,300-350,storm_recovery,11.621101163967946
100488,2026-09-10 14:32:37.021000+00:00,0.00037329,15.798356,0.00070138,0.0001263,330.0586,331.7533,6709.043,spacetrack,2026-09-09 23:21:39.065000+00:00,329.89734,6708.7427,0.0018073,15.182765555555555,0.2549100811600481,0.4746961265801737,300-350,storm_recovery,9.91666078768112
100488,2026-09-11 19:23:28.224000+00:00,0.0014581,15.798944,0.00283719,0.0001916,329.45413,332.02496,6708.8765,spacetrack,2026-09-10 14:32:37.021000+00:00,330.0586,6709.043,0.00037329,28.847556388888886,-0.5028945885200706,-0.13852126489035163,300-350,storm_recovery,8.030910407460567
100488,2026-09-12 22:43:12.329000+00:00,0.00058002,15.798295,0.00109841,0.00012,330.11813,331.72833,6709.06,spacetrack,2026-09-11 19:23:28.224000+00:00,329.45413,6708.8765,0.0014581,27.328918055555555,0.5831185840436207,0.16114798218683976,300-350,storm_recovery,7.183441064997237
100488,2026-09-13 12:23:05.069000+00:00,0.00077449,15.798468,0.0014767,0.0001012,330.19553,331.5534,6709.011,spacetrack,2026-09-12 22:43:12.329000+00:00,330.11813,6709.06,0.00058002,13.66465,0.13594201095529523,-0.0860614798036888,300-350,storm_recovery,7.979958607713252
100489,2026-09-08 15:38:32.380000+00:00,0.00096507,15.79877,0.00185246,9.43e-05,330.15622,331.42154,6708.926,spacetrack,2026-09-07 22:56:28.673000+00:00,329.7794,6708.7583,0.0012197,16.701029722222223,0.5415043353863859,0.24099112850771548,300-350,storm_main,32.44885223061844
100489,2026-09-09 23:31:35.848000+00:00,0.0010807,15.798761,0.00208072,8.39e-05,330.22842,331.3542,6708.928,spacetrack,2026-09-08 15:38:32.380000+00:00,330.15622,6708.926,0.00096507,31.884296666666664,0.05434650223323806,0.0015054432747808565,300-350,storm_recovery,14.18468516737968
100489,2026-09-10 22:18:02.995000+00:00,0.00083422,15.798613,0.00159437,9.57e-05,330.19138,331.4755,6708.97,spacetrack,2026-09-09 23:31:35.848000+00:00,330.22842,6708.928,0.0010807,22.7742075,-0.039033630478739346,0.044260596115535775,300-350,storm_recovery,8.57507291966142
100490,2026-09-09 14:25:19.948000+00:00,0.00024472,15.798174,0.00045573,8.73e-05,330.37183,331.54324,6709.0947,spacetrack,2026-09-08 20:12:09.447000+00:00,330.33087,6708.9272,0.0014153,18.219583611111112,0.053955129874654076,0.22064170541954362,300-350,storm_recovery,10.978688377452704
100490,2026-09-10 14:42:52.836000+00:00,0.00068835,15.798599,0.00130992,7.66e-05,330.32336,331.35117,6708.974,spacetrack,2026-09-09 14:25:19.948000+00:00,330.37183,6709.0947,0.00024472,24.29246888888889,-0.04788644601423304,-0.11924683379187823,300-350,storm_recovery,11.417760703340065
100490,2026-09-11 22:35:55.165000+00:00,0.00083349,15.798554,0.00159251,8.52e-05,330.27835,331.42157,6708.987,spacetrack,2026-09-10 14:42:52.836000+00:00,330.32336,6708.974,0.00068835,31.883980277777777,-0.03388033710310229,0.009785478390084635,300-350,storm_recovery,7.770626705091511
100490,2026-09-12 16:49:05.356000+00:00,0.0012512,15.798956,0.00242186,0.0001025,330.0485,331.42383,6708.873,spacetrack,2026-09-11 22:35:55.165000+00:00,330.27835,6708.987,0.00083349,18.219497500000003,-0.30277454139445803,-0.15016879581951695,300-350,storm_recovery,8.44700429367556
100491,2026-09-10 23:43:28.246000+00:00,0.00085417,15.79863,0.00163353,9.43e-05,330.19595,331.46124,6708.966,spacetrack,2026-09-09 23:25:55.404000+00:00,329.8256,6708.7017,0.0019789,24.29245611111111,0.3658913680586585,0.2611181006566158,300-350,storm_recovery,8.789126647250642
100491,2026-09-11 13:23:20.398000+00:00,0.00040003,15.798457,0.00075292,9.16e-05,330.26285,331.49194,6709.0146,spacetrack,2026-09-10 23:43:28.246000+00:00,330.19595,6708.966,0.00085417,13.664486666666667,0.11750166977860202,0.08535995741773585,300-350,storm_recovery,9.499576883727306
100491,2026-09-12 07:36:30.554000+00:00,0.00076785,15.798608,0.0014647,0.0001168,330.0512,331.61844,6708.9717,spacetrack,2026-09-11 13:23:20.398000+00:00,330.26285,6709.0146,0.00040003,18.21948777777778,-0.27880037364146126,-0.056510919108534924,300-350,storm_recovery,7.22447935632292
100491,2026-09-13 21:33:55.988000+00:00,0.00073565,15.79868,0.00140244,0.0001166,330.03207,331.5966,6708.951,spacetrack,2026-09-12 07:36:30.554000+00:00,330.0512,6708.9717,0.00076785,37.957065,-0.012095771893860581,-0.013088472462262381,300-350,storm_recovery,6.44331558125828
100492,2026-09-09 23:32:31.456000+00:00,0.0018753,15.799416,0.00369624,8.01e-05,330.06876,331.1435,6708.743,spacetrack,2026-09-08 15:39:27.827000+00:00,330.11664,6708.8813,0.0012268,31.88434138888889,-0.03604026145576716,-0.10410125646024776,300-350,storm_recovery,14.1716395723993
100492,2026-09-10 14:43:29.120000+00:00,0.00068735,15.798614,0.00130805,9.83e-05,330.17355,331.49252,6708.97,spacetrack,2026-09-09 23:32:31.456000+00:00,330.06876,6708.743,0.0018753,15.182684444444444,0.16564659623942707,0.358829824852889,300-350,storm_recovery,9.880857842735466
100492,2026-09-12 12:19:17.171000+00:00,-0.0071519,15.746253,-0.00954777,0.000253,343.9965,347.39874,6723.8345,spacetrack,2026-09-11 13:30:00.708000+00:00,331.36804,6710.2827,-0.00284,22.821239722222224,13.280743889862949,14.251776150587396,300-350,storm_recovery,7.920178172714178
100493,2026-09-08 14:10:41.568000+00:00,0.00098934,15.798686,0.00189954,0.0001191,330.01355,331.6116,6708.9497,spacetrack,2026-09-07 22:59:43.339000+00:00,330.02682,6708.834,0.0011964,15.182841388888889,-0.02097631081310801,0.18289066775333856,300-350,storm_main,32.73885160091814
100493,2026-09-09 20:32:39.339000+00:00,0.0015715,15.799059,0.0030683,0.0001288,329.843,331.5712,6708.844,spacetrack,2026-09-08 14:10:41.568000+00:00,330.01355,6708.9497,0.00098934,30.366047499999997,-0.13479528410800903,-0.08354067153460379,300-350,storm_recovery,15.09064421922763
100493,2026-09-10 22:21:17.854000+00:00,0.0013861,15.79906,0.00269366,9.45e-05,330.0729,331.34088,6708.8438,spacetrack,2026-09-09 20:32:39.339000+00:00,329.843,6708.844,0.0015715,25.81069861111111,0.21377181931931252,-0.00018596939517331434,300-350,storm_recovery,9.03096829517777
100493,2026-09-11 13:32:16.088000+00:00,0.00090636,15.798802,0.00173725,0.0001038,330.08313,331.47592,6708.9165,spacetrack,2026-09-10 22:21:17.854000+00:00,330.0729,6708.8438,0.0013861,15.182842777777777,0.016170884701436843,0.11491919040146471,300-350,storm_recovery,9.72022886798721
100493,2026-09-12 16:52:01.332000+00:00,0.0008381,15.798616,0.00160198,0.000138,329.90652,331.7582,6708.969,spacetrack,2026-09-11 13:32:16.088000+00:00,330.08313,6708.9165,0.00090636,27.329234444444445,-0.15509545313521284,0.046104474772468325,300-350,storm_recovery,7.629008553355826
100493,2026-09-13 21:42:51.528000+00:00,0.00081519,15.798765,0.00155827,0.0001109,330.0462,331.53424,6708.9272,spacetrack,2026-09-12 16:52:01.332000+00:00,329.90652,6708.969,0.0008381,28.847276666666666,0.11620923662002398,-0.034776246353902966,300-350,storm_recovery,5.782443819364578
100494,2026-09-08 20:18:09.704000+00:00,0.0018671,15.7989435,0.00367085,0.0001487,329.74197,331.73718,6708.8765,spacetrack,2026-09-07 23:02:47.271000+00:00,329.8125,6708.792,0.0012658,21.25623138888889,-0.07963405972731771,0.09540731670142194,300-350,storm_main,31.287464265544198
100494,2026-09-09 23:37:54.691000+00:00,0.0011336,15.798659,0.0021845,6.56e-05,330.38007,331.26028,6708.957,spacetrack,2026-09-08 20:18:09.704000+00:00,329.74197,6708.8765,0.0018671,27.329163055555554,0.560368422877372,0.07069371264949717,300-350,storm_recovery,11.966772247477149
100494,2026-09-10 22:24:21.779000+00:00,0.001451,15.79914,0.00282553,8.06e-05,330.1433,331.22476,6708.821,spacetrack,2026-09-09 23:37:54.691000+00:00,330.38007,6708.957,0.0011336,22.77419111111111,-0.24951402103704612,-0.1433201286528979,300-350,storm_recovery,8.575070454996522
100494,2026-09-11 19:39:44.190000+00:00,0.0012638,15.798836,0.00244574,0.0002213,329.28564,332.255,6708.907,spacetrack,2026-09-10 22:24:21.779000+00:00,330.1433,6708.821,0.001451,21.256225277777776,-0.9683676067132916,0.0971009656245769,300-350,storm_recovery,8.69281826470418
100494,2026-09-12 13:52:53.595000+00:00,0.00093501,15.798683,0.00179259,0.0001297,329.9432,331.6835,6708.95,spacetrack,2026-09-11 19:39:44.190000+00:00,329.28564,6708.907,0.0012638,18.219279166666666,0.8661945324858351,0.05664329475120383,300-350,storm_recovery,8.42633661640931
100495,2026-09-08 14:14:02.041000+00:00,0.00091031,15.798643,0.00174371,0.0001011,330.14655,331.50308,6708.962,spacetrack,2026-09-07 23:03:03.713000+00:00,329.8956,6708.7524,0.0013152,15.182868888888889,0.39668392344528064,0.33132078244346985,300-350,storm_main,32.70217277776956
100495,2026-09-09 23:38:11.233000+00:00,0.0011141,15.798778,0.00214716,5.41e-05,330.42368,331.1496,6708.924,spacetrack,2026-09-08 14:14:02.041000+00:00,330.14655,6708.962,0.00091031,33.40255333333333,0.1991201071854185,-0.027303301963477918,300-350,storm_recovery,14.833944946590577
100495,2026-09-10 14:49:09.182000+00:00,0.00068898,15.798596,0.00131111,8.87e-05,330.243,331.43317,6708.975,spacetrack,2026-09-09 23:38:11.233000+00:00,330.42368,6708.924,0.0011141,15.182763611111112,-0.28560808236693247,0.08061773412012438,300-350,storm_recovery,9.862203976954934
100495,2026-09-11 10:33:24.967000+00:00,0.00067826,15.798477,0.00128957,9.19e-05,330.25528,331.48837,6709.009,spacetrack,2026-09-10 14:49:09.182000+00:00,330.243,6708.975,0.00068898,19.737718055555558,0.014931817303866347,0.04134216517303728,300-350,storm_recovery,8.172690879426636
100495,2026-09-12 13:53:10.076000+00:00,0.0013562,15.798918,0.00263175,9e-05,330.14322,331.3508,6708.884,spacetrack,2026-09-11 10:33:24.967000+00:00,330.25528,6709.009,0.00067826,27.329196944444444,-0.09840903870934015,-0.10977270960791435,300-350,storm_recovery,8.142196884693192
100495,2026-09-13 21:46:12.025000+00:00,0.00094754,15.7988615,0.00181873,0.0001073,330.04306,331.4828,6708.9,spacetrack,2026-09-12 13:53:10.076000+00:00,330.14322,6708.884,0.0013562,31.88387472222222,-0.0753935969496086,0.012043705582724603,300-350,storm_recovery,5.774301175178685
100496,2026-09-08 15:35:48.577000+00:00,0.00075101,15.798636,0.00143208,0.0001304,329.9517,331.7014,6708.9634,spacetrack,2026-09-07 22:53:44.537000+00:00,329.86005,6708.8765,0.00083995,16.70112222222222,0.13170372450023893,0.12487783588631587,300-350,storm_main,32.42977882058491
100496,2026-09-09 23:28:51.962000+00:00,0.0017488,15.799393,0.0034354,0.0001086,329.88406,331.34122,6708.7495,spacetrack,2026-09-08 15:35:48.577000+00:00,329.9517,6708.9634,0.00075101,31.88427361111111,-0.05091412838193826,-0.1610072747024972,300-350,storm_recovery,14.223217419489764
100496,2026-09-10 23:46:24.946000+00:00,0.0010133,15.798761,0.00194751,7.81e-05,330.26736,331.3153,6708.928,spacetrack,2026-09-09 23:28:51.962000+00:00,329.88406,6708.7495,0.0017488,24.292495555555554,0.37868484853531936,0.1763507577968837,300-350,storm_recovery,8.789131860840794
100496,2026-09-11 19:30:40.551000+00:00,0.0014368,15.799099,0.00279638,5.62e-05,330.3187,331.07278,6708.8325,spacetrack,2026-09-10 23:46:24.946000+00:00,330.26736,6708.928,0.0010133,19.737668055555556,0.0624268275528502,-0.11612314046094216,300-350,storm_recovery,8.49958074384139
100496,2026-09-12 16:46:02.244000+00:00,0.00079383,15.798578,0.0015152,5.73e-05,330.45868,331.22754,6708.98,spacetrack,2026-09-11 19:30:40.551000+00:00,330.3187,6708.8325,0.0014368,21.256025833333332,0.15805024073373788,0.16654100948765682,300-350,storm_recovery,8.034963575622928
100496,2026-09-13 21:36:52.736000+00:00,0.001566,15.799385,0.00306203,7.24e-05,330.12912,331.10056,6708.752,spacetrack,2026-09-12 16:46:02.244000+00:00,330.45868,6708.98,0.00079383,28.847358888888888,-0.2741824660782666,-0.18968807581505803,300-350,storm_recovery,5.789351368696453
100497,2026-09-08 14:15:49.235000+00:00,0.00088204,15.798617,0.00168806,0.0001089,330.1013,331.5625,6708.9688,spacetrack,2026-09-07 23:04:50.905000+00:00,329.9665,6708.755,0.0013775,15.182869444444444,0.21308225114083507,0.33795983155650783,300-350,storm_main,32.682561102763295
100497,2026-09-09 22:08:52.730000+00:00,0.0010823,15.798792,0.00208416,0.0001121,330.03046,331.5346,6708.9194,spacetrack,2026-09-08 14:15:49.235000+00:00,330.1013,6708.9688,0.00088204,31.884304166666666,-0.05332278826322452,-0.03718444014960025,300-350,storm_recovery,14.959551371039888
100497,2026-09-10 22:26:25.530000+00:00,0.0014083,15.799043,0.00273808,7.93e-05,330.17966,331.24368,6708.8486,spacetrack,2026-09-09 22:08:52.730000+00:00,330.03046,6708.9194,0.0010823,24.292444444444445,0.1474038567089979,-0.06994767463085806,300-350,storm_recovery,8.789125105199604
100497,2026-09-11 12:06:18.210000+00:00,0.0010028,15.798721,0.00192644,0.000106,330.09143,331.5137,6708.9395,spacetrack,2026-09-10 22:26:25.530000+00:00,330.17966,6708.8486,0.0014083,13.664633333333333,-0.1549635433564682,0.15965302154736638,300-350,storm_recovery,9.781486391877817
100497,2026-09-12 07:50:34.041000+00:00,0.0011069,15.798226,0.00212722,0.0001431,329.98267,331.9028,6709.0796,spacetrack,2026-09-11 12:06:18.210000+00:00,330.09143,6708.9395,0.0010028,19.737730833333334,-0.13224620510034638,0.1703539291513906,300-350,storm_recovery,7.432278499423925
100497,2026-09-13 06:37:01.367000+00:00,0.0009291,15.798661,0.00178078,0.0001335,329.9239,331.71518,6708.9565,spacetrack,2026-09-12 07:50:34.041000+00:00,329.98267,6709.0796,0.0011069,22.77425722222222,-0.061933084633085694,-0.12972541634035328,300-350,storm_recovery,7.933408561220792
100498,2026-09-08 14:16:02.736000+00:00,0.0010204,15.798671,0.0019606,0.0001028,330.12726,331.50662,6708.954,spacetrack,2026-09-07 23:05:04.367000+00:00,329.70847,6708.741,0.0014548,15.182880277777777,0.6619929694572503,0.3366950082242185,300-350,storm_main,32.680090545694846
100498,2026-09-09 22:09:06.292000+00:00,0.0019323,15.799394,0.00381379,4.69e-05,330.29758,330.92688,6708.749,spacetrack,2026-09-08 14:16:02.736000+00:00,330.12726,6708.954,0.0010204,31.88432111111111,0.1282034510239457,-0.15430781740194316,300-350,storm_recovery,14.95837358445316
100498,2026-09-10 14:51:09.749000+00:00,0.00075653,15.798715,0.00144335,0.0001068,330.08792,331.52094,6708.9414,spacetrack,2026-09-09 22:09:06.292000+00:00,330.29758,6708.749,0.0019323,16.700960277777778,-0.30129045972853374,0.27648709554395634,300-350,storm_recovery,10.050523824669629
100498,2026-09-11 10:35:26.080000+00:00,0.0013809,15.798831,0.00268039,0.0001342,329.87134,331.67203,6708.9087,spacetrack,2026-09-10 14:51:09.749000+00:00,330.08792,6708.9414,0.00075653,19.737869722222225,-0.2633475685650287,-0.03976112979965676,300-350,storm_recovery,8.177810630273044
100498,2026-09-12 21:30:26.227000+00:00,0.0018215,15.799479,0.00358641,8.88e-05,329.9926,331.18408,6708.7256,spacetrack,2026-09-11 10:35:26.080000+00:00,329.87134,6708.9087,0.0013809,34.9167075,0.08334806481969005,-0.12585379076777728,300-350,storm_recovery,7.415997278030233
100498,2026-09-13 14:12:30.253000+00:00,0.0010862,15.798918,0.00209319,8.72e-05,330.16202,331.33206,6708.8843,spacetrack,2026-09-12 21:30:26.227000+00:00,329.9926,6708.7256,0.0018215,16.701118333333334,0.24346154064932712,0.22805658423466146,300-350,storm_recovery,7.3655472938555375
100499,2026-09-08 20:16:29.211000+00:00,0.0018483,15.798918,0.00363171,0.0001342,329.84677,331.64743,6708.8843,spacetrack,2026-09-07 23:01:07.117000+00:00,329.47916,6708.831,0.0012183,21.256137222222222,0.4150631842354072,0.060180266368086974,300-350,storm_main,31.30978643893357
100499,2026-09-09 23:36:14.228000+00:00,0.0011379,15.798826,0.0021949,7.87e-05,330.2448,331.30078,6708.9097,spacetrack,2026-09-08 20:16:29.211000+00:00,329.84677,6708.8843,0.0018483,27.32917138888889,0.3495429796998509,0.02230583545092514,300-350,storm_recovery,11.969836535170796
100499,2026-09-10 14:47:12.236000+00:00,0.00076483,15.798619,0.00145888,0.0001067,330.11575,331.54745,6708.9688,spacetrack,2026-09-09 23:36:14.228000+00:00,330.2448,6708.9097,0.0011379,15.182780000000001,-0.2039942619204228,0.09342162634166742,300-350,storm_recovery,9.868625069541503
100499,2026-09-11 19:38:03.287000+00:00,0.0017161,15.799261,0.00336625,8.67e-05,330.0681,331.2314,6708.7866,spacetrack,2026-09-10 14:47:12.236000+00:00,330.11575,6708.9688,0.00076483,28.84751416666667,-0.03964293052747174,-0.15158325167010722,300-350,storm_recovery,7.988778312893531
100499,2026-09-12 21:26:41.723000+00:00,0.0012661,15.79914,0.00245383,0.0001274,329.82928,331.5387,6708.821,spacetrack,2026-09-11 19:38:03.287000+00:00,330.0681,6708.7866,0.0017161,25.810676666666666,-0.2220662431296498,0.031986763100071446,300-350,storm_recovery,7.3706981464905414
100499,2026-09-13 14:08:46.119000+00:00,0.00075856,15.798679,0.00144708,9.58e-05,330.17188,331.4573,6708.9517,spacetrack,2026-09-12 21:26:41.723000+00:00,329.82928,6708.821,0.0012661,16.70122111111111,0.49232328254907354,0.18781860195276812,300-350,storm_recovery,7.361798744722526
100500,2026-09-08 20:22:10.779000+00:00,0.0018113,15.79885,0.00355453,0.0001932,329.47006,332.06238,6708.9033,spacetrack,2026-09-07 17:02:25.102000+00:00,330.00702,6708.9507,0.00074614,27.32935472222222,-0.4715457108660429,-0.04162557116960038,300-350,storm_main,30.50412958991988
100500,2026-09-09 22:10:50.339000+00:00,0.0010862,15.798585,0.00208985,0.0001105,330.09976,331.58246,6708.978,spacetrack,2026-09-08 20:22:10.779000+00:00,329.47006,6708.9033,0.0018113,25.81098888888889,0.5855180545409513,0.06945878779463048,300-350,storm_recovery,11.957034482298452
100500,2026-09-10 22:28:22.820000+00:00,0.0016454,15.799319,0.0032227,8.29e-05,330.07718,331.1895,6708.7705,spacetrack,2026-09-09 22:10:50.339000+00:00,330.09976,6708.978,0.0010862,24.292355833333332,-0.02230825218098073,-0.20500276029947878,300-350,storm_recovery,8.789113392906486
100501,2026-09-08 14:22:11.597000+00:00,0.00071124,15.798485,0.00135373,0.0001883,329.60626,332.13287,6709.0063,spacetrack,2026-09-07 23:11:13.097000+00:00,329.77478,6708.7153,0.0017205,15.182916666666667,-0.26638359998902417,0.459990669338062,300-350,storm_main,32.6126042610024
100501,2026-09-09 22:15:14.931000+00:00,0.0015221,15.799163,0.00296965,6.01e-05,330.27454,331.08093,6708.815,spacetrack,2026-09-08 14:22:11.597000+00:00,329.60626,6709.0063,0.00071124,31.884259444444446,0.5030294032058557,-0.14399581737219322,300-350,storm_recovery,14.926243891817952
100501,2026-09-10 13:26:12.804000+00:00,0.0006281,15.79856,0.0011928,9.91e-05,330.18344,331.51315,6708.9854,spacetrack,2026-09-09 22:15:14.931000+00:00,330.27454,6708.815,0.0015221,15.1827425,-0.1440056037306563,0.26935845088588817,300-350,storm_recovery,10.13533885594121
100501,2026-09-11 12:12:40.186000+00:00,0.001046,15.79885,0.00201283,6.76e-05,330.31277,331.21982,6708.9033,spacetrack,2026-09-10 13:26:12.804000+00:00,330.18344,6708.9854,0.0006281,22.774272777777778,0.1362906306728811,-0.08651867917880113,300-350,storm_recovery,8.47308965177105
100501,2026-09-12 21:36:48.328000+00:00,0.00072079,15.798714,0.00137372,0.0001226,329.9823,331.62735,6708.942,spacetrack,2026-09-11 12:12:40.186000+00:00,330.31277,6708.9033,0.001046,33.40226166666667,-0.23744739440547227,0.02780650032834109,300-350,storm_recovery,7.20170493777775
100501,2026-09-13 18:52:10.085000+00:00,0.0013379,15.799089,0.00259718,0.0001309,329.82034,331.57672,6708.8354,spacetrack,2026-09-12 21:36:48.328000+00:00,329.9823,6708.942,0.00072079,21.25604361111111,-0.18286752093266612,-0.12036106280212777,300-350,storm_recovery,6.599781262210171
100502,2026-09-09 22:25:47.966000+00:00,0.00091285,15.776073,0.00155119,0.0004023,334.5203,339.92346,6715.359,spacetrack,2026-09-08 20:33:32.948000+00:00,334.6591,6715.3037,0.0012392,25.87083833333333,-0.12876273884437636,0.05130100474129928,300-350,storm_recovery,11.935160328202224
100502,2026-09-10 21:15:24.992000+00:00,0.00085059,15.776119,0.00144361,0.0003635,334.76776,339.64984,6715.3457,spacetrack,2026-09-09 22:25:47.966000+00:00,334.5203,6715.359,0.00091285,22.826951666666666,0.2601766581331271,-0.013983470271186422,300-350,storm_recovery,8.582986588003319
100502,2026-09-11 21:36:21.279000+00:00,0.00098521,15.77613,0.00167706,0.0003495,334.85883,339.55286,6715.343,spacetrack,2026-09-10 21:15:24.992000+00:00,334.76776,6715.3457,0.00085059,24.34896861111111,0.08976478777843021,-0.002661303689493227,300-350,storm_recovery,8.548948109107108
100502,2026-09-12 20:25:58.947000+00:00,0.00087756,15.776045,0.00148972,0.0003457,334.90854,339.55154,6715.367,spacetrack,2026-09-11 21:36:21.279000+00:00,334.85883,6715.343,0.00098521,22.82713,0.052264126064034765,0.025233132680639536,300-350,storm_recovery,7.73162405874063
100502,2026-09-13 20:46:54.805000+00:00,0.0011247,15.776365,0.00192239,0.000369,334.6613,339.61716,6715.2764,spacetrack,2026-09-12 20:25:58.947000+00:00,334.90854,6715.367,0.00087756,24.348849444444443,-0.2436977571995575,-0.08930196085741184,300-350,storm_recovery,6.112470224180568
100503,2026-09-09 22:28:50.530000+00:00,0.0013478,15.776318,0.00231428,0.0003665,334.69135,339.61368,6715.2896,spacetrack,2026-09-08 20:36:35.667000+00:00,334.7214,6715.38,0.0011615,25.870795277777777,-0.027876993817035726,-0.08386290319666759,300-350,storm_recovery,11.929274593983136
100503,2026-09-10 21:18:27.989000+00:00,0.00094045,15.775925,0.00159813,0.0004394,334.3135,340.215,6715.4014,spacetrack,2026-09-09 22:28:50.530000+00:00,334.69135,6715.2896,0.0013478,22.827071944444445,-0.3972651429877144,0.1175446420163948,300-350,storm_recovery,8.583004592536744
100503,2026-09-11 18:36:46.718000+00:00,0.00096929,15.776139,0.00164949,0.0003599,334.7865,339.62018,6715.3403,spacetrack,2026-09-10 21:18:27.989000+00:00,334.3135,6715.4014,0.00094045,21.305202500000004,0.5328276039620048,-0.0688282592008933,300-350,storm_recovery,9.094427157978068
100503,2026-09-12 20:29:01.186000+00:00,0.0014092,15.776596,0.00242599,0.0003688,334.59705,339.5502,6715.2104,spacetrack,2026-09-11 18:36:46.718000+00:00,334.7865,6715.3403,0.00096929,25.870685555555553,-0.17575104417837012,-0.12050705008581736,300-350,storm_recovery,7.3628795732209475
100503,2026-09-13 19:18:39.027000+00:00,0.0010107,15.776243,0.00172231,0.0003503,334.82138,339.52612,6715.3105,spacetrack,2026-09-12 20:29:01.186000+00:00,334.59705,6715.2104,0.0014092,22.827178055555557,0.23585569740139395,0.10524296933002082,300-350,storm_recovery,6.382174362551092
100504,2026-09-08 22:03:16.420000+00:00,0.00083846,15.821671,0.00175618,0.0003508,321.9624,326.66483,6702.4507,spacetrack,2026-09-07 21:46:33.932000+00:00,321.5775,6702.223,0.0011568,24.278468888888888,0.38048527863418924,0.22508832929369024,300-350,storm_main,30.14949043555831
100504,2026-09-09 19:17:53.697000+00:00,0.0013094,15.822336,0.00278539,0.0003653,321.67715,326.57382,6702.2627,spacetrack,2026-09-08 22:03:16.420000+00:00,321.9624,6702.4507,0.00083846,21.243688055555555,-0.322260427760806,-0.21239249927803783,300-350,storm_recovery,11.469539573172828
100504,2026-09-10 10:28:19.064000+00:00,0.00084595,15.822148,0.00177627,0.000357,321.78586,326.57132,6702.3154,spacetrack,2026-09-09 19:17:53.697000+00:00,321.67715,6702.2627,0.0013094,15.173713055555556,0.17194473036680258,0.08335468025351836,300-350,storm_recovery,11.056879874143453
100504,2026-09-11 18:20:14.102000+00:00,0.00070898,15.822064,0.00148273,0.0003752,321.6875,326.71695,6702.3394,spacetrack,2026-09-10 10:28:19.064000+00:00,321.78586,6702.3154,0.00084595,31.865288333333332,-0.07408186536102782,0.018076095654965187,300-350,storm_recovery,8.288057508205682
100504,2026-09-12 23:10:03.774000+00:00,0.0011109,15.822479,0.00235254,0.0003577,321.6878,326.48257,6702.222,spacetrack,2026-09-11 18:20:14.102000+00:00,321.6875,6702.3394,0.00070898,28.830464444444445,0.00024973583111819467,-0.09772995525034195,300-350,storm_recovery,7.017641292863899
100504,2026-09-13 15:51:32.799000+00:00,0.0011204,15.822132,0.00237013,0.0005065,320.7885,327.57794,6702.3203,spacetrack,2026-09-12 23:10:03.774000+00:00,321.6878,6702.222,0.0011109,16.691395833333335,-1.2930734023392538,0.14134228338783422,300-350,storm_recovery,7.414933093023227
100505,2026-09-08 20:32:47.820000+00:00,0.00085271,15.821701,0.00178697,0.0003516,321.9483,326.66147,6702.442,spacetrack,2026-09-07 21:47:07.880000+00:00,321.22095,6702.219,0.0012137,22.761094444444446,0.7669402735711072,0.23513807796291075,300-350,storm_main,31.152392105730122
100505,2026-09-09 20:49:30.078000+00:00,0.0012175,15.821846,0.00257763,0.0003669,321.8048,326.72302,6702.401,spacetrack,2026-09-08 20:32:47.820000+00:00,321.9483,6702.442,0.00085271,24.278405,-0.14185445872578592,-0.0405298453503851,300-350,storm_recovery,11.910834958062525
100505,2026-09-10 18:04:06.167000+00:00,0.0014546,15.822515,0.00310897,0.0004267,321.21527,326.93494,6702.212,spacetrack,2026-09-09 20:49:30.078000+00:00,321.8048,6702.401,0.0012175,21.243358055555557,-0.6660302934686178,-0.21352556352545465,300-350,storm_recovery,9.456988549715193
100505,2026-09-11 21:22:53.371000+00:00,0.00089695,15.822141,0.00188581,0.0003552,321.80002,326.56134,6702.318,spacetrack,2026-09-10 18:04:06.167000+00:00,321.21527,6702.212,0.0014546,27.313112222222223,0.5138191461236268,0.0931420769371199,300-350,storm_recovery,8.105884196605448
100505,2026-09-12 20:08:32.664000+00:00,0.00074234,15.822024,0.00155352,0.0003556,321.83032,326.59705,6702.3506,spacetrack,2026-09-11 21:22:53.371000+00:00,321.80002,6702.318,0.00089695,22.760914722222225,0.03194950681348992,0.03437471690121732,300-350,storm_recovery,7.7720594806694265
100505,2026-09-13 20:25:13.810000+00:00,0.0012374,15.8229065,0.00263426,0.0003471,321.63806,326.29065,6702.1016,spacetrack,2026-09-12 20:08:32.664000+00:00,321.83032,6702.3506,0.00074234,24.278096111111108,-0.1900577367715286,-0.24614780222655663,300-350,storm_recovery,6.148397230397871
100506,2026-09-08 20:40:37.446000+00:00,0.0013022,15.821961,0.00276469,0.0003929,321.59796,326.8647,6702.368,spacetrack,2026-09-07 21:54:57.582000+00:00,321.21964,6702.254,0.0011301,22.761073333333332,0.3989126464744649,0.12020522758058422,300-350,storm_main,31.054958377768358
100506,2026-09-09 20:57:19.733000+00:00,0.0014253,15.822065,0.0030374,0.0004222,321.3722,327.03165,6702.339,spacetrack,2026-09-08 20:40:37.446000+00:00,321.59796,6702.368,0.0013022,24.278413055555554,-0.22317109390968512,-0.028667442077791126,300-350,storm_recovery,11.9108359830447
100506,2026-09-10 19:42:58.537000+00:00,0.0012085,15.822193,0.00256275,0.0004723,321.00055,327.33154,6702.303,spacetrack,2026-09-09 20:57:19.733000+00:00,321.3722,6702.339,0.0014253,22.76077888888889,-0.3918846557731535,-0.037960036614703686,300-350,storm_recovery,9.030131230619377
100506,2026-09-11 21:30:43.163000+00:00,0.00082421,15.821958,0.00172804,0.000349,321.89334,326.5716,6702.3696,spacetrack,2026-09-10 19:42:58.537000+00:00,321.00055,6702.303,0.0012085,25.795729444444447,0.8306398175770837,0.06196374494642668,300-350,storm_recovery,8.362581388094968
100506,2026-09-12 23:18:27.319000+00:00,0.00096895,15.822338,0.00204302,0.0003765,321.60153,326.64832,6702.2617,spacetrack,2026-09-11 21:30:43.163000+00:00,321.89334,6702.3696,0.00082421,25.79559888888889,-0.27149747637829,-0.10038921798845198,300-350,storm_recovery,7.313124506294979
100506,2026-09-13 19:02:01.556000+00:00,0.0010884,15.822105,0.00229967,0.0003988,321.51788,326.86365,6702.3276,spacetrack,2026-09-12 23:18:27.319000+00:00,321.60153,6702.2617,0.00096895,19.726176944444443,-0.1017733951010831,0.08017772548856014,300-350,storm_recovery,6.784749880506355
100507,2026-09-09 22:45:50.333000+00:00,0.0012119,15.776181,0.00207363,0.0003893,334.57703,339.8056,6715.328,spacetrack,2026-09-08 22:24:53.455000+00:00,334.52466,6715.31,0.0011313,24.349132777777776,0.0516190868673155,0.017741904976384337,300-350,storm_recovery,11.702472120898488
100507,2026-09-10 20:04:09.071000+00:00,0.00080547,15.775867,0.00136408,0.0003514,334.92044,339.64005,6715.4175,spacetrack,2026-09-09 22:45:50.333000+00:00,334.57703,6715.328,0.0012119,21.305205,0.3868463129080494,0.1008204333156719,300-350,storm_recovery,8.688438758927168
100507,2026-09-11 21:56:23.493000+00:00,0.00091009,15.776088,0.0015464,0.0003677,334.74854,339.687,6715.355,spacetrack,2026-09-10 20:04:09.071000+00:00,334.92044,6715.4175,0.00080547,25.87067277777778,-0.15947014735324663,-0.05798071093413776,300-350,storm_recovery,8.399560014448793
100507,2026-09-12 19:14:42.509000+00:00,0.0011096,15.776188,0.00189455,0.0003758,334.6659,339.71313,6715.3267,spacetrack,2026-09-11 21:56:23.493000+00:00,334.74854,6715.355,0.00091009,21.305282222222225,-0.09309240681780527,-0.03187941811398495,300-350,storm_recovery,7.951152658855493
100507,2026-09-13 19:35:38.659000+00:00,0.0011376,15.776152,0.00194367,0.0004808,333.97095,340.4284,6715.337,spacetrack,2026-09-12 19:14:42.509000+00:00,334.6659,6715.3267,0.0011096,24.348930555555555,-0.6849910702215475,0.010152396609607976,300-350,storm_recovery,6.210029552974892
100508,2026-09-08 22:04:48.869000+00:00,0.00099766,15.821662,0.00209828,0.0003556,321.93262,326.6994,6702.453,spacetrack,2026-09-07 21:48:06.386000+00:00,320.77554,6702.2676,0.0012169,24.278467499999998,1.1438086032407186,0.18327351180659138,300-350,storm_main,30.131508769607844
100508,2026-09-09 19:19:25.800000+00:00,0.0016774,15.822834,0.00361139,0.0003939,321.3451,326.62503,6702.122,spacetrack,2026-09-08 22:04:48.869000+00:00,321.93262,6702.453,0.00099766,21.243591944444443,-0.6637521581507839,-0.37394806023284743,300-350,storm_recovery,11.469523600522097
100508,2026-09-12 23:20:13.532000+00:00,0.00095933,15.776256,0.00163299,0.0003422,334.87228,339.46823,6715.307,spacetrack,2026-09-11 22:59:17.881000+00:00,335.18362,6715.3506,0.00097717,24.348791944444443,-0.3068801120420926,-0.042975438058150524,300-350,storm_recovery,7.328095264502685
100508,2026-09-13 22:09:51.222000+00:00,0.0004933,15.77589,0.00082936,0.0003383,335.00192,339.54556,6715.4106,spacetrack,2026-09-12 23:20:13.532000+00:00,334.87228,6715.307,0.00095933,22.827136111111113,0.13630093520515793,0.10892299357686905,300-350,storm_recovery,6.183181079925707
100509,2026-09-09 22:48:37.639000+00:00,0.0013646,15.776353,0.00234441,0.0003641,334.6977,339.58774,6715.28,spacetrack,2026-09-08 22:27:41.077000+00:00,334.5285,6715.2954,0.0014652,24.349045,0.1667745079940402,-0.015179240089516785,300-350,storm_recovery,11.696734273014266
100509,2026-09-10 20:06:56.377000+00:00,0.00080977,15.775825,0.00137147,0.0004325,334.38812,340.19696,6715.4297,spacetrack,2026-09-09 22:48:37.639000+00:00,334.6977,6715.28,0.0013646,21.305205,-0.3487373155996191,0.16863484768151882,300-350,storm_recovery,8.670988041550306
100509,2026-09-11 20:27:52.610000+00:00,0.00088054,15.775996,0.00149453,0.0003395,334.964,339.52374,6715.381,spacetrack,2026-09-10 20:06:56.377000+00:00,334.38812,6715.4297,0.00080977,24.34895361111111,0.5676268566092567,-0.04800206278480716,300-350,storm_recovery,8.558717461655009
100509,2026-09-12 22:20:07.203000+00:00,0.0011881,15.7759695,0.00203018,0.0004294,334.36795,340.1351,6715.3887,spacetrack,2026-09-11 20:27:52.610000+00:00,334.964,6715.381,0.00088054,25.870720277777774,-0.5529494287906453,0.007143210471857722,300-350,storm_recovery,7.362875059753576
100509,2026-09-13 22:41:02.921000+00:00,0.0012304,15.776461,0.00210874,0.0003714,334.6179,339.606,6715.249,spacetrack,2026-09-12 22:20:07.203000+00:00,334.36795,6715.3887,0.0011881,24.348810555555552,0.24636932413240958,-0.13769871806941839,300-350,storm_recovery,6.025390733779626
100510,2026-09-08 22:21:33.789000+00:00,0.00087177,15.821669,0.00182745,0.0003255,322.13232,326.49564,6702.451,spacetrack,2026-09-07 22:04:51.194000+00:00,321.4995,6702.199,0.0014274,24.27849861111111,0.6255609229908834,0.24910930848260518,300-350,storm_main,29.93605197877706
100510,2026-09-09 19:36:10.845000+00:00,0.001152,15.821605,0.00243161,0.0002737,322.49765,326.16656,6702.469,spacetrack,2026-09-08 22:21:33.789000+00:00,322.13232,6702.451,0.00087177,21.243626666666668,0.4127317871650612,0.02033551082304364,300-350,storm_recovery,11.469529371005077
100510,2026-09-10 19:52:51.963000+00:00,0.0018706,15.822941,0.00404984,0.0003582,321.55405,326.3554,6702.092,spacetrack,2026-09-09 19:36:10.845000+00:00,322.49765,6702.469,0.001152,24.278088333333333,-0.9327917292774254,-0.37268173160022056,300-350,storm_recovery,9.328544023887659
100510,2026-09-11 21:40:36.557000+00:00,0.0010412,15.822215,0.00219798,0.000348,321.8272,326.492,6702.2964,spacetrack,2026-09-10 19:52:51.963000+00:00,321.55405,6702.092,0.0018706,25.795720555555555,0.2541351766422289,0.19017107854954943,300-350,storm_recovery,8.381752543924328
100510,2026-09-12 17:24:10.520000+00:00,0.0014751,15.822688,0.0031565,0.0003438,321.72186,326.33026,6702.163,spacetrack,2026-09-11 21:40:36.557000+00:00,321.8272,6702.2964,0.0010412,19.726100833333334,-0.1281631895406411,-0.16230272911333732,300-350,storm_recovery,8.277198964378316
100511,2026-09-08 22:21:49.633000+00:00,0.0012072,15.821946,0.00255646,0.000373,321.73563,326.7356,6702.3726,spacetrack,2026-09-07 20:34:04.216000+00:00,321.41937,6702.079,0.0016113,25.795949166666666,0.29424154742125347,0.2731591675294729,300-350,storm_main,29.970798095915512
100511,2026-09-09 21:07:29.340000+00:00,0.0012739,15.822175,0.00270506,0.0003497,321.8273,326.5149,6702.308,spacetrack,2026-09-08 22:21:49.633000+00:00,321.73563,6702.3726,0.0012072,22.761029722222222,0.09665995022409564,-0.0681164261421401,300-350,storm_recovery,11.688442881544598
100512,2026-09-08 22:22:03.367000+00:00,0.0012081,15.821995,0.00255887,0.000338,321.95667,326.4875,6702.359,spacetrack,2026-09-07 20:34:18.173000+00:00,321.51993,6702.196,0.0013134,25.795887222222223,0.40633454122756474,0.15165208183423634,300-350,storm_main,29.969030528273056
100512,2026-09-09 21:07:43.015000+00:00,0.0010425,15.822133,0.00220014,0.000368,321.7165,326.6494,6702.32,spacetrack,2026-09-08 22:22:03.367000+00:00,321.95667,6702.359,0.0012081,22.761013333333334,-0.2532435579903648,-0.04112294941830645,300-350,storm_recovery,11.68793982371025
100512,2026-09-10 19:53:21.686000+00:00,0.0010791,15.821902,0.00227762,0.0004621,321.15085,327.34518,6702.3853,spacetrack,2026-09-09 21:07:43.015000+00:00,321.7165,6702.32,0.0010425,22.760741944444444,-0.596448043439714,0.06885540040084191,300-350,storm_recovery,8.963418066665982
100512,2026-09-11 21:41:08.303000+00:00,0.00073401,15.821669,0.0015332,0.0003643,321.87225,326.75565,6702.451,spacetrack,2026-09-10 19:53:21.686000+00:00,321.15085,6702.3853,0.0010791,25.7962825,0.671166475246982,0.06112508653146241,300-350,storm_recovery,8.382682627493582
100512,2026-09-12 23:28:50.665000+00:00,0.0011616,15.822812,0.00246707,0.0003868,321.39886,326.58362,6702.1284,spacetrack,2026-09-11 21:41:08.303000+00:00,321.87225,6702.451,0.00073401,25.795100555555553,-0.44044643189239097,-0.3001500220297685,300-350,storm_recovery,7.292992816616058
100513,2026-09-08 22:27:38.882000+00:00,0.0020421,15.821628,0.004413,0.0003552,321.9448,326.70624,6702.4624,spacetrack,2026-09-07 20:39:53.688000+00:00,321.66818,6702.3003,0.00097571,25.795887222222223,0.25736195629977643,0.15081473905110354,300-350,storm_main,29.92567542582208
100513,2026-09-09 21:13:18.435000+00:00,0.0011427,15.822239,0.00241898,0.0003553,321.7717,326.53436,6702.29,spacetrack,2026-09-08 22:27:38.882000+00:00,321.9448,6702.4624,0.0020421,22.760986944444443,-0.1825228409532328,-0.18178473587759036,300-350,storm_recovery,11.675655467634781
100513,2026-09-10 19:58:57.410000+00:00,0.00077415,15.821762,0.00161991,0.0004689,321.14502,327.43054,6702.425,spacetrack,2026-09-09 21:13:18.435000+00:00,321.7717,6702.29,0.0011427,22.76082638888889,-0.6607985027882258,0.14234984023193917,300-350,storm_recovery,8.930651378052998
100513,2026-09-11 23:17:44.303000+00:00,0.0010832,15.822333,0.00229062,0.000359,321.7202,326.53244,6702.263,spacetrack,2026-09-10 19:58:57.410000+00:00,321.14502,6702.425,0.00077415,27.31302583333333,0.5054115968049457,-0.1423496621623408,300-350,storm_recovery,8.316142776930825
100514,2026-09-08 21:07:47.412000+00:00,0.0012206,15.77596,0.00208698,0.000431,334.35977,340.14844,6715.391,spacetrack,2026-09-07 22:18:09.859000+00:00,334.30774,6715.2705,0.0011425,22.827098055555556,0.054703405442118415,0.1266915309585742,300-350,storm_main,30.720502130308017
100514,2026-09-09 23:00:02.368000+00:00,0.00092482,15.776031,0.00157152,0.000366,334.7762,339.69186,6715.371,spacetrack,2026-09-08 21:07:47.412000+00:00,334.35977,6715.391,0.0012206,25.870821111111113,0.38631630426710284,-0.018553721117977852,300-350,storm_recovery,11.868983284858157
100514,2026-09-10 23:20:58.296000+00:00,0.00097017,15.775995,0.0016499,0.0003479,334.90793,339.5805,6715.3813,spacetrack,2026-09-09 23:00:02.368000+00:00,334.7762,6715.371,0.00092482,24.348868888888887,0.12984258178180938,0.010152422320971924,300-350,storm_recovery,8.79656577248261
100514,2026-09-11 20:39:17.293000+00:00,0.00089378,15.77608,0.00151803,0.0003414,334.9274,339.51266,6715.357,spacetrack,2026-09-10 23:20:58.296000+00:00,334.90793,6715.3813,0.00097017,21.305276944444444,0.021932594503108974,-0.02737350007332423,300-350,storm_recovery,8.327744103355094
100514,2026-09-12 22:31:31.970000+00:00,0.0013571,15.776075,0.00232829,0.0004137,334.44308,339.99936,6715.3584,spacetrack,2026-09-11 20:39:17.293000+00:00,334.9274,6715.357,0.00089378,25.87074361111111,-0.4492982565451671,0.0012987643690322427,300-350,storm_recovery,7.362872026710309
100514,2026-09-13 19:49:50.824000+00:00,0.00066837,15.7761,0.0011295,0.000323,335.04535,339.38348,6715.3516,spacetrack,2026-09-12 22:31:31.970000+00:00,334.44308,6715.3584,0.0013571,21.305237222222225,0.6784472685862805,-0.007660088376414086,300-350,storm_recovery,6.503536128453758
100515,2026-09-08 20:58:40.112000+00:00,0.0010787,15.82132,0.00226997,0.0004025,321.71487,327.1104,6702.55,spacetrack,2026-09-07 22:13:00.543000+00:00,321.72977,6702.315,0.00089666,22.76099138888889,-0.015711090694119696,0.2477923700092966,300-350,storm_main,30.830334291848665
100515,2026-09-09 22:46:25.195000+00:00,0.00083525,15.822002,0.00175222,0.000392,321.59247,326.8471,6702.357,spacetrack,2026-09-08 20:58:40.112000+00:00,321.71487,6702.55,0.0010787,25.79585638888889,-0.113878754623009,-0.17956372256748243,300-350,storm_recovery,11.886283028466146
100515,2026-09-10 20:01:01.197000+00:00,0.00052016,15.821435,0.001079,0.0003827,321.8149,326.94504,6702.517,spacetrack,2026-09-09 22:46:25.195000+00:00,321.59247,6702.357,0.00083525,21.243333888888888,0.2512938895524729,0.18076258745831703,300-350,storm_recovery,8.698446971639548
100515,2026-09-12 22:08:41.702000+00:00,-0.00089004,15.776477,-0.00146791,0.0004018,334.40927,339.80563,6715.2446,spacetrack,2026-09-11 23:20:03.407000+00:00,324.57672,6705.349,-0.0035669,22.8106375,10.345225993793434,10.411563464633375,300-350,storm_recovery,7.507011184292124
100516,2026-09-08 20:59:55.561000+00:00,0.0010247,15.821613,0.00215649,0.0004336,321.4234,327.23578,6702.467,spacetrack,2026-09-07 22:14:15.979000+00:00,321.63535,6702.226,0.0013193,22.760994999999998,-0.22348759357840198,0.25411894339415525,300-350,storm_main,30.81468107806554
100516,2026-09-09 22:47:40.603000+00:00,0.0012089,15.822354,0.00256499,0.0003702,321.63913,326.60147,6702.2573,spacetrack,2026-09-08 20:59:55.561000+00:00,321.4234,6702.467,0.0010247,25.795845,0.2007113936372383,-0.1951011878070406,300-350,storm_recovery,11.883845602525005
100516,2026-09-10 18:31:14.024000+00:00,0.0017213,15.822647,0.00370684,0.0004088,321.298,326.77768,6702.175,spacetrack,2026-09-09 22:47:40.603000+00:00,321.63913,6702.2573,0.0012089,19.725950277777777,-0.41504312262328297,-0.10013205813592288,300-350,storm_recovery,9.051371571016132
100516,2026-09-11 18:47:55.702000+00:00,0.0011291,15.822276,0.00238999,0.0004036,321.43735,326.8474,6702.2793,spacetrack,2026-09-10 18:31:14.024000+00:00,321.298,6702.175,0.0017213,24.278243888888888,0.13775296167652737,0.1031046566405408,300-350,storm_recovery,8.57199460175124
100516,2026-09-12 16:02:32.758000+00:00,0.0016569,15.822373,0.00355728,0.0003674,321.6527,326.5775,6702.252,spacetrack,2026-09-11 18:47:55.702000+00:00,321.43735,6702.2793,0.0011291,21.243626666666668,0.2432917919852991,-0.03084219141460702,300-350,storm_recovery,8.003197481869595
100516,2026-09-13 19:21:19.749000+00:00,0.001038,15.822378,0.00219285,0.0003637,321.6761,326.5513,6702.2505,spacetrack,2026-09-12 16:02:32.758000+00:00,321.6527,6702.252,0.0016569,27.313053055555553,0.020561597374654423,-0.0013180511140262904,300-350,storm_recovery,6.059330219918964
100517,2026-09-08 21:00:45.763000+00:00,0.0010742,15.821688,0.00226437,0.0004407,321.3549,327.26242,6702.446,spacetrack,2026-09-07 20:44:03.846000+00:00,321.12656,6702.243,0.0012598,24.278310277777777,0.22572246327274778,0.20067294404948247,300-350,storm_main,30.82429648539631
100517,2026-09-09 21:17:28.226000+00:00,0.0013789,15.82252,0.0029411,0.0003704,321.59116,326.55615,6702.2104,spacetrack,2026-09-08 21:00:45.763000+00:00,321.3549,6702.446,0.0010742,24.278461944444444,0.2335502147119281,-0.2328977845852924,300-350,storm_recovery,11.874862920052951
100517,2026-09-10 20:03:07.303000+00:00,0.00045294,15.821598,0.00093839,0.0003665,321.87766,326.79056,6702.471,spacetrack,2026-09-09 21:17:28.226000+00:00,321.59116,6702.2104,0.0013789,22.760854722222224,0.3020976182096742,0.27478757174634216,300-350,storm_recovery,8.906257267213299
100517,2026-09-11 20:20:08.415000+00:00,0.0017913,15.815516,0.00373792,0.0007568,320.9785,331.12595,6704.1895,spacetrack,2026-09-10 20:03:07.303000+00:00,321.87766,6702.471,0.00045294,24.28364222222222,-0.8886574675462784,1.6984272632001547,300-350,storm_recovery,8.57097823235193
100517,2026-09-12 20:40:10.952000+00:00,0.00047472,15.776144,0.0007988,0.000422,334.3679,340.03564,6715.339,spacetrack,2026-09-11 20:20:08.415000+00:00,320.9785,6704.1895,0.0017913,24.334038055555556,13.20560111175778,10.996448653079074,300-350,storm_recovery,7.57523892258965
100517,2026-09-13 22:32:25.576000+00:00,0.0010361,15.776302,0.001767,0.0003371,334.8931,339.42053,6715.294,spacetrack,2026-09-12 20:40:10.952000+00:00,334.3679,6715.339,0.00047472,25.870728888888888,0.48722245338101766,-0.04174602132936389,300-350,storm_recovery,5.911796240246806
100518,2026-09-08 21:02:49.804000+00:00,0.001228,15.821963,0.00260185,0.0003581,321.83075,326.631,6702.3677,spacetrack,2026-09-07 22:17:10.167000+00:00,321.7605,6702.352,0.00077577,22.76101027777778,0.07407404062583059,0.016554625449383697,300-350,storm_main,30.778531713534438
100518,2026-09-09 21:19:32.146000+00:00,0.001304,15.8223915,0.00277414,0.0003674,321.64764,326.57245,6702.247,spacetrack,2026-09-08 21:02:49.804000+00:00,321.83075,6702.3677,0.001228,24.278428333333334,-0.18101006950134052,-0.1193157959080289,300-350,storm_recovery,11.870605160671781
100518,2026-09-10 21:36:13.785000+00:00,0.00063837,15.821723,0.00133021,0.0003236,322.1299,326.46774,6702.436,spacetrack,2026-09-09 21:19:32.146000+00:00,321.64764,6702.247,0.001304,24.278233055555553,0.47673321091838694,0.18683402493113227,300-350,storm_recovery,8.78724560302582
100518,2026-09-11 20:22:41.719000+00:00,0.0018788,15.806427,0.00375715,0.0001576,327.56497,329.67896,6706.759,spacetrack,2026-09-10 21:36:13.785000+00:00,322.1299,6702.436,0.00063837,22.774426111111108,5.727550690568685,4.555636198858576,300-350,storm_recovery,8.66178011022939
100518,2026-09-12 22:14:32.255000+00:00,0.00053152,15.775858,0.00089442,0.0003788,334.73935,339.82697,6715.42,spacetrack,2026-09-11 20:22:41.719000+00:00,327.56497,6706.759,0.0018788,25.864037777777774,6.657317835652872,8.036796179543044,300-350,storm_recovery,7.363743926895664
100518,2026-09-13 22:35:28.215000+00:00,0.0010578,15.7763195,0.00180493,0.000349,334.80838,339.49564,6715.289,spacetrack,2026-09-12 22:14:32.255000+00:00,334.73935,6715.42,0.00053152,24.34887777777778,0.06804091815319598,-0.12912299403288757,300-350,storm_recovery,6.029203547596763
100519,2026-09-08 21:03:25.819000+00:00,0.0010891,15.821881,0.00229843,0.0003533,321.886,326.62192,6702.391,spacetrack,2026-09-07 22:17:46.260000+00:00,321.73248,6702.255,0.0011761,22.76098861111111,0.16187697568644782,0.14340326142050486,300-350,storm_main,30.77105851887731
100519,2026-09-09 21:20:08.221000+00:00,0.0012167,15.82236,0.00258223,0.0003937,321.48007,326.75742,6702.256,spacetrack,2026-09-08 21:03:25.819000+00:00,321.886,6702.391,0.0010891,24.278445,-0.4012744638299648,-0.13345170994202515,300-350,storm_recovery,11.869369070657807
100519,2026-09-10 21:36:49.862000+00:00,0.00090289,15.821988,0.00189719,0.0003486,321.8873,326.56018,6702.361,spacetrack,2026-09-09 21:20:08.221000+00:00,321.48007,6702.256,0.0012167,24.278233611111112,0.40256305942811077,0.10379667814203032,300-350,storm_recovery,8.787245676542845
100519,2026-09-11 18:51:26.129000+00:00,0.0010972,15.822426,0.00232201,0.0003381,321.8342,326.36624,6702.2373,spacetrack,2026-09-10 21:36:49.862000+00:00,321.8873,6702.361,0.00090289,21.243407500000004,-0.059990375837743165,-0.13975159117021949,300-350,storm_recovery,8.993982041513611
100519,2026-09-12 16:06:03.088000+00:00,0.0012429,15.822521,0.00264149,0.0003574,321.678,326.46875,6702.2104,spacetrack,2026-09-11 18:51:26.129000+00:00,321.8342,6702.2373,0.0010972,21.24359972222222,-0.17646726774270777,-0.030390329719913362,300-350,storm_recovery,8.005952799456892
100519,2026-09-13 16:22:44.880000+00:00,0.0010942,15.822186,0.0023133,0.0004409,321.21286,327.12296,6702.3047,spacetrack,2026-09-12 16:06:03.088000+00:00,321.678,6702.2104,0.0012429,24.278275555555556,-0.45980860438195226,0.09321914131895886,300-350,storm_recovery,6.426001883348112
100520,2026-09-08 21:04:02.696000+00:00,0.001082,15.82191,0.00228349,0.000398,321.57843,326.9135,6702.383,spacetrack,2026-09-07 22:18:23.120000+00:00,321.79398,6702.3486,0.00079825,22.760993333333335,-0.22728357784028236,0.03627258212760522,300-350,storm_main,30.763407904380664
100520,2026-09-09 21:20:45.240000+00:00,0.00072004,15.821858,0.00150498,0.0004141,321.48508,327.036,6702.3975,spacetrack,2026-09-08 21:04:02.696000+00:00,321.57843,6702.383,0.001082,24.278484444444445,-0.09227923617422125,0.014333678891766444,300-350,storm_recovery,11.868103518817485
100520,2026-09-10 21:37:26.615000+00:00,0.00076494,15.821885,0.00160087,0.0003965,321.5953,326.9103,6702.3896,spacetrack,2026-09-09 21:20:45.240000+00:00,321.48508,6702.3975,0.00072004,24.278159722222224,0.10895718745846161,-0.007809488122654581,300-350,storm_recovery,8.787235898748733
100520,2026-09-11 18:52:03.115000+00:00,0.001606,15.822857,0.00345136,0.000359,321.5725,326.38464,6702.1157,spacetrack,2026-09-10 21:37:26.615000+00:00,321.5953,6702.3896,0.00076494,21.243472222222223,-0.025758500977444677,-0.3094409393736909,300-350,storm_recovery,8.990122194399587
100520,2026-09-12 20:39:47.836000+00:00,0.00073748,15.82197,0.00154282,0.0003757,321.71085,326.74698,6702.3657,spacetrack,2026-09-11 18:52:03.115000+00:00,321.5725,6702.1157,0.001606,25.795755833333335,0.12871884900187475,0.23259640224407713,300-350,storm_recovery,7.372647832539119
100520,2026-09-13 19:25:26.837000+00:00,0.00077159,15.822275,0.00161774,0.0002937,322.17426,326.11118,6702.28,spacetrack,2026-09-12 20:39:47.836000+00:00,321.71085,6702.3657,0.00073748,22.760833611111114,0.488639396518892,-0.09036575879228617,300-350,storm_recovery,6.379164056442426
100521,2026-09-08 21:05:17.659000+00:00,0.0012161,15.822007,0.0025767,0.000381,321.6649,326.7721,6702.3555,spacetrack,2026-09-07 22:19:38.014000+00:00,321.68265,6702.347,0.00074647,22.7610125,-0.01871621484329137,0.008962694431888938,300-350,storm_main,30.747856388687065
100521,2026-09-09 21:22:00.219000+00:00,0.00090928,15.821999,0.00191107,0.0003616,321.79733,326.6445,6702.358,spacetrack,2026-09-08 21:05:17.659000+00:00,321.6649,6702.3555,0.0012161,24.278488888888887,0.13091094814614065,0.002471323494918284,300-350,storm_recovery,11.86553051764159
100521,2026-09-10 23:09:44.375000+00:00,0.0010166,15.822036,0.00214299,0.0003651,321.76324,326.65732,6702.347,spacetrack,2026-09-09 21:22:00.219000+00:00,321.79733,6702.358,0.00090928,25.79559888888889,-0.03171703838022612,-0.01023430396585375,300-350,storm_recovery,8.976228373841034
100521,2026-09-11 20:24:21.453000+00:00,0.00049117,15.821515,0.00101838,0.0003778,321.8253,326.8897,6702.4946,spacetrack,2026-09-10 23:09:44.375000+00:00,321.76324,6702.347,0.0010166,21.243632777777776,0.07011230214630673,0.1667511407799945,300-350,storm_recovery,8.410798749397827
100521,2026-09-12 19:10:00.569000+00:00,0.00093881,15.822707,0.00198123,0.0003363,321.76685,326.27472,6702.1577,spacetrack,2026-09-11 20:24:21.453000+00:00,321.8253,6702.4946,0.00049117,22.760865555555554,-0.06163210254799851,-0.35524132332622277,300-350,storm_recovery,7.82235024356377
100521,2026-09-13 19:26:41.970000+00:00,0.0011443,15.822369,0.00242398,0.000346,321.7973,326.43527,6702.2534,spacetrack,2026-09-12 19:10:00.569000+00:00,321.76685,6702.1577,0.00093881,24.278166944444443,0.03010111931732784,0.09460351785421811,300-350,storm_recovery,6.228752145517667
100522,2026-09-08 22:50:30.868000+00:00,0.00085549,15.775737,0.00144961,0.0003761,334.7918,339.84317,6715.4546,spacetrack,2026-09-07 22:29:34.279000+00:00,334.81598,6715.344,0.0009845,24.349052500000003,-0.023833370928911045,0.10901450888076408,300-350,storm_main,29.605145735251003
100522,2026-09-09 23:11:27.226000+00:00,0.0010659,15.7762165,0.00181817,0.000313,335.07944,339.28323,6715.3184,spacetrack,2026-09-08 22:50:30.868000+00:00,334.7918,6715.4546,0.00085549,24.34898833333333,0.2835173234096263,-0.13424787737579555,300-350,storm_recovery,11.649853077400275
100522,2026-09-10 22:01:04.566000+00:00,0.0011093,15.776038,0.00189241,0.0003094,335.15408,339.30954,6715.3687,spacetrack,2026-09-09 23:11:27.226000+00:00,335.07944,6715.3184,0.0010659,22.82703888888889,0.078475355858487,0.05288465165688698,300-350,storm_recovery,8.582999644427527
100522,2026-09-11 20:50:42.178000+00:00,0.0010928,15.775978,0.00186338,0.0003828,334.67822,339.81952,6715.3857,spacetrack,2026-09-10 22:01:04.566000+00:00,335.15408,6715.3687,0.0011093,22.827114444444444,-0.5003102791548749,0.017873481161571263,300-350,storm_recovery,8.505892334763878
100522,2026-09-12 22:42:56.678000+00:00,0.0010487,15.776031,0.00178666,0.0002759,335.38135,339.08688,6715.371,spacetrack,2026-09-11 20:50:42.178000+00:00,334.67822,6715.3857,0.0010928,25.870694444444446,0.652287090176024,-0.013637051790430614,300-350,storm_recovery,7.362878417772147
100522,2026-09-13 20:01:15.656000+00:00,0.0014286,15.776408,0.00245849,0.0004175,334.3232,339.93045,6715.2637,spacetrack,2026-09-12 22:42:56.678000+00:00,335.38135,6715.371,0.0010487,21.305271666666666,-1.1919866781015132,-0.12087149322864946,300-350,storm_recovery,6.485674424501458
100523,2026-09-08 21:12:19.328000+00:00,0.00083065,15.821898,0.00174148,0.0003873,321.6532,326.84488,6702.386,spacetrack,2026-09-07 20:55:37.303000+00:00,321.54794,6702.18,0.0012541,24.278340277777776,0.10405324132940619,0.2036383024307654,300-350,storm_main,30.72906765032046
100523,2026-09-09 23:00:03.921000+00:00,0.0017874,15.823333,0.00386914,0.0004508,320.82275,326.86526,6701.981,spacetrack,2026-09-08 21:12:19.328000+00:00,321.6532,6702.386,0.00083065,25.795720277777775,-0.7726397939417406,-0.37680669100715897,300-350,storm_recovery,11.859817573313437
100523,2026-09-10 21:45:43.569000+00:00,0.00080119,15.821925,0.00167883,0.0004364,321.31674,327.1666,6702.379,spacetrack,2026-09-09 23:00:03.921000+00:00,320.82275,6701.981,0.0017874,22.761013333333334,0.5208801482769331,0.4196649709797624,300-350,storm_recovery,8.57308754853328
100523,2026-09-11 20:31:21.965000+00:00,0.0011679,15.822809,0.00248076,0.0003379,321.7272,326.2565,6702.129,spacetrack,2026-09-10 21:45:43.569000+00:00,321.31674,6702.379,0.00080119,22.760665555555555,0.43280983923580885,-0.26361267799286675,300-350,storm_recovery,8.60896803496129
100523,2026-09-12 19:17:02.276000+00:00,0.0018923,15.822915,0.00409872,0.0003595,321.55264,326.37146,6702.099,spacetrack,2026-09-11 20:31:21.965000+00:00,321.7272,6702.129,0.0011679,22.7611975,-0.18406061456123515,-0.031632782062274545,300-350,storm_recovery,7.822294499223953
100523,2026-09-13 22:35:49.021000+00:00,0.0014344,15.82282,0.00306782,0.0002742,322.1514,325.82684,6702.126,spacetrack,2026-09-12 19:17:02.276000+00:00,321.55264,6702.099,0.0018923,27.31298472222222,0.5261321728895056,0.023724979404166915,300-350,storm_recovery,5.808775211667995
100524,2026-09-08 21:12:46.190000+00:00,0.0011042,15.821549,0.00232742,0.0003508,321.9964,326.69885,6702.485,spacetrack,2026-09-07 22:27:06.407000+00:00,321.5737,6702.2637,0.0010419,22.761050833333332,0.4457087712814879,0.23334599262893918,300-350,storm_main,30.654802026995842
100524,2026-09-09 19:58:00.095000+00:00,0.0026699,15.834091,0.00625326,0.0008525,315.09723,326.51892,6698.9453,spacetrack,2026-09-08 21:12:46.190000+00:00,321.9964,6702.485,0.0011042,22.7538625,-7.277009782405043,-3.7335551271782785,300-350,storm_recovery,11.703856323294561
100524,2026-09-11 20:31:49.407000+00:00,0.00094389,15.822138,0.00198692,0.0003609,321.7628,326.60052,6702.319,spacetrack,2026-09-09 19:58:00.095000+00:00,315.09723,6698.9453,0.0026699,48.563697777777776,3.294100064867842,1.667270074253959,300-350,storm_recovery,8.867141243454645
100524,2026-09-12 19:17:28.293000+00:00,0.001411,15.822507,0.00301193,0.0004,321.39645,326.7582,6702.2144,spacetrack,2026-09-11 20:31:49.407000+00:00,321.7628,6702.319,0.00094389,22.760801666666666,-0.3862957082428601,-0.1102948848981122,300-350,storm_recovery,7.822360972786474
100524,2026-09-13 22:36:15.512000+00:00,0.0013565,15.8225975,0.00289247,0.000308,321.9874,326.11594,6702.1885,spacetrack,2026-09-12 19:17:28.293000+00:00,321.39645,6702.2144,0.001411,27.313116388888886,0.5192669997103944,-0.022758296458772965,300-350,storm_recovery,5.808497075463916
100525,2026-09-08 21:13:08.761000+00:00,0.0016704,15.822579,0.00359117,0.000377,321.53012,326.5836,6702.194,spacetrack,2026-09-07 22:27:29.403000+00:00,320.95078,6702.164,0.0015458,22.760932777777775,0.6108783034399681,0.03163314996996411,300-350,storm_main,30.65011223300041
100525,2026-09-09 19:58:48.899000+00:00,0.0011858,15.822013,0.00251092,0.0004483,321.21207,327.2214,6702.3535,spacetrack,2026-09-08 21:13:08.761000+00:00,321.53012,6702.194,0.0016704,22.761149444444445,-0.3353609192115641,0.16818131304561174,300-350,storm_recovery,11.704911578254846
100525,2026-09-10 15:41:21.389000+00:00,0.0092013,15.858366,0.0263844,0.0015252,303.76343,324.17703,6692.1074,spacetrack,2026-09-09 19:58:48.899000+00:00,321.21207,6702.3535,0.0011858,19.709025,-21.247492455867242,-12.476842461765973,300-350,storm_recovery,10.236053167408219
100525,2026-09-11 20:32:12.324000+00:00,0.00089463,15.8221,0.00188046,0.0003571,321.79892,326.58572,6702.329,spacetrack,2026-09-10 15:41:21.389000+00:00,303.76343,6692.1074,0.0092013,28.847481944444443,15.004836846196893,8.503979670476605,300-350,storm_recovery,7.92792429841869
100525,2026-09-12 17:46:48.896000+00:00,0.0016597,15.822835,0.00357163,0.0003755,321.46814,326.50143,6702.1216,spacetrack,2026-09-11 20:32:12.324000+00:00,321.79892,6702.329,0.00089463,21.243492222222223,-0.3737012689324042,-0.23431175759213765,300-350,storm_recovery,8.085027451282729
100525,2026-09-13 22:36:38.615000+00:00,0.00074327,15.822086,0.00155597,0.0003548,321.81808,326.57404,6702.333,spacetrack,2026-09-12 17:46:48.896000+00:00,321.46814,6702.1216,0.0016597,28.8304775,0.29130839057383245,0.1759804359806918,300-350,storm_recovery,5.72071464033928
100526,2026-09-09 21:45:43.659000+00:00,0.00065973,15.775784,0.00111312,0.0003359,335.04855,339.56,6715.4414,spacetrack,2026-09-08 21:24:47.233000+00:00,334.6208,6715.408,0.0010537,24.349007222222223,0.42161883259990857,0.03292126010183837,300-350,storm_recovery,11.825891840490964
100526,2026-09-10 20:35:20.778000+00:00,0.00081706,15.775911,0.0013843,0.0003386,334.99402,339.5417,6715.405,spacetrack,2026-09-09 21:45:43.659000+00:00,335.04855,6715.4414,0.00065973,22.8269775,-0.05733216322660299,-0.03827050690346486,300-350,storm_recovery,8.726993751143796
100526,2026-09-11 20:56:16.397000+00:00,0.0012733,15.776699,0.00218635,0.0002874,335.11447,338.97437,6715.1816,spacetrack,2026-09-10 20:35:20.778000+00:00,334.99402,6715.405,0.00081706,24.348783055555558,0.11872461935384261,-0.2201999166760496,300-350,storm_recovery,8.558749394034853
100526,2026-09-12 19:45:54.385000+00:00,0.0010848,15.775992,0.00184988,0.0004702,334.08743,340.4026,6715.382,spacetrack,2026-09-11 20:56:16.397000+00:00,335.11447,6715.1816,0.0012733,22.82721888888889,-1.0798056530661222,0.21069583743003795,300-350,storm_recovery,7.811239574276265
100526,2026-09-13 21:38:09.133000+00:00,0.0011169,15.776323,0.00190821,0.0003298,334.93616,339.36557,6715.288,spacetrack,2026-09-12 19:45:54.385000+00:00,334.08743,6715.382,0.0010848,25.870763333333336,0.7873567446598884,-0.08720268400795372,300-350,storm_recovery,5.946758550310352
100527,2026-09-08 21:20:04.284000+00:00,0.0013536,15.822049,0.00287859,0.0003618,321.7818,326.6316,6702.3438,spacetrack,2026-09-07 22:34:23.176000+00:00,320.9412,6702.6807,0.0023183,22.761418888888887,0.8863419323058161,-0.3552326873590832,300-350,storm_main,30.563934136697295
100527,2026-09-09 20:05:43.803000+00:00,0.0011548,15.82205,0.0024436,0.0004136,321.4343,326.97845,6702.3433,spacetrack,2026-09-08 21:20:04.284000+00:00,321.7818,6702.3438,0.0013536,22.7609775,-0.36641660051723335,-0.0005272181293890761,300-350,storm_recovery,11.704886685995803
100527,2026-09-12 22:37:06.709000+00:00,0.001114,15.776259,0.0019029,0.0003925,334.5334,339.8049,6715.306,spacetrack,2026-09-11 22:16:10.593000+00:00,334.52908,6715.307,0.0011537,24.34892111111111,0.00425809420982892,-0.0009856699561911,300-350,storm_recovery,7.416626639035661
100527,2026-09-13 22:58:02.624000+00:00,0.00069821,15.776021,0.0011804,0.0003558,334.84747,339.62616,6715.374,spacetrack,2026-09-12 22:37:06.709000+00:00,334.5334,6715.306,0.001114,24.348865277777776,0.3095700729380477,0.06702571070096332,300-350,storm_recovery,6.01375316200852
100528,2026-09-08 21:33:39.602000+00:00,0.0013167,15.776056,0.0022568,0.0004032,334.5191,339.93436,6715.364,spacetrack,2026-09-07 21:12:43.219000+00:00,334.54474,6715.3076,0.0011435,24.348995277777778,-0.02527250069171635,0.05559161618561756,300-350,storm_main,30.499444883551725
100528,2026-09-09 20:23:17.658000+00:00,0.00078423,15.775849,0.00132737,0.0003476,334.9511,339.6197,6715.4224,spacetrack,2026-09-08 21:33:39.602000+00:00,334.5191,6715.364,0.0013167,22.82723777777778,0.4541942437772124,0.061400332955908285,300-350,storm_recovery,11.714451361565429
100528,2026-09-10 20:44:13.496000+00:00,0.00076164,15.77587,0.00128855,0.0003268,335.0849,339.4741,6715.4165,spacetrack,2026-09-09 20:23:17.658000+00:00,334.9511,6715.4224,0.00078423,24.34884388888889,0.13188305837656453,-0.00581547118412758,300-350,storm_recovery,8.958320768093053
100528,2026-09-11 19:33:51.144000+00:00,0.00081566,15.775967,0.00138231,0.0003675,334.78436,339.72018,6715.389,spacetrack,2026-09-10 20:44:13.496000+00:00,335.0849,6715.4165,0.00076164,22.827124444444443,-0.3159819808909724,-0.02891297156633849,300-350,storm_recovery,8.862636127040288
100528,2026-09-12 19:54:46.971000+00:00,0.0010558,15.775999,0.00179938,0.000473,334.06674,340.4195,6715.38,spacetrack,2026-09-11 19:33:51.144000+00:00,334.78436,6715.389,0.00081566,24.348840833333334,-0.7073388058959381,-0.008871058851583903,300-350,storm_recovery,7.573065370771072
100528,2026-09-13 20:15:43.458000+00:00,0.0014003,15.776275,0.00240669,0.0003558,334.7755,339.55414,6715.302,spacetrack,2026-09-12 19:54:46.971000+00:00,334.06674,6715.38,0.0010558,24.349024166666666,0.6986004812171347,-0.0768819311688488,300-350,storm_recovery,6.155152350561346
100534,2026-09-10 05:00:58.708000+00:00,-0.002139,15.896679,-0.00632576,0.0005038,299.8473,306.5794,6681.3506,spacetrack,2026-09-09 21:27:56.539000+00:00,297.31207,6678.0327,-0.0023098,7.5506025,8.05836620322687,10.546125292650515,250-300,storm_recovery,11.999999999999998
100534,2026-09-11 21:53:28.818000+00:00,-0.0032757,15.829032,-0.00649064,0.0005362,318.64264,325.82812,6700.3726,spacetrack,2026-09-10 05:00:58.708000+00:00,299.8473,6681.3506,-0.002139,40.875030555555554,11.0357877136483,11.168872384804839,250-300,storm_recovery,8.001062520442561
100534,2026-09-13 22:26:52.738000+00:00,0.0011805,15.822678,0.0025066,0.0002977,322.0339,326.02438,6702.166,spacetrack,2026-09-12 23:41:13.958000+00:00,321.80154,6702.0767,0.0009199,22.760772222222222,0.24501101920241486,0.09416200729431656,300-350,storm_recovery,6.177079790546063
100535,2026-09-11 21:55:30.546000+00:00,-0.0019747,15.826064,-0.00396713,0.0004244,320.2289,325.9169,6701.21,spacetrack,2026-09-10 03:31:46.651000+00:00,301.4819,6681.883,-0.0027839,42.39552638888889,10.612629169239858,10.940965698719847,300-350,storm_recovery,8.140494710870799
100535,2026-09-13 22:28:55.135000+00:00,0.00072563,15.822106,0.00151848,0.0003584,321.78824,326.59247,6702.327,spacetrack,2026-09-12 23:43:15.800000+00:00,321.71545,6702.256,0.0010714,22.76092638888889,0.07675258775287595,0.07486514260815585,300-350,storm_recovery,6.175571293079203
100536,2026-09-11 20:24:47.427000+00:00,-0.0031849,15.829857,-0.00633842,0.000321,319.85175,324.15323,6700.1396,spacetrack,2026-09-10 02:01:47.359000+00:00,298.32425,6680.439,-0.001638,42.38335222222222,12.190163658860067,11.155663136812933,250-300,storm_recovery,8.35929238149245
100536,2026-09-13 22:29:13.128000+00:00,0.0012543,15.822482,0.00266599,0.0003411,321.79816,326.37042,6702.221,spacetrack,2026-09-12 23:43:33.762000+00:00,321.92804,6702.333,0.00072139,22.760935,-0.13695043722941702,-0.11809708168851239,300-350,storm_recovery,6.175350880796417
100537,2026-09-13 22:35:10.639000+00:00,0.00091862,15.822214,0.00193306,0.0003337,321.92343,326.39655,6702.297,spacetrack,2026-09-12 23:49:31.197000+00:00,321.76224,6702.211,0.00099378,22.76095611111111,0.1699647405458041,0.09068160361577964,300-350,storm_recovery,6.170985750671819
100538,2026-09-13 22:35:29.753000+00:00,0.00074251,15.822062,0.0015545,0.0004439,321.2279,327.17822,6702.34,spacetrack,2026-09-12 20:47:45.080000+00:00,321.76163,6702.287,0.00098666,25.7957425,-0.49657496774908333,0.04931046276327211,300-350,storm_recovery,5.915370412169546
100539,2026-09-11 22:07:06.989000+00:00,0.0008633,15.821893,0.0018113,0.0003484,321.91565,326.58588,6702.3877,spacetrack,2026-09-10 18:48:46.612000+00:00,310.6492,6691.0356,0.0014128,27.305660277777775,9.902518278236123,9.977799373038067,300-350,storm_recovery,8.187989706285663
100539,2026-09-12 20:52:46.097000+00:00,0.00092065,15.82209,0.00193657,0.0004056,321.47668,326.9136,6702.332,spacetrack,2026-09-11 22:07:06.989000+00:00,321.91565,6702.3877,0.0008633,22.760863333333333,-0.46286820696172915,-0.05873239430419866,300-350,storm_recovery,7.674912265337329
100539,2026-09-13 22:40:30.424000+00:00,0.0008161,15.82206,0.00171182,0.0004326,321.30414,327.103,6702.3403,spacetrack,2026-09-12 20:52:46.097000+00:00,321.47668,6702.332,0.00092065,25.79564638888889,-0.16052941405581245,0.007722233317401888,300-350,storm_recovery,5.91213980369448
100540,2026-09-12 22:25:49.240000+00:00,0.0010959,15.822347,0.00231851,0.000376,321.60257,326.64267,6702.26,spacetrack,2026-09-11 22:09:07.588000+00:00,321.94696,6702.2915,0.001088,24.27823666666667,-0.34044317606259783,-0.031138999523766444,300-350,storm_recovery,7.441093264461409
100540,2026-09-13 22:42:31.172000+00:00,0.0009724,15.822255,0.00204964,0.0003693,321.67337,326.6237,6702.2856,spacetrack,2026-09-12 22:25:49.240000+00:00,321.60257,6702.26,0.0010959,24.278314444444444,0.06998838423842615,0.025306534413848485,300-350,storm_recovery,6.030262077044246
100541,2026-09-11 19:10:11.955000+00:00,0.0010668,15.821852,0.00224962,0.0003085,322.19476,326.33014,6702.3994,spacetrack,2026-09-10 11:19:17.063000+00:00,308.7008,6691.0864,0.00151,31.848581111111113,10.168586125396171,8.52508936121111,300-350,storm_recovery,8.156950276487112
100541,2026-09-12 22:28:59.017000+00:00,0.00094243,15.822139,0.00198382,0.0003681,321.7141,326.64838,6702.3184,spacetrack,2026-09-11 19:10:11.955000+00:00,322.19476,6702.3994,0.0010668,27.31307277777778,-0.4223559939175242,-0.0711747087491673,300-350,storm_recovery,7.18528789154709
100541,2026-09-13 22:45:40.804000+00:00,0.0010223,15.822255,0.00215779,0.0004067,321.4227,326.87433,6702.2856,spacetrack,2026-09-12 22:28:59.017000+00:00,321.7141,6702.3184,0.00094243,24.278274166666666,-0.2880600141504654,-0.03242405100934436,300-350,storm_recovery,6.0280957871033
100542,2026-09-10 03:46:35.619000+00:00,-0.0034655,15.865585,-0.00804161,0.0004611,308.85522,315.0248,6690.077,spacetrack,2026-09-09 21:43:27.621000+00:00,306.28052,6687.3257,-0.0030434,6.052221666666666,10.20993668165362,10.91024150084792,300-350,storm_recovery,12.000000000000002
100542,2026-09-12 17:57:34.590000+00:00,0.00081684,15.822069,0.00171326,0.0003747,321.68964,326.71237,6702.338,spacetrack,2026-09-11 19:11:55.163000+00:00,321.2263,6702.3096,0.00092689,22.760951944444443,0.48856304547994256,0.02994602342060189,300-350,storm_recovery,7.820561132310579
100542,2026-09-13 21:16:21.136000+00:00,0.0014466,15.822881,0.00309629,0.0003832,321.40356,326.54007,6702.109,spacetrack,2026-09-12 17:57:34.590000+00:00,321.68964,6702.338,0.00081684,27.312929444444446,-0.2513798460895535,-0.2012233807129224,300-350,storm_recovery,5.858748033313404
100543,2026-09-11 22:16:59.223000+00:00,0.0010175,15.822343,0.00214842,0.000416,321.3356,326.91187,6702.2607,spacetrack,2026-09-10 09:52:14.904000+00:00,309.90973,6691.316,0.0017402,36.41231083333333,7.530993604200652,7.213845921570536,300-350,storm_recovery,7.940846265524711
100543,2026-09-12 21:02:38.801000+00:00,0.00080143,15.82206,0.00168013,0.0003654,321.75473,326.6528,6702.341,spacetrack,2026-09-11 22:16:59.223000+00:00,321.3356,6702.2607,0.0010175,22.760993888888887,0.44194555163561644,0.08467117075030754,300-350,storm_recovery,7.653208111469648
100543,2026-09-13 22:50:23.154000+00:00,0.00066195,15.8220215,0.00138235,0.0003758,321.6958,326.73328,6702.3516,spacetrack,2026-09-12 21:02:38.801000+00:00,321.75473,6702.341,0.00080143,25.795653611111113,-0.05482784120617158,0.009862126535965379,300-350,storm_recovery,5.905756517788909
100544,2026-09-11 20:48:54.564000+00:00,0.00069072,15.821609,0.00144086,0.0004128,321.56427,327.0978,6702.4683,spacetrack,2026-09-10 11:25:46.694000+00:00,311.01425,6692.4604,0.001793,33.38551944444444,7.584140795572811,7.194424528865058,300-350,storm_recovery,7.949371346709115
100544,2026-09-12 22:36:38.131000+00:00,0.00078037,15.822081,0.00163512,0.0003311,321.97867,326.41693,6702.335,spacetrack,2026-09-11 20:48:54.564000+00:00,321.56427,6702.4683,0.00069072,25.795435277777777,0.38555658754740757,-0.12402194285769881,300-350,storm_recovery,7.372689743869089
100544,2026-09-13 22:53:19.984000+00:00,0.00088597,15.822159,0.00186232,0.0003497,321.8319,326.5195,6702.3125,spacetrack,2026-09-12 22:36:38.131000+00:00,321.97867,6702.335,0.00078037,24.2782925,-0.14508763332512314,-0.022242091366222447,300-350,storm_recovery,6.022840591262979
100545,2026-09-11 17:44:04.057000+00:00,0.0012562,15.821633,0.00265943,0.0003585,321.92108,326.72675,6702.461,spacetrack,2026-09-10 18:58:17.186000+00:00,315.6332,6695.679,0.0016145,22.76301972222222,6.629573836931523,7.150545137959121,300-350,storm_recovery,8.85299937809706
100545,2026-09-12 21:02:51.033000+00:00,0.00072262,15.821982,0.0015112,0.0003715,321.73566,326.7155,6702.363,spacetrack,2026-09-11 17:44:04.057000+00:00,321.92108,6702.461,0.0012562,27.313048888888886,-0.1629287165304656,-0.08611268590214988,300-350,storm_recovery,7.20473484306077
100545,2026-09-13 22:50:35.479000+00:00,0.0007679,15.82206,0.00160835,0.0003484,321.86862,326.53882,6702.341,spacetrack,2026-09-12 21:02:51.033000+00:00,321.73566,6702.363,0.00072262,25.795679444444442,0.12370443689506536,-0.0204685440108515,300-350,storm_recovery,5.905621888919684
100546,2026-09-11 22:20:06.468000+00:00,0.0007222,15.821789,0.00150881,0.0003339,322.0421,326.51797,6702.417,spacetrack,2026-09-10 11:25:43.196000+00:00,309.00143,6689.8726,0.0019002,34.906464444444445,8.966135212522541,8.624923915717066,300-350,storm_recovery,7.892174827343347
100546,2026-09-12 22:36:48.309000+00:00,0.0010197,15.822244,0.00215198,0.0003962,321.49628,326.8072,6702.2886,spacetrack,2026-09-11 22:20:06.468000+00:00,322.0421,6702.417,0.0007222,24.278289166666667,-0.5395635545022365,-0.12692821882372168,300-350,storm_recovery,7.418470281421189
100546,2026-09-13 22:53:30.258000+00:00,0.00081792,15.82207,0.00171618,0.0005043,320.82056,327.58054,6702.3374,spacetrack,2026-09-12 22:36:48.309000+00:00,321.49628,6702.2886,0.0010197,24.278319166666666,-0.6679737542237312,0.04824057184401852,300-350,storm_recovery,6.022720820562022
100547,2026-09-12 22:39:39.385000+00:00,0.00085944,15.822085,0.00180466,0.0003448,321.88547,326.5074,6702.3335,spacetrack,2026-09-11 20:51:55.104000+00:00,322.20206,6702.3794,0.0011652,25.79563361111111,-0.2945521755560856,-0.042704901791103214,300-350,storm_recovery,7.372663812472743
100547,2026-09-13 22:56:21.129000+00:00,0.0011183,15.822332,0.00236704,0.0003817,321.56845,326.68497,6702.2637,spacetrack,2026-09-12 22:39:39.385000+00:00,321.88547,6702.3335,0.00085944,24.278262222222224,-0.31338651549105445,-0.06899999615499551,300-350,storm_recovery,6.020770558079481
100548,2026-09-12 21:11:00.917000+00:00,0.00088579,15.822144,0.00186174,0.0003333,321.94604,326.41382,6702.317,spacetrack,2026-09-11 22:25:21.435000+00:00,321.4644,6702.2783,0.0010116,22.760967222222224,0.5078589098231965,0.04080670170706481,300-350,storm_recovery,7.6348252116116635
100549,2026-09-11 22:30:00.684000+00:00,0.00098989,15.822122,0.00208604,0.0003502,321.83905,326.53336,6702.323,spacetrack,2026-09-10 11:35:16.579000+00:00,315.1726,6695.619,0.001749,34.91225138888889,4.582769475901506,4.608582763906817,300-350,storm_recovery,7.882902750510893
100549,2026-09-12 22:46:42.517000+00:00,0.00082091,15.8220825,0.0017223,0.0004276,321.3312,327.06302,6702.334,spacetrack,2026-09-11 22:30:00.684000+00:00,321.83905,6702.323,0.00098989,24.278286944444446,-0.5020288304479464,0.0108739138223552,300-350,storm_recovery,7.398074591868113
100549,2026-09-13 23:03:24.114000+00:00,0.0011327,15.822453,0.00239995,0.0004058,321.37305,326.8126,6702.23,spacetrack,2026-09-12 22:46:42.517000+00:00,321.3312,6702.334,0.00082091,24.278221388888888,0.04137041111498253,-0.10280819010690687,300-350,storm_recovery,6.0159343999172
100550,2026-09-11 22:30:12.920000+00:00,0.0012909,15.8224125,0.00274556,0.00035,321.75818,326.44974,6702.2407,spacetrack,2026-09-10 11:36:13.944000+00:00,318.43933,6699.7983,0.0017736,34.89971555555555,2.2823223264729555,1.67960108175342,300-350,storm_recovery,7.882306713483561
100550,2026-09-12 22:46:54.837000+00:00,0.00097218,15.822172,0.00204826,0.0003477,321.8415,326.5023,6702.309,spacetrack,2026-09-11 22:30:12.920000+00:00,321.75818,6702.2407,0.0012909,24.278310277777777,0.0823648753608147,0.06751705457435309,300-350,storm_recovery,7.397651335267624
100550,2026-09-13 23:03:36.502000+00:00,0.001007,15.822307,0.00212508,0.0003958,321.4811,326.78665,6702.271,spacetrack,2026-09-12 22:46:54.837000+00:00,321.8415,6702.309,0.00097218,24.278240277777776,-0.3562696431469288,-0.03756450177511188,300-350,storm_recovery,6.015791095055226
100551,2026-09-11 22:32:11.923000+00:00,0.0010237,15.822204,0.00216019,0.0003724,321.66696,326.65884,6702.3,spacetrack,2026-09-10 11:38:14.156000+00:00,321.1901,6701.5703,0.0011316,34.89937972222222,0.32793247590912583,0.5018083455748497,300-350,storm_recovery,7.880401575427555
100552,2026-09-10 02:27:51.847000+00:00,-0.0024154,15.844625,-0.00522622,0.0005047,314.459,321.21796,6695.9756,spacetrack,2026-09-09 21:55:06.915000+00:00,313.46848,6694.171,-0.0033357,4.545814444444445,5.229531537314076,9.527533631056654,300-350,storm_recovery,12.000000000000002
100552,2026-09-12 22:44:29.460000+00:00,0.00071158,15.821949,0.00148742,0.0003627,321.80392,326.66583,6702.372,spacetrack,2026-09-11 20:56:44.977000+00:00,321.72894,6702.3633,0.00077673,25.79568972222222,0.06976049174794274,0.008094375543203195,300-350,storm_recovery,7.372656476211686
100552,2026-09-13 23:01:11.242000+00:00,0.00097096,15.822152,0.00204558,0.0003824,321.61444,326.74036,6702.3145,spacetrack,2026-09-12 22:44:29.460000+00:00,321.80392,6702.372,0.00071158,24.27827277777778,-0.1873082175830268,-0.05684094633208474,300-350,storm_recovery,6.017450376469441
100553,2026-09-11 21:02:04+00:00,0.0016271,15.822956,0.00350071,0.000405,321.2362,326.6649,6702.0874,spacetrack,2026-09-10 19:14:20.232000+00:00,321.55862,6702.3667,0.00092955,25.79549111111111,-0.29997800649228373,-0.2598593673254163,300-350,storm_recovery,8.307083468764695
100553,2026-09-12 22:49:49.057000+00:00,0.00086825,15.822189,0.00182445,0.0003423,321.8729,326.46127,6702.304,spacetrack,2026-09-11 21:02:04+00:00,321.2362,6702.0874,0.0016271,25.795849166666667,0.592374373926262,0.20152079376829407,300-350,storm_recovery,7.368629817348844
100554,2026-09-11 22:34:33.960000+00:00,0.0011106,15.822332,0.00235023,0.0003667,321.669,326.58444,6702.2637,spacetrack,2026-09-10 20:46:49.969000+00:00,321.12015,6702.3745,0.0016899,25.795553055555555,0.5106461556234048,-0.10308753583457728,300-350,storm_recovery,8.486366303166962
100555,2026-09-11 21:04:48.101000+00:00,0.00083602,15.822028,0.00175407,0.0003854,321.6293,326.79547,6702.3496,spacetrack,2026-09-10 20:48:06.371000+00:00,322.06473,6702.441,0.00065867,24.278258333333333,-0.430439443246715,-0.09035244496901262,300-350,storm_recovery,8.58188073622799
100555,2026-09-12 22:52:32.458000+00:00,0.0010932,15.822309,0.00231218,0.0003797,321.5884,326.6781,6702.27,spacetrack,2026-09-11 21:04:48.101000+00:00,321.6293,6702.3496,0.00083602,25.795654722222224,-0.038052920562427345,-0.07405898476122338,300-350,storm_recovery,7.363353896910091
100555,2026-09-13 23:09:14.266000+00:00,0.00068367,15.822072,0.00142882,0.0003564,321.81137,326.5888,6702.337,spacetrack,2026-09-12 22:52:32.458000+00:00,321.5884,6702.27,0.0010932,24.278280000000002,0.2204142962351851,0.0662320395019818,300-350,storm_recovery,6.011923300259418
100556,2026-09-11 19:34:53.641000+00:00,0.0016027,15.821859,0.0034275,0.0003783,321.72458,326.79562,6702.397,spacetrack,2026-09-10 19:18:12.150000+00:00,321.48895,6702.494,0.0016195,24.278191944444444,0.23293003090761077,-0.09588852437286942,300-350,storm_recovery,8.57200438376961
100556,2026-09-12 22:53:40.722000+00:00,0.00090328,15.822189,0.00190017,0.0004257,321.3139,327.02023,6702.304,spacetrack,2026-09-11 19:34:53.641000+00:00,321.72458,6702.397,0.0016027,27.313078055555557,-0.3608644906279803,-0.08171909425427566,300-350,storm_recovery,7.185287276045548
100556,2026-09-13 23:10:22.551000+00:00,0.00099346,15.822269,0.00209565,0.0004356,321.2248,327.0638,6702.2812,spacetrack,2026-09-12 22:53:40.722000+00:00,321.3139,6702.304,0.00090328,24.27828583333333,-0.0880787059959319,-0.022538658773113222,300-350,storm_recovery,6.011141540298888
100557,2026-09-11 22:40:19.742000+00:00,0.0017478,15.823118,0.00377514,0.0003778,321.37265,326.4367,6702.0415,spacetrack,2026-09-10 22:23:38.348000+00:00,321.17615,6702.3257,0.00053865,24.278165,0.19424861804837185,-0.28094380279569425,300-350,storm_recovery,8.31929543366322
100557,2026-09-12 22:57:02.181000+00:00,0.001035,15.822269,0.00218539,0.0003773,321.6155,326.67307,6702.2812,spacetrack,2026-09-11 22:40:19.742000+00:00,321.37265,6702.0415,0.0017478,24.278455277777777,0.24006469659271076,0.23695082467901488,300-350,storm_recovery,7.3768024940356645
100557,2026-09-13 23:13:43.819000+00:00,0.0014817,15.822833,0.00317359,0.0003665,321.5289,326.44156,6702.122,spacetrack,2026-09-12 22:57:02.181000+00:00,321.6155,6702.2812,0.001035,24.27823277777778,-0.08560754891113034,-0.1573755402616685,300-350,storm_recovery,6.008843140903149
100558,2026-09-13 21:56:45.331000+00:00,0.0010696,15.776255,0.0018251,0.000369,334.69263,339.64853,6715.3076,spacetrack,2026-09-12 23:07:07.800000+00:00,334.6853,6715.3594,0.00091138,22.827091944444444,0.007706632120671956,-0.05446160216246905,300-350,storm_recovery,6.192748635877122
100559,2026-09-11 19:40:02.567000+00:00,0.0018845,15.823231,0.00408741,0.0004029,321.1728,326.57327,6702.0103,spacetrack,2026-09-10 08:46:01.974000+00:00,320.8911,6702.286,0.0011506,34.90016472222222,0.1937182833895098,-0.18959222836533668,300-350,storm_recovery,8.146065101746217
100559,2026-09-12 21:27:47.239000+00:00,0.00066776,15.821922,0.00139414,0.0004061,321.52054,326.9642,6702.3794,spacetrack,2026-09-11 19:40:02.567000+00:00,321.1728,6702.0103,0.0018845,25.795742222222223,0.3235324623770697,0.3434055094707107,300-350,storm_recovery,7.3726496121151435
100559,2026-09-13 18:42:23.647000+00:00,0.00096335,15.822274,0.0020305,0.0004223,321.31262,326.97336,6702.28,spacetrack,2026-09-12 21:27:47.239000+00:00,321.52054,6702.3794,0.00066776,21.243446666666667,-0.23489973535368086,-0.11229816128400219,300-350,storm_recovery,6.6166593232255355
100560,2026-09-11 22:43:46.254000+00:00,0.0010342,15.822405,0.00218492,0.0003487,321.76904,326.44318,6702.243,spacetrack,2026-09-10 02:43:30.526000+00:00,321.7232,6702.1953,0.00078663,44.00436888888889,0.02500115392582645,0.026015598653226297,300-350,storm_recovery,8.190206126502792
100560,2026-09-12 21:29:25.740000+00:00,0.0015795,15.822971,0.00339486,0.0004956,320.62454,327.26764,6702.083,spacetrack,2026-09-11 22:43:46.254000+00:00,321.76904,6702.243,0.0010342,22.760968333333334,-1.2068027861439043,-0.1687098696233707,300-350,storm_recovery,7.594374975698528
100560,2026-09-13 17:12:59.761000+00:00,0.0011407,15.822435,0.00241686,0.0003325,321.86893,326.32593,6702.2344,spacetrack,2026-09-12 21:29:25.740000+00:00,320.62454,6702.083,0.0015795,19.726116944444442,1.5140009604581601,0.18420249713864362,300-350,storm_recovery,6.889570216000021
100615,2026-09-11 22:26:33.853000+00:00,-0.00038365,16.001362,-0.0020003,0.0006465,269.74078,278.34204,6652.178,spacetrack,2026-09-10 13:28:53.139000+00:00,255.27045,6636.5996,-0.0015199,32.961309444444446,10.536229471870502,11.343044505867613,250-300,storm_recovery,7.820269141478451
100615,2026-09-12 22:29:44.235000+00:00,-0.0016116,15.95349,-0.00639634,0.0002725,285.5257,289.1584,6665.479,spacetrack,2026-09-11 22:26:33.853000+00:00,269.74078,6652.178,-0.00038365,24.05288388888889,15.75021447532129,13.271755747653742,250-300,storm_recovery,7.4370842826400745
100615,2026-09-13 22:37:12.078000+00:00,-0.0020538,15.905304,-0.00634013,0.0003287,298.60233,302.99304,6678.9346,spacetrack,2026-09-12 22:29:44.235000+00:00,285.5257,6665.479,-0.0016116,24.124400833333333,13.00919853588076,13.386214324285998,250-300,storm_recovery,6.046889316525686
100616,2026-09-11 22:28:02.272000+00:00,-0.0018418,15.991425,-0.00899204,0.0004845,273.57257,280.0212,6654.934,spacetrack,2026-09-10 13:29:32.841000+00:00,257.219,6638.2256,-0.001506,32.97484194444444,11.902579568425352,12.160834634950259,250-300,storm_recovery,7.819263618574668
100616,2026-09-12 18:00:47.672000+00:00,-0.0016063,15.9552555,-0.00644206,0.0005088,283.45923,290.24152,6664.9873,spacetrack,2026-09-11 22:28:02.272000+00:00,273.57257,6654.934,-0.0018418,19.545944444444444,12.139594516623234,12.344207806677199,250-300,storm_recovery,8.225843724330424
100616,2026-09-13 22:39:59.549000+00:00,-0.0021081,15.897662,-0.00626596,0.000514,299.50366,306.3718,6681.0747,spacetrack,2026-09-12 18:00:47.672000+00:00,283.45923,6664.9873,-0.0016063,28.653299166666663,13.438812674247345,13.474804341175776,250-300,storm_recovery,5.721737462906273
100617,2026-09-12 22:33:09.207000+00:00,-0.0015308,15.942477,-0.00573862,0.0005469,286.7642,294.05826,6668.5483,spacetrack,2026-09-11 22:29:00.446000+00:00,275.4645,6656.0464,-0.0021521,24.06910027777778,11.267259551466669,12.466008140612855,250-300,storm_recovery,7.42969314933424
100617,2026-09-13 22:41:38.674000+00:00,-0.0021291,15.893929,-0.0062113,0.0005287,300.4512,307.51688,6682.121,spacetrack,2026-09-12 22:33:09.207000+00:00,286.7642,6668.5483,-0.0015308,24.141518611111113,13.606766222602609,13.493136254074313,250-300,storm_recovery,6.04237043589279
100618,2026-09-11 23:59:54.272000+00:00,-0.0024162,15.982863,-0.01121724,0.0003572,276.79495,281.55093,6657.31,spacetrack,2026-09-10 13:30:37.413000+00:00,258.4014,6639.704,-0.0015962,34.48801638888889,12.79995912267719,12.251907886942103,250-300,storm_recovery,7.782277956951216
100618,2026-09-12 21:03:39.522000+00:00,-0.003084,15.941448,-0.01143794,0.0003804,288.16138,293.23505,6668.8354,spacetrack,2026-09-11 23:59:54.272000+00:00,276.79495,6657.31,-0.0024162,21.062569444444446,12.951616407463254,13.132756700438968,250-300,storm_recovery,7.703478511445727
100618,2026-09-13 22:42:40.183000+00:00,-0.0022059,15.892267,-0.00637751,0.0003854,301.8741,307.02505,6682.5864,spacetrack,2026-09-12 21:03:39.522000+00:00,288.16138,6668.8354,-0.003084,25.65018361111111,12.830523359584777,12.86634064705274,250-300,storm_recovery,5.921578371634138
100619,2026-09-11 10:30:22.604000+00:00,-0.0017905,16.002253,-0.00928912,0.0004319,270.92166,276.6676,6651.9316,spacetrack,2026-09-10 13:31:18.058000+00:00,260.0299,6641.4746,-0.0016482,20.984596111111113,12.456863054018458,11.959629752755795,250-300,storm_recovery,8.214606597807867
100619,2026-09-12 18:04:56.325000+00:00,-0.0030025,15.940059,-0.01105712,0.0003692,288.6235,293.54807,6669.2227,spacetrack,2026-09-11 10:30:22.604000+00:00,270.92166,6651.9316,-0.0017905,31.57603361111111,13.454639845914787,13.142448640350498,250-300,storm_recovery,7.798759855850941
100619,2026-09-13 12:10:52.362000+00:00,-0.0034821,15.904351,-0.01066134,0.0002693,299.26556,302.863,6679.201,spacetrack,2026-09-12 18:04:56.325000+00:00,288.6235,6669.2227,-0.0030025,18.098899166666666,14.111877062136259,13.231699773268586,250-300,storm_recovery,6.993619179140683
100620,2026-09-12 22:36:37.386000+00:00,-0.0025426,15.932577,-0.00901778,0.0003977,290.52042,295.82675,6671.3105,spacetrack,2026-09-11 22:31:41.121000+00:00,275.09824,6658.3833,-0.0015184,24.082295833333333,15.369478166100953,12.883024199484588,250-300,storm_recovery,7.4222539690723695
100620,2026-09-13 22:45:55.876000+00:00,-0.0022371,15.884865,-0.00585279,0.0005074,303.13376,309.91736,6684.6626,spacetrack,2026-09-12 22:36:37.386000+00:00,290.52042,6671.3105,-0.0025426,24.155136111111112,12.532330954688833,13.2663462762521,250-300,storm_recovery,6.038261289955702
100621,2026-09-12 22:38:49.067000+00:00,-0.0019361,15.926757,-0.00667218,0.0003599,292.39725,297.20044,6672.936,spacetrack,2026-09-11 18:02:42.597000+00:00,275.76248,6657.122,-0.00041834,28.601797222222224,13.958370409318686,13.26965564615304,250-300,storm_recovery,7.041766897515278
100621,2026-09-13 22:48:45.692000+00:00,-0.0023033,15.877935,-0.00582622,0.0005788,304.6001,312.3405,6686.6074,spacetrack,2026-09-12 22:38:49.067000+00:00,292.39725,6672.936,-0.0019361,24.165729166666665,12.119162553719768,13.577641201598514,250-300,storm_recovery,6.035415833660214
100622,2026-09-10 13:32:50.814000+00:00,-0.001954,16.032705,-0.01207391,0.0004883,262.12427,268.6123,6643.5054,spacetrack,2026-09-09 18:00:02+00:00,254.13707,6634.9785,-0.0031115,19.546892777777778,9.806816980033265,10.469469614764096,250-300,storm_recovery,10.99503149221756
100622,2026-09-11 12:02:42.522000+00:00,-0.0023834,15.989571,-0.01148621,0.000395,274.6823,279.9401,6655.448,spacetrack,2026-09-10 13:32:50.814000+00:00,262.12427,6643.5054,-0.001954,22.497696666666666,13.396603415253296,12.740077539789961,250-300,storm_recovery,8.46661206354606
100622,2026-09-12 22:39:36.346000+00:00,-0.0019808,15.924822,-0.00675672,0.0003156,293.23303,297.44534,6673.476,spacetrack,2026-09-11 12:02:42.522000+00:00,274.6823,6655.448,-0.0023834,34.61495111111111,12.862000543374698,12.499569871156051,250-300,storm_recovery,7.113518047564289
100622,2026-09-13 22:49:44.494000+00:00,-0.0042573,15.873004,-0.0100199,0.0004583,306.7901,312.92032,6687.992,spacetrack,2026-09-12 22:39:36.346000+00:00,293.23303,6673.476,-0.0019808,24.16893,13.462312150351723,14.414539658975915,250-300,storm_recovery,6.034470449824998
100623,2026-09-11 22:34:32.027000+00:00,-0.0024595,15.968059,-0.01054639,0.0006467,278.97925,287.59512,6661.4243,spacetrack,2026-09-10 13:33:17.099000+00:00,262.98886,6644.1924,-0.0015905,33.02081333333334,11.622044439850253,12.524391686697633,250-300,storm_recovery,7.814350036872366
100623,2026-09-12 18:09:01.520000+00:00,-0.001617,15.931438,-0.00571373,0.000292,291.54324,295.43948,6671.6284,spacetrack,2026-09-11 22:34:32.027000+00:00,278.97925,6661.4243,-0.0024595,19.574859166666666,15.404236497061273,12.510863956407258,250-300,storm_recovery,8.2030090808231
100623,2026-09-13 22:50:47.199000+00:00,-0.0024639,15.873503,-0.00607173,0.0003486,307.3838,312.04657,6687.852,spacetrack,2026-09-12 18:09:01.520000+00:00,291.54324,6671.6284,-0.001617,28.696021944444446,13.24829764683119,13.568654246007352,250-300,storm_recovery,5.712904873312919
100624,2026-09-11 18:05:29.663000+00:00,-0.01002,15.951178,-0.03930918,0.0007893,282.7246,293.24777,6666.123,spacetrack,2026-09-10 13:34:06.470000+00:00,263.2952,6645.087,-0.0015156,28.523109166666668,16.348343978746342,17.70017416579485,250-300,storm_recovery,8.24770244532618
100624,2026-09-12 22:42:14.295000+00:00,-0.001912,15.917897,-0.00630031,0.0005307,293.732,300.81726,6675.4116,spacetrack,2026-09-11 18:05:29.663000+00:00,282.7246,6666.123,-0.01002,28.612397777777776,9.232976629633526,7.79125195068962,250-300,storm_recovery,7.040639958793309
100624,2026-09-13 12:17:43.925000+00:00,-0.0030642,15.889396,-0.00800421,0.000409,302.52133,307.98837,6683.392,spacetrack,2026-09-12 22:42:14.295000+00:00,293.732,6675.4116,-0.001912,13.591563888888889,15.520209574443864,14.091799999304175,250-300,storm_recovery,7.994796711113492
100625,2026-09-12 22:42:35.980000+00:00,-0.0020089,15.918249,-0.0066248,0.0003452,294.8717,299.48035,6675.313,spacetrack,2026-09-11 22:36:16.569000+00:00,281.98538,6662.853,-0.0027888,24.10539194444444,12.829979313871998,12.40552324099092,250-300,storm_recovery,7.409452652311733
100626,2026-09-11 22:38:10.118000+00:00,-0.0025635,15.953578,-0.01015886,0.0005215,283.8415,290.79355,6665.4546,spacetrack,2026-09-10 13:35:17.922000+00:00,265.79758,6647.4644,-0.0015968,33.04783222222222,13.103857375213966,13.06484483147656,250-300,storm_recovery,7.8116531361663695
100626,2026-09-12 22:45:19.065000+00:00,-0.0019752,15.908583,-0.00620009,0.0002979,297.89053,301.86932,6678.017,spacetrack,2026-09-11 22:38:10.118000+00:00,283.8415,6665.4546,-0.0025635,24.119151944444443,13.979625849890837,12.500340007578146,250-300,storm_recovery,7.403584359948533
100626,2026-09-13 12:21:16.426000+00:00,-0.0024126,15.881267,-0.00617686,0.0004886,304.26852,310.8018,6685.6724,spacetrack,2026-09-12 22:45:19.065000+00:00,297.89053,6678.017,-0.0019752,13.599266944444445,11.255883175565794,13.510257630104856,250-300,storm_recovery,7.996874463882969
100627,2026-09-12 21:15:13.029000+00:00,0.0017721,15.9173155,0.00581109,0.0009047,291.3979,303.47665,6675.574,spacetrack,2026-09-11 21:07:15.281000+00:00,270.5838,6655.4775,0.001221,24.132707777777778,20.699641523857174,19.985987666254537,250-300,storm_recovery,7.590035011036428
100628,2026-09-13 22:59:31.893000+00:00,-0.0045856,15.852113,-0.00976467,0.0003721,313.239,318.2206,6693.8667,spacetrack,2026-09-12 22:47:24.841000+00:00,299.22873,6679.6016,-0.0021343,24.20195888888889,13.893358035343596,14.146061546991941,250-300,storm_recovery,6.024952100984662
100629,2026-09-12 22:48:32.022000+00:00,0.00032245,15.903188,0.00097396,0.000739,296.45404,306.32635,6679.5273,spacetrack,2026-09-11 22:40:04.054000+00:00,265.0255,6654.1504,0.016374,24.14110222222222,31.244843464755732,25.228574668779963,250-300,storm_recovery,7.3965566655522315
100629,2026-09-13 12:24:57.312000+00:00,0.00045241,15.875536,0.00121822,0.0006596,304.7332,313.55505,6687.2812,spacetrack,2026-09-12 22:48:32.022000+00:00,296.45404,6679.5273,0.00032245,13.607025,14.602739393805756,13.676288534783666,250-300,storm_recovery,7.999104874136705
100630,2026-09-11 21:08:01.518000+00:00,0.0026697,16.036009,0.01718863,0.0027831,245.96896,282.94296,6642.593,spacetrack,2026-09-10 22:37:38.217000+00:00,269.67093,6653.097,0.00011166,22.5064725,-25.27483060706202,-11.2010444995322,250-300,storm_recovery,8.371320516798
100630,2026-09-12 22:49:07.946000+00:00,0.00097419,15.904808,0.00298828,0.0005894,296.9998,304.87308,6679.073,spacetrack,2026-09-11 21:08:01.518000+00:00,245.96896,6642.593,0.0026697,25.68511888888889,47.68286903004405,34.08666332390433,200-250,storm_recovery,7.371552819148589
100631,2026-09-11 12:10:06.566000+00:00,-0.0019024,15.963597,-0.00797036,0.0004756,281.35956,287.69708,6662.6655,spacetrack,2026-09-10 13:37:57.084000+00:00,271.20798,6650.81,-0.0041064,22.535967222222222,10.81107003740018,12.625683965293543,250-300,storm_recovery,8.467517862372153
100631,2026-09-12 18:18:50.028000+00:00,-0.0017282,15.904563,-0.00532095,0.0004227,298.18185,303.8284,6679.142,spacetrack,2026-09-11 12:10:06.566000+00:00,281.35956,6662.6655,-0.0019024,30.14540611111111,13.392918261306491,13.11762059341582,250-300,storm_recovery,7.554689123352884
100631,2026-09-13 23:03:33.992000+00:00,-0.0046957,15.844277,-0.00964203,0.0003763,315.41678,320.45624,6696.0737,spacetrack,2026-09-12 18:18:50.028000+00:00,298.18185,6679.142,-0.0017282,28.74554555555556,14.389649318033484,14.136478962093179,250-300,storm_recovery,5.702544057937325
100632,2026-09-11 22:43:09.847000+00:00,-0.0085895,15.921495,-0.02845718,0.0004407,293.3273,299.21014,6674.406,spacetrack,2026-09-10 13:38:15.835000+00:00,269.6549,6651.1274,-0.0021813,33.08167,17.17378838492735,16.88809543169953,250-300,storm_recovery,7.807835157992661
100632,2026-09-12 13:47:28.966000+00:00,-0.0035778,15.911032,-0.01133282,0.0004289,296.33072,302.05853,6677.3315,spacetrack,2026-09-11 22:43:09.847000+00:00,293.3273,6674.406,-0.0085895,15.0719775,4.782523063081811,4.658446444735391,250-300,storm_recovery,8.990448831283087
100632,2026-09-13 13:58:40.068000+00:00,-0.0048669,15.861424,-0.0107241,0.0003816,310.55655,315.6633,6691.247,spacetrack,2026-09-12 13:47:28.966000+00:00,296.33072,6677.3315,-0.0035778,24.18641722222222,14.11618417325191,13.808246047006566,250-300,storm_recovery,6.588380815485717
100634,2026-09-11 22:44:17.272000+00:00,-0.0018665,15.938493,-0.00684006,0.0003881,288.9343,294.11127,6669.6597,spacetrack,2026-09-10 13:39:08.139000+00:00,270.35977,6651.9385,-0.0014671,33.08587027777778,13.473688806046455,12.854695869543402,250-300,storm_recovery,7.80685434927983
100634,2026-09-12 18:21:10.232000+00:00,-0.0024227,15.898737,-0.00723348,0.0004783,299.44138,305.83218,6680.774,spacetrack,2026-09-11 22:44:17.272000+00:00,288.9343,6669.6597,-0.0018665,19.614711111111113,12.856162834697733,13.599139874606813,250-300,storm_recovery,8.169605466192042
100634,2026-09-13 23:06:33.209000+00:00,-0.0042605,15.838817,-0.00862558,0.0004215,316.6525,322.29858,6697.6123,spacetrack,2026-09-12 18:21:10.232000+00:00,299.44138,6680.774,-0.0024227,28.7563825,14.364354765415985,14.053200189557447,250-300,storm_recovery,5.700171267292671
100635,2026-09-11 22:41:17.862000+00:00,-0.037647,15.899066,-0.127943,0.0006111,298.46185,306.62698,6680.6816,spacetrack,2026-09-10 12:09:09.035000+00:00,268.1494,6648.829,-0.00055796,34.53578527777778,21.065071900018822,22.135370423787673,250-300,storm_recovery,7.859832209307339
100635,2026-09-13 21:18:53.921000+00:00,0.0016557,15.9273815,0.00571943,0.0008816,288.7416,300.50702,6672.761,spacetrack,2026-09-12 18:12:21.726000+00:00,278.68668,6660.1924,0.001061,27.108943055555557,8.901788590778171,11.1271914726382,250-300,storm_recovery,5.869679014802362
100636,2026-09-13 01:44:42.915000+00:00,-0.0020923,15.957847,-0.00849068,0.000402,283.44986,288.80795,6664.266,spacetrack,2026-09-12 22:44:08.915000+00:00,281.94916,6662.31,-0.0011791,3.0094444444444446,11.967923204725821,15.598892375847585,250-300,storm_recovery,6.899628484400961
100637,2026-09-12 22:45:13.895000+00:00,0.0015209,15.970247,0.00661051,0.000982,276.1377,289.21954,6660.8154,spacetrack,2026-09-11 18:11:40.063000+00:00,275.47876,6656.6904,0.00082396,28.559397777777775,0.5537427687745132,3.4664596491258104,250-300,storm_recovery,7.046282721959046
100638,2026-09-11 22:48:52.450000+00:00,-0.0018884,15.923025,-0.00638432,0.000353,293.48532,298.19714,6673.978,spacetrack,2026-09-10 13:41:52.123000+00:00,275.89362,6656.703,-0.0025547,33.1167575,12.748856828752032,12.519341605227847,250-300,storm_recovery,7.803350874888979
100638,2026-09-12 18:26:53.637000+00:00,-0.0021118,15.883762,-0.00551457,0.0004995,303.49588,310.17416,6684.972,spacetrack,2026-09-11 22:48:52.450000+00:00,293.48532,6673.978,-0.0018884,19.63366305555556,12.236811812455834,13.438959365523571,250-300,storm_recovery,8.153900952455707
100639,2026-09-10 13:42:11.945000+00:00,-0.0044247,15.987238,-0.02091732,0.0005239,274.47137,281.44562,6656.0957,spacetrack,2026-09-09 18:00:02+00:00,267.22833,6648.05,-0.0035145,19.702762500000002,8.822770918544991,9.800493712492958,250-300,storm_recovery,10.979248679806533
100639,2026-09-11 18:17:29.045000+00:00,-0.0056089,15.933716,-0.01985008,0.0003819,290.3079,295.4032,6670.9927,spacetrack,2026-09-10 13:42:11.945000+00:00,274.47137,6656.0957,-0.0044247,28.588083333333334,13.294935360596085,12.506189933451235,250-300,storm_recovery,8.214462659752364
100640,2026-09-11 18:19:23.245000+00:00,-0.0013193,15.925182,-0.00452205,0.000564,291.47467,299.00223,6673.3755,spacetrack,2026-09-10 13:43:02.285000+00:00,277.50272,6658.6606,-0.0025031,28.605822222222223,11.722326923345824,12.345654575370002,250-300,storm_recovery,8.20940506866512
100640,2026-09-12 23:01:58.002000+00:00,-0.0023509,15.865709,-0.0056082,0.0004728,308.74207,315.06818,6690.042,spacetrack,2026-09-11 18:19:23.245000+00:00,291.47467,6673.3755,-0.0013193,28.709654722222222,14.434781748845879,13.932455958461816,250-300,storm_recovery,7.03033947436014
100641,2026-09-11 22:53:02.326000+00:00,-0.0021501,15.906778,-0.00668678,0.0003817,297.83582,302.9342,6678.522,spacetrack,2026-09-10 13:44:03.720000+00:00,279.8671,6660.879,-0.0026396,33.149612777777776,13.009180013381435,12.7733618741952,250-300,storm_recovery,7.8003492180895755
100641,2026-09-12 23:04:50.607000+00:00,-0.002662,15.857121,-0.00606252,0.0005492,310.64478,317.99576,6692.457,spacetrack,2026-09-11 22:53:02.326000+00:00,297.83582,6678.522,-0.0021501,24.196744722222224,12.704809821697676,13.821693944345366,250-300,storm_recovery,7.3619423852480805
100657,2026-09-12 22:23:34.034000+00:00,0.00045406,15.52712,0.00050385,0.0160266,300.04022,517.5837,6786.9487,spacetrack,2026-09-11 23:13:50.979000+00:00,300.02835,6787.228,0.00045927,23.16195972222222,0.01229947739380537,-0.2894055632767692,300-350,storm_recovery,7.467216006897326
100657,2026-09-13 21:33:11.794000+00:00,0.00047774,15.528117,0.00053135,0.0159837,300.04532,516.99713,6786.658,spacetrack,2026-09-12 22:23:34.034000+00:00,300.04022,6786.9487,0.00045406,23.16048888888889,0.005284862534114008,-0.3012371644424368,300-350,storm_recovery,6.178137263462103
100684,2026-09-12 19:47:26.788000+00:00,0.001395,15.635182,0.00362714,0.0191338,248.24252,506.76468,6755.6406,spacetrack,2026-09-11 13:07:53.998000+00:00,248.72726,6758.1606,0.0015059,30.659108333333332,-0.37945526247908523,-1.9726601094349223,200-250,storm_recovery,7.338051072189078
100684,2026-09-13 11:06:50.464000+00:00,0.0013986,15.639524,0.00366605,0.0189754,248.08588,504.42038,6754.39,spacetrack,2026-09-12 19:47:26.788000+00:00,248.24252,6755.6406,0.001395,15.323243333333334,-0.24533709464903813,-1.9587498121036693,200-250,storm_recovery,7.581877610911933
