"norad_id","epoch","bstar","mean_motion","mean_motion_dot","eccentricity","perigee_km","apogee_km","semi_major_axis_km","source_group"
2150,"2026-08-22 14:08:40.12+00",0.00026928,12.640343,5.149e-05,0.1382235,330.33978,2482.3342,7784.474,"spacetrack"
2150,"2026-08-23 20:32:29.934+00",0.00029,12.640473,5.55e-05,0.1382244,330.28647,2482.28,7784.4204,"spacetrack"
2150,"2026-08-24 23:08:20.669+00",0.00030035,12.640601,5.752e-05,0.1382239,330.24518,2482.2166,7784.3677,"spacetrack"
2150,"2026-08-25 20:02:13.1+00",0.00032001,12.640706,6.133e-05,0.1382254,330.1963,2482.1792,7784.3247,"spacetrack"
2150,"2026-08-26 20:44:03.817+00",0.00030998,12.640826,5.945e-05,0.1382249,330.15768,2482.1191,7784.2754,"spacetrack"
2150,"2026-08-27 21:25:54.218+00",0.00034067,12.640951,6.537e-05,0.1382233,330.12604,2482.0483,7784.224,"spacetrack"
2150,"2026-08-28 20:13:45.051+00",0.00034854,12.641054,6.693e-05,0.1382245,330.08023,2482.0095,7784.1816,"spacetrack"
2150,"2026-08-29 20:55:34.604+00",0.00039507,12.641206,7.59e-05,0.1382226,330.04163,2481.9243,7784.12,"spacetrack"
2389,"2026-08-22 13:52:42.729+00",0.00040827,13.468942,9.15e-05,0.1004847,333.90616,1833.5085,7461.844,"spacetrack"
2389,"2026-08-23 21:57:58.029+00",0.00044867,13.469207,0.00010049,0.1004693,333.93323,1833.2861,7461.7466,"spacetrack"
2389,"2026-08-24 21:08:24.452+00",0.00043331,13.469393,9.701e-05,0.1004575,333.95932,1833.1223,7461.6777,"spacetrack"
2389,"2026-08-25 22:05:47.073+00",0.00048413,13.46961,0.00010833,0.1004438,333.98935,1832.9318,7461.5977,"spacetrack"
2389,"2026-08-26 21:16:11.184+00",0.00042942,13.469802,9.607e-05,0.1004324,334.01062,1832.7687,7461.527,"spacetrack"
2389,"2026-08-27 20:26:34.326+00",0.00048744,13.469992,0.00010898,0.10042,334.04007,1832.599,7461.4565,"spacetrack"
2389,"2026-08-28 19:36:56.492+00",0.00049169,13.470176,0.0001099,0.100409,334.06122,1832.4424,7461.3887,"spacetrack"
2389,"2026-08-29 22:21:11.475+00",0.00049639,13.470413,0.0001109,0.1003947,334.0891,1832.2393,7461.3013,"spacetrack"
4221,"2026-08-22 13:55:41.658+00",0.00047411,15.415781,0.00039674,0.0193457,309.52164,573.38104,6819.5884,"spacetrack"
4221,"2026-08-23 21:04:49.248+00",0.00046974,15.416784,0.00039395,0.0193171,309.42636,572.8843,6819.2925,"spacetrack"
4221,"2026-08-24 20:26:35.059+00",0.00046043,15.417565,0.00038663,0.019291,309.37863,572.4717,6819.062,"spacetrack"
4221,"2026-08-25 21:21:43.224+00",0.00047022,15.418404,0.00039577,0.0192692,309.2849,572.0711,6818.815,"spacetrack"
4221,"2026-08-26 22:16:46.669+00",0.00045359,15.419211,0.00038221,0.0192423,309.23477,571.64496,6818.5767,"spacetrack"
4221,"2026-08-27 21:38:19.677+00",0.00049472,15.419938,0.00041799,0.019221,309.16977,571.28125,6818.3623,"spacetrack"
4221,"2026-08-28 20:59:48.737+00",0.00050186,15.420673,0.00042477,0.0191987,309.10913,570.9082,6818.1455,"spacetrack"
4221,"2026-08-29 21:54:38.64+00",0.00055421,15.421671,0.00047072,0.019171,309.00958,570.4197,6817.8516,"spacetrack"
5118,"2026-08-22 14:19:16.668+00",0.00040529,15.76348,0.00064443,0.0013189,331.93634,349.65955,6718.935,"spacetrack"
5118,"2026-08-23 20:47:21.964+00",0.00045426,15.765228,0.00072839,0.0013053,331.53168,349.07083,6718.4385,"spacetrack"
5118,"2026-08-24 21:09:41.424+00",0.00042368,15.766612,0.00068307,0.001284,331.28214,348.53406,6718.045,"spacetrack"
5118,"2026-08-25 21:31:53.045+00",0.00045272,15.768054,0.00073473,0.0012555,331.0646,347.9326,6717.6357,"spacetrack"
5118,"2026-08-26 20:22:34.325+00",0.00045911,15.769349,0.00074938,0.0012379,330.8154,347.446,6717.2676,"spacetrack"
5118,"2026-08-27 20:44:30.978+00",0.00047691,15.770714,0.00078326,0.0012136,330.59155,346.89474,6716.8804,"spacetrack"
5118,"2026-08-28 21:06:20.096+00",0.00053522,15.772147,0.00088537,0.0011865,330.36713,346.30533,6716.473,"spacetrack"
5118,"2026-08-29 21:28:00.139+00",0.00048069,15.773903,0.0008005,0.0011653,330.01172,345.66397,6715.9746,"spacetrack"
7003,"2026-08-22 14:03:15.821+00",0.00038977,15.848133,0.00106954,0.0065848,272.7654,360.93573,6694.988,"spacetrack"
7003,"2026-08-23 20:21:10.402+00",0.00040189,15.850974,0.00111813,0.0065643,272.10776,359.99307,6694.1875,"spacetrack"
7003,"2026-08-24 20:35:15.604+00",0.00038817,15.853373,0.00109245,0.006549,271.53955,359.21118,6693.512,"spacetrack"
7003,"2026-08-25 20:49:07.689+00",0.0003933,15.855747,0.00111994,0.0065357,270.96445,358.44928,6692.8438,"spacetrack"
7003,"2026-08-26 21:02:47.022+00",0.00040545,15.858041,0.00116784,0.0065228,270.40973,357.71347,6692.1987,"spacetrack"
7003,"2026-08-27 22:47:03.63+00",0.00043981,15.860537,0.00128246,0.0065012,269.85687,356.8624,6691.4966,"spacetrack"
7003,"2026-08-28 19:58:38.098+00",0.00044429,15.862649,0.00130857,0.0064803,269.40634,356.12445,6690.9023,"spacetrack"
7003,"2026-08-29 18:40:49.342+00",0.00049314,15.865522,0.00147331,0.0064567,268.76172,355.1536,6690.0947,"spacetrack"
12139,"2026-08-22 10:47:56.306+00",0.00040144,15.166209,0.0001696,0.0241538,349.54083,682.583,6894.1987,"spacetrack"
12139,"2026-08-23 04:13:00.248+00",0.00038942,15.166461,0.00016455,0.0241409,349.55524,682.4159,6894.1226,"spacetrack"
12139,"2026-08-24 10:18:04.795+00",0.00041068,15.166896,0.00017353,0.024117,349.59155,682.11633,6893.9907,"spacetrack"
12139,"2026-08-25 16:23:06.49+00",0.00038793,15.167314,0.00016385,0.0240852,349.68713,681.76733,6893.8643,"spacetrack"
12139,"2026-08-26 16:08:05.947+00",0.0003698,15.16762,0.00015613,0.0240597,349.77234,681.4965,6893.7715,"spacetrack"
12139,"2026-08-27 15:53:03.931+00",0.00038357,15.167908,0.00016188,0.0240383,349.83478,681.25964,6893.684,"spacetrack"
12139,"2026-08-28 20:22:59.748+00",0.0003556,15.168209,0.00015005,0.0240156,349.90228,681.0098,6893.5933,"spacetrack"
12139,"2026-08-29 21:42:54.124+00",0.00038565,15.1685505,0.00016272,0.0239972,349.92822,680.7771,6893.4897,"spacetrack"
16326,"2026-08-22 01:26:42.613+00",0.00059561,15.990346,0.00286112,0.0002663,275.32364,278.86823,6655.233,"spacetrack"
16326,"2026-08-23 20:59:13.094+00",0.00062494,16.000957,0.0031858,0.0002353,272.58807,275.71866,6652.2905,"spacetrack"
16326,"2026-08-24 01:29:22.633+00",0.00058889,16.002075,0.00302146,0.000231,272.30676,275.37997,6651.9805,"spacetrack"
16326,"2026-08-25 13:29:56.871+00",0.00059907,16.011414,0.00324112,0.0001796,270.06238,272.45084,6649.3936,"spacetrack"
16326,"2026-08-26 01:29:52.322+00",0.00049704,16.014166,0.00273355,0.0002366,268.92206,272.06818,6648.6323,"spacetrack"
16326,"2026-08-27 13:28:48.727+00",0.00056866,16.023355,0.00329616,9.64e-05,267.31213,268.5935,6646.09,"spacetrack"
16326,"2026-08-28 13:27:25.472+00",0.00052823,16.029482,0.00317394,6.55e-05,265.82413,266.69452,6644.3965,"spacetrack"
16326,"2026-08-29 23:54:17.796+00",0.00059929,16.041204,0.00385771,5.18e-05,262.67776,263.3658,6641.1587,"spacetrack"
16719,"2026-08-22 02:37:12.108+00",0.00038174,15.732948,0.00052869,0.0004365,346.55112,352.42432,6727.6245,"spacetrack"
16719,"2026-08-23 12:12:04.066+00",0.00037164,15.734362,0.00051773,0.0004158,346.28763,351.882,6727.2217,"spacetrack"
16719,"2026-08-24 08:02:34.981+00",0.00037779,15.735214,0.00052825,0.0004116,346.07324,351.61087,6726.979,"spacetrack"
16719,"2026-08-25 02:21:27.883+00",0.0003855,15.736004,0.00054089,0.0003942,345.96527,351.26865,6726.754,"spacetrack"
16719,"2026-08-26 11:55:55.771+00",0.00034945,15.737553,0.00049334,0.0003881,345.56497,350.78592,6726.3125,"spacetrack"
16719,"2026-08-27 10:49:18.712+00",0.00050842,15.7387,0.00072291,0.0003741,345.3326,350.365,6725.986,"spacetrack"
16719,"2026-08-28 11:14:09.041+00",0.00038662,15.73976,0.00055126,0.0003618,345.11325,349.97998,6725.6836,"spacetrack"
16719,"2026-08-29 11:38:52.569+00",0.00048375,15.741175,0.00069492,0.0003526,344.7724,349.51508,6725.281,"spacetrack"
20453,"2026-08-22 02:33:28.997+00",0.00073343,15.8289175,0.00172819,0.0041649,294.3612,350.17426,6700.405,"spacetrack"
20453,"2026-08-23 22:26:41.357+00",0.00069759,15.8355875,0.00168816,0.0039829,293.7064,347.0655,6698.523,"spacetrack"
20453,"2026-08-24 02:59:01.612+00",0.00079906,15.836301,0.00194021,0.0039652,293.6246,346.745,6698.322,"spacetrack"
20453,"2026-08-25 01:40:31.509+00",0.00075512,15.839766,0.00185991,0.0038825,293.2055,345.2104,6697.3447,"spacetrack"
20453,"2026-08-26 20:01:08.64+00",0.00070206,15.846683,0.00177994,0.0037183,292.36353,342.1545,6695.396,"spacetrack"
20453,"2026-08-27 17:11:02.397+00",0.00080975,15.85025,0.00208903,0.003695,291.5185,340.99002,6694.391,"spacetrack"
20453,"2026-08-28 23:24:43.05+00",0.00080859,15.854716,0.00212394,0.0035535,291.21307,338.7812,6693.1343,"spacetrack"
20453,"2026-08-29 23:35:13.332+00",0.00082226,15.85944,0.00220588,0.0034662,290.47293,336.8632,6691.805,"spacetrack"
20775,"2026-08-22 22:11:36.408+00",0.00038475,14.942679,0.00013867,0.0342631,346.0793,823.2124,6962.7827,"spacetrack"
20775,"2026-08-23 14:15:55.958+00",0.00039888,14.942878,0.00014388,0.0342647,346.0086,823.1597,6962.721,"spacetrack"
20775,"2026-08-24 20:48:06.945+00",0.00042729,14.943266,0.00015432,0.0342625,345.9077,823.0199,6962.6006,"spacetrack"
20775,"2026-08-25 14:28:49.901+00",0.00042876,14.943485,0.00015495,0.0342594,345.86346,822.92786,6962.5327,"spacetrack"
20775,"2026-08-26 12:58:48.675+00",0.00041787,14.9437475,0.00015115,0.0342561,345.80774,822.82056,6962.451,"spacetrack"
20775,"2026-08-27 14:41:36.862+00",0.00047672,14.944072,0.00017257,0.0342532,345.73068,822.6962,6962.3506,"spacetrack"
20775,"2026-08-28 21:13:38.821+00",0.00046188,14.944449,0.00016742,0.034249,345.6465,822.54553,6962.233,"spacetrack"
20775,"2026-08-29 13:17:51.239+00",0.00047765,14.944667,0.00017326,0.0342482,345.58698,822.4702,6962.1655,"spacetrack"
22913,"2026-08-22 15:16:20.714+00",0.0013133,13.24629,0.0023553,0.1258614,217.43741,2116.7432,7545.227,"spacetrack"
22913,"2026-08-23 18:23:29.732+00",0.0013255,13.251396,0.00237569,0.1256285,217.49998,2112.8042,7543.289,"spacetrack"
22913,"2026-08-24 14:16:23.27+00",0.0013958,13.255568,0.00249558,0.1254331,217.58981,2109.549,7541.7065,"spacetrack"
22913,"2026-08-25 15:34:09.069+00",0.0012666,13.260392,0.00226782,0.1252099,217.67279,2105.8074,7539.877,"spacetrack"
22913,"2026-08-26 15:03:04.273+00",0.0011792,13.264407,0.00210822,0.1250104,217.84576,2102.5916,7538.3555,"spacetrack"
22913,"2026-08-27 10:54:55.06+00",0.0013932,13.267903,0.00248126,0.1248544,217.86255,2099.9255,7537.0312,"spacetrack"
22913,"2026-08-28 12:11:19.304+00",0.0011792,13.27253,0.00210417,0.1246332,217.99666,2096.2886,7535.28,"spacetrack"
22913,"2026-08-29 15:15:23.954+00",0.0014061,13.277968,0.00248342,0.1243551,218.2901,2091.8792,7533.2217,"spacetrack"
23198,"2026-08-22 14:14:11.504+00",0.00028042,14.337308,8.146e-05,0.0621051,334.7747,1223.7998,7157.4243,"spacetrack"
23198,"2026-08-23 22:02:56.795+00",0.00027523,14.337523,7.998e-05,0.062103,334.72247,1223.7086,7157.3525,"spacetrack"
23198,"2026-08-24 21:29:22.798+00",0.00029531,14.337691,8.597e-05,0.0620992,334.69745,1223.6222,7157.297,"spacetrack"
23198,"2026-08-25 19:15:20.355+00",0.00030443,14.3378525,8.871e-05,0.0620955,334.67343,1223.5386,7157.243,"spacetrack"
23198,"2026-08-26 20:22:11.884+00",0.0002965,14.338033,8.64e-05,0.0620934,334.63217,1223.4598,7157.183,"spacetrack"
23198,"2026-08-27 21:29:02.38+00",0.00031403,14.338213,9.167e-05,0.0620918,334.58746,1223.3848,7157.123,"spacetrack"
23198,"2026-08-28 20:55:24.618+00",0.00032014,14.338368,9.351e-05,0.0620869,334.57397,1223.2947,7157.0713,"spacetrack"
23198,"2026-08-29 22:02:13.01+00",0.00037279,14.338577,0.00010919,0.0620783,334.57028,1223.1593,7157.002,"spacetrack"
24285,"2026-08-23 19:20:57.534+00",0.00021266,11.836732,2.789e-05,0.1732283,345.94363,3163.6526,8132.935,"spacetrack"
24285,"2026-08-24 19:41:20.502+00",0.00023527,11.836789,3.083e-05,0.1732239,345.95764,3163.586,8132.9087,"spacetrack"
24285,"2026-08-25 07:51:31.893+00",0.00023728,11.836819,3.108e-05,0.1732207,345.9725,3163.5442,8132.8955,"spacetrack"
24285,"2026-08-26 18:20:23.881+00",0.00021887,11.836897,2.865e-05,0.1732139,345.9981,3163.4468,8132.8594,"spacetrack"
24285,"2026-08-27 18:40:46.311+00",0.00022771,11.83695,2.979e-05,0.1732066,346.03745,3163.359,8132.835,"spacetrack"
24285,"2026-08-28 14:57:44.993+00",0.00020786,11.836977,2.717e-05,0.1732008,346.07446,3163.2974,8132.8228,"spacetrack"
24285,"2026-08-29 19:21:30.921+00",0.00024798,11.837046,3.238e-05,0.1731902,346.13458,3163.174,8132.7915,"spacetrack"
24286,"2026-08-22 09:18:04.88+00",0.00042994,12.02741,6.187e-05,0.1648438,342.15512,2995.0684,8046.7485,"spacetrack"
24286,"2026-08-23 13:14:51.564+00",0.00044211,12.027555,6.361e-05,0.1648396,342.1344,2994.9585,8046.6836,"spacetrack"
24286,"2026-08-24 03:13:14.325+00",0.00047107,12.027638,6.774e-05,0.1648358,342.13428,2994.8853,8046.647,"spacetrack"
24286,"2026-08-25 13:09:16.61+00",0.00049098,12.02783,7.06e-05,0.1648296,342.1126,2994.7356,8046.561,"spacetrack"
24286,"2026-08-26 13:06:27.478+00",0.00051659,12.027967,7.425e-05,0.1648237,342.1089,2994.6167,8046.5,"spacetrack"
24286,"2026-08-27 13:03:37.284+00",0.00056488,12.028107,8.116e-05,0.1648183,342.10074,2994.5012,8046.438,"spacetrack"
24286,"2026-08-28 20:59:48.748+00",0.00054666,12.028272,7.853e-05,0.1648101,342.10522,2994.3494,8046.3643,"spacetrack"
24286,"2026-08-29 12:57:53.764+00",0.0005683,12.028366,8.161e-05,0.164804,342.1191,2994.2512,8046.3223,"spacetrack"
25520,"2026-08-22 03:07:13.69+00",0.00031575,16.148056,0.00443668,0.0002918,231.76366,235.62233,6611.83,"spacetrack"
25520,"2026-08-23 22:06:25.246+00",0.00031035,16.164381,0.00490373,0.0003176,227.14195,231.33896,6607.3774,"spacetrack"
25520,"2026-08-24 21:48:14.853+00",0.00030303,16.174377,0.00515324,0.0003326,224.32129,228.7147,6604.655,"spacetrack"
25520,"2026-08-25 22:57:55.738+00",0.00030817,16.185955,0.00571237,0.000355,221.02443,225.7115,6601.505,"spacetrack"
25520,"2026-08-26 22:37:46.746+00",0.00030047,16.197617,0.00608836,0.0003832,217.67055,222.72751,6598.336,"spacetrack"
25520,"2026-08-27 23:45:12.02+00",0.00031282,16.211275,0.00708935,0.0004192,213.72795,219.25688,6594.6294,"spacetrack"
25520,"2026-08-28 23:22:43.756+00",0.0003308,16.225838,0.00843128,0.0004433,209.62433,215.46764,6590.683,"spacetrack"
25520,"2026-08-29 22:58:46.527+00",0.00034503,16.245043,0.01031918,0.000447,204.40712,210.29454,6585.488,"spacetrack"
28222,"2026-08-22 05:21:10.695+00",0.00059667,15.991593,0.0028768,0.0001192,275.9566,277.54315,6654.8867,"spacetrack"
28222,"2026-08-23 15:53:07.433+00",0.00060845,16.000198,0.00307988,0.0001769,273.18683,275.54047,6652.5005,"spacetrack"
28222,"2026-08-24 05:23:33.892+00",0.00051365,16.003536,0.00264957,0.0002502,271.7743,275.10275,6651.5757,"spacetrack"
28222,"2026-08-25 15:53:50.626+00",0.0005957,16.013391,0.00325222,0.0002597,268.9825,272.43594,6648.846,"spacetrack"
28222,"2026-08-26 05:23:37.06+00",0.00058161,16.017218,0.00324662,0.0002962,267.68134,271.61948,6647.7876,"spacetrack"
28222,"2026-08-27 17:22:05.106+00",0.00065646,16.02748,0.00389272,0.0004259,263.9827,269.64285,6644.9497,"spacetrack"
28222,"2026-08-28 17:20:17.76+00",0.00057777,16.034266,0.00356647,0.0004558,261.90958,267.9654,6643.0747,"spacetrack"
28222,"2026-08-29 21:47:14.767+00",0.0006788,16.044973,0.00446714,0.0005008,258.65616,265.3069,6640.1187,"spacetrack"
28485,"2026-08-22 18:18:28.366+00",0.00046312,15.754584,0.00075345,0.0001888,342.05795,344.59598,6721.464,"spacetrack"
28485,"2026-08-23 14:03:42.565+00",0.00045582,15.755777,0.00074551,0.0001742,341.81686,344.1585,6721.1245,"spacetrack"
28485,"2026-08-24 17:24:39.29+00",0.00048076,15.757486,0.00079203,0.000139,341.5675,343.43582,6720.6387,"spacetrack"
28485,"2026-08-25 16:11:58.185+00",0.00046425,15.758926,0.00076981,0.0001272,341.23734,342.94696,6720.229,"spacetrack"
28485,"2026-08-26 13:28:01.152+00",0.00045315,15.760246,0.00075587,0.0001027,341.027,342.40726,6719.854,"spacetrack"
28485,"2026-08-27 15:17:15.464+00",0.00076151,15.7632065,0.00128786,7.42e-05,340.3772,341.3743,6719.0127,"spacetrack"
28485,"2026-08-28 21:39:35.732+00",0.00083381,15.766238,0.00143056,3.17e-05,339.80133,340.22723,6718.1514,"spacetrack"
28485,"2026-08-29 14:21:43.263+00",0.00086192,15.768234,0.00149268,1.1e-05,339.3734,339.5212,6717.5845,"spacetrack"
28738,"2026-08-22 01:03:10.346+00",0.00049418,15.775575,0.0008249,0.0005934,333.37848,341.34842,6715.5005,"spacetrack"
28738,"2026-08-23 12:03:52.673+00",0.00048006,15.777899,0.00080942,0.0005847,332.7778,340.63013,6714.841,"spacetrack"
28738,"2026-08-24 07:51:05.801+00",0.00049112,15.779202,0.00083316,0.0005933,332.35034,340.31775,6714.471,"spacetrack"
28738,"2026-08-25 08:12:09.138+00",0.00052641,15.780875,0.00090049,0.0005892,331.9038,339.81558,6713.9966,"spacetrack"
28738,"2026-08-26 00:56:32.315+00",0.00047631,15.782031,0.00081805,0.0005793,331.64264,339.4211,6713.669,"spacetrack"
28738,"2026-08-27 11:56:23.256+00",0.00054544,15.784364,0.0009481,0.0005502,331.17694,338.56393,6713.0073,"spacetrack"
28738,"2026-08-28 07:43:07.347+00",0.00050455,15.785612,0.00088116,0.0005553,330.78897,338.24405,6712.6533,"spacetrack"
28738,"2026-08-29 23:16:17.122+00",0.00051017,15.788619,0.00090332,0.0005584,329.91617,337.41193,6711.8013,"spacetrack"
28980,"2026-08-22 12:49:22.672+00",0.00067835,12.218309,0.00018194,0.1616655,297.28046,2871.8726,7962.7134,"spacetrack"
28980,"2026-08-23 14:22:12.827+00",0.00061665,12.218703,0.00016463,0.1616526,297.23978,2871.571,7962.5425,"spacetrack"
28980,"2026-08-24 08:03:22.87+00",0.00065817,12.218963,0.00017645,0.1616422,297.22797,2871.3572,7962.4297,"spacetrack"
28980,"2026-08-25 13:31:56.652+00",0.00069789,12.219417,0.00018792,0.1616286,297.1712,2871.0203,7962.233,"spacetrack"
28980,"2026-08-26 01:19:21.005+00",0.00073117,12.219616,0.00019731,0.1616167,297.19308,2870.8245,7962.146,"spacetrack"
28980,"2026-08-27 14:39:23.706+00",0.00079383,12.220255,0.00021543,0.1615982,297.10785,2870.355,7961.8687,"spacetrack"
28980,"2026-08-28 14:14:06.261+00",0.00068436,12.220605,0.00018444,0.1615836,297.09668,2870.0623,7961.7163,"spacetrack"
28980,"2026-08-29 13:48:46.272+00",0.00081278,12.221012,0.00022094,0.1615648,297.09805,2869.7073,7961.5396,"spacetrack"
28982,"2026-08-22 14:20:01.882+00",0.00064359,14.321291,0.00061864,0.0738359,255.75426,1313.492,7162.7603,"spacetrack"
28982,"2026-08-23 22:11:14.099+00",0.00066953,14.323029,0.00064441,0.0737586,255.77107,1312.3159,7162.1807,"spacetrack"
28982,"2026-08-24 19:58:45.767+00",0.00065085,14.3242445,0.00062623,0.0737057,255.77475,1311.5021,7161.7754,"spacetrack"
28982,"2026-08-25 19:26:44.854+00",0.00064542,14.325496,0.00062119,0.0736522,255.7715,1310.6711,7161.3584,"spacetrack"
28982,"2026-08-26 20:35:09.979+00",0.00061942,14.326743,0.00059568,0.0735967,255.78387,1309.8274,7160.943,"spacetrack"
28982,"2026-08-27 20:02:54.279+00",0.00064901,14.327869,0.0006247,0.0735433,255.81856,1309.0421,7160.5674,"spacetrack"
28982,"2026-08-28 19:30:31.795+00",0.00069581,14.329026,0.00067115,0.0734934,255.81886,1308.2711,7160.182,"spacetrack"
28982,"2026-08-29 20:38:32.627+00",0.00071994,14.3307085,0.00069552,0.0734224,255.80794,1307.1611,7159.6216,"spacetrack"
28983,"2026-08-22 05:48:24.879+00",0.00082538,12.419618,0.00025233,0.153054,292.7781,2703.8179,7876.435,"spacetrack"
28983,"2026-08-23 14:40:09.481+00",0.00081336,12.42032,0.00024829,0.1530138,292.8433,2703.159,7876.138,"spacetrack"
28983,"2026-08-24 19:39:49.832+00",0.00081254,12.420954,0.00024805,0.1529843,292.84875,2702.6177,7875.87,"spacetrack"
28983,"2026-08-25 20:47:28.15+00",0.00078859,12.421502,0.00024039,0.1529561,292.8744,2702.1282,7875.638,"spacetrack"
28983,"2026-08-26 19:59:04.583+00",0.00074488,12.421953,0.00022651,0.1529334,292.89154,2701.7295,7875.4473,"spacetrack"
28983,"2026-08-27 23:02:32.996+00",0.00077768,12.422473,0.0002369,0.1529092,292.89606,2701.2856,7875.228,"spacetrack"
28983,"2026-08-28 18:22:07.786+00",0.00069421,12.422817,0.00021048,0.1528931,292.8996,2700.9912,7875.0825,"spacetrack"
28983,"2026-08-29 23:21:25.382+00",0.00082431,12.4234705,0.0002517,0.1528633,292.90054,2700.4382,7874.8066,"spacetrack"
30988,"2026-08-22 12:26:37.889+00",0.0019604,15.863069,0.00509384,0.0034618,289.48535,335.80966,6690.7847,"celestrak:debris"
30988,"2026-08-23 11:08:46.075+00",0.0019881,15.873008,0.00541787,0.0034021,287.1009,332.60733,6687.991,"celestrak:debris"
30988,"2026-08-24 17:23:33.402+00",0.0020709,15.887468,0.00605729,0.0033407,283.46625,328.12427,6683.932,"celestrak:debris"
32203,"2026-08-22 10:02:13.195+00",0.00054184,15.65494,0.00065173,0.0082142,316.37308,427.26404,6749.9556,"celestrak:debris"
32203,"2026-08-23 22:51:11.788+00",0.00053924,15.656838,0.00065357,0.0082019,315.9149,426.63086,6749.4097,"celestrak:debris"
32203,"2026-08-24 03:27:17.893+00",0.00056919,15.657175,0.00069071,0.0081864,315.92352,426.42868,6749.313,"celestrak:debris"
32203,"2026-08-28 10:12:26.984+00",0.00060987,15.662587,0.00075738,0.0081621,314.54523,424.69696,6747.7583,"celestrak:debris"
34383,"2026-08-22 15:34:41.513+00",0.0057514,15.915077,0.01851798,0.0022359,283.13583,312.99045,6676.2,"celestrak:debris"
34383,"2026-08-23 02:07:58.028+00",0.006122,15.93404,0.02145165,0.0021966,278.1118,307.4184,6670.902,"celestrak:debris"
34383,"2026-08-24 14:12:21.523+00",0.0060486,16.02116,0.03001932,0.0019231,255.77742,281.34195,6646.697,"celestrak:debris"
34383,"2026-08-25 15:35:24.83+00",0.0056325,16.152874,0.07755723,0.0017029,221.1213,243.63539,6610.515,"celestrak:debris"
34478,"2026-08-22 23:58:35.744+00",0.005855,15.784913,0.01143558,0.001869,322.16824,347.2609,6712.8516,"celestrak:debris"
34478,"2026-08-23 15:10:53.235+00",0.0060632,15.79865,0.01275818,0.0019167,317.96365,343.6818,6708.96,"celestrak:debris"
34478,"2026-08-24 06:22:18.682+00",0.0064277,15.814668,0.0145017,0.002014,312.78934,339.7948,6704.429,"celestrak:debris"
34478,"2026-08-25 06:38:43.936+00",0.0065219,15.840327,0.01691805,0.0021456,304.6801,333.4191,6697.1865,"celestrak:debris"
34478,"2026-08-27 05:32:34.026+00",0.0068806,15.908409,0.02126463,0.0024029,283.88177,315.97522,6678.0654,"celestrak:debris"
34478,"2026-08-28 23:41:51.677+00",0.007906,16.00293,0.03267432,0.0024559,257.27066,289.9427,6651.7437,"celestrak:debris"
37363,"2026-08-22 14:19:03.854+00",0.00021507,15.716556,0.00034575,0.0091366,292.6546,415.6753,6732.302,"spacetrack"
37363,"2026-08-23 22:24:17.613+00",0.00024204,15.717591,0.00039192,0.009117,292.4937,415.24512,6732.0063,"spacetrack"
37363,"2026-08-24 21:19:22.675+00",0.00022926,15.718357,0.00037183,0.0091075,292.34082,414.96033,6731.7876,"spacetrack"
37363,"2026-08-25 21:46:03.658+00",0.00022425,15.7191725,0.00036455,0.0090907,292.22342,414.61252,6731.555,"spacetrack"
37363,"2026-08-26 22:12:40.561+00",0.00022254,15.719899,0.00036259,0.0090728,292.13815,414.2825,6731.347,"spacetrack"
37363,"2026-08-27 22:39:13.388+00",0.00025157,15.720676,0.00041253,0.0090616,291.99365,413.9832,6731.1255,"spacetrack"
37363,"2026-08-28 21:34:02.722+00",0.00024811,15.721416,0.00040795,0.0090531,291.84164,413.71292,6730.914,"spacetrack"
37363,"2026-08-29 22:00:26.491+00",0.00026495,15.722378,0.0004379,0.009034,291.69846,413.30765,6730.64,"spacetrack"
37399,"2026-08-22 06:03:23.22+00",0.00055488,15.471904,0.7359867,0.0498217,86.00833,763.891,6803.087,"spacetrack"
38248,"2026-08-22 16:08:26.909+00",0.0005127,15.745003,0.00074765,0.0002557,344.33408,347.77283,6724.1904,"spacetrack"
38248,"2026-08-23 02:49:04.037+00",0.00051437,15.745681,0.00075233,0.0002603,344.11014,347.61066,6723.9976,"spacetrack"
38248,"2026-08-24 21:31:15.688+00",0.00049938,15.748427,0.00073897,0.0002859,343.1566,347.00092,6723.216,"spacetrack"
38248,"2026-08-25 14:17:42.821+00",0.0005132,15.749517,0.00076326,0.0002789,342.89355,346.6436,6722.906,"spacetrack"
38248,"2026-08-26 02:29:38.137+00",0.00051606,15.750335,0.0007703,0.0002891,342.59232,346.47937,6722.673,"spacetrack"
38248,"2026-08-27 02:53:22.635+00",0.00057097,15.751811,0.00085876,0.0002933,342.14432,346.0876,6722.253,"spacetrack"
38248,"2026-08-28 13:57:15.495+00",0.00047884,15.75393,0.00072551,0.0003017,341.4852,345.54105,6721.65,"spacetrack"
38248,"2026-08-29 03:40:26.135+00",0.00059626,15.754961,0.00090979,0.0003223,341.0536,345.38617,6721.357,"spacetrack"
39265,"2026-08-22 14:04:32.571+00",0.00050472,15.293891,0.00048488,0.0276332,288.19034,667.0843,6855.7744,"spacetrack"
39265,"2026-08-23 21:28:47.463+00",0.00051176,15.295208,0.00049314,0.027597,288.05582,666.4317,6855.381,"spacetrack"
39265,"2026-08-24 21:01:52.26+00",0.00050906,15.296213,0.00049143,0.0275634,287.99414,665.8928,6855.0806,"spacetrack"
39265,"2026-08-25 20:34:51.529+00",0.00051834,15.29722,0.00050139,0.0275327,287.912,665.37317,6854.78,"spacetrack"
39265,"2026-08-26 21:41:56.682+00",0.00054759,15.298256,0.00053102,0.0275078,287.7817,664.88446,6854.47,"spacetrack"
39265,"2026-08-27 21:14:44.69+00",0.0005744,15.29924,0.00055805,0.027478,287.70026,664.37836,6854.1763,"spacetrack"
39265,"2026-08-28 20:47:27.326+00",0.00057285,15.300228,0.00055746,0.0274436,287.6491,663.8395,6853.8813,"spacetrack"
39265,"2026-08-29 21:54:14.265+00",0.0005359,15.301411,0.00052277,0.0274044,287.57422,663.2079,6853.528,"spacetrack"
39267,"2026-08-22 14:04:45.182+00",0.00028441,14.813529,0.00015563,0.0456811,305.14343,944.97064,7003.194,"spacetrack"
39267,"2026-08-23 20:52:44.799+00",0.00028841,14.8139305,0.00015788,0.0456664,305.12546,944.7352,7003.0674,"spacetrack"
39267,"2026-08-24 21:11:39.006+00",0.00030786,14.814253,0.00016851,0.0456519,305.13004,944.5274,7002.966,"spacetrack"
39267,"2026-08-25 21:30:30.95+00",0.00030017,14.814591,0.00016431,0.0456363,305.13763,944.3068,7002.8594,"spacetrack"
39267,"2026-08-26 21:49:20.849+00",0.00027446,14.814888,0.0001503,0.0456236,305.13727,944.12006,7002.7656,"spacetrack"
39267,"2026-08-27 20:30:53.745+00",0.00029563,14.81516,0.00016183,0.0456091,305.15707,943.92896,7002.68,"spacetrack"
39267,"2026-08-28 20:49:40.019+00",0.00031096,14.815455,0.00017016,0.0455931,305.18015,943.7194,7002.587,"spacetrack"
39267,"2026-08-29 22:45:38.94+00",0.00030356,14.815821,0.00016618,0.0455791,305.16843,943.50116,7002.4717,"spacetrack"
39269,"2026-08-22 23:02:15.989+00",0.0002262,14.934244,0.00013649,0.0408167,302.9627,871.5723,6965.4043,"spacetrack"
39269,"2026-08-23 23:09:23.818+00",0.00021323,14.934509,0.00012859,0.0407969,303.02145,871.3486,6965.322,"spacetrack"
39269,"2026-08-24 23:16:30.309+00",0.00018367,14.934742,0.00011072,0.0407778,303.08527,871.1404,6965.25,"spacetrack"
39269,"2026-08-25 20:10:38.948+00",0.00016867,14.934923,0.00010166,0.0407659,303.11392,870.99866,6965.1934,"spacetrack"
39269,"2026-08-26 18:41:15.054+00",0.00018158,14.935119,0.0001094,0.0407546,303.1344,870.8568,6965.133,"spacetrack"
39269,"2026-08-27 22:01:14.843+00",0.00020754,14.93536,0.00012499,0.0407431,303.14264,870.6987,6965.0576,"spacetrack"
39269,"2026-08-28 22:08:17.002+00",0.00020498,14.935575,0.00012342,0.0407303,303.16782,870.54016,6964.991,"spacetrack"
39269,"2026-08-29 22:15:17.855+00",0.00021121,14.93583,0.00012709,0.0407124,303.21613,870.33264,6964.911,"spacetrack"
39270,"2026-08-22 12:55:30.305+00",0.00011198,14.571388,4.717e-05,0.0546329,315.59586,1089.2594,7080.5645,"spacetrack"
39270,"2026-08-23 11:59:54.044+00",0.00011013,14.571474,4.642e-05,0.0546344,315.55896,1089.2407,7080.5366,"spacetrack"
39270,"2026-08-24 04:28:45.115+00",0.0001118,14.571538,4.715e-05,0.0546351,315.53433,1089.2238,7080.516,"spacetrack"
39270,"2026-08-25 11:47:33.691+00",0.00011693,14.571664,4.935e-05,0.0546371,315.48172,1089.1951,7080.4756,"spacetrack"
39270,"2026-08-27 01:41:53.781+00",0.00012513,14.571821,5.285e-05,0.0546392,315.4187,1089.1561,7080.4243,"spacetrack"
39270,"2026-08-28 23:50:37.849+00",0.00014165,14.572015,5.988e-05,0.0546433,315.33035,1089.119,7080.362,"spacetrack"
39473,"2026-08-22 23:34:47.748+00",0.0010455,15.854757,0.00258852,0.0026937,296.9563,333.01483,6693.1226,"spacetrack"
39473,"2026-08-23 23:47:25.53+00",0.0011219,15.86042,0.00285545,0.0026248,295.8283,330.95615,6691.5293,"spacetrack"
39473,"2026-08-24 13:24:17.979+00",0.0010585,15.863668,0.00273457,0.0026,295.08322,329.87442,6690.6157,"spacetrack"
39473,"2026-08-25 13:36:05.888+00",0.0010767,15.869667,0.00286399,0.0025476,293.75192,327.83334,6688.9297,"spacetrack"
39473,"2026-08-26 09:15:16.738+00",0.0010306,15.8744755,0.00280371,0.0024968,292.74423,326.13934,6687.5786,"spacetrack"
39473,"2026-08-27 12:27:24.41+00",0.001079,15.8811655,0.00303463,0.0024406,291.24658,323.88083,6685.7007,"spacetrack"
39473,"2026-08-28 08:05:44.45+00",0.0010386,15.885931,0.00298867,0.002394,290.22418,322.22894,6684.364,"spacetrack"
39473,"2026-08-29 14:17:47.781+00",0.001309,15.8952,0.00395208,0.002306,288.2196,319.0359,6681.7646,"spacetrack"
39474,"2026-08-22 23:45:51.262+00",0.0010289,15.880985,0.00289311,0.0024996,290.90253,324.32593,6685.7515,"spacetrack"
39474,"2026-08-23 23:56:03.784+00",0.0010837,15.887188,0.00314406,0.0024534,289.47537,322.2725,6684.0107,"spacetrack"
39474,"2026-08-24 12:00:57.037+00",0.0010386,15.890386,0.00305967,0.0024284,288.748,321.20654,6683.1143,"spacetrack"
39474,"2026-08-25 12:10:16.468+00",0.0010698,15.897127,0.00326015,0.0023722,287.2385,318.9369,6681.2246,"spacetrack"
39474,"2026-08-26 12:18:58.928+00",0.00099195,15.903767,0.00312266,0.0023211,285.72446,316.7314,6679.3647,"spacetrack"
39474,"2026-08-27 12:27:05.863+00",0.0010355,15.91035,0.00337167,0.00227,284.22745,314.5434,6677.5225,"spacetrack"
39474,"2026-08-28 12:34:35.709+00",0.00097133,15.917197,0.0032733,0.0022247,282.6191,312.32153,6675.6074,"spacetrack"
39474,"2026-08-29 12:41:23.692+00",0.0013681,15.926303,0.0048471,0.0021777,280.39368,309.45755,6673.0625,"spacetrack"
40021,"2026-08-22 17:55:24.252+00",0.0012999,15.849559,0.00313151,0.0005976,312.44824,320.4496,6694.586,"spacetrack"
40021,"2026-08-24 10:49:17.46+00",0.0013322,15.860206,0.00338653,0.000602,309.4242,317.48087,6691.5894,"spacetrack"
40021,"2026-08-25 03:28:32.134+00",0.0014053,15.8649435,0.00366648,0.0005949,308.14035,316.10043,6690.2573,"spacetrack"
40021,"2026-08-27 15:59:39.002+00",0.0014565,15.882283,0.00415742,0.0005654,303.47006,311.02988,6685.387,"spacetrack"
40021,"2026-08-28 04:05:23.648+00",0.001293,15.88579,0.00357804,0.000551,302.58307,309.94928,6684.4033,"spacetrack"
40021,"2026-08-29 10:19:00.282+00",0.0018833,15.896361,0.00549279,0.000561,299.554,307.05057,6681.4395,"spacetrack"
40970,"2026-08-22 09:46:15.106+00",0.0015461,15.795116,0.00298391,0.0025299,314.84772,348.7988,6709.9604,"spacetrack"
40970,"2026-08-23 10:04:46.973+00",0.0014533,15.800594,0.00287017,0.0024863,313.59323,346.95148,6708.409,"spacetrack"
40970,"2026-08-25 13:42:16.913+00",0.001558,15.814443,0.00328512,0.0022972,310.95404,341.75717,6704.4927,"spacetrack"
40970,"2026-08-26 07:54:51.958+00",0.0014168,15.819046,0.00304061,0.0022329,310.08734,340.02246,6703.192,"spacetrack"
40970,"2026-08-27 21:50:03.911+00",0.0015201,15.828846,0.00342548,0.0021392,307.95438,336.62146,6700.425,"spacetrack"
40970,"2026-08-28 22:05:25.239+00",0.0017863,15.835935,0.00419362,0.0020675,306.43915,334.13712,6698.4253,"spacetrack"
40970,"2026-08-29 07:10:59.789+00",0.0022308,15.83949,0.00539503,0.0020382,305.63507,332.93643,6697.423,"spacetrack"
40972,"2026-08-22 22:36:44.617+00",0.0015403,15.842783,0.00373335,0.0023471,302.64017,334.07486,6696.4946,"spacetrack"
40972,"2026-08-23 22:50:45.67+00",0.0017159,15.850912,0.00412936,0.0022301,301.13922,330.9967,6694.205,"spacetrack"
40972,"2026-08-24 07:55:49.243+00",0.0017426,15.85416,0.00425753,0.0021894,300.4992,329.80777,6693.2905,"spacetrack"
40972,"2026-08-25 21:45:43.353+00",0.0017101,15.867629,0.00445223,0.0020502,297.65073,325.08038,6689.5024,"spacetrack"
40972,"2026-08-26 21:57:26.498+00",0.0015242,15.875885,0.00412595,0.001957,295.95926,322.13287,6687.183,"spacetrack"
40972,"2026-08-27 22:08:27.225+00",0.00132,15.883554,0.00370226,0.001821,294.71982,319.06668,6685.0303,"spacetrack"
40972,"2026-08-28 20:48:11.414+00",0.0015451,15.8903,0.00448298,0.0017789,293.11258,316.88983,6683.138,"spacetrack"
40972,"2026-08-29 23:58:51.334+00",0.001663,15.902723,0.00513061,0.0016598,290.43314,312.60693,6679.657,"spacetrack"
41892,"2026-08-22 14:53:20.666+00",0.00043989,15.905153,0.0014386,0.0002961,298.86227,302.81757,6678.977,"spacetrack"
41892,"2026-08-23 22:31:03.722+00",0.00047068,15.909012,0.00157259,0.0003055,297.71985,301.80005,6677.897,"spacetrack"
41892,"2026-08-24 21:06:17.146+00",0.00046755,15.911849,0.00158543,0.0003087,296.9048,301.02722,6677.103,"spacetrack"
41892,"2026-08-25 21:11:34.851+00",0.00047798,15.915055,0.00161627,0.0003171,295.95218,300.18625,6676.206,"spacetrack"
41892,"2026-08-26 19:46:17.288+00",0.0004745,15.9179,0.00162851,0.0003304,295.0682,299.4793,6675.4106,"spacetrack"
41892,"2026-08-27 19:51:02.32+00",0.0004924,15.921012,0.00171782,0.0003302,294.19983,298.6077,6674.5405,"spacetrack"
41892,"2026-08-28 18:25:14.246+00",0.00046723,15.923887,0.00165461,0.0003301,293.3974,297.8034,6673.7373,"spacetrack"
41892,"2026-08-29 19:59:39.672+00",0.00054391,15.928025,0.00196917,0.0003326,292.2251,296.6637,6672.5815,"spacetrack"
43879,"2026-08-22 18:52:14.763+00",0.00099713,15.818324,0.00205127,0.0008059,319.8566,330.66113,6703.396,"spacetrack"
43879,"2026-08-24 19:26:27.569+00",0.0010458,15.827347,0.00224826,0.0007969,317.37112,328.05093,6700.848,"spacetrack"
43879,"2026-08-25 09:05:46.537+00",0.0011753,15.830099,0.00256857,0.0007949,316.60822,327.26,6700.0713,"spacetrack"
43879,"2026-08-26 09:21:59.497+00",0.0010347,15.83478,0.00230408,0.0007767,315.4108,325.81665,6698.7505,"spacetrack"
43879,"2026-08-27 09:37:46.665+00",0.0012109,15.839551,0.00277209,0.0007611,314.17108,324.36588,6697.4053,"spacetrack"
43879,"2026-08-28 18:58:47.391+00",0.0010008,15.845829,0.00234867,0.0007643,312.38208,322.61703,6695.6367,"spacetrack"
43879,"2026-08-29 08:37:07.883+00",0.0015119,15.849456,0.00366426,0.0007703,311.32123,321.63495,6694.615,"spacetrack"
44408,"2026-08-22 14:35:37.762+00",0.00041389,15.726335,0.00055679,0.0008181,345.8685,356.87933,6729.5107,"spacetrack"
44408,"2026-08-23 02:48:37.939+00",0.00042854,15.726918,0.00057812,0.0008183,345.7009,356.71414,6729.3447,"spacetrack"
44408,"2026-08-24 03:14:33.315+00",0.00041883,15.728134,0.00056782,0.0008071,345.42953,356.29147,6728.9976,"spacetrack"
44408,"2026-08-25 09:46:48.045+00",0.00044815,15.729598,0.00061175,0.0008028,345.04144,355.84485,6728.58,"spacetrack"
44408,"2026-08-26 14:47:16.834+00",0.00040515,15.730901,0.00055564,0.0008074,344.63934,355.50406,6728.2085,"spacetrack"
44408,"2026-08-27 13:41:14.257+00",0.00052032,15.73203,0.00071871,0.0007856,344.4641,355.03497,6727.8867,"spacetrack"
44408,"2026-08-28 14:06:41.333+00",0.00038608,15.733084,0.00053415,0.0007784,344.21243,354.68594,6727.5864,"spacetrack"
44408,"2026-08-29 14:32:01.865+00",0.00049439,15.734435,0.00068959,0.0007752,343.84897,354.2788,6727.2007,"spacetrack"
44499,"2026-08-27 20:58:17.836+00",0.00058121,15.720417,0.00078581,0.0005319,349.48218,356.64282,6731.1997,"spacetrack"
44499,"2026-08-28 22:53:44.153+00",0.00060305,15.721925,0.00082119,0.0005495,348.93356,356.33066,6730.769,"spacetrack"
44499,"2026-08-29 20:14:33.272+00",0.00056789,15.723537,0.00077797,0.0005596,348.40582,355.9384,6730.309,"spacetrack"
44741,"2026-08-22 20:02:04.713+00",0.00042701,15.83877,0.0009739,0.0002793,317.61807,321.35938,6697.6255,"spacetrack"
44741,"2026-08-24 14:25:54.986+00",0.00048742,15.842647,0.00113559,0.0002434,316.7661,320.026,6696.533,"spacetrack"
44741,"2026-08-26 22:26:24.512+00",0.00050687,15.848078,0.00121346,0.0002102,315.45868,318.27325,6695.003,"spacetrack"
44741,"2026-08-27 20:00:01.999+00",0.00051949,15.850044,0.00125632,0.0002044,314.944,317.6807,6694.449,"spacetrack"
44741,"2026-08-28 20:00:01.999+00",0.00050854,15.852299,0.00124297,0.0001997,314.3407,317.01422,6693.8145,"spacetrack"
44741,"2026-08-29 22:00:01.999+00",0.00079172,15.855369,0.00198511,0.0002085,313.4181,316.20905,6692.9507,"spacetrack"
44753,"2026-08-22 20:27:44.795+00",0.00043982,15.755346,0.00068217,0.0001967,341.78812,344.43225,6721.247,"spacetrack"
44753,"2026-08-23 19:17:50.62+00",0.00045967,15.756712,0.00071786,0.0002151,341.27634,344.16763,6720.859,"spacetrack"
44753,"2026-08-25 12:23:42.844+00",0.00045717,15.759227,0.00072196,0.0002567,340.2819,343.73203,6720.144,"spacetrack"
44753,"2026-08-27 11:34:24.645+00",0.00060735,15.762182,0.00097689,0.0003064,339.10797,343.2256,6719.3037,"spacetrack"
44753,"2026-08-29 19:52:17.246+00",0.00058169,15.766329,0.00095234,0.0002534,338.28625,341.691,6718.1255,"spacetrack"
44771,"2026-08-22 16:00:02+00",0.00060029,15.965772,0.0025726,0.0002871,282.0108,285.83615,6662.0605,"spacetrack"
44771,"2026-08-23 16:00:02+00",0.00056017,15.970981,0.00246909,0.0002766,280.63235,284.31702,6660.612,"spacetrack"
44771,"2026-08-24 16:00:02+00",0.00054084,15.976653,0.00245981,0.0002631,279.1461,282.65005,6659.035,"spacetrack"
44771,"2026-08-25 22:00:01.999+00",0.00059484,15.983571,0.00281651,0.0002311,277.43808,280.51498,6657.114,"spacetrack"
44771,"2026-08-26 22:00:02+00",0.0006427,15.9896345,0.00315281,0.0002522,275.61487,278.97186,6655.43,"spacetrack"
44771,"2026-08-27 20:00:01.999+00",0.0005173,15.995017,0.00261101,0.0002811,273.92987,277.67072,6653.9375,"spacetrack"
44771,"2026-08-28 20:00:01.999+00",0.00051628,16.001047,0.00269865,0.0003146,272.03592,276.22153,6652.2656,"spacetrack"
44771,"2026-08-29 21:09:18.836+00",0.00067931,16.009762,0.00374703,0.0003863,269.14523,274.2829,6649.851,"spacetrack"
44772,"2026-08-22 16:00:02+00",0.00018872,15.903995,0.0005564,0.0002368,299.58246,302.7458,6679.3013,"spacetrack"
44772,"2026-08-23 16:00:02+00",0.00043383,15.906904,0.00134464,0.0002059,298.97455,301.72476,6678.487,"spacetrack"
44772,"2026-08-24 16:00:02+00",0.00044765,15.910348,0.00141387,0.0001858,298.14542,300.62677,6677.523,"spacetrack"
44772,"2026-08-25 22:00:01.999+00",0.0007408,15.914419,0.00241284,0.000143,297.2924,299.2018,6676.3843,"spacetrack"
44772,"2026-08-26 22:00:02+00",0.00067593,15.917959,0.00223982,0.0001254,296.42017,298.09436,6675.394,"spacetrack"
44772,"2026-08-27 20:00:01.999+00",0.00060548,15.92144,0.00204001,0.0001352,295.3817,297.18646,6674.421,"spacetrack"
44772,"2026-08-28 20:00:01.999+00",0.00058182,15.924835,0.00199463,0.0001603,294.26587,296.40536,6673.4727,"spacetrack"
44772,"2026-08-29 22:00:01.999+00",0.00080821,15.930137,0.00286335,0.0001946,292.55646,295.1532,6671.9917,"spacetrack"
44927,"2026-08-22 14:23:14.57+00",0.00044261,15.784822,0.00078492,0.0006625,330.2929,339.18747,6712.8774,"spacetrack"
44927,"2026-08-23 22:17:42.312+00",0.00047371,15.787602,0.00085192,0.0006732,329.43378,338.47092,6712.0894,"spacetrack"
44927,"2026-08-24 22:36:08.334+00",0.0004655,15.789286,0.00084336,0.0006676,328.99448,337.95584,6711.6123,"spacetrack"
44927,"2026-08-25 22:54:24.813+00",0.00047422,15.791042,0.0008664,0.0006623,328.53253,337.42206,6711.1143,"spacetrack"
44927,"2026-08-26 23:12:31.907+00",0.0005516,15.792821,0.00101891,0.0006652,328.0097,336.9375,6710.611,"spacetrack"
44927,"2026-08-27 21:59:21.633+00",0.00051527,15.79448,0.00095784,0.0006483,327.65344,336.3538,6710.1406,"spacetrack"
44927,"2026-08-28 22:17:09.886+00",0.00052664,15.796141,0.00098692,0.0006489,327.17926,335.8871,6709.6704,"spacetrack"
44927,"2026-08-29 22:34:47.038+00",0.00051838,15.798361,0.00098115,0.0006372,326.62955,335.17953,6709.0415,"spacetrack"
44961,"2026-08-22 22:10:15.792+00",0.00043332,15.760734,0.00068853,0.0004726,338.4027,344.75418,6719.7153,"spacetrack"
44961,"2026-08-23 20:59:53.216+00",0.00049178,15.762283,0.00078862,0.0004685,337.99008,344.28604,6719.275,"spacetrack"
44961,"2026-08-24 21:20:40.921+00",0.00046182,15.763703,0.00074443,0.0004526,337.6937,343.77563,6718.8716,"spacetrack"
44961,"2026-08-25 06:28:26.562+00",0.00050282,15.76435,0.00081411,0.0004545,337.49722,343.6045,6718.688,"spacetrack"
44961,"2026-08-26 20:30:33.659+00",0.00048361,15.7667,0.00079072,0.0004433,336.90512,342.86133,6718.02,"spacetrack"
44961,"2026-08-27 19:19:40.153+00",0.00068237,15.768273,0.00113075,0.0004368,336.5021,342.37057,6717.573,"spacetrack"
44961,"2026-08-28 19:39:55.166+00",0.0004718,15.769544,0.00078101,0.0004483,336.06418,342.08685,6717.2124,"spacetrack"
44961,"2026-08-29 23:02:30.479+00",0.0004692,15.771798,0.00078473,0.0005328,334.85675,342.01395,6716.5723,"spacetrack"
45060,"2026-08-22 12:03:53.414+00",0.00043772,15.748483,0.00065855,0.0002011,343.71088,346.41495,6723.1997,"spacetrack"
45060,"2026-08-23 23:05:34.693+00",0.00043786,15.750518,0.00066471,0.0001978,343.1542,345.81366,6722.621,"spacetrack"
45060,"2026-08-24 21:56:05.694+00",0.00045747,15.751884,0.00069923,0.0002022,342.73584,345.4543,6722.232,"spacetrack"
45060,"2026-08-25 22:17:50.705+00",0.00045601,15.753405,0.00070167,0.000206,342.27783,345.0472,6721.7993,"spacetrack"
45060,"2026-08-26 21:08:06.849+00",0.00046991,15.754707,0.00072764,0.0002052,341.9127,344.67114,6721.4287,"spacetrack"
45060,"2026-08-27 23:00:56.806+00",0.00051161,15.75621,0.00079872,0.0002234,341.36307,344.366,6721.0015,"spacetrack"
45060,"2026-08-28 20:19:38.548+00",0.00052626,15.757433,0.00082648,0.0002133,341.08344,343.95047,6720.654,"spacetrack"
45060,"2026-08-29 22:12:11.254+00",0.0004851,15.759309,0.00076712,0.0002193,340.50977,343.4572,6720.1206,"spacetrack"
45062,"2026-08-22 16:00:02+00",0.00063831,15.881269,0.00181319,0.0004246,304.6957,310.37317,6685.6714,"spacetrack"
45062,"2026-08-23 16:00:02+00",0.00066431,15.884225,0.00191762,0.000414,303.9375,309.47253,6684.842,"spacetrack"
45062,"2026-08-24 16:00:02+00",0.00063606,15.887248,0.00186257,0.0004071,303.13605,308.57816,6683.994,"spacetrack"
45062,"2026-08-25 22:00:01.999+00",0.00042704,15.891316,0.00126505,0.0003782,302.18884,307.24377,6682.8535,"spacetrack"
45062,"2026-08-26 22:00:02+00",0.00045584,15.89424,0.00137261,0.0003561,301.51712,306.27606,6682.0337,"spacetrack"
45062,"2026-08-27 20:00:01.999+00",0.00041324,15.897097,0.00126013,0.0003503,300.7559,305.43674,6681.2334,"spacetrack"
45062,"2026-08-28 20:00:01.999+00",0.0003483,15.899882,0.00107368,0.0003291,300.11722,304.51428,6680.4526,"spacetrack"
45062,"2026-08-29 21:22:57.863+00",0.00053881,15.903727,0.00165121,0.000306,299.19543,303.2832,6679.3765,"spacetrack"
45100,"2026-08-22 02:42:04.785+00",0.0006044,15.761757,0.00097049,0.0004459,338.2916,344.284,6719.425,"spacetrack"
45100,"2026-08-23 21:18:26.019+00",0.00036694,15.764383,0.00059075,0.0003857,337.94998,343.13275,6718.678,"spacetrack"
45100,"2026-08-24 01:52:18.07+00",0.0003823,15.7648,0.00061714,0.0004098,337.66956,343.1761,6718.56,"spacetrack"
45100,"2026-08-25 02:12:51.031+00",0.00046115,15.7663555,0.00075216,0.0004263,337.11713,342.845,6718.118,"spacetrack"
45100,"2026-08-26 16:14:38.532+00",0.00046396,15.76897,0.00076576,0.0004214,336.4079,342.06927,6717.3755,"spacetrack"
45100,"2026-08-29 14:12:16.536+00",0.00053615,15.77331,0.00090479,0.0004379,335.06543,340.94742,6716.1436,"spacetrack"
45190,"2026-08-22 16:00:02+00",0.00052976,15.992757,0.00264897,0.0008067,271.05887,281.79535,6654.564,"spacetrack"
45190,"2026-08-23 22:00:02+00",0.0006241,15.999947,0.00325734,0.000756,269.4042,279.4629,6652.5703,"spacetrack"
45190,"2026-08-24 16:00:02+00",0.00053611,16.005646,0.00288613,0.0006881,268.2778,277.4309,6650.991,"spacetrack"
45190,"2026-08-25 06:38:25.988+00",0.00059736,16.009745,0.00329765,0.00069,267.13074,276.30756,6649.856,"spacetrack"
45190,"2026-08-26 03:36:40.541+00",0.00055491,16.015562,0.00316668,0.000646,265.81357,274.40308,6648.245,"spacetrack"
45190,"2026-08-27 03:34:06.276+00",0.00056302,16.022295,0.00334377,0.0006239,264.09933,272.3927,6646.383,"spacetrack"
45190,"2026-08-28 19:58:21.135+00",0.00065617,16.03435,0.00418947,0.0004745,261.762,268.06625,6643.0513,"spacetrack"
45190,"2026-08-29 19:53:58.258+00",0.00068975,16.043978,0.00467151,0.0005266,258.7597,265.75336,6640.3936,"spacetrack"
45206,"2026-08-22 07:14:42.647+00",0.00046436,15.802382,0.00089389,0.0006977,325.08618,334.4464,6707.9033,"spacetrack"
45206,"2026-08-23 16:38:07.738+00",0.00047843,15.804866,0.00093221,0.0006976,324.38458,333.74246,6707.2007,"spacetrack"
45206,"2026-08-24 16:54:57.508+00",0.00048405,15.80676,0.00095172,0.0006943,323.87137,333.18427,6706.665,"spacetrack"
45206,"2026-08-25 05:03:18.376+00",0.00050595,15.80778,0.00100035,0.0006886,323.6213,332.85733,6706.3765,"spacetrack"
45206,"2026-08-26 22:01:09.574+00",0.00049166,15.810884,0.00098579,0.0006819,322.78906,331.93402,6705.4985,"spacetrack"
45206,"2026-08-27 22:17:26.21+00",0.00053509,15.812755,0.00108407,0.0006794,322.27722,331.38794,6704.9697,"spacetrack"
45206,"2026-08-28 04:21:28.718+00",0.00049893,15.8132105,0.00101161,0.0006761,322.1708,331.2371,6704.841,"spacetrack"
45206,"2026-08-29 04:37:32.478+00",0.00066994,15.815272,0.00137967,0.0006666,321.65198,330.5901,6704.258,"spacetrack"
45223,"2026-08-22 13:08:13.837+00",0.00050355,15.787129,0.00090457,0.0006601,329.65567,338.51715,6712.2236,"spacetrack"
45223,"2026-08-23 22:33:26.905+00",0.00048845,15.791341,0.00089403,0.0006422,328.58307,337.20273,6711.03,"spacetrack"
45223,"2026-08-24 21:20:24.342+00",0.00047808,15.793028,0.00088151,0.0006391,328.12628,336.7037,6710.552,"spacetrack"
45223,"2026-08-25 21:38:19.848+00",0.00049024,15.794844,0.00091194,0.0006332,327.65176,336.14935,6710.0376,"spacetrack"
45223,"2026-08-26 23:27:11.92+00",0.00049855,15.796681,0.00093558,0.0006286,327.16245,335.59766,6709.517,"spacetrack"
45223,"2026-08-27 22:13:41.987+00",0.00053115,15.798267,0.00100525,0.0006194,326.7755,335.0867,6709.068,"spacetrack"
45223,"2026-08-28 22:31:08.955+00",0.0005488,15.800036,0.00104785,0.0006154,326.30194,334.55884,6708.5674,"spacetrack"
45223,"2026-08-29 22:48:24.347+00",0.00054855,15.802334,0.00105862,0.0006129,325.6689,333.89148,6707.917,"spacetrack"
45237,"2026-08-22 18:23:57.941+00",0.00044179,15.77255,0.00074093,0.0006476,333.87244,342.57147,6716.359,"spacetrack"
45237,"2026-08-23 11:07:37.011+00",0.00042915,15.773593,0.00072273,0.00064,333.62756,342.22415,6716.063,"spacetrack"
45237,"2026-08-24 17:32:14.658+00",0.00057123,15.775975,0.00097711,0.0005396,333.62613,340.87338,6715.3867,"spacetrack"
45237,"2026-08-25 07:13:14.216+00",0.00064691,15.777166,0.00111543,0.0006012,332.8746,340.9488,6715.049,"spacetrack"
45237,"2026-08-26 06:01:26.629+00",0.00043491,15.778554,0.00074919,0.000621,332.34824,340.68784,6714.6553,"spacetrack"
45237,"2026-08-27 23:03:54.308+00",0.0005201,15.781076,0.00090922,0.000624,331.61316,339.99216,6713.9395,"spacetrack"
45237,"2026-08-28 05:08:40.733+00",0.00046939,15.781447,0.00082041,0.000616,331.5617,339.83316,6713.8345,"spacetrack"
45237,"2026-08-29 16:05:56.844+00",0.00055787,15.784061,0.00098983,0.0006004,330.9255,338.9866,6713.0933,"spacetrack"
45360,"2026-08-22 17:20:37.275+00",0.0011263,16.061045,0.00845556,0.0003818,255.01785,260.08487,6635.6885,"spacetrack"
45360,"2026-08-23 17:13:19.681+00",0.00062993,16.07789,0.00526233,0.0002563,251.21597,254.61505,6631.0527,"spacetrack"
45360,"2026-08-24 17:04:59.536+00",0.0006356,16.089075,0.00570807,0.0003557,247.48445,252.1996,6627.979,"spacetrack"
45360,"2026-08-25 16:55:32.923+00",0.00063681,16.102898,0.00626213,0.0004307,243.19568,248.90175,6624.1855,"spacetrack"
45360,"2026-08-26 16:44:55.184+00",0.00065225,16.115831,0.00699374,0.0005177,239.07613,245.93114,6620.6406,"spacetrack"
45360,"2026-08-27 15:03:54.386+00",0.00062649,16.128359,0.00731597,0.0005631,235.34879,242.80109,6617.212,"spacetrack"
45360,"2026-08-28 22:16:37.822+00",0.00068071,16.14826,0.00911188,0.0006138,229.57898,237.69559,6611.7744,"spacetrack"
45360,"2026-08-29 16:05:33.729+00",0.00071751,16.16387,0.01069591,0.0006091,225.3554,233.40466,6607.517,"spacetrack"
45361,"2026-08-22 13:44:16.551+00",0.00060899,16.123234,0.00685655,0.000312,238.41246,242.54248,6618.6143,"spacetrack"
45361,"2026-08-24 16:16:08.498+00",0.00059307,16.155462,0.00835953,0.0005116,228.29051,235.05367,6609.809,"spacetrack"
45361,"2026-08-25 16:00:36.845+00",0.00059983,16.17395,0.00965061,0.0005789,222.81047,230.45747,6604.771,"spacetrack"
45361,"2026-08-26 15:43:21.626+00",0.00057276,16.194662,0.01092714,0.0006335,216.82121,225.18233,6599.1387,"spacetrack"
45361,"2026-08-27 22:47:42.642+00",0.0005861,16.227448,0.01452439,0.0006596,207.76305,216.45691,6590.247,"spacetrack"
45361,"2026-08-28 12:05:27.664+00",0.00057918,16.244764,0.016582,0.0006535,203.12209,211.72942,6585.563,"spacetrack"
45361,"2026-08-29 16:05:22.687+00",0.00065619,16.31438,0.0353761,0.0005283,185.20851,192.147,6566.815,"spacetrack"
45369,"2026-08-22 23:59:24.003+00",0.00047326,15.755333,0.00073491,0.0001369,342.19385,344.03412,6721.251,"spacetrack"
45369,"2026-08-23 22:49:30.668+00",0.000111,15.756238,0.00016697,6.48e-05,342.42102,343.29208,6720.9937,"spacetrack"
45369,"2026-08-25 20:29:18.737+00",0.00046813,15.759722,0.00074113,5.33e-05,341.50787,342.2242,6720.003,"spacetrack"
45369,"2026-08-26 11:42:28.024+00",0.00045487,15.760679,0.00072286,3.77e-05,341.34064,341.8473,6719.731,"spacetrack"
45369,"2026-08-28 20:00:37.99+00",0.00053392,15.764316,0.00086485,2.09e-05,340.42023,340.70105,6718.6978,"spacetrack"
45369,"2026-08-29 21:52:29.142+00",0.00031034,15.766204,0.000502,0.0001424,339.06732,340.98065,6718.161,"spacetrack"
45375,"2026-08-22 18:41:27.557+00",0.0004514,15.752623,0.00069204,0.0001878,342.62256,345.14734,6722.022,"spacetrack"
45375,"2026-08-24 20:56:02.745+00",0.00044888,15.755578,0.00069721,0.0002428,341.4124,344.6762,6721.181,"spacetrack"
45375,"2026-08-25 21:17:27.223+00",0.00044929,15.757087,0.00070257,0.0002624,340.85193,344.37897,6720.7524,"spacetrack"
45375,"2026-08-27 11:20:38.069+00",0.00058694,15.759395,0.00093181,0.0003093,339.88055,344.0376,6720.096,"spacetrack"
45375,"2026-08-28 19:18:15.634+00",0.00045467,15.761113,0.00072409,0.0003347,339.22165,343.71976,6719.608,"spacetrack"
45375,"2026-08-29 10:31:19.761+00",0.00065263,15.762339,0.00105196,0.0003596,338.7062,343.5387,6719.2593,"spacetrack"
45377,"2026-08-22 16:00:02+00",0.00048256,15.853497,0.00118515,0.0001875,314.0853,316.59534,6693.4775,"spacetrack"
45377,"2026-08-23 22:00:02+00",0.00075406,15.856474,0.00189866,0.0002401,312.89557,316.10938,6692.6396,"spacetrack"
45377,"2026-08-24 16:00:02+00",0.00047777,15.858746,0.00120398,0.0002568,312.1447,315.58173,6692,"spacetrack"
45377,"2026-08-25 22:00:01.999+00",0.00067612,15.862126,0.00174622,0.0003106,310.8343,314.99075,6691.0493,"spacetrack"
45377,"2026-08-26 19:00:49.892+00",0.00053264,15.864535,0.00138468,0.0003351,309.99307,314.47696,6690.372,"spacetrack"
45377,"2026-08-27 17:41:26.922+00",0.00095249,15.867831,0.00255683,0.000419,308.5057,314.11148,6689.446,"spacetrack"
45377,"2026-08-28 20:00:01.999+00",0.00072256,15.8696575,0.00194157,0.00041,308.0529,313.5378,6688.932,"spacetrack"
45377,"2026-08-29 22:00:01.999+00",0.00055675,15.873756,0.00151761,0.0004373,306.71918,312.5683,6687.781,"spacetrack"
45379,"2026-08-22 16:00:02+00",0.00052028,15.95988,0.00215624,0.000556,281.8578,289.26782,6663.6997,"spacetrack"
45379,"2026-08-23 22:00:02+00",0.00060307,15.965751,0.00258868,0.0006248,279.76688,288.0918,6662.0664,"spacetrack"
45379,"2026-08-24 16:00:02+00",0.0005264,15.97168,0.00233202,0.0006629,277.86514,286.69553,6660.4175,"spacetrack"
45379,"2026-08-25 18:49:57.953+00",0.00051656,15.97757,0.00236704,0.000773,275.4963,285.79077,6658.781,"spacetrack"
45379,"2026-08-26 18:50:52.803+00",0.00063667,15.9829,0.00301421,0.0007543,274.1413,284.18448,6657.3,"spacetrack"
45379,"2026-08-27 18:51:19.957+00",0.00052125,15.987995,0.0025351,0.0007848,272.52475,282.97183,6655.8853,"spacetrack"
45379,"2026-08-28 20:00:01.999+00",0.00054176,15.993438,0.00272169,0.0008573,270.53345,281.94302,6654.375,"spacetrack"
45379,"2026-08-29 22:00:01.999+00",0.00058957,16.001467,0.00310644,0.0008821,268.1441,279.87982,6652.149,"spacetrack"
45383,"2026-08-22 22:43:31.763+00",0.00038192,15.732511,0.00053453,0.0002465,347.95422,351.271,6727.7495,"spacetrack"
45383,"2026-08-24 17:24:41.205+00",0.00042564,15.734819,0.00060285,0.0001154,348.17807,349.73068,6727.0913,"spacetrack"
45383,"2026-08-25 10:10:44.611+00",0.00041687,15.735807,0.00059277,0.0001625,347.57977,349.766,6726.81,"spacetrack"
45383,"2026-08-26 19:42:40.725+00",0.00047854,15.737689,0.00068772,9.79e-05,347.47818,348.79517,6726.2734,"spacetrack"
45383,"2026-08-29 17:48:40.175+00",0.00053675,15.741934,0.0007874,7.82e-05,346.4016,347.45343,6725.0645,"spacetrack"
45384,"2026-08-22 18:46:54.706+00",3.5267e-05,15.795755,5.878e-05,0.0001933,330.3454,332.9394,6709.7793,"spacetrack"
45384,"2026-08-23 09:57:59.393+00",0.0005503,15.796541,0.00103279,7.75e-05,330.8998,331.9398,6709.5566,"spacetrack"
45384,"2026-08-24 19:22:08.692+00",0.00039436,15.798738,0.00074316,0.0001901,329.52274,332.07346,6708.935,"spacetrack"
45384,"2026-08-25 09:01:55.531+00",0.00034873,15.800259,0.00066034,0.0002151,328.92456,331.81055,6708.5044,"spacetrack"
45384,"2026-08-26 18:25:33.16+00",0.00032879,15.803176,0.00063043,0.0002633,327.77567,331.30792,6707.6787,"spacetrack"
45384,"2026-08-27 20:00:01.999+00",0.00082406,15.805124,0.0016236,0.0002933,327.02335,330.95773,6707.1274,"spacetrack"
45384,"2026-08-28 17:28:16.59+00",0.00047655,15.8069725,0.00093647,0.000305,326.42218,330.5132,6706.6045,"spacetrack"
45384,"2026-08-29 22:00:01.999+00",0.00041533,15.811602,0.000832,0.0003427,324.86078,329.4566,6705.296,"spacetrack"
45386,"2026-08-22 16:00:02+00",0.00047465,15.87018,0.00126649,0.000454,307.6119,313.68533,6688.7856,"spacetrack"
45386,"2026-08-23 22:00:02+00",0.0005353,15.873773,0.00145831,0.000505,306.26205,313.01672,6687.7764,"spacetrack"
45386,"2026-08-24 16:00:02+00",0.00062081,15.875852,0.00171507,0.0005215,305.56805,312.5428,6687.1924,"spacetrack"
45386,"2026-08-25 22:00:01.999+00",0.00054007,15.879744,0.00151702,0.0005678,304.16638,311.75912,6686.0996,"spacetrack"
45386,"2026-08-26 22:00:02+00",0.00039521,15.882658,0.00111943,0.0006085,303.07678,311.2128,6685.2817,"spacetrack"
45386,"2026-08-27 20:00:01.999+00",0.00053027,15.88514,0.00153077,0.0006402,302.16876,310.72772,6684.5854,"spacetrack"
45386,"2026-08-28 20:00:01.999+00",0.00046862,15.887868,0.00136821,0.0006656,301.23438,310.13187,6683.8203,"spacetrack"
45386,"2026-08-29 22:00:01.999+00",0.00055314,15.892216,0.00165788,0.0007015,299.7764,309.1521,6682.601,"spacetrack"
45387,"2026-08-22 16:00:02+00",0.00054063,15.780713,0.00094355,0.0003783,333.3656,338.44543,6714.0425,"spacetrack"
45387,"2026-08-23 22:00:02+00",0.00088064,15.7843075,0.00157819,0.0004242,332.03854,337.73386,6713.0234,"spacetrack"
45387,"2026-08-24 16:00:02+00",0.00060281,15.786836,0.00108431,0.0004445,331.18597,337.1532,6712.3066,"spacetrack"
45387,"2026-08-25 22:00:01.999+00",0.00047498,15.790904,0.00086672,0.0004813,329.78647,336.2466,6711.1533,"spacetrack"
45387,"2026-08-26 22:00:02+00",0.00046052,15.793747,0.00085103,0.0005189,328.72928,335.6933,6710.348,"spacetrack"
45387,"2026-08-27 20:00:01.999+00",0.00071186,15.79632,0.00134264,0.0005557,327.75394,335.211,6709.6196,"spacetrack"
45387,"2026-08-28 20:00:01.999+00",0.00061268,15.799139,0.00116738,0.0005927,326.708,334.66064,6708.8213,"spacetrack"
45387,"2026-08-29 22:00:01.999+00",0.00058084,15.803646,0.00112909,0.0006139,325.29108,333.52658,6707.546,"spacetrack"
45389,"2026-08-22 14:22:40.535+00",0.00055551,15.8278265,0.00120812,0.0001463,321.5952,323.55585,6700.7124,"spacetrack"
45389,"2026-08-23 22:00:02+00",0.00026567,15.830994,0.00057846,0.0001994,320.3458,323.0177,6699.819,"spacetrack"
45389,"2026-08-24 16:00:02+00",0.00029901,15.832581,0.00065751,0.0002191,319.7664,322.70206,6699.371,"spacetrack"
45389,"2026-08-25 16:37:02.611+00",0.00048281,15.834709,0.00108233,0.0002379,319.03998,322.22726,6698.7705,"spacetrack"
45389,"2026-08-27 20:00:01.999+00",0.00061928,15.839232,0.00142636,0.0003124,317.26614,321.45074,6697.4956,"spacetrack"
45389,"2026-08-28 14:16:56.804+00",0.00049554,15.840934,0.00114552,0.0003277,316.6841,321.07336,6697.0156,"spacetrack"
45389,"2026-08-29 22:00:01.999+00",0.00054897,15.844592,0.00129456,0.0003539,315.47815,320.2176,6695.985,"spacetrack"
45390,"2026-08-22 14:06:26.602+00",0.0010917,15.801646,0.00213241,0.0004514,326.94666,333.00275,6708.112,"spacetrack"
45390,"2026-08-23 03:46:10.185+00",0.00049384,15.80178,0.00094787,0.0003011,327.917,331.9566,6708.0737,"spacetrack"
45390,"2026-08-24 19:13:52.777+00",0.00049259,15.8049965,0.00095973,0.0003189,326.88782,331.16565,6707.1636,"spacetrack"
45390,"2026-08-26 18:16:16.784+00",0.00048673,15.808883,0.00096551,0.0003351,325.6803,330.1747,6706.0645,"spacetrack"
45390,"2026-08-27 18:32:44.353+00",0.00061408,15.810864,0.00123516,0.0003735,324.86246,329.87146,6705.504,"spacetrack"
45390,"2026-08-29 17:34:06.732+00",0.00056492,15.81494,0.00115643,0.0003929,323.58066,328.84894,6704.3516,"spacetrack"
45395,"2026-08-22 16:00:02+00",0.00046113,15.848257,0.00110285,0.0002156,315.37213,318.25897,6694.9526,"spacetrack"
45395,"2026-08-23 22:00:02+00",0.00077841,15.851157,0.00191079,0.0002601,314.25766,317.73996,6694.1357,"spacetrack"
45395,"2026-08-24 16:00:02+00",0.00055378,15.853327,0.00136295,0.0002685,313.59082,317.18524,6693.525,"spacetrack"
45395,"2026-08-25 22:00:01.999+00",0.00070951,15.856561,0.00178468,0.0003192,312.3417,316.6143,6692.615,"spacetrack"
45395,"2026-08-26 19:53:44.915+00",0.00049295,15.858975,0.00124458,0.0003249,311.62442,315.97284,6691.9355,"spacetrack"
45395,"2026-08-27 20:00:01.999+00",0.00067527,15.86123,0.00173651,0.0003929,310.53546,315.7935,6691.3013,"spacetrack"
45395,"2026-08-28 20:00:01.999+00",0.00039736,15.864185,0.00102533,0.0004369,309.4105,315.25662,6690.4707,"spacetrack"
45395,"2026-08-29 22:00:01.999+00",0.0004811,15.867876,0.00126937,0.0004565,308.2423,314.34976,6689.433,"spacetrack"
45399,"2026-08-22 19:51:28.358+00",0.00019308,15.730838,0.00026436,0.0002672,348.29172,351.88727,6728.2266,"spacetrack"
45399,"2026-08-23 23:18:05.772+00",0.00042847,15.732737,0.00060156,0.0003026,347.51242,351.584,6727.685,"spacetrack"
45399,"2026-08-24 17:35:45.673+00",0.00042139,15.733745,0.00059405,0.000319,347.1148,351.4069,6727.398,"spacetrack"
45399,"2026-08-25 17:59:12.309+00",0.00045074,15.735112,0.00064,0.0003375,346.60056,351.1413,6727.008,"spacetrack"
45399,"2026-08-27 11:08:29.533+00",0.00055919,15.7372875,0.00080466,0.0003823,345.6795,350.82248,6726.388,"spacetrack"
45399,"2026-08-28 13:03:03.641+00",0.0003904,15.738802,0.00056203,0.0004671,344.67792,350.9613,6725.9565,"spacetrack"
45399,"2026-08-29 16:28:55.615+00",0.00050352,15.740193,0.00073251,0.0004144,344.6362,350.21036,6725.56,"spacetrack"
45408,"2026-08-22 16:00:02+00",0.00044263,15.863182,0.00113848,0.0002887,310.68387,314.5471,6690.7524,"spacetrack"
45408,"2026-08-23 22:00:02+00",0.00063394,15.8663225,0.00166941,0.0003414,309.4488,314.01663,6689.8696,"spacetrack"
45408,"2026-08-24 16:00:02+00",0.00050616,15.86858,0.00134126,0.0003585,308.7,313.4962,6689.235,"spacetrack"
45408,"2026-08-25 22:00:01.999+00",0.00058643,15.872607,0.00159106,0.0004087,307.23325,312.7001,6688.1035,"spacetrack"
45408,"2026-08-26 22:00:02+00",0.00052818,15.875463,0.0014505,0.0004493,306.16006,312.16928,6687.302,"spacetrack"
45408,"2026-08-27 20:00:01.999+00",0.00074196,15.877796,0.00207936,0.0004768,305.32117,311.69754,6686.6465,"spacetrack"
45408,"2026-08-28 20:00:01.999+00",0.00063664,15.880366,0.00180055,0.0005087,304.38672,311.18896,6685.925,"spacetrack"
45408,"2026-08-29 22:00:01.999+00",0.00033999,15.884898,0.00097085,0.0005418,302.89462,310.13812,6684.6533,"spacetrack"
45414,"2026-08-22 13:20:44.901+00",0.00045092,15.832798,0.00100021,0.0002192,319.70438,322.64136,6699.31,"spacetrack"
45414,"2026-08-23 22:00:02+00",0.00069851,15.835713,0.00158584,0.0002785,318.48505,322.21613,6698.488,"spacetrack"
45414,"2026-08-24 16:00:02+00",0.00053993,15.83752,0.00122967,0.0002887,317.90747,321.77487,6697.978,"spacetrack"
45414,"2026-08-25 18:35:24.979+00",0.00050038,15.840118,0.00115231,0.0003153,316.99683,321.22012,6697.2456,"spacetrack"
45414,"2026-08-26 17:18:08.642+00",0.00048086,15.842223,0.0011179,0.0003458,316.1997,320.83112,6696.6523,"spacetrack"
45414,"2026-08-27 17:31:31.445+00",0.00059402,15.844519,0.00140264,0.0003727,315.37305,320.36426,6696.006,"spacetrack"
45414,"2026-08-28 11:41:23.521+00",0.00048362,15.846666,0.00114919,0.0004171,314.4709,320.05618,6695.4004,"spacetrack"
45414,"2026-08-29 22:00:01.999+00",0.00059342,15.850691,0.00144434,0.0004293,313.25638,319.0041,6694.267,"spacetrack"
45417,"2026-08-22 19:26:31.448+00",0.00063367,15.737373,0.00091403,0.0002667,346.43274,350.02057,6726.364,"spacetrack"
45417,"2026-08-23 19:49:35.977+00",0.00060025,15.739294,0.00087222,0.0002135,346.2434,349.11533,6725.8164,"spacetrack"
45417,"2026-08-24 17:09:39.018+00",0.00072428,15.740878,0.00106343,0.0002217,345.73727,348.7193,6725.365,"spacetrack"
45417,"2026-08-26 19:26:23.309+00",0.00061244,15.744679,0.00091148,0.0001361,345.23047,347.06082,6724.2827,"spacetrack"
45417,"2026-08-27 16:45:59.678+00",0.00086577,15.746539,0.00130783,0.0001814,344.39648,346.83588,6723.7534,"spacetrack"
45417,"2026-08-28 18:39:38.399+00",0.00051662,15.748188,0.00077855,0.0002459,343.4936,346.8001,6723.2837,"spacetrack"
45417,"2026-08-29 17:30:20.042+00",0.00073212,15.7503195,0.0011208,0.0001569,343.4855,345.5951,6722.6772,"spacetrack"
45419,"2026-08-22 20:38:55.114+00",0.0004509,15.731802,0.00063109,0.0003493,347.46445,352.16458,6727.9517,"spacetrack"
45419,"2026-08-23 11:53:42.051+00",0.00046603,15.732566,0.00065492,0.0004244,346.74155,352.45206,6727.734,"spacetrack"
45419,"2026-08-24 21:26:03.193+00",0.00044983,15.734439,0.00063686,0.000376,346.53363,351.59247,6727.2,"spacetrack"
45419,"2026-08-25 20:17:58.471+00",0.00044841,15.735731,0.00063842,0.0003908,346.06567,351.32336,6726.8315,"spacetrack"
45419,"2026-08-26 20:41:14.224+00",0.00046173,15.737033,0.0006615,0.000414,345.53882,351.10834,6726.4604,"spacetrack"
45419,"2026-08-27 18:01:29.565+00",0.00056107,15.738223,0.00081079,0.0004281,345.105,350.86392,6726.1216,"spacetrack"
45419,"2026-08-28 19:55:58.043+00",0.00032879,15.73941,0.00047309,0.0004705,344.4817,350.81067,6725.783,"spacetrack"
45419,"2026-08-29 17:16:00.235+00",0.00039193,15.741093,0.00056995,0.0004666,344.0291,350.30518,6725.304,"spacetrack"
45531,"2026-08-22 16:00:02+00",0.00064473,15.864572,0.00168365,0.0003239,310.05777,314.39178,6690.362,"spacetrack"
45531,"2026-08-23 22:00:02+00",0.0004109,15.868139,0.00108181,0.0003563,308.83853,313.60535,6689.359,"spacetrack"
45531,"2026-08-24 16:00:02+00",0.00077241,15.869796,0.00208063,0.000386,308.1746,313.3384,6688.8936,"spacetrack"
45531,"2026-08-25 15:58:03.976+00",0.00043071,15.872363,0.00115976,0.0005024,306.67514,313.39542,6688.1724,"spacetrack"
45531,"2026-08-26 22:00:02+00",0.0003199,15.876032,0.00087213,0.0004397,306.0644,311.94507,6687.1416,"spacetrack"
45531,"2026-08-27 20:00:01.999+00",0.00045771,15.878579,0.00127306,0.0004673,305.16507,311.41418,6686.427,"spacetrack"
45531,"2026-08-28 20:00:01.999+00",0.00035271,15.880839,0.00098718,0.000485,304.41263,310.89786,6685.7925,"spacetrack"
45531,"2026-08-29 22:00:01.999+00",0.0005127,15.884409,0.00147251,0.0004952,303.3431,309.9637,6684.7905,"spacetrack"
45532,"2026-08-22 14:32:00.935+00",0.000363,15.813456,0.00073172,0.0003339,324.3958,328.87326,6704.7715,"spacetrack"
45532,"2026-08-23 22:00:02+00",0.00010487,15.817053,0.00020859,0.000338,323.35217,327.8839,6703.755,"spacetrack"
45532,"2026-08-24 16:00:02+00",0.00045742,15.81816,0.00094679,0.000364,322.8652,327.7453,6703.4424,"spacetrack"
45532,"2026-08-25 22:00:01.999+00",7.0598e-05,15.821051,0.00014067,0.0003779,321.95572,327.02158,6702.6255,"spacetrack"
45532,"2026-08-26 12:32:57.558+00",0.0004457,15.821744,0.00093794,0.000393,321.65863,326.92673,6702.4297,"spacetrack"
45532,"2026-08-27 15:50:08.056+00",0.00053806,15.823901,0.00114819,0.0004159,320.89627,326.47086,6701.821,"spacetrack"
45532,"2026-08-28 22:08:58.027+00",0.00053057,15.826168,0.0011443,0.0004476,320.0441,326.04297,6701.1807,"spacetrack"
45532,"2026-08-29 16:20:07.149+00",0.00057546,15.828008,0.00125429,0.0004946,319.2102,325.8385,6700.661,"spacetrack"
45542,"2026-08-22 16:34:28.855+00",0.0006646,15.767906,0.00109855,0.0002469,337.88196,341.19916,6717.6777,"spacetrack"
45542,"2026-08-23 16:54:45.615+00",0.00056857,15.769443,0.00094362,0.0002782,337.23563,340.9731,6717.241,"spacetrack"
45542,"2026-08-24 08:07:21.872+00",0.00048565,15.770274,0.00080673,0.0002884,336.93088,340.80524,6717.005,"spacetrack"
45542,"2026-08-25 16:03:33.755+00",0.00047002,15.773066,0.00079029,0.0003585,335.66785,340.4834,6716.2124,"spacetrack"
45542,"2026-08-26 13:20:53.028+00",0.00043602,15.774387,0.00073654,0.0003702,335.21423,340.18665,6715.8374,"spacetrack"
45542,"2026-08-27 13:40:33.072+00",0.00057358,15.7758875,0.00098045,0.0004011,334.5812,339.96832,6715.4116,"spacetrack"
45542,"2026-08-28 15:31:17.943+00",0.00042787,15.777385,0.00073247,0.000409,334.1034,339.59625,6714.987,"spacetrack"
45542,"2026-08-29 12:48:15.744+00",0.00051494,15.778978,0.00089095,0.0004317,333.49902,339.29633,6714.5347,"spacetrack"
45544,"2026-08-22 17:31:49.536+00",0.00047188,15.791682,0.00086372,0.000338,330.52783,335.06442,6710.933,"spacetrack"
45544,"2026-08-24 13:34:25.509+00",0.00047369,15.79493,0.00088025,0.0003809,329.32016,334.43185,6710.013,"spacetrack"
45544,"2026-08-25 07:47:45.318+00",0.00050083,15.796303,0.00093763,0.0004065,328.76,334.21494,6709.6245,"spacetrack"
45544,"2026-08-26 15:40:51.438+00",0.0004406,15.798583,0.00083174,0.0004453,327.85437,333.8294,6708.979,"spacetrack"
45544,"2026-08-27 20:00:01.999+00",0.00042977,15.800628,0.00081871,0.000469,327.1166,333.4091,6708.4,"spacetrack"
45544,"2026-08-28 00:00:03+00",0.00056746,15.800688,0.00108694,0.0004722,327.07825,333.41364,6708.383,"spacetrack"
45544,"2026-08-29 15:01:34.929+00",0.0005269,15.803852,0.00102289,0.0005082,325.9417,332.75922,6707.4873,"spacetrack"
45555,"2026-08-22 13:58:55.227+00",0.00050427,15.818989,0.00105015,0.0004833,321.83127,328.31058,6703.208,"spacetrack"
45555,"2026-08-23 22:00:02+00",6.4258e-05,15.821934,0.00012795,0.0005235,320.7305,327.74786,6702.376,"spacetrack"
45555,"2026-08-24 16:00:02+00",0.00051678,15.823041,0.00109788,0.0005555,320.20355,327.64954,6702.0635,"spacetrack"
45555,"2026-08-25 22:00:01.999+00",0.00012313,15.825854,0.00025699,0.0005728,319.2937,326.97067,6701.269,"spacetrack"
45555,"2026-08-26 11:58:04.983+00",0.00043118,15.826605,0.00092865,0.0005925,318.94998,326.89075,6701.057,"spacetrack"
45555,"2026-08-27 16:45:34.699+00",0.00054853,15.82985,0.00120538,0.0005775,318.1352,325.87384,6700.1416,"spacetrack"
45555,"2026-08-28 13:58:18.595+00",0.0004331,15.831386,0.00095441,0.0005875,317.63504,325.5072,6699.708,"spacetrack"
45555,"2026-08-29 20:16:09.619+00",0.00052073,15.835135,0.00117272,0.0006237,316.33548,324.69138,6698.6504,"spacetrack"
45564,"2026-08-29 16:20:36.203+00",0.00047135,15.727525,0.00064798,0.000184,349.7962,352.27255,6729.1714,"spacetrack"
45565,"2026-08-22 10:51:47.377+00",0.0004356,15.791002,0.00079475,0.0007406,328.0185,337.959,6711.126,"spacetrack"
45565,"2026-08-23 15:43:17.359+00",0.00041349,15.793099,0.0007608,0.0006813,327.82278,336.96655,6710.5317,"spacetrack"
45565,"2026-08-24 20:34:34.619+00",0.00043408,15.79497,0.00080671,0.0007852,326.59625,337.13367,6710.002,"spacetrack"
45565,"2026-08-25 08:43:28.224+00",0.00047359,15.795893,0.00088529,0.0007816,326.35913,336.84778,6709.74,"spacetrack"
45565,"2026-08-26 12:03:20.257+00",0.00041287,15.797764,0.00077659,0.0007876,325.78958,336.35794,6709.211,"spacetrack"
45565,"2026-08-27 12:20:50.323+00",0.00050428,15.799394,0.00095928,0.0008002,325.2438,335.98047,6708.749,"spacetrack"
45565,"2026-08-28 18:42:30.144+00",0.00045242,15.801372,0.00086691,0.0008141,324.59116,335.51343,6708.1895,"spacetrack"
45565,"2026-08-29 08:22:10.068+00",0.00065303,15.802654,0.0012676,0.0008033,324.301,335.0778,6707.826,"spacetrack"
45567,"2026-08-22 14:19:12.902+00",0.0004231,15.769344,0.00069835,0.0004164,336.33508,341.92923,6717.269,"spacetrack"
45567,"2026-08-23 17:41:50.011+00",0.00044319,15.771258,0.00073837,0.0003718,336.0913,341.08588,6716.7256,"spacetrack"
45567,"2026-08-24 18:01:47.268+00",0.00041733,15.772809,0.00069945,0.0003851,335.56192,340.7348,6716.285,"spacetrack"
45567,"2026-08-25 16:50:21.621+00",0.00043287,15.77435,0.0007311,0.0004244,334.8609,340.5613,6715.848,"spacetrack"
45567,"2026-08-26 17:10:01.962+00",0.00039299,15.775809,0.00066699,0.0004245,334.44626,340.14767,6715.434,"spacetrack"
45567,"2026-08-27 15:58:21.414+00",0.00034357,15.776948,0.00058479,0.0004865,333.70682,340.2406,6715.111,"spacetrack"
45567,"2026-08-28 20:51:23.6+00",0.00052065,15.778865,0.00090068,0.0004858,333.168,339.6919,6714.567,"spacetrack"
45567,"2026-08-29 15:05:50.128+00",0.00046351,15.780235,0.00080518,0.0005014,332.67465,339.40762,6714.178,"spacetrack"
45573,"2026-08-22 13:55:51.993+00",0.00026098,15.7762785,0.00044042,0.0004021,334.46344,339.8639,6715.301,"spacetrack"
45573,"2026-08-23 17:17:46.716+00",-9.3653e-05,15.77741,-0.00016687,0.0004517,333.8095,339.87582,6714.9795,"spacetrack"
45573,"2026-08-25 14:53:51.904+00",0.00043424,15.781139,0.00075664,0.0005315,332.21616,339.35306,6713.9214,"spacetrack"
45573,"2026-08-26 10:39:20.668+00",0.00040017,15.782385,0.00070022,0.0005424,331.7901,339.07297,6713.5684,"spacetrack"
45573,"2026-08-27 10:58:16.318+00",0.00056702,15.783929,0.00100558,0.0005548,331.2693,338.71817,6713.131,"spacetrack"
45573,"2026-08-28 20:00:01.999+00",-5.1819e-05,15.786197,-9.914e-05,0.0005757,330.48642,338.21518,6712.488,"spacetrack"
45573,"2026-08-29 20:42:39.463+00",0.00046819,15.787799,0.00084232,0.0005983,329.88074,337.91235,6712.0337,"spacetrack"
45578,"2026-08-22 13:18:08.189+00",0.00043265,15.7715225,0.00072135,0.0003672,336.0473,340.98,6716.651,"spacetrack"
45578,"2026-08-23 18:11:40.569+00",0.00047522,15.774968,0.0008061,0.0003628,335.09903,339.97192,6715.6724,"spacetrack"
45578,"2026-08-24 17:00:03.845+00",0.00032976,15.776273,0.00055896,0.00035,334.81488,339.5156,6715.3022,"spacetrack"
45578,"2026-08-25 15:48:19.155+00",0.00041514,15.777919,0.00071198,0.0003885,334.08957,339.307,6714.8354,"spacetrack"
45578,"2026-08-26 19:10:03.888+00",0.00048635,15.779644,0.00084312,0.0004184,333.39948,339.01804,6714.3457,"spacetrack"
45578,"2026-08-27 14:55:39.819+00",0.00050362,15.780811,0.00087831,0.0004369,332.94437,338.81107,6714.0146,"spacetrack"
45578,"2026-08-28 15:14:44.506+00",0.00041181,15.782197,0.00072015,0.0004549,332.43066,338.53873,6713.6216,"spacetrack"
45578,"2026-08-29 14:02:29.744+00",0.00050014,15.783893,0.00088454,0.0004634,331.89316,338.1149,6713.141,"spacetrack"
45582,"2026-08-22 16:00:02+00",0.00068825,15.884254,0.00199127,0.0007071,301.9699,311.4236,6684.834,"spacetrack"
45582,"2026-08-23 22:00:02+00",0.00038019,15.888065,0.00110668,0.0007191,300.82156,310.43414,6683.7646,"spacetrack"
45582,"2026-08-24 16:00:02+00",0.00065287,15.889881,0.00194206,0.000759,300.0462,310.19138,6683.256,"spacetrack"
45582,"2026-08-25 22:00:01.999+00",0.00044333,15.893746,0.0012869,0.0007603,298.95453,309.11545,6682.172,"spacetrack"
45582,"2026-08-26 22:00:02+00",0.00046935,15.896408,0.00138355,0.0007748,298.11227,308.46582,6681.4263,"spacetrack"
45582,"2026-08-27 20:00:01.999+00",0.00043914,15.899215,0.00131138,0.0007846,297.26105,307.74432,6680.6396,"spacetrack"
45582,"2026-08-28 20:00:01.999+00",0.00036316,15.901967,0.00109423,0.0007912,296.44675,307.01697,6679.8687,"spacetrack"
45582,"2026-08-29 22:00:01.999+00",0.00078473,15.9059925,0.00245509,0.0007931,295.308,305.90182,6678.7417,"spacetrack"
45586,"2026-08-22 03:53:06.726+00",0.00048157,15.778152,0.00082931,0.0005262,333.09863,340.16528,6714.769,"spacetrack"
45586,"2026-08-23 11:48:25.905+00",0.00043545,15.78023,0.00075564,0.0005265,332.50775,339.5778,6714.1797,"spacetrack"
45586,"2026-08-24 10:36:21.807+00",0.00040182,15.781644,0.00070082,0.0005486,331.9584,339.32474,6713.779,"spacetrack"
45586,"2026-08-25 10:55:20.492+00",0.00043026,15.783535,0.00075767,0.0004689,331.95743,338.2531,6713.242,"spacetrack"
45586,"2026-08-26 11:14:10.73+00",0.00039693,15.784906,0.00070251,0.0005508,331.01892,338.41382,6712.8535,"spacetrack"
45586,"2026-08-27 11:32:52.171+00",0.00050665,15.786474,0.00090721,0.0005722,330.4311,338.11276,6712.409,"spacetrack"
45586,"2026-08-28 08:49:06.343+00",0.00051795,15.787773,0.00093348,0.0006065,329.833,337.9747,6712.041,"spacetrack"
45586,"2026-08-29 18:14:22.409+00",0.0005619,15.790459,0.00102671,0.0005784,329.26086,337.02448,6711.28,"spacetrack"
45589,"2026-08-22 18:24:37.335+00",0.00021472,15.785683,0.00037654,0.000245,332.85184,336.14102,6712.6333,"spacetrack"
45589,"2026-08-23 22:00:02+00",3.5325e-05,15.788199,5.675e-05,0.0002479,332.11923,335.447,6711.92,"spacetrack"
45589,"2026-08-24 16:00:02+00",0.00058493,15.789015,0.00106175,0.0002821,331.65854,335.44528,6711.689,"spacetrack"
45589,"2026-08-25 14:46:30.069+00",0.00043237,15.790629,0.00078626,0.0002763,331.24023,334.94885,6711.2314,"spacetrack"
45589,"2026-08-26 10:31:15.926+00",0.00038448,15.79191,0.00070184,0.0003018,330.7063,334.75696,6710.8687,"spacetrack"
45589,"2026-08-27 13:51:33.157+00",0.00049985,15.79369,0.00092439,0.0003354,329.97678,334.4781,6710.3643,"spacetrack"
45589,"2026-08-28 14:09:26.072+00",0.00040283,15.795159,0.00074713,0.0003477,329.47806,334.14413,6709.948,"spacetrack"
45589,"2026-08-29 20:31:33.907+00",0.00047608,15.797569,0.00089562,0.0003673,328.6644,333.59302,6709.2656,"spacetrack"
45590,"2026-08-25 14:12:20.274+00",0.00043891,15.726338,0.00059956,0.0002075,349.97635,352.76907,6729.51,"spacetrack"
45590,"2026-08-27 16:32:00.59+00",0.00052759,15.728816,0.00073084,0.0002563,348.94153,352.39072,6728.803,"spacetrack"
45590,"2026-08-28 15:24:26.199+00",0.00039613,15.729817,0.00054836,0.0002756,348.52606,352.2348,6728.5176,"spacetrack"
45590,"2026-08-29 15:48:14.983+00",0.00047371,15.731172,0.00066171,0.0002852,348.07556,351.9133,6728.1313,"spacetrack"
45665,"2026-08-22 16:00:02+00",0.00054032,15.849812,0.00130833,0.0007115,311.6147,321.14096,6694.5146,"spacetrack"
45665,"2026-08-23 22:00:02+00",0.00048229,15.853026,0.00118368,0.0007202,310.65198,320.29346,6693.61,"spacetrack"
45665,"2026-08-24 16:00:02+00",0.00078321,15.85462,0.00195927,0.0007535,309.981,320.0676,6693.161,"spacetrack"
45665,"2026-08-25 22:00:01.999+00",0.00063219,15.858169,0.00160096,0.0007476,309.02258,319.0287,6692.1626,"spacetrack"
45665,"2026-08-26 14:16:55.535+00",0.00047663,15.859851,0.00120976,0.0007551,308.49948,318.6053,6691.6895,"spacetrack"
45665,"2026-08-27 20:00:01.999+00",0.00041188,15.863132,0.00105963,0.0007796,307.41342,317.84567,6690.7666,"spacetrack"
45665,"2026-08-28 20:00:01.999+00",0.00038494,15.865456,0.00100058,0.0007894,306.6952,317.25754,6690.1133,"spacetrack"
45665,"2026-08-29 22:00:01.999+00",0.00085143,15.868828,0.00229237,0.0007766,305.8338,316.22342,6689.1655,"spacetrack"
45670,"2026-08-22 16:00:02+00",0.00068711,15.872747,0.00187792,0.0009518,303.56168,316.2931,6688.0645,"spacetrack"
45670,"2026-08-23 22:00:02+00",0.00074005,15.87626,0.00206258,0.0009271,302.7411,315.14026,6687.0776,"spacetrack"
45670,"2026-08-24 16:00:02+00",0.00063414,15.879113,0.00178624,0.0009436,301.83066,314.449,6686.277,"spacetrack"
45670,"2026-08-25 22:00:01.999+00",0.00090256,15.883063,0.00261999,0.0009236,300.85654,313.20538,6685.168,"spacetrack"
45670,"2026-08-26 22:00:02+00",0.00072603,15.88601,0.00212551,0.0009169,300.07535,312.33307,6684.3413,"spacetrack"
45670,"2026-08-27 22:00:03+00",0.00063282,15.8893,0.00181189,0.0009035,299.2431,311.32004,6683.4185,"spacetrack"
45670,"2026-08-28 20:00:01.999+00",0.00080773,15.892365,0.00235853,0.0008949,298.44208,310.40253,6682.559,"spacetrack"
45670,"2026-08-29 22:00:01.999+00",0.00088131,15.897073,0.00263887,0.0008755,297.2535,308.95236,6681.2397,"spacetrack"
45671,"2026-08-22 12:28:04.771+00",0.00052861,15.830787,0.00116621,0.0006302,317.518,325.96255,6699.8774,"spacetrack"
45671,"2026-08-23 21:47:51.535+00",0.00057131,15.834016,0.00128234,0.000661,316.40125,325.2573,6698.9663,"spacetrack"
45671,"2026-08-24 22:01:59.226+00",0.00051916,15.836384,0.00117649,0.000684,315.57983,324.74313,6698.2983,"spacetrack"
45671,"2026-08-25 08:38:05.519+00",0.00053838,15.837513,0.0012276,0.0006799,315.28903,324.39694,6697.98,"spacetrack"
45671,"2026-08-26 10:22:45.109+00",0.0004717,15.839978,0.00108568,0.0006939,314.50098,323.79547,6697.285,"spacetrack"
45671,"2026-08-27 13:38:00.743+00",0.00059456,15.842671,0.00139329,0.000731,313.49402,323.28433,6696.5264,"spacetrack"
45671,"2026-08-28 12:20:31.419+00",0.00037128,15.844568,0.00086989,0.0007108,313.09518,322.61423,6695.9917,"spacetrack"
45671,"2026-08-29 22:00:01.999+00",0.00071869,15.848668,0.00174183,0.0007322,311.79782,321.60175,6694.837,"spacetrack"
45673,"2026-08-22 14:24:21.483+00",0.00044521,15.770791,0.00074052,0.0005207,335.22385,342.21878,6716.8584,"spacetrack"
45673,"2026-08-23 16:15:36.186+00",0.00067586,15.772739,0.00114326,0.0006308,333.93167,342.40497,6716.305,"spacetrack"
45673,"2026-08-24 13:32:58.438+00",0.00043265,15.773805,0.00072923,0.000568,334.05124,341.6806,6716.003,"spacetrack"
45673,"2026-08-25 09:19:00.244+00",0.00029343,15.774793,0.00049328,0.0005884,333.63394,341.537,6715.7227,"spacetrack"
45673,"2026-08-26 12:41:02.009+00",0.00042321,15.776893,0.00072311,0.0005835,333.07108,340.90762,6715.1265,"spacetrack"
45673,"2026-08-27 09:58:02.932+00",0.00057455,15.778247,0.0009933,0.0006014,332.56683,340.6433,6714.742,"spacetrack"
45673,"2026-08-28 11:48:34.005+00",0.00041058,15.779746,0.00071037,0.000612,332.07074,340.28906,6714.317,"spacetrack"
45673,"2026-08-29 12:07:43.755+00",0.0005452,15.781551,0.00095606,0.0006379,331.38504,339.95053,6713.8047,"spacetrack"
45675,"2026-08-22 17:51:15.211+00",0.00024671,15.728849,0.00033693,0.0003458,348.32977,352.9834,6728.7935,"spacetrack"
45675,"2026-08-23 18:15:08.439+00",0.00056026,15.730465,0.00078269,0.0004168,347.3916,353.00034,6728.333,"spacetrack"
45675,"2026-08-25 14:28:05.803+00",0.00047099,15.733007,0.00066335,0.000472,346.29544,352.6463,6727.608,"spacetrack"
45675,"2026-08-26 11:48:40.556+00",0.00044039,15.734206,0.00062276,0.0004693,345.97223,352.28644,6727.266,"spacetrack"
45675,"2026-08-27 13:43:32.153+00",0.00056304,15.735697,0.00080488,0.0004867,345.43042,351.97833,6726.8413,"spacetrack"
45675,"2026-08-28 08:01:00.011+00",0.00043212,15.736614,0.00061735,0.0004996,345.08234,351.80353,6726.58,"spacetrack"
45675,"2026-08-29 19:04:15.828+00",0.00057532,15.73894,0.00083457,0.0005251,344.24847,351.31204,6725.9175,"spacetrack"
45679,"2026-08-22 16:06:16.86+00",0.00024401,15.748079,0.00036263,0.0005835,341.25476,349.1009,6723.315,"spacetrack"
45679,"2026-08-23 16:28:20.631+00",0.00046731,15.749815,0.00070844,0.0005071,341.2746,348.09286,6722.821,"spacetrack"
45679,"2026-08-24 10:44:47.841+00",0.0005954,15.751312,0.00091254,0.0005114,340.81992,347.6956,6722.3945,"spacetrack"
45679,"2026-08-25 08:03:49.474+00",0.00085711,15.753909,0.00133826,0.0005178,340.0386,346.99954,6721.6562,"spacetrack"
45679,"2026-08-26 09:56:47.912+00",0.00038485,15.754686,0.00059406,0.0004973,339.95538,346.64053,6721.435,"spacetrack"
45679,"2026-08-27 08:46:57.258+00",0.00082545,15.756403,0.001302,0.0004573,339.7362,345.88318,6720.947,"spacetrack"
45679,"2026-08-28 12:10:56.357+00",0.00040445,15.758409,0.00063536,0.0005239,338.71866,345.76028,6720.3765,"spacetrack"
45679,"2026-08-29 14:03:24.974+00",0.000476,15.759955,0.0007551,0.0005228,338.28647,345.31284,6719.9365,"spacetrack"
45685,"2026-08-28 08:48:30.68+00",0.00040484,15.719145,0.00053568,0.0005154,349.95642,356.89532,6731.563,"spacetrack"
45685,"2026-08-29 07:41:46.951+00",0.00059081,15.720306,0.00079088,0.0005172,349.61282,356.57562,6731.2314,"spacetrack"
45695,"2026-08-22 09:52:19.271+00",0.00045831,15.808335,0.0009069,0.0007064,323.34494,332.8195,6706.219,"spacetrack"
45695,"2026-08-23 13:10:53.28+00",0.00046543,15.810528,0.0009309,0.0007353,322.53174,332.393,6705.5996,"spacetrack"
45695,"2026-08-24 19:31:15.346+00",0.00048663,15.812841,0.00098473,0.0007293,321.9182,331.69806,6704.9453,"spacetrack"
45695,"2026-08-25 09:10:19.777+00",0.00048144,15.813962,0.00097917,0.0007262,321.62265,331.36047,6704.6284,"spacetrack"
45695,"2026-08-26 07:55:19.454+00",0.00042112,15.815777,0.0008617,0.0007241,321.12402,330.83295,6704.1157,"spacetrack"
45695,"2026-08-27 09:42:08.082+00",0.00050347,15.817799,0.00104366,0.0007406,320.4426,330.3719,6703.5444,"spacetrack"
45695,"2026-08-28 06:55:49.813+00",0.00048958,15.819431,0.00102223,0.0007467,319.94077,329.95114,6703.083,"spacetrack"
45695,"2026-08-29 10:13:13.977+00",0.00068727,15.822035,0.00146287,0.000744,319.22412,329.19724,6702.3477,"spacetrack"
45697,"2026-08-22 20:18:24.934+00",0.00040301,15.743039,0.00059158,0.000583,342.69226,350.53333,6724.75,"spacetrack"
45697,"2026-08-23 10:01:08.051+00",0.00039055,15.743719,0.0005747,0.000587,342.47174,350.36636,6724.556,"spacetrack"
45697,"2026-08-24 19:32:04.299+00",0.00041112,15.745414,0.00061006,0.0005995,341.9055,349.96765,6724.0737,"spacetrack"
45697,"2026-08-25 09:14:39.847+00",0.00042883,15.746165,0.00063893,0.0005993,341.69305,349.7523,6723.86,"spacetrack"
45697,"2026-08-26 08:05:34.134+00",0.00035903,15.747323,0.00053597,0.0006065,341.31525,349.4709,6723.5303,"spacetrack"
45697,"2026-08-27 11:30:31.575+00",0.00045996,15.748679,0.00069381,0.000599,340.97995,349.03427,6723.144,"spacetrack"
45697,"2026-08-28 17:58:05.46+00",0.00041675,15.750124,0.00063159,0.0006178,340.4427,348.7493,6722.733,"spacetrack"
45697,"2026-08-29 18:19:59.947+00",0.00052408,15.751781,0.00080336,0.0006207,339.95172,348.29672,6722.261,"spacetrack"
45700,"2026-08-22 14:29:38.514+00",0.0004307,15.806549,0.00084381,0.0005927,324.61252,332.56265,6706.7246,"spacetrack"
45700,"2026-08-23 22:21:26.896+00",0.00044697,15.809377,0.00088802,0.0006139,323.67087,331.90442,6705.925,"spacetrack"
45700,"2026-08-24 19:35:56.028+00",-5.5833e-05,15.806703,-0.00011632,0.0006803,323.9816,333.10672,6706.681,"spacetrack"
45700,"2026-08-25 18:21:04.867+00",0.00043479,15.812642,0.00087686,0.0006509,322.50027,331.22882,6705.0015,"spacetrack"
45700,"2026-08-26 21:39:11.602+00",0.00051281,15.814728,0.00104744,0.0006051,322.2181,330.3318,6704.412,"spacetrack"
45700,"2026-08-27 21:55:07.455+00",0.00051532,15.816483,0.00106148,0.0006205,321.6193,329.93884,6703.916,"spacetrack"
45700,"2026-08-28 20:00:01.999+00",0.00061716,15.818165,0.00128606,0.0006298,321.08203,329.5257,6703.441,"spacetrack"
45700,"2026-08-29 22:26:25.036+00",0.00053116,15.820989,0.00111842,0.0006338,320.2581,328.75436,6702.643,"spacetrack"
45703,"2026-08-22 16:00:02+00",0.00053384,15.89097,0.00158727,0.0005381,301.21725,308.40945,6682.95,"spacetrack"
45703,"2026-08-23 22:00:02+00",0.00065104,15.894707,0.00198291,0.0005039,300.3989,307.13293,6681.903,"spacetrack"
45703,"2026-08-24 16:00:02+00",0.00052531,15.897021,0.00161045,0.0004871,299.86282,306.37167,6681.2544,"spacetrack"
45703,"2026-08-25 22:00:01.999+00",0.00036262,15.901514,0.00108785,0.0004667,298.74127,304.97638,6679.9956,"spacetrack"
45703,"2026-08-26 22:00:02+00",0.00049137,15.904671,0.00151095,0.0004393,298.0407,303.909,6679.112,"spacetrack"
45703,"2026-08-27 22:00:03+00",0.00050385,15.908149,0.00157849,0.0004174,297.21396,302.78888,6678.138,"spacetrack"
45703,"2026-08-28 20:00:01.999+00",0.00056462,15.911083,0.00180027,0.0003885,296.5862,301.77448,6677.3174,"spacetrack"
45703,"2026-08-29 22:00:01.999+00",0.00069118,15.916521,0.00227514,0.0003627,295.23795,300.08057,6675.7964,"spacetrack"
45710,"2026-08-22 10:32:43.17+00",0.00043422,15.78465,0.00076954,0.0007632,329.66583,339.91245,6712.9263,"spacetrack"
45710,"2026-08-24 03:34:12.647+00",0.00044619,15.787335,0.00080104,0.0007939,328.6992,339.35678,6712.165,"spacetrack"
45710,"2026-08-25 08:26:06.563+00",0.00046319,15.789393,0.00083979,0.0007425,328.4612,338.42792,6711.5815,"spacetrack"
45710,"2026-08-26 08:44:23.071+00",0.0004106,15.790977,0.00074832,0.0007624,327.87964,338.11276,6711.1333,"spacetrack"
45710,"2026-08-27 09:02:30.413+00",0.0005839,15.792818,0.00108012,0.0007442,327.48016,337.46826,6710.6113,"spacetrack"
45710,"2026-08-28 07:49:21.94+00",0.00040489,15.794042,0.00074806,0.0007176,327.3124,336.943,6710.2646,"spacetrack"
45710,"2026-08-29 06:36:05.378+00",0.00065732,15.795911,0.00123622,0.0007299,326.701,336.49588,6709.7354,"spacetrack"
45711,"2026-08-22 16:00:02+00",0.00061946,15.865868,0.00162975,0.0008037,306.48376,317.23727,6689.9976,"spacetrack"
45711,"2026-08-23 22:00:02+00",0.00066308,15.868782,0.00177293,0.00079,305.75708,316.32596,6689.1787,"spacetrack"
45711,"2026-08-24 16:00:02+00",0.00056797,15.871052,0.00153065,0.0008141,304.95853,315.84882,6688.5405,"spacetrack"
45711,"2026-08-25 22:00:01.999+00",0.00081017,15.874102,0.00223719,0.0007944,304.2343,314.85968,6687.684,"spacetrack"
45711,"2026-08-26 22:00:02+00",0.00068222,15.876527,0.00189809,0.0007872,303.6018,314.12982,6687.003,"spacetrack"
45711,"2026-08-27 22:00:03+00",0.00066743,15.879083,0.00188009,0.0007849,302.9003,313.39642,6686.285,"spacetrack"
45711,"2026-08-28 20:00:01.999+00",0.00058124,15.881463,0.00165162,0.0007853,302.22983,312.7303,6685.617,"spacetrack"
45711,"2026-08-29 22:00:01.999+00",0.00044374,15.8856325,0.00128007,0.0007595,301.23346,311.38715,6684.4473,"spacetrack"
45731,"2026-08-22 00:51:51.201+00",0.00052491,15.77751,0.00090225,0.0003195,334.66904,338.9599,6714.9517,"spacetrack"
45731,"2026-08-23 10:18:25.947+00",0.00050318,15.779983,0.00087396,0.0002818,334.22067,338.00482,6714.2495,"spacetrack"
45731,"2026-08-24 01:30:24.6+00",0.0004843,15.781092,0.00084482,0.0002664,334.00964,337.58682,6713.935,"spacetrack"
45731,"2026-08-25 21:34:46.64+00",-0.00030743,15.783333,-0.00054386,0.0001127,334.4059,335.9191,6713.2993,"spacetrack"
45731,"2026-08-26 23:24:32.748+00",0.0011586,15.790711,0.00215317,9.62e-05,332.42557,333.7168,6711.208,"spacetrack"
45731,"2026-08-27 22:00:03+00",0.00055162,15.790494,0.00100695,0.0002621,331.37372,334.89178,6711.2695,"spacetrack"
45731,"2026-08-28 20:00:01.999+00",0.00014934,15.792387,0.0002676,0.0002372,331.0046,334.18817,6710.7334,"spacetrack"
45731,"2026-08-29 22:00:01.999+00",0.0005037,15.794753,0.00093605,0.0002077,330.53265,333.32,6710.0635,"spacetrack"
45741,"2026-08-22 03:04:46.463+00",0.00052563,15.731334,0.00073598,6.4e-05,349.51767,350.37885,6728.0854,"spacetrack"
45741,"2026-08-23 23:17:34.692+00",0.00057046,15.73396,0.0008091,0.0001345,348.29465,350.1043,6727.3364,"spacetrack"
45741,"2026-08-24 22:09:33.149+00",0.00046832,15.735173,0.00066544,7.69e-05,348.3363,349.37094,6726.9907,"spacetrack"
45741,"2026-08-25 22:32:51.364+00",0.00051938,15.736576,0.00074385,0.0001234,347.62387,349.284,6726.591,"spacetrack"
45741,"2026-08-26 15:18:48.359+00",0.00051283,15.737616,0.00073765,7.84e-05,347.6302,348.68488,6726.2944,"spacetrack"
45741,"2026-08-27 21:47:38.887+00",0.0005006,15.739301,0.00072508,0.0001106,346.9336,348.42136,6725.8145,"spacetrack"
45741,"2026-08-28 22:10:34.527+00",0.00103,15.741192,0.00152541,0.0001269,346.2853,347.9922,6725.276,"spacetrack"
45741,"2026-08-29 21:01:56.753+00",0.00060752,15.742371,0.00089491,0.0001481,345.80704,347.79895,6724.94,"spacetrack"
45755,"2026-08-22 16:00:02+00",0.00038189,15.818386,0.00078872,0.000385,322.66034,327.82193,6703.378,"spacetrack"
45755,"2026-08-23 00:00:02+00",0.0004428,15.818881,0.00091908,0.0003487,322.764,327.43884,6703.2383,"spacetrack"
45755,"2026-08-24 14:24:34.159+00",0.00053481,15.82237,0.00113262,0.0003389,321.84467,326.38745,6702.253,"spacetrack"
45755,"2026-08-25 23:45:24.639+00",0.00056807,15.825535,0.00122269,0.0002774,321.36353,325.08142,6701.3594,"spacetrack"
45755,"2026-08-27 22:00:03+00",0.00087144,15.829701,0.00193242,0.0002484,320.38208,323.71075,6700.1836,"spacetrack"
45755,"2026-08-28 20:00:01.999+00",0.00055465,15.831889,0.00123002,0.0002406,319.8172,323.04105,6699.566,"spacetrack"
45755,"2026-08-29 22:00:01.999+00",0.00092783,15.834807,0.00211252,0.0002106,319.19522,322.01672,6698.743,"spacetrack"
45759,"2026-08-22 15:33:29.647+00",0.00048673,15.729645,0.00067565,0.0001492,349.4259,351.43372,6728.567,"spacetrack"
45759,"2026-08-23 22:03:15.408+00",0.00049749,15.731366,0.00069604,0.0001617,348.85092,351.02676,6728.0757,"spacetrack"
45759,"2026-08-24 19:23:58.064+00",0.00047025,15.732639,0.00066092,0.0001657,348.46115,350.6907,6727.713,"spacetrack"
45759,"2026-08-25 21:18:58.805+00",0.0004926,15.734148,0.00069746,0.0001768,347.95657,350.33533,6727.2827,"spacetrack"
45759,"2026-08-26 23:13:50.628+00",0.00049558,15.735599,0.0007062,0.0001896,347.457,350.00784,6726.8696,"spacetrack"
45759,"2026-08-27 22:00:03+00",0.00031526,15.737017,0.00044833,0.0001894,347.05426,349.60226,6726.4653,"spacetrack"
45759,"2026-08-28 19:25:55.609+00",0.00054583,15.738159,0.00078793,0.0002713,346.178,349.8276,6726.1396,"spacetrack"
45759,"2026-08-29 22:51:47.786+00",0.00057563,15.740284,0.00083946,0.0002334,345.82776,348.96725,6725.5347,"spacetrack"
45764,"2026-08-22 02:49:50.517+00",0.00062989,15.722098,0.00085046,0.0004154,349.78668,355.37857,6730.7197,"spacetrack"
45764,"2026-08-23 23:04:08.966+00",0.00059094,15.724931,0.00080662,0.0003166,349.64362,353.905,6729.911,"spacetrack"
45764,"2026-08-25 00:59:55.829+00",0.00046774,15.72633,0.00063973,0.0003325,349.1377,353.6128,6729.512,"spacetrack"
45764,"2026-08-26 15:07:34.058+00",0.00060553,15.728566,0.00083995,0.0002977,348.73428,352.74066,6728.8745,"spacetrack"
45764,"2026-08-27 23:08:56.559+00",0.00054081,15.730325,0.00075448,0.0003366,347.97116,352.5007,6728.373,"spacetrack"
45764,"2026-08-28 23:32:42.652+00",0.00049846,15.731654,0.00069837,0.0002885,347.91562,351.7977,6727.9937,"spacetrack"
45764,"2026-08-29 22:24:51.332+00",0.00059728,15.733356,0.00084566,0.000242,347.74347,350.9996,6727.5083,"spacetrack"
45780,"2026-08-22 22:53:15.327+00",0.00052859,15.795664,0.00098777,0.0004494,328.6528,334.6836,6709.805,"spacetrack"
45780,"2026-08-23 22:00:02+00",0.00045658,15.797744,0.00085909,0.0004329,328.17484,333.98367,6709.2163,"spacetrack"
45780,"2026-08-24 16:00:02+00",0.00021158,15.799675,0.00039576,0.0004262,327.67352,333.392,6708.67,"spacetrack"
45780,"2026-08-25 22:14:35.42+00",0.00055211,15.801986,0.00106311,0.0003774,327.34695,332.41016,6708.0156,"spacetrack"
45780,"2026-08-28 20:00:01.999+00",0.00068946,15.807873,0.00137054,0.0002956,326.23068,330.19547,6706.35,"spacetrack"
45780,"2026-08-29 22:00:01.999+00",0.00064526,15.811102,0.00130038,0.0002488,325.6317,328.96832,6705.437,"spacetrack"
46129,"2026-08-22 01:04:20.102+00",0.00029275,16.46116,0.12899125,0.00062,145.53636,153.63074,6527.7207,"spacetrack"
46141,"2026-08-28 22:33:20.578+00",0.00080883,15.727698,0.00112359,0.0001985,349.64905,352.3205,6729.1216,"spacetrack"
46141,"2026-08-29 21:25:46.712+00",0.00093055,15.730576,0.00131259,0.0001726,349.0031,351.3257,6728.3013,"spacetrack"
46142,"2026-08-22 22:11:17.203+00",0.00086077,16.239637,0.02355448,0.0004684,205.72656,211.89722,6586.9487,"spacetrack"
46142,"2026-08-23 23:14:43.272+00",0.00082488,16.316406,0.04546086,0.0006185,184.07314,192.19562,6566.2715,"spacetrack"
46142,"2026-08-24 16:49:20.885+00",0.00027986,16.461195,0.12766524,0.0007746,144.51813,154.63086,6527.7114,"spacetrack"
46159,"2026-08-22 22:18:48.926+00",0.00087736,16.01147,0.00489841,0.000507,267.86972,274.61218,6649.378,"spacetrack"
46159,"2026-08-23 02:48:26.63+00",0.00089153,16.013332,0.00503177,0.0004916,267.4571,273.99423,6648.863,"spacetrack"
46159,"2026-08-25 05:41:50.146+00",0.0009628,16.037334,0.00626149,0.000364,261.67215,266.5077,6642.227,"spacetrack"
46159,"2026-08-26 22:03:04.925+00",0.0012592,16.06076,0.00942346,0.000374,255.14792,260.11148,6635.7666,"spacetrack"
46159,"2026-08-27 21:56:07.195+00",0.00094623,16.075377,0.00777397,0.000305,251.58424,255.62961,6631.744,"spacetrack"
46159,"2026-08-28 08:22:39.986+00",0.00087528,16.081724,0.00748962,0.0003085,249.81628,253.90698,6629.9985,"spacetrack"
46159,"2026-08-29 14:11:12.113+00",0.001215,16.106043,0.01207432,0.0003662,242.76045,247.61137,6623.3228,"spacetrack"
46160,"2026-08-22 16:00:02+00",0.00090562,15.939562,0.00338658,0.0007344,286.32635,296.1223,6669.3613,"spacetrack"
46160,"2026-08-23 22:00:02+00",0.00080613,15.947647,0.00314474,0.0006995,284.30646,293.63376,6667.107,"spacetrack"
46160,"2026-08-24 16:00:02+00",0.00096915,15.952259,0.003882,0.0006696,283.22168,292.14856,6665.8223,"spacetrack"
46160,"2026-08-25 22:00:01.999+00",0.00077582,15.96111,0.0032553,0.000644,280.92923,289.51163,6663.3574,"spacetrack"
46160,"2026-08-26 22:00:02+00",0.00072276,15.968256,0.00315221,0.0006117,279.15756,287.30707,6661.369,"spacetrack"
46160,"2026-08-27 22:00:03+00",0.00069302,15.975294,0.00314197,0.0005892,277.35196,285.1994,6659.4126,"spacetrack"
46160,"2026-08-28 20:00:01.999+00",0.00066631,15.981704,0.00313058,0.0005833,275.61163,283.37845,6657.632,"spacetrack"
46160,"2026-08-29 22:00:01.999+00",0.00099044,15.992331,0.00495547,0.000551,272.8788,280.21228,6654.6826,"spacetrack"
46167,"2026-08-22 14:19:43.113+00",0.00084652,16.164019,0.01251838,0.0003356,227.12202,231.55696,6607.4766,"spacetrack"
46167,"2026-08-23 19:58:25.949+00",0.00096508,16.202543,0.01956369,0.0004741,215.7336,221.98886,6596.998,"spacetrack"
46167,"2026-08-24 22:34:34.407+00",0.00073009,16.257275,0.02337725,0.0008461,198.47765,209.61601,6582.1836,"spacetrack"
46167,"2026-08-25 19:11:10.785+00",0.00069091,16.335657,0.04674473,0.0009587,176.68486,189.26514,6561.112,"spacetrack"
46167,"2026-08-26 01:03:13.449+00",0.00065963,16.368305,0.06354903,0.0009483,168.0336,180.46086,6552.3843,"spacetrack"
46173,"2026-08-22 10:41:43.83+00",0.0009035,16.024256,0.00544008,0.0005438,264.08975,271.31778,6645.841,"spacetrack"
46173,"2026-08-23 22:35:59.803+00",0.00094498,16.042028,0.00632501,0.0004519,259.79346,265.79553,6640.9316,"spacetrack"
46173,"2026-08-24 22:30:45.767+00",0.00095099,16.055471,0.00690671,0.0003989,256.43933,261.73453,6637.224,"spacetrack"
46173,"2026-08-25 22:24:15.88+00",0.00096592,16.070312,0.00768849,0.0003551,252.6446,257.35547,6633.137,"spacetrack"
46173,"2026-08-26 20:46:56.089+00",0.00093322,16.085035,0.00815321,0.0003566,248.58786,253.31572,6629.089,"spacetrack"
46173,"2026-08-27 20:37:42.2+00",0.00093762,16.102276,0.00915138,0.0003741,243.74092,248.69727,6624.356,"spacetrack"
46173,"2026-08-28 08:32:29.608+00",0.00089781,16.11142,0.00930931,0.0004015,241.05396,246.3713,6621.8496,"spacetrack"
46173,"2026-08-29 14:17:24.19+00",0.0012161,16.142368,0.0152489,0.0004519,232.25739,238.23456,6613.383,"spacetrack"
46174,"2026-08-22 16:00:02+00",0.0010023,15.774077,0.00172092,0.0007122,333.00525,342.5714,6715.9253,"spacetrack"
46174,"2026-08-23 22:00:02+00",0.0008319,15.778384,0.00145042,0.0007079,331.81284,341.3195,6714.703,"spacetrack"
46174,"2026-08-24 16:00:02+00",0.0010589,15.78071,0.00187649,0.0006898,331.27512,340.5378,6714.0435,"spacetrack"
46174,"2026-08-25 22:00:01.999+00",0.00078802,15.785352,0.00141656,0.0006729,330.07324,339.10724,6712.727,"spacetrack"
46174,"2026-08-26 22:00:02+00",0.00066165,15.788687,0.00120331,0.0006564,329.23935,338.05057,6711.7817,"spacetrack"
46174,"2026-08-27 22:00:03+00",0.00056493,15.792094,0.00104038,0.0006362,328.40985,336.9487,6710.8164,"spacetrack"
46174,"2026-08-28 20:00:01.999+00",0.00066407,15.794793,0.00124216,0.0006237,327.72992,336.10004,6710.052,"spacetrack"
46174,"2026-08-29 22:00:01.999+00",0.00070606,15.799788,0.00135325,0.0005946,326.51154,334.48944,6708.6377,"spacetrack"
46278,"2026-08-24 12:08:36.083+00",0.00064661,15.777392,0.00109077,9.8e-05,336.18948,337.5056,6714.9844,"spacetrack"
46278,"2026-08-25 23:09:01.005+00",0.00064797,15.780525,0.00110858,8.19e-05,335.40912,336.50888,6714.096,"spacetrack"
46278,"2026-08-26 11:19:29.983+00",0.00063409,15.781562,0.00108958,4.1e-05,335.3897,335.94025,6713.802,"spacetrack"
46278,"2026-08-27 16:14:12.024+00",0.00070034,15.784103,0.00121911,4.69e-05,334.6292,335.25888,6713.081,"spacetrack"
46278,"2026-08-28 22:39:54.523+00",0.00072074,15.786708,0.00127009,3.99e-05,333.938,334.47363,6712.343,"spacetrack"
46278,"2026-08-29 21:28:57.7+00",0.00066091,15.7892065,0.00117637,3.38e-05,333.2708,333.72452,6711.635,"spacetrack"
46320,"2026-08-24 19:10:59.053+00",0.00065451,15.790079,0.00116948,0.0001575,332.19336,334.30743,6711.387,"spacetrack"
46320,"2026-08-25 13:26:01.105+00",0.00069226,15.791889,0.00124824,0.0001525,331.71408,333.7609,6710.8745,"spacetrack"
46320,"2026-08-27 00:24:29.559+00",0.00067054,15.795189,0.00122681,0.000147,330.8164,332.78915,6709.94,"spacetrack"
46329,"2026-08-22 23:47:45.739+00",0.00074262,16.374796,0.07563068,0.0003701,170.09146,174.94026,6550.653,"spacetrack"
46329,"2026-08-23 05:38:35.418+00",0.0004088,16.438898,0.10934288,0.0005559,151.84358,159.10767,6533.613,"spacetrack"
46353,"2026-08-22 16:00:02+00",0.00076475,15.913032,0.00248904,0.0011401,291.02304,306.2474,6676.7725,"spacetrack"
46353,"2026-08-23 22:00:02+00",0.001058,15.919547,0.00357346,0.0010826,289.5871,304.0397,6674.95,"spacetrack"
46353,"2026-08-24 16:00:02+00",0.00079953,15.924287,0.00276096,0.0010796,288.284,302.6937,6673.626,"spacetrack"
46353,"2026-08-25 22:00:01.999+00",0.0010267,15.933375,0.00373009,0.0010848,285.7138,300.18738,6671.0874,"spacetrack"
46353,"2026-08-26 22:00:02+00",0.00088151,15.939332,0.003301,0.0010516,284.27512,298.30225,6669.426,"spacetrack"
46353,"2026-08-27 22:00:03+00",0.00091422,15.945699,0.00354337,0.0010265,282.66885,296.35754,6667.6504,"spacetrack"
46353,"2026-08-28 20:00:01.999+00",0.00095716,15.951111,0.00381994,0.0009797,281.47418,294.5358,6666.142,"spacetrack"
46353,"2026-08-29 22:00:01.999+00",0.001157,15.9607525,0.00487022,0.000927,279.14297,291.497,6663.457,"spacetrack"
46375,"2026-08-22 16:00:02+00",0.00092478,15.903078,0.00285198,0.0005803,297.54468,305.29697,6679.5576,"spacetrack"
46375,"2026-08-23 22:00:02+00",0.00071136,15.91109,0.00227958,0.0006142,295.07718,303.2796,6677.3154,"spacetrack"
46375,"2026-08-24 16:00:02+00",0.0010224,15.914841,0.00335512,0.0005953,294.15472,302.1035,6676.266,"spacetrack"
46375,"2026-08-25 22:00:01.999+00",0.00074074,15.922251,0.00251789,0.0005771,292.20602,299.9094,6674.195,"spacetrack"
46375,"2026-08-26 22:00:02+00",0.00072607,15.928023,0.00254387,0.0005651,290.67435,298.2157,6672.582,"spacetrack"
46375,"2026-08-27 22:00:03+00",0.00070827,15.933846,0.00255886,0.0005573,289.1015,296.53696,6670.956,"spacetrack"
46375,"2026-08-28 20:00:01.999+00",0.00070366,15.938758,0.00260987,0.0005555,287.74365,295.15356,6669.5854,"spacetrack"
46375,"2026-08-29 22:00:01.999+00",0.00090132,15.947315,0.00350985,0.0005353,285.49365,292.63156,6667.1997,"spacetrack"
46383,"2026-08-22 16:00:02+00",0.00056883,15.992515,0.00283884,0.0006431,272.2149,280.77408,6654.6313,"spacetrack"
46383,"2026-08-23 22:00:02+00",0.00061517,16.000048,0.00320829,0.0006086,270.35672,278.4542,6652.5425,"spacetrack"
46383,"2026-08-24 16:00:02+00",0.00064546,16.004921,0.00346379,0.0005843,269.16864,276.94122,6651.192,"spacetrack"
46383,"2026-08-25 04:24:44.249+00",0.00063204,16.00845,0.00346167,0.0005846,268.18976,275.96518,6650.2144,"spacetrack"
46383,"2026-08-26 02:52:56.519+00",0.0006066,16.014868,0.00344805,0.0005582,266.58957,274.01187,6648.4375,"spacetrack"
46383,"2026-08-27 01:20:36.161+00",0.00059685,16.021376,0.00352484,0.0005351,264.94382,272.05704,6646.637,"spacetrack"
46383,"2026-08-28 07:16:37.005+00",0.00046013,16.030123,0.002856,0.0005256,262.59,269.5744,6644.219,"spacetrack"
46383,"2026-08-29 22:09:46.768+00",0.000689,16.044975,0.00469338,0.0004775,258.81033,265.15164,6640.118,"spacetrack"
46457,"2026-08-22 14:13:22.445+00",0.00062686,15.726677,0.00084756,0.0006811,346.6929,355.8597,6729.413,"spacetrack"
46457,"2026-08-23 22:17:22.301+00",0.00063338,15.728982,0.00086503,0.0006967,345.93076,355.30658,6728.756,"spacetrack"
46457,"2026-08-24 21:11:28.457+00",0.00068649,15.730804,0.00094591,0.0007163,345.2797,354.91858,6728.2363,"spacetrack"
46457,"2026-08-25 21:37:00.624+00",0.00066637,15.732732,0.00092557,0.0007393,344.57574,354.5233,6727.6865,"spacetrack"
46457,"2026-08-26 15:56:03.108+00",0.00062296,15.734016,0.00086936,0.0007373,344.2233,354.1434,6727.3203,"spacetrack"
46457,"2026-08-27 08:43:25.593+00",0.00084099,15.735284,0.00118481,0.0007454,343.8079,353.83643,6726.959,"spacetrack"
46457,"2026-08-28 21:21:03.999+00",0.00077383,15.737937,0.00110159,0.0007742,342.85855,353.2734,6726.203,"spacetrack"
46457,"2026-08-29 21:45:55.25+00",0.00070585,15.740251,0.00101374,0.0007917,342.08243,352.73166,6725.544,"spacetrack"
46459,"2026-08-22 15:22:52.404+00",0.00079753,15.884093,0.00219044,0.0008434,301.10403,312.38007,6684.879,"spacetrack"
46459,"2026-08-23 15:34:08.876+00",0.00085506,15.888899,0.00240542,0.0008297,299.84875,310.9394,6683.5312,"spacetrack"
46459,"2026-08-24 21:47:36.362+00",0.00086753,15.895243,0.00251872,0.000799,298.27698,308.95444,6681.753,"spacetrack"
46459,"2026-08-25 21:57:50.562+00",0.00087145,15.900469,0.00259702,0.0007689,297.01514,307.2881,6680.2886,"spacetrack"
46459,"2026-08-26 22:07:36.985+00",0.00082129,15.905452,0.00250949,0.0007523,295.73166,305.7807,6678.893,"spacetrack"
46459,"2026-08-27 22:16:56.074+00",0.00083553,15.910525,0.00261961,0.0007379,294.40897,304.26358,6677.473,"spacetrack"
46459,"2026-08-28 13:22:31.438+00",0.00084303,15.913719,0.00268642,0.0007231,293.61508,303.27075,6676.58,"spacetrack"
46459,"2026-08-29 18:02:34.441+00",0.0010194,15.921423,0.00338018,0.0007035,291.59357,300.9845,6674.4263,"spacetrack"
46460,"2026-08-22 13:52:30.321+00",0.00074236,15.802061,0.00140538,0.0005796,325.96924,333.74515,6707.994,"spacetrack"
46460,"2026-08-23 20:16:04.442+00",0.00076981,15.805701,0.00148285,0.0005423,325.19022,332.4646,6706.9644,"spacetrack"
46460,"2026-08-24 22:05:46.76+00",0.00073826,15.808782,0.00144139,0.0005264,324.42587,331.48602,6706.093,"spacetrack"
46460,"2026-08-25 16:19:30.114+00",0.00075498,15.811066,0.00149033,0.0005151,323.85617,330.76413,6705.4473,"spacetrack"
46460,"2026-08-26 22:42:01.965+00",0.00076649,15.814669,0.00153897,0.0004787,323.0823,329.50113,6704.4287,"spacetrack"
46460,"2026-08-28 08:06:19.951+00",0.00080421,15.81874,0.00164715,0.0004347,322.22745,328.0553,6703.2783,"spacetrack"
46460,"2026-08-29 22:03:17.334+00",0.00085727,15.82416,0.00180354,0.0004022,320.9153,326.3062,6701.7476,"spacetrack"
46537,"2026-08-22 16:00:02+00",0.00036736,15.820294,0.00076502,0.0003746,322.19128,327.21304,6702.8394,"spacetrack"
46537,"2026-08-23 22:00:02+00",0.00091714,15.824133,0.00198333,0.0004181,320.81616,326.4202,6701.7554,"spacetrack"
46537,"2026-08-24 16:00:02+00",0.00064013,15.828107,0.00139877,0.0004259,319.64267,325.35028,6700.6333,"spacetrack"
46537,"2026-08-25 22:00:01.999+00",0.00056721,15.835613,0.00128185,0.0004685,317.24048,323.517,6698.5156,"spacetrack"
46537,"2026-08-26 22:00:02+00",0.00092774,15.8384905,0.00215174,0.0005032,316.19717,322.93774,6697.7046,"spacetrack"
46537,"2026-08-27 22:00:03+00",0.0008303,15.842751,0.00196026,0.0005159,314.9122,321.82166,6696.504,"spacetrack"
46537,"2026-08-28 20:00:01.999+00",0.0011537,15.846055,0.00279697,0.0005547,313.72177,321.14984,6695.5728,"spacetrack"
46537,"2026-08-29 22:00:01.999+00",0.00091061,15.852014,0.00225668,0.0006004,311.73883,319.77686,6693.895,"spacetrack"
46556,"2026-08-22 18:29:03.411+00",0.00093375,16.036259,0.00607426,0.0010807,257.2086,271.56573,6642.524,"spacetrack"
46556,"2026-08-23 10:55:58.38+00",0.00087093,16.0443,0.00595226,0.0011245,254.70067,269.6347,6640.3047,"spacetrack"
46556,"2026-08-24 19:48:12.335+00",0.00090497,16.062523,0.00691337,0.0010676,250.06038,264.22803,6635.2812,"spacetrack"
46556,"2026-08-27 19:22:04.813+00",0.00089836,16.112833,0.00953845,0.0013981,234.0678,252.58273,6621.4624,"spacetrack"
46556,"2026-08-28 22:08:42.632+00",0.00092857,16.135181,0.01145304,0.0014656,227.5141,246.905,6615.3467,"spacetrack"
46556,"2026-08-29 20:25:29.937+00",0.00099701,16.162506,0.01473564,0.0015161,219.73303,239.76947,6607.888,"spacetrack"
46562,"2026-08-22 16:00:02+00",0.00086842,15.993484,0.0043907,0.001038,269.31833,283.13278,6654.3623,"spacetrack"
46562,"2026-08-23 16:00:02+00",0.00091291,16.002861,0.00487694,0.0011041,266.28165,280.97006,6651.7627,"spacetrack"
46562,"2026-08-24 15:35:32.146+00",0.00071451,16.011694,0.00402264,0.0012592,262.8065,279.55215,6649.3164,"spacetrack"
46562,"2026-08-25 15:33:02.002+00",0.00090196,16.023664,0.00545197,0.0012138,259.80054,275.9344,6646.0044,"spacetrack"
46562,"2026-08-27 16:54:42.344+00",0.0008656,16.047314,0.00604565,0.0013247,252.54079,270.1314,6639.473,"spacetrack"
46562,"2026-08-28 13:49:49.281+00",0.0010001,16.058273,0.00749726,0.0015145,248.26373,268.36554,6636.4517,"spacetrack"
46562,"2026-08-29 13:43:02.64+00",0.0011346,16.074734,0.00939217,0.0014037,244.47438,263.09283,6631.9204,"spacetrack"
46563,"2026-08-22 14:17:48.063+00",0.00074107,15.7429495,0.00109856,0.0002574,344.90738,348.3693,6724.7754,"spacetrack"
46563,"2026-08-23 22:00:02+00",0.00098781,15.7457695,0.00149141,0.0002234,344.33325,347.33752,6723.972,"spacetrack"
46563,"2026-08-24 16:00:02+00",0.00023144,15.748039,0.00034323,0.0002222,343.69525,346.6831,6723.326,"spacetrack"
46563,"2026-08-25 22:00:01.999+00",0.00047431,15.750934,0.00072239,0.0001833,343.1332,345.5977,6722.5024,"spacetrack"
46563,"2026-08-26 18:49:22.533+00",0.00076094,15.752647,0.00117793,0.0001686,342.7446,345.01126,6722.015,"spacetrack"
46563,"2026-08-27 22:00:03+00",0.00046901,15.755494,0.00072876,0.0001687,341.93423,344.20197,6721.205,"spacetrack"
46563,"2026-08-28 16:29:46.095+00",0.00077588,15.756918,0.00122475,0.000317,340.5329,344.79388,6720.8003,"spacetrack"
46563,"2026-08-29 15:19:40.878+00",0.00085812,15.759592,0.0013735,0.0001528,340.8763,342.92996,6720.04,"spacetrack"
46674,"2026-08-22 23:10:14.687+00",0.00077736,16.267994,0.02744568,0.0009677,194.78848,207.52203,6579.2925,"spacetrack"
46674,"2026-08-23 21:14:35.337+00",0.00070388,16.340864,0.05047079,0.0010465,174.71613,188.4456,6559.718,"spacetrack"
46674,"2026-08-24 13:20:05.524+00",0.00020678,16.478899,0.13176958,0.0007519,139.99332,149.80266,6523.035,"spacetrack"
46685,"2026-08-22 16:00:02+00",0.00094354,16.002556,0.00500236,0.0004646,270.61966,276.80057,6651.847,"spacetrack"
46685,"2026-08-23 22:39:37.177+00",0.00088552,16.015224,0.00505284,0.0004743,267.04877,273.35538,6648.339,"spacetrack"
46685,"2026-08-24 21:07:06.329+00",0.00087534,16.025145,0.00529672,0.0005071,264.08795,270.8279,6645.5947,"spacetrack"
46685,"2026-08-25 21:03:28.659+00",0.0008868,16.036375,0.00573908,0.0005177,260.91592,267.79358,6642.4917,"spacetrack"
46685,"2026-08-26 22:28:30.328+00",0.0008408,16.048557,0.00586143,0.0005864,257.09964,264.88602,6639.13,"spacetrack"
46685,"2026-08-27 19:23:31.017+00",0.00084829,16.059275,0.00631887,0.0006248,253.8927,262.18527,6636.176,"spacetrack"
46685,"2026-08-28 13:18:33.68+00",0.00082909,16.068804,0.00655605,0.0006566,251.05925,259.77042,6633.552,"spacetrack"
46685,"2026-08-29 13:10:49.786+00",0.0011062,16.085484,0.00969916,0.000722,246.04236,255.61458,6628.9653,"spacetrack"
46698,"2026-08-22 16:00:02+00",0.00068623,15.847318,0.00164768,0.0001778,315.88968,318.27048,6695.2173,"spacetrack"
46698,"2026-08-23 22:00:02+00",0.00049683,15.851755,0.0012105,0.0001712,314.68445,316.97647,6693.9673,"spacetrack"
46698,"2026-08-24 16:00:02+00",0.00062415,15.854409,0.00154836,0.0002047,313.71332,316.45352,6693.22,"spacetrack"
46698,"2026-08-25 22:00:01.999+00",0.0005457,15.859126,0.00138151,0.0002086,312.36026,315.15213,6691.893,"spacetrack"
46698,"2026-08-26 22:00:02+00",0.00074756,15.862395,0.00193815,0.000245,311.1975,314.4761,6690.9736,"spacetrack"
46698,"2026-08-27 22:00:03+00",0.00079128,15.865898,0.00209108,0.0002728,310.02704,313.6771,6689.9893,"spacetrack"
46698,"2026-08-28 20:00:01.999+00",0.00064668,15.869392,0.00173006,0.0003021,308.849,312.8905,6689.007,"spacetrack"
46698,"2026-08-29 22:00:01.999+00",0.0011314,15.874331,0.00315813,0.0003473,307.1597,311.8049,6687.619,"spacetrack"
46705,"2026-08-22 16:00:02+00",0.0008993,15.93286,0.00323863,0.0004349,290.19305,295.99567,6671.2314,"spacetrack"
46705,"2026-08-23 22:00:02+00",0.00055514,15.940797,0.00207308,0.0004079,288.15967,293.60025,6669.017,"spacetrack"
46705,"2026-08-24 16:00:02+00",0.00066774,15.945198,0.00256071,0.0004112,286.91104,292.39462,6667.79,"spacetrack"
46705,"2026-08-25 22:00:01.999+00",0.00073302,15.952709,0.00293121,0.0003789,285.034,290.08527,6665.697,"spacetrack"
46705,"2026-08-26 22:00:02+00",0.00064232,15.959498,0.00266177,0.0003639,283.244,288.0939,6663.806,"spacetrack"
46705,"2026-08-27 22:00:03+00",0.00066487,15.965824,0.00285464,0.0003741,281.41647,286.40103,6662.046,"spacetrack"
46705,"2026-08-28 20:00:01.999+00",0.00059355,15.973308,0.00265335,0.0003601,279.4295,284.226,6659.965,"spacetrack"
46705,"2026-08-29 22:00:01.999+00",0.00088998,15.982689,0.00420985,0.0003694,276.76227,281.68073,6657.3584,"spacetrack"
46709,"2026-08-22 16:00:02+00",0.00085972,15.80008,0.00165595,0.0002513,328.73193,332.10367,6708.5547,"spacetrack"
46709,"2026-08-23 22:00:02+00",0.00051354,15.805021,0.00100131,0.0002246,327.51337,330.52625,6707.1567,"spacetrack"
46709,"2026-08-24 16:00:02+00",0.00078274,15.807569,0.00155801,0.0002338,326.73117,329.8671,6706.436,"spacetrack"
46709,"2026-08-25 22:00:01.999+00",0.00060123,15.812537,0.00121803,0.0002063,325.5109,328.2774,6705.0312,"spacetrack"
46709,"2026-08-26 22:00:02+00",0.00064842,15.816012,0.00133747,0.0002086,324.5135,327.31042,6704.049,"spacetrack"
46709,"2026-08-27 22:00:03+00",0.00086314,15.81939,0.00182118,0.000198,323.6304,326.28485,6703.0947,"spacetrack"
46709,"2026-08-28 20:00:01.999+00",0.00049815,15.822942,0.00105622,0.0002107,322.54227,325.36655,6702.0913,"spacetrack"
46709,"2026-08-29 22:00:01.999+00",0.00075084,15.828006,0.00164523,0.0002228,321.03198,324.01782,6700.662,"spacetrack"
46725,"2026-08-22 16:00:02+00",0.00070381,15.832406,0.001573,0.0003319,319.0597,323.50677,6699.4204,"spacetrack"
46725,"2026-08-23 22:00:02+00",0.00039664,15.836553,0.00089382,0.0003173,317.98846,322.23917,6698.251,"spacetrack"
46725,"2026-08-24 16:00:02+00",0.00069564,15.83863,0.00160183,0.000336,317.27786,321.7787,6697.665,"spacetrack"
46725,"2026-08-25 22:00:01.999+00",0.00038928,15.843013,0.00090473,0.0003095,316.22037,320.36545,6696.4297,"spacetrack"
46725,"2026-08-26 22:00:02+00",0.000694,15.846384,0.0016595,0.0003343,315.1047,319.5813,6695.48,"spacetrack"
46725,"2026-08-27 22:00:03+00",0.00032582,15.849817,0.00078019,0.0003465,314.0566,318.69592,6694.513,"spacetrack"
46725,"2026-08-28 20:00:01.999+00",0.00050468,15.852313,0.0012337,0.000341,313.39084,317.95602,6693.8105,"spacetrack"
46725,"2026-08-29 22:00:01.999+00",0.0009231,15.856693,0.0023406,0.0003494,312.10233,316.7791,6692.5776,"spacetrack"
46727,"2026-08-22 19:26:35.779+00",0.00039121,16.43241,0.09706765,0.0008135,151.87894,162.51192,6535.3325,"spacetrack"
46743,"2026-08-22 22:00:33.846+00",0.0010298,16.154293,0.01410069,0.000273,230.18636,233.79549,6610.128,"spacetrack"
46743,"2026-08-23 18:46:43.424+00",0.00108,16.18268,0.01767554,0.0003692,221.821,226.6962,6602.3955,"spacetrack"
46743,"2026-08-24 09:35:22.138+00",0.0010099,16.207428,0.02127209,0.0004627,214.48386,220.5875,6595.673,"spacetrack"
46743,"2026-08-25 22:29:09.209+00",0.0010117,16.315365,0.0554079,0.0007709,183.3515,193.47581,6566.551,"spacetrack"
46743,"2026-08-26 08:45:24.966+00",0.00072062,16.382504,0.08110531,0.0007577,165.4992,175.42296,6548.598,"spacetrack"
46782,"2026-08-22 08:34:11.396+00",0.00077572,16.087158,0.00687194,8.07e-05,249.8337,250.90353,6628.506,"spacetrack"
46782,"2026-08-23 23:18:23.838+00",0.00079025,16.111528,0.00820596,0.0001908,242.4194,244.94629,6621.82,"spacetrack"
46782,"2026-08-24 23:06:47.418+00",0.0007731,16.129076,0.00903193,0.0002909,236.95415,240.80392,6617.016,"spacetrack"
46782,"2026-08-25 19:55:16.619+00",0.00080206,16.146587,0.01055109,0.0003831,231.5608,236.62709,6612.231,"spacetrack"
46782,"2026-08-26 19:40:23.599+00",0.00078942,16.16838,0.0120852,0.0004943,224.8851,231.41608,6606.2876,"spacetrack"
46782,"2026-08-27 19:23:26.05+00",0.00073711,16.194044,0.01400498,0.0006262,217.03691,225.3019,6599.3066,"spacetrack"
46782,"2026-08-28 20:32:28.958+00",0.00082218,16.234404,0.02168246,0.0008691,204.50159,215.95348,6588.3647,"spacetrack"
46782,"2026-08-29 23:05:03.677+00",0.0008118,16.303877,0.03996951,0.0009626,185.17429,197.82216,6569.6353,"spacetrack"
46786,"2026-08-22 16:00:02+00",0.00098716,15.911998,0.00319205,0.0006653,294.4821,303.36658,6677.0615,"spacetrack"
46786,"2026-08-23 22:00:02+00",0.000844,15.919414,0.00283179,0.0006362,292.60403,301.0973,6674.988,"spacetrack"
46786,"2026-08-24 16:00:02+00",0.0010716,15.923559,0.00368243,0.0006067,291.64316,299.74118,6673.829,"spacetrack"
46786,"2026-08-25 22:00:01.999+00",0.00060618,15.932523,0.00216995,0.0005807,289.31464,297.0627,6671.3257,"spacetrack"
46786,"2026-08-26 22:00:02+00",0.00079927,15.938543,0.00296547,0.0005576,287.78952,295.2275,6669.6455,"spacetrack"
46786,"2026-08-27 22:00:03+00",0.00076385,15.947024,0.00296575,0.0005816,285.2659,293.02127,6667.281,"spacetrack"
46786,"2026-08-28 20:00:01.999+00",0.00064374,15.952874,0.00257492,0.0005666,283.73676,291.29028,6665.6504,"spacetrack"
46786,"2026-08-29 22:00:01.999+00",0.0010314,15.962286,0.00436201,0.0005277,281.37726,288.4094,6663.0303,"spacetrack"
46794,"2026-08-22 16:00:02+00",0.00094308,15.905439,0.0029499,0.0008463,295.10748,306.4122,6678.897,"spacetrack"
46794,"2026-08-23 22:00:02+00",0.00084957,15.912448,0.00275197,0.0008131,293.36932,304.22736,6676.9355,"spacetrack"
46794,"2026-08-24 16:00:02+00",0.0011259,15.916831,0.00374059,0.0007702,292.43112,302.7144,6675.71,"spacetrack"
46794,"2026-08-25 22:00:01.999+00",0.00095172,15.924742,0.0032907,0.0007461,290.38263,300.34082,6673.4985,"spacetrack"
46794,"2026-08-26 22:00:02+00",0.00081479,15.930752,0.00290311,0.000711,288.93936,298.4267,6671.82,"spacetrack"
46794,"2026-08-27 22:00:03+00",0.0008313,15.937396,0.00306872,0.000666,287.38635,296.27075,6669.9653,"spacetrack"
46794,"2026-08-28 20:00:01.999+00",0.0008436,15.942739,0.00320513,0.0006559,285.9646,294.71228,6668.4756,"spacetrack"
46794,"2026-08-29 22:00:01.999+00",0.00098992,15.952151,0.00396195,0.000611,283.64224,291.7879,6665.852,"spacetrack"
46955,"2026-08-22 23:50:12.233+00",0.00027547,15.760668,0.00042781,0.0004197,338.77698,344.41754,6719.7344,"spacetrack"
46955,"2026-08-23 19:38:44.155+00",0.00027542,15.761386,0.00042907,0.0004079,338.65234,344.13412,6719.5303,"spacetrack"
46955,"2026-08-24 00:13:00.3+00",0.00026919,15.761551,0.00041959,0.0004046,338.62766,344.06506,6719.4834,"spacetrack"
46955,"2026-08-25 02:07:08.606+00",0.00029307,15.762507,0.00045905,0.0003982,338.39874,343.74994,6719.2114,"spacetrack"
46955,"2026-08-26 13:09:39.082+00",0.00027587,15.763783,0.00043431,0.0003846,338.12772,343.29584,6718.8486,"spacetrack"
46955,"2026-08-27 12:00:45.603+00",0.00028974,15.764622,0.00045803,0.0003741,337.9602,342.9871,6718.611,"spacetrack"
46955,"2026-08-28 12:23:12.078+00",0.00024716,15.765394,0.00039151,0.0003622,337.82065,342.68744,6718.391,"spacetrack"
46955,"2026-08-29 12:45:33.66+00",0.00033374,15.766416,0.0005324,0.0003535,337.58902,342.3387,6718.101,"spacetrack"
47122,"2026-08-22 16:00:02+00",0.00086193,15.861021,0.00223158,0.000724,308.37866,318.06775,6691.3604,"spacetrack"
47122,"2026-08-23 16:00:02+00",0.00048089,15.865186,0.00125321,0.0007048,307.33704,316.76755,6690.1895,"spacetrack"
47122,"2026-08-24 16:00:02+00",0.00099539,15.869599,0.0027029,0.0007097,306.06445,315.55875,6688.9487,"spacetrack"
47122,"2026-08-25 22:00:01.999+00",0.00070841,15.874987,0.00195651,0.000689,304.6907,313.906,6687.4355,"spacetrack"
47122,"2026-08-26 22:00:02+00",0.00039772,15.879312,0.00110801,0.0006581,303.6839,312.4843,6686.221,"spacetrack"
47122,"2026-08-27 22:00:03+00",0.00061069,15.882979,0.00174939,0.0006389,302.78357,311.3259,6685.192,"spacetrack"
47122,"2026-08-28 20:00:01.999+00",0.00068359,15.886378,0.00199822,0.0006261,301.91592,310.28595,6684.238,"spacetrack"
47122,"2026-08-29 22:00:01.999+00",0.00077165,15.892305,0.00233318,0.0005844,300.53363,308.3442,6682.5757,"spacetrack"
47135,"2026-08-22 16:00:02+00",0.00090291,15.921101,0.00305952,0.000677,291.86057,300.89786,6674.516,"spacetrack"
47135,"2026-08-23 16:00:02+00",0.0010795,15.92665,0.00377189,0.000651,290.48456,299.17276,6672.966,"spacetrack"
47135,"2026-08-24 16:00:02+00",0.00097208,15.932591,0.0035019,0.0006326,288.94928,297.3898,6671.3066,"spacetrack"
47135,"2026-08-25 22:00:01.999+00",0.00078891,15.940683,0.00296124,0.0006015,286.90018,294.92303,6669.049,"spacetrack"
47135,"2026-08-26 22:00:02+00",0.00061129,15.947031,0.0023669,0.0005811,285.26743,293.01614,6667.279,"spacetrack"
47135,"2026-08-27 20:00:01.999+00",0.00070713,15.952555,0.002827,0.0005787,283.74527,291.4602,6665.7397,"spacetrack"
47135,"2026-08-28 20:00:01.999+00",0.00061647,15.958389,0.00254032,0.0005698,282.1806,289.77502,6664.1147,"spacetrack"
47135,"2026-08-29 22:00:01.999+00",0.00096724,15.967767,0.00421524,0.0005473,279.72253,287.01422,6661.5054,"spacetrack"
47143,"2026-08-22 16:00:02+00",0.00086976,15.850699,0.00213739,0.0004278,313.26392,318.99152,6694.2646,"spacetrack"
47143,"2026-08-23 16:00:02+00",0.00091712,15.8543625,0.00229848,0.000408,312.36575,317.82745,6693.2334,"spacetrack"
47143,"2026-08-24 16:00:02+00",0.00075164,15.858429,0.00191134,0.0003867,311.36447,316.54013,6692.0894,"spacetrack"
47143,"2026-08-25 22:00:01.999+00",0.00017077,15.86392,0.00043263,0.0003682,309.94455,314.87146,6690.545,"spacetrack"
47143,"2026-08-26 22:00:02+00",0.00049249,15.867467,0.00129701,0.0003514,309.0602,313.76163,6689.548,"spacetrack"
47143,"2026-08-27 20:00:01.999+00",0.00040385,15.871188,0.00107911,0.0003282,308.17026,312.56058,6688.5024,"spacetrack"
47143,"2026-08-28 20:00:01.999+00",0.00038855,15.874891,0.00105686,0.0003151,307.21802,311.43243,6687.4624,"spacetrack"
47143,"2026-08-29 22:00:01.999+00",0.00077246,15.880143,0.00219237,0.0002892,305.91687,309.78406,6685.9873,"spacetrack"
47171,"2026-08-22 16:00:02+00",0.00056238,15.874977,0.00154462,0.0007215,304.47598,314.12598,6687.438,"spacetrack"
47171,"2026-08-23 16:00:02+00",0.00099012,15.878679,0.00281517,0.0006946,303.61716,312.90588,6686.3984,"spacetrack"
47171,"2026-08-24 16:00:02+00",0.001052,15.88321,0.00306812,0.0006725,302.494,311.4855,6685.127,"spacetrack"
47171,"2026-08-25 22:00:01.999+00",0.00077289,15.8893175,0.00230193,0.0006502,300.93124,309.62234,6683.4136,"spacetrack"
47171,"2026-08-26 22:00:02+00",0.00070007,15.893969,0.00212937,0.0006233,299.80774,308.13763,6682.11,"spacetrack"
47171,"2026-08-27 20:00:01.999+00",0.0007416,15.897935,0.00222107,0.0006124,298.76993,306.9528,6680.9985,"spacetrack"
47171,"2026-08-28 20:00:01.999+00",0.00076189,15.903245,0.00234604,0.0006028,297.34766,305.40048,6679.511,"spacetrack"
47171,"2026-08-29 22:00:01.999+00",0.00092134,15.910251,0.00294825,0.0005546,295.70972,303.11646,6677.5503,"spacetrack"
47178,"2026-08-22 09:00:55.116+00",0.00079257,16.080893,0.0067469,0.0002161,250.65736,253.52293,6630.227,"spacetrack"
47178,"2026-08-23 11:51:00.893+00",0.00079737,16.096766,0.00751934,0.0003004,245.74023,249.72105,6625.8677,"spacetrack"
47178,"2026-08-24 08:42:08.438+00",0.00080354,16.110811,0.00831021,0.0003807,241.35794,246.39995,6622.016,"spacetrack"
47178,"2026-08-25 20:24:11.119+00",0.00081699,16.138622,0.0101858,0.0005159,232.85681,239.68156,6614.4062,"spacetrack"
47178,"2026-08-26 20:10:01.935+00",0.00078273,16.159706,0.01130226,0.0006196,226.42023,234.60966,6608.652,"spacetrack"
47178,"2026-08-27 19:53:52.943+00",0.0007635,16.184359,0.01349237,0.0007343,218.95404,228.64964,6601.939,"spacetrack"
47178,"2026-08-28 13:40:14.65+00",0.00072638,16.205683,0.01515674,0.0008116,212.65617,223.36304,6596.1465,"spacetrack"
47178,"2026-08-29 14:47:59.094+00",0.00085035,16.251091,0.02585268,0.000908,199.73813,211.69441,6583.8535,"spacetrack"
47596,"2026-08-22 16:00:02+00",0.00085214,15.911794,0.00275878,0.0011204,291.50034,306.46243,6677.118,"spacetrack"
47596,"2026-08-23 16:00:02+00",0.0008366,15.916667,0.00277776,0.0011166,290.1642,305.0725,6675.7554,"spacetrack"
47596,"2026-08-24 16:00:02+00",0.00082505,15.922967,0.00283246,0.0011499,288.1832,303.53204,6673.9946,"spacetrack"
47596,"2026-08-25 22:00:01.999+00",0.00099551,15.929538,0.00354374,0.0011067,286.6379,301.40607,6672.159,"spacetrack"
47596,"2026-08-26 22:00:02+00",0.00087086,15.934904,0.00318559,0.0010914,285.24353,299.80426,6670.661,"spacetrack"
47596,"2026-08-27 20:00:01.999+00",0.00079776,15.940052,0.00299646,0.0010653,283.98297,298.19244,6669.2246,"spacetrack"
47596,"2026-08-28 20:00:01.999+00",0.00079179,15.945403,0.00306012,0.0010369,282.6818,296.50934,6667.7324,"spacetrack"
47596,"2026-08-29 22:00:01.999+00",0.0011033,15.953824,0.00447383,0.0009985,280.5936,293.9044,6665.386,"spacetrack"
47625,"2026-08-22 16:00:02+00",0.00040128,15.779548,0.00069334,0.0006044,332.17813,340.29446,6714.373,"spacetrack"
47625,"2026-08-23 00:00:02+00",0.00060124,15.780258,0.00104988,0.0006003,332.0042,340.06525,6714.172,"spacetrack"
47625,"2026-08-24 15:15:15.059+00",0.00069971,15.784483,0.00124948,0.0006295,330.61075,339.06238,6712.9736,"spacetrack"
47625,"2026-08-25 22:00:01.999+00",0.0002513,15.788298,0.00044805,0.0006856,329.1534,338.35675,6711.892,"spacetrack"
47625,"2026-08-26 11:18:55.788+00",0.00064408,15.789204,0.00117374,0.0006981,328.81296,338.18375,6711.6353,"spacetrack"
47625,"2026-08-27 20:00:01.999+00",0.00025927,15.793032,0.00047283,0.0007298,327.5164,337.31113,6710.551,"spacetrack"
47625,"2026-08-28 20:00:01.999+00",0.00026711,15.7953825,0.00049276,0.0007432,326.76114,336.7347,6709.885,"spacetrack"
47625,"2026-08-29 22:00:01.999+00",0.00088027,15.798755,0.00168848,0.0007482,325.77365,335.8129,6708.93,"spacetrack"
47627,"2026-08-22 16:00:02+00",8.9861e-06,15.803784,1.027e-05,0.0008909,323.3939,335.34534,6707.507,"spacetrack"
47627,"2026-08-23 16:00:02+00",0.00016431,15.806346,0.00031568,0.0008714,322.80063,334.48923,6706.7817,"spacetrack"
47627,"2026-08-24 16:00:02+00",0.00016231,15.810398,0.0003177,0.0008516,321.78836,333.2094,6705.6357,"spacetrack"
47627,"2026-08-25 22:00:01.999+00",0.00074,15.813617,0.0015165,0.0008207,321.08658,332.0917,6704.726,"spacetrack"
47627,"2026-08-26 22:00:02+00",0.00088515,15.816137,0.00184355,0.0008126,320.42905,331.3244,6704.0137,"spacetrack"
47627,"2026-08-27 20:00:01.999+00",0.00098394,15.818652,0.00207975,0.0008004,319.8007,330.53134,6703.303,"spacetrack"
47627,"2026-08-28 22:06:21.022+00",0.00081498,15.821992,0.00174156,0.0007812,318.987,329.45877,6702.36,"spacetrack"
47627,"2026-08-29 22:00:01.999+00",0.00063925,15.826107,0.00138538,0.0007695,317.9042,328.21735,6701.1978,"spacetrack"
47652,"2026-08-22 15:06:34.985+00",0.00055029,16.06558,0.00432839,0.0016326,245.47092,267.1337,6634.4395,"spacetrack"
47652,"2026-08-23 17:57:55.727+00",0.00088662,16.085175,0.0078824,0.0015232,240.8159,261.01065,6629.0503,"spacetrack"
47652,"2026-08-24 16:19:19.296+00",0.00086855,16.101171,0.00857354,0.0015507,236.24893,256.79465,6624.6587,"spacetrack"
47652,"2026-08-25 16:08:33.323+00",0.00085945,16.120605,0.00964733,0.0015378,231.01758,251.376,6619.334,"spacetrack"
47652,"2026-08-26 14:26:48.101+00",0.000893,16.14124,0.01149381,0.0014903,225.69807,245.41084,6613.6914,"spacetrack"
47652,"2026-08-27 14:12:15.159+00",0.0008984,16.166924,0.01414792,0.0014327,219.08244,238.01323,6606.685,"spacetrack"
47652,"2026-08-28 13:55:14.452+00",0.00085627,16.197586,0.01697035,0.0013151,211.52995,228.88492,6598.344,"spacetrack"
47652,"2026-08-29 10:37:40.748+00",0.0010253,16.238981,0.02829353,0.0011395,201.48328,216.49535,6587.1265,"spacetrack"
47657,"2026-08-22 16:56:05.135+00",0.0007437,16.202755,0.01529135,0.00119,210.95354,226.65425,6596.941,"spacetrack"
47657,"2026-08-23 12:09:43.282+00",0.00079007,16.233063,0.0207592,0.0011725,202.86472,218.31528,6588.727,"spacetrack"
47657,"2026-08-24 14:42:18.969+00",0.00082106,16.306627,0.04143995,0.0009162,184.74112,196.77795,6568.8965,"spacetrack"
47657,"2026-08-25 11:13:17.842+00",0.00029231,16.462137,0.12491454,0.000384,146.81862,151.83171,6527.4624,"spacetrack"
47728,"2026-08-22 16:00:02+00",0.00055248,15.788055,0.00099752,0.0003898,331.2076,336.44025,6711.961,"spacetrack"
47728,"2026-08-23 14:11:22.15+00",0.0007837,15.790375,0.00144015,0.0003556,330.78,335.55307,6711.3037,"spacetrack"
47728,"2026-08-24 16:00:02+00",0.00050893,15.7937975,0.000942,0.0003646,329.7502,334.6434,6710.334,"spacetrack"
47728,"2026-08-25 22:00:01.999+00",0.00034859,15.797547,0.00065196,0.0003503,328.7848,333.48532,6709.272,"spacetrack"
47728,"2026-08-26 22:00:02+00",0.00054299,15.8002,0.00103646,0.000336,328.12988,332.638,6708.521,"spacetrack"
47728,"2026-08-27 20:00:01.999+00",0.0002274,15.803105,0.00043277,0.0003441,327.25363,331.86987,6707.6987,"spacetrack"
47728,"2026-08-28 20:00:01.999+00",0.00055715,15.805465,0.0010904,0.000327,326.70102,331.0874,6707.0312,"spacetrack"
47728,"2026-08-29 22:00:01.999+00",0.00076587,15.809502,0.00153774,0.0003305,325.53613,329.96872,6705.8896,"spacetrack"
47745,"2026-08-22 14:35:15.616+00",0.00084792,16.011671,0.0047396,0.0005568,267.48334,274.88803,6649.3228,"spacetrack"
47745,"2026-08-23 22:01:58.893+00",0.00086906,16.02496,0.00525737,0.0006495,263.1929,271.8256,6645.6465,"spacetrack"
47745,"2026-08-24 21:58:22.802+00",0.00088966,16.036125,0.00575778,0.0007302,259.57382,269.27463,6642.561,"spacetrack"
47745,"2026-08-25 21:53:44.283+00",0.00089782,16.048248,0.00625742,0.0007872,255.85165,266.30444,6639.215,"spacetrack"
47745,"2026-08-26 20:18:23.562+00",0.00084119,16.059847,0.00630287,0.0008664,252.13206,263.63095,6636.0186,"spacetrack"
47745,"2026-08-27 20:11:34.807+00",0.00084297,16.07318,0.00687069,0.0009198,248.11066,260.31152,6632.348,"spacetrack"
47745,"2026-08-28 14:05:39.742+00",0.00083711,16.083862,0.0073081,0.0009753,244.80826,257.7396,6629.411,"spacetrack"
47745,"2026-08-29 22:52:36.706+00",0.00095732,16.110323,0.00991786,0.0010614,236.98404,251.04153,6622.15,"spacetrack"
47746,"2026-08-22 14:53:19.05+00",0.00058203,15.730305,0.00081269,0.0001344,349.33722,351.1458,6728.3784,"spacetrack"
47746,"2026-08-23 21:22:59.331+00",0.00059036,15.73247,0.00083232,0.0001463,348.63998,350.60852,6727.761,"spacetrack"
47746,"2026-08-24 21:46:32.76+00",0.00059874,15.734198,0.00085072,0.0001552,348.08765,350.1758,6727.2686,"spacetrack"
47746,"2026-08-25 22:09:56.068+00",0.00062626,15.736061,0.0008978,0.0001649,347.49127,349.70975,6726.7373,"spacetrack"
47746,"2026-08-26 22:33:09.394+00",0.00064513,15.737785,0.00093234,0.0001824,346.8823,349.33603,6726.246,"spacetrack"
47746,"2026-08-27 21:24:46.851+00",0.00067779,15.739414,0.00098744,0.000191,346.36066,348.9299,6725.782,"spacetrack"
47746,"2026-08-28 20:16:15.781+00",0.00070404,15.74103,0.0010338,0.0002777,345.31726,349.05252,6725.322,"spacetrack"
47746,"2026-08-29 22:10:24.976+00",0.00069647,15.743385,0.00103303,0.0002215,345.02454,348.00357,6724.651,"spacetrack"
47752,"2026-08-22 16:00:02+00",0.00087345,15.991029,0.00433469,0.0005544,273.217,280.59613,6655.0435,"spacetrack"
47752,"2026-08-23 16:00:02+00",0.00083779,15.998968,0.00435157,0.0006043,270.68433,278.72495,6652.842,"spacetrack"
47752,"2026-08-24 22:11:34.788+00",0.0010575,16.010862,0.00589253,0.0006914,266.8122,276.00717,6649.547,"spacetrack"
47752,"2026-08-25 20:39:24.984+00",0.0008121,16.020647,0.0047926,0.0007637,263.62552,273.77792,6646.839,"spacetrack"
47752,"2026-08-26 20:36:16.619+00",0.00079157,16.030195,0.00494942,0.0008656,260.31088,271.8133,6644.199,"spacetrack"
47752,"2026-08-27 22:01:59.339+00",0.00074737,16.040733,0.0049815,0.00091,257.1083,269.19547,6641.289,"spacetrack"
47752,"2026-08-28 21:57:00.097+00",0.00083244,16.05164,0.00593438,0.0009401,253.90268,266.38397,6638.2803,"spacetrack"
47752,"2026-08-29 23:20:26.915+00",0.00085691,16.066774,0.006714,0.000983,249.45245,262.49512,6634.111,"spacetrack"
47762,"2026-08-22 16:00:02+00",0.00090619,15.963882,0.00386043,0.0004187,281.6593,287.23856,6662.586,"spacetrack"
47762,"2026-08-23 16:00:02+00",0.00094078,15.971237,0.00417624,0.0004602,279.33838,285.46872,6660.5405,"spacetrack"
47762,"2026-08-24 16:00:02+00",0.00088782,15.979063,0.00411681,0.0005056,276.862,283.59494,6658.365,"spacetrack"
47762,"2026-08-25 22:00:01.999+00",0.00087286,15.989556,0.00429513,0.0005376,273.73712,280.89307,6655.452,"spacetrack"
47762,"2026-08-26 22:24:03.696+00",0.0008294,15.999119,0.00431018,0.0005596,270.94006,278.38586,6652.8,"spacetrack"
47762,"2026-08-27 19:23:04.916+00",0.00082143,16.006804,0.00446378,0.0005981,268.55563,276.51117,6650.6704,"spacetrack"
47762,"2026-08-28 11:51:52.778+00",0.00089193,16.013157,0.0050329,0.0006346,266.55508,274.9939,6648.9116,"spacetrack"
47762,"2026-08-29 11:49:22.387+00",0.0011285,16.024475,0.00681027,0.0006904,263.05508,272.2316,6645.7803,"spacetrack"
47767,"2026-08-22 16:00:02+00",0.00079552,15.849419,0.00193733,0.0003673,314.02957,318.94745,6694.6255,"spacetrack"
47767,"2026-08-23 16:00:02+00",0.00078063,15.853261,0.00193641,0.0003538,313.03842,317.77478,6693.5435,"spacetrack"
47767,"2026-08-24 16:00:02+00",0.00069038,15.85735,0.00174206,0.0003563,311.87128,316.64026,6692.3926,"spacetrack"
47767,"2026-08-25 22:00:01.999+00",0.00065952,15.86308,0.00171027,0.0003369,310.39005,314.8983,6690.7812,"spacetrack"
47767,"2026-08-26 22:00:02+00",0.00081357,15.867032,0.00216392,0.0003472,309.2105,313.85583,6689.6704,"spacetrack"
47767,"2026-08-27 20:00:01.999+00",0.00070934,15.871066,0.00191823,0.000375,307.8913,312.90768,6688.5366,"spacetrack"
47767,"2026-08-28 20:00:01.999+00",0.00045546,15.875224,0.00124492,0.0003807,306.68564,311.7774,6687.3687,"spacetrack"
47767,"2026-08-29 22:00:01.999+00",0.0011343,15.8810425,0.00327749,0.0004013,304.9153,310.28128,6685.7354,"spacetrack"
47776,"2026-08-22 15:38:27.842+00",0.001178,16.035408,0.00757496,0.0005312,261.0934,268.15067,6642.7593,"spacetrack"
47776,"2026-08-23 21:31:23.853+00",0.0015453,16.069416,0.01212389,6.86e-05,254.79169,255.70178,6633.384,"spacetrack"
47776,"2026-08-24 22:53:06.752+00",0.0009116,16.085712,0.0079918,9.31e-05,250.14839,251.38269,6628.9023,"spacetrack"
47776,"2026-08-25 22:43:50.062+00",0.00093332,16.102745,0.00912907,0.00021,244.69931,247.48149,6624.2275,"spacetrack"
47776,"2026-08-26 19:34:26.041+00",0.00087647,16.118626,0.00952851,0.0003408,239.48286,243.99498,6619.876,"spacetrack"
47776,"2026-08-27 19:22:05.066+00",0.00088288,16.1392,0.01102047,0.0004755,232.96628,239.25644,6614.2485,"spacetrack"
47776,"2026-08-28 13:11:31.19+00",0.00086463,16.15745,0.01223758,0.000598,227.17793,235.08263,6609.267,"spacetrack"
47776,"2026-08-29 11:26:24.637+00",0.0010568,16.18755,0.01914196,0.0007283,218.1268,227.74191,6601.0713,"spacetrack"
47818,"2026-08-22 16:00:02+00",0.00096025,15.981415,0.00451272,0.0004225,276.76245,282.3882,6657.7124,"spacetrack"
47818,"2026-08-23 16:00:02+00",0.0010489,15.9904785,0.00518984,0.0004046,274.36646,279.75186,6655.1963,"spacetrack"
47818,"2026-08-24 16:00:02+00",0.0010461,16.000072,0.00546741,0.0004041,271.71017,277.08676,6652.5356,"spacetrack"
47818,"2026-08-25 19:58:21.093+00",0.00093464,16.012331,0.00524248,0.000403,268.32312,273.6823,6649.1396,"spacetrack"
47818,"2026-08-26 22:55:32.448+00",0.00088306,16.023998,0.005305,0.0004354,264.8814,270.66867,6645.912,"spacetrack"
47818,"2026-08-27 22:52:01.668+00",0.00091329,16.034979,0.00585981,0.0004824,261.53616,267.94522,6642.878,"spacetrack"
47818,"2026-08-28 22:47:30.562+00",0.00094784,16.046734,0.00653073,0.0005212,258.0355,264.95667,6639.6333,"spacetrack"
47818,"2026-08-29 22:41:45.21+00",0.00099209,16.062283,0.00752088,0.0005619,253.48189,260.9387,6635.347,"spacetrack"
47862,"2026-08-22 16:00:02+00",0.00078383,15.943608,0.00298552,0.0004254,287.25937,292.93268,6668.233,"spacetrack"
47862,"2026-08-23 16:00:02+00",0.00082294,15.950538,0.00325586,0.00041,285.43134,290.8977,6666.302,"spacetrack"
47862,"2026-08-24 16:00:02+00",0.0010209,15.9575205,0.00420317,0.000413,283.46738,288.9721,6664.357,"spacetrack"
47862,"2026-08-25 22:00:01.999+00",0.00089669,15.968217,0.00391216,0.000413,280.49222,285.9945,6661.3804,"spacetrack"
47862,"2026-08-26 22:00:02+00",0.00077667,15.976505,0.00354477,0.0004055,278.23892,283.63943,6659.076,"spacetrack"
47862,"2026-08-27 20:00:01.999+00",0.00082288,15.984014,0.00392003,0.0004288,275.99915,281.7082,6656.9907,"spacetrack"
47862,"2026-08-28 20:00:01.999+00",0.00072004,15.9919195,0.00358477,0.0004601,273.5977,279.72144,6654.7964,"spacetrack"
47862,"2026-08-29 22:25:39.14+00",0.0010157,16.00428,0.00544018,0.000496,269.9336,276.53177,6651.3696,"spacetrack"
47879,"2026-08-22 16:00:02+00",0.00061661,15.928735,0.00216448,0.0006703,289.77393,298.71893,6672.3833,"spacetrack"
47879,"2026-08-23 16:00:02+00",0.00064944,15.934225,0.00234899,0.0006373,288.46222,296.96487,6670.8506,"spacetrack"
47879,"2026-08-24 16:00:02+00",0.00065397,15.940165,0.00244205,0.0006131,286.96744,295.1452,6669.1934,"spacetrack"
47879,"2026-08-25 22:00:01.999+00",0.00080774,15.947909,0.00315282,0.0005915,284.95343,292.84055,6667.034,"spacetrack"
47879,"2026-08-26 22:00:02+00",0.00069803,15.954083,0.0028129,0.0005609,283.4382,290.91534,6665.314,"spacetrack"
47879,"2026-08-27 20:00:01.999+00",0.00077836,15.959734,0.00323891,0.0005479,281.95233,289.25446,6663.74,"spacetrack"
47879,"2026-08-28 20:00:01.999+00",0.00064109,15.970063,0.00281679,0.0003903,280.1302,285.32968,6660.8667,"spacetrack"
47879,"2026-08-29 22:00:01.999+00",0.00084778,15.980078,0.00394958,0.0003564,277.5737,282.31958,6658.0835,"spacetrack"
47993,"2026-08-22 16:00:02+00",0.00047822,15.824659,0.00102302,0.0007438,318.4849,328.4542,6701.6064,"spacetrack"
47993,"2026-08-23 16:00:02+00",0.00062771,15.827885,0.00137107,0.0007373,317.61865,327.4995,6700.6963,"spacetrack"
47993,"2026-08-24 16:00:02+00",0.0007699,15.832116,0.00172401,0.0007182,316.55344,326.1766,6699.502,"spacetrack"
47993,"2026-08-25 22:00:01.999+00",0.00085997,15.839861,0.002005,0.0007044,314.46365,323.89883,6697.3184,"spacetrack"
47993,"2026-08-26 22:00:02+00",0.00078869,15.843532,0.00186771,0.0006927,313.50824,322.78525,6696.2837,"spacetrack"
47993,"2026-08-27 20:00:01.999+00",0.00098068,15.846714,0.00237332,0.0006819,312.68454,321.8157,6695.387,"spacetrack"
47993,"2026-08-28 20:00:01.999+00",0.00083966,15.850296,0.00205881,0.0006724,311.74,320.74258,6694.3784,"spacetrack"
47993,"2026-08-29 22:00:01.999+00",0.00074236,15.8561535,0.00186739,0.0006471,310.26175,318.92346,6692.7295,"spacetrack"
48022,"2026-08-22 14:21:54.115+00",0.00060709,15.762353,0.00097786,0.0006,337.08676,345.14987,6719.2554,"spacetrack"
48022,"2026-08-23 22:19:06.86+00",0.00065765,15.765057,0.00107385,0.0006111,336.2443,344.45563,6718.487,"spacetrack"
48022,"2026-08-24 21:08:20.604+00",0.00064816,15.767099,0.00106782,0.0006089,335.67932,343.86038,6717.9067,"spacetrack"
48022,"2026-08-25 21:28:39.457+00",0.00066741,15.769293,0.00111106,0.0006077,335.0646,343.22882,6717.2837,"spacetrack"
48022,"2026-08-26 23:19:59.373+00",0.00067384,15.771902,0.00113519,0.000585,334.47668,342.33502,6716.543,"spacetrack"
48022,"2026-08-27 22:08:37.874+00",0.00072246,15.773827,0.00122941,0.0005781,333.97717,341.74222,6715.9966,"spacetrack"
48022,"2026-08-28 22:28:19.791+00",0.00075218,15.775992,0.00129366,0.0005727,333.39908,341.09088,6715.382,"spacetrack"
48022,"2026-08-29 22:47:47.521+00",0.00073561,15.778799,0.00128082,0.0005664,332.64542,340.2517,6714.5854,"spacetrack"
48029,"2026-08-22 16:00:02+00",0.00072877,16.00129,0.00385229,0.0010972,266.76248,281.36008,6652.198,"spacetrack"
48029,"2026-08-23 22:30:59.905+00",0.0010004,16.013166,0.00567075,0.0010425,263.84,277.70297,6648.9087,"spacetrack"
48029,"2026-08-24 20:58:42.618+00",0.0011128,16.022896,0.00667541,0.0009997,261.43564,274.7241,6646.217,"spacetrack"
48029,"2026-08-25 22:25:07.945+00",0.00085034,16.033657,0.00543296,0.0009161,259.01978,271.19153,6643.2427,"spacetrack"
48029,"2026-08-26 22:20:45.452+00",0.00088101,16.044846,0.0060187,0.0008503,256.37097,267.66324,6640.1543,"spacetrack"
48029,"2026-08-27 20:45:43.139+00",0.00084656,16.05594,0.00618793,0.0008117,253.57045,264.34512,6637.0947,"spacetrack"
48029,"2026-08-28 11:41:50.123+00",0.00080734,16.063538,0.00618314,0.000761,251.81546,261.91394,6635.0015,"spacetrack"
48029,"2026-08-29 11:34:36.545+00",0.001074,16.079699,0.00907967,0.0006965,247.79994,257.03632,6630.555,"spacetrack"
48376,"2026-08-22 16:00:02+00",0.00065874,15.806157,0.00129968,0.0007802,323.46573,333.9311,6706.8354,"spacetrack"
48376,"2026-08-23 13:33:19.247+00",0.0007212,15.808536,0.00144152,0.0007628,322.91025,333.14114,6706.1626,"spacetrack"
48376,"2026-08-24 16:00:02+00",0.00026668,15.812212,0.00053212,0.0007793,321.7608,332.2114,6705.123,"spacetrack"
48376,"2026-08-25 22:00:01.999+00",0.00099652,15.815364,0.00207344,0.0007472,321.0859,331.1047,6704.2324,"spacetrack"
48376,"2026-08-26 22:00:02+00",0.00076295,15.81827,0.00159863,0.0007387,320.3223,330.22592,6703.411,"spacetrack"
48376,"2026-08-27 20:00:01.999+00",0.00096669,15.820894,0.0020634,0.000743,319.5527,329.51288,6702.67,"spacetrack"
48376,"2026-08-28 20:00:01.999+00",0.00070385,15.823992,0.00151265,0.0007216,318.82205,328.49408,6701.795,"spacetrack"
48376,"2026-08-29 22:00:01.999+00",0.00097768,15.828387,0.0021638,0.0007126,317.64236,327.192,6700.554,"spacetrack"
48427,"2026-08-22 14:23:04.945+00",0.00055397,15.952212,0.00230391,0.0013697,278.56793,296.82834,6665.835,"spacetrack"
48427,"2026-08-23 17:24:49.753+00",0.00054143,15.957501,0.00231584,0.0013089,277.50204,294.94803,6664.362,"spacetrack"
48427,"2026-08-24 14:25:46.801+00",0.0005561,15.962313,0.00244081,0.0012571,276.5096,293.26178,6663.0225,"spacetrack"
48427,"2026-08-25 14:26:24.151+00",0.00058733,15.96784,0.00265575,0.001191,275.41415,291.2818,6661.485,"spacetrack"
48427,"2026-08-26 12:56:31.074+00",0.00056507,15.973191,0.00263085,0.0011457,274.22986,289.49057,6659.997,"spacetrack"
48427,"2026-08-27 12:56:08.689+00",0.00060716,15.9789715,0.00291817,0.0010937,272.9718,287.53635,6658.391,"spacetrack"
48427,"2026-08-28 18:54:57.316+00",0.00060451,15.986044,0.00302139,0.0010247,271.4692,285.1109,6656.4272,"spacetrack"
48427,"2026-08-29 17:23:27.141+00",0.00071673,15.993252,0.00373025,0.0009778,269.7831,282.7965,6654.427,"spacetrack"
48442,"2026-08-27 22:29:31.469+00",0.00074298,15.726824,0.00102649,0.0002615,349.4746,352.99405,6729.371,"spacetrack"
48442,"2026-08-28 21:22:06.211+00",0.00079279,15.728615,0.00110517,0.0002409,349.1025,352.34448,6728.8604,"spacetrack"
48442,"2026-08-29 21:45:59.312+00",0.0007669,15.73097,0.00107942,0.0002691,348.2412,351.8623,6728.189,"spacetrack"
48465,"2026-08-22 16:00:02+00",0.00086116,15.9084835,0.0027259,0.0003712,297.42874,302.38654,6678.0444,"spacetrack"
48465,"2026-08-23 16:00:02+00",0.00091263,15.913836,0.00297226,0.0003617,295.9954,300.8252,6676.5474,"spacetrack"
48465,"2026-08-24 16:00:02+00",0.00086083,15.919471,0.00288555,0.0003557,294.4604,299.20895,6674.9717,"spacetrack"
48465,"2026-08-25 22:00:01.999+00",0.00084437,15.926646,0.00293864,0.0003287,292.63617,297.02298,6672.967,"spacetrack"
48465,"2026-08-26 22:00:02+00",0.00084916,15.932615,0.00305101,0.0003579,290.77527,295.55057,6671.3,"spacetrack"
48465,"2026-08-27 20:00:01.999+00",0.0008012,15.938292,0.00296581,0.0003808,289.0391,294.11874,6669.716,"spacetrack"
48465,"2026-08-28 20:00:01.999+00",0.00086763,15.9443245,0.00332076,0.0004083,287.17365,292.61877,6668.033,"spacetrack"
48465,"2026-08-29 22:00:01.999+00",0.0011983,15.953051,0.00481948,0.0004452,284.497,290.43207,6665.6016,"spacetrack"
48562,"2026-08-22 14:37:14.031+00",0.00065467,15.782454,0.00115543,0.0002199,333.93567,336.8883,6713.549,"spacetrack"
48562,"2026-08-23 21:00:48.356+00",0.00069557,15.785517,0.0012465,0.0002527,332.8472,336.23978,6712.6807,"spacetrack"
48562,"2026-08-24 13:43:37.004+00",0.00067937,15.787262,0.00122669,0.0002671,332.25586,335.8415,6712.1855,"spacetrack"
48562,"2026-08-25 22:00:01.999+00",0.00041906,15.791008,0.00076289,0.0003119,330.8939,335.0803,6711.124,"spacetrack"
48562,"2026-08-26 20:24:44.905+00",0.00073287,15.793333,0.00136311,0.0003339,330.0879,334.56915,6710.4653,"spacetrack"
48562,"2026-08-27 20:00:01.999+00",0.00051166,15.795913,0.00095637,0.0003785,329.0582,334.13745,6709.735,"spacetrack"
48562,"2026-08-28 20:00:01.999+00",0.00084562,15.798165,0.00161387,0.0004026,328.25897,333.66113,6709.097,"spacetrack"
48562,"2026-08-29 22:00:01.999+00",0.00063397,15.8019285,0.00122377,0.0004439,326.91705,332.87244,6708.0317,"spacetrack"
48582,"2026-08-25 22:00:01.999+00",0.0028025,15.723708,0.0039784,0.0005746,348.25595,355.9904,6730.2603,"spacetrack"
48582,"2026-08-26 22:00:02+00",0.0028291,15.730986,0.00415194,0.0006609,345.6006,354.4939,6728.184,"spacetrack"
48582,"2026-08-27 20:00:01.999+00",0.0028582,15.736923,0.00431195,0.000743,343.35712,353.3527,6726.4917,"spacetrack"
48582,"2026-08-28 20:00:01.999+00",0.0027801,15.744018,0.00432584,0.0008109,340.88107,351.78683,6724.471,"spacetrack"
48582,"2026-08-29 22:00:01.999+00",0.00096961,15.749304,0.00148891,0.0008238,339.2909,350.36765,6722.9663,"spacetrack"
48652,"2026-08-22 20:09:42.629+00",0.00090897,16.070606,0.00729501,0.0009862,248.37738,261.46042,6633.0557,"spacetrack"
48652,"2026-08-23 20:01:49.026+00",0.00095793,16.086742,0.00852089,0.0010563,243.48079,257.4844,6628.6196,"spacetrack"
48652,"2026-08-24 18:23:02.002+00",0.00095455,16.103773,0.00948739,0.0011219,238.37714,253.23994,6623.9453,"spacetrack"
48652,"2026-08-25 18:11:59.678+00",0.00092985,16.124313,0.010597,0.0011804,232.36958,247.99411,6618.319,"spacetrack"
48652,"2026-08-26 17:59:01.508+00",0.00085977,16.146925,0.01145491,0.0012532,225.71515,242.28781,6612.1387,"spacetrack"
48652,"2026-08-27 23:39:48.471+00",0.00085645,16.180063,0.01483779,0.0013177,216.26944,233.67126,6603.1074,"spacetrack"
48652,"2026-08-28 15:57:33.854+00",0.00086708,16.202093,0.01780424,0.0013073,210.35939,227.60823,6597.1206,"spacetrack"
48652,"2026-08-29 14:08:11.696+00",0.0010217,16.24883,0.03075365,0.0012272,198.24669,214.40761,6584.4644,"spacetrack"
48909,"2026-08-22 23:46:02.946+00",0.00051162,15.96473,0.00212596,0.0001658,283.1086,285.31784,6662.35,"spacetrack"
48909,"2026-08-23 11:48:04.598+00",0.00053062,15.967007,0.00223261,0.0001512,282.5726,284.58713,6661.717,"spacetrack"
48909,"2026-08-24 13:22:02.691+00",0.00052789,15.971901,0.00228125,0.0001257,281.38174,283.05615,6660.356,"spacetrack"
48909,"2026-08-25 19:26:06.067+00",0.00052474,15.977808,0.00234241,9.14e-05,279.9687,281.1859,6658.7144,"spacetrack"
48909,"2026-08-26 11:58:02.953+00",0.00049709,15.981009,0.00225824,7.54e-05,279.18628,280.19028,6657.825,"spacetrack"
48909,"2026-08-27 02:59:38.707+00",0.00051505,15.983981,0.00237898,4.9e-05,278.53647,279.18884,6656.9995,"spacetrack"
48909,"2026-08-28 03:01:50.861+00",0.00051071,15.988831,0.00242359,2.41e-05,277.35608,277.67688,6655.6533,"spacetrack"
48909,"2026-08-29 12:04:07.958+00",0.00065567,15.99664,0.00325248,2.09e-05,275.21103,275.48914,6653.4873,"spacetrack"
48931,"2026-08-22 12:18:01.19+00",0.00030512,15.751215,0.00045518,0.0005293,340.72736,347.84372,6722.4224,"spacetrack"
48931,"2026-08-23 02:01:20.967+00",0.00034219,15.751734,0.00051215,0.0005311,340.56775,347.70816,6722.275,"spacetrack"
48931,"2026-08-25 02:48:29.94+00",0.00036595,15.753853,0.0005531,0.0005126,340.08948,346.98053,6721.672,"spacetrack"
48931,"2026-08-26 03:11:55.61+00",0.00031836,15.75487,0.00048277,0.0005373,339.63434,346.85715,6721.383,"spacetrack"
48931,"2026-08-27 11:12:32.503+00",0.00038298,15.756174,0.00058515,0.0005847,338.94495,346.80447,6721.0117,"spacetrack"
48931,"2026-08-28 02:27:03.915+00",0.00032979,15.756693,0.00050424,0.0005303,339.1633,346.29147,6720.8643,"spacetrack"
48931,"2026-08-29 19:36:04.933+00",0.00041325,15.758709,0.0006387,0.0004777,338.94385,345.3644,6720.291,"spacetrack"
48948,"2026-08-22 13:49:01.26+00",0.00032107,15.751329,0.0004795,0.0005774,340.3714,348.1344,6722.39,"spacetrack"
48948,"2026-08-23 08:06:46.787+00",0.00030935,15.751991,0.00046317,0.00057,340.23297,347.89627,6722.2017,"spacetrack"
48948,"2026-08-24 00:53:00.8+00",0.00035752,15.752725,0.00053771,0.0005729,340.00482,347.70688,6721.9927,"spacetrack"
48948,"2026-08-25 13:28:16.525+00",0.0003415,15.754256,0.00051682,0.0005581,339.6691,347.1717,6721.5576,"spacetrack"
48948,"2026-08-26 07:45:49.465+00",0.00031997,15.755018,0.00048555,0.0005479,339.52097,346.8862,6721.341,"spacetrack"
48948,"2026-08-27 03:34:46.681+00",0.0003253,15.755832,0.00049547,0.0005436,339.31854,346.62573,6721.109,"spacetrack"
48948,"2026-08-28 11:35:16.61+00",0.00029998,15.757001,0.00045892,0.0005407,339.00577,346.27362,6720.777,"spacetrack"
48948,"2026-08-29 11:58:24.271+00",0.00040602,15.758199,0.00062611,0.0005357,338.699,345.8993,6720.436,"spacetrack"
48957,"2026-08-22 19:54:45.118+00",0.00031145,15.751415,0.00046515,0.0005532,340.50967,347.9473,6722.3657,"spacetrack"
48957,"2026-08-23 20:18:24.353+00",0.00033741,15.752414,0.00050647,0.0005554,340.21097,347.67786,6722.0815,"spacetrack"
48957,"2026-08-25 08:53:42.454+00",0.0003913,15.754053,0.00059237,0.000549,339.78787,347.1682,6721.615,"spacetrack"
48957,"2026-08-26 03:11:16.023+00",0.00033914,15.75491,0.00051466,0.0005396,339.60727,346.86096,6721.371,"spacetrack"
48957,"2026-08-27 03:34:36.157+00",0.00034033,15.755864,0.00051869,0.0005655,339.1623,346.76385,6721.1,"spacetrack"
48957,"2026-08-28 11:35:05.974+00",0.00029719,15.756991,0.00045458,0.0005199,339.1482,346.13644,6720.7793,"spacetrack"
48957,"2026-08-29 11:58:13.548+00",0.00041077,15.758227,0.00063356,0.0005158,338.82455,345.75735,6720.4277,"spacetrack"
48964,"2026-08-22 13:03:18.777+00",0.00049417,15.956529,0.00196408,0.0001657,285.39148,287.60016,6664.633,"spacetrack"
48964,"2026-08-23 11:37:44.786+00",0.00052994,15.960435,0.00215156,0.0001539,284.3829,286.43396,6663.5454,"spacetrack"
48964,"2026-08-24 11:42:06.496+00",0.00051171,15.964648,0.00212534,0.0001485,283.2466,285.22534,6662.373,"spacetrack"
48964,"2026-08-25 11:46:04.548+00",0.00051757,15.969076,0.00220221,0.0001351,282.1044,283.90424,6661.141,"spacetrack"
48964,"2026-08-26 02:48:21.177+00",0.00051145,15.971823,0.00220908,0.0001317,281.36346,283.1178,6660.3774,"spacetrack"
48964,"2026-08-27 13:23:00.308+00",0.00050802,15.978166,0.00227212,0.0001103,279.74332,281.21222,6658.6147,"spacetrack"
48964,"2026-08-28 02:54:35.952+00",0.00050392,15.980705,0.00228558,0.000101,279.10004,280.44492,6657.9097,"spacetrack"
48964,"2026-08-29 13:28:03.911+00",0.00061997,15.988236,0.00293359,0.0001079,276.96338,278.3997,6655.8184,"spacetrack"
49158,"2026-08-22 16:00:02+00",0.00041442,15.923512,0.0013946,0.0007474,290.71713,300.69318,6673.8423,"spacetrack"
49158,"2026-08-23 16:00:02+00",0.00041322,15.927216,0.00141769,0.0007363,289.7575,299.5839,6672.8076,"spacetrack"
49158,"2026-08-24 16:00:02+00",0.00045551,15.931045,0.00159571,0.0007227,288.77975,298.42307,6671.7383,"spacetrack"
49158,"2026-08-25 22:00:01.999+00",0.00074532,15.935633,0.00268153,0.0006761,287.81088,296.8307,6670.458,"spacetrack"
49158,"2026-08-26 22:00:02+00",0.00061985,15.939635,0.00227585,0.0006605,286.79877,295.60898,6669.341,"spacetrack"
49158,"2026-08-27 20:00:01.999+00",0.00062923,15.943415,0.00235729,0.0006526,285.7981,294.50156,6668.2866,"spacetrack"
49158,"2026-08-28 20:00:01.999+00",0.00061786,15.947302,0.00236291,0.0006393,284.8039,293.32858,6667.203,"spacetrack"
49158,"2026-08-29 20:00:03+00",0.00086816,15.952799,0.00342342,0.0006307,283.33072,291.7388,6665.672,"spacetrack"
49176,"2026-08-22 16:00:02+00",0.0044323,15.810426,0.00967571,0.0003986,324.81815,330.16388,6705.628,"spacetrack"
49176,"2026-08-23 16:00:02+00",0.0041969,15.8271055,0.00991782,0.0004149,319.9989,325.55933,6700.916,"spacetrack"
49176,"2026-08-24 16:00:02+00",0.0039703,15.843973,0.01018109,0.000428,315.15637,320.8883,6696.159,"spacetrack"
49176,"2026-08-25 22:00:01.999+00",0.0015917,15.86267,0.0041635,0.0003571,310.37012,315.14877,6690.8965,"spacetrack"
49176,"2026-08-26 22:00:02+00",0.0010329,15.867724,0.00272356,0.0004022,308.64804,314.02905,6689.4756,"spacetrack"
49176,"2026-08-27 20:00:01.999+00",0.0031507,15.877379,0.00939651,0.0004039,305.92554,311.32712,6686.763,"spacetrack"
49176,"2026-08-28 20:00:01.999+00",0.0025043,15.893083,0.00723386,0.00036,301.8155,306.6268,6682.358,"spacetrack"
49176,"2026-08-29 20:00:03+00",0.0022841,15.907452,0.00709424,0.0003605,297.78885,302.60394,6678.3335,"spacetrack"
50163,"2026-08-22 13:29:46.682+00",0.00062925,15.787793,0.00113754,0.0004451,330.91077,336.8858,6712.035,"spacetrack"
50163,"2026-08-23 22:55:02.171+00",0.0005463,15.790807,0.00099861,0.0004239,330.19922,335.88895,6711.181,"spacetrack"
50163,"2026-08-24 21:42:01.932+00",0.00059814,15.792975,0.00110623,0.0004136,329.65414,335.2051,6710.5664,"spacetrack"
50163,"2026-08-25 21:59:57.008+00",0.00061545,15.79539,0.00115162,0.0003998,329.06323,334.42847,6709.883,"spacetrack"
50163,"2026-08-26 20:46:33.22+00",0.00061713,15.797501,0.00116614,0.0003913,328.52292,333.7736,6709.285,"spacetrack"
50163,"2026-08-27 21:04:03.774+00",0.00066117,15.799763,0.00126427,0.0003816,327.94778,333.0678,6708.645,"spacetrack"
50163,"2026-08-28 21:21:21.751+00",0.00074243,15.802145,0.00143902,0.0003753,327.31595,332.35095,6707.97,"spacetrack"
50163,"2026-08-29 20:00:03+00",0.001085,15.807034,0.00217247,0.000374,325.9423,330.9588,6706.5874,"spacetrack"
51053,"2026-08-23 01:12:48.657+00",0.0005591,15.817067,0.00112864,5.97e-05,325.21362,326.01404,6703.751,"spacetrack"
51053,"2026-08-25 21:31:34.833+00",0.00056267,15.823585,0.00117119,5.17e-05,323.4266,324.11957,6701.91,"spacetrack"
51053,"2026-08-26 15:44:18.017+00",0.00054194,15.8253,0.00113655,6.78e-05,322.83417,323.7429,6701.4253,"spacetrack"
51053,"2026-08-28 22:21:44.96+00",0.0012198,15.830424,0.00266814,0.0001429,320.88495,322.7998,6699.9795,"spacetrack"
51053,"2026-08-29 22:38:00.845+00",0.00061323,15.83343,0.00133907,0.0001327,320.10553,321.88348,6699.1313,"spacetrack"
51103,"2026-08-22 12:41:22.072+00",0.00057114,14.642497,0.00017089,0.0473856,345.05557,1013.91486,7057.622,"spacetrack"
51103,"2026-08-23 11:39:02.574+00",0.00057524,14.64283,0.00017222,0.0473753,345.02655,1013.73035,7057.5156,"spacetrack"
51103,"2026-08-24 05:41:28.596+00",0.00056916,14.6431055,0.00017049,0.0473682,344.99213,1013.58734,7057.427,"spacetrack"
51103,"2026-08-25 06:17:29.336+00",0.00057172,14.64346,0.00017136,0.0473576,344.95837,1013.3931,7057.313,"spacetrack"
51103,"2026-08-26 16:43:50.584+00",0.00052983,14.643914,0.00015896,0.0473533,344.84985,1013.21014,7057.167,"spacetrack"
51103,"2026-08-27 17:19:45.935+00",0.00056502,14.644251,0.00016955,0.0473324,344.8942,1012.9493,7057.0586,"spacetrack"
51103,"2026-08-28 16:17:15.875+00",0.00048759,14.644487,0.00014617,0.0473229,344.88898,1012.8028,7056.983,"spacetrack"
51103,"2026-08-29 21:48:17.24+00",0.0004955,14.6448765,0.00014869,0.047314,344.83252,1012.6088,7056.858,"spacetrack"
51659,"2026-08-22 15:20:07.087+00",0.00050217,15.881327,0.00135689,0.0007348,302.60587,312.4311,6685.6553,"spacetrack"
51659,"2026-08-23 03:25:57.42+00",0.00051626,15.882762,0.00140519,0.0007423,302.1531,312.07803,6685.2524,"spacetrack"
51659,"2026-08-24 15:43:04.704+00",0.00052791,15.887174,0.00146882,0.0007298,300.99994,310.75595,6684.015,"spacetrack"
51659,"2026-08-25 15:54:08.855+00",0.00053469,15.890244,0.00151079,0.0007313,300.12955,309.90433,6683.154,"spacetrack"
51659,"2026-08-26 14:34:16.321+00",0.00051838,15.893062,0.00148518,0.0007163,299.4404,309.01355,6682.364,"spacetrack"
51659,"2026-08-27 14:44:48.712+00",0.0006096,15.896063,0.00177427,0.0007157,298.6038,308.16772,6681.523,"spacetrack"
51659,"2026-08-28 14:55:05.088+00",0.00049296,15.898856,0.00145372,0.0007026,297.90936,307.29712,6680.74,"spacetrack"
51659,"2026-08-29 15:05:04.17+00",0.00059335,15.902423,0.0017832,0.0007203,296.79276,306.4156,6679.741,"spacetrack"
51775,"2026-08-22 14:29:39.183+00",0.00051396,15.811487,0.00103398,0.0006673,322.71658,331.6655,6705.328,"spacetrack"
51775,"2026-08-23 22:20:52.217+00",0.00046641,15.814797,0.00095133,0.0006687,321.772,330.73846,6704.392,"spacetrack"
51775,"2026-08-24 21:05:48.66+00",0.00047282,15.816581,0.00097283,0.0006763,321.21753,330.28522,6703.888,"spacetrack"
51775,"2026-08-25 21:21:34.65+00",0.00046311,15.818473,0.00096105,0.0006769,320.6792,329.7542,6703.3535,"spacetrack"
51775,"2026-08-26 21:37:10.37+00",0.00045113,15.820281,0.00094379,0.000679,320.1546,329.25708,6702.843,"spacetrack"
51775,"2026-08-27 21:52:36.109+00",0.00051239,15.8221035,0.00108383,0.0006709,319.6946,328.6878,6702.328,"spacetrack"
51775,"2026-08-28 20:36:54.927+00",0.00052639,15.823855,0.00112336,0.0006734,319.18362,328.20966,6701.8335,"spacetrack"
51775,"2026-08-29 22:22:55.353+00",0.00053949,15.826433,0.0011661,0.0006716,318.46823,327.46918,6701.1055,"spacetrack"
52295,"2026-08-29 20:00:03+00",0.0055871,15.734713,0.00881807,0.0001079,348.25906,349.7108,6727.122,"spacetrack"
52444,"2026-08-22 21:20:20.655+00",0.00092587,16.053837,0.0064342,0.0007728,254.40776,264.66696,6637.6743,"spacetrack"
52444,"2026-08-23 22:45:34.546+00",0.00097006,16.068512,0.00737183,0.000808,250.13553,260.8555,6633.6323,"spacetrack"
52444,"2026-08-24 18:10:56.821+00",0.00094167,16.08078,0.00772534,0.0008343,246.58957,257.65283,6630.2583,"spacetrack"
52444,"2026-08-25 22:32:29.974+00",0.00094306,16.100529,0.00876852,0.0008853,240.83311,252.56305,6624.835,"spacetrack"
52444,"2026-08-26 22:23:42.118+00",0.0009098,16.11863,0.00951533,0.0009089,235.72064,247.75426,6619.8745,"spacetrack"
52444,"2026-08-27 22:13:12.541+00",0.00087695,16.138767,0.01048891,0.0009586,229.88911,242.57018,6614.3667,"spacetrack"
52444,"2026-08-28 19:02:28.354+00",0.00093671,16.159184,0.01280858,0.0010025,224.03192,237.28256,6608.7944,"spacetrack"
52444,"2026-08-29 21:45:51.792+00",0.0010342,16.197084,0.01919347,0.0010766,213.2399,227.44775,6598.481,"spacetrack"
52446,"2026-08-22 14:49:04.214+00",0.00091729,16.055777,0.00644243,0.0006459,254.71574,263.2896,6637.1396,"spacetrack"
52446,"2026-08-23 22:12:44.734+00",0.0009586,16.074135,0.00753307,0.0006892,249.37761,258.51926,6632.0854,"spacetrack"
52446,"2026-08-24 22:06:24.034+00",0.00092782,16.089792,0.0080467,0.000738,244.75397,254.53658,6627.782,"spacetrack"
52446,"2026-08-25 21:58:35.391+00",0.00094213,16.10717,0.00912717,0.0007735,239.75432,250.00012,6623.014,"spacetrack"
52446,"2026-08-26 21:49:10.217+00",0.00090978,16.126059,0.00997545,0.0008179,234.29167,245.11714,6617.8413,"spacetrack"
52446,"2026-08-27 14:11:40.586+00",0.00094217,16.140587,0.01136097,0.0008629,230.0256,241.43982,6613.8696,"spacetrack"
52446,"2026-08-28 21:24:44.936+00",0.00095954,16.172934,0.01484433,0.0009918,220.35983,233.4616,6605.048,"spacetrack"
52446,"2026-08-29 22:37:42.746+00",0.00099942,16.212723,0.02093208,0.0010767,208.99971,223.19974,6594.237,"spacetrack"
52579,"2026-08-22 16:00:02+00",0.0014713,15.914346,0.00481925,0.0001527,297.24805,299.28702,6676.4043,"spacetrack"
52579,"2026-08-23 16:00:02+00",0.0014383,15.924757,0.00497327,0.0001626,294.2724,296.44263,6673.4946,"spacetrack"
52579,"2026-08-24 16:00:02+00",0.0013535,15.935322,0.00494732,0.0001643,291.3116,293.50354,6670.5444,"spacetrack"
52579,"2026-08-25 20:00:01.999+00",0.0012966,15.947757,0.00506453,0.0001668,287.82748,290.05164,6667.0767,"spacetrack"
52579,"2026-08-26 20:00:01.999+00",0.0013376,15.958294,0.00553164,0.0001532,284.98343,287.02533,6664.1416,"spacetrack"
52579,"2026-08-27 22:00:03+00",0.0013259,15.970044,0.00584837,0.0001727,281.5848,283.88547,6660.872,"spacetrack"
52579,"2026-08-28 20:00:01.999+00",0.0011997,15.9802475,0.00559994,0.000198,278.58133,281.21793,6658.0366,"spacetrack"
52579,"2026-08-29 22:00:02+00",0.0011461,15.992475,0.00573069,0.0001912,275.2332,277.77792,6654.6426,"spacetrack"
52794,"2026-08-22 22:22:59.55+00",0.00034565,15.665946,0.00037428,0.0029384,348.8317,388.48126,6746.7935,"spacetrack"
52794,"2026-08-23 01:26:41.365+00",0.00036689,15.666063,0.00039794,0.0029371,348.80713,388.43893,6746.7603,"spacetrack"
52794,"2026-08-24 20:18:19.023+00",0.00035635,15.667525,0.00038868,0.0029438,348.34338,388.06314,6746.3403,"spacetrack"
52794,"2026-08-25 05:29:20.953+00",0.00038542,15.667853,0.00042162,0.0029445,348.24472,387.97336,6746.246,"spacetrack"
52794,"2026-08-26 12:06:03.664+00",0.00032485,15.668679,0.0003554,0.0029535,347.94766,387.79633,6746.009,"spacetrack"
52794,"2026-08-27 23:18:09.054+00",0.00036768,15.669724,0.00040509,0.0029627,347.58646,387.5575,6745.709,"spacetrack"
52794,"2026-08-28 17:40:03.19+00",0.00032196,15.670259,0.00035458,0.0029672,347.4029,387.43372,6745.555,"spacetrack"
52794,"2026-08-29 18:09:11.328+00",0.00039279,15.67116,0.00043591,0.0029627,347.17593,387.1445,6745.2974,"spacetrack"
52908,"2026-08-22 14:15:40.029+00",0.00091355,15.722911,0.0012745,0.0004577,349.27023,355.43134,6730.488,"spacetrack"
52908,"2026-08-23 08:32:43.935+00",0.0010549,15.725204,0.00149015,0.0004624,348.5844,354.80817,6729.8335,"spacetrack"
52908,"2026-08-24 13:29:28.563+00",0.00092503,15.728007,0.00131966,0.0004604,347.79865,353.99472,6729.0337,"spacetrack"
52908,"2026-08-25 13:51:43.938+00",0.0010011,15.730835,0.00144786,0.0004698,346.92947,353.2513,6728.2275,"spacetrack"
52908,"2026-08-26 12:42:21.396+00",0.00087293,15.733291,0.00127324,0.0004858,346.12186,352.65833,6727.5273,"spacetrack"
52908,"2026-08-27 13:04:07.75+00",0.0010993,15.735982,0.00162924,0.0004989,345.2672,351.9792,6726.7603,"spacetrack"
52908,"2026-08-28 10:22:58.446+00",0.0010112,15.73821,0.00151103,0.000511,344.55136,351.42548,6726.1255,"spacetrack"
52908,"2026-08-29 13:46:54.688+00",0.0013936,15.742019,0.00213308,0.0005271,343.35858,350.44812,6725.0405,"spacetrack"
52989,"2026-08-22 16:00:02+00",0.0017253,15.790454,0.00324681,0.0001433,332.1825,334.10593,6711.2812,"spacetrack"
52989,"2026-08-23 16:00:02+00",0.0016734,15.797545,0.00325208,0.0001483,330.14066,332.13065,6709.2725,"spacetrack"
52989,"2026-08-24 16:00:02+00",0.00167,15.804622,0.00335624,0.0001407,328.18906,330.07648,6707.2695,"spacetrack"
52989,"2026-08-25 20:00:01.999+00",0.0020162,15.812609,0.00424953,0.0001485,325.87833,327.86972,6705.011,"spacetrack"
52989,"2026-08-26 20:00:01.999+00",0.0019587,15.8199,0.00427094,0.0001639,323.7152,325.91245,6702.9507,"spacetrack"
52989,"2026-08-27 22:00:03+00",0.0018587,15.827852,0.00420239,0.000179,321.3688,323.76767,6700.705,"spacetrack"
52989,"2026-08-28 20:00:01.999+00",0.0018816,15.834546,0.00440054,0.0001808,319.46857,321.89084,6698.817,"spacetrack"
52989,"2026-08-29 22:00:02+00",0.0013789,15.843078,0.00331395,0.0001828,317.05048,319.49866,6696.4116,"spacetrack"
53074,"2026-08-22 13:39:08.278+00",0.00053463,16.150787,0.00695121,0.0001316,232.07768,233.81772,6611.0845,"spacetrack"
53074,"2026-08-23 13:26:02.754+00",0.0005272,16.16538,0.00759262,0.0001979,227.66068,230.27577,6607.105,"spacetrack"
53074,"2026-08-24 23:34:34.286+00",0.00055532,16.193054,0.00987824,0.0002412,219.84648,223.03012,6599.575,"spacetrack"
53074,"2026-08-25 21:48:38.893+00",0.00052713,16.21194,0.01083868,0.0002932,214.37817,218.24516,6594.4487,"spacetrack"
53074,"2026-08-26 18:32:17.876+00",0.00050489,16.231726,0.01214771,0.0003389,208.71924,213.18532,6589.0894,"spacetrack"
53074,"2026-08-27 19:40:13.952+00",0.00050093,16.260462,0.01531045,0.0004285,200.3669,206.0071,6581.324,"spacetrack"
53074,"2026-08-28 19:16:27.071+00",0.00064749,16.306242,0.02985747,0.0005545,187.22046,194.50548,6569,"spacetrack"
53074,"2026-08-29 18:47:07.115+00",0.00047983,16.394024,0.05553788,0.0007613,162.40947,172.37569,6545.53,"spacetrack"
53152,"2026-08-22 14:00:02+00",0.0014504,15.8751335,0.00411012,4.78e-05,308.9374,309.57672,6687.394,"spacetrack"
53152,"2026-08-23 14:00:03+00",0.0014238,15.882606,0.00419064,5.36e-05,306.8011,307.51776,6685.2964,"spacetrack"
53152,"2026-08-24 14:00:03+00",0.0013035,15.890191,0.00397399,7.35e-05,304.54044,305.52286,6683.1685,"spacetrack"
53152,"2026-08-25 22:00:02+00",0.0011309,15.900461,0.0036149,9.31e-05,301.53174,302.7756,6680.2905,"spacetrack"
53152,"2026-08-26 20:00:01.999+00",0.0013202,15.907234,0.00416541,8.68e-05,299.67776,300.83713,6678.3945,"spacetrack"
53152,"2026-08-27 22:00:03+00",0.0011751,15.915736,0.00387147,0.0001327,296.99292,298.76474,6676.0156,"spacetrack"
53152,"2026-08-28 22:00:02+00",0.0013879,15.9232025,0.00475937,0.0001288,294.93222,296.65143,6673.9287,"spacetrack"
53152,"2026-08-29 22:00:02+00",0.00092718,15.9318,0.0033175,0.0001122,292.64194,294.13904,6671.5273,"spacetrack"
53323,"2026-08-22 13:02:16.086+00",0.00078473,15.966612,0.0033013,0.0005156,280.2549,287.12457,6661.8267,"spacetrack"
53323,"2026-08-24 13:08:59.645+00",0.00082637,15.981035,0.00376373,0.0005619,275.9397,283.42172,6657.818,"spacetrack"
53323,"2026-08-25 23:42:09.163+00",0.00079155,15.992179,0.00383704,0.0006022,272.58002,280.59497,6654.7246,"spacetrack"
53323,"2026-08-26 19:13:17.385+00",0.00081944,15.998695,0.0041211,0.000618,270.6688,278.89178,6652.9175,"spacetrack"
53323,"2026-08-27 19:14:02.286+00",0.00080353,16.006817,0.00423276,0.0006458,268.23502,276.825,6650.667,"spacetrack"
53323,"2026-08-28 20:44:01.118+00",0.00088141,16.01598,0.00489393,0.0006681,265.5512,274.43445,6648.13,"spacetrack"
53323,"2026-08-29 19:13:09.483+00",0.00094523,16.026592,0.00558223,0.0007036,262.38235,271.7335,6645.195,"spacetrack"
53477,"2026-08-22 19:20:02.276+00",0.00059267,16.067268,0.00446219,0.0002422,254.23087,257.44437,6633.9746,"spacetrack"
53477,"2026-08-23 11:46:23.481+00",0.0006659,16.073524,0.00521036,0.0002497,252.46014,255.7723,6632.2534,"spacetrack"
53477,"2026-08-24 14:39:22.479+00",0.00086491,16.087616,0.00737662,0.0001332,249.36005,251.12584,6628.38,"spacetrack"
53477,"2026-08-25 21:59:23.578+00",0.00069198,16.104576,0.0065895,0.0001322,244.71251,246.46382,6623.725,"spacetrack"
53477,"2026-08-26 21:50:25.88+00",0.00053345,16.117226,0.00552808,0.0001827,240.91241,243.33145,6620.259,"spacetrack"
53477,"2026-08-27 20:11:04.972+00",0.00056054,16.12823,0.00624929,0.0002226,237.63774,240.58374,6617.2476,"spacetrack"
53477,"2026-08-28 12:33:38.727+00",0.00050684,16.136272,0.00597151,0.0002714,235.11636,238.707,6615.049,"spacetrack"
53477,"2026-08-29 12:21:47.957+00",0.00062259,16.151913,0.00814812,0.0003459,230.35367,234.927,6610.7773,"spacetrack"
53480,"2026-08-22 14:00:02+00",0.0012645,15.884461,0.0036233,0.0001255,305.79987,307.47775,6684.776,"spacetrack"
53480,"2026-08-23 14:00:03+00",0.0012312,15.892316,0.00366961,0.000129,303.57413,305.29825,6682.573,"spacetrack"
53480,"2026-08-24 22:00:02+00",0.0010397,15.903394,0.00313753,0.0001763,300.1549,302.5101,6679.4697,"spacetrack"
53480,"2026-08-25 22:00:02+00",0.0011105,15.911334,0.0034892,0.0001595,298.04507,300.1751,6677.247,"spacetrack"
53480,"2026-08-26 22:00:02+00",0.00027317,15.919961,0.000892,0.000181,295.48944,297.90573,6674.8345,"spacetrack"
53480,"2026-08-27 22:00:03+00",0.0011602,15.9270935,0.00395311,0.0001554,293.66772,295.74164,6672.842,"spacetrack"
53480,"2026-08-28 22:00:02+00",0.0010496,15.9363365,0.00375241,0.0001238,291.2985,292.95007,6670.261,"spacetrack"
53480,"2026-08-29 22:00:02+00",0.0010274,15.944103,0.00382623,0.0001113,289.2157,290.7,6668.0947,"spacetrack"
53492,"2026-08-22 14:00:02+00",0.0014995,15.904738,0.00455636,0.0001609,299.8812,302.03055,6679.093,"spacetrack"
53492,"2026-08-23 14:00:03+00",0.0014394,15.914669,0.00460021,0.0001752,297.00763,299.347,6676.3145,"spacetrack"
53492,"2026-08-24 22:00:02+00",0.0013052,15.928428,0.00447806,0.0001848,293.09888,295.565,6672.4688,"spacetrack"
53492,"2026-08-25 22:00:02+00",0.0012901,15.938627,0.00466811,0.0001836,290.2607,292.7098,6669.622,"spacetrack"
53492,"2026-08-26 22:00:02+00",0.0012555,15.949134,0.00480211,0.000173,287.40244,289.7091,6666.693,"spacetrack"
53492,"2026-08-27 22:00:03+00",0.0011552,15.959312,0.0046659,0.0001713,284.57925,286.86227,6663.858,"spacetrack"
53492,"2026-08-28 22:00:02+00",0.0011491,15.969346,0.0049002,0.000188,281.677,284.18158,6661.0664,"spacetrack"
53492,"2026-08-29 22:00:02+00",0.0010737,15.979947,0.00485323,0.000202,278.638,281.32788,6658.12,"spacetrack"
53499,"2026-08-28 22:00:02+00",0.0026176,15.729633,0.00370822,0.0001629,349.33694,351.5291,6728.57,"spacetrack"
53499,"2026-08-29 22:00:02+00",0.0022634,15.737939,0.00330532,0.0001575,347.0061,349.12488,6726.2026,"spacetrack"
53500,"2026-08-22 13:34:49.076+00",0.00039585,16.087824,0.00339148,0.0002314,248.65208,251.71968,6628.3228,"spacetrack"
53500,"2026-08-23 22:24:18.009+00",0.0010095,16.108122,0.00978348,0.000183,243.4041,245.82802,6622.753,"spacetrack"
53500,"2026-08-24 22:14:38.729+00",0.00052675,16.12956,0.00592905,0.0002648,236.99432,240.49863,6616.8833,"spacetrack"
53500,"2026-08-25 22:03:24.892+00",0.00057125,16.143673,0.00706832,0.0001717,233.75427,236.02518,6613.027,"spacetrack"
53500,"2026-08-26 20:21:46.677+00",0.00054258,16.15693,0.00736266,0.0002205,229.8143,232.72905,6609.4087,"spacetrack"
53500,"2026-08-27 20:08:06.5+00",0.00052355,16.172234,0.0079195,0.0002982,225.13171,229.07108,6605.2383,"spacetrack"
53500,"2026-08-28 13:56:56.225+00",0.00053611,16.184803,0.00897203,0.0003599,221.30547,226.05746,6601.8184,"spacetrack"
53500,"2026-08-29 13:40:32.919+00",0.0006576,16.207586,0.01308948,0.0004373,214.60876,220.3773,6595.63,"spacetrack"
53505,"2026-08-22 14:00:02+00",0.00034408,15.9324665,0.00120158,0.0002865,291.29303,295.1157,6671.3413,"spacetrack"
53505,"2026-08-23 14:00:03+00",0.00039101,15.936177,0.00139343,0.0002946,290.2037,294.13385,6670.3057,"spacetrack"
53505,"2026-08-24 22:00:02+00",0.00050087,15.941458,0.00183751,0.0003024,288.67908,292.7124,6668.8325,"spacetrack"
53505,"2026-08-25 22:00:02+00",0.00045975,15.945193,0.00171989,0.0003129,287.56763,291.74033,6667.791,"spacetrack"
53505,"2026-08-26 22:00:02+00",0.0004473,15.949161,0.001709,0.0003322,286.33362,290.76294,6666.685,"spacetrack"
53505,"2026-08-27 22:00:03+00",0.00049612,15.953104,0.00193686,0.0003518,285.1048,289.7947,6665.587,"spacetrack"
53505,"2026-08-28 22:00:02+00",0.0005221,15.957103,0.00208313,0.0003739,283.8443,288.82797,6664.473,"spacetrack"
53505,"2026-08-29 22:00:02+00",0.0005638,15.962579,0.00231793,0.0004092,282.0852,287.53818,6662.9487,"spacetrack"
53506,"2026-08-22 19:34:25.996+00",0.00049182,16.267094,0.01609613,0.001006,194.77908,208.0171,6579.535,"spacetrack"
53506,"2026-08-23 19:10:12.336+00",0.00049535,16.30593,0.02311782,0.0011078,183.66962,198.22408,6569.084,"spacetrack"
53506,"2026-08-24 18:41:28+00",0.00050508,16.377335,0.04935813,0.0012131,163.89323,179.78479,6549.976,"spacetrack"
53506,"2026-08-25 07:50:59.13+00",0.00014792,16.491993,0.1210239,0.001252,133.2822,149.60722,6519.5815,"spacetrack"
53649,"2026-08-22 14:00:02+00",0.0019488,15.836445,0.00447828,0.0001313,319.2647,321.02368,6698.2812,"spacetrack"
53649,"2026-08-23 22:00:02+00",0.0014734,15.846937,0.00351788,0.0001169,316.40448,317.96985,6695.324,"spacetrack"
53649,"2026-08-24 22:00:02+00",0.0014002,15.854597,0.00346503,9.74e-05,314.37866,315.68246,6693.1675,"spacetrack"
53649,"2026-08-25 22:00:02+00",0.0014206,15.862266,0.00365504,0.0001046,312.17334,313.5731,6691.0103,"spacetrack"
53649,"2026-08-26 22:00:02+00",0.0013933,15.870044,0.00372505,0.0001348,309.7852,311.5885,6688.8237,"spacetrack"
53649,"2026-08-27 22:00:03+00",0.00089837,15.877306,0.00245223,0.0001418,307.69882,309.59518,6686.784,"spacetrack"
53649,"2026-08-28 22:00:02+00",0.0013573,15.884218,0.0038966,0.0001378,305.7859,307.62823,6684.844,"spacetrack"
53649,"2026-08-29 22:00:02+00",0.0010848,15.892512,0.00322006,0.0001578,303.3265,305.4355,6682.518,"spacetrack"
53653,"2026-08-22 14:00:02+00",0.0027999,15.827022,0.00628907,0.0001355,321.89478,323.71072,6700.94,"spacetrack"
53653,"2026-08-23 22:00:02+00",0.0022663,15.841895,0.00540017,0.0001312,317.72922,319.48645,6696.7446,"spacetrack"
53653,"2026-08-24 22:00:02+00",0.0021243,15.852891,0.00532756,0.0001053,314.80588,316.21558,6693.648,"spacetrack"
53653,"2026-08-25 22:00:02+00",0.002092,15.863891,0.00554355,0.000119,311.62015,313.2125,6690.553,"spacetrack"
53653,"2026-08-26 22:00:02+00",0.0020128,15.875045,0.00563543,0.0001246,308.44867,310.11517,6687.419,"spacetrack"
53653,"2026-08-27 22:00:03+00",0.0021336,15.885988,0.00635381,0.0001257,305.37033,307.05078,6684.3477,"spacetrack"
53653,"2026-08-28 22:00:02+00",0.0018736,15.897576,0.0054899,0.0001284,302.10403,303.81976,6681.099,"spacetrack"
53653,"2026-08-29 22:00:02+00",0.0015974,15.9093,0.00496699,0.0001485,298.68747,300.67078,6677.816,"spacetrack"
53669,"2026-08-22 14:00:02+00",0.0019915,15.828847,0.00441393,0.0001327,321.39838,323.17667,6700.4243,"spacetrack"
53669,"2026-08-23 22:00:02+00",0.0015382,15.839262,0.00354314,0.000149,318.35214,320.348,6697.487,"spacetrack"
53669,"2026-08-24 22:00:02+00",0.0015089,15.846869,0.003605,0.0001473,316.22003,318.19247,6695.3433,"spacetrack"
53669,"2026-08-25 22:00:02+00",0.0015151,15.854524,0.00376079,0.0001494,314.0514,316.0513,6693.1885,"spacetrack"
53669,"2026-08-26 22:00:02+00",0.001464,15.862339,0.00377305,0.0001286,311.9921,313.713,6690.9897,"spacetrack"
53669,"2026-08-27 22:00:03+00",0.0016022,15.870021,0.00431199,0.0001123,309.94217,311.4445,6688.8306,"spacetrack"
53669,"2026-08-28 22:00:02+00",0.0013886,15.878114,0.00386741,0.0001321,307.5371,309.3037,6686.5576,"spacetrack"
53669,"2026-08-29 22:00:02+00",0.0011799,15.886307,0.00340333,0.0001494,305.12247,307.11972,6684.2583,"spacetrack"
53673,"2026-08-22 14:00:02+00",0.0013708,15.9984665,0.00686102,9.72e-05,274.19717,275.4905,6652.981,"spacetrack"
53673,"2026-08-23 21:51:05.499+00",0.0010238,16.01479,0.0056296,0.0001233,269.5028,271.14233,6648.4595,"spacetrack"
53673,"2026-08-24 23:20:05.226+00",0.0011283,16.02806,0.0066968,0.0001632,265.5672,267.73605,6644.7886,"spacetrack"
53673,"2026-08-25 21:48:09.76+00",0.00090489,16.039381,0.00574658,0.0001617,262.4511,264.59903,6641.662,"spacetrack"
53673,"2026-08-26 21:45:01.614+00",0.0009058,16.052135,0.00620803,0.0001764,258.83563,261.17755,6638.1436,"spacetrack"
53673,"2026-08-27 20:11:06.706+00",0.00054843,16.061646,0.0039878,0.0001321,256.50934,258.26245,6635.523,"spacetrack"
53673,"2026-08-28 12:37:50.401+00",0.00052908,16.066664,0.00396802,0.0001398,255.07686,256.93176,6634.141,"spacetrack"
53673,"2026-08-29 12:32:27.491+00",0.00065372,16.076002,0.00519346,0.0001551,252.40634,254.46346,6631.572,"spacetrack"
53891,"2026-08-22 14:00:02+00",0.0023995,15.743713,0.00369502,0.0001696,345.2802,347.5612,6724.5576,"spacetrack"
53891,"2026-08-23 22:00:02+00",0.0024097,15.752636,0.00386511,0.0001614,342.7963,344.96616,6722.018,"spacetrack"
53891,"2026-08-24 22:00:02+00",0.0023565,15.759408,0.00389446,0.0001563,340.90497,343.00568,6720.0923,"spacetrack"
53891,"2026-08-25 22:00:02+00",0.0023473,15.766242,0.00400277,0.0001532,338.9842,341.04263,6718.1504,"spacetrack"
53891,"2026-08-26 22:00:02+00",0.0022807,15.773163,0.00401035,0.0001484,337.05136,339.04474,6716.185,"spacetrack"
53891,"2026-08-27 22:00:03+00",0.0024542,15.779893,0.00447181,0.000154,335.10413,337.17212,6714.275,"spacetrack"
53891,"2026-08-28 22:00:02+00",0.0021998,15.787079,0.00412148,0.0001554,333.0576,335.14374,6712.238,"spacetrack"
53891,"2026-08-29 22:00:02+00",0.0019036,15.79431,0.00366416,0.0001403,331.11044,332.99332,6710.189,"spacetrack"
54015,"2026-08-22 14:00:02+00",0.0043203,15.790958,0.00870557,0.0001551,331.96027,334.04208,6711.138,"spacetrack"
54015,"2026-08-23 22:00:02+00",0.0037615,15.812758,0.00833101,0.0001485,325.83582,327.8272,6704.9688,"spacetrack"
54015,"2026-08-24 22:00:02+00",0.0034526,15.82897,0.00823325,0.0001488,321.25592,323.24994,6700.39,"spacetrack"
54015,"2026-08-25 22:00:02+00",0.0033245,15.845243,0.00859543,0.000144,316.70023,318.6286,6695.8013,"spacetrack"
54015,"2026-08-26 22:00:02+00",0.0030878,15.861677,0.00864193,0.0001286,312.17816,313.89914,6691.176,"spacetrack"
54015,"2026-08-27 22:00:03+00",0.0031098,15.87778,0.00950913,0.000109,307.78503,309.2427,6686.651,"spacetrack"
54015,"2026-08-28 22:00:02+00",0.0027541,15.894902,0.00912666,0.0001192,302.9147,304.50766,6681.848,"spacetrack"
54015,"2026-08-29 22:00:02+00",0.0022906,15.912229,0.00742586,0.0001185,298.06863,299.6511,6676.997,"spacetrack"
54039,"2026-08-22 00:12:04.292+00",0.0004525,15.8017025,0.0008528,0.0012355,321.67084,338.24655,6708.0957,"spacetrack"
54039,"2026-08-23 06:35:46.808+00",0.00042709,15.803682,0.00081191,0.0012575,320.9637,337.8332,6707.5356,"spacetrack"
54039,"2026-08-24 06:54:34.22+00",0.00044536,15.805426,0.00085399,0.0012739,320.3611,337.4493,6707.042,"spacetrack"
54039,"2026-08-25 17:51:17.655+00",0.00047296,15.808153,0.0009192,0.0012919,319.46997,336.79764,6706.271,"spacetrack"
54039,"2026-08-26 12:05:05.362+00",0.00046605,15.8096,0.00091171,0.0012932,319.0525,336.39655,6705.8613,"spacetrack"
54039,"2026-08-27 23:01:16.543+00",0.00053206,15.812101,0.00105487,0.0013056,318.26306,335.77155,6705.1543,"spacetrack"
54039,"2026-08-28 18:45:56.358+00",0.00043841,15.813307,0.00087205,0.0013103,317.8912,335.46182,6704.8135,"spacetrack"
54039,"2026-08-29 23:37:10.183+00",0.00044432,15.815672,0.00089388,0.001327,317.11172,334.90454,6704.145,"spacetrack"
54092,"2026-08-22 05:17:33.559+00",0.00036371,16.403997,0.05369765,0.0010037,158.17244,171.30661,6542.8765,"spacetrack"
55010,"2026-08-27 23:40:05.25+00",0.0010686,15.722942,0.00143176,0.0004203,349.5129,355.17053,6730.4785,"spacetrack"
55010,"2026-08-28 22:34:41.818+00",0.0010805,15.725295,0.00146273,0.0004136,348.88687,354.45377,6729.807,"spacetrack"
55010,"2026-08-29 23:00:42.763+00",0.00088842,15.727863,0.00121203,0.0004201,348.11105,353.7648,6729.0747,"spacetrack"
55041,"2026-08-22 14:08:49.152+00",0.0005236,15.738994,0.00074432,0.0004163,344.96512,350.56512,6725.9023,"spacetrack"
55041,"2026-08-23 23:42:52.47+00",0.00051027,15.741017,0.00073154,0.0004124,344.41498,349.96204,6725.3257,"spacetrack"
55041,"2026-08-24 22:35:56.776+00",0.00048981,15.742392,0.0007061,0.0004132,344.01828,349.57578,6724.934,"spacetrack"
55041,"2026-08-25 23:00:25.393+00",0.00049178,15.743868,0.00071351,0.000404,343.66,349.0934,6724.5137,"spacetrack"
55041,"2026-08-26 21:53:15.077+00",0.00048716,15.745145,0.00071065,0.000399,343.33008,348.69595,6724.15,"spacetrack"
55041,"2026-08-27 22:17:29.198+00",0.00053396,15.746397,0.00078392,0.0003985,342.97714,348.336,6723.7935,"spacetrack"
55041,"2026-08-28 16:35:35.729+00",0.00042685,15.7473,0.00062774,0.0004189,342.58298,348.21594,6723.5366,"spacetrack"
55041,"2026-08-29 21:34:04.215+00",0.00056101,15.7495165,0.00083534,0.0003906,342.14276,347.3947,6722.906,"spacetrack"
56355,"2026-08-22 14:15:01.638+00",0.00054029,16.184612,0.00906087,0.000694,219.15155,228.31494,6601.87,"spacetrack"
56355,"2026-08-23 13:58:47.024+00",0.00053819,16.203613,0.01042977,0.0007526,213.60649,223.53586,6596.708,"spacetrack"
56355,"2026-08-24 13:40:43.313+00",0.00053357,16.226234,0.01236255,0.0008124,207.08447,217.79283,6590.5757,"spacetrack"
56355,"2026-08-25 22:12:14.192+00",0.00051093,16.265621,0.01645411,0.0008787,196.01315,207.57674,6579.932,"spacetrack"
56355,"2026-08-26 23:16:33.409+00",0.000486,16.306105,0.02258091,0.0009271,184.80936,196.98965,6569.0366,"spacetrack"
56355,"2026-08-27 16:55:42.189+00",0.00049951,16.351717,0.03658135,0.0009909,172.18103,185.17534,6556.815,"spacetrack"
56355,"2026-08-28 11:57:10.09+00",0.00014496,16.499315,0.13578375,0.001404,130.365,148.66656,6517.653,"spacetrack"
56943,"2026-08-23 00:35:37.207+00",0.0007092,15.967401,0.00299394,0.0003601,281.0715,285.8692,6661.6074,"spacetrack"
56943,"2026-08-25 21:44:26.267+00",0.0007541,15.986762,0.00354346,0.000451,275.08856,281.0925,6656.2275,"spacetrack"
56943,"2026-08-26 21:46:18.04+00",0.00070964,15.993691,0.0034669,0.0004837,272.94934,279.38672,6654.305,"spacetrack"
56943,"2026-08-27 23:17:35.103+00",0.00072374,16.001335,0.00369263,0.0005234,270.5671,277.5306,6652.186,"spacetrack"
56943,"2026-08-28 21:48:06.166+00",0.00079981,16.008533,0.00425228,0.000553,268.37665,275.73175,6650.1914,"spacetrack"
56943,"2026-08-29 23:17:49.515+00",0.00081733,16.019089,0.00461875,0.0005899,265.21167,273.05414,6647.27,"spacetrack"
57047,"2026-08-23 11:34:41.137+00",0.00036015,16.009092,0.00192125,0.0007067,267.19977,276.59894,6650.036,"spacetrack"
57047,"2026-08-27 23:35:18.184+00",0.00023342,16.010096,0.00124876,0.0005397,268.0329,275.21066,6649.759,"spacetrack"
57156,"2026-08-22 19:55:08.296+00",0.00057189,16.231598,0.01502167,0.0008168,205.60469,216.36868,6589.1235,"spacetrack"
57156,"2026-08-23 19:31:24.066+00",0.00057779,16.265856,0.0204013,0.0008641,196.04596,207.4173,6579.8687,"spacetrack"
57156,"2026-08-24 16:07:37.028+00",0.00051753,16.30903,0.02734072,0.0008665,184.42271,195.80548,6568.251,"spacetrack"
57156,"2026-08-25 09:43:26.085+00",0.00051034,16.390028,0.06441921,0.0006991,163.87997,173.03342,6546.5938,"spacetrack"
57422,"2026-08-26 02:14:40.205+00",6.1208e-06,16.040497,3.919e-05,0.0043281,234.47244,291.96133,6641.354,"spacetrack"
58274,"2026-08-22 19:51:15.08+00",0.0012895,15.730295,0.00179234,0.0007936,344.9045,355.5838,6728.3813,"spacetrack"
58274,"2026-08-23 17:13:35.386+00",0.0013463,15.733416,0.00189858,0.0007935,344.01642,354.69296,6727.4917,"spacetrack"
58274,"2026-08-24 16:07:13.708+00",0.0013155,15.736933,0.00188287,0.0007932,343.01678,353.68768,6726.4893,"spacetrack"
58274,"2026-08-25 05:51:15.278+00",0.001468,15.739391,0.00212954,0.0008017,342.2596,353.04373,6725.7886,"spacetrack"
58274,"2026-08-26 06:15:53.65+00",0.0012355,15.74337,0.00181631,0.0008121,341.0574,351.97958,6724.6553,"spacetrack"
58274,"2026-08-27 05:08:39.902+00",0.001382,15.747016,0.00206995,0.0008049,340.06857,350.89227,6723.617,"spacetrack"
58274,"2026-08-28 16:12:58.428+00",0.0013142,15.75246,0.00201364,0.0007757,338.7172,349.1458,6722.0684,"spacetrack"
58274,"2026-08-29 16:36:20.743+00",0.0016431,15.757664,0.00259266,0.0007773,337.22745,347.6753,6720.5884,"spacetrack"
58284,"2026-08-22 05:02:47.185+00",0.0024566,15.902139,0.00740032,0.001151,293.99548,309.3724,6679.821,"spacetrack"
58284,"2026-08-23 18:46:26.632+00",0.0026016,15.927258,0.00889378,0.0010851,287.41827,301.89957,6672.796,"spacetrack"
58284,"2026-08-25 05:25:37.999+00",0.0024296,15.953173,0.00951267,0.0010818,280.21957,294.64117,6665.5674,"spacetrack"
58284,"2026-08-26 05:29:51.281+00",0.0023989,15.975,0.01055202,0.0010657,274.2603,288.45438,6659.494,"spacetrack"
58284,"2026-08-27 05:32:08.426+00",0.0024708,15.997087,0.01224171,0.0010416,268.29614,282.15643,6653.3633,"spacetrack"
58284,"2026-08-28 05:32:13.044+00",0.0023154,16.02311,0.0132784,0.0010628,260.95718,275.08426,6646.1577,"spacetrack"
58284,"2026-08-29 17:26:57.952+00",0.0034897,16.084501,0.02584997,0.0009002,245.1307,257.06598,6629.2354,"spacetrack"
58285,"2026-08-22 19:27:03.811+00",0.0013674,15.731341,0.00191089,0.0006852,345.336,354.55615,6728.083,"spacetrack"
58285,"2026-08-23 06:08:13.056+00",0.0013606,15.733045,0.00191541,0.0006842,344.8574,354.06342,6727.597,"spacetrack"
58285,"2026-08-24 17:14:22.392+00",0.0013863,15.738731,0.00200126,0.0006615,343.39035,352.28882,6725.9766,"spacetrack"
58285,"2026-08-25 17:39:04.215+00",0.0013975,15.742784,0.00205388,0.0006495,342.31772,351.05325,6724.8223,"spacetrack"
58285,"2026-08-26 13:28:51.276+00",0.0013393,15.746033,0.00199485,0.0006952,341.08597,350.43488,6723.8975,"spacetrack"
58285,"2026-08-27 06:15:24.453+00",0.0014505,15.748902,0.0021925,0.000696,340.26434,349.62286,6723.0806,"spacetrack"
58285,"2026-08-28 05:07:41.967+00",0.0013164,15.752512,0.0020168,0.0006935,339.25482,348.5783,6722.0537,"spacetrack"
58285,"2026-08-29 17:42:37.997+00",0.0016824,15.759976,0.00268335,0.0006694,337.29556,346.2922,6719.9307,"spacetrack"
58286,"2026-08-22 06:04:12.92+00",0.0013801,15.787508,0.00247848,0.0005686,330.16254,337.79556,6712.116,"spacetrack"
58286,"2026-08-23 17:03:02.607+00",0.0014198,15.794393,0.0026343,0.0005672,328.2223,335.8343,6710.1655,"spacetrack"
58286,"2026-08-24 05:12:50.391+00",0.0014406,15.797202,0.00270924,0.0005576,327.4915,334.9738,6709.3696,"spacetrack"
58286,"2026-08-25 17:41:27.089+00",0.0014319,15.805509,0.00279876,0.0005142,325.43304,332.33057,6707.019,"spacetrack"
58286,"2026-08-26 05:50:44.61+00",0.0013435,15.80811,0.00265268,0.0005117,324.71436,331.57758,6706.283,"spacetrack"
58286,"2026-08-27 12:13:24.972+00",0.0014563,15.815276,0.00298239,0.0004959,322.79526,329.44455,6704.257,"spacetrack"
58286,"2026-08-28 12:30:55.607+00",0.0014336,15.821428,0.00302141,0.0004801,321.16418,327.59995,6702.519,"spacetrack"
58286,"2026-08-29 12:47:50.084+00",0.0017949,15.828764,0.00395582,0.0004539,319.2697,325.3524,6700.448,"spacetrack"
58294,"2026-08-22 21:01:32.186+00",0.0014236,15.867792,0.00377012,0.000689,306.71054,315.92862,6689.4565,"spacetrack"
58294,"2026-08-24 00:15:44.75+00",0.0014826,15.875792,0.0040975,0.000713,304.30444,313.8404,6687.2095,"spacetrack"
58294,"2026-08-25 17:05:22.995+00",0.0013943,15.88926,0.00392818,0.0006915,300.67117,309.91437,6683.4297,"spacetrack"
58294,"2026-08-26 05:10:47.485+00",0.0012998,15.893394,0.003739,0.000719,299.32916,308.93826,6682.2705,"spacetrack"
58294,"2026-08-27 05:21:04.245+00",0.0014183,15.901478,0.00424914,0.0007295,296.99582,306.74197,6680.006,"spacetrack"
58294,"2026-08-28 05:30:37.293+00",0.0013618,15.909581,0.00425058,0.0007239,294.7666,304.43463,6677.738,"spacetrack"
58294,"2026-08-29 17:43:22.128+00",0.0016977,15.925545,0.00575066,0.0007665,290.0222,300.25232,6673.2744,"spacetrack"
58304,"2026-08-29 16:45:51.771+00",0.0015695,15.721379,0.00210717,0.0005363,349.17798,356.39755,6730.925,"spacetrack"
58306,"2026-08-22 19:16:15.106+00",0.0014294,15.801472,0.00274315,0.0007049,325.29556,334.75275,6708.161,"spacetrack"
58306,"2026-08-23 16:32:44.66+00",0.0014079,15.806274,0.00276214,0.0007143,323.87457,333.45593,6706.8022,"spacetrack"
58306,"2026-08-24 16:51:05.358+00",0.0014996,15.8123865,0.00303432,0.0006876,322.32635,331.54718,6705.0737,"spacetrack"
58306,"2026-08-25 17:08:52.402+00",0.0015138,15.818545,0.00315564,0.0007167,320.39206,330.0006,6703.3335,"spacetrack"
58306,"2026-08-26 12:52:54.409+00",0.00144,15.82345,0.00306741,0.0007074,319.06995,328.55185,6701.9478,"spacetrack"
58306,"2026-08-27 17:42:45.452+00",0.0017179,15.830927,0.0038209,0.0006677,317.22708,326.17404,6699.8374,"spacetrack"
58306,"2026-08-28 05:50:52.278+00",0.0014859,15.834021,0.00333423,0.0006662,316.36496,325.29068,6698.965,"spacetrack"
58306,"2026-08-29 16:43:18.159+00",0.0017898,15.845088,0.00427657,0.0006862,313.11356,322.30295,6695.845,"spacetrack"
58308,"2026-08-22 19:58:56.915+00",0.0013075,15.719691,0.00173642,0.0007494,348.22516,358.3142,6731.4067,"spacetrack"
58308,"2026-08-23 18:53:47.032+00",0.0013074,15.723131,0.00176205,0.0007551,347.20563,357.36993,6730.425,"spacetrack"
58308,"2026-08-24 05:35:16.978+00",0.0012695,15.724468,0.00171987,0.0007545,346.82846,356.9841,6730.0435,"spacetrack"
58308,"2026-08-25 06:01:18.5+00",0.0013363,15.728358,0.001843,0.0007463,345.7748,355.81842,6728.9336,"spacetrack"
58308,"2026-08-26 12:33:21.551+00",0.001248,15.732931,0.00175286,0.0007412,344.50623,354.47928,6727.63,"spacetrack"
58308,"2026-08-27 05:20:45.355+00",0.0013651,15.735537,0.0019431,0.0007268,343.8611,353.6393,6726.887,"spacetrack"
58308,"2026-08-28 05:45:48.141+00",0.0013592,15.738888,0.00196291,0.0007093,343.02444,352.56586,6725.932,"spacetrack"
58308,"2026-08-29 16:51:09.726+00",0.0015873,15.745222,0.00236657,0.0006963,341.30927,350.67328,6724.1284,"spacetrack"
58309,"2026-08-27 17:11:16.678+00",0.0015947,15.717859,0.0021104,0.0006554,349.38058,358.2048,6731.9297,"spacetrack"
58309,"2026-08-28 17:37:57.444+00",0.0012942,15.721102,0.00172807,0.0006481,348.50464,357.22937,6731.004,"spacetrack"
58309,"2026-08-29 13:29:22.419+00",0.0016308,15.724673,0.00222398,0.0006668,347.3602,356.3353,6729.985,"spacetrack"
58412,"2026-08-22 14:00:02+00",0.00032517,15.777909,0.00058087,0.0030423,316.2724,357.12952,6714.838,"spacetrack"
58412,"2026-08-23 22:00:02+00",0.00056973,15.781276,0.00104334,0.0030642,315.1734,356.31876,6713.8833,"spacetrack"
58412,"2026-08-24 22:00:02+00",0.0005099,15.784084,0.0009438,0.0030404,314.53906,355.36002,6713.0864,"spacetrack"
58412,"2026-08-25 22:00:02+00",0.00039909,15.786992,0.00074547,0.0030158,313.8825,354.3682,6712.262,"spacetrack"
58412,"2026-08-26 16:45:46.603+00",0.00072709,15.788595,0.00138154,0.0029932,313.58096,353.76053,6711.8076,"spacetrack"
58412,"2026-08-27 17:03:09.342+00",0.00089153,15.791317,0.0017228,0.0029895,312.83704,352.9623,6711.0366,"spacetrack"
58412,"2026-08-28 15:49:13.748+00",0.00070305,15.793637,0.00136638,0.0029751,312.2781,352.2062,6710.3794,"spacetrack"
58412,"2026-08-29 22:00:02+00",0.0006482,15.798348,0.00128531,0.0029479,311.1307,350.6859,6709.0454,"spacetrack"
58435,"2026-08-22 15:20:43.92+00",0.00040607,15.915259,0.0012989,0.0002795,296.14612,299.87808,6676.149,"spacetrack"
58435,"2026-08-23 23:01:53.674+00",0.00042119,15.918864,0.00137274,0.0002805,295.13184,298.8766,6675.141,"spacetrack"
58435,"2026-08-24 21:39:35.82+00",0.00043757,15.921591,0.00144655,0.000281,294.36655,298.11755,6674.379,"spacetrack"
58435,"2026-08-25 15:45:35.586+00",0.00040711,15.923688,0.00136015,0.0002772,293.80603,297.50598,6673.793,"spacetrack"
58435,"2026-08-26 23:25:44.526+00",0.00044292,15.927378,0.001509,0.0002853,292.72144,296.52893,6672.762,"spacetrack"
58435,"2026-08-27 23:33:11.052+00",0.00045761,15.930141,0.00158182,0.0002792,291.99078,295.71643,6671.9907,"spacetrack"
58435,"2026-08-28 22:09:56.269+00",0.00045533,15.932738,0.00159535,0.0002616,291.3832,294.87363,6671.2656,"spacetrack"
58435,"2026-08-29 22:16:51.552+00",0.00044419,15.936191,0.00158468,0.0002651,290.39673,293.93332,6670.3022,"spacetrack"
58507,"2026-08-22 14:07:14.304+00",0.0005423,15.253438,0.00029504,0.0228063,333.1221,646.3844,6867.89,"spacetrack"
58507,"2026-08-23 15:18:40.7+00",0.00060274,15.2541,0.00032765,0.0227554,333.27747,645.8316,6867.6914,"spacetrack"
58507,"2026-08-24 16:30:03.11+00",0.00058673,15.254771,0.00031886,0.0227127,333.37396,645.33246,6867.49,"spacetrack"
58507,"2026-08-25 22:24:43.155+00",0.00058613,15.255595,0.00031865,0.0226698,333.42688,644.7849,6867.2427,"spacetrack"
58507,"2026-08-26 22:01:29.913+00",0.000567,15.256184,0.00030826,0.0226361,333.48575,644.3729,6867.0664,"spacetrack"
58507,"2026-08-27 23:12:40.265+00",0.00058851,15.256806,0.0003198,0.022593,333.59894,643.88574,6866.8794,"spacetrack"
58507,"2026-08-28 21:14:53.897+00",0.00062242,15.25735,0.00033797,0.0225499,333.73535,643.4229,6866.7163,"spacetrack"
58507,"2026-08-29 22:25:57.172+00",0.0006061,15.258045,0.00032899,0.0225042,333.84537,642.8959,6866.508,"spacetrack"
58598,"2026-08-22 14:00:02+00",0.0007142,15.803778,0.00145703,0.002989,309.32272,349.4202,6707.5083,"spacetrack"
58598,"2026-08-23 22:00:02+00",0.00089831,15.807541,0.00187555,0.003001,308.1808,348.43286,6706.444,"spacetrack"
58598,"2026-08-24 22:00:02+00",0.00089171,15.810796,0.00189052,0.0029963,307.29462,347.47812,6705.5234,"spacetrack"
58598,"2026-08-25 22:00:02+00",0.00080326,15.814189,0.00172723,0.0030052,306.2788,346.57593,6704.5645,"spacetrack"
58598,"2026-08-26 22:00:02+00",0.00083579,15.816967,0.00182352,0.0030165,305.42032,345.86423,6703.7793,"spacetrack"
58598,"2026-08-27 22:00:03+00",0.0009349,15.82011,0.00207703,0.0030245,304.48117,345.02698,6702.891,"spacetrack"
58598,"2026-08-28 22:00:02+00",0.00077931,15.823142,0.00175023,0.0030429,303.5043,344.29153,6702.035,"spacetrack"
58598,"2026-08-29 22:00:02+00",0.00076203,15.82792,0.00175063,0.0030372,302.1978,342.90045,6700.686,"spacetrack"
58672,"2026-08-23 13:49:32.731+00",0.00063809,15.679479,0.00074203,0.0026012,347.2345,382.3138,6742.911,"spacetrack"
58672,"2026-08-24 20:23:59.203+00",0.00060858,15.681383,0.00071313,0.0026241,346.53546,381.92075,6742.365,"spacetrack"
58672,"2026-08-25 20:51:22.483+00",0.00061993,15.682968,0.00073178,0.0026517,345.89627,381.65134,6741.9106,"spacetrack"
58672,"2026-08-27 20:14:01.993+00",0.00068221,15.685865,0.00081696,0.0027024,344.72638,381.16058,6741.0806,"spacetrack"
58672,"2026-08-28 19:09:19.733+00",0.00061773,15.687182,0.000743,0.002723,344.21136,380.92123,6740.703,"spacetrack"
58672,"2026-08-29 19:36:09.439+00",0.00074284,15.6891365,0.00090369,0.0027434,343.51556,380.49738,6740.1436,"spacetrack"
58706,"2026-08-22 02:21:50.983+00",0.00049183,15.75056,0.00074857,0.0004743,341.28333,347.66037,6722.609,"spacetrack"
58706,"2026-08-23 05:46:27.957+00",0.00050311,15.752261,0.00077182,0.0004626,340.87805,347.09735,6722.1245,"spacetrack"
58706,"2026-08-24 19:50:20.614+00",0.00052758,15.754762,0.00081905,0.0004621,340.17062,346.38254,6721.4136,"spacetrack"
58706,"2026-08-25 04:58:25.092+00",0.00056153,15.755434,0.00087535,0.0004594,339.99753,346.173,6721.222,"spacetrack"
58706,"2026-08-26 00:45:50.342+00",0.00050604,15.75675,0.00079197,0.0004477,339.70218,345.72003,6720.848,"spacetrack"
58706,"2026-08-27 23:56:58.929+00",0.0005945,15.759892,0.00094622,0.0004279,338.94223,344.69318,6719.9546,"spacetrack"
58706,"2026-08-28 18:12:45.646+00",0.00051285,15.760994,0.00081812,0.000428,338.62866,344.38068,6719.6416,"spacetrack"
58706,"2026-08-29 23:07:33.122+00",0.00052411,15.763297,0.00084501,0.0004047,338.13092,343.56927,6718.9873,"spacetrack"
58720,"2026-08-22 14:00:02+00",0.00065101,15.875281,0.00179693,0.0007302,304.33237,314.09857,6687.3525,"spacetrack"
58720,"2026-08-23 22:00:02+00",0.00077969,15.881001,0.00222602,0.0007018,302.9175,312.3016,6685.7466,"spacetrack"
58720,"2026-08-24 22:00:02+00",0.00080176,15.88561,0.00234567,0.0007016,301.6268,311.0064,6684.4536,"spacetrack"
58720,"2026-08-25 22:00:02+00",0.00079246,15.890317,0.00237441,0.0006924,300.36908,309.6239,6683.1333,"spacetrack"
58720,"2026-08-26 22:00:02+00",0.00072869,15.89477,0.00214731,0.0006865,299.1612,308.33542,6681.8853,"spacetrack"
58720,"2026-08-27 22:00:03+00",0.00074413,15.899301,0.00224546,0.0007,297.80237,307.1552,6680.6157,"spacetrack"
58720,"2026-08-28 22:00:02+00",0.00078058,15.903882,0.0024135,0.0006991,296.52612,305.86514,6679.3325,"spacetrack"
58720,"2026-08-29 22:00:02+00",0.0010584,15.910086,0.00339107,0.0006961,294.81104,304.10757,6677.596,"spacetrack"
58821,"2026-08-22 21:55:46.73+00",0.0009721,16.060625,0.0070535,0.0009792,251.16928,264.16486,6635.804,"spacetrack"
58821,"2026-08-23 14:22:21.955+00",0.0012181,16.072674,0.00948821,0.0009981,247.73033,260.9701,6632.4873,"spacetrack"
58821,"2026-08-24 23:13:12.388+00",0.0010861,16.098963,0.01000001,0.0010895,239.90948,254.34593,6625.2646,"spacetrack"
58821,"2026-08-25 21:34:56.277+00",0.0011904,16.120935,0.01256846,0.001121,233.68636,248.5267,6619.2437,"spacetrack"
58821,"2026-08-26 19:54:42.92+00",0.001138,16.145992,0.01415309,0.0011867,226.40918,242.10303,6612.393,"spacetrack"
58821,"2026-08-27 19:41:21.474+00",0.001089,16.1772,0.01748993,0.00127,217.36272,234.13658,6603.8867,"spacetrack"
58821,"2026-08-28 13:29:20.893+00",0.0010401,16.20595,0.0208032,0.0013351,209.13048,226.74332,6596.0737,"spacetrack"
58821,"2026-08-29 17:35:09.402+00",0.0011221,16.28613,0.04408695,0.0013962,187.09041,205.44878,6574.4067,"spacetrack"
58925,"2026-08-25 21:49:10.785+00",0.00084735,16.038315,0.00535864,0.0005842,259.93936,267.69983,6641.9565,"spacetrack"
58925,"2026-08-26 21:46:16.246+00",0.00087795,16.048758,0.00590892,0.0005959,256.98145,264.8939,6639.0747,"spacetrack"
58925,"2026-08-27 23:12:07.895+00",0.00080686,16.060421,0.0058301,0.0005972,253.76025,261.68613,6635.8604,"spacetrack"
58925,"2026-08-28 23:07:11.122+00",0.00085073,16.072445,0.00661667,0.0006026,250.41617,258.40973,6632.55,"spacetrack"
58925,"2026-08-29 21:31:22.728+00",0.00093358,16.087793,0.00798461,0.000625,246.05122,254.33664,6628.331,"spacetrack"
58929,"2026-08-22 15:09:49.488+00",0.00038919,15.753731,0.00058798,0.0002714,341.7454,345.39395,6721.7065,"spacetrack"
58929,"2026-08-23 18:36:15.196+00",2.3301e-05,15.754148,3.402e-05,0.0002358,341.86624,345.03613,6721.5884,"spacetrack"
58929,"2026-08-25 10:14:21.617+00",-1.7196e-06,15.7541,-3.67e-06,0.0001857,342.21658,344.71298,6721.6016,"spacetrack"
58929,"2026-08-26 22:49:35.538+00",0.00018391,15.753995,0.00027656,0.0002331,341.92795,345.06155,6721.632,"spacetrack"
58929,"2026-08-27 20:10:07.462+00",5.2031e-05,15.75436,7.741e-05,0.0002501,341.70966,345.07175,6721.528,"spacetrack"
58929,"2026-08-28 12:56:14.161+00",1.4736e-05,15.754646,2.116e-05,0.0002201,341.83002,344.7888,6721.4463,"spacetrack"
58992,"2026-08-22 13:51:44.061+00",0.00083451,15.593813,0.0009588,0.0123286,306.01187,472.88153,6767.5835,"spacetrack"
58992,"2026-08-23 22:12:04.6+00",0.00087027,15.596499,0.00100992,0.0122882,305.51755,471.8213,6766.8066,"spacetrack"
58992,"2026-08-24 21:17:49.699+00",0.00088038,15.5984745,0.00102834,0.0122484,305.2226,470.9737,6766.2354,"spacetrack"
58992,"2026-08-25 21:55:45.833+00",0.00092431,15.600721,0.00108847,0.0122079,304.85492,470.0421,6765.5854,"spacetrack"
58992,"2026-08-26 22:33:29.629+00",0.00096249,15.602842,0.00114212,0.0121696,304.50842,469.1624,6764.9727,"spacetrack"
58992,"2026-08-27 21:38:41.05+00",0.0010868,15.604884,0.00129987,0.0121243,304.23187,468.25867,6764.3823,"spacetrack"
58992,"2026-08-28 20:43:41.535+00",0.0011109,15.607015,0.00133843,0.0120831,303.9023,467.35684,6763.7666,"spacetrack"
58992,"2026-08-29 22:53:06.246+00",0.0011295,15.61011,0.0013747,0.0120166,303.46872,466.0022,6762.8726,"spacetrack"
58993,"2026-08-22 03:34:20.577+00",0.0014572,15.89764,0.00428849,0.0009132,296.8428,309.04514,6681.081,"spacetrack"
58993,"2026-08-23 11:17:04.603+00",0.0015437,15.909582,0.00482329,0.0008573,293.8754,305.32504,6677.7373,"spacetrack"
58993,"2026-08-24 03:53:09.65+00",0.0014382,15.916086,0.00464488,0.0008294,292.2438,303.31784,6675.918,"spacetrack"
58993,"2026-08-25 16:04:54.855+00",0.0014321,15.931755,0.00501329,0.000781,288.19263,298.6136,6671.54,"spacetrack"
58993,"2026-08-26 16:11:32.412+00",0.0014508,15.942623,0.00537612,0.000774,285.20917,295.532,6668.508,"spacetrack"
58993,"2026-08-27 16:17:10.285+00",0.0016,15.954183,0.00630185,0.0007669,282.0377,292.2609,6665.286,"spacetrack"
58993,"2026-08-28 16:21:44.573+00",0.0014328,15.965984,0.00601481,0.0007595,278.80438,288.92398,6662.001,"spacetrack"
58993,"2026-08-29 16:25:04.221+00",0.0017052,15.981725,0.00779208,0.0007603,274.42743,284.551,6657.626,"spacetrack"
59322,"2026-08-22 14:00:02+00",0.00101,15.836558,0.00241437,0.0025866,302.78644,337.43784,6698.249,"spacetrack"
59322,"2026-08-23 22:00:02+00",0.0007704,15.841486,0.0018721,0.0025445,301.68295,335.76328,6696.8604,"spacetrack"
59322,"2026-08-24 22:00:02+00",0.00087025,15.8446,0.0021524,0.0025038,301.08032,334.61115,6695.983,"spacetrack"
59322,"2026-08-25 22:00:02+00",0.00079135,15.848561,0.00199123,0.0025001,299.99216,333.46783,6694.867,"spacetrack"
59322,"2026-08-26 22:00:02+00",0.00084863,15.851991,0.00217589,0.0024944,299.06686,332.46143,6693.9014,"spacetrack"
59322,"2026-08-27 22:00:03+00",0.00054866,15.856107,0.00138024,0.0024826,297.99023,331.22104,6692.7427,"spacetrack"
59322,"2026-08-28 22:00:02+00",0.00092091,15.859338,0.0023726,0.0024975,296.98392,330.4096,6691.834,"spacetrack"
59322,"2026-08-29 22:00:02+00",0.001147,15.864802,0.00304228,0.0024908,295.49585,328.82425,6690.297,"spacetrack"
59586,"2026-08-22 20:39:19.683+00",0.00062063,15.669626,0.00069515,0.0028548,348.34232,386.8578,6745.737,"spacetrack"
59586,"2026-08-23 21:07:50.123+00",0.00064603,15.671046,0.00072838,0.0028613,347.89218,386.493,6745.3296,"spacetrack"
59586,"2026-08-24 20:04:26.228+00",0.00062831,15.672437,0.00071221,0.00286,347.50327,386.08426,6744.9307,"spacetrack"
59586,"2026-08-25 22:04:26.294+00",0.0006608,15.674037,0.00075462,0.002862,347.03195,385.6373,6744.4717,"spacetrack"
59586,"2026-08-26 21:00:46.755+00",0.00066242,15.67539,0.000761,0.0028795,346.52695,385.36615,6744.0835,"spacetrack"
59586,"2026-08-27 19:57:00.13+00",0.00072151,15.676757,0.00083452,0.0028672,346.21887,384.8899,6743.6914,"spacetrack"
59586,"2026-08-28 20:24:40.334+00",0.00082868,15.682241,0.00097934,0.0026365,346.2065,381.7577,6742.119,"spacetrack"
59586,"2026-08-29 22:00:02+00",0.0012763,15.686708,0.0015557,0.0029028,343.13464,382.26926,6740.839,"spacetrack"
59907,"2026-08-22 23:20:37.999+00",0.00065818,15.703443,0.00084749,0.0026081,340.34402,375.48062,6736.0493,"spacetrack"
59907,"2026-08-23 22:14:21.369+00",0.00073841,15.705409,0.00096047,0.0026015,339.8278,374.87253,6735.4873,"spacetrack"
59907,"2026-08-25 21:32:54.588+00",0.00066499,15.70885,0.00087748,0.0026793,338.32263,374.41016,6734.5034,"spacetrack"
59907,"2026-08-27 20:50:50+00",0.0007294,15.712261,0.00097891,0.002727,337.02936,373.75403,6733.529,"spacetrack"
59907,"2026-08-28 19:43:48.299+00",0.00065657,15.713817,0.00088597,0.0027501,336.43066,373.46396,6733.0845,"spacetrack"
59907,"2026-08-29 18:36:36.653+00",0.00078278,15.715987,0.00106963,0.0027694,335.68237,372.97214,6732.4644,"spacetrack"
60051,"2026-08-29 22:00:02+00",0.0095755,15.754135,0.01671512,0.0001719,342.2994,344.6103,6721.592,"spacetrack"
60210,"2026-08-22 13:56:30.398+00",0.00036518,15.717093,0.0004741,0.0015,343.91312,364.10956,6732.1484,"spacetrack"
60210,"2026-08-23 22:01:44.357+00",0.00040198,15.718412,0.00052517,0.0014907,343.59973,363.66983,6731.772,"spacetrack"
60210,"2026-08-24 20:56:48.112+00",0.00039085,15.71941,0.0005127,0.001494,343.29324,363.40692,6731.4873,"spacetrack"
60210,"2026-08-25 21:23:26.467+00",0.00037169,15.72043,0.00048946,0.0014895,343.03268,363.08493,6731.196,"spacetrack"
60210,"2026-08-26 21:49:59.411+00",0.00038368,15.721406,0.00050744,0.0014821,342.80426,362.75607,6730.917,"spacetrack"
60210,"2026-08-27 22:16:26.837+00",0.00042401,15.722438,0.00056375,0.0014853,342.48874,362.48273,6730.6226,"spacetrack"
60210,"2026-08-28 21:11:09.977+00",0.00041124,15.723365,0.0005488,0.001489,342.1998,362.2428,6730.3584,"spacetrack"
60210,"2026-08-29 21:37:25.844+00",0.00044544,15.72459,0.00059793,0.0014806,341.9071,361.836,6730.0083,"spacetrack"
60484,"2026-08-22 18:16:42.096+00",0.0014661,16.124691,0.01563861,0.0011088,232.74033,247.41689,6618.216,"spacetrack"
60484,"2026-08-23 16:35:34.106+00",0.0016715,16.166273,0.02472703,0.0011695,220.99815,236.4516,6606.862,"spacetrack"
60484,"2026-08-24 04:28:08.134+00",0.0015561,16.191694,0.02779614,0.0011926,213.9366,229.67879,6599.945,"spacetrack"
60484,"2026-08-25 02:39:57.515+00",0.0014375,16.272493,0.04997134,0.0013945,190.76923,209.11548,6578.0796,"spacetrack"
60491,"2026-08-22 04:53:36.683+00",0.0012717,15.74757,0.00190262,0.0001811,344.10513,346.54037,6723.46,"spacetrack"
60491,"2026-08-23 12:54:53.898+00",0.0013037,15.752527,0.00199488,0.0002053,342.53217,345.29224,6722.0493,"spacetrack"
60491,"2026-08-25 04:32:44.992+00",0.001397,15.7592745,0.00220673,0.0002281,340.4605,343.52625,6720.1304,"spacetrack"
60491,"2026-08-26 04:55:33.178+00",0.0011433,15.763095,0.00182796,0.000227,339.38232,342.43277,6719.0444,"spacetrack"
60491,"2026-08-27 05:17:59.584+00",0.0012794,15.767073,0.00208803,0.0002436,338.14078,341.41373,6717.914,"spacetrack"
60491,"2026-08-28 11:45:31.64+00",0.0011687,15.77193,0.00194518,0.0002773,336.53552,340.2605,6716.535,"spacetrack"
60491,"2026-08-29 06:01:45.967+00",0.0016704,15.7755575,0.00285583,0.0002899,335.42154,339.3152,6715.5054,"spacetrack"
60499,"2026-08-22 18:50:40.553+00",0.0025278,15.901017,0.00756021,0.0010092,295.25638,308.73956,6680.135,"spacetrack"
60499,"2026-08-23 05:24:53.347+00",0.0026565,15.908135,0.00823272,0.0010189,293.20062,306.80933,6678.142,"spacetrack"
60499,"2026-08-24 11:35:17.319+00",0.0024207,15.929311,0.00836836,0.0010831,286.85883,301.31216,6672.2227,"spacetrack"
60499,"2026-08-25 11:41:39.993+00",0.0026802,15.950555,0.01034655,0.001173,280.34027,295.9794,6666.297,"spacetrack"
60499,"2026-08-26 05:45:11.769+00",0.0025535,15.967039,0.01078942,0.0013513,274.56897,292.5729,6661.708,"spacetrack"
60499,"2026-08-27 04:17:58.94+00",0.0026155,15.989143,0.0124318,0.0012959,268.80475,286.05466,6655.567,"spacetrack"
60499,"2026-08-28 20:47:44.002+00",0.0027755,16.038267,0.01727943,0.0015728,253.38585,274.2788,6641.969,"spacetrack"
60499,"2026-08-29 04:16:47.103+00",0.003155,16.051517,0.02079623,0.0015876,249.63791,270.71588,6638.314,"spacetrack"
60508,"2026-08-22 05:18:34.934+00",0.00084799,15.887649,0.00243521,0.0002939,303.7803,307.70908,6683.882,"spacetrack"
60508,"2026-08-23 13:02:51.973+00",0.00086321,15.893969,0.00248407,0.0002985,301.97806,305.9673,6682.11,"spacetrack"
60508,"2026-08-24 17:45:05.698+00",0.00088026,15.900323,0.00261538,0.0002894,300.2591,304.12567,6680.3296,"spacetrack"
60508,"2026-08-25 05:50:02.316+00",0.00092927,15.903103,0.00280034,0.0002935,299.4534,303.3743,6679.551,"spacetrack"
60508,"2026-08-26 05:59:33.451+00",0.00080639,15.908405,0.00249579,0.0003225,297.77588,302.08322,6678.0664,"spacetrack"
60508,"2026-08-27 18:12:55.07+00",0.0009999,15.916669,0.00323003,0.0003884,295.02505,300.2108,6675.755,"spacetrack"
60508,"2026-08-28 12:19:10.516+00",0.00079093,15.920608,0.00260677,0.0004295,293.65,299.3835,6674.654,"spacetrack"
60508,"2026-08-29 04:54:39.218+00",0.0011093,15.925238,0.00374634,0.0004482,292.23215,298.21414,6673.3604,"spacetrack"
60520,"2026-08-22 05:56:12.231+00",0.00074423,15.785154,0.00130301,8.24e-05,334.093,335.19925,6712.783,"spacetrack"
60520,"2026-08-23 16:55:31.959+00",0.0007534,15.7890215,0.00134272,0.0001182,332.75665,334.3433,6711.687,"spacetrack"
60520,"2026-08-24 05:05:36.476+00",0.00078025,15.790531,0.00140102,0.0001294,332.25375,333.99063,6711.2593,"spacetrack"
60520,"2026-08-25 05:25:33.953+00",0.00080218,15.793331,0.00145967,0.0001404,331.3868,333.2711,6710.466,"spacetrack"
60520,"2026-08-26 05:45:15.869+00",0.00068763,15.796076,0.00126374,0.000156,330.50482,332.59824,6709.6885,"spacetrack"
60520,"2026-08-27 18:14:19.472+00",0.00095615,15.800414,0.00180386,0.0001715,329.17282,331.47385,6708.4604,"spacetrack"
60520,"2026-08-28 06:23:52.751+00",0.00080263,15.80181,0.00151861,0.0001956,328.61627,331.24048,6708.0654,"spacetrack"
60520,"2026-08-29 12:47:28.045+00",0.00093319,15.805904,0.00180502,0.0002199,327.29507,330.24475,6706.9067,"spacetrack"
60558,"2026-08-22 18:37:22.646+00",0.0015239,16.025455,0.00893229,0.0009726,260.90842,273.83527,6645.509,"spacetrack"
60558,"2026-08-24 05:03:41.067+00",0.0014965,16.054136,0.01038537,0.0010268,252.63957,266.27054,6637.5923,"spacetrack"
60558,"2026-08-25 12:26:41.034+00",0.0015311,16.087059,0.0129497,0.0010815,243.22675,257.56427,6628.5327,"spacetrack"
60558,"2026-08-26 12:18:35.021+00",0.0014358,16.116167,0.01456079,0.0011089,235.07057,249.75363,6620.5493,"spacetrack"
60558,"2026-08-27 04:41:23.745+00",0.0016057,16.140947,0.01867942,0.0011666,227.91826,243.3495,6613.771,"spacetrack"
60558,"2026-08-28 23:43:33.334+00",0.0014673,16.240118,0.03859887,0.0013383,199.86696,217.49724,6586.8193,"spacetrack"
60558,"2026-08-29 07:06:37.339+00",0.0016225,16.28145,0.06120498,0.0014371,188.0798,206.97958,6575.6665,"spacetrack"
61642,"2026-08-22 03:37:27.13+00",0.00069813,15.722364,0.00097403,0.0024588,335.9573,369.0559,6730.6436,"spacetrack"
61642,"2026-08-23 08:35:24.216+00",0.00065936,15.7245865,0.00092778,0.0024406,335.44748,368.298,6730.01,"spacetrack"
61642,"2026-08-24 01:21:28.213+00",0.00068148,15.725977,0.00096517,0.0024357,335.08453,367.86716,6729.613,"spacetrack"
61642,"2026-08-25 09:21:58.726+00",0.00049487,15.727473,0.0007019,0.0024281,334.71002,367.3883,6729.186,"spacetrack"
61642,"2026-08-26 17:22:11.993+00",0.00067536,15.730199,0.00097376,0.0024065,334.07993,366.46375,6728.4087,"spacetrack"
61642,"2026-08-28 05:56:21.367+00",0.00074721,15.733121,0.00109324,0.0024147,333.19342,365.68356,6727.5757,"spacetrack"
61642,"2026-08-29 00:13:16.902+00",0.00078409,15.734686,0.00115513,0.0023594,333.1206,364.8646,6727.1294,"spacetrack"
61915,"2026-08-22 14:00:02+00",0.0020505,15.8963585,0.00674842,0.0002479,301.6468,304.95944,6681.44,"spacetrack"
61915,"2026-08-23 22:00:02+00",0.0021426,15.91366,0.00710107,0.000266,296.6834,300.23535,6676.596,"spacetrack"
61915,"2026-08-24 22:00:02+00",0.0020186,15.9273205,0.00718386,0.0002702,292.8382,296.44418,6672.7783,"spacetrack"
61915,"2026-08-25 22:00:02+00",0.0019505,15.941148,0.0074677,0.0002618,289.03616,292.52798,6668.919,"spacetrack"
61915,"2026-08-26 22:00:02+00",0.0018166,15.955525,0.00751457,0.0002681,284.9884,288.5621,6664.912,"spacetrack"
61915,"2026-08-27 22:00:03+00",0.00182,15.969798,0.00813762,0.0002682,281.01703,284.58997,6660.9404,"spacetrack"
61915,"2026-08-28 22:00:02+00",0.0015801,15.985204,0.00770059,0.0002322,276.9775,280.06888,6656.66,"spacetrack"
61915,"2026-08-29 22:00:02+00",0.001514,16.000647,0.00805366,0.0002365,272.66623,275.8128,6652.3765,"spacetrack"
62204,"2026-08-22 18:59:38.401+00",0.0012494,15.736221,0.00189482,0.0030992,327.70752,369.40225,6726.692,"spacetrack"
62204,"2026-08-23 17:50:36.006+00",0.0011418,15.737537,0.00173541,0.0030157,327.89542,368.46454,6726.317,"spacetrack"
62204,"2026-08-24 09:04:28.142+00",0.0014026,15.739132,0.00215583,0.0029657,327.7787,367.6725,6725.863,"spacetrack"
62204,"2026-08-25 22:00:02+00",0.00068701,15.742289,0.00105531,0.0029723,326.83777,366.815,6724.9634,"spacetrack"
62204,"2026-08-26 00:00:01+00",5.3805e-06,15.742901,3.09e-06,0.0029609,326.74054,366.5634,6724.789,"spacetrack"
62204,"2026-08-28 22:00:02+00",-6.7563e-05,15.748868,-0.00011108,0.0029172,325.34076,364.56598,6723.0903,"spacetrack"
62204,"2026-08-29 22:00:02+00",0.00032673,15.751789,0.00051687,0.0028992,324.63303,363.61136,6722.2593,"spacetrack"
62459,"2026-08-22 14:15:46.405+00",0.00072653,15.82875,0.00159323,0.0004312,319.42584,325.2043,6700.452,"spacetrack"
62459,"2026-08-23 20:34:09.994+00",0.00071253,15.832693,0.00159189,0.0004697,318.0557,324.34906,6699.3394,"spacetrack"
62459,"2026-08-24 19:17:39.199+00",0.00072914,15.835824,0.00165487,0.0005017,316.95862,323.67984,6698.456,"spacetrack"
62459,"2026-08-25 16:29:59.292+00",0.00080787,15.838956,0.00186639,0.0005101,316.01987,322.85272,6697.573,"spacetrack"
62459,"2026-08-26 19:45:29.106+00",0.00071167,15.842829,0.00167043,0.0005537,314.63687,322.05255,6696.482,"spacetrack"
62459,"2026-08-27 19:58:55.524+00",0.00071738,15.846295,0.00171317,0.0005916,313.40707,321.32922,6695.5054,"spacetrack"
62459,"2026-08-28 18:41:14.064+00",0.00075725,15.849623,0.0018409,0.000629,312.2201,320.64185,6694.568,"spacetrack"
62459,"2026-08-29 20:24:46.64+00",0.00087274,15.854655,0.00218362,0.0006517,310.6523,319.37616,6693.1514,"spacetrack"
62460,"2026-08-22 14:19:28.328+00",0.00070343,15.827755,0.00153414,0.0004442,319.6193,325.57224,6700.733,"spacetrack"
62460,"2026-08-23 22:08:53.321+00",0.00073015,15.831957,0.00162647,0.0004809,318.1884,324.632,6699.5474,"spacetrack"
62460,"2026-08-24 20:52:26.724+00",0.00061298,15.8348875,0.00137957,0.0005027,317.21594,323.95084,6698.72,"spacetrack"
62460,"2026-08-25 16:33:57.873+00",0.00072053,15.837883,0.00165126,0.0005011,316.38245,323.09506,6697.876,"spacetrack"
62460,"2026-08-26 18:18:42.858+00",0.00075146,15.841575,0.0017555,0.0005708,314.8756,322.52072,6696.835,"spacetrack"
62460,"2026-08-27 18:32:16.35+00",0.00090835,15.845105,0.00217014,0.0006004,313.6833,321.72363,6695.8403,"spacetrack"
62460,"2026-08-28 18:45:30.723+00",0.00073752,15.848494,0.00178191,0.0006385,312.47427,321.02365,6694.8857,"spacetrack"
62460,"2026-08-29 20:29:09.865+00",0.00088033,15.853525,0.00219095,0.0006633,310.89264,319.7722,6693.469,"spacetrack"
62468,"2026-08-27 11:46:38.696+00",0.0019102,15.710288,0.00258792,0.0025045,339.0898,372.8209,6734.0923,"spacetrack"
62472,"2026-08-29 10:34:12.949+00",0.0015059,15.711215,0.00200239,0.0009094,349.56696,361.81442,6733.8276,"spacetrack"
62607,"2026-08-22 11:06:20.506+00",0.0015195,15.675871,0.00177925,0.003012,345.49585,386.12137,6743.946,"spacetrack"
62607,"2026-08-23 20:44:44.26+00",0.0017107,15.678163,0.00202655,0.002956,345.21817,385.08447,6743.288,"spacetrack"
62607,"2026-08-24 10:30:21.743+00",0.0014456,15.678914,0.00170965,0.0029062,345.3391,384.53256,6743.0728,"spacetrack"
62607,"2026-08-25 18:36:37.981+00",0.001361,15.680895,0.00162072,0.0029012,344.80667,383.92938,6742.505,"spacetrack"
62607,"2026-08-26 17:32:23.111+00",0.0018432,15.683422,0.00223611,0.0029213,343.94882,383.33835,6741.781,"spacetrack"
62607,"2026-08-27 16:28:00.681+00",0.00073513,15.683688,0.0008758,0.0028815,344.1412,382.99365,6741.7046,"spacetrack"
62607,"2026-08-28 16:55:13.477+00",0.00097412,15.685457,0.00117644,0.0029753,343.0035,383.1177,6741.1978,"spacetrack"
62607,"2026-08-29 15:50:34.065+00",0.00080371,15.686944,0.00097163,0.0028533,343.401,381.8679,6740.7715,"spacetrack"
62618,"2026-08-22 23:38:44.822+00",0.0012764,15.799043,0.0024107,0.0002884,328.7768,332.64645,6708.8486,"spacetrack"
62618,"2026-08-23 05:43:33.475+00",0.0012946,15.800297,0.00246032,0.0002728,328.5265,332.1866,6708.4937,"spacetrack"
62618,"2026-08-24 16:40:39.17+00",0.0013193,15.807595,0.00259587,0.0002336,326.72504,329.85828,6706.4287,"spacetrack"
62618,"2026-08-25 16:58:54.725+00",0.0013253,15.8129,0.00267405,0.0002413,325.17392,328.4097,6704.9287,"spacetrack"
62618,"2026-08-26 05:07:51.386+00",0.0011866,15.815525,0.00241584,0.000261,324.29987,327.79944,6704.1865,"spacetrack"
62618,"2026-08-27 17:33:58.684+00",0.0015656,15.82378,0.0033473,0.0002552,322.0076,325.42822,6701.855,"spacetrack"
62618,"2026-08-28 05:42:26.07+00",0.0012756,15.8262615,0.00273935,0.0002561,321.30124,324.73355,6701.1543,"spacetrack"
62618,"2026-08-29 16:35:59.939+00",0.0014768,15.8354645,0.00333336,0.0003153,318.30875,322.53287,6698.5576,"spacetrack"
62628,"2026-08-22 15:27:45.854+00",0.00023556,14.535292,0.00011043,0.0576346,305.38443,1122.9061,7092.282,"spacetrack"
62628,"2026-08-23 12:56:27.4+00",0.00023682,14.535498,0.00011106,0.0576272,305.37375,1122.7827,7092.2153,"spacetrack"
62628,"2026-08-24 12:04:15.853+00",0.0002525,14.535722,0.00011855,0.0576199,305.35672,1122.6538,7092.142,"spacetrack"
62628,"2026-08-25 12:51:10.9+00",0.00025023,14.535974,0.00011754,0.0576134,305.3257,1122.5211,7092.0605,"spacetrack"
62628,"2026-08-26 08:40:42.156+00",0.00023406,14.536149,0.0001099,0.0576082,305.3089,1122.4241,7092.0034,"spacetrack"
62628,"2026-08-27 01:11:57.621+00",0.00026078,14.536331,0.00012267,0.0576046,305.27844,1122.3357,7091.944,"spacetrack"
62628,"2026-08-28 08:35:19.77+00",0.00026408,14.5366125,0.00012433,0.057598,305.23895,1122.192,7091.8525,"spacetrack"
62628,"2026-08-29 22:35:09.046+00",0.00031977,14.537072,0.00015107,0.0575892,305.16043,1121.9714,7091.703,"spacetrack"
62638,"2026-08-22 05:17:20.422+00",0.0015643,15.896044,0.00455635,0.0005953,299.4137,307.3687,6681.5283,"spacetrack"
62638,"2026-08-23 05:27:19.069+00",0.0015167,15.905325,0.00463035,0.0006406,296.51328,305.0703,6678.9287,"spacetrack"
62638,"2026-08-24 05:36:26.364+00",0.0015548,15.915036,0.00498674,0.0006467,293.75705,302.39206,6676.2114,"spacetrack"
62638,"2026-08-25 05:44:37.271+00",0.001627,15.9258375,0.00551727,0.000692,290.43768,299.67337,6673.1924,"spacetrack"
62638,"2026-08-26 05:51:50.282+00",0.0013908,15.93626,0.00498222,0.0007383,287.22083,297.07016,6670.2827,"spacetrack"
62638,"2026-08-27 11:59:26.666+00",0.0015584,15.950869,0.00603265,0.0008334,282.51666,293.6279,6666.2095,"spacetrack"
62638,"2026-08-28 12:04:19.159+00",0.0014763,15.962937,0.00609948,0.0008707,278.9105,290.51318,6662.8486,"spacetrack"
62638,"2026-08-29 16:38:29.303+00",0.0018137,15.981933,0.00830127,0.0009124,273.35712,285.50586,6657.5684,"spacetrack"
62756,"2026-08-22 13:26:49.891+00",0.00065108,15.764536,0.001073,0.0001632,339.40158,341.59454,6718.6353,"spacetrack"
62756,"2026-08-23 22:54:05.439+00",0.00059617,15.763989,0.00097866,0.000211,339.23563,342.07098,6718.7905,"spacetrack"
62756,"2026-08-24 18:40:11.499+00",0.0011794,15.764208,0.00196561,0.0002028,339.2288,341.95392,6718.7285,"spacetrack"
62756,"2026-08-25 20:31:13.541+00",0.00096164,15.764435,0.00159644,0.0002548,338.81488,342.2387,6718.6636,"spacetrack"
62756,"2026-08-26 19:19:48.582+00",0.0013487,15.764626,0.0022607,0.0002792,338.5968,342.34848,6718.61,"spacetrack"
62756,"2026-08-27 19:39:37.173+00",0.0007211,15.7639675,0.00118758,0.0002116,339.23788,342.08127,6718.7964,"spacetrack"
62756,"2026-08-28 18:28:11.907+00",0.0018543,15.764643,0.00314293,0.0001567,339.41495,341.52054,6718.605,"spacetrack"
62756,"2026-08-29 20:19:13.934+00",0.00097939,15.76418,0.00162462,0.0001934,339.29956,341.89838,6718.736,"spacetrack"
62757,"2026-08-22 22:35:02.53+00",0.0013131,15.764463,0.00219761,0.0002216,339.0297,342.00742,6718.656,"spacetrack"
62757,"2026-08-23 13:47:25.508+00",0.0015287,15.76386,0.00256388,0.0003767,338.15903,343.22098,6718.827,"spacetrack"
62757,"2026-08-24 18:40:56.823+00",0.0017121,15.76698,0.00292401,0.0001727,338.64337,340.96375,6717.9404,"spacetrack"
62757,"2026-08-25 20:31:59.552+00",0.0013078,15.764462,0.00218868,0.0003151,338.4017,342.6358,6718.656,"spacetrack"
62757,"2026-08-26 20:51:48.762+00",0.00081475,15.76403,0.0013453,0.0001632,339.54517,341.73816,6718.779,"spacetrack"
62757,"2026-08-27 19:40:22.613+00",0.0014949,15.765561,0.00252488,0.000355,337.8217,342.5917,6718.3438,"spacetrack"
62757,"2026-08-28 18:28:56.98+00",0.0011166,15.765175,0.00186658,0.0002919,338.35535,342.27756,6718.4536,"spacetrack"
62757,"2026-08-29 20:20:00.292+00",0.0012865,15.763703,0.00214422,0.0001472,339.7455,341.72357,6718.8716,"spacetrack"
63117,"2026-08-22 14:00:02+00",0.00090328,15.889326,0.00271337,0.0025772,288.04974,322.49872,6683.411,"spacetrack"
63117,"2026-08-23 22:00:02+00",0.00089048,15.896214,0.00277212,0.0025861,286.0648,320.62274,6681.481,"spacetrack"
63117,"2026-08-24 22:00:02+00",0.00086306,15.901593,0.00276327,0.0026002,284.46744,319.206,6679.9736,"spacetrack"
63117,"2026-08-25 22:00:02+00",0.00091023,15.907246,0.00300494,0.0026242,282.72867,317.77954,6678.391,"spacetrack"
63117,"2026-08-26 22:00:02+00",0.00088373,15.9127035,0.00300275,0.0026351,281.13287,316.32126,6676.8643,"spacetrack"
63117,"2026-08-27 22:00:03+00",0.00092083,15.918372,0.00322683,0.0026532,279.43085,314.85254,6675.279,"spacetrack"
63117,"2026-08-28 22:02:14.339+00",0.0010814,15.926125,0.00395574,0.0026758,277.11954,312.83136,6673.1123,"spacetrack"
63117,"2026-08-29 20:36:32.218+00",0.0010713,15.933316,0.00407063,0.0026507,275.284,310.65018,6671.104,"spacetrack"
63313,"2026-08-29 13:27:35.596+00",0.0026168,15.711877,0.00368772,0.0036351,331.02402,379.9789,6733.6387,"spacetrack"
63754,"2026-08-27 05:08:53.485+00",0.0017424,15.711811,0.00233158,0.0008202,349.99747,361.04333,6733.657,"spacetrack"
64093,"2026-08-22 13:39:33.218+00",0.00048293,15.607653,0.00044121,0.0061539,343.82306,427.06787,6763.5825,"spacetrack"
64093,"2026-08-23 21:58:17.34+00",0.00048259,15.608812,0.00044271,0.006136,343.61105,426.60962,6763.2476,"spacetrack"
64093,"2026-08-24 21:03:00.514+00",0.00048162,15.609687,0.00044326,0.0061277,343.41595,426.29916,6762.9946,"spacetrack"
64093,"2026-08-25 21:39:57.356+00",0.00046309,15.610607,0.00042749,0.0061153,343.2358,425.94806,6762.729,"spacetrack"
64093,"2026-08-26 22:16:49.179+00",0.00049833,15.6115055,0.00046175,0.0061016,343.07047,425.59424,6762.469,"spacetrack"
64093,"2026-08-27 21:21:18.108+00",0.0004894,15.612344,0.00045474,0.0060869,342.92938,425.25137,6762.2275,"spacetrack"
64093,"2026-08-28 20:25:42.812+00",0.00050538,15.613141,0.00047105,0.0060758,342.7755,424.94458,6761.997,"spacetrack"
64093,"2026-08-29 21:02:19.66+00",0.00048828,15.614211,0.00045669,0.0060566,342.59836,424.50403,6761.688,"spacetrack"
64230,"2026-08-22 20:56:26.512+00",0.001043,15.760549,0.00167984,0.0011726,333.75146,349.51065,6719.768,"spacetrack"
64230,"2026-08-23 21:17:48.726+00",0.0011139,15.764026,0.00182479,0.0011519,332.90353,348.38226,6718.78,"spacetrack"
64230,"2026-08-24 14:02:18.818+00",0.0010864,15.766476,0.00179823,0.0011285,332.36554,347.52826,6718.084,"spacetrack"
64230,"2026-08-25 06:46:39.345+00",0.0011243,15.769031,0.00188382,0.0011034,331.8093,346.63318,6717.3584,"spacetrack"
64230,"2026-08-26 04:04:40.754+00",0.0010893,15.772195,0.00185,0.0010952,330.96692,345.67868,6716.46,"spacetrack"
64230,"2026-08-27 19:37:28.729+00",0.0013,15.778088,0.00227831,0.0010531,329.57895,343.72162,6714.787,"spacetrack"
64230,"2026-08-28 19:57:14.389+00",0.0011918,15.7814865,0.00211574,0.001007,328.9254,342.44705,6713.823,"spacetrack"
64230,"2026-08-29 23:19:00.783+00",0.0011399,15.786564,0.00206833,0.0009608,327.79736,340.69586,6712.384,"spacetrack"
64243,"2026-08-22 14:00:02+00",0.00095307,15.875118,0.00270194,0.0011261,301.73074,316.7921,6687.3984,"spacetrack"
64243,"2026-08-23 22:00:02+00",0.00072786,15.880435,0.0021028,0.0010897,300.48315,315.0544,6685.906,"spacetrack"
64243,"2026-08-24 22:00:02+00",0.00081652,15.88438,0.00241519,0.0010971,299.32767,313.99545,6684.7983,"spacetrack"
64243,"2026-08-25 22:00:02+00",0.00075402,15.888496,0.00227262,0.0010811,298.2814,312.7328,6683.644,"spacetrack"
64243,"2026-08-26 22:00:02+00",0.00076133,15.892318,0.00226182,0.0010961,297.11075,311.76028,6682.5728,"spacetrack"
64243,"2026-08-27 22:00:03+00",0.00075447,15.896335,0.00228817,0.0011078,295.90805,310.7115,6681.447,"spacetrack"
64243,"2026-08-28 22:00:02+00",0.00079924,15.900414,0.00247738,0.0011248,294.65274,309.68076,6680.3037,"spacetrack"
64243,"2026-08-29 22:00:02+00",0.00099082,15.906237,0.00317158,0.0011435,292.8995,308.1736,6678.6733,"spacetrack"
65015,"2026-08-22 13:05:11.683+00",0.00069659,15.75266,0.00107634,0.000115,343.10135,344.6474,6722.011,"spacetrack"
65015,"2026-08-23 22:35:09.582+00",0.0014657,15.75311,0.0023101,0.0001186,342.94922,344.54364,6721.8833,"spacetrack"
65015,"2026-08-24 22:56:57.409+00",0.00095967,15.753037,0.00149518,0.0001449,342.7929,344.74094,6721.904,"spacetrack"
65015,"2026-08-25 21:47:23.25+00",0.00084443,15.752711,0.00131008,6.84e-05,343.39987,344.31946,6721.9966,"spacetrack"
65015,"2026-08-26 22:09:11.252+00",0.0012364,15.753157,0.00193939,0.0001144,342.96414,344.5021,6721.87,"spacetrack"
65015,"2026-08-27 20:59:37.217+00",0.0007784,15.7526865,0.0012055,0.0001219,343.04727,344.6861,6722.004,"spacetrack"
65015,"2026-08-28 21:21:25.003+00",0.0013898,15.753227,0.00218801,9.91e-05,343.04678,344.37906,6721.85,"spacetrack"
65015,"2026-08-29 21:43:12.727+00",0.00058158,15.752144,0.00089361,0.0001416,343.0692,344.97293,6722.158,"spacetrack"
65267,"2026-08-22 14:47:30.801+00",0.00017535,15.963833,0.00072169,0.000242,282.8505,286.0752,6662.5996,"spacetrack"
65267,"2026-08-23 08:50:42.641+00",0.00017981,15.963533,0.00073895,0.0002181,283.09302,285.99927,6662.683,"spacetrack"
65267,"2026-08-24 22:27:21.516+00",0.00015337,15.964378,0.00063255,0.0003186,282.1884,286.43372,6662.448,"spacetrack"
65267,"2026-08-25 01:27:53.095+00",0.00015564,15.964507,0.00064242,0.0003201,282.1426,286.40787,6662.412,"spacetrack"
65267,"2026-08-27 19:39:37.562+00",0.00016885,15.963609,0.00069424,0.0003847,281.962,287.08826,6662.662,"spacetrack"
65267,"2026-08-28 21:14:09.993+00",0.00017028,15.963683,0.00070047,0.000399,281.84604,287.1628,6662.6416,"spacetrack"
65267,"2026-08-29 21:18:25.358+00",0.00017211,15.964041,0.00070961,0.000449,281.4134,287.39633,6662.542,"spacetrack"
65268,"2026-08-22 10:39:15.563+00",6.107e-05,15.963192,0.00024667,0.0002355,283.07214,286.21033,6662.7783,"spacetrack"
65268,"2026-08-23 10:43:30.814+00",6.1116e-05,15.964704,0.00024899,0.0002991,282.2277,286.21313,6662.3574,"spacetrack"
65268,"2026-08-24 09:17:30.769+00",6.6854e-05,15.963931,0.00027178,0.0003282,282.2487,286.622,6662.5723,"spacetrack"
65268,"2026-08-26 18:27:39.907+00",0.00018726,15.964071,0.00077245,0.0003701,281.9306,286.86218,6662.533,"spacetrack"
65268,"2026-08-27 21:32:27.973+00",0.00018149,15.9642315,0.00074917,0.0003863,281.77805,286.92548,6662.489,"spacetrack"
65268,"2026-08-28 21:36:42.49+00",0.0001996,15.964302,0.000825,0.0004322,281.45276,287.21182,6662.469,"spacetrack"
65268,"2026-08-29 23:11:16.263+00",0.00014281,15.964078,0.00058788,0.0004319,281.517,287.2721,6662.5317,"spacetrack"
65269,"2026-08-22 14:02:22.763+00",0.00016491,15.963765,0.00067821,0.0002767,282.63803,286.32513,6662.6187,"spacetrack"
65269,"2026-08-23 20:07:42.612+00",0.00016353,15.964272,0.00067434,0.0002722,282.5273,286.15436,6662.478,"spacetrack"
65269,"2026-08-24 21:42:14.484+00",0.00017703,15.963899,0.00072906,0.0002996,282.4485,286.4407,6662.5815,"spacetrack"
65269,"2026-08-25 00:42:46.452+00",8.1399e-05,15.963906,0.0003321,0.0003015,282.43353,286.45108,6662.579,"spacetrack"
65269,"2026-08-27 18:54:30.422+00",0.00011635,15.963358,0.00047593,0.0003986,281.93927,287.2508,6662.732,"spacetrack"
65269,"2026-08-28 21:59:18.678+00",0.00018793,15.963647,0.0007736,0.0004268,281.67096,287.3582,6662.6514,"spacetrack"
65269,"2026-08-29 22:03:35.052+00",0.00018446,15.963417,0.00075814,0.0003853,282.01123,287.1455,6662.7153,"spacetrack"
65270,"2026-08-22 12:54:41.571+00",0.00019079,15.9636755,0.0007852,0.0002944,282.54504,286.46802,6662.6436,"spacetrack"
65270,"2026-08-23 19:00:01.115+00",0.00018219,15.964269,0.00075206,0.0003289,282.15036,286.53293,6662.4785,"spacetrack"
65270,"2026-08-24 17:34:00.18+00",0.00015324,15.964286,0.00063165,0.0003154,282.2355,286.4382,6662.4736,"spacetrack"
65270,"2026-08-27 22:17:36.951+00",0.00018426,15.964285,0.00076097,0.0004082,281.61737,287.0566,6662.474,"spacetrack"
65270,"2026-08-28 11:50:01.394+00",8.4024e-05,15.963625,0.00034255,0.0003781,282.0015,287.0398,6662.6577,"spacetrack"
65270,"2026-08-29 20:55:52.336+00",0.00010749,15.963894,0.00044069,0.0004766,281.27045,287.62122,6662.583,"spacetrack"
66052,"2026-08-22 10:34:17.703+00",0.00052119,15.863336,0.0013501,0.0006405,308.287,316.8578,6690.7095,"spacetrack"
66052,"2026-08-23 13:46:58.755+00",0.00053727,15.866454,0.00141453,0.0006469,307.36798,316.0233,6689.8325,"spacetrack"
66052,"2026-08-25 09:36:43.392+00",0.00057523,15.871781,0.00155787,0.0006533,305.82904,314.56802,6688.3354,"spacetrack"
66052,"2026-08-26 11:17:53.441+00",0.00048634,15.874743,0.00133199,0.0006551,304.98557,313.74753,6687.5034,"spacetrack"
66052,"2026-08-27 08:26:52.078+00",0.00065067,15.877328,0.00181763,0.0006571,304.247,313.03476,6686.778,"spacetrack"
66052,"2026-08-28 07:06:15.821+00",0.00058212,15.879937,0.00164329,0.0006523,303.54718,312.2698,6686.0454,"spacetrack"
66052,"2026-08-29 07:16:01.363+00",0.00075634,15.8833275,0.00218726,0.000659,302.55148,311.36246,6685.0938,"spacetrack"
66205,"2026-08-22 23:37:56.682+00",0.00031639,16.203014,0.00682087,0.0032958,196.99136,240.4753,6596.87,"spacetrack"
66205,"2026-08-23 12:58:08.397+00",0.0003219,16.211304,0.00740727,0.0032628,194.96782,238.00168,6594.6216,"spacetrack"
66205,"2026-08-24 14:08:25.912+00",0.00032812,16.22894,0.00869143,0.0031746,190.78593,232.62617,6589.8433,"spacetrack"
66205,"2026-08-25 22:40:17.621+00",0.00032811,16.255827,0.01089067,0.0030645,184.26518,224.60979,6582.5747,"spacetrack"
66205,"2026-08-26 19:20:36.113+00",0.00031049,16.275505,0.01225934,0.002993,179.44528,218.8168,6577.268,"spacetrack"
66205,"2026-08-27 20:24:26.69+00",0.00030013,16.305079,0.01556338,0.0028611,172.37975,209.97066,6569.312,"spacetrack"
66205,"2026-08-28 19:57:00.137+00",0.00029514,16.342085,0.02203928,0.0026722,163.72607,198.78209,6559.391,"spacetrack"
66205,"2026-08-29 15:01:40.436+00",0.00020678,16.39434,0.0385558,0.0024397,151.33942,183.27725,6545.4453,"spacetrack"
66515,"2026-08-22 08:35:57.142+00",0.00026758,15.824468,0.00057615,0.0007904,318.22662,328.82062,6701.6606,"spacetrack"
66515,"2026-08-23 17:55:09.465+00",0.00026024,15.826032,0.00056441,0.0008245,317.5571,328.60742,6701.219,"spacetrack"
66515,"2026-08-24 07:32:57.37+00",0.00028245,15.826677,0.0006153,0.0008445,317.2409,328.55896,6701.037,"spacetrack"
66515,"2026-08-25 06:15:52.61+00",0.00028332,15.8278055,0.00062066,0.0008711,316.74457,328.41855,6700.7188,"spacetrack"
66515,"2026-08-26 23:08:53.739+00",0.00026987,15.829747,0.00059646,0.0009145,315.90622,328.16083,6700.1704,"spacetrack"
66515,"2026-08-28 23:35:47.835+00",0.00029817,15.832022,0.00066751,0.0009766,314.84906,327.93457,6699.529,"spacetrack"
66515,"2026-08-29 22:18:14.905+00",0.00027501,15.833341,0.00061892,0.0009964,314.3448,327.69485,6699.1567,"spacetrack"
67481,"2026-08-22 12:32:55.187+00",0.00019156,15.72308,0.00025973,0.0011948,344.26102,360.3441,6730.4395,"spacetrack"
67481,"2026-08-23 12:56:19.526+00",0.0001949,15.723622,0.000265,0.0012103,344.002,360.29333,6730.2847,"spacetrack"
67481,"2026-08-24 11:48:13.234+00",0.00019701,15.724152,0.00026857,0.0012286,343.7281,360.26538,6730.134,"spacetrack"
67481,"2026-08-25 09:08:36.763+00",0.00021025,15.724673,0.00028766,0.0012506,343.43137,360.2644,6729.985,"spacetrack"
67481,"2026-08-27 23:38:06.156+00",0.00023869,15.72609,0.00032945,0.0013124,342.6116,360.27542,6729.5806,"spacetrack"
67481,"2026-08-29 22:52:51.194+00",0.00023378,15.727264,0.00032436,0.001367,341.90967,360.3074,6729.2456,"spacetrack"
67559,"2026-08-22 19:01:16.489+00",0.00063952,14.949252,0.00048251,0.0423624,287.7311,877.4786,6960.7417,"spacetrack"
67559,"2026-08-23 12:41:31.885+00",0.00066202,14.950047,0.00049965,0.0423289,287.72827,876.98846,6960.4956,"spacetrack"
67559,"2026-08-25 11:16:29.981+00",0.00071353,14.952152,0.00053865,0.0422322,287.7754,875.6342,6959.842,"spacetrack"
67559,"2026-08-26 11:22:01.67+00",0.0005931,14.95316,0.00044816,0.0421867,287.7925,874.99164,6959.5293,"spacetrack"
67559,"2026-08-27 11:27:27.751+00",0.00075124,14.954206,0.00056782,0.0421466,287.7605,874.3741,6959.204,"spacetrack"
67559,"2026-08-28 01:54:40.753+00",0.00068527,14.954791,0.00051817,0.0421195,287.7756,873.99677,6959.023,"spacetrack"
67559,"2026-08-29 22:52:27.139+00",0.00077121,14.95705,0.00058489,0.0420425,287.6401,872.73065,6958.3223,"spacetrack"
67674,"2026-08-22 22:08:06.259+00",0.00026536,15.828449,0.00056114,0.0006624,317.96124,326.8381,6700.5366,"spacetrack"
67674,"2026-08-23 22:24:44.575+00",0.00025219,15.828523,0.00053322,0.0006549,317.991,326.76733,6700.516,"spacetrack"
67674,"2026-08-24 09:01:59.694+00",0.00026167,15.8290205,0.00055473,0.0006506,317.8793,326.5978,6700.3755,"spacetrack"
67674,"2026-08-25 22:57:59.953+00",0.0002354,15.82872,0.00049784,0.0006238,318.14368,326.50314,6700.4604,"spacetrack"
67674,"2026-08-26 03:31:06.405+00",0.00023744,15.828923,0.00050268,0.0006275,318.0615,326.47052,6700.403,"spacetrack"
67674,"2026-08-27 22:00:17.178+00",0.00032569,15.828278,0.00068921,0.0005799,318.56244,326.33377,6700.585,"spacetrack"
67674,"2026-08-28 20:45:49.992+00",0.0002952,15.829261,0.00062699,0.0005741,318.3242,326.0175,6700.3076,"spacetrack"
67674,"2026-08-29 21:02:25.372+00",0.00027317,15.82904,0.00057916,0.0005562,318.50644,325.95993,6700.37,"spacetrack"
67686,"2026-08-22 14:41:13.572+00",0.00074615,15.767638,0.00123859,0.0007718,334.43195,344.80145,6717.754,"spacetrack"
67686,"2026-08-24 21:26:08.745+00",0.00076742,15.773522,0.00130924,0.0008059,332.53336,343.35834,6716.083,"spacetrack"
67686,"2026-08-25 05:02:17.174+00",0.00082863,15.774409,0.00142174,0.0008143,332.2254,343.1628,6715.831,"spacetrack"
67686,"2026-08-26 09:55:23.722+00",0.00068371,15.777513,0.0011851,0.0008224,331.29126,342.336,6714.9507,"spacetrack"
67686,"2026-08-27 10:14:35.696+00",0.00096806,15.780194,0.0017116,0.0008264,330.50406,341.60126,6714.1895,"spacetrack"
67686,"2026-08-28 07:31:11.982+00",0.00067779,15.782274,0.00120053,0.0008346,329.85962,341.06598,6713.5996,"spacetrack"
67686,"2026-08-29 07:49:56.854+00",0.0011254,15.785416,0.00204621,0.0008338,328.9751,340.1692,6712.709,"spacetrack"
67688,"2026-08-23 05:09:28.342+00",0.00067084,15.730406,0.00094223,0.0007105,345.43225,354.99323,6728.3496,"spacetrack"
67688,"2026-08-24 14:41:52.413+00",0.00068549,15.733183,0.00097495,0.0007254,344.5409,354.3012,6727.558,"spacetrack"
67688,"2026-08-25 08:59:23.87+00",0.00070986,15.734699,0.00101701,0.000736,344.03745,353.9398,6727.1255,"spacetrack"
67688,"2026-08-26 09:22:35.988+00",0.00059729,15.736599,0.0008602,0.0007449,343.4367,353.45798,6726.5845,"spacetrack"
67688,"2026-08-27 09:45:37.511+00",0.00085096,15.738608,0.00124463,0.000755,342.79657,352.95285,6726.0117,"spacetrack"
67688,"2026-08-28 10:08:28.545+00",0.00074246,15.74042,0.00109176,0.0007672,342.1988,352.51837,6725.4956,"spacetrack"
67688,"2026-08-29 19:39:34.847+00",0.00076451,15.743601,0.00114071,0.0007766,341.23035,351.675,6724.59,"spacetrack"
67690,"2026-08-22 12:59:57.342+00",0.0002898,15.401497,0.00017975,0.015725,338.3627,552.9713,6823.804,"spacetrack"
67690,"2026-08-23 18:35:01.428+00",0.00028976,15.401959,0.00017991,0.0157105,338.32724,552.7337,6823.6675,"spacetrack"
67690,"2026-08-24 10:09:15.047+00",0.00028217,15.402194,0.00017511,0.0157009,338.32455,552.59784,6823.598,"spacetrack"
67690,"2026-08-25 23:31:20.457+00",0.0002803,15.402758,0.00017411,0.0156813,338.29453,552.29504,6823.4316,"spacetrack"
67690,"2026-08-27 05:06:16.619+00",0.00031276,15.403207,0.00019522,0.0156715,338.23087,552.0935,6823.2993,"spacetrack"
67690,"2026-08-28 10:41:09.97+00",0.0002845,15.403627,0.00017726,0.0156645,338.1563,551.91956,6823.175,"spacetrack"
67690,"2026-08-29 22:29:38.801+00",0.00033754,15.404267,0.00021175,0.0156441,338.10956,551.5885,6822.986,"spacetrack"
68205,"2026-08-22 17:27:42.309+00",0.00038543,14.772592,0.00030703,0.0514636,276.914,999.0642,7016.126,"spacetrack"
68205,"2026-08-23 03:12:57.773+00",0.00039066,14.772847,0.00031137,0.0514537,276.90656,998.9095,7016.045,"spacetrack"
68205,"2026-08-24 21:28:58.202+00",0.00037616,14.773925,0.00030077,0.0514347,276.71625,998.4175,7015.704,"spacetrack"
68205,"2026-08-25 15:21:50.483+00",0.00041043,14.774429,0.00032918,0.0514228,276.64813,998.16595,7015.544,"spacetrack"
68205,"2026-08-26 04:22:05.367+00",0.000405,14.774784,0.00032503,0.0514128,276.61182,997.97784,7015.4316,"spacetrack"
68205,"2026-08-27 14:30:08.683+00",0.00049383,14.775863,0.00039859,0.0513832,276.49557,997.41113,7015.0903,"spacetrack"
68205,"2026-08-28 14:52:57.318+00",0.00041863,14.776553,0.00033774,0.0513672,276.4006,997.0693,7014.872,"spacetrack"
68205,"2026-08-29 03:53:05.52+00",0.00056328,14.777031,0.00045676,0.0513519,276.36435,996.8028,7014.7207,"spacetrack"
68293,"2026-08-23 06:22:59.26+00",0.00071981,15.595999,0.00078367,0.0108974,315.0722,462.55655,6766.951,"spacetrack"
68293,"2026-08-24 13:08:07.168+00",0.00072954,15.598036,0.0007995,0.0108504,314.80725,461.64273,6766.362,"spacetrack"
68293,"2026-08-25 06:02:50.441+00",0.00081204,15.599282,0.00089523,0.0108279,314.60303,461.1262,6766.0015,"spacetrack"
68293,"2026-08-26 09:43:07.277+00",0.00064662,15.601191,0.00071438,0.0107811,314.374,460.25195,6765.45,"spacetrack"
68293,"2026-08-27 14:55:26.12+00",0.00090047,15.6030855,0.00100695,0.0107518,314.03012,459.49985,6764.902,"spacetrack"
68293,"2026-08-28 21:39:44.268+00",0.00092126,15.605239,0.00103813,0.0107119,313.68442,458.60098,6764.28,"spacetrack"
68293,"2026-08-29 14:33:59.46+00",0.00090709,15.606642,0.001026,0.010672,313.55334,457.92148,6763.8745,"spacetrack"
68826,"2026-08-22 11:38:03.487+00",0.00014587,15.85058,0.00034217,0.0011328,308.57797,323.74457,6694.2983,"spacetrack"
68826,"2026-08-23 22:28:56.462+00",0.00016172,15.851654,0.00038164,0.0011421,308.21375,323.50418,6693.996,"spacetrack"
68826,"2026-08-24 12:07:04.39+00",0.00016286,15.852086,0.00038515,0.0011428,308.0876,323.38712,6693.8745,"spacetrack"
68826,"2026-08-25 16:54:27.704+00",0.0001511,15.85012,0.0003542,0.0012705,307.78586,324.79642,6694.428,"spacetrack"
68826,"2026-08-26 06:32:42.478+00",0.00013666,15.849787,0.00031933,0.0011879,308.43237,324.33722,6694.522,"spacetrack"
68826,"2026-08-27 12:50:58.228+00",0.00015226,15.850621,0.00035756,0.0012034,308.0938,324.2056,6694.2866,"spacetrack"
68826,"2026-08-28 17:38:14.087+00",0.00014673,15.851391,0.00034581,0.0012145,307.80328,324.06317,6694.0703,"spacetrack"
68826,"2026-08-29 22:25:23.849+00",0.00018198,15.852444,0.00043177,0.0012151,307.50308,323.7703,6693.774,"spacetrack"
68827,"2026-08-22 12:46:14.128+00",0.00013761,15.847462,0.00031931,0.0015695,306.53156,327.54773,6695.177,"spacetrack"
68827,"2026-08-23 20:35:41.278+00",0.00015253,15.848383,0.00035588,0.0015892,306.14056,327.41968,6694.917,"spacetrack"
68827,"2026-08-24 16:17:40.376+00",0.00015979,15.848988,0.00037407,0.0015963,305.92303,327.2967,6694.747,"spacetrack"
68827,"2026-08-25 11:59:36.713+00",0.00016204,15.8496,0.0003805,0.0015988,305.73404,327.1406,6694.574,"spacetrack"
68827,"2026-08-26 22:50:37.355+00",0.00014896,15.850658,0.00035137,0.0016027,305.4105,326.86832,6694.2764,"spacetrack"
68827,"2026-08-27 17:01:31.934+00",0.0001634,15.851195,0.00038673,0.0016084,305.22147,326.75513,6694.1255,"spacetrack"
68827,"2026-08-28 12:43:18.905+00",0.00013026,15.851637,0.00030847,0.0016192,305.025,326.70285,6694.001,"spacetrack"
68827,"2026-08-29 11:26:51.393+00",0.00017956,15.852415,0.00042793,0.0016308,304.72864,326.5611,6693.7817,"spacetrack"
68828,"2026-08-22 09:20:51.464+00",3.0913e-05,15.847624,7.062e-05,0.0016334,306.05798,327.92963,6695.131,"spacetrack"
68828,"2026-08-23 00:30:07.237+00",2.5489e-05,15.84812,5.811e-05,0.001608,306.08853,327.61963,6694.991,"spacetrack"
68828,"2026-08-24 12:52:14.77+00",2.7858e-05,15.849176,6.372e-05,0.0012671,308.07382,325.0395,6694.694,"spacetrack"
68828,"2026-08-25 07:03:14.791+00",3.2235e-05,15.849713,7.445e-05,0.0016338,305.46796,327.34305,6694.5425,"spacetrack"
68828,"2026-08-26 17:54:13.98+00",4.1255e-05,15.850517,9.606e-05,0.0016419,305.1878,327.1706,6694.3164,"spacetrack"
68828,"2026-08-27 18:08:45.27+00",4.2927e-05,15.851484,0.00010065,0.0017715,304.04834,327.76532,6694.044,"spacetrack"
68828,"2026-08-28 18:23:12.467+00",3.1821e-05,15.852215,7.058e-05,0.0022138,300.88223,330.51987,6693.838,"spacetrack"
68828,"2026-08-29 17:06:41.842+00",3.0741e-05,15.85297,7.208e-05,0.0016509,304.43808,326.5391,6693.6255,"spacetrack"
68829,"2026-08-22 12:00:04.937+00",0.00015641,15.8472,0.00036275,0.0015457,306.7643,327.462,6695.25,"spacetrack"
68829,"2026-08-23 22:51:24.562+00",0.00015169,15.8482685,0.00035352,0.0015497,306.43723,327.18756,6694.949,"spacetrack"
68829,"2026-08-24 12:29:43.036+00",0.00014162,15.848651,0.00033052,0.0015554,306.29135,327.11768,6694.8413,"spacetrack"
68829,"2026-08-25 06:40:45.801+00",0.00014833,15.849196,0.00034726,0.0015658,306.06848,327.03357,6694.688,"spacetrack"
68829,"2026-08-26 06:55:26.22+00",0.0001366,15.849859,0.00032067,0.0015809,305.7811,326.94775,6694.5015,"spacetrack"
68829,"2026-08-27 17:46:25.211+00",0.00017543,15.8509035,0.00041475,0.0015909,305.4206,326.7202,6694.2075,"spacetrack"
68829,"2026-08-28 18:00:56.335+00",0.00015696,15.851574,0.00037197,0.0015909,305.23203,326.53104,6694.0186,"spacetrack"
68829,"2026-08-29 16:44:28.841+00",0.00019233,15.852444,0.00045839,0.0015836,305.0365,326.23703,6693.774,"spacetrack"
69095,"2026-08-22 22:35:39.257+00",0.00049768,15.390295,0.00284439,0.0367687,197.9538,700.0021,6827.1147,"spacetrack"
69095,"2026-08-23 21:59:48.46+00",0.00052409,15.396174,0.00300663,0.0365244,197.9469,696.5325,6825.3765,"spacetrack"
69095,"2026-08-24 19:49:51.434+00",0.0005445,15.401893,0.00313641,0.0362887,197.92741,693.1729,6823.687,"spacetrack"
69095,"2026-08-25 19:12:56.545+00",0.00055734,15.408008,0.00321791,0.0360255,197.98306,689.5065,6821.882,"spacetrack"
69095,"2026-08-26 20:08:58.502+00",0.00053405,15.414204,0.00309466,0.0357651,197.99661,685.8364,6820.0537,"spacetrack"
69095,"2026-08-27 08:36:45.986+00",0.00055291,15.417232,0.00320747,0.0356345,198.02597,684.0207,6819.16,"spacetrack"
69095,"2026-08-28 18:52:22.962+00",0.00052089,15.426018,0.00299376,0.0351846,198.59549,678.2721,6816.571,"spacetrack"
69095,"2026-08-29 21:19:57.449+00",0.00057111,15.433895,0.0033706,0.0349757,197.78099,674.4474,6814.251,"spacetrack"
69237,"2026-08-22 14:33:32.34+00",0.0029266,16.028,0.01797064,0.0019212,253.90295,279.43497,6644.806,"spacetrack"
69237,"2026-08-23 14:28:10.011+00",0.0030717,16.071867,0.02347772,0.0018009,242.62749,266.51718,6632.7095,"spacetrack"
69237,"2026-08-24 05:22:30.074+00",0.0032764,16.110086,0.02793349,0.0016992,232.8253,255.33025,6622.215,"spacetrack"
69237,"2026-08-25 13:59:44.792+00",0.0024652,16.269287,0.08872399,0.0010745,193.7375,207.87566,6578.9434,"spacetrack"
69498,"2026-08-22 06:57:53.484+00",-0.0080319,15.732757,-0.00999177,0.0001085,348.81262,350.27252,6727.6797,"spacetrack"
69505,"2026-08-25 14:58:00.009+00",0.03812,15.729365,0.06350715,0.0018577,338.00958,363.0092,6728.6465,"spacetrack"
69505,"2026-08-26 03:09:37.184+00",0.03827,15.787225,0.08374329,0.0020977,319.97922,348.13956,6712.1963,"spacetrack"
69537,"2026-08-22 18:09:39.728+00",0.00051372,15.70175,0.00068753,0.0053224,322.54205,394.2511,6736.5337,"spacetrack"
69537,"2026-08-23 15:32:53.492+00",0.00059682,15.7032175,0.00080469,0.005272,322.46387,393.48944,6736.114,"spacetrack"
69537,"2026-08-25 13:22:17.523+00",0.00056673,15.706157,0.00077097,0.0051736,322.29068,391.98187,6735.2734,"spacetrack"
69537,"2026-08-26 10:45:10.268+00",0.00046978,15.707398,0.0006395,0.005123,322.27847,391.28445,6734.9185,"spacetrack"
69537,"2026-08-27 15:46:03.596+00",0.00061106,15.709096,0.00084051,0.0050717,322.14108,390.45114,6734.433,"spacetrack"
69537,"2026-08-28 22:18:22.594+00",0.00058866,15.710794,0.00081364,0.0050065,322.0972,389.5242,6733.9478,"spacetrack"
69537,"2026-08-29 15:06:03.469+00",0.00056605,15.711966,0.00078532,0.004982,321.92923,389.02295,6733.6133,"spacetrack"
69684,"2026-08-22 13:01:38.012+00",0.0014912,15.752702,0.00229165,0.0001681,342.73257,344.99252,6721.9995,"spacetrack"
69684,"2026-08-23 13:25:18.422+00",0.00066668,15.752286,0.00100657,0.0001484,342.9832,344.97833,6722.1177,"spacetrack"
69684,"2026-08-24 03:08:38.037+00",0.0011091,15.751714,0.00168492,0.0002835,342.23785,346.04938,6722.281,"spacetrack"
69684,"2026-08-25 12:41:10.917+00",0.0011695,15.752479,0.00178455,0.0002192,342.45245,345.3994,6722.063,"spacetrack"
69684,"2026-08-26 11:33:22.697+00",0.00087789,15.751887,0.00132861,0.0001216,343.27676,344.9116,6722.231,"spacetrack"
69684,"2026-08-27 11:57:03.257+00",0.0011965,15.752553,0.00182721,0.000143,342.9435,344.86603,6722.042,"spacetrack"
69684,"2026-08-28 07:46:17.326+00",0.0010141,15.752173,0.00154077,0.0001012,343.33243,344.693,6722.15,"spacetrack"
69684,"2026-08-29 03:35:31.643+00",0.0015027,15.752163,0.00230429,0.0002087,342.6128,345.4186,6722.153,"spacetrack"
69726,"2026-08-22 13:52:55.602+00",0.0019093,15.753201,0.00296434,0.0001407,342.77475,344.6663,6721.8574,"spacetrack"
69726,"2026-08-23 15:48:04.419+00",0.00098584,15.752251,0.00149747,5.97e-05,343.5894,344.39203,6722.128,"spacetrack"
69726,"2026-08-24 08:34:21.319+00",0.0021548,15.753904,0.0033721,8.65e-05,342.93893,344.10178,6721.657,"spacetrack"
69726,"2026-08-25 02:52:06.722+00",0.0015084,15.751816,0.00230968,0.0001448,343.14117,345.08795,6722.2515,"spacetrack"
69726,"2026-08-26 21:33:32.942+00",0.00010041,15.751844,0.0001487,0.0001318,343.22043,344.9924,6722.243,"spacetrack"
69726,"2026-08-27 09:45:23.149+00",0.0007699,15.752128,0.00116397,0.0001266,343.17487,344.87692,6722.163,"spacetrack"
69726,"2026-08-28 02:31:40.032+00",0.0011291,15.751798,0.00171641,0.0002649,342.33905,345.90048,6722.257,"spacetrack"
69726,"2026-08-29 21:13:05.409+00",0.0013186,15.752431,0.00201732,0.0001478,342.94604,344.9331,6722.0767,"spacetrack"
69727,"2026-08-22 14:37:38.699+00",0.001059,15.752549,0.00161293,0.0001346,343.00122,344.8108,6722.043,"spacetrack"
69727,"2026-08-23 15:01:19.871+00",0.0013089,15.751764,0.00199666,0.0003697,341.64386,346.6143,6722.266,"spacetrack"
69727,"2026-08-24 19:59:25.903+00",0.0012234,15.752187,0.00186619,9.02e-05,343.40256,344.61523,6722.146,"spacetrack"
69727,"2026-08-25 02:05:21.174+00",0.0010273,15.752318,0.00156216,0.0001219,343.15207,344.79092,6722.1084,"spacetrack"
69727,"2026-08-26 13:09:23.136+00",0.0012391,15.752155,0.00189052,5.91e-05,343.62073,344.41528,6722.155,"spacetrack"
69727,"2026-08-27 13:33:03.078+00",0.0014002,15.752905,0.00214997,0.0001469,342.81723,344.79214,6721.942,"spacetrack"
69727,"2026-08-28 01:44:54.111+00",0.0013129,15.752712,0.00201077,0.0001787,342.6583,345.06073,6721.9966,"spacetrack"
69727,"2026-08-29 20:26:19.507+00",0.0013259,15.752951,0.00203333,7.79e-05,343.26813,344.3154,6721.9287,"spacetrack"
69762,"2026-08-22 11:59:29.477+00",0.00092945,15.752383,0.00141119,0.000213,342.52115,345.38477,6722.09,"spacetrack"
69762,"2026-08-23 20:00:33.569+00",0.0016094,15.752595,0.0024777,0.0002038,342.52286,345.26276,6722.03,"spacetrack"
69762,"2026-08-24 11:15:21.649+00",0.0013376,15.752523,0.00204791,0.0001382,342.98428,344.84225,6722.0503,"spacetrack"
69762,"2026-08-25 02:30:09.282+00",0.0018377,15.751721,0.00283044,0.0001256,343.29712,344.98575,6722.2783,"spacetrack"
69762,"2026-08-26 12:02:42.804+00",0.00082407,15.752181,0.00124748,0.0001426,343.05206,344.96924,6722.1475,"spacetrack"
69762,"2026-08-27 10:54:54.608+00",0.0016279,15.752767,0.00250895,0.000187,342.58698,345.101,6721.981,"spacetrack"
69762,"2026-08-28 11:18:35.344+00",0.0016408,15.752746,0.00252916,0.0001736,342.68298,345.01685,6721.987,"spacetrack"
69762,"2026-08-29 19:19:38.775+00",0.0013675,15.752701,0.00209666,0.0002573,342.13315,345.5923,6721.9995,"spacetrack"
69792,"2026-08-22 14:30:34.725+00",0.00059553,15.8220415,0.00132425,0.0011062,316.79465,331.62292,6702.3457,"spacetrack"
69792,"2026-08-23 17:44:40.03+00",0.00090251,15.821821,0.00200935,0.0007275,319.395,329.147,6702.408,"spacetrack"
69792,"2026-08-24 16:26:44.129+00",0.00089865,15.818376,0.00197004,0.0009092,319.1494,331.33884,6703.3813,"spacetrack"
69792,"2026-08-28 14:20:12.332+00",0.00049,15.812717,0.00104611,0.0015036,316.76166,336.9249,6704.9805,"spacetrack"
69793,"2026-08-29 12:25:19.731+00",0.0006238,15.696779,0.00079962,0.0018654,347.2496,372.38757,6737.9556,"spacetrack"
69975,"2026-08-22 12:05:36.775+00",0.0010872,15.752446,0.00165599,0.0001354,343.02496,344.8453,6722.0723,"spacetrack"
69975,"2026-08-23 12:29:17.223+00",0.0015329,15.752798,0.00235854,0.0001323,342.9459,344.72452,6721.972,"spacetrack"
69975,"2026-08-24 11:21:29.052+00",0.0017215,15.752715,0.00265725,0.0001486,342.85974,344.85754,6721.9956,"spacetrack"
69975,"2026-08-25 11:45:09.011+00",0.0016804,15.753068,0.00259596,0.0001205,342.94843,344.5684,6721.8955,"spacetrack"
69975,"2026-08-26 12:08:50.404+00",0.0010834,15.752353,0.00164945,0.0001346,343.05707,344.86664,6722.0986,"spacetrack"
69975,"2026-08-27 12:32:30.684+00",0.001377,15.752915,0.00211355,0.0002465,342.14478,345.4587,6721.939,"spacetrack"
69975,"2026-08-28 11:24:42.797+00",0.0010884,15.752484,0.00165838,0.0002785,342.05222,345.79642,6722.0615,"spacetrack"
69975,"2026-08-29 19:25:45.019+00",0.0011595,15.752628,0.00177013,0.0002148,342.43942,345.3272,6722.0205,"spacetrack"
69976,"2026-08-22 12:03:03.644+00",0.0013772,15.752233,0.00210738,0.0001853,342.75037,345.24158,6722.133,"spacetrack"
69976,"2026-08-23 12:26:44.83+00",0.0011303,15.752144,0.00172082,0.0001536,342.98877,345.0538,6722.158,"spacetrack"
69976,"2026-08-24 11:18:56.614+00",0.0018572,15.752906,0.00287666,0.0001198,342.99924,344.60983,6721.9414,"spacetrack"
69976,"2026-08-25 11:42:37.082+00",0.0019074,15.752946,0.00295783,8.99e-05,343.18884,344.39746,6721.93,"spacetrack"
69976,"2026-08-26 12:06:17.935+00",0.0011088,15.752352,0.00168888,0.000102,343.27646,344.64777,6722.099,"spacetrack"
69976,"2026-08-27 12:29:58.189+00",0.0014444,15.752974,0.00222049,0.000239,342.17865,345.39172,6721.9224,"spacetrack"
69976,"2026-08-28 20:31:02.736+00",0.0015533,15.752708,0.00238988,6.87e-05,343.39883,344.32242,6721.9976,"spacetrack"
69976,"2026-08-29 11:45:50.078+00",0.0017489,15.753031,0.00270479,0.0001271,342.9145,344.6232,6721.906,"spacetrack"
69977,"2026-08-22 12:59:59.076+00",0.0017335,15.75304,0.00268038,0.0001909,342.483,345.0494,6721.9033,"spacetrack"
69977,"2026-08-23 13:23:39.678+00",-4.8561e-06,15.75262,-8.56e-06,0.0001312,343.00375,344.76764,6722.0225,"spacetrack"
69977,"2026-08-24 12:15:51.5+00",0.0014981,15.752665,0.00230204,0.000141,342.92523,344.82083,6722.0103,"spacetrack"
69977,"2026-08-25 12:39:31.732+00",0.0020002,15.752704,0.00310397,0.0001529,342.83426,344.88983,6721.999,"spacetrack"
69977,"2026-08-26 11:31:43.885+00",0.00086341,15.752193,0.00130809,0.00012,343.20032,344.81363,6722.144,"spacetrack"
69977,"2026-08-27 11:55:24.169+00",0.0011528,15.752468,0.00175841,0.000124,343.09543,344.7625,6722.066,"spacetrack"
69977,"2026-08-28 12:19:05.123+00",0.0016443,15.752822,0.00253569,0.000189,342.5578,345.0987,6721.9653,"spacetrack"
69977,"2026-08-29 11:11:16.203+00",0.0024014,15.75352,0.0037695,0.0002002,342.28412,344.9755,6721.7666,"spacetrack"
69978,"2026-08-22 12:11:12.028+00",0.000834,15.752399,0.00126399,0.0001679,342.81982,345.07712,6722.0854,"spacetrack"
69978,"2026-08-23 12:34:52.92+00",0.0010445,15.753341,0.00159598,0.0001205,342.8707,344.49066,6721.818,"spacetrack"
69978,"2026-08-24 11:27:04.406+00",0.0012152,15.75251,0.00185615,0.0001525,342.89188,344.9421,6722.054,"spacetrack"
69978,"2026-08-25 07:16:18.669+00",0.0013977,15.752604,0.00214317,0.0001588,342.82297,344.9579,6722.0273,"spacetrack"
69978,"2026-08-26 12:14:25.49+00",0.00098179,15.752349,0.00149187,0.0001588,342.89532,345.03027,6722.0996,"spacetrack"
69978,"2026-08-27 12:38:06.234+00",0.002053,15.753055,0.00319414,0.0001544,342.7243,344.80002,6721.8994,"spacetrack"
69978,"2026-08-28 06:55:51.851+00",0.0010927,15.752045,0.00166176,0.0001752,342.87158,345.22705,6722.1865,"spacetrack"
69978,"2026-08-29 11:53:57.571+00",0.001424,15.752832,0.00218671,0.000124,342.99173,344.65878,6721.9624,"spacetrack"
69979,"2026-08-22 12:25:56.312+00",0.0010289,15.752485,0.00156585,0.0001661,342.80746,345.04053,6722.061,"spacetrack"
69979,"2026-08-23 12:49:36.77+00",0.00079765,15.752365,0.00120786,0.000176,342.77502,345.1412,6722.095,"spacetrack"
69979,"2026-08-24 11:41:48.61+00",0.0010724,15.752305,0.00163207,0.0001001,343.30255,344.64832,6722.1123,"spacetrack"
69979,"2026-08-25 12:05:29.159+00",0.0013233,15.752526,0.00202542,0.0001292,343.04395,344.7809,6722.0493,"spacetrack"
69979,"2026-08-26 10:57:41.188+00",0.001402,15.752552,0.00214944,0.0001622,342.81488,344.9955,6722.042,"spacetrack"
69979,"2026-08-27 12:52:50.115+00",0.0016618,15.753091,0.00256654,0.000194,342.44763,345.05573,6721.8887,"spacetrack"
69979,"2026-08-28 19:22:25.873+00",0.001546,15.752761,0.00237898,0.0001923,342.55295,345.1382,6721.9824,"spacetrack"
69979,"2026-08-29 12:08:42.069+00",0.0011247,15.752517,0.00171495,0.0001299,343.04202,344.78842,6722.0522,"spacetrack"
69980,"2026-08-22 23:59:39.179+00",0.001267,15.752709,0.00193875,0.0001358,342.94745,344.77313,6721.997,"spacetrack"
69980,"2026-08-23 19:48:53.99+00",0.0015113,15.752483,0.00232118,0.000199,342.58698,345.26236,6722.0615,"spacetrack"
69980,"2026-08-25 11:27:22.481+00",0.00098113,15.752429,0.00149138,0.0001765,342.7537,345.1266,6722.077,"spacetrack"
69980,"2026-08-26 11:51:03.955+00",0.0010644,15.752187,0.00161896,0.000253,342.3083,345.7097,6722.146,"spacetrack"
69980,"2026-08-27 22:55:05.482+00",0.001201,15.753219,0.00183967,0.0002066,342.32666,345.10413,6721.8525,"spacetrack"
69980,"2026-08-28 11:06:55.44+00",0.00095919,15.752387,0.00145716,0.0001764,342.76636,345.1379,6722.0894,"spacetrack"
69980,"2026-08-29 11:30:35.399+00",0.0013915,15.752906,0.00213629,0.0001874,342.5447,345.0641,6721.9414,"spacetrack"
69981,"2026-08-22 12:55:55.012+00",0.00050283,15.752011,0.00075575,0.0001655,342.9463,345.17136,6722.196,"spacetrack"
69981,"2026-08-23 19:25:29.778+00",0.0013462,15.752069,0.00205728,0.0002114,342.62137,345.4635,6722.179,"spacetrack"
69981,"2026-08-24 12:11:47.486+00",0.0014099,15.752444,0.00216074,7.92e-05,343.4034,344.4682,6722.0728,"spacetrack"
69981,"2026-08-25 01:55:06.676+00",0.0012337,15.751685,0.00187817,0.0001487,343.1521,345.1513,6722.2886,"spacetrack"
69981,"2026-08-26 11:27:40.209+00",0.0010364,15.752286,0.001576,0.0001857,342.73248,345.22906,6722.1177,"spacetrack"
69981,"2026-08-27 11:51:20.504+00",0.0011074,15.752532,0.0016881,0.0001848,342.66867,345.15314,6722.048,"spacetrack"
69981,"2026-08-28 12:15:01.295+00",0.0011615,15.752415,0.00177155,0.0001503,342.9337,344.95435,6722.081,"spacetrack"
69981,"2026-08-29 01:58:19.882+00",0.0012253,15.75194,0.00186711,0.0001396,343.14093,345.01776,6722.2163,"spacetrack"
69982,"2026-08-22 12:49:49.31+00",0.00076039,15.752283,0.00115017,0.0001328,343.08902,344.87442,6722.1187,"spacetrack"
69982,"2026-08-23 13:13:29.796+00",0.00059688,15.752037,0.00089895,0.0001587,342.98474,345.11835,6722.1885,"spacetrack"
69982,"2026-08-24 19:43:05.608+00",0.0013345,15.7524,0.00204189,0.0001825,342.72134,345.1749,6722.085,"spacetrack"
69982,"2026-08-25 10:57:53.573+00",0.0012954,15.752564,0.00198213,0.000179,342.6983,345.10477,6722.0386,"spacetrack"
69982,"2026-08-26 11:21:34.273+00",0.00094611,15.75225,0.00143604,0.0001558,342.94373,345.03833,6722.128,"spacetrack"
69982,"2026-08-27 11:45:14.839+00",0.0010986,15.752617,0.00167537,0.0003401,341.6004,346.17273,6722.0234,"spacetrack"
69982,"2026-08-28 12:08:55.264+00",0.0010694,15.752338,0.00162769,0.000136,343.0517,344.8801,6722.103,"spacetrack"
69982,"2026-08-29 12:32:35.358+00",0.0019242,15.753686,0.00299485,0.0002188,342.11188,345.0533,6721.7197,"spacetrack"
69983,"2026-08-22 19:30:18.434+00",0.0013475,15.752312,0.0020616,0.0001854,342.72723,345.2198,6722.1104,"spacetrack"
69983,"2026-08-23 12:16:35.204+00",0.0016436,15.753474,0.00254186,0.0001184,342.84695,344.43866,6721.78,"spacetrack"
69983,"2026-08-24 11:08:46.825+00",0.0019636,15.752911,0.00304792,0.0001082,343.07584,344.5305,6721.94,"spacetrack"
69983,"2026-08-25 11:32:27.527+00",0.0011579,15.752462,0.00176624,0.0001906,342.64923,345.21167,6722.0674,"spacetrack"
69983,"2026-08-26 11:56:08.071+00",0.0013419,15.752563,0.00205506,0.0001295,343.0313,344.77234,6722.039,"spacetrack"
69983,"2026-08-27 13:51:17.391+00",0.0014015,15.752782,0.00215085,0.0001442,342.8703,344.80893,6721.9766,"spacetrack"
69983,"2026-08-28 02:03:07.246+00",0.00098473,15.751818,0.0014929,9.11e-05,343.50153,344.72632,6722.251,"spacetrack"
69983,"2026-08-29 11:35:40.351+00",0.0018249,15.753074,0.00282707,0.0001493,342.75296,344.76013,6721.8936,"spacetrack"
69984,"2026-08-22 12:22:24.859+00",0.001773,15.752678,0.00273898,0.0002006,342.52097,345.21783,6722.0063,"spacetrack"
69984,"2026-08-23 12:46:03.486+00",0.0015665,15.752971,0.00241371,0.0001629,342.6909,344.8809,6721.923,"spacetrack"
69984,"2026-08-24 19:15:39.116+00",0.0016234,15.752623,0.0025001,0.0001158,343.10645,344.66327,6722.022,"spacetrack"
69984,"2026-08-25 12:01:55.817+00",0.0012814,15.752599,0.00196049,0.0001475,342.9004,344.8834,6722.029,"spacetrack"
69984,"2026-08-26 12:25:36.506+00",0.0014989,15.752648,0.00230322,0.0001733,342.7127,345.04254,6722.0146,"spacetrack"
69984,"2026-08-27 11:17:48.293+00",0.0013899,15.752717,0.00213213,0.0002998,341.84277,345.8733,6721.995,"spacetrack"
69984,"2026-08-28 19:18:52.545+00",0.0018471,15.7536335,0.0028698,0.0001246,342.7599,344.43494,6721.7344,"spacetrack"
69984,"2026-08-29 12:05:08.553+00",0.0012785,15.752687,0.00195666,0.0001389,342.9328,344.80017,6722.0034,"spacetrack"
69985,"2026-08-22 12:36:06.214+00",0.0004613,15.752103,0.00069299,0.0001633,342.93518,345.13065,6722.17,"spacetrack"
69985,"2026-08-23 12:59:46.617+00",0.00064238,15.752228,0.00096917,0.0001481,343.0018,344.9929,6722.1343,"spacetrack"
69985,"2026-08-24 11:51:59.516+00",0.00047197,15.75141,0.00070701,9.97e-05,343.56,344.90042,6722.367,"spacetrack"
69985,"2026-08-25 03:06:46.826+00",0.000978,15.752922,0.00148975,0.000138,342.8721,344.72736,6721.9365,"spacetrack"
69985,"2026-08-26 01:58:58.454+00",0.0011626,15.751619,0.00176709,0.0002314,342.61478,345.72586,6722.307,"spacetrack"
69985,"2026-08-27 11:31:31.445+00",0.0012945,15.754037,0.00199357,0.0001354,342.57254,344.39273,6721.6196,"spacetrack"
69985,"2026-08-28 19:32:35.721+00",0.0014734,15.752656,0.00226309,0.0002264,342.3536,345.39734,6722.0127,"spacetrack"
69985,"2026-08-29 01:38:31.186+00",0.0012702,15.752154,0.00193916,0.0002475,342.35434,345.68182,6722.1553,"spacetrack"
69986,"2026-08-22 03:05:52.839+00",0.00080485,15.752203,0.00121805,0.0001291,343.13666,344.8723,6722.1416,"spacetrack"
69986,"2026-08-23 12:38:23.982+00",0.0011841,15.75316,0.00181274,0.0001236,342.90103,344.56268,6721.8687,"spacetrack"
69986,"2026-08-24 20:39:30.386+00",0.0011763,15.752266,0.0017934,0.0001213,343.17117,344.80194,6722.1235,"spacetrack"
69986,"2026-08-25 11:54:18.248+00",0.0013112,15.752562,0.00200687,0.0001173,343.1138,344.6908,6722.039,"spacetrack"
69986,"2026-08-26 12:17:59.139+00",0.0018385,15.752951,0.00284729,0.0001489,342.7908,344.7926,6721.9287,"spacetrack"
69986,"2026-08-27 11:10:10.852+00",0.0013358,15.75262,0.002046,0.000151,342.87082,344.90088,6722.023,"spacetrack"
69986,"2026-08-28 11:33:51.521+00",0.0010144,15.752269,0.00154179,0.0001342,343.0836,344.88782,6722.1226,"spacetrack"
69986,"2026-08-29 11:57:31.065+00",0.0011927,15.752743,0.00182273,0.000134,342.9501,344.75162,6721.988,"spacetrack"
69987,"2026-08-22 12:45:16.949+00",0.0015338,15.752209,0.00235383,0.000103,343.31042,344.6952,6722.1396,"spacetrack"
69987,"2026-08-23 19:14:50.277+00",0.0013233,15.752771,0.00202772,0.0001202,343.03458,344.6505,6721.9795,"spacetrack"
69987,"2026-08-24 12:01:06.708+00",0.0011995,15.752769,0.00183371,0.000156,342.79456,344.8918,6721.98,"spacetrack"
69987,"2026-08-25 01:44:24.919+00",0.0010427,15.751279,0.00157873,0.0001245,343.43042,345.1043,6722.4043,"spacetrack"
69987,"2026-08-26 11:16:59.805+00",0.0011849,15.752481,0.00180865,0.0002589,342.1848,345.6655,6722.062,"spacetrack"
69987,"2026-08-27 11:40:40.261+00",0.0015665,15.752658,0.00241029,0.0001672,342.75104,344.99887,6722.0117,"spacetrack"
69987,"2026-08-28 12:04:20.753+00",0.00088955,15.752297,0.00134899,0.0001408,343.03113,344.92407,6722.1147,"spacetrack"
69987,"2026-08-29 20:05:24.772+00",0.0016964,15.7523775,0.00261371,0.0003275,341.7532,346.1562,6722.092,"spacetrack"
69988,"2026-08-22 12:28:59.223+00",0.0015026,15.752893,0.00231157,0.0001745,342.63504,344.981,6721.945,"spacetrack"
69988,"2026-08-23 12:52:39.791+00",0.00058937,15.752005,0.00088736,0.0001128,343.30246,344.81897,6722.1978,"spacetrack"
69988,"2026-08-24 19:22:15.486+00",0.0016974,15.752996,0.00262221,0.0001266,342.92767,344.62967,6721.9155,"spacetrack"
69988,"2026-08-25 02:59:39.334+00",0.00085178,15.752261,0.00129057,0.0001398,343.048,344.9275,6722.1245,"spacetrack"
69988,"2026-08-26 12:32:12.678+00",0.00071904,15.751905,0.00108494,0.0001096,343.35233,344.82584,6722.226,"spacetrack"
69988,"2026-08-27 11:24:24.645+00",0.0012467,15.752687,0.00190696,0.0002544,342.1565,345.57666,6722.0034,"spacetrack"
69988,"2026-08-28 02:39:12.897+00",0.0018825,15.751807,0.00290307,0.0002779,342.2488,345.98505,6722.254,"spacetrack"
69988,"2026-08-29 12:11:45.319+00",0.001651,15.752882,0.00254694,0.0001746,342.63754,344.98483,6721.948,"spacetrack"
69989,"2026-08-22 12:19:50.429+00",0.0015011,15.75276,0.00230775,0.000142,342.89148,344.8005,6721.983,"spacetrack"
69989,"2026-08-23 12:43:30.901+00",0.0010598,15.752315,0.0016126,0.0001297,343.1008,344.8445,6722.11,"spacetrack"
69989,"2026-08-24 11:35:42.691+00",0.0017309,15.752795,0.00267326,0.000109,343.1031,344.56848,6721.9727,"spacetrack"
69989,"2026-08-25 11:59:23.317+00",0.0015454,15.752734,0.0023776,0.0001321,342.96533,344.74127,6721.99,"spacetrack"
69989,"2026-08-26 03:14:11.221+00",0.0015468,15.751861,0.00237067,0.000127,343.24792,344.95538,6722.239,"spacetrack"
69989,"2026-08-27 12:46:44.329+00",0.00071845,15.752054,0.00108475,0.000143,343.08545,345.008,6722.1836,"spacetrack"
69989,"2026-08-28 19:16:20.091+00",0.0013081,15.752497,0.00200145,0.0001654,342.80902,345.03268,6722.0576,"spacetrack"
69989,"2026-08-29 12:02:36.077+00",0.0010626,15.75253,0.00161847,0.0001145,343.14157,344.6809,6722.0483,"spacetrack"
69990,"2026-08-22 12:23:54.351+00",0.0011368,15.752643,0.00173472,0.0001732,342.71503,345.04352,6722.016,"spacetrack"
69990,"2026-08-23 12:47:34.84+00",0.0011313,15.752165,0.00172248,0.0001262,343.167,344.86368,6722.1523,"spacetrack"
69990,"2026-08-24 02:30:54.314+00",0.0011666,15.751604,0.00177326,0.0002419,342.54877,345.80103,6722.312,"spacetrack"
69990,"2026-08-25 12:03:27.227+00",0.0013676,15.752638,0.00209617,0.0001439,342.91342,344.84802,6722.0176,"spacetrack"
69990,"2026-08-26 01:46:46.559+00",0.0012048,15.752731,0.00184171,0.0001536,342.82162,344.88663,6721.991,"spacetrack"
69990,"2026-08-27 11:19:19.734+00",0.001666,15.752238,0.00256341,0.000156,342.94568,345.04297,6722.1313,"spacetrack"
69990,"2026-08-28 11:43:00.339+00",0.0017249,15.752753,0.00266315,0.0001336,342.94977,344.74588,6721.985,"spacetrack"
69990,"2026-08-29 12:06:40.146+00",0.0017585,15.75298,0.00271961,0.0001138,343.0183,344.54822,6721.9204,"spacetrack"
69991,"2026-08-22 12:13:12.946+00",0.0011059,15.752977,0.00168921,0.0001888,342.51508,345.05328,6721.9214,"spacetrack"
69991,"2026-08-23 22:00:02+00",0.00055767,15.751344,0.00083667,0.0001258,343.4031,345.09445,6722.3857,"spacetrack"
69991,"2026-08-24 16:00:02+00",-0.0006198,15.752202,-0.00091709,0.0001195,343.20142,344.808,6722.1416,"spacetrack"
69991,"2026-08-25 11:52:47.101+00",0.00119,15.752587,0.00181735,0.0001922,342.603,345.18692,6722.0317,"spacetrack"
69991,"2026-08-26 12:16:27.66+00",0.0017427,15.752736,0.00269147,9.71e-05,343.1999,344.5053,6721.9897,"spacetrack"
69991,"2026-08-27 11:08:39.285+00",0.001568,15.7527485,0.00241365,0.0001198,343.04385,344.65442,6721.9863,"spacetrack"
69991,"2026-08-28 06:57:53.705+00",0.0011263,15.752276,0.00171565,0.0001648,342.87567,345.09128,6722.1206,"spacetrack"
69991,"2026-08-29 19:33:23.793+00",0.0015312,15.752504,0.00235289,0.0002443,342.27646,345.56085,6722.0557,"spacetrack"
69992,"2026-08-22 12:31:00.98+00",0.00085621,15.752106,0.00129653,0.0001651,342.9223,345.14197,6722.169,"spacetrack"
69992,"2026-08-23 12:54:41.691+00",0.00082193,15.7524185,0.00124551,0.0001673,342.8184,345.0676,6722.08,"spacetrack"
69992,"2026-08-24 11:46:53.528+00",0.0015636,15.752692,0.00240606,0.0001031,343.17206,344.55814,6722.002,"spacetrack"
69992,"2026-08-25 12:10:34.174+00",0.0019646,15.7529125,0.00304952,0.0001181,343.0087,344.59644,6721.9395,"spacetrack"
69992,"2026-08-26 11:02:46.449+00",0.00097862,15.752461,0.00148824,0.0004274,341.0579,346.8039,6722.068,"spacetrack"
69992,"2026-08-27 12:57:55.136+00",0.00069255,15.752385,0.00104669,0.0002219,342.46082,345.44406,6722.0894,"spacetrack"
69992,"2026-08-28 11:50:07.052+00",0.0010434,15.752427,0.00158782,0.0001582,342.87708,345.00397,6722.0776,"spacetrack"
69992,"2026-08-29 19:51:11.054+00",0.0012458,15.752278,0.00190198,0.0001689,342.84766,345.11838,6722.12,"spacetrack"
69993,"2026-08-22 12:17:18.076+00",0.0013169,15.752606,0.00201618,0.0001481,342.89395,344.88504,6722.0264,"spacetrack"
69993,"2026-08-23 12:40:58.328+00",0.00090045,15.752148,0.00136494,0.0001756,342.8398,345.20062,6722.157,"spacetrack"
69993,"2026-08-24 11:33:10.335+00",0.0014601,15.752664,0.00224214,0.0001223,343.05133,344.69553,6722.0103,"spacetrack"
69993,"2026-08-25 11:56:51.006+00",0.00148,15.752924,0.00227655,0.0003622,341.36456,346.23395,6721.936,"spacetrack"
69993,"2026-08-26 12:20:31.583+00",0.0015331,15.752598,0.0023567,9.31e-05,343.26627,344.5179,6722.0293,"spacetrack"
69993,"2026-08-27 12:44:11.873+00",0.00044317,15.751904,0.0006649,0.0001378,343.16315,345.0158,6722.2266,"spacetrack"
69993,"2026-08-28 02:27:31.406+00",0.0010727,15.751656,0.00162797,0.0002222,342.6664,345.65378,6722.297,"spacetrack"
69993,"2026-08-29 19:37:27.796+00",0.0011507,15.752325,0.00175399,0.0001602,342.89288,345.04663,6722.107,"spacetrack"
69994,"2026-08-22 11:57:59.455+00",0.0011165,15.752674,0.0017035,0.0003001,341.8532,345.88776,6722.0073,"spacetrack"
69994,"2026-08-23 12:21:39.953+00",0.0015221,15.752789,0.00234133,0.0001507,342.8249,344.8509,6721.975,"spacetrack"
69994,"2026-08-24 12:45:20.362+00",0.0010947,15.751886,0.00166358,8.56e-05,343.5191,344.66995,6722.2314,"spacetrack"
69994,"2026-08-25 11:37:32.22+00",0.0011246,15.752409,0.001714,0.0001474,342.95486,344.93652,6722.0825,"spacetrack"
69994,"2026-08-26 12:01:12.792+00",0.0010688,15.75224,0.00162594,0.0001157,343.21597,344.77148,6722.131,"spacetrack"
69994,"2026-08-27 12:24:53.491+00",0.0013002,15.752615,0.00199005,0.0001602,342.81024,344.96396,6722.024,"spacetrack"
69994,"2026-08-28 02:08:12.268+00",0.0013871,15.751739,0.00211828,0.0001398,343.19672,345.07626,6722.2734,"spacetrack"
69994,"2026-08-29 19:18:09.029+00",0.0015883,15.752533,0.00244344,0.0001873,342.6514,345.16946,6722.0474,"spacetrack"
69995,"2026-08-22 12:39:10.311+00",0.0012225,15.752727,0.00186926,0.0001729,342.69305,345.01752,6721.992,"spacetrack"
69995,"2026-08-23 23:43:11.018+00",0.0014783,15.75278,0.0022719,0.0001215,343.02353,344.65698,6721.977,"spacetrack"
69995,"2026-08-24 19:32:25.328+00",0.0014884,15.752398,0.00228405,0.0002098,342.53864,345.35922,6722.086,"spacetrack"
69995,"2026-08-25 12:18:41.831+00",0.0011141,15.752467,0.00169812,0.0001648,342.82147,345.03708,6722.0664,"spacetrack"
69995,"2026-08-26 11:10:53.931+00",0.0013019,15.752383,0.00199062,0.0001083,343.22516,344.68115,6722.0903,"spacetrack"
69995,"2026-08-27 11:34:34.173+00",0.001856,15.752816,0.00287357,0.0001534,342.7987,344.86102,6721.967,"spacetrack"
69995,"2026-08-28 11:58:14.901+00",0.001173,15.7524605,0.00178976,0.0001313,343.0484,344.8136,6722.068,"spacetrack"
69995,"2026-08-29 19:59:18.841+00",0.0021405,15.754376,0.00335591,0.0002538,341.68015,345.09198,6721.523,"spacetrack"
69996,"2026-08-22 12:08:09.497+00",0.00064569,15.751872,0.00097271,0.0001393,343.16214,345.03494,6722.2354,"spacetrack"
69996,"2026-08-23 12:31:51.563+00",0.0010941,15.751985,0.00166334,0.0001174,343.27722,344.8556,6722.2036,"spacetrack"
69996,"2026-08-24 11:24:01.707+00",0.0014579,15.752578,0.00223775,0.0001935,342.59705,345.1985,6722.0347,"spacetrack"
69996,"2026-08-25 11:47:42.006+00",0.00078612,15.752241,0.00118947,0.0001382,343.06445,344.92242,6722.1304,"spacetrack"
69996,"2026-08-26 12:11:22.829+00",0.001318,15.752524,0.00201721,0.000145,342.93835,344.88776,6722.0503,"spacetrack"
69996,"2026-08-27 12:35:03.307+00",0.0017124,15.752778,0.00264361,0.0001746,342.6671,345.01443,6721.9775,"spacetrack"
69996,"2026-08-28 11:27:15.219+00",0.00092783,15.752219,0.00140763,0.0001732,342.83545,345.16397,6722.1367,"spacetrack"
69996,"2026-08-29 19:28:19.08+00",0.0012928,15.752139,0.00197432,0.0001198,343.21713,344.82776,6722.1597,"spacetrack"
69997,"2026-08-22 11:41:43.742+00",0.0014209,15.752684,0.0021805,0.0001544,342.82983,344.90558,6722.005,"spacetrack"
69997,"2026-08-23 19:42:48.012+00",0.0016246,15.752735,0.00250339,0.0001979,342.5228,345.18335,6721.99,"spacetrack"
69997,"2026-08-24 10:57:36.064+00",0.0013055,15.752566,0.00199797,0.0001608,342.82022,344.98203,6722.038,"spacetrack"
69997,"2026-08-25 12:52:45.132+00",0.0013546,15.752485,0.00207421,7.3e-05,343.43344,344.41486,6722.061,"spacetrack"
69997,"2026-08-26 11:44:57.676+00",0.0013161,15.752349,0.00201267,0.0001362,343.04736,344.87845,6722.1,"spacetrack"
69997,"2026-08-27 12:08:37.781+00",0.0011677,15.752741,0.00178369,0.0001498,342.84427,344.8582,6721.9883,"spacetrack"
69997,"2026-08-28 11:00:49.814+00",0.00099299,15.752365,0.0015094,0.0002393,342.34967,345.56686,6722.095,"spacetrack"
69997,"2026-08-29 14:27:27.134+00",0.0011067,15.7521715,0.00168439,0.0001575,342.95456,345.07205,6722.1504,"spacetrack"
69998,"2026-08-22 19:51:39.148+00",0.0011489,15.752937,0.00175592,0.0001955,342.4812,345.1095,6721.932,"spacetrack"
69998,"2026-08-23 21:46:48.003+00",0.001116,15.753569,0.00170924,9.99e-05,342.94437,344.28738,6721.753,"spacetrack"
69998,"2026-08-24 13:01:36.121+00",0.0015165,15.752746,0.00233205,4.85e-05,343.52405,344.1761,6721.9873,"spacetrack"
69998,"2026-08-25 07:19:21.63+00",0.00091707,15.75228,0.00139137,0.0001529,342.95468,345.0103,6722.1196,"spacetrack"
69998,"2026-08-26 12:17:28.71+00",0.0010806,15.75239,0.00164547,0.0001585,342.8857,345.0166,6722.0884,"spacetrack"
69998,"2026-08-27 11:09:40.367+00",0.0013716,15.752675,0.00210268,0.0001665,342.75095,344.98935,6722.0073,"spacetrack"
69998,"2026-08-28 11:33:20.922+00",0.00087564,15.752205,0.00132701,0.0001225,343.1803,344.82724,6722.1406,"spacetrack"
69998,"2026-08-29 11:57:00.694+00",0.0017485,15.753107,0.0027051,0.0001362,342.8317,344.66272,6721.8843,"spacetrack"
100001,"2026-08-22 11:51:02.751+00",0.00091786,15.729406,0.00126928,0.0003814,347.9315,353.0641,6728.635,"spacetrack"
100001,"2026-08-23 19:54:12.254+00",0.0017601,15.729852,0.00247549,0.0002874,348.43707,352.30463,6728.508,"spacetrack"
100001,"2026-08-24 11:09:59.164+00",0.00095341,15.729352,0.00131889,0.0003346,348.26178,352.76462,6728.6504,"spacetrack"
100001,"2026-08-25 11:35:14.705+00",0.00062357,15.729179,0.00085643,0.000288,348.6247,352.50043,6728.6997,"spacetrack"
100001,"2026-08-26 10:28:55.359+00",0.00082454,15.729237,0.00113741,0.000386,347.94888,353.1434,6728.683,"spacetrack"
100001,"2026-08-27 12:25:45.735+00",0.00091217,15.729371,0.0012609,0.0002936,348.5324,352.48346,6728.645,"spacetrack"
100001,"2026-08-28 18:57:20.391+00",0.0014038,15.729576,0.00195947,0.0002243,348.94003,351.95847,6728.5864,"spacetrack"
100001,"2026-08-29 10:13:06.449+00",0.0010794,15.729703,0.00149894,0.0003641,347.9632,352.86295,6728.5503,"spacetrack"
100002,"2026-08-22 05:35:34.303+00",0.00078027,15.729356,0.00107598,0.0003826,347.9377,353.08646,6728.649,"spacetrack"
100002,"2026-08-23 13:38:43.706+00",0.0011842,15.729402,0.00164521,0.0002826,348.59753,352.40057,6728.636,"spacetrack"
100002,"2026-08-24 11:00:49.698+00",0.0016997,15.729727,0.00238691,0.0003451,348.08426,352.7283,6728.5435,"spacetrack"
100002,"2026-08-25 11:26:05.38+00",0.0016154,15.729624,0.00226396,0.0002937,348.45966,352.41202,6728.5728,"spacetrack"
100002,"2026-08-26 11:51:20.842+00",0.00090516,15.729208,0.00125022,0.0003263,348.35886,352.75,6728.6914,"spacetrack"
100002,"2026-08-27 12:16:36.298+00",0.00099575,15.729432,0.00137893,0.0003002,348.47043,352.51028,6728.6274,"spacetrack"
100002,"2026-08-28 18:48:10.744+00",0.0014177,15.7295885,0.00197956,0.0002848,348.52936,352.36197,6728.5825,"spacetrack"
100002,"2026-08-29 11:35:32.067+00",0.00056058,15.729162,0.00076884,0.0002952,348.58093,352.55356,6728.704,"spacetrack"
100003,"2026-08-22 12:59:13.197+00",0.00053613,15.729249,0.00073524,0.0003375,348.27164,352.81348,6728.6797,"spacetrack"
100003,"2026-08-23 13:24:29.03+00",0.00082673,15.729215,0.00114016,0.0002706,348.7315,352.37308,6728.6895,"spacetrack"
100003,"2026-08-24 19:56:03.28+00",0.0016133,15.729715,0.00226178,0.0002848,348.4932,352.32578,6728.5464,"spacetrack"
100003,"2026-08-25 12:43:25.623+00",0.0010176,15.729313,0.00140898,0.0002316,348.9659,352.0826,6728.661,"spacetrack"
100003,"2026-08-26 11:37:06.102+00",0.00061947,15.729157,0.00085064,0.0002827,348.66653,352.47095,6728.7056,"spacetrack"
100003,"2026-08-27 12:02:21.307+00",0.00101,15.729556,0.00139988,0.0003619,348.02005,352.8902,6728.5923,"spacetrack"
100003,"2026-08-28 10:56:02.092+00",0.0008065,15.729362,0.00111272,0.0003727,348.00266,353.0182,6728.6475,"spacetrack"
100003,"2026-08-29 11:21:16.846+00",0.001703,15.7301035,0.00239543,0.0003104,348.21033,352.38736,6728.436,"spacetrack"
100004,"2026-08-22 12:25:38.773+00",0.0010269,15.729352,0.0014225,0.0003327,348.27454,352.7518,6728.6504,"spacetrack"
100004,"2026-08-23 12:50:53.943+00",0.00070062,15.729353,0.00096457,0.0003485,348.16815,352.858,6728.65,"spacetrack"
100004,"2026-08-24 19:22:28.762+00",0.0017463,15.729771,0.00245467,0.0002808,348.50452,352.28323,6728.531,"spacetrack"
100004,"2026-08-25 10:38:15.799+00",0.00093417,15.729353,0.00129183,0.0003453,348.18964,352.83646,6728.65,"spacetrack"
100004,"2026-08-26 11:03:31.143+00",0.0010408,15.729538,0.0014435,0.0004316,347.55606,353.3642,6728.597,"spacetrack"
100004,"2026-08-27 11:28:46.766+00",0.00046766,15.729541,0.00064112,0.0003212,348.29807,352.6205,6728.596,"spacetrack"
100004,"2026-08-28 10:22:27.85+00",0.0016141,15.729551,0.00226134,0.0002984,348.44855,352.46417,6728.5933,"spacetrack"
100004,"2026-08-29 18:25:36.132+00",0.0009586,15.729377,0.00132633,0.0003329,348.26608,352.74603,6728.643,"spacetrack"
100005,"2026-08-22 13:40:10.648+00",0.00092489,15.72937,0.00127882,0.0003232,348.33344,352.68283,6728.645,"spacetrack"
100005,"2026-08-23 12:33:51.544+00",0.00057705,15.729255,0.00079204,0.0003019,348.5096,352.5724,6728.678,"spacetrack"
100005,"2026-08-24 11:27:32.414+00",0.00097051,15.72935,0.00134293,0.0003201,348.3598,352.66748,6728.651,"spacetrack"
100005,"2026-08-25 11:52:47.605+00",0.0012063,15.729682,0.00167883,0.0003441,348.10388,352.7345,6728.556,"spacetrack"
100005,"2026-08-26 12:18:03.542+00",0.00086778,15.729151,0.00119746,0.0003213,348.40878,352.73264,6728.7075,"spacetrack"
100005,"2026-08-27 17:18:02.36+00",0.00097751,15.729611,0.00135459,0.0004333,347.5238,353.3548,6728.576,"spacetrack"
100005,"2026-08-28 11:36:59.71+00",0.0013697,15.729604,0.0019111,0.0003365,348.17728,352.7056,6728.5786,"spacetrack"
100005,"2026-08-29 18:08:33.637+00",0.0014093,15.729579,0.00196743,0.0002667,348.65387,352.2429,6728.5854,"spacetrack"
100006,"2026-08-22 13:27:42.881+00",0.0012351,15.729626,0.00171945,0.0003666,347.96844,352.90186,6728.5723,"spacetrack"
100006,"2026-08-23 19:59:17.186+00",0.00099326,15.729397,0.00137525,0.0003146,348.38367,352.6173,6728.6377,"spacetrack"
100006,"2026-08-24 12:46:40.053+00",0.00047835,15.728557,0.00065314,0.0002941,348.7612,352.71912,6728.877,"spacetrack"
100006,"2026-08-25 11:40:20.519+00",0.0010803,15.729751,0.00150028,0.0002098,348.98798,351.81128,6728.5366,"spacetrack"
100006,"2026-08-26 12:05:35.573+00",0.00095335,15.729339,0.0013186,0.0002633,348.7454,352.2887,6728.654,"spacetrack"
100006,"2026-08-27 10:59:16.585+00",0.0014515,15.729446,0.0020267,0.0002407,348.86682,352.106,6728.6235,"spacetrack"
100006,"2026-08-28 11:24:31.931+00",0.00093684,15.729216,0.00129469,0.0002757,348.69714,352.40735,6728.6895,"spacetrack"
100006,"2026-08-29 10:18:11.993+00",0.0017007,15.729895,0.00238997,0.0003299,348.1388,352.57825,6728.4956,"spacetrack"
100007,"2026-08-22 13:05:04.319+00",0.00068735,15.7293005,0.00094581,0.000329,348.3143,352.74176,6728.665,"spacetrack"
100007,"2026-08-23 19:36:38.745+00",0.0016714,15.729808,0.0023467,0.000304,348.33783,352.42877,6728.5205,"spacetrack"
100007,"2026-08-24 10:52:26.029+00",0.0013396,15.729509,0.00186752,0.0003728,347.96005,352.9769,6728.6055,"spacetrack"
100007,"2026-08-25 11:17:41.532+00",0.0015422,15.729563,0.00215814,0.0003388,348.17358,352.73288,6728.5903,"spacetrack"
100007,"2026-08-26 11:42:57.028+00",0.00049677,15.729177,0.00068044,0.0003229,348.39035,352.73575,6728.7,"spacetrack"
100007,"2026-08-27 10:36:39.152+00",0.001637,15.72917,0.00229048,0.0002926,348.5965,352.53412,6728.702,"spacetrack"
100007,"2026-08-28 09:30:18.593+00",0.0010612,15.729888,0.00147432,0.0003142,348.24622,352.4744,6728.497,"spacetrack"
100007,"2026-08-29 11:27:08.269+00",0.0012907,15.7295885,0.00179819,0.0003072,348.37888,352.5129,6728.583,"spacetrack"
100008,"2026-08-22 12:42:11.411+00",0.00092956,15.729257,0.00128471,0.0002951,348.55478,352.52606,6728.6772,"spacetrack"
100008,"2026-08-23 13:07:26.312+00",0.00094498,15.7294,0.0013072,0.0002868,348.56995,352.42947,6728.6367,"spacetrack"
100008,"2026-08-24 10:29:30.914+00",0.0010575,15.72968,0.00146793,0.0004149,347.62796,353.2113,6728.5566,"spacetrack"
100008,"2026-08-25 10:54:47.767+00",0.001211,15.729517,0.00168433,0.0003682,347.98868,352.94363,6728.603,"spacetrack"
100008,"2026-08-26 11:20:03.37+00",0.0010017,15.729485,0.00138779,0.0003834,347.8956,353.0551,6728.6123,"spacetrack"
100008,"2026-08-27 11:45:18.739+00",0.00057006,15.729247,0.00078235,0.0003446,348.22455,352.86194,6728.68,"spacetrack"
100008,"2026-08-28 18:16:53.892+00",0.00078709,15.729073,0.00108403,0.0002933,348.61935,352.56644,6728.73,"spacetrack"
100008,"2026-08-29 11:04:14.97+00",0.0016277,15.729938,0.00228479,0.0002571,348.6164,352.07617,6728.4834,"spacetrack"
100009,"2026-08-22 12:39:23.279+00",0.00069277,15.729053,0.00095228,0.0002808,348.7091,352.48798,6728.7354,"spacetrack"
100009,"2026-08-23 13:04:38.626+00",0.0007876,15.729267,0.00108566,0.0002887,348.5948,352.47992,6728.6743,"spacetrack"
100009,"2026-08-24 10:26:44.279+00",0.0013301,15.729447,0.00185338,0.0003367,348.22058,352.75165,6728.623,"spacetrack"
100009,"2026-08-25 10:52:00.004+00",0.00088385,15.729394,0.00122133,0.0003516,348.13544,352.86703,6728.638,"spacetrack"
100009,"2026-08-26 11:17:15.616+00",0.0012828,15.729396,0.00178551,0.0003285,348.29044,352.71115,6728.6377,"spacetrack"
100009,"2026-08-27 11:42:30.996+00",0.0008303,15.729348,0.00114588,0.0003153,348.39276,352.63586,6728.6514,"spacetrack"
100009,"2026-08-28 10:36:11.812+00",0.0009796,15.729388,0.00135603,0.0003526,348.13028,352.8753,6728.6396,"spacetrack"
100009,"2026-08-29 18:39:20.518+00",0.0011298,15.729463,0.00156856,0.0002886,348.5398,352.42355,6728.6187,"spacetrack"
100010,"2026-08-22 11:59:11.417+00",0.0014749,15.7296915,0.00206251,0.0003152,348.29565,352.53732,6728.5537,"spacetrack"
100010,"2026-08-23 12:24:27.073+00",0.00099893,15.729275,0.00138246,0.0002891,348.59,352.48053,6728.6724,"spacetrack"
100010,"2026-08-24 11:18:07.482+00",0.0015857,15.729754,0.00222257,0.0003678,347.92377,352.87326,6728.5356,"spacetrack"
100010,"2026-08-25 11:43:22.981+00",0.0012589,15.729625,0.00175337,0.0003617,348.00162,352.86905,6728.5723,"spacetrack"
100010,"2026-08-26 12:08:38.643+00",0.00090288,15.7293415,0.00124774,0.0003229,348.34357,352.68893,6728.6533,"spacetrack"
100010,"2026-08-27 11:02:19.615+00",0.0022332,15.729662,0.00316507,0.000328,348.21793,352.63187,6728.562,"spacetrack"
100010,"2026-08-28 11:27:35.288+00",0.00085619,15.7292,0.00118135,0.0002589,348.81448,352.2986,6728.6934,"spacetrack"
100010,"2026-08-29 11:52:50.168+00",0.0012503,15.729615,0.00174082,0.0003144,348.3226,352.55353,6728.575,"spacetrack"
100011,"2026-08-22 12:05:32.643+00",0.0010994,15.729643,0.0015271,0.0004132,347.6501,353.21057,6728.5674,"spacetrack"
100011,"2026-08-23 20:08:41.9+00",0.0010058,15.729475,0.00139335,0.0003059,348.41983,352.5364,6728.615,"spacetrack"
100011,"2026-08-24 11:24:29.322+00",0.00097118,15.729291,0.0013436,0.0003572,348.12704,352.93402,6728.6675,"spacetrack"
100011,"2026-08-25 11:49:44.619+00",0.00098734,15.729406,0.00136703,0.0003488,348.15082,352.84473,6728.635,"spacetrack"
100011,"2026-08-26 10:43:25.664+00",0.00079973,15.729187,0.00110233,0.0003357,348.3014,352.81906,6728.6973,"spacetrack"
100011,"2026-08-27 11:08:41.286+00",0.0010398,15.7291765,0.00143944,0.0002901,348.61127,352.51526,6728.7,"spacetrack"
100011,"2026-08-28 11:33:56.574+00",0.0014656,15.729605,0.00204851,0.0003458,348.11444,352.76794,6728.578,"spacetrack"
100011,"2026-08-29 18:05:30.335+00",0.0013476,15.729593,0.00187936,0.0002824,348.54434,352.34464,6728.5815,"spacetrack"
100012,"2026-08-22 12:14:11.897+00",0.00095712,15.729373,0.00132416,0.0002956,348.51825,352.49622,6728.644,"spacetrack"
100012,"2026-08-23 12:39:27.476+00",0.00075812,15.729277,0.00104446,0.0002819,348.63788,352.43152,6728.672,"spacetrack"
100012,"2026-08-24 11:33:08.281+00",0.0013192,15.729522,0.00183834,0.0003348,348.212,352.71747,6728.6016,"spacetrack"
100012,"2026-08-25 11:58:23.665+00",0.0011754,15.729367,0.00163279,0.0003744,347.98972,353.02814,6728.646,"spacetrack"
100012,"2026-08-26 12:23:39.288+00",0.00093529,15.729322,0.00129316,0.0003064,348.45993,352.58325,6728.6587,"spacetrack"
100012,"2026-08-27 15:52:03.512+00",0.0011211,15.72938,0.00155627,0.0004797,347.2775,353.73297,6728.642,"spacetrack"
100012,"2026-08-28 11:42:35.239+00",0.00091838,15.7294655,0.00127022,0.000337,348.21347,352.74857,6728.618,"spacetrack"
100012,"2026-08-29 10:36:15.799+00",0.0012191,15.729548,0.00169592,0.000302,348.42523,352.48932,6728.594,"spacetrack"
100013,"2026-08-22 12:31:14.331+00",0.00075709,15.729403,0.00104376,0.0003838,347.91632,353.0812,6728.6357,"spacetrack"
100013,"2026-08-23 12:56:29.815+00",0.00060306,15.729267,0.0008283,0.00035,348.1825,352.89255,6728.6743,"spacetrack"
100013,"2026-08-24 11:50:10.835+00",0.00098398,15.729271,0.00136143,0.0003199,348.38397,352.689,6728.6733,"spacetrack"
100013,"2026-08-25 12:15:26.134+00",0.0010465,15.7295885,0.00145172,0.0003624,348.0073,352.8842,6728.5825,"spacetrack"
100013,"2026-08-26 12:40:42.19+00",0.0009983,15.7292,0.0013811,0.0002715,348.72955,352.38324,6728.6934,"spacetrack"
100013,"2026-08-27 11:34:22.771+00",0.00079081,15.729237,0.00108997,0.0002658,348.7577,352.33466,6728.683,"spacetrack"
100013,"2026-08-28 10:28:01.73+00",-0.00061579,15.729206,-0.00083361,0.0003347,348.30283,352.807,6728.692,"spacetrack"
100013,"2026-08-29 18:31:11.675+00",0.00096418,15.729469,0.00133481,0.0003728,347.9715,352.98834,6728.6167,"spacetrack"
100014,"2026-08-22 13:02:16.498+00",0.0014437,15.729753,0.00201843,0.0003483,348.05542,352.74252,6728.536,"spacetrack"
100014,"2026-08-23 19:33:50.94+00",0.0016935,15.729759,0.00237812,0.0002888,348.45383,352.3402,6728.534,"spacetrack"
100014,"2026-08-24 19:59:06.709+00",0.0015943,15.72969,0.00223399,0.0002258,348.8976,351.93622,6728.5537,"spacetrack"
100014,"2026-08-25 12:46:28.415+00",0.0006393,15.729221,0.00087847,0.0002909,348.5931,352.50787,6728.6875,"spacetrack"
100014,"2026-08-26 11:40:09.502+00",0.00088297,15.729234,0.00121913,0.000279,348.6697,352.42432,6728.684,"spacetrack"
100014,"2026-08-27 10:33:49.989+00",0.0019546,15.729832,0.00275859,0.0003272,348.17496,352.5781,6728.5137,"spacetrack"
100014,"2026-08-28 10:59:05.508+00",0.00098043,15.729258,0.00135634,0.000311,348.44745,352.6327,6728.6772,"spacetrack"
100014,"2026-08-29 11:24:20.463+00",0.0013143,15.729534,0.00183144,0.0003223,348.29257,352.62982,6728.598,"spacetrack"
100015,"2026-08-22 13:07:52.267+00",0.00074276,15.72933,0.00102329,0.0003253,348.3306,352.70828,6728.6562,"spacetrack"
100015,"2026-08-23 19:39:26.697+00",0.0011497,15.729495,0.00159699,0.0003003,348.4518,352.49304,6728.6094,"spacetrack"
100015,"2026-08-24 10:55:13.988+00",0.0017255,15.729726,0.0024242,0.0003523,348.03625,352.77716,6728.544,"spacetrack"
100015,"2026-08-25 11:20:29.499+00",0.0017251,15.729765,0.00242404,0.0003332,348.15363,352.63754,6728.5327,"spacetrack"
100015,"2026-08-26 11:45:44.896+00",0.00055583,15.729165,0.00076231,0.0003371,348.2983,352.8348,6728.7036,"spacetrack"
100015,"2026-08-27 12:11:00.498+00",0.0012274,15.729581,0.00170815,0.0003831,347.87024,353.0257,6728.585,"spacetrack"
100015,"2026-08-28 12:36:15.868+00",0.0011767,15.729457,0.00163517,0.0003425,348.1788,352.78793,6728.6206,"spacetrack"
100015,"2026-08-29 11:29:56.384+00",0.0010206,15.729428,0.00141388,0.00029,348.54022,352.44284,6728.6284,"spacetrack"
100016,"2026-08-22 12:44:58.742+00",0.00095138,15.729294,0.00131566,0.0003155,348.40686,352.65265,6728.667,"spacetrack"
100016,"2026-08-23 11:38:39.451+00",0.0014796,15.729633,0.00206879,0.0003289,348.22,352.64606,6728.57,"spacetrack"
100016,"2026-08-24 19:41:48.804+00",0.0010562,15.729358,0.00146372,0.0002221,349.01712,352.00598,6728.6484,"spacetrack"
100016,"2026-08-25 10:57:35.734+00",0.0016087,15.729701,0.00225517,0.0003324,348.17706,352.6502,6728.551,"spacetrack"
100016,"2026-08-26 11:22:51.384+00",0.00067944,15.72913,0.00093407,0.0003183,348.43478,352.71826,6728.7134,"spacetrack"
100016,"2026-08-27 11:48:06.75+00",0.00058799,15.729206,0.00080707,0.0003044,348.50674,352.60318,6728.692,"spacetrack"
100016,"2026-08-28 18:19:41.211+00",0.00115,15.729566,0.00159797,0.0002899,348.50177,352.403,6728.5894,"spacetrack"
100016,"2026-08-29 18:44:56.083+00",0.0011578,15.729579,0.00160913,0.0002772,348.58328,352.31363,6728.5854,"spacetrack"
100017,"2026-08-22 13:19:19.082+00",0.00079266,15.729353,0.00109316,0.0003076,348.44327,352.58273,6728.65,"spacetrack"
100017,"2026-08-23 19:50:53.646+00",0.0015576,15.729688,0.00218123,0.0002845,348.5032,352.33176,6728.5547,"spacetrack"
100017,"2026-08-24 11:06:40.849+00",0.0017175,15.729646,0.00241185,0.000352,348.061,352.7979,6728.5664,"spacetrack"
100017,"2026-08-25 11:31:56.418+00",0.0012575,15.7294035,0.00174945,0.0002836,348.59036,352.40683,6728.6357,"spacetrack"
100017,"2026-08-26 11:57:12.034+00",0.001204,15.729318,0.00167291,0.0003197,348.3719,352.6742,6728.66,"spacetrack"
100017,"2026-08-27 12:22:27.672+00",0.0012641,15.72943,0.00175911,0.0003295,348.274,352.70816,6728.628,"spacetrack"
100017,"2026-08-28 11:16:08.126+00",0.00071004,15.729267,0.00097727,0.0002898,348.58737,352.4873,6728.6743,"spacetrack"
100017,"2026-08-29 10:09:48.154+00",0.001266,15.729709,0.00176386,0.0003113,348.31683,352.506,6728.5483,"spacetrack"
100018,"2026-08-22 05:32:46.618+00",0.00058492,15.729309,0.00080349,0.0004938,347.20282,353.84805,6728.6626,"spacetrack"
100018,"2026-08-23 19:42:14.568+00",0.0014386,15.729714,0.00201056,0.0002985,348.40137,352.4183,6728.547,"spacetrack"
100018,"2026-08-24 10:58:01.725+00",0.0016258,15.729725,0.00228026,0.0003797,347.85205,352.9617,6728.544,"spacetrack"
100018,"2026-08-25 11:23:17.433+00",0.0012208,15.729501,0.001698,0.000307,348.40506,352.5364,6728.608,"spacetrack"
100018,"2026-08-26 11:48:33.006+00",0.00090539,15.729244,0.00125075,0.0003247,348.35904,352.72864,6728.6807,"spacetrack"
100018,"2026-08-27 10:42:13.787+00",0.0015418,15.729556,0.00215733,0.0003207,348.29706,352.6128,6728.592,"spacetrack"
100018,"2026-08-28 18:45:22.725+00",0.0011008,15.729458,0.00152754,0.0003119,348.38446,352.5818,6728.62,"spacetrack"
100018,"2026-08-29 03:54:50.44+00",0.00093834,15.729694,0.00129985,0.0004381,347.46777,353.36334,6728.5527,"spacetrack"
100019,"2026-08-22 13:16:31.235+00",0.0011752,15.729649,0.00163449,0.0003629,347.98688,352.87048,6728.566,"spacetrack"
100019,"2026-08-23 12:10:12.29+00",0.0012182,15.729433,0.00169384,0.0002906,348.53488,352.44556,6728.6274,"spacetrack"
100019,"2026-08-24 12:35:27.372+00",0.00072598,15.7293215,0.00099981,0.0003242,348.34045,352.7033,6728.6587,"spacetrack"
100019,"2026-08-25 11:29:08.577+00",0.0012274,15.729323,0.00170606,0.0002788,348.64536,352.39728,6728.658,"spacetrack"
100019,"2026-08-26 11:54:23.854+00",0.0007664,15.729296,0.0010562,0.0003375,348.25824,352.8001,6728.666,"spacetrack"
100019,"2026-08-27 10:48:04.842+00",0.001597,15.729668,0.00223781,0.0003,348.40457,352.4417,6728.56,"spacetrack"
100019,"2026-08-28 11:13:19.89+00",0.00077361,15.7295265,0.00106752,0.0004174,347.65506,353.2721,6728.6006,"spacetrack"
100019,"2026-08-29 11:38:35.132+00",0.0011653,15.7295475,0.00161959,0.0003047,348.40714,352.50754,6728.594,"spacetrack"
100020,"2026-08-22 12:53:37.272+00",0.00087273,15.729552,0.0012065,0.0003354,348.1994,352.71295,6728.5933,"spacetrack"
100020,"2026-08-23 11:47:19.249+00",0.0026123,15.729392,0.00372309,0.0001983,349.16745,351.83603,6728.6387,"spacetrack"
100020,"2026-08-24 10:40:58.926+00",0.00095087,15.729368,0.00131553,0.0003895,347.8879,353.12955,6728.6455,"spacetrack"
100020,"2026-08-25 15:40:58.605+00",0.0015112,15.729665,0.00211445,0.0003224,348.25467,352.59326,6728.561,"spacetrack"
100020,"2026-08-26 11:31:30.114+00",0.00096373,15.729357,0.00133357,0.0003873,347.90594,353.11795,6728.649,"spacetrack"
100020,"2026-08-27 11:56:45.45+00",0.0013525,15.729703,0.00188733,0.000322,348.24655,352.57974,6728.5503,"spacetrack"
100020,"2026-08-28 10:50:26.646+00",0.00069124,15.729117,0.00095041,0.0002845,348.66583,352.49448,6728.7173,"spacetrack"
100020,"2026-08-29 11:15:41.352+00",0.0011519,15.72953,0.00160048,0.0003359,348.2023,352.72256,6728.5996,"spacetrack"
100021,"2026-08-22 12:28:26.481+00",0.0011611,15.729431,0.00161294,0.0003514,348.12616,352.85504,6728.6274,"spacetrack"
100021,"2026-08-23 12:53:41.887+00",0.00064224,15.729255,0.00088276,0.0003385,348.2632,352.81854,6728.6777,"spacetrack"
100021,"2026-08-24 11:47:22.566+00",0.00083103,15.729396,0.00114729,0.0003843,347.91498,353.0866,6728.6377,"spacetrack"
100021,"2026-08-25 10:41:03.619+00",0.0010189,15.729414,0.00141155,0.0003125,348.3929,352.59833,6728.633,"spacetrack"
100021,"2026-08-26 11:06:19.266+00",0.0012457,15.729385,0.00173266,0.0003362,348.24155,352.7659,6728.6406,"spacetrack"
100021,"2026-08-27 11:31:34.783+00",0.0010313,15.729273,0.00142817,0.000326,348.34225,352.72934,6728.673,"spacetrack"
100021,"2026-08-28 11:56:50.48+00",0.001065,15.729225,0.00147536,0.0002638,348.77426,352.3243,6728.6865,"spacetrack"
100021,"2026-08-29 10:50:30.479+00",0.0018528,15.729787,0.00260953,0.0002797,348.5072,352.27115,6728.5264,"spacetrack"
100022,"2026-08-22 12:36:34.659+00",0.00072374,15.729435,0.00099716,0.0003192,348.3418,352.63736,6728.6265,"spacetrack"
100022,"2026-08-23 11:30:15.735+00",0.001222,15.729488,0.00169973,0.000357,348.0722,352.87643,6728.6113,"spacetrack"
100022,"2026-08-24 11:55:31.356+00",0.0012101,15.729233,0.00168076,0.0002912,348.58792,352.5067,6728.684,"spacetrack"
100022,"2026-08-25 12:20:46.795+00",0.0007046,15.729225,0.0009695,0.0002867,348.6203,352.47852,6728.6865,"spacetrack"
100022,"2026-08-26 11:14:28.058+00",0.0012703,15.72919,0.00176607,0.0003073,348.49164,352.6271,6728.6963,"spacetrack"
100022,"2026-08-27 11:39:43.044+00",0.0011588,15.729516,0.00161005,0.0003074,348.398,352.53476,6728.6035,"spacetrack"
100022,"2026-08-28 10:33:23.844+00",0.00094644,15.729382,0.00130928,0.0003515,348.13968,352.86993,6728.6416,"spacetrack"
100022,"2026-08-29 10:58:38.787+00",0.0014807,15.729755,0.00207134,0.0002998,348.381,352.41544,6728.535,"spacetrack"
100023,"2026-08-22 12:02:14.435+00",0.0007649,15.729385,0.00105447,0.0003141,348.3903,352.61722,6728.6406,"spacetrack"
100023,"2026-08-23 20:05:23.407+00",0.0014954,15.729701,0.00209204,0.0003209,348.25464,352.57303,6728.551,"spacetrack"
100023,"2026-08-24 11:21:10.806+00",0.0017374,15.729704,0.0024412,0.0003536,348.0337,352.7921,6728.55,"spacetrack"
100023,"2026-08-25 16:21:10.149+00",0.00068748,15.729363,0.00094631,0.0003698,348.0216,352.9981,6728.647,"spacetrack"
100023,"2026-08-26 10:40:06.971+00",0.00083073,15.729374,0.00114673,0.0003724,348.00122,353.0127,6728.644,"spacetrack"
100023,"2026-08-27 11:05:22.772+00",0.0013531,15.729482,0.00188629,0.0002877,348.54047,352.4121,6728.6133,"spacetrack"
100023,"2026-08-28 11:30:38.291+00",0.00086479,15.729268,0.00119382,0.0002931,348.565,352.50934,6728.6743,"spacetrack"
100023,"2026-08-29 10:24:18.202+00",0.0012405,15.729644,0.00172732,0.0003707,347.9356,352.92416,6728.567,"spacetrack"
100024,"2026-08-22 12:17:15.376+00",0.00091166,15.729264,0.00125965,0.0003178,348.39975,352.67648,6728.6753,"spacetrack"
100024,"2026-08-23 20:20:23.919+00",0.0011906,15.729536,0.00165551,0.0003392,348.1783,352.74298,6728.5977,"spacetrack"
100024,"2026-08-24 11:36:11.446+00",0.0012942,15.729478,0.00180236,0.0003169,348.34512,352.6097,6728.6143,"spacetrack"
100024,"2026-08-25 19:39:21.193+00",0.001731,15.730032,0.00243533,0.0003213,348.15735,352.48108,6728.456,"spacetrack"
100024,"2026-08-26 12:26:44.345+00",0.0010015,15.729219,0.0013858,0.0003252,348.36285,352.7392,6728.688,"spacetrack"
100024,"2026-08-27 18:58:16.507+00",0.0013211,15.729593,0.00184172,0.0003373,348.17487,352.714,6728.5815,"spacetrack"
100024,"2026-08-28 11:45:38.635+00",0.00073681,15.729246,0.00101465,0.0003475,348.20532,352.88177,6728.6807,"spacetrack"
100024,"2026-08-29 18:17:12.882+00",0.0016738,15.729723,0.00234909,0.0002305,348.8566,351.95847,6728.5444,"spacetrack"
100025,"2026-08-22 12:47:47.871+00",0.0009087,15.729054,0.00125437,0.0003266,348.4006,352.7958,6728.7354,"spacetrack"
100025,"2026-08-23 11:41:27.485+00",0.001355,15.729461,0.00188897,0.0003122,348.3816,352.58295,6728.619,"spacetrack"
100025,"2026-08-24 10:35:08.052+00",0.00089608,15.729572,0.00123947,0.0003478,348.11014,352.79053,6728.5874,"spacetrack"
100025,"2026-08-25 11:00:23.59+00",0.0014718,15.729584,0.00205713,0.0003303,348.22473,352.66965,6728.584,"spacetrack"
100025,"2026-08-26 11:25:39.078+00",0.00084362,15.72924,0.00116415,0.0003803,347.98605,353.10388,6728.682,"spacetrack"
100025,"2026-08-27 11:50:54.533+00",0.00061098,15.729237,0.00083915,0.0003137,348.4353,352.6569,6728.683,"spacetrack"
100025,"2026-08-28 18:22:29.071+00",0.0011702,15.729441,0.00162577,0.0002999,348.47006,352.5059,6728.625,"spacetrack"
100025,"2026-08-29 18:47:43.757+00",0.00097565,15.729457,0.00135082,0.0003429,348.17615,352.79065,6728.6206,"spacetrack"
100026,"2026-08-22 12:11:24.121+00",0.0014014,15.729503,0.00195546,0.0002973,348.46994,352.47076,6728.6074,"spacetrack"
100026,"2026-08-23 12:36:39.908+00",0.00070478,15.729119,0.00096927,0.000268,348.7762,352.38278,6728.7163,"spacetrack"
100026,"2026-08-24 11:30:20.472+00",0.0013107,15.72945,0.00182555,0.000301,348.45987,352.5105,6728.622,"spacetrack"
100026,"2026-08-25 11:55:35.517+00",0.001235,15.729638,0.00171953,0.0004108,347.66766,353.19586,6728.569,"spacetrack"
100026,"2026-08-26 12:20:51.243+00",0.00043064,15.7291,0.00058873,0.0003338,348.3391,352.83118,6728.722,"spacetrack"
100026,"2026-08-27 17:20:50.559+00",0.00087084,15.729329,0.00120282,0.0003939,347.86935,353.1702,6728.6567,"spacetrack"
100026,"2026-08-28 11:39:47.605+00",0.0011602,15.729461,0.0016117,0.0003335,348.23816,352.72617,6728.619,"spacetrack"
100026,"2026-08-29 10:33:27.706+00",0.0017463,15.729869,0.00245587,0.0003406,348.07413,352.6576,6728.503,"spacetrack"
100027,"2026-08-22 12:20:03.927+00",0.00096455,15.728746,0.00133096,0.0002726,348.85162,352.52017,6728.8228,"spacetrack"
100027,"2026-08-23 12:45:17.925+00",0.00079978,15.730209,0.00110719,0.0002888,348.32568,352.212,6728.406,"spacetrack"
100027,"2026-08-24 19:16:52.661+00",0.0010351,15.729419,0.00143432,0.0003032,348.45398,352.5342,6728.631,"spacetrack"
100027,"2026-08-25 10:32:39.784+00",0.0014755,15.729704,0.00206359,0.0003633,347.9684,352.8574,6728.55,"spacetrack"
100027,"2026-08-26 12:29:30.188+00",0.00095402,15.729367,0.00131991,0.0003672,348.03815,352.97968,6728.646,"spacetrack"
100027,"2026-08-27 11:23:10.965+00",0.0012987,15.729435,0.00180848,0.0003363,348.22684,352.7525,6728.6265,"spacetrack"
100027,"2026-08-28 10:16:51.574+00",0.0011879,15.72951,0.00165147,0.0003729,347.9591,352.9773,6728.605,"spacetrack"
100027,"2026-08-29 15:16:50.384+00",0.0012176,15.72975,0.00169555,0.0004073,347.65933,353.1404,6728.537,"spacetrack"
100083,"2026-08-22 14:15:18.624+00",0.00028378,15.927288,0.00098942,0.0018727,282.1543,307.14655,6672.7876,"spacetrack"
100083,"2026-08-23 20:24:36.355+00",0.00029467,15.929801,0.00104053,0.0018578,281.55328,306.3441,6672.086,"spacetrack"
100083,"2026-08-24 20:31:50.14+00",0.00030355,15.931845,0.00108314,0.0018509,281.02966,305.72626,6671.515,"spacetrack"
100083,"2026-08-25 22:09:18.902+00",0.00047507,15.934254,0.00171445,0.0018447,280.3999,305.0113,6670.843,"spacetrack"
100083,"2026-08-26 23:46:35.086+00",0.00048329,15.936367,0.00176307,0.0018295,279.91254,304.319,6670.253,"spacetrack"
100083,"2026-08-27 20:52:24.899+00",0.00050003,15.938197,0.00184129,0.0018172,279.48495,303.72546,6669.742,"spacetrack"
100083,"2026-08-28 19:28:30.522+00",0.00029635,15.939821,0.00110206,0.0018081,279.0934,303.2109,6669.289,"spacetrack"
100083,"2026-08-29 22:35:34.63+00",0.00048434,15.9429,0.00182829,0.0018064,278.24756,302.33926,6668.43,"spacetrack"
100085,"2026-08-22 22:29:02.995+00",0.00022251,15.814798,0.0004426,0.0006322,322.01648,330.4935,6704.392,"spacetrack"
100085,"2026-08-23 21:16:35.376+00",-0.00091466,15.796536,-0.00163655,0.001071,324.23517,338.60703,6709.558,"spacetrack"
100085,"2026-08-24 23:08:54.999+00",6.6284e-05,15.772341,0.00010893,0.0005328,334.70294,341.86,6716.4185,"spacetrack"
100085,"2026-08-25 17:25:34.628+00",-0.0012247,15.762618,-0.001873,0.0005511,337.3399,344.7458,6719.1797,"spacetrack"
100085,"2026-08-26 19:21:03.266+00",0.00040746,15.736226,0.00057329,0.0008033,343.1499,353.957,6726.6904,"spacetrack"
100085,"2026-08-27 18:15:29.02+00",-0.00067884,15.719401,-0.000874,0.0009997,346.62305,360.082,6731.4897,"spacetrack"
100086,"2026-08-22 14:32:30.139+00",0.00026635,15.797921,0.0004902,0.0003036,328.9921,333.06592,6709.166,"spacetrack"
100086,"2026-08-23 22:27:52.872+00",0.00028227,15.799233,0.00052274,0.0002998,328.6464,332.669,6708.795,"spacetrack"
100086,"2026-08-24 22:47:06.445+00",0.00027487,15.800287,0.00051143,0.000302,328.3335,332.38544,6708.4966,"spacetrack"
100086,"2026-08-25 20:04:31.659+00",-0.00057497,15.789231,-0.0009997,0.0006934,328.8366,338.1443,6711.6274,"spacetrack"
100086,"2026-08-26 20:24:58.689+00",-0.0015612,15.783742,-0.0026024,0.0007097,330.28217,339.81088,6713.1836,"spacetrack"
100086,"2026-08-27 19:14:56.564+00",0.00013785,15.777112,0.00023118,0.0007578,331.83847,342.0158,6715.064,"spacetrack"
100086,"2026-08-28 19:36:14.204+00",0.00027149,15.777865,0.00045737,0.0007729,331.52347,341.9033,6714.8506,"spacetrack"
100086,"2026-08-29 23:00:04.288+00",0.00043747,15.779221,0.00074334,0.000752,331.27975,341.37833,6714.466,"spacetrack"
100087,"2026-08-22 18:48:02.314+00",-0.0022913,15.792518,-0.00391065,0.0004768,329.35977,335.7591,6710.6963,"spacetrack"
100087,"2026-08-23 22:11:32.152+00",0.00056175,15.781971,0.00096687,0.0001054,334.8412,336.25644,6713.686,"spacetrack"
100087,"2026-08-24 21:00:49.156+00",0.0078028,15.797179,0.01629789,0.0007792,326.01138,336.4673,6709.3765,"spacetrack"
100087,"2026-08-25 19:51:21.96+00",-0.0022644,15.77129,-0.00353001,0.0004826,335.33817,341.82114,6716.717,"spacetrack"
100087,"2026-08-26 18:41:55.228+00",3.4601e-05,15.770321,5.665e-05,0.0005387,335.23633,342.4732,6716.9917,"spacetrack"
100087,"2026-08-27 20:35:24.8+00",-0.0020129,15.763448,-0.00305478,0.0008976,334.77615,346.83798,6718.944,"spacetrack"
100087,"2026-08-28 20:58:36.687+00",0.00056881,15.755448,0.00087225,0.0008521,337.35406,348.80835,6721.2183,"spacetrack"
100087,"2026-08-29 21:22:00.617+00",-0.0017017,15.752394,-0.00247741,0.0009401,337.63077,350.26965,6722.0874,"spacetrack"
100088,"2026-08-22 19:01:42.438+00",0.00045936,15.727367,0.00062274,0.0008095,345.6321,356.5267,6729.2163,"spacetrack"
100088,"2026-08-23 22:30:50.92+00",0.00029117,15.728132,0.0003952,0.0008068,345.43204,356.28995,6728.998,"spacetrack"
100088,"2026-08-24 19:53:27.222+00",0.0002794,15.72879,0.00038023,0.0008034,345.26758,356.07944,6728.8105,"spacetrack"
100088,"2026-08-25 20:19:41.546+00",-0.0021793,15.71957,-0.00274876,0.0009627,346.82385,359.78458,6731.4414,"spacetrack"
100088,"2026-08-26 16:11:33.777+00",-0.00075998,15.716156,-0.00096332,0.0008294,348.69522,359.86295,6732.416,"spacetrack"
100089,"2026-08-22 14:10:19.522+00",0.00028182,15.929157,0.00099134,0.0018209,281.9787,306.27774,6672.265,"spacetrack"
100089,"2026-08-23 20:19:24.311+00",0.00045714,15.931939,0.00162804,0.0017776,281.49225,305.21072,6671.4883,"spacetrack"
100089,"2026-08-24 23:27:19.639+00",0.00029921,15.934065,0.00107909,0.0017905,280.8139,304.70236,6670.895,"spacetrack"
100089,"2026-08-25 20:33:19.456+00",0.00030461,15.935903,0.00110911,0.0017892,280.3108,304.18008,6670.3823,"spacetrack"
100089,"2026-08-26 20:40:00.17+00",0.00029051,15.937933,0.00106919,0.0017809,279.80063,303.55716,6669.816,"spacetrack"
100089,"2026-08-27 19:16:05.62+00",0.00061158,15.94036,0.00227494,0.0017658,279.2254,302.77814,6669.1387,"spacetrack"
100089,"2026-08-28 19:22:24.624+00",0.00072604,15.942628,0.00273316,0.0017823,278.48404,302.2546,6668.5063,"spacetrack"
100089,"2026-08-29 22:29:16.393+00",0.00030753,15.944805,0.00117289,0.0017492,278.09866,301.42563,6667.899,"spacetrack"
100090,"2026-08-22 18:48:00.287+00",-0.0028366,15.724893,-0.00361941,0.0008042,346.37308,357.19748,6729.9224,"spacetrack"
100091,"2026-08-22 18:47:53.69+00",0.0016342,15.724628,0.00222912,0.0007414,346.87115,356.8504,6729.9976,"spacetrack"
100091,"2026-08-23 20:45:48.56+00",-0.0041051,15.7175,-0.00500479,0.0010184,347.03958,360.75137,6732.0327,"spacetrack"
100091,"2026-08-24 19:41:19.187+00",0.00024274,15.714092,0.00031038,0.0008157,349.37634,360.36057,6733.0054,"spacetrack"
100091,"2026-08-25 00:16:28.121+00",-0.00057387,15.712417,-0.00071831,0.0009099,349.22058,361.47418,6733.4844,"spacetrack"
100092,"2026-08-22 14:46:09.808+00",0.0002645,15.881022,0.00072251,0.0011173,300.13385,315.07382,6685.7407,"spacetrack"
100092,"2026-08-23 21:00:45.56+00",0.00029724,15.883019,0.00081941,0.0011035,299.6662,314.4204,6685.18,"spacetrack"
100092,"2026-08-24 19:41:33.295+00",0.00031594,15.884601,0.00087744,0.0010867,299.3354,313.86398,6684.737,"spacetrack"
100092,"2026-08-25 19:52:56.146+00",0.00028698,15.886062,0.00080307,0.0010825,298.95416,313.42575,6684.327,"spacetrack"
100092,"2026-08-26 21:34:52.13+00",0.00027166,15.887653,0.00076644,0.001087,298.47806,313.00882,6683.8804,"spacetrack"
100092,"2026-08-27 20:15:16.198+00",0.00029882,15.889067,0.00084874,0.0010983,298.00653,312.6875,6683.484,"spacetrack"
100092,"2026-08-28 20:26:13.981+00",0.00032016,15.890628,0.00091617,0.0010994,297.56204,312.25674,6683.0464,"spacetrack"
100092,"2026-08-29 22:07:41.604+00",0.00052189,15.893319,0.00151006,0.0010081,297.41852,310.89136,6682.292,"spacetrack"
100093,"2026-08-22 18:52:48.289+00",-0.0002141,15.815118,-0.00042046,0.0003088,324.0945,328.23508,6704.302,"spacetrack"
100093,"2026-08-23 22:12:50.579+00",-0.00086759,15.81196,-0.00165801,0.0003016,325.03497,329.07956,6705.1943,"spacetrack"
100093,"2026-08-24 19:29:45.676+00",-0.0013712,15.790678,-0.00236014,0.0003007,331.06262,335.09872,6711.218,"spacetrack"
100093,"2026-08-25 19:51:08.291+00",-0.0025271,15.766705,-0.00386487,0.001188,331.9008,347.8628,6718.019,"spacetrack"
100093,"2026-08-26 17:11:33.115+00",0.0001813,15.74946,0.00026916,0.0005983,340.76242,348.80707,6722.922,"spacetrack"
100093,"2026-08-27 17:37:07.467+00",-0.0015027,15.722762,-0.00193523,0.0006242,348.19217,356.59454,6730.5303,"spacetrack"
100093,"2026-08-28 19:36:10.799+00",-0.00036985,15.709706,-0.00045897,0.0009427,349.77335,362.47012,6734.259,"spacetrack"
100093,"2026-08-29 13:56:53.51+00",0.00032208,15.709828,0.00040512,0.0009624,349.6059,362.56793,6734.224,"spacetrack"
100094,"2026-08-22 18:54:21.326+00",-0.0029194,15.771277,-0.00450833,0.0007736,333.3871,343.7792,6716.72,"spacetrack"
100094,"2026-08-23 22:19:25.437+00",-0.00038899,15.764252,-0.0006083,0.0008384,334.9457,346.21164,6718.716,"spacetrack"
100094,"2026-08-24 19:39:13.982+00",4.3152e-05,15.762841,6.831e-05,0.0007906,335.66736,346.29163,6719.1167,"spacetrack"
100094,"2026-08-25 20:01:51.233+00",0.00028265,15.7635355,0.00044697,0.0007792,335.54688,346.01764,6718.9194,"spacetrack"
100094,"2026-08-26 20:24:23.43+00",0.00026223,15.764367,0.00041609,0.0007773,335.32358,345.76843,6718.683,"spacetrack"
100094,"2026-08-27 19:15:26.95+00",0.00032169,15.765213,0.00051273,0.0007751,335.09818,345.5131,6718.443,"spacetrack"
100094,"2026-08-28 19:37:50.308+00",0.00024699,15.765943,0.00039454,0.0007671,334.9448,345.25192,6718.2354,"spacetrack"
100094,"2026-08-29 21:31:51.345+00",-0.0010089,15.761511,-0.0015424,0.0007249,336.4867,346.22864,6719.4946,"spacetrack"
100096,"2026-08-22 18:53:45.768+00",-0.00099497,15.7269535,-0.00131274,0.0004672,348.0535,354.34137,6729.3345,"spacetrack"
100097,"2026-08-22 18:46:38.226+00",0.00018473,15.779273,0.00031354,0.0011099,328.8617,343.76642,6714.451,"spacetrack"
100097,"2026-08-23 22:10:58.74+00",0.00020794,15.770596,0.0003396,0.00109,331.4554,346.09827,6716.914,"spacetrack"
100097,"2026-08-24 22:32:58.714+00",-0.0010682,15.768014,-0.00168138,0.0010447,332.49194,346.5278,6717.647,"spacetrack"
100097,"2026-08-25 19:52:28.421+00",0.00032822,15.767192,0.00052844,0.0009883,333.10428,346.38284,6717.8804,"spacetrack"
100097,"2026-08-26 20:14:54.516+00",-0.0021255,15.761843,-0.00319608,0.0008088,335.8288,346.6981,6719.4004,"spacetrack"
100097,"2026-08-27 17:35:41.32+00",-0.00089505,15.743923,-0.00127267,0.0008778,340.45828,352.26382,6724.498,"spacetrack"
100097,"2026-08-28 11:56:52.644+00",0.00036872,15.722967,0.00048972,0.0006637,347.86758,356.8016,6730.4717,"spacetrack"
100097,"2026-08-29 21:28:39.169+00",-0.0016521,15.73492,-0.00223663,0.0009291,342.67578,355.176,6727.063,"spacetrack"
100098,"2026-08-22 19:36:47.14+00",0.00029623,15.82089,0.00060635,0.0003852,321.9519,327.11563,6702.671,"spacetrack"
100098,"2026-08-23 22:57:33.96+00",0.00031421,15.801559,0.00058835,0.0002475,328.339,331.65952,6708.136,"spacetrack"
100098,"2026-08-24 17:12:19.896+00",-0.0013159,15.787907,-0.00224013,0.000325,331.68448,336.04727,6712.003,"spacetrack"
100098,"2026-08-25 20:36:35.863+00",-0.0019813,15.762911,-0.0029925,0.0002554,339.2436,342.67572,6719.0967,"spacetrack"
100098,"2026-08-26 19:29:07.431+00",0.00042916,15.736047,0.00060245,0.0002121,347.178,350.0315,6726.7417,"spacetrack"
100102,"2026-08-22 12:29:31.822+00",-1.585e-06,15.751634,-3.66e-06,0.0002798,342.28537,346.04718,6722.303,"spacetrack"
100102,"2026-08-23 22:02:04.771+00",-4.6649e-05,15.751961,-7.084e-05,0.0001528,343.04614,345.10046,6722.2104,"spacetrack"
100102,"2026-08-24 11:45:25.771+00",-0.0011608,15.749915,-0.0016856,0.0004168,341.85333,347.45746,6722.7925,"spacetrack"
100102,"2026-08-25 22:49:25.704+00",-0.0001046,15.751758,-0.00015694,0.0001809,342.915,345.3471,6722.268,"spacetrack"
100102,"2026-08-26 21:41:38.088+00",-0.00028381,15.751189,-0.00042124,0.0001388,343.3598,345.22595,6722.4297,"spacetrack"
100102,"2026-08-27 22:05:17.599+00",0.00017618,15.751957,0.00026237,0.0001607,342.99402,345.15454,6722.2114,"spacetrack"
100102,"2026-08-28 22:28:59.225+00",0.00018487,15.751748,0.00027515,9.92e-05,343.46692,344.8006,6722.271,"spacetrack"
100102,"2026-08-29 22:52:38.027+00",0.00028127,15.752119,0.00042073,0.0002165,342.5729,345.4836,6722.165,"spacetrack"
100103,"2026-08-22 05:43:56.991+00",0.00011606,15.752009,0.00017225,0.0001479,343.06534,345.05377,6722.197,"spacetrack"
100103,"2026-08-23 22:53:54.153+00",8.3279e-05,15.751936,0.00012312,0.0001503,343.06998,345.0907,6722.2173,"spacetrack"
100103,"2026-08-24 21:46:07.562+00",-0.00039223,15.75087,-0.0005798,0.0001339,343.48352,345.2838,6722.5205,"spacetrack"
100103,"2026-08-25 11:29:28.278+00",-0.00093996,15.749593,-0.00136761,0.0002276,343.21686,346.27713,6722.884,"spacetrack"
100103,"2026-08-26 11:53:06.01+00",4.7711e-05,15.751829,6.99e-05,0.0001629,343.0156,345.20572,6722.2476,"spacetrack"
100103,"2026-08-27 22:57:07.829+00",1.3934e-05,15.751796,1.948e-05,0.0001576,343.06085,345.1797,6722.2573,"spacetrack"
100103,"2026-08-28 21:49:19.379+00",6.2853e-05,15.751939,9.257e-05,0.0001205,343.26956,344.88962,6722.217,"spacetrack"
100103,"2026-08-29 11:32:38.149+00",4.7025e-05,15.7519455,6.891e-05,0.0001334,343.18076,344.97424,6722.2144,"spacetrack"
100104,"2026-08-22 09:52:58.67+00",0.00015623,15.752312,0.00023277,9.23e-05,343.35306,344.59396,6722.1104,"spacetrack"
100104,"2026-08-23 23:59:58.281+00",0.00090454,15.7525,0.00137333,0.0001112,343.17255,344.66754,6722.057,"spacetrack"
100104,"2026-08-24 21:20:41.572+00",0.0020205,15.752947,0.00314006,0.0001333,342.8967,344.68875,6721.9297,"spacetrack"
100104,"2026-08-25 21:44:22.117+00",0.0016443,15.752761,0.00253493,0.000117,343.05927,344.63223,6721.983,"spacetrack"
100104,"2026-08-26 11:27:41.063+00",0.0010399,15.752286,0.00158139,0.0001077,343.25668,344.70465,6722.1177,"spacetrack"
100104,"2026-08-27 10:19:52.379+00",0.0019996,15.753107,0.00310861,9.69e-05,343.09592,344.39862,6721.8843,"spacetrack"
100104,"2026-08-28 21:23:55.044+00",0.001674,15.753179,0.00258703,0.0002578,341.9939,345.4597,6721.864,"spacetrack"
100104,"2026-08-29 23:19:03.95+00",0.001541,15.752165,0.00236471,0.0001967,342.693,345.3375,6722.1523,"spacetrack"
100105,"2026-08-22 12:32:37.938+00",-0.00036378,15.750324,-0.00053691,0.0002252,343.02484,346.05273,6722.676,"spacetrack"
100105,"2026-08-23 20:33:38.355+00",0.0014577,15.752502,0.00223671,9.29e-05,343.29468,344.54364,6722.056,"spacetrack"
100105,"2026-08-24 22:28:47.795+00",0.0014608,15.752711,0.00224365,8.01e-05,343.32132,344.3982,6721.9966,"spacetrack"
100105,"2026-08-25 21:20:59.606+00",0.0020207,15.752914,0.00314,0.0001737,342.63428,344.96948,6721.939,"spacetrack"
100105,"2026-08-26 23:16:09.517+00",0.00090296,15.751532,0.00136508,0.0001374,343.27164,345.11893,6722.332,"spacetrack"
100105,"2026-08-27 22:08:20.119+00",0.0019321,15.752622,0.00299332,8.97e-05,343.28223,344.48816,6722.022,"spacetrack"
100105,"2026-08-28 10:20:11.193+00",0.0017751,15.75256,0.00274109,4.59e-05,343.59442,344.2115,6722.04,"spacetrack"
100105,"2026-08-29 22:55:41.298+00",0.0028655,15.753678,0.00454304,0.0001638,342.48364,344.68567,6721.7217,"spacetrack"
100106,"2026-08-22 05:09:24.075+00",0.00020352,15.75196,0.00030344,0.000201,342.7225,345.42484,6722.2104,"spacetrack"
100106,"2026-08-23 23:50:49.416+00",0.0010009,15.752648,0.00152345,0.0001347,342.97223,344.7831,6722.0146,"spacetrack"
100106,"2026-08-24 10:31:11.217+00",0.001191,15.7523575,0.00181697,0.000118,343.16733,344.75375,6722.0977,"spacetrack"
100106,"2026-08-25 21:35:13.277+00",0.0020812,15.752975,0.00323864,0.0001751,342.6075,344.96152,6721.9214,"spacetrack"
100106,"2026-08-26 11:18:32.528+00",0.0019631,15.75305,0.00304886,0.0001968,342.44064,345.08636,6721.9004,"spacetrack"
100106,"2026-08-27 23:54:03.144+00",0.00085117,15.751926,0.00128773,0.0001284,343.21997,344.94623,6722.22,"spacetrack"
100106,"2026-08-28 10:34:24.89+00",0.0011272,15.752442,0.0017182,9.34e-05,343.30844,344.56412,6722.073,"spacetrack"
100106,"2026-08-29 23:09:54.376+00",0.0011523,15.753149,0.00176336,0.0003729,341.2288,346.24194,6721.8726,"spacetrack"
100107,"2026-08-22 15:09:36.221+00",1.0315e-05,15.75179,1.408e-05,0.0001771,342.93124,345.31226,6722.259,"spacetrack"
100107,"2026-08-23 23:10:40.098+00",0.0011539,15.752507,0.00176034,0.0001283,343.05533,344.7802,6722.0547,"spacetrack"
100107,"2026-08-24 22:02:52.412+00",0.0013767,15.752864,0.00211271,0.0003134,341.70975,345.92307,6721.9536,"spacetrack"
100107,"2026-08-25 23:58:00.845+00",0.0010251,15.752182,0.00155792,0.0001866,342.756,345.26474,6722.1475,"spacetrack"
100107,"2026-08-26 12:09:51.781+00",0.0012711,15.752793,0.00194615,0.0003122,341.73776,345.93497,6721.973,"spacetrack"
100107,"2026-08-27 23:13:54.002+00",0.0011675,15.753415,0.00178876,0.0001282,342.7977,344.52118,6721.7964,"spacetrack"
100107,"2026-08-28 11:25:44.49+00",0.0011723,15.752209,0.00178668,0.00015,342.9944,345.01102,6722.1396,"spacetrack"
100107,"2026-08-29 11:49:24.551+00",0.0024645,15.753318,0.00386994,0.000121,342.87375,344.50046,6721.824,"spacetrack"
100108,"2026-08-22 12:20:53.052+00",5.1922e-05,15.751955,7.623e-05,0.0001305,343.1976,344.9521,6722.212,"spacetrack"
100108,"2026-08-23 23:24:54.564+00",5.1032e-05,15.751967,7.491e-05,0.0001615,342.98566,345.15692,6722.2085,"spacetrack"
100108,"2026-08-24 11:36:48.745+00",-0.00062289,15.749936,-0.00091277,0.0001629,343.5541,345.74442,6722.786,"spacetrack"
100108,"2026-08-25 12:00:24.76+00",0.00031973,15.752632,0.00047982,0.0001992,342.5432,345.22128,6722.019,"spacetrack"
100108,"2026-08-26 21:32:59.049+00",0.0015985,15.752587,0.00246031,0.0001387,342.96268,344.82736,6722.032,"spacetrack"
100108,"2026-08-27 00:35:56.585+00",0.0015191,15.752263,0.0023311,0.000113,343.2277,344.7469,6722.1245,"spacetrack"
100108,"2026-08-28 23:51:48.425+00",0.00091206,15.752136,0.00138276,0.0001515,343.00497,345.04178,6722.16,"spacetrack"
100109,"2026-08-22 07:37:17.173+00",8.7931e-06,15.751795,1.181e-05,0.0001603,343.0428,345.19797,6722.2573,"spacetrack"
100109,"2026-08-23 23:15:45.86+00",0.0011871,15.752587,0.00181282,9.93e-05,343.22754,344.56256,6722.032,"spacetrack"
100109,"2026-08-24 11:27:36.271+00",0.0015738,15.7526455,0.0024218,9.76e-05,343.22235,344.5345,6722.0156,"spacetrack"
100109,"2026-08-25 11:51:16.914+00",0.0013769,15.752328,0.00210778,0.0001595,342.89655,345.04092,6722.106,"spacetrack"
100109,"2026-08-26 22:55:18.998+00",0.0010871,15.752274,0.00165472,0.0002353,342.4025,345.56592,6722.121,"spacetrack"
100109,"2026-08-27 00:26:47.784+00",0.0014008,15.7527,0.00214894,4.11e-05,343.58682,344.13937,6722,"spacetrack"
100109,"2026-08-28 23:42:39.738+00",0.0012206,15.752332,0.00186305,8.96e-05,343.3655,344.5701,6722.105,"spacetrack"
100110,"2026-08-22 11:55:27.828+00",0.00013735,15.751909,0.00020408,0.00018,342.8778,345.29782,6722.2246,"spacetrack"
100110,"2026-08-23 22:59:29.416+00",0.0010943,15.752411,0.00166679,0.0001269,343.0921,344.79816,6722.082,"spacetrack"
100110,"2026-08-24 11:11:19.754+00",0.0016346,15.75289,0.00252099,4.5e-05,343.5066,344.11157,6721.9463,"spacetrack"
100110,"2026-08-25 22:15:21.793+00",0.0013548,15.752434,0.00207414,9.21e-05,343.31964,344.55786,6722.0757,"spacetrack"
100110,"2026-08-26 11:58:41.419+00",0.0013624,15.752322,0.00208492,0.0001287,343.10544,344.83572,6722.1074,"spacetrack"
100110,"2026-08-27 23:02:43.162+00",0.0017445,15.752897,0.00269624,0.0001676,342.68018,344.93338,6721.944,"spacetrack"
100110,"2026-08-28 00:34:11.96+00",0.0012689,15.751926,0.00193502,0.0001227,343.25827,344.9079,6722.22,"spacetrack"
100110,"2026-08-29 23:50:03.845+00",0.0013257,15.752684,0.00203066,0.0001072,343.1469,344.5881,6722.0044,"spacetrack"
100111,"2026-08-22 11:52:24.646+00",-5.8949e-06,15.751753,-1.008e-05,0.0001249,343.29294,344.97217,6722.2695,"spacetrack"
100111,"2026-08-23 22:56:26.384+00",7.5021e-05,15.751976,0.00011078,0.0001472,343.07935,345.05838,6722.206,"spacetrack"
100111,"2026-08-24 21:48:38.317+00",4.4089e-05,15.751879,6.451e-05,0.0001255,343.253,344.94028,6722.2334,"spacetrack"
100111,"2026-08-25 22:12:18.992+00",0.0018063,15.752921,0.0027953,9.44e-05,343.16544,344.43454,6721.937,"spacetrack"
100111,"2026-08-26 11:55:37.752+00",0.00098807,15.752,0.00149926,0.0001277,343.20367,344.92053,6722.199,"spacetrack"
100111,"2026-08-27 22:59:40.074+00",0.0012229,15.752353,0.00186685,8.26e-05,343.4066,344.5171,6722.0986,"spacetrack"
100111,"2026-08-28 18:48:54.702+00",0.0018318,15.753758,0.00284681,0.0001238,342.7296,344.39392,6721.6987,"spacetrack"
100111,"2026-08-29 22:15:32.169+00",0.0019173,15.752987,0.00297433,0.0001478,342.78775,344.77475,6721.9185,"spacetrack"
100112,"2026-08-22 09:55:30.985+00",0.00010175,15.751994,0.0001508,8.31e-05,343.50513,344.62238,6722.2007,"spacetrack"
100112,"2026-08-23 17:56:35.518+00",0.00012997,15.7520685,0.00019314,0.0001083,343.31448,344.7705,6722.1797,"spacetrack"
100112,"2026-08-24 21:23:13.959+00",5.7656e-05,15.751844,8.476e-05,0.0001237,343.27475,344.93784,6722.243,"spacetrack"
100112,"2026-08-25 11:06:33.064+00",5.825e-05,15.751865,8.566e-05,0.0001026,343.4106,344.79,6722.2373,"spacetrack"
100112,"2026-08-26 11:30:13.649+00",3.3508e-05,15.751859,4.87e-05,8.06e-05,343.56052,344.64413,6722.2393,"spacetrack"
100112,"2026-08-27 22:34:15.657+00",2.9555e-05,15.751856,4.28e-05,0.0001116,343.35287,344.85327,6722.24,"spacetrack"
100112,"2026-08-28 21:26:27.604+00",2.7724e-05,15.751769,4.005e-05,7.17e-05,343.6458,344.6098,6722.2646,"spacetrack"
100112,"2026-08-29 00:29:24.73+00",7.5165e-05,15.751965,0.00011099,9.1e-05,343.4606,344.68402,6722.2095,"spacetrack"
100113,"2026-08-22 12:17:50.009+00",-1.6696e-05,15.751674,-2.616e-05,9.06e-05,343.5458,344.7639,6722.292,"spacetrack"
100113,"2026-08-23 23:21:51.501+00",5.8191e-05,15.75196,8.561e-05,0.00013,343.19962,344.9474,6722.2104,"spacetrack"
100113,"2026-08-24 22:14:03.487+00",3.2341e-05,15.751854,4.696e-05,0.0001472,343.1143,345.09332,6722.2407,"spacetrack"
100113,"2026-08-25 10:25:53.815+00",1.7341e-05,15.751797,2.456e-05,0.0001338,343.22046,345.01932,6722.257,"spacetrack"
100113,"2026-08-26 12:21:03.313+00",2.658e-05,15.751856,3.836e-05,0.0001396,343.16473,345.0416,6722.24,"spacetrack"
100113,"2026-08-27 21:53:36.552+00",6.0338e-05,15.751811,8.876e-05,0.0001332,343.2204,345.0112,6722.253,"spacetrack"
100113,"2026-08-28 23:48:45.089+00",0.00018375,15.752318,0.00027417,0.0001893,342.69904,345.24402,6722.1084,"spacetrack"
100113,"2026-08-29 22:40:57.941+00",-7.7537e-05,15.751586,-0.00011665,0.0002272,342.65265,345.70728,6722.317,"spacetrack"
100114,"2026-08-22 10:15:51.151+00",0.0001984,15.7517805,0.0002955,0.0001099,343.3859,344.86343,6722.2617,"spacetrack"
100114,"2026-08-23 22:51:21.715+00",9.2747e-05,15.751982,0.00013731,0.0001118,343.31583,344.8189,6722.2046,"spacetrack"
100114,"2026-08-24 20:12:04.008+00",0.00015546,15.752206,0.00023151,0.0001546,342.9642,345.0427,6722.1406,"spacetrack"
100114,"2026-08-25 11:26:54.98+00",-0.00094855,15.749834,-0.00138135,0.0002418,343.05283,346.304,6722.8154,"spacetrack"
100114,"2026-08-26 11:50:33.659+00",3.5445e-05,15.751869,5.16e-05,0.0001329,343.20593,344.9927,6722.2363,"spacetrack"
100114,"2026-08-27 21:23:07.871+00",-5.8315e-05,15.751579,-8.806e-05,0.000112,343.4289,344.9347,6722.319,"spacetrack"
100114,"2026-08-28 18:43:48.844+00",0.0010834,15.753033,0.00165438,3.4e-05,343.5399,343.99698,6721.9053,"spacetrack"
100114,"2026-08-29 22:10:27.196+00",0.0017802,15.752912,0.00275348,0.0001147,343.03186,344.57385,6721.94,"spacetrack"
100115,"2026-08-22 11:32:40.615+00",-0.00040072,15.807194,-0.00075902,0.0001519,327.38644,329.4239,6706.542,"spacetrack"
100115,"2026-08-23 10:19:57.419+00",0.0011525,15.8099,0.00228296,8.78e-05,327.0509,328.22845,6705.777,"spacetrack"
100115,"2026-08-24 12:09:35.253+00",0.00041854,15.809077,0.00081119,0.0001772,326.6842,329.06082,6706.0093,"spacetrack"
100115,"2026-08-25 21:34:56.998+00",0.0020332,15.809939,0.00411583,0.0001599,326.5564,328.7009,6705.7656,"spacetrack"
100115,"2026-08-26 21:54:14.044+00",-0.0073086,15.784853,-0.01128662,0.000183,333.50327,335.96017,6712.8687,"spacetrack"
100115,"2026-08-27 22:16:59.436+00",0.00056004,15.752538,0.00084466,0.0001049,343.20392,344.6142,6722.046,"spacetrack"
100115,"2026-08-28 21:09:11.336+00",0.0010037,15.752377,0.00152597,8.89e-05,343.35727,344.55246,6722.092,"spacetrack"
100115,"2026-08-29 23:04:20.192+00",0.00087268,15.752319,0.00132311,0.0001257,343.12637,344.8163,6722.1084,"spacetrack"
100116,"2026-08-22 01:55:16.762+00",-0.00015903,15.751209,-0.00023713,0.0001295,343.4165,345.15762,6722.424,"spacetrack"
100116,"2026-08-23 23:39:38.567+00",4.107e-05,15.75194,6.002e-05,0.0001454,343.10184,345.05664,6722.2163,"spacetrack"
100116,"2026-08-24 22:31:50.663+00",2.4513e-05,15.751808,3.527e-05,0.0001413,343.16693,345.06665,6722.254,"spacetrack"
100116,"2026-08-25 12:15:09.991+00",9.9305e-06,15.751751,1.351e-05,0.0001878,342.87045,345.39536,6722.27,"spacetrack"
100116,"2026-08-26 23:19:11.814+00",6.2925e-05,15.751922,9.267e-05,0.0001624,342.9927,345.1761,6722.221,"spacetrack"
100116,"2026-08-27 22:11:21.053+00",0.00044323,15.753151,0.00066864,0.0001946,342.42673,345.04288,6721.8716,"spacetrack"
100116,"2026-08-28 10:23:13.761+00",-0.00014291,15.751515,-0.00021358,0.0001791,342.99606,345.40402,6722.337,"spacetrack"
100116,"2026-08-29 22:58:44.071+00",6.2723e-05,15.751823,9.233e-05,0.0001371,343.19083,345.03406,6722.2495,"spacetrack"
100117,"2026-08-22 07:40:21.497+00",0.00024452,15.751997,0.00036512,0.0001218,343.24432,344.88184,6722.2,"spacetrack"
100117,"2026-08-23 23:18:48.203+00",0.00087336,15.752251,0.00132375,8.82e-05,343.3978,344.5836,6722.128,"spacetrack"
100117,"2026-08-24 22:11:00.604+00",0.0010399,15.752449,0.00158259,0.0001264,343.0846,344.78394,6722.0713,"spacetrack"
100117,"2026-08-25 22:34:41.014+00",0.0015447,15.752565,0.00237483,0.0001803,342.6894,345.11334,6722.0386,"spacetrack"
100117,"2026-08-26 22:58:21.827+00",0.0013882,15.752223,0.00212462,5.32e-05,343.64114,344.35638,6722.1357,"spacetrack"
100117,"2026-08-27 00:29:50.505+00",0.00063646,15.752187,0.00095997,0.0001708,342.86075,345.15704,6722.146,"spacetrack"
100117,"2026-08-28 16:08:18.858+00",0.0012846,15.752262,0.00196252,0.0001259,343.14117,344.83383,6722.1245,"spacetrack"
100117,"2026-08-29 10:26:04.278+00",0.0029245,15.753333,0.00463455,0.0002203,342.20218,345.16382,6721.82,"spacetrack"
100118,"2026-08-22 11:38:42.836+00",-0.00066298,15.750554,-0.00097331,0.0001329,343.5801,345.367,6722.6104,"spacetrack"
100118,"2026-08-23 22:42:43.49+00",0.00011555,15.751963,0.00017145,0.0001297,343.20078,344.94452,6722.2095,"spacetrack"
100118,"2026-08-24 21:34:54.986+00",0.00016811,15.75198,0.00025026,9.65e-05,343.41904,344.71643,6722.2046,"spacetrack"
100118,"2026-08-25 21:58:35.798+00",8.8941e-05,15.751887,0.00013156,0.0001659,342.97906,345.2095,6722.2314,"spacetrack"
100118,"2026-08-26 11:41:59.52+00",-0.0011504,15.749128,-0.00166511,0.0003977,342.2054,347.55292,6723.016,"spacetrack"
100118,"2026-08-27 22:45:57.031+00",6.53e-05,15.751871,9.62e-05,0.0001653,342.9875,345.20987,6722.236,"spacetrack"
100118,"2026-08-28 21:38:08.598+00",7.8889e-05,15.751938,0.00011655,0.0001073,343.35858,344.80115,6722.217,"spacetrack"
100118,"2026-08-29 23:33:17.416+00",3.5403e-05,15.751924,5.155e-05,0.0001443,343.1139,345.05392,6722.2207,"spacetrack"
100119,"2026-08-22 11:32:35.83+00",1.0086e-06,15.751733,2.1e-07,0.0001975,342.81058,345.46588,6722.2754,"spacetrack"
100119,"2026-08-23 22:36:37.286+00",3.9794e-05,15.751946,5.811e-05,0.000153,343.04877,345.10577,6722.2144,"spacetrack"
100119,"2026-08-24 21:28:45.643+00",0.00028136,15.753092,0.00042268,0.0002601,342.00308,345.49982,6721.8887,"spacetrack"
100119,"2026-08-25 21:52:33.26+00",-0.00022968,15.750681,-0.00034073,0.000186,343.18698,345.68777,6722.574,"spacetrack"
100119,"2026-08-26 11:35:49.23+00",4.7549e-07,15.751751,-5.9e-07,0.0001438,343.16632,345.09967,6722.27,"spacetrack"
100119,"2026-08-27 01:19:03.663+00",0.00034994,15.753378,0.00052728,0.0001781,342.4731,344.8674,6721.807,"spacetrack"
100119,"2026-08-28 21:32:02.818+00",2.226e-05,15.751846,3.191e-05,0.0001171,343.31866,344.893,6722.2427,"spacetrack"
100119,"2026-08-29 23:27:11.919+00",2.0153e-05,15.751795,2.876e-05,0.0002068,342.73022,345.51056,6722.2573,"spacetrack"
100120,"2026-08-22 19:13:03.056+00",-3.5865e-05,15.751621,-5.47e-05,0.0001837,342.93503,345.40482,6722.307,"spacetrack"
100120,"2026-08-23 19:36:44.018+00",-0.00011871,15.751391,-0.0001776,0.0001375,343.311,345.15964,6722.3726,"spacetrack"
100120,"2026-08-24 18:28:54.826+00",2.5883e-05,15.751857,3.732e-05,0.0001629,343.00778,345.19788,6722.2397,"spacetrack"
100120,"2026-08-25 00:34:50.043+00",-1.8865e-06,15.751774,-4.11e-06,0.0001242,343.29156,344.9614,6722.2637,"spacetrack"
100120,"2026-08-26 11:38:52.226+00",-2.9385e-06,15.751738,-5.68e-06,0.0001333,343.24072,345.03287,6722.274,"spacetrack"
100120,"2026-08-27 10:31:03.299+00",4.5035e-05,15.7519655,6.595e-05,5.89e-05,343.67603,344.4679,6722.209,"spacetrack"
100120,"2026-08-28 21:35:05.266+00",3.0192e-05,15.751856,4.375e-05,0.0001404,343.15933,345.04694,6722.24,"spacetrack"
100120,"2026-08-29 23:30:14.657+00",5.2898e-06,15.751851,6.59e-06,0.00017,342.96173,345.24728,6722.2417,"spacetrack"
100121,"2026-08-22 16:58:24.046+00",-0.0004109,15.75066,-0.00060663,0.0001894,343.1702,345.71674,6722.5806,"spacetrack"
100121,"2026-08-23 23:27:57.601+00",0.0022445,15.7543955,0.00352645,0.0001587,342.3141,344.4475,6721.5176,"spacetrack"
100121,"2026-08-24 22:20:09.403+00",0.0020324,15.753139,0.00316204,0.000178,342.5417,344.9347,6721.875,"spacetrack"
100121,"2026-08-25 16:37:55.06+00",0.0011515,15.752375,0.00175578,0.0002578,342.2226,345.6885,6722.093,"spacetrack"
100121,"2026-08-26 23:07:30.706+00",0.0010765,15.752466,0.0016396,7.49e-05,343.42606,344.433,6722.0664,"spacetrack"
100121,"2026-08-27 00:38:59.518+00",0.0012001,15.752303,0.00183078,0.0001272,343.1208,344.8309,6722.113,"spacetrack"
100121,"2026-08-28 23:54:51.542+00",0.0014681,15.752299,0.00225111,8.97e-05,343.37408,344.58002,6722.1143,"spacetrack"
100121,"2026-08-29 22:47:03.175+00",0.0011969,15.7526455,0.00182864,0.0001857,342.63007,345.12662,6722.015,"spacetrack"
100122,"2026-08-22 12:52:23.197+00",6.5142e-05,15.751842,9.595e-05,0.0001264,343.2576,344.95697,6722.244,"spacetrack"
100122,"2026-08-23 23:56:26.653+00",-0.00076001,15.750602,-0.00111415,0.000228,342.92722,345.9927,6722.597,"spacetrack"
100122,"2026-08-24 12:08:15.288+00",0.00058057,15.752693,0.00087664,0.0002062,342.47888,345.25104,6722.002,"spacetrack"
100122,"2026-08-25 21:40:48.128+00",0.00064957,15.752583,0.00098168,0.0001369,342.97617,344.81665,6722.033,"spacetrack"
100122,"2026-08-26 23:35:57.433+00",-0.00020978,15.751696,-0.0003134,0.0007713,338.9638,349.33362,6722.2856,"spacetrack"
100122,"2026-08-27 22:28:09.715+00",0.00010399,15.751908,0.0001541,0.0002062,342.70203,345.47427,6722.225,"spacetrack"
100122,"2026-08-28 21:20:21.129+00",0.00018567,15.752229,0.00027697,0.000275,342.1484,345.84558,6722.134,"spacetrack"
100122,"2026-08-29 23:15:30.358+00",2.7559e-05,15.751942,3.984e-05,0.0001986,342.74368,345.41373,6722.216,"spacetrack"
100123,"2026-08-22 13:15:46.538+00",-3.7867e-06,15.751739,-6.94e-06,0.0001709,342.98776,345.28543,6722.2734,"spacetrack"
100123,"2026-08-23 22:48:25.838+00",-0.00062344,15.749321,-0.00091123,0.0002045,343.44943,346.19913,6722.9614,"spacetrack"
100123,"2026-08-24 21:40:40.527+00",-0.00087037,15.748368,-0.00126152,0.0002993,343.08334,347.10788,6723.2324,"spacetrack"
100123,"2026-08-25 11:23:54.507+00",-0.00039541,15.750257,-0.00058297,0.0002038,343.188,345.92816,6722.695,"spacetrack"
100123,"2026-08-26 23:59:21.425+00",6.6018e-05,15.75197,9.731e-05,7.1e-05,343.5932,344.54776,6722.2075,"spacetrack"
100123,"2026-08-27 22:51:32.166+00",7.2322e-05,15.75214,0.00010684,0.0003058,341.96677,346.07803,6722.159,"spacetrack"
100123,"2026-08-28 21:43:44.568+00",2.2813e-05,15.751881,3.274e-05,0.0001568,343.04193,345.15002,6722.233,"spacetrack"
100123,"2026-08-29 23:38:53.715+00",1.6352e-05,15.751857,2.31e-05,0.0001595,343.03058,345.17496,6722.2397,"spacetrack"
100124,"2026-08-22 11:26:35.993+00",4.5206e-05,15.808242,8.529e-05,0.0001243,327.27512,328.9423,6706.2456,"spacetrack"
100124,"2026-08-23 23:54:17.233+00",1.6357e-05,15.80819,2.993e-05,0.0001125,327.36884,328.87775,6706.2603,"spacetrack"
100124,"2026-08-24 10:32:22.002+00",4.6473e-05,15.808184,8.77e-05,0.0001173,327.33856,328.91183,6706.262,"spacetrack"
100124,"2026-08-25 12:21:59.04+00",0.00027216,15.8084955,0.00052383,0.000118,327.24573,328.82837,6706.174,"spacetrack"
100124,"2026-08-26 23:18:31.086+00",6.4847e-05,15.8083725,0.00012309,0.0001568,327.02032,329.12338,6706.209,"spacetrack"
100124,"2026-08-27 22:05:49.276+00",3.8287e-05,15.80832,7.203e-05,0.0001681,326.95938,329.21402,6706.2236,"spacetrack"
100124,"2026-08-28 11:46:14.801+00",-0.00054224,15.806526,-0.00102043,0.0001662,327.47925,329.70856,6706.731,"spacetrack"
100124,"2026-08-29 16:38:08.115+00",0.00013125,15.808573,0.00025122,0.0002756,326.16696,329.86337,6706.1523,"spacetrack"
100138,"2026-08-22 23:13:37.04+00",0.00028868,15.486727,0.00023879,0.0146787,320.81122,520.40466,6798.745,"spacetrack"
100138,"2026-08-23 22:29:13.826+00",0.00028411,15.487178,0.00023517,0.0146607,320.8034,520.14825,6798.613,"spacetrack"
100138,"2026-08-24 06:14:25.572+00",0.00029216,15.487338,0.00024198,0.0146564,320.7865,520.07153,6798.566,"spacetrack"
100138,"2026-08-25 16:21:14.048+00",0.00026025,15.488003,0.00021555,0.0146264,320.7987,519.6701,6798.3716,"spacetrack"
100138,"2026-08-26 15:36:44.306+00",0.00026712,15.488412,0.00022145,0.0146103,320.79028,519.4393,6798.252,"spacetrack"
100138,"2026-08-27 16:25:14.218+00",0.00031261,15.48888,0.00025975,0.0145943,320.76398,519.1914,6798.1147,"spacetrack"
100138,"2026-08-28 17:13:41.9+00",0.00026576,15.48925,0.00022062,0.0145756,320.78445,518.9545,6798.0063,"spacetrack"
100138,"2026-08-29 19:35:08.17+00",0.00031305,15.489862,0.00026053,0.0145522,320.76718,518.6139,6797.8276,"spacetrack"
100142,"2026-08-22 22:39:16.468+00",0.00048231,15.963975,0.00202634,0.0014322,274.8811,293.96533,6662.56,"spacetrack"
100142,"2026-08-23 13:41:50.669+00",0.00047297,15.966498,0.00201449,0.0014278,274.20953,293.23312,6661.8584,"spacetrack"
100142,"2026-08-24 22:46:58.551+00",0.00061603,15.972446,0.00270719,0.0013821,272.86212,291.27225,6660.204,"spacetrack"
100142,"2026-08-25 19:49:51.438+00",0.00050553,15.976279,0.00226973,0.0013783,271.8238,290.1804,6659.139,"spacetrack"
100142,"2026-08-26 21:22:57.107+00",0.00047964,15.980824,0.00220868,0.0013825,270.53473,288.94376,6657.8765,"spacetrack"
100142,"2026-08-27 19:55:19.186+00",0.00047834,15.984875,0.00225351,0.0014004,269.2925,287.93674,6656.7515,"spacetrack"
100142,"2026-08-28 19:57:28.212+00",0.00052677,15.989306,0.00254443,0.0014279,267.881,286.88785,6655.5215,"spacetrack"
100142,"2026-08-29 21:29:15.043+00",0.0005426,15.995307,0.00271161,0.0014483,266.08307,285.35663,6653.857,"spacetrack"
100148,"2026-08-22 14:11:32.86+00",0.0010068,15.752012,0.00152866,0.0003202,341.90607,346.21097,6722.1953,"spacetrack"
100148,"2026-08-23 23:44:05.244+00",0.0012353,15.752648,0.00188858,0.0001078,343.15308,344.60233,6722.0146,"spacetrack"
100148,"2026-08-24 13:27:24.219+00",0.0016251,15.752645,0.00250322,5.67e-05,343.49753,344.2598,6722.0156,"spacetrack"
100148,"2026-08-25 21:28:29.807+00",0.0018338,15.753438,0.00284593,0.0001273,342.79724,344.5086,6721.79,"spacetrack"
100148,"2026-08-26 12:43:16.583+00",0.0012784,15.752508,0.00195497,7.79e-05,343.3938,344.4411,6722.054,"spacetrack"
100148,"2026-08-27 00:55:06.938+00",0.0010112,15.7527075,0.00153987,0.000179,342.6576,345.06406,6721.998,"spacetrack"
100149,"2026-08-22 15:11:30.911+00",0.0011537,15.751756,0.00175422,0.000177,342.9417,345.3214,6722.2686,"spacetrack"
100149,"2026-08-23 15:35:11.168+00",0.0012382,15.75196,0.00188745,8.52e-05,343.5009,344.64636,6722.2104,"spacetrack"
100149,"2026-08-24 20:33:18.401+00",0.001106,15.753049,0.00168988,0.0002719,341.9361,345.59146,6721.901,"spacetrack"
100149,"2026-08-25 20:56:58.756+00",0.0013015,15.75241,0.00199025,0.0001622,342.85504,345.0357,6722.0825,"spacetrack"
100149,"2026-08-26 01:31:24.91+00",0.0011882,15.752211,0.00181157,0.0001359,343.0888,344.91586,6722.139,"spacetrack"
100149,"2026-08-27 06:29:56.478+00",-0.0051811,15.736696,-0.00669626,9.49e-05,347.78128,349.05798,6726.5566,"spacetrack"
100150,"2026-08-22 15:14:33.704+00",0.0012337,15.7518215,0.00187919,0.0001334,343.21622,345.0097,6722.25,"spacetrack"
100150,"2026-08-23 15:38:14.214+00",0.001264,15.751971,0.00192774,0.0001082,343.34305,344.79773,6722.2075,"spacetrack"
100150,"2026-08-24 20:36:21.118+00",0.0014639,15.7535305,0.00225683,7.35e-05,343.1327,344.1208,6721.7637,"spacetrack"
100150,"2026-08-25 13:22:37.146+00",0.0013994,15.752834,0.00214796,0.0001233,342.99597,344.65363,6721.962,"spacetrack"
100150,"2026-08-26 01:34:27.984+00",0.0011003,15.752659,0.00167813,0.0002044,342.5008,345.24875,6722.0117,"spacetrack"
100150,"2026-08-27 06:32:53.827+00",-0.0064502,15.738137,-0.00823652,8.48e-05,347.43866,348.5794,6726.146,"spacetrack"
100152,"2026-08-22 14:08:29.984+00",0.0014851,15.752961,0.00228459,7.57e-05,343.27988,344.29758,6721.926,"spacetrack"
100152,"2026-08-23 14:32:09.979+00",0.0012458,15.751724,0.00189736,0.000112,343.38773,344.89352,6722.278,"spacetrack"
100152,"2026-08-24 21:01:45.557+00",0.0014856,15.751812,0.00227372,0.0001235,343.28543,344.94583,6722.2524,"spacetrack"
100152,"2026-08-25 01:36:11.889+00",0.0010843,15.752072,0.00164889,9.15e-05,343.42648,344.65665,6722.1787,"spacetrack"
100152,"2026-08-26 08:05:47.717+00",0.00094171,15.752224,0.00142905,6.29e-05,343.5755,344.42114,6722.1353,"spacetrack"
100152,"2026-08-27 02:23:34.537+00",0.001108,15.748111,0.00165651,0.00021,343.75687,346.58066,6723.3057,"spacetrack"
100153,"2026-08-22 15:27:46.567+00",0.0011138,15.751717,0.00169202,0.0001809,342.92667,345.3588,6722.28,"spacetrack"
100153,"2026-08-23 15:51:26.83+00",0.0010787,15.752002,0.00163955,6.57e-05,343.6201,344.5034,6722.1987,"spacetrack"
100153,"2026-08-24 20:49:33.924+00",0.0011841,15.753167,0.00181272,8.94e-05,343.12912,344.331,6721.867,"spacetrack"
100153,"2026-08-25 01:24:00.129+00",0.0010813,15.752033,0.00164384,0.0001559,343.0047,345.10068,6722.1895,"spacetrack"
100153,"2026-08-26 01:47:40.724+00",0.0013461,15.751837,0.00205495,0.0001701,342.96512,345.252,6722.2456,"spacetrack"
100154,"2026-08-22 14:31:21.697+00",0.0015707,15.753089,0.00242163,0.0001727,342.59146,344.91318,6721.889,"spacetrack"
100154,"2026-08-23 19:29:28.211+00",0.0010199,15.752412,0.0015514,0.0001348,343.03873,344.851,6722.082,"spacetrack"
100154,"2026-08-24 19:53:09.95+00",0.0014065,15.753169,0.00216264,0.0002952,341.74515,345.71375,6721.8667,"spacetrack"
100154,"2026-08-25 06:34:04.844+00",-0.0085544,15.731227,-0.01051427,7.32e-05,349.48624,350.47122,6728.1157,"spacetrack"
100155,"2026-08-22 15:33:21.891+00",0.0011842,15.751697,0.00180113,0.0001654,343.03665,345.26038,6722.2856,"spacetrack"
100155,"2026-08-23 15:57:02.29+00",0.00109,15.7523155,0.0016594,0.0001273,343.11655,344.82797,6722.1094,"spacetrack"
100155,"2026-08-24 20:55:09.279+00",0.0020175,15.755313,0.00316901,2.24e-05,342.9692,343.2703,6721.257,"spacetrack"
100155,"2026-08-25 13:42:18.619+00",-0.0085173,15.725096,-0.01023997,0.0003626,349.2872,354.1677,6729.8643,"spacetrack"
100156,"2026-08-22 14:25:17.172+00",0.0011881,15.752412,0.0018131,0.0002105,342.52988,345.3599,6722.082,"spacetrack"
100156,"2026-08-23 22:26:19.837+00",0.0014114,15.752543,0.00216407,0.0001357,342.9952,344.81955,6722.0444,"spacetrack"
100156,"2026-08-24 06:03:43.623+00",0.0010689,15.75243,0.00162753,0.0001336,343.0417,344.83783,6722.0767,"spacetrack"
100156,"2026-08-25 01:52:58.112+00",0.001106,15.751842,0.00168077,0.0001033,343.41284,344.80167,6722.244,"spacetrack"
100156,"2026-08-26 06:51:31.429+00",-0.0037253,15.735721,-0.00489736,0.0001619,347.6086,349.78677,6726.8345,"spacetrack"
100157,"2026-08-22 14:27:48.029+00",0.0012249,15.751964,0.00186677,0.0001615,342.9869,345.15817,6722.2095,"spacetrack"
100157,"2026-08-23 22:28:51.7+00",0.0017918,15.75225,0.00276404,1.51e-05,343.8895,344.0925,6722.128,"spacetrack"
100157,"2026-08-24 01:31:49.385+00",0.00064251,15.751599,0.00096669,8.57e-05,343.60007,344.75226,6722.313,"spacetrack"
100157,"2026-08-25 08:01:25.479+00",0.001681,15.752726,0.00259289,0.000158,342.79367,344.91785,6721.9927,"spacetrack"
100157,"2026-08-26 20:37:09.234+00",0.0014977,15.747088,0.00224589,0.0003978,342.78528,348.13458,6723.597,"spacetrack"
100158,"2026-08-22 15:36:24.643+00",0.001191,15.75187,0.00181315,0.0001128,343.34082,344.85736,6722.2363,"spacetrack"
100158,"2026-08-23 14:28:36.267+00",0.0013901,15.751913,0.00212468,0.0001018,343.40262,344.77127,6722.224,"spacetrack"
100158,"2026-08-24 20:58:11.792+00",0.0014924,15.754546,0.00231249,0.0002498,341.65872,345.01678,6721.4746,"spacetrack"
100158,"2026-08-25 21:21:52.81+00",0.0011708,15.753164,0.00179187,8.85e-05,343.136,344.32578,6721.8677,"spacetrack"
100158,"2026-08-26 12:36:41.721+00",0.00076685,15.751266,0.00115491,1.26e-05,344.18628,344.35568,6722.408,"spacetrack"
100158,"2026-08-27 02:20:14.915+00",-0.0032759,15.737469,-0.00437462,0.0006674,343.71027,352.68857,6726.3364,"spacetrack"
100159,"2026-08-22 14:17:07.685+00",0.0014747,15.75243,0.00226281,0.0001027,343.2494,344.6301,6722.0767,"spacetrack"
100159,"2026-08-23 23:49:40.846+00",0.0015106,15.752809,0.0023233,0.0001704,342.6866,344.97748,6721.969,"spacetrack"
100159,"2026-08-24 21:10:24.179+00",0.0014929,15.752438,0.00229166,0.0001986,342.6025,345.27252,6722.0747,"spacetrack"
100159,"2026-08-25 13:57:09.418+00",-0.0069483,15.734432,-0.00868827,0.000181,347.84732,350.28256,6727.202,"spacetrack"
100160,"2026-08-22 14:52:11.865+00",0.001034,15.751586,0.00156744,9.51e-05,343.54065,344.8192,6722.317,"spacetrack"
100160,"2026-08-23 15:16:04.635+00",-0.0032541,15.737617,-0.00434085,0.0001514,347.13898,349.1757,6726.2944,"spacetrack"
100161,"2026-08-22 15:30:49.299+00",0.00078002,15.752217,0.00117996,0.0001263,343.15118,344.8492,6722.137,"spacetrack"
100161,"2026-08-23 14:23:01.555+00",0.0013107,15.751969,0.00200096,0.0002605,342.31976,345.82202,6722.208,"spacetrack"
100161,"2026-08-24 20:52:37.89+00",0.0013543,15.753969,0.00208793,0.000367,341.03506,345.96875,6721.639,"spacetrack"
100161,"2026-08-25 06:02:03.719+00",-0.0054103,15.732985,-0.00686864,0.0001225,348.65332,350.3016,6727.6143,"spacetrack"
100162,"2026-08-22 14:22:12.967+00",0.0011275,15.752313,0.00171788,0.0002568,342.24683,345.6993,6722.11,"spacetrack"
100162,"2026-08-23 14:45:53.939+00",0.0012922,15.751758,0.00197043,0.0003622,341.69635,346.56595,6722.268,"spacetrack"
100162,"2026-08-24 01:26:14.438+00",0.0014725,15.752822,0.00226317,0.0001654,342.7164,344.94003,6721.9653,"spacetrack"
100162,"2026-08-25 23:10:38.241+00",0.0017021,15.753513,0.00263576,0.0001347,342.7261,344.53696,6721.7686,"spacetrack"
100162,"2026-08-26 08:19:30.801+00",0.00087078,15.7523365,0.00132029,0.0001493,342.9629,344.97012,6722.1035,"spacetrack"
100162,"2026-08-27 19:23:54.229+00",-0.0072595,15.736977,-0.00913118,0.000247,346.67838,350.00125,6726.477,"spacetrack"
100163,"2026-08-22 15:18:37.797+00",0.0010893,15.751738,0.00165411,0.0001848,342.89453,345.3791,6722.274,"spacetrack"
100163,"2026-08-23 20:16:44.039+00",0.0010616,15.752484,0.00161649,8.23e-05,343.37103,344.47748,6722.061,"spacetrack"
100163,"2026-08-24 08:28:33.481+00",0.0012688,15.752538,0.00194021,0.000193,342.61176,345.20645,6722.046,"spacetrack"
100163,"2026-08-25 08:52:32.163+00",0.001255,15.742327,0.00183961,0.0010529,339.73477,353.89618,6724.9526,"spacetrack"
100166,"2026-08-22 14:57:47.821+00",0.001114,15.752005,0.00169456,0.000227,342.53488,345.58676,6722.1978,"spacetrack"
100166,"2026-08-23 19:56:10.825+00",-0.003865,15.741206,-0.00518952,0.0004243,344.28122,349.9883,6725.272,"spacetrack"
100167,"2026-08-22 15:08:28.122+00",0.0011165,15.75185,0.00169724,0.0002159,342.6533,345.55597,6722.2417,"spacetrack"
100167,"2026-08-23 15:32:08.273+00",0.00091792,15.752347,0.00139308,0.0001216,343.14587,344.78067,6722.1,"spacetrack"
100167,"2026-08-24 12:52:51.043+00",0.0018268,15.752948,0.00282865,1.92e-05,343.6634,343.9215,6721.9297,"spacetrack"
100167,"2026-08-25 13:16:31.976+00",0.0016272,15.752232,0.00250187,0.0001389,343.06256,344.93,6722.1333,"spacetrack"
100167,"2026-08-26 21:17:36.802+00",0.0013368,15.753286,0.00205355,0.0001605,342.61734,344.77505,6721.833,"spacetrack"
100167,"2026-08-27 15:35:52.499+00",-0.007299,15.733329,-0.00904061,5.58e-05,349.00388,349.75467,6727.516,"spacetrack"
100169,"2026-08-22 14:41:01.831+00",0.0010967,15.751695,0.00166551,0.000275,342.30023,345.9975,6722.2856,"spacetrack"
100169,"2026-08-23 15:04:41.847+00",0.0012474,15.751866,0.00190094,0.0001253,343.25787,344.94247,6722.2373,"spacetrack"
100169,"2026-08-24 12:25:40.627+00",0.0017126,15.746015,0.00256618,0.0004204,342.93866,348.59213,6723.9023,"spacetrack"
100170,"2026-08-22 15:25:14.358+00",0.0011163,15.751738,0.00169615,0.0002569,342.40994,345.86383,6722.274,"spacetrack"
100170,"2026-08-23 15:48:54.336+00",0.0013608,15.752263,0.00208197,0.0001653,342.876,345.09833,6722.124,"spacetrack"
100170,"2026-08-24 20:47:01.419+00",0.0016564,15.75461,0.00257538,2.54e-05,343.1489,343.49036,6721.4565,"spacetrack"
100170,"2026-08-25 13:33:17.844+00",0.0012907,15.752882,0.00197761,0.0002143,342.37073,345.25177,6721.948,"spacetrack"
100170,"2026-08-26 12:25:29.733+00",0.0010618,15.752533,0.00161717,0.0001474,342.91974,344.9014,6722.0474,"spacetrack"
100170,"2026-08-27 02:08:49.22+00",0.0011188,15.751794,0.00170097,0.0004287,341.2389,347.00256,6722.258,"spacetrack"
100170,"2026-08-28 17:47:31.077+00",-0.0070623,15.74087,-0.00903829,0.0001053,346.52225,347.9386,6725.367,"spacetrack"
100171,"2026-08-22 15:03:22.978+00",0.0010686,15.751784,0.00162246,0.0001503,343.11307,345.1338,6722.2603,"spacetrack"
100171,"2026-08-23 15:27:03.799+00",0.0011009,15.751829,0.00167286,0.0002293,342.5693,345.65213,6722.2476,"spacetrack"
100171,"2026-08-24 02:07:24.598+00",0.00073405,15.752008,0.00110847,0.0002071,342.66742,345.45175,6722.197,"spacetrack"
100171,"2026-08-25 22:20:19.69+00",0.0013326,15.752329,0.00203836,0.0002005,342.6208,345.31635,6722.1055,"spacetrack"
100171,"2026-08-26 13:35:07.622+00",0.001204,15.752486,0.00183863,0.0002952,341.93954,345.90823,6722.061,"spacetrack"
100171,"2026-08-27 12:27:19.006+00",0.0014582,15.7524185,0.00223659,8.03e-05,343.40332,344.4829,6722.08,"spacetrack"
100171,"2026-08-28 12:50:59.95+00",0.0015905,15.752726,0.00244906,5.66e-05,343.47525,344.23618,6721.9927,"spacetrack"
100171,"2026-08-29 13:14:39.463+00",0.0018345,15.7528515,0.0028398,6.1e-06,343.77875,343.86075,6721.9565,"spacetrack"
100179,"2026-08-22 14:13:11.962+00",0.00044049,15.751852,0.0006607,0.0001651,342.99426,345.21396,6722.241,"spacetrack"
100179,"2026-08-23 22:14:15.883+00",0.00068647,15.7525625,0.00103812,0.0001297,343.03015,344.77383,6722.039,"spacetrack"
100179,"2026-08-24 11:57:35.082+00",0.00086715,15.752297,0.00131445,0.0001177,343.18637,344.76877,6722.1147,"spacetrack"
100179,"2026-08-25 12:21:15.477+00",0.0012313,15.752687,0.00188277,0.0001166,343.08273,344.6503,6722.0034,"spacetrack"
100179,"2026-08-26 12:44:56.236+00",0.0009627,15.7523775,0.00146249,0.0001101,343.2145,344.6947,6722.092,"spacetrack"
100179,"2026-08-27 22:17:29.579+00",0.0013581,15.752585,0.00208064,0.0001325,343.00482,344.78616,6722.0327,"spacetrack"
100179,"2026-08-28 12:00:48.56+00",0.0010083,15.752338,0.00153288,0.0001315,343.08182,344.8497,6722.1025,"spacetrack"
100179,"2026-08-29 20:01:52.572+00",0.001647,15.75261,0.00253779,0.0003126,341.7871,345.98975,6722.0254,"spacetrack"
100180,"2026-08-22 13:54:53.878+00",0.00045733,15.752303,0.00068757,0.0001713,342.82428,345.12726,6722.113,"spacetrack"
100180,"2026-08-23 23:27:26.946+00",0.00098809,15.752389,0.00150187,0.0001256,343.10727,344.79587,6722.0884,"spacetrack"
100180,"2026-08-24 19:16:41.153+00",0.0014469,15.752705,0.00222167,0.0001675,342.73587,344.98773,6721.999,"spacetrack"
100180,"2026-08-25 10:31:29.168+00",0.0012056,15.752336,0.00183959,8.51e-05,343.3946,344.5387,6722.1035,"spacetrack"
100180,"2026-08-26 01:46:16.548+00",0.00060122,15.751994,0.00090537,5.72e-05,343.67932,344.44836,6722.2007,"spacetrack"
100180,"2026-08-27 11:18:50.191+00",0.0014239,15.752625,0.00218457,0.0001507,342.87128,344.8973,6722.0215,"spacetrack"
100180,"2026-08-28 19:19:54.725+00",0.0016616,15.752811,0.00256316,0.0002408,342.21268,345.44998,6721.9683,"spacetrack"
100180,"2026-08-29 12:06:10.718+00",0.00077938,15.752327,0.00117956,0.000137,343.0482,344.89005,6722.106,"spacetrack"
100181,"2026-08-22 15:13:11.688+00",-0.0015385,15.790874,-0.00264562,0.0002376,331.4306,334.61975,6711.162,"spacetrack"
100181,"2026-08-23 17:07:18.703+00",0.00016972,15.751817,0.0002525,8.56e-05,343.53873,344.68958,6722.251,"spacetrack"
100181,"2026-08-24 11:25:03.748+00",0.0012422,15.752796,0.00190074,0.0001082,343.10834,344.56296,6721.9727,"spacetrack"
100181,"2026-08-25 11:48:44.068+00",0.0012266,15.75252,0.00187397,0.0001016,343.23148,344.59738,6722.0513,"spacetrack"
100181,"2026-08-26 22:52:46.45+00",0.00090431,15.752279,0.00137166,0.000135,343.0751,344.89008,6722.1196,"spacetrack"
100181,"2026-08-27 11:04:36.634+00",0.0011555,15.7525015,0.00176287,0.0001621,342.82993,345.00922,6722.0566,"spacetrack"
100181,"2026-08-28 12:59:46.079+00",0.0011867,15.752269,0.00180969,0.0002033,342.61917,345.3524,6722.1226,"spacetrack"
100181,"2026-08-29 22:32:19.232+00",0.0021133,15.752863,0.00328902,0.0001757,342.63568,344.99777,6721.9536,"spacetrack"
100182,"2026-08-22 14:38:05.449+00",0.00054524,15.752171,0.00082078,0.00014,343.0725,344.9547,6722.1504,"spacetrack"
100182,"2026-08-23 22:39:09.653+00",0.0013059,15.752609,0.001999,5.87e-05,343.49423,344.28342,6722.026,"spacetrack"
100182,"2026-08-24 19:59:53.022+00",0.0018855,15.754167,0.00293864,0.0001825,342.21906,344.67242,6721.5825,"spacetrack"
100182,"2026-08-25 11:14:40.185+00",0.0017236,15.753007,0.0026642,5.65e-05,343.3959,344.1555,6721.9126,"spacetrack"
100182,"2026-08-26 22:18:42.804+00",0.0015834,15.752856,0.00243925,4.67e-05,343.50473,344.13257,6721.9556,"spacetrack"
100182,"2026-08-27 12:02:01.986+00",0.0016528,15.752754,0.00254831,0.0001187,343.04968,344.64548,6721.9844,"spacetrack"
100182,"2026-08-28 10:54:13.922+00",0.0011471,15.75234,0.00174847,0.0001713,342.8139,345.11688,6722.1025,"spacetrack"
100182,"2026-08-29 11:17:53.663+00",0.0010898,15.752607,0.00166124,0.00016,342.8137,344.96472,6722.0264,"spacetrack"
100183,"2026-08-22 12:08:12.09+00",-0.0027342,15.801516,-0.00481418,0.0002805,328.13013,331.8934,6708.149,"spacetrack"
100183,"2026-08-25 11:45:41.301+00",0.00058939,15.752129,0.00088788,0.0001446,343.05362,344.99768,6722.1626,"spacetrack"
100183,"2026-08-26 22:49:42.2+00",0.00097485,15.751661,0.00147662,7.35e-05,343.66443,344.65262,6722.2954,"spacetrack"
100183,"2026-08-27 21:41:54.991+00",0.0012612,15.7524,0.00192708,4.7e-05,343.63223,344.26413,6722.085,"spacetrack"
100183,"2026-08-28 20:34:06.869+00",0.00068745,15.752128,0.00103764,0.0001389,343.0922,344.9596,6722.163,"spacetrack"
100183,"2026-08-29 22:29:16.057+00",0.001512,15.752589,0.00232327,0.0001174,343.10544,344.68378,6722.0317,"spacetrack"
100184,"2026-08-22 13:38:01.405+00",0.00074937,15.808728,0.00146204,0.0001095,327.23685,328.70547,6706.1084,"spacetrack"
100184,"2026-08-23 16:58:47.331+00",0.0008365,15.80887,0.00163657,0.0001058,327.2214,328.6404,6706.068,"spacetrack"
100184,"2026-08-24 11:12:38.265+00",0.0019577,15.809738,0.00395191,0.000122,326.86752,328.50375,6705.8228,"spacetrack"
100184,"2026-08-25 20:39:19.079+00",-0.004395,15.778239,-0.00680943,0.0002678,334.80917,338.40558,6714.744,"spacetrack"
100184,"2026-08-26 22:33:58.431+00",0.00080432,15.752107,0.00121674,0.0001743,342.86017,345.20352,6722.169,"spacetrack"
100184,"2026-08-27 22:57:38.787+00",0.00088614,15.7522745,0.00134361,0.0001524,342.95953,345.00842,6722.121,"spacetrack"
100184,"2026-08-28 21:49:50.415+00",0.0010151,15.752354,0.00154351,0.0001268,343.10916,344.81387,6722.0986,"spacetrack"
100184,"2026-08-29 22:13:30.71+00",0.0005069,15.751881,0.00076148,0.00012,343.2893,344.90265,6722.233,"spacetrack"
100185,"2026-08-22 14:07:05.691+00",0.00086638,15.752303,0.00131331,0.0001327,343.08395,344.86798,6722.113,"spacetrack"
100185,"2026-08-23 22:08:10.166+00",0.0015904,15.752628,0.00244785,0.0001636,342.78354,344.983,6722.0205,"spacetrack"
100185,"2026-08-24 22:31:52.53+00",0.0015518,15.752023,0.00238027,0.0001324,343.16562,344.94565,6722.193,"spacetrack"
100185,"2026-08-25 10:43:42.338+00",0.0012727,15.752728,0.00194791,0.0001372,342.9327,344.77722,6721.992,"spacetrack"
100185,"2026-08-26 11:07:21.637+00",0.0011124,15.752242,0.00169368,2.32e-05,343.83734,344.14926,6722.1304,"spacetrack"
100185,"2026-08-27 22:11:23.817+00",0.0015191,15.752682,0.00233541,0.0001455,342.88998,344.8461,6722.005,"spacetrack"
100185,"2026-08-28 19:32:07.159+00",0.0011842,15.752205,0.00180527,8.09e-05,343.45993,344.54758,6722.1406,"spacetrack"
100185,"2026-08-29 10:46:53.847+00",0.0022361,15.75359,0.00349993,0.0001346,342.7052,344.5147,6721.747,"spacetrack"
100186,"2026-08-22 13:34:22.321+00",-0.0011304,15.806268,-0.00209729,0.0001393,327.7329,329.60144,6706.804,"spacetrack"
100186,"2026-08-23 21:32:34.526+00",-0.0027398,15.754198,-0.00394371,5.39e-05,343.07446,343.79904,6721.5737,"spacetrack"
100186,"2026-08-24 12:47:23.434+00",0.00068965,15.752047,0.00104064,0.0001526,343.02295,345.07455,6722.1855,"spacetrack"
100186,"2026-08-25 22:19:57.096+00",0.0011336,15.752455,0.00172842,0.0001555,342.8874,344.97794,6722.07,"spacetrack"
100186,"2026-08-26 22:43:37.617+00",0.00077867,15.752185,0.00117773,0.0001425,343.0517,344.9675,6722.1465,"spacetrack"
100186,"2026-08-27 07:52:30.359+00",0.0010448,15.752321,0.00158927,0.0001764,342.78488,345.15643,6722.1074,"spacetrack"
100186,"2026-08-28 11:19:08.433+00",0.00087287,15.752227,0.00132286,0.0001325,343.1069,344.88824,6722.135,"spacetrack"
100186,"2026-08-29 22:23:09.3+00",0.0011278,15.752642,0.00172077,9.74e-05,343.2248,344.53424,6722.0166,"spacetrack"
100187,"2026-08-22 14:26:24.13+00",0.00077117,15.752337,0.00116702,0.0001776,342.77237,345.16006,6722.103,"spacetrack"
100187,"2026-08-23 22:27:28.775+00",0.001759,15.75268,0.00271668,0.0001585,342.80338,344.93427,6722.006,"spacetrack"
100187,"2026-08-24 10:39:19.006+00",0.0010363,15.752327,0.00157624,0.0001434,343.00516,344.93304,6722.106,"spacetrack"
100187,"2026-08-25 11:02:59.628+00",0.0012712,15.752571,0.00194422,0.0001642,342.7958,345.00333,6722.0366,"spacetrack"
100187,"2026-08-26 12:58:08.944+00",0.00070025,15.752076,0.00105699,0.000123,343.21365,344.8673,6722.1777,"spacetrack"
100187,"2026-08-27 11:50:20.502+00",0.00082976,15.752274,0.00125673,0.0001013,343.30334,344.66525,6722.121,"spacetrack"
100187,"2026-08-28 12:14:01.396+00",0.00085799,15.752263,0.00130013,0.0001037,343.29028,344.68445,6722.1245,"spacetrack"
100187,"2026-08-29 15:40:38.668+00",0.0015484,15.752206,0.00237679,0.0001786,342.8031,345.20422,6722.1406,"spacetrack"
100188,"2026-08-22 14:32:29.979+00",0.00063537,15.752218,0.00095842,0.0001434,343.03613,344.96402,6722.137,"spacetrack"
100188,"2026-08-23 22:33:34.265+00",0.0010957,15.752501,0.00166971,7.9e-05,343.38855,344.45062,6722.0566,"spacetrack"
100188,"2026-08-24 19:54:17.641+00",0.001458,15.752583,0.00223796,0.0002153,342.4492,345.3437,6722.033,"spacetrack"
100188,"2026-08-25 11:09:05.446+00",0.0012471,15.752527,0.00190603,0.0001281,343.05093,344.77313,6722.049,"spacetrack"
100188,"2026-08-26 13:04:14.837+00",0.00077861,15.752279,0.00117817,0.0001965,342.66165,345.30344,6722.1196,"spacetrack"
100188,"2026-08-27 11:56:26.15+00",0.0014664,15.7530155,0.00225565,0.000228,342.24054,345.30576,6721.91,"spacetrack"
100188,"2026-08-28 01:39:45.985+00",0.0021281,15.753362,0.00332037,0.0001344,342.7712,344.57803,6721.8115,"spacetrack"
100188,"2026-08-29 11:12:18.313+00",0.0020443,15.753217,0.00318246,0.0001904,342.436,344.9957,6721.853,"spacetrack"
100189,"2026-08-22 14:23:51.69+00",0.0004969,15.752105,0.00074703,0.0001526,343.0064,345.058,6722.1694,"spacetrack"
100189,"2026-08-23 22:24:55.951+00",0.0012175,15.752563,0.00186004,9.51e-05,343.26257,344.5411,6722.039,"spacetrack"
100189,"2026-08-24 12:08:15.546+00",0.00091218,15.752133,0.00138291,0.0001351,343.1161,344.9324,6722.161,"spacetrack"
100189,"2026-08-25 12:31:56.814+00",0.0018876,15.75259,0.00292134,0.0001451,342.91895,344.8697,6722.0312,"spacetrack"
100189,"2026-08-26 11:24:07.715+00",0.00061249,15.752215,0.00092345,9.67e-05,343.35083,344.65088,6722.1377,"spacetrack"
100189,"2026-08-27 11:47:48.308+00",0.00099376,15.7522955,0.00151005,0.0001615,342.89255,345.06378,6722.115,"spacetrack"
100189,"2026-08-28 22:51:50.456+00",0.0016863,15.753008,0.00260466,0.0001617,342.68848,344.86234,6721.9126,"spacetrack"
100189,"2026-08-29 11:03:40.129+00",0.00209,15.753427,0.00325941,0.0001854,342.41003,344.90247,6721.7935,"spacetrack"
100190,"2026-08-22 14:59:09.066+00",0.00095417,15.808799,0.00187152,0.0002055,326.57306,329.32925,6706.0884,"spacetrack"
100190,"2026-08-23 19:51:06.773+00",-0.0010125,15.8061285,-0.00188225,0.0001967,327.3873,330.0258,6706.8438,"spacetrack"
100190,"2026-08-24 20:12:08.652+00",0.00010825,15.761333,0.00016723,0.0001503,340.39813,342.41803,6719.545,"spacetrack"
100190,"2026-08-25 11:26:53.275+00",0.00084315,15.752214,0.00127706,0.00019,342.72382,345.27823,6722.138,"spacetrack"
100190,"2026-08-26 22:30:57.719+00",0.0016535,15.75212,0.00254233,0.0001656,342.91476,345.14114,6722.165,"spacetrack"
100190,"2026-08-27 21:23:07.13+00",0.0015669,15.753038,0.002415,0.0001078,343.04218,344.49142,6721.904,"spacetrack"
100190,"2026-08-28 12:37:54.899+00",0.0010868,15.752273,0.00165418,0.0001347,343.07898,344.88992,6722.1216,"spacetrack"
100190,"2026-08-29 22:10:28.07+00",0.0021495,15.752858,0.00334756,0.0001279,342.95813,344.6776,6721.955,"spacetrack"
100191,"2026-08-22 11:55:50.292+00",-0.0031892,15.794036,-0.00538977,0.000151,331.11603,333.14252,6710.266,"spacetrack"
100191,"2026-08-23 22:58:28.982+00",0.0014482,15.752614,0.00222278,6.81e-05,343.42966,344.34518,6722.0244,"spacetrack"
100191,"2026-08-24 12:41:48.223+00",0.00085523,15.751922,0.00129398,0.0001751,342.9074,345.26154,6722.2217,"spacetrack"
100191,"2026-08-25 22:14:21.435+00",0.0011333,15.75225,0.00172626,0.0001044,343.28925,344.6928,6722.128,"spacetrack"
100191,"2026-08-26 21:06:33.434+00",0.00082334,15.752114,0.001246,0.0001458,343.0496,345.00977,6722.1665,"spacetrack"
100191,"2026-08-27 12:21:21.04+00",0.0011277,15.752544,0.00171989,0.0001419,342.9534,344.8611,6722.0444,"spacetrack"
100191,"2026-08-28 12:45:02.381+00",0.0010156,15.752508,0.00154546,0.0002354,342.33517,345.49994,6722.0547,"spacetrack"
100191,"2026-08-29 22:17:34.618+00",0.002105,15.752891,0.00327606,6.23e-05,343.39,344.22757,6721.946,"spacetrack"
100192,"2026-08-22 14:56:24.948+00",0.00097551,15.808869,0.00191495,0.0001783,326.73547,329.12686,6706.0684,"spacetrack"
100192,"2026-08-23 16:46:01.208+00",0.00095382,15.808931,0.0018719,0.0001323,327.02652,328.80093,6706.051,"spacetrack"
100192,"2026-08-24 11:00:52.125+00",-0.0018062,15.785074,-0.00301369,0.0002954,332.68588,336.65182,6712.8057,"spacetrack"
100192,"2026-08-25 20:32:43.037+00",0.0012563,15.752449,0.00191988,0.0001002,343.2608,344.6079,6722.0713,"spacetrack"
100192,"2026-08-26 20:56:23.733+00",0.0017072,15.752744,0.00263482,0.0001161,343.07007,344.6309,6721.9873,"spacetrack"
100192,"2026-08-27 22:51:32.966+00",0.00075086,15.75216,0.00113494,0.0001604,342.93835,345.09482,6722.154,"spacetrack"
100192,"2026-08-28 21:43:44.977+00",0.0018218,15.752871,0.00281955,0.0002084,342.41348,345.2152,6721.951,"spacetrack"
100192,"2026-08-29 22:07:24.889+00",0.0013446,15.75233,0.00205707,0.0001274,343.11185,344.82465,6722.1055,"spacetrack"
100193,"2026-08-22 14:54:55.983+00",0.00080981,15.808874,0.00158337,0.0001356,327.02066,328.83932,6706.067,"spacetrack"
100193,"2026-08-23 22:49:09.815+00",0.0015596,15.809378,0.00311228,0.0001455,326.81165,328.76306,6705.9243,"spacetrack"
100193,"2026-08-24 01:51:27.791+00",0.00058898,15.808348,0.00114265,0.0001657,326.96753,329.18997,6706.216,"spacetrack"
100193,"2026-08-25 11:16:51.929+00",0.00096368,15.808387,0.0018869,0.0001365,327.15237,328.9832,6706.2046,"spacetrack"
100193,"2026-08-26 20:44:20.619+00",-0.0014279,15.771078,-0.00225764,0.0001362,337.72488,339.55453,6716.777,"spacetrack"
100193,"2026-08-27 22:39:22.211+00",0.0010293,15.752279,0.00156495,9.71e-05,343.32986,344.63528,6722.1196,"spacetrack"
100193,"2026-08-28 21:31:32.641+00",0.00087796,15.752382,0.00133159,9.61e-05,343.30743,344.59943,6722.0903,"spacetrack"
100193,"2026-08-29 20:23:44.356+00",0.00095017,15.752036,0.00144095,0.0001447,343.07904,345.02444,6722.189,"spacetrack"
100194,"2026-08-22 13:49:18.291+00",0.0014176,15.752357,0.00217203,0.0001602,342.88373,345.03748,6722.0977,"spacetrack"
100194,"2026-08-23 17:15:56.376+00",0.0010792,15.752491,0.00164387,9.19e-05,343.3046,344.5401,6722.0596,"spacetrack"
100194,"2026-08-24 22:14:03.442+00",0.0010403,15.752391,0.00158286,0.0001005,343.27524,344.62637,6722.088,"spacetrack"
100194,"2026-08-25 11:57:22.628+00",0.00053185,15.752057,0.00080002,0.0001572,342.9892,345.10263,6722.183,"spacetrack"
100194,"2026-08-26 10:49:34.631+00",0.0010114,15.752234,0.00153697,0.00015,342.98706,345.0037,6722.1323,"spacetrack"
100194,"2026-08-27 12:44:43.593+00",0.0011127,15.752457,0.00169587,0.0001343,343.02936,344.8349,6722.0693,"spacetrack"
100194,"2026-08-28 11:36:55.586+00",0.00062842,15.752058,0.00094712,0.000114,343.27942,344.81207,6722.1826,"spacetrack"
100194,"2026-08-29 22:40:56.993+00",0.0013488,15.752415,0.00206445,6.11e-05,343.53354,344.35498,6722.081,"spacetrack"
100195,"2026-08-22 14:51:01.367+00",0.00091077,15.808925,0.00178555,0.0001716,326.76486,329.06638,6706.0527,"spacetrack"
100195,"2026-08-23 22:45:14.839+00",0.0013405,15.809311,0.00266002,6.08e-05,327.39877,328.2142,6705.9434,"spacetrack"
100195,"2026-08-24 21:34:11.981+00",-0.0051398,15.773402,-0.00770929,0.0001624,336.88934,339.0707,6716.117,"spacetrack"
100195,"2026-08-25 20:26:06.611+00",0.0016689,15.752651,0.00257277,0.0001085,343.14758,344.60626,6722.0137,"spacetrack"
100195,"2026-08-26 22:21:16.025+00",0.0006879,15.752191,0.00103862,0.0001499,343.00015,345.01544,6722.145,"spacetrack"
100195,"2026-08-27 22:44:56.778+00",0.0012219,15.752329,0.00186501,0.0001925,342.67453,345.26254,6722.1055,"spacetrack"
100195,"2026-08-28 21:37:08.062+00",0.00074906,15.752283,0.0011328,0.0001565,342.92957,345.03357,6722.1187,"spacetrack"
100195,"2026-08-29 11:20:26.645+00",0.0017739,15.753058,0.00274515,0.0001402,342.8185,344.70334,6721.898,"spacetrack"
100196,"2026-08-22 14:46:48.452+00",0.00094467,15.808926,0.0018535,0.0001486,326.91873,328.91177,6706.0522,"spacetrack"
100196,"2026-08-23 22:41:02.316+00",0.001764,15.809334,0.00353712,0.0001519,326.78116,328.81842,6705.937,"spacetrack"
100196,"2026-08-24 19:57:11.608+00",0.0013436,15.809014,0.00266289,0.0002834,325.98965,329.79062,6706.0273,"spacetrack"
100196,"2026-08-25 12:39:57.095+00",-0.002133,15.803881,-0.00383976,0.0003688,326.86853,331.81598,6707.4795,"spacetrack"
100196,"2026-08-27 11:53:25.977+00",0.0013755,15.752598,0.00210821,8.09e-05,343.34827,344.43588,6722.0293,"spacetrack"
100196,"2026-08-28 21:25:56.979+00",0.0020913,15.753875,0.0032682,0.0002236,342.0258,345.03174,6721.6655,"spacetrack"
100196,"2026-08-29 20:18:08.753+00",0.00055035,15.752016,0.000828,0.0001539,343.0231,345.0922,6722.195,"spacetrack"
100197,"2026-08-22 14:18:16.391+00",0.00089699,15.752305,0.00136052,0.0001447,343.00266,344.94806,6722.1123,"spacetrack"
100197,"2026-08-23 22:19:22.53+00",0.001337,15.751866,0.00204108,4.66e-05,343.78683,344.41336,6722.2373,"spacetrack"
100197,"2026-08-24 19:40:02.173+00",0.0010257,15.75306,0.00156477,0.0001306,342.88248,344.63824,6721.8975,"spacetrack"
100197,"2026-08-25 10:54:51.446+00",0.0015334,15.752316,0.00235424,0.000158,342.91,345.03418,6722.109,"spacetrack"
100197,"2026-08-26 20:27:24.966+00",0.00063623,15.752226,0.00095976,0.0001471,343.00903,344.9867,6722.135,"spacetrack"
100197,"2026-08-27 22:22:34.61+00",0.0020121,15.752958,0.00312673,0.0001667,342.66882,344.90994,6721.9263,"spacetrack"
100197,"2026-08-28 22:46:14.989+00",0.0014089,15.752736,0.00216203,0.0001532,342.82297,344.8826,6721.9897,"spacetrack"
100197,"2026-08-29 20:06:57.269+00",0.0013331,15.75262,0.00204171,0.0001999,342.54196,345.2294,6722.0225,"spacetrack"
100198,"2026-08-22 13:13:50.009+00",-0.005106,15.789023,-0.00816904,0.0001151,332.77704,334.32205,6711.6865,"spacetrack"
100198,"2026-08-23 22:45:16.618+00",0.0014111,15.752483,0.00216302,0.0001753,342.7462,345.10294,6722.0615,"spacetrack"
100198,"2026-08-25 11:20:47.229+00",0.0013577,15.752797,0.00208194,0.0001643,342.731,344.93982,6721.972,"spacetrack"
100198,"2026-08-26 22:24:49.6+00",0.00098034,15.752171,0.00148844,0.0001267,343.1619,344.8653,6722.1504,"spacetrack"
100198,"2026-08-27 12:08:08.486+00",0.0014707,15.752505,0.00225721,0.0001236,343.08752,344.74924,6722.055,"spacetrack"
100198,"2026-08-28 12:31:49.138+00",0.0016996,15.752941,0.00262504,0.0001875,342.53412,345.05484,6721.9316,"spacetrack"
100198,"2026-08-29 14:26:57.69+00",0.00091303,15.752457,0.0013862,0.0001463,342.94876,344.91565,6722.0693,"spacetrack"
100199,"2026-08-22 13:59:28.344+00",0.00055694,15.752152,0.00083854,0.0001618,342.93103,345.10632,6722.156,"spacetrack"
100199,"2026-08-23 17:26:06.373+00",0.0010988,15.7523365,0.00167335,0.000124,343.13275,344.79984,6722.1035,"spacetrack"
100199,"2026-08-24 19:21:15.624+00",0.0013893,15.752644,0.00213027,0.0001341,342.9777,344.78055,6722.016,"spacetrack"
100199,"2026-08-25 12:07:32.606+00",0.0010271,15.752179,0.00156086,0.0001016,343.3281,344.69403,6722.148,"spacetrack"
100199,"2026-08-26 10:59:44.603+00",0.0017665,15.7528,0.00273009,0.0001894,342.5615,345.1078,6721.9717,"spacetrack"
100199,"2026-08-27 12:54:53.538+00",0.0015684,15.752626,0.00241291,0.0001816,342.66327,345.1047,6722.021,"spacetrack"
100199,"2026-08-28 11:47:05.587+00",0.00096016,15.752403,0.00145889,0.0002732,342.11087,345.7838,6722.0845,"spacetrack"
100199,"2026-08-29 12:10:45.376+00",0.00082816,15.752468,0.00125538,0.0001825,342.70224,345.1558,6722.066,"spacetrack"
100200,"2026-08-22 15:14:41.302+00",0.00058093,15.752267,0.00087553,0.0001442,343.0168,344.95547,6722.123,"spacetrack"
100200,"2026-08-23 17:09:50.465+00",0.00061712,15.7523,0.00093088,0.0001311,343.09546,344.858,6722.114,"spacetrack"
100200,"2026-08-24 22:07:57.758+00",0.0013124,15.752552,0.00200861,0.0001316,343.02045,344.78967,6722.042,"spacetrack"
100200,"2026-08-25 02:42:23.534+00",0.0015122,15.751986,0.00231741,9.19e-05,343.44858,344.6841,6722.203,"spacetrack"
100200,"2026-08-26 12:14:57.337+00",0.00083267,15.752192,0.00126076,0.0001123,343.25275,344.76254,6722.1445,"spacetrack"
100200,"2026-08-27 11:07:08.896+00",0.0010676,15.752346,0.00162492,2.05e-05,343.8259,344.1015,6722.1006,"spacetrack"
100200,"2026-08-28 23:42:40.363+00",0.0012999,15.752032,0.00198472,0.0003054,342.00006,346.106,6722.19,"spacetrack"
100200,"2026-08-29 22:34:51.491+00",0.0021663,15.753043,0.00337776,0.0001408,342.81882,344.7117,6721.9023,"spacetrack"
100201,"2026-08-22 14:02:00.726+00",0.00050735,15.752151,0.00076309,0.000173,342.85648,345.18234,6722.1562,"spacetrack"
100201,"2026-08-23 23:34:33.805+00",0.0013278,15.752601,0.00203327,0.0001267,343.0396,344.74298,6722.0283,"spacetrack"
100201,"2026-08-24 19:23:48.119+00",0.0015373,15.752567,0.00236315,0.0001712,342.75,345.05164,6722.0376,"spacetrack"
100201,"2026-08-25 10:38:35.997+00",0.0011971,15.752472,0.00182751,0.0001757,342.74673,345.10886,6722.065,"spacetrack"
100201,"2026-08-26 11:02:16.893+00",0.0010916,15.752267,0.00166157,0.0001846,342.74524,345.22705,6722.123,"spacetrack"
100201,"2026-08-27 20:34:49.808+00",0.00089383,15.752127,0.00135457,0.000138,343.0985,344.95383,6722.163,"spacetrack"
100201,"2026-08-28 02:40:45.42+00",0.00087714,15.752129,0.00132897,0.0002418,342.4001,345.65094,6722.1626,"spacetrack"
100201,"2026-08-29 19:50:41.743+00",0.0012396,15.752145,0.00189115,0.0001714,342.86887,345.17322,6722.158,"spacetrack"
100202,"2026-08-22 11:02:06.07+00",0.00075888,15.752263,0.00114776,0.0001512,342.971,345.00375,6722.1245,"spacetrack"
100202,"2026-08-23 17:31:41.802+00",0.0013121,15.75245,0.00200726,0.0001003,343.2598,344.60825,6722.071,"spacetrack"
100202,"2026-08-24 11:49:27.258+00",0.0011516,15.752406,0.00175604,0.0001086,343.21646,344.6765,6722.0835,"spacetrack"
100202,"2026-08-25 12:13:07.686+00",0.0011071,15.752357,0.00168635,9.56e-05,343.31793,344.6032,6722.0977,"spacetrack"
100202,"2026-08-26 11:05:18.696+00",0.0015261,15.753184,0.00235185,0.0001529,342.69745,344.753,6721.8623,"spacetrack"
100202,"2026-08-27 22:09:21.53+00",0.0016486,15.75274,0.00254152,6.18e-05,343.4361,344.26694,6721.9883,"spacetrack"
100202,"2026-08-28 11:52:40.748+00",0.00068098,15.752058,0.00102741,0.0001056,343.33582,344.75555,6722.1826,"spacetrack"
100202,"2026-08-29 12:16:20.577+00",0.0019834,15.753213,0.00308395,0.0001382,342.78818,344.64612,6721.854,"spacetrack"
100213,"2026-08-22 14:31:30.255+00",0.00045418,15.808265,0.00087775,8.29e-05,327.54633,328.65823,6706.2393,"spacetrack"
100213,"2026-08-23 22:25:43.853+00",0.00085849,15.809005,0.00168153,0.0001211,327.08093,328.70514,6706.03,"spacetrack"
100213,"2026-08-24 13:37:16.262+00",0.0011773,15.808457,0.00231782,8.7e-06,327.98932,328.106,6706.1846,"spacetrack"
100213,"2026-08-25 12:24:34.638+00",0.00167,15.809299,0.00334068,2.58e-05,327.63657,327.98257,6705.947,"spacetrack"
100213,"2026-08-26 09:40:48.899+00",0.0010542,15.805821,0.00204588,0.0006166,324.65784,332.92883,6706.93,"spacetrack"
100213,"2026-08-28 21:06:01.576+00",0.00085141,15.752691,0.00129252,0.0002249,342.3536,345.37717,6722.0024,"spacetrack"
100213,"2026-08-29 23:01:10.233+00",0.00093897,15.752128,0.00142423,0.0001182,343.23117,344.82028,6722.1626,"spacetrack"
100214,"2026-08-22 15:17:37.412+00",0.0006432,15.752011,0.00096957,0.0002221,342.5658,345.5518,6722.196,"spacetrack"
100214,"2026-08-23 21:47:09.972+00",0.00095587,15.752323,0.00145181,0.0003103,341.88422,346.05594,6722.107,"spacetrack"
100214,"2026-08-24 09:59:01.502+00",0.0011429,15.752051,0.00173974,0.0001759,342.86514,345.22998,6722.1846,"spacetrack"
100214,"2026-08-25 22:34:34.256+00",0.0015286,15.7535515,0.00235968,0.0001187,342.8228,344.41855,6721.758,"spacetrack"
100214,"2026-08-26 13:49:21.789+00",0.00092574,15.752103,0.00140366,2.55e-05,343.86136,344.2042,6722.17,"spacetrack"
100214,"2026-08-27 09:38:35.827+00",0.0015306,15.752703,0.00235387,0.0001805,342.64886,345.0755,6721.999,"spacetrack"
100214,"2026-08-28 20:42:37.651+00",0.0013085,15.752847,0.00200513,7.54e-05,343.31454,344.32822,6721.9585,"spacetrack"
100214,"2026-08-29 13:28:54.238+00",0.0024024,15.753457,0.0037701,0.0002043,342.2744,345.02094,6721.7847,"spacetrack"
100215,"2026-08-22 15:20:39.83+00",0.00069865,15.752133,0.00105479,0.0001105,343.28146,344.76706,6722.161,"spacetrack"
100215,"2026-08-23 21:50:15.73+00",0.00094025,15.752181,0.00142654,0.0001161,343.23007,344.79095,6722.1475,"spacetrack"
100215,"2026-08-24 14:36:32.277+00",0.0011263,15.751774,0.00171175,8.66e-05,343.54428,344.7086,6722.2637,"spacetrack"
100215,"2026-08-25 22:37:37.129+00",0.0019765,15.754116,0.00308527,9.35e-05,342.8318,344.08875,6721.597,"spacetrack"
100215,"2026-08-26 13:52:24.754+00",0.0013607,15.752245,0.00208162,8.27e-05,343.43655,344.5484,6722.1294,"spacetrack"
100215,"2026-08-27 14:16:05.458+00",0.0013088,15.752579,0.00200324,0.0001152,343.1231,344.67188,6722.0347,"spacetrack"
100215,"2026-08-28 19:14:12.368+00",0.0013054,15.753096,0.00200246,0.000115,342.97754,344.52356,6721.8877,"spacetrack"
100215,"2026-08-29 16:34:54.424+00",0.0024005,15.753951,0.00377551,0.0002102,342.09412,344.9199,6721.644,"spacetrack"
100216,"2026-08-22 14:59:19.353+00",0.00070336,15.752159,0.00106212,0.0001106,343.2733,344.76022,6722.154,"spacetrack"
100216,"2026-08-23 21:28:54.746+00",0.0014245,15.752547,0.00218486,3.02e-05,343.70337,344.1094,6722.0435,"spacetrack"
100216,"2026-08-24 12:43:42.742+00",0.001283,15.752411,0.00196137,1.25e-05,343.86127,344.0293,6722.0825,"spacetrack"
100216,"2026-08-25 14:38:52.514+00",0.0012488,15.7520075,0.00190445,0.0002163,342.60608,345.5141,6722.1973,"spacetrack"
100216,"2026-08-26 13:31:04.344+00",0.0010766,15.752384,0.0016391,0.0001015,343.27045,344.635,6722.09,"spacetrack"
100216,"2026-08-27 13:54:45.283+00",0.002048,15.752975,0.00318487,0.0001968,342.46167,345.10742,6721.9214,"spacetrack"
100216,"2026-08-28 02:06:35.053+00",0.0013191,15.75269,0.00202035,0.0001297,342.994,344.73767,6722.003,"spacetrack"
100216,"2026-08-29 14:42:05.333+00",-9.4286e-05,15.752408,-0.00014202,0.0001949,342.63586,345.25613,6722.083,"spacetrack"
100217,"2026-08-22 14:27:11.461+00",0.00097399,15.808631,0.00190993,0.0002741,326.16055,329.83685,6706.1357,"spacetrack"
100217,"2026-08-23 22:21:25.497+00",0.00051975,15.808084,0.00100533,0.0001201,327.348,328.95883,6706.2905,"spacetrack"
100217,"2026-08-24 13:32:57.606+00",0.001209,15.809325,0.00239175,5.11e-05,327.4597,328.14502,6705.9395,"spacetrack"
100217,"2026-08-25 13:51:24.866+00",0.00090091,15.808499,0.00176238,0.0002338,326.4679,329.60373,6706.173,"spacetrack"
100217,"2026-08-26 14:09:51.612+00",0.0011949,15.8081255,0.0023497,0.0001447,327.17133,329.11212,6706.279,"spacetrack"
100217,"2026-08-27 22:05:35.66+00",-0.0051345,15.77535,-0.00776717,0.0002794,335.55103,339.30368,6715.5645,"spacetrack"
100217,"2026-08-28 20:57:23.067+00",0.00088187,15.752215,0.00133671,0.0001817,342.77954,345.22238,6722.138,"spacetrack"
100217,"2026-08-29 22:52:31.798+00",0.00095282,15.752214,0.00144617,0.000138,343.07346,344.92877,6722.138,"spacetrack"
100218,"2026-08-22 15:15:04.593+00",0.00053768,15.752068,0.00080891,0.0001361,343.12796,344.95773,6722.1797,"spacetrack"
100218,"2026-08-23 21:44:39.97+00",0.0014258,15.752683,0.00218812,6.41e-05,343.43692,344.29868,6722.005,"spacetrack"
100218,"2026-08-24 12:59:27.926+00",0.0015874,15.75262,0.00244307,2.23e-05,343.73584,344.03564,6722.023,"spacetrack"
100218,"2026-08-25 02:42:47.197+00",0.0012544,15.751881,0.00191197,0.0001222,343.2747,344.9176,6722.233,"spacetrack"
100218,"2026-08-26 13:46:49.451+00",0.0010449,15.752098,0.00158783,0.0001095,343.29822,344.7704,6722.1714,"spacetrack"
100218,"2026-08-27 12:39:00.731+00",0.0012961,15.752653,0.001984,4.39e-05,343.5813,344.17148,6722.013,"spacetrack"
100218,"2026-08-28 20:40:04.489+00",0.0011829,15.753052,0.00181015,0.0002734,341.92517,345.6007,6721.9,"spacetrack"
100218,"2026-08-29 08:51:55.032+00",0.0017255,15.753116,0.00266843,0.0001763,342.55963,344.92978,6721.882,"spacetrack"
100219,"2026-08-22 14:48:39.046+00",0.00058757,15.752105,0.00088501,0.0001165,343.24915,344.81543,6722.1694,"spacetrack"
100219,"2026-08-23 22:49:43.345+00",0.0006922,15.7522135,0.00104529,8.4e-05,343.4366,344.56592,6722.138,"spacetrack"
100219,"2026-08-24 09:30:05.102+00",0.00183,15.752659,0.00283,9.25e-05,343.25293,344.4965,6722.0117,"spacetrack"
100219,"2026-08-25 09:53:45.754+00",0.0014545,15.752365,0.00223029,0.0001566,342.9056,345.01096,6722.095,"spacetrack"
100219,"2026-08-26 22:29:16.882+00",0.0010547,15.752963,0.00160931,0.0001513,342.77112,344.80518,6721.9253,"spacetrack"
100219,"2026-08-27 18:18:30.81+00",0.0014956,15.752559,0.00229709,0.0001422,342.94742,344.85916,6722.0405,"spacetrack"
100219,"2026-08-28 14:07:44.503+00",0.0013057,15.752724,0.00199962,0.0001182,343.06165,344.65073,6721.993,"spacetrack"
100219,"2026-08-29 22:08:49.537+00",0.0011801,15.753286,0.00180747,0.0001779,342.50037,344.892,6721.833,"spacetrack"
100220,"2026-08-22 12:47:11.198+00",-0.0026107,15.753571,-0.00375684,0.000188,342.3517,344.8791,6721.7524,"spacetrack"
100220,"2026-08-23 22:19:44.651+00",0.00076685,15.752288,0.00116011,0.000131,343.0995,344.8607,6722.117,"spacetrack"
100220,"2026-08-24 13:34:30.922+00",0.0013825,15.7523155,0.00211652,0.0001498,342.9653,344.97922,6722.1094,"spacetrack"
100220,"2026-08-25 13:58:13.817+00",0.0012981,15.752225,0.00198329,0.0001431,343.03616,344.96005,6722.1353,"spacetrack"
100220,"2026-08-26 23:30:46.795+00",0.0010587,15.753065,0.00161628,0.0001966,342.43768,345.08072,6721.896,"spacetrack"
100220,"2026-08-27 14:45:35.012+00",0.0012988,15.752151,0.00198402,0.000287,342.0899,345.94843,6722.1562,"spacetrack"
100220,"2026-08-28 21:15:10.371+00",0.0020963,15.752641,0.00325821,0.0001924,342.5864,345.17303,6722.0166,"spacetrack"
100220,"2026-08-29 14:01:25.816+00",0.00096988,15.751941,0.00147076,0.0001148,343.3072,344.85062,6722.216,"spacetrack"
100221,"2026-08-22 14:42:33.424+00",0.0016657,15.752736,0.00256874,0.000139,342.91837,344.78708,6721.9897,"spacetrack"
100221,"2026-08-23 22:43:37.715+00",0.00092278,15.752271,0.00140011,0.0001163,343.20337,344.76694,6722.122,"spacetrack"
100221,"2026-08-24 12:26:57.782+00",0.0012915,15.752123,0.00197214,1.72e-05,343.91153,344.14276,6722.164,"spacetrack"
100221,"2026-08-25 12:50:37.378+00",0.0014395,15.75292,0.00221217,7.76e-05,343.27863,344.32187,6721.937,"spacetrack"
100221,"2026-08-26 13:14:19.612+00",0.001709,15.752454,0.00263446,4.84e-05,343.6077,344.2584,6722.07,"spacetrack"
100221,"2026-08-27 13:37:58.413+00",0.0011773,15.752575,0.00179739,0.0001494,342.89417,344.9027,6722.0356,"spacetrack"
100221,"2026-08-28 14:01:39.167+00",0.0012632,15.752543,0.00193151,7.92e-05,343.37503,344.43982,6722.0444,"spacetrack"
100221,"2026-08-29 12:53:50.514+00",0.002039,15.753217,0.00317387,0.0001589,342.6478,344.78403,6721.853,"spacetrack"
100222,"2026-08-22 14:40:00.77+00",0.00047294,15.751967,0.00071023,0.0001381,343.143,344.99966,6722.2085,"spacetrack"
100222,"2026-08-23 22:41:05.097+00",0.0014544,15.752693,0.00223339,0.0001032,343.1713,344.55872,6722.002,"spacetrack"
100222,"2026-08-24 13:55:53.195+00",0.0013233,15.752121,0.00202188,0.000125,343.1875,344.86804,6722.1646,"spacetrack"
100222,"2026-08-25 12:48:04.657+00",0.001539,15.752652,0.00236672,2.91e-05,343.68085,344.07208,6722.0137,"spacetrack"
100222,"2026-08-26 02:31:24.037+00",0.0012719,15.75211,0.00194125,8.07e-05,343.48856,344.57352,6722.168,"spacetrack"
100222,"2026-08-27 19:41:21.178+00",0.0011007,15.752307,0.00167601,6.56e-05,343.53394,344.4159,6722.112,"spacetrack"
100222,"2026-08-28 13:59:07.617+00",0.0014236,15.752038,0.00217845,0.0001107,343.30707,344.79535,6722.188,"spacetrack"
100222,"2026-08-29 14:22:45.696+00",0.0016516,15.753232,0.00255184,0.0001673,342.58716,344.83627,6721.8486,"spacetrack"
100223,"2026-08-22 14:35:57.452+00",0.00046331,15.751894,0.0006955,0.0002858,342.17096,346.0134,6722.229,"spacetrack"
100223,"2026-08-23 22:37:01.076+00",0.0017071,15.7529,0.00263655,0.0001284,342.943,344.6692,6721.943,"spacetrack"
100223,"2026-08-24 21:29:13.27+00",0.0019014,15.752659,0.00294445,9.22e-05,343.25482,344.49435,6722.0117,"spacetrack"
100223,"2026-08-25 12:44:00.96+00",0.0011156,15.752523,0.00170088,8.2e-05,343.36212,344.46454,6722.0503,"spacetrack"
100223,"2026-08-26 14:39:08.429+00",0.0015188,15.752858,0.00233688,0.0001339,342.91785,344.718,6721.955,"spacetrack"
100223,"2026-08-27 13:31:21.994+00",0.0014489,15.752289,0.00222068,9.98e-05,343.30896,344.6507,6722.1167,"spacetrack"
100223,"2026-08-28 13:55:02.618+00",0.0010478,15.752245,0.00159349,6.78e-05,343.5368,344.44833,6722.1294,"spacetrack"
100223,"2026-08-29 12:47:13.312+00",0.0017741,15.753101,0.00274603,7.9e-05,343.2179,344.27997,6721.8857,"spacetrack"
100224,"2026-08-22 14:24:15.226+00",0.00088807,15.752336,0.00134692,0.0001136,343.203,344.73026,6722.1035,"spacetrack"
100224,"2026-08-23 22:25:20.017+00",0.00081256,15.75233,0.00123059,0.000142,343.01364,344.92273,6722.105,"spacetrack"
100224,"2026-08-24 21:17:32.355+00",0.0018138,15.752663,0.00280412,0.0002319,342.31482,345.43246,6722.0107,"spacetrack"
100224,"2026-08-25 14:03:48.992+00",0.0012912,15.752019,0.00197083,0.0002391,342.4495,345.66406,6722.194,"spacetrack"
100224,"2026-08-26 14:27:29.647+00",0.0013518,15.751899,0.00206457,0.0002047,342.7148,345.4669,6722.228,"spacetrack"
100224,"2026-08-27 02:39:19.433+00",0.0011142,15.752012,0.00169474,0.0001286,343.1942,344.92316,6722.196,"spacetrack"
100224,"2026-08-28 13:43:21.68+00",0.0015384,15.752628,0.0023654,0.0001341,342.98184,344.7847,6722.0205,"spacetrack"
100224,"2026-08-29 14:07:01.252+00",0.0010913,15.752004,0.00165911,0.000127,343.20746,344.9149,6722.198,"spacetrack"
100225,"2026-08-22 14:08:52.988+00",-0.00075788,15.804686,-0.00140774,0.0002294,327.576,330.65326,6707.2515,"spacetrack"
100225,"2026-08-23 22:07:32.381+00",-0.0012736,15.752811,-0.00186728,0.0001047,343.12756,344.53516,6721.9683,"spacetrack"
100225,"2026-08-24 20:59:43.571+00",0.001298,15.752452,0.00198531,0.0002393,342.32492,345.5421,6722.0703,"spacetrack"
100225,"2026-08-25 13:46:02.082+00",0.0011277,15.751526,0.0017121,0.0001112,343.44943,344.9445,6722.334,"spacetrack"
100225,"2026-08-26 21:47:05.783+00",0.00091931,15.752368,0.00139535,7.18e-05,343.47476,344.44003,6722.094,"spacetrack"
100225,"2026-08-27 09:58:56.192+00",0.0018237,15.752661,0.00281999,7.17e-05,343.3922,344.35614,6722.011,"spacetrack"
100225,"2026-08-28 21:02:58.825+00",0.0022285,15.753957,0.00349332,0.0001243,342.66998,344.34097,6721.6426,"spacetrack"
100225,"2026-08-29 13:49:16.067+00",0.0014678,15.752525,0.00225286,8.19e-05,343.36224,344.46332,6722.05,"spacetrack"
100226,"2026-08-22 14:53:14.412+00",0.00048686,15.751658,0.00073035,0.0001115,343.4097,344.90878,6722.2964,"spacetrack"
100226,"2026-08-23 21:22:49.001+00",0.00058561,15.752264,0.00088263,6.77e-05,343.53198,344.44214,6722.124,"spacetrack"
100226,"2026-08-24 12:37:36.727+00",0.0016462,15.752702,0.00253733,3.4e-05,343.6339,344.09103,6721.9995,"spacetrack"
100226,"2026-08-25 14:32:46.586+00",0.0012971,15.752729,0.0019861,0.0001074,343.13257,344.57645,6721.9917,"spacetrack"
100226,"2026-08-26 22:33:51.464+00",0.0013856,15.753469,0.00213223,0.0001555,342.59888,344.68936,6721.7812,"spacetrack"
100226,"2026-08-27 18:23:05.04+00",0.0014315,15.752581,0.00219607,0.000116,343.11722,344.67673,6722.034,"spacetrack"
100226,"2026-08-28 14:12:19.371+00",0.0010403,15.752308,0.0015823,0.0001019,343.28943,344.6594,6722.1113,"spacetrack"
100226,"2026-08-29 14:35:59.61+00",0.002406,15.753717,0.00378055,0.0001542,342.53717,344.61014,6721.7104,"spacetrack"
100227,"2026-08-22 15:37:48.417+00",-0.0015357,15.8060055,-0.0028219,8.67e-05,328.15964,329.32263,6706.878,"spacetrack"
100227,"2026-08-23 22:04:29.65+00",-0.00533,15.754976,-0.00739633,0.0001236,342.3847,344.04623,6721.3525,"spacetrack"
100227,"2026-08-24 20:56:41.929+00",0.0013929,15.752438,0.00213411,0.0001965,342.61664,345.25842,6722.0747,"spacetrack"
100227,"2026-08-25 13:42:57.012+00",0.00079258,15.751776,0.00119695,0.0001356,343.2144,345.03745,6722.2627,"spacetrack"
100227,"2026-08-26 23:15:31.67+00",0.0017414,15.752864,0.00269079,8.69e-05,343.23227,344.40054,6721.9536,"spacetrack"
100227,"2026-08-27 14:30:19.336+00",0.0013254,15.752157,0.00202558,3.71e-05,343.76794,344.26672,6722.1543,"spacetrack"
100227,"2026-08-28 20:59:55.569+00",0.002393,15.754161,0.00376669,0.0001185,342.65094,344.24396,6721.5845,"spacetrack"
100227,"2026-08-29 21:23:35.194+00",0.0016762,15.752692,0.00258495,8.55e-05,343.2904,344.43985,6722.002,"spacetrack"
100228,"2026-08-22 12:41:03.285+00",0.0017094,15.753618,0.00264879,3.12e-05,343.392,343.81146,6721.739,"spacetrack"
100228,"2026-08-23 22:13:38.552+00",0.00097032,15.752349,0.0014741,0.0001331,343.06815,344.85754,6722.0996,"spacetrack"
100228,"2026-08-24 13:28:26.734+00",0.0012657,15.752551,0.00193548,6.49e-05,343.46915,344.34164,6722.0425,"spacetrack"
100228,"2026-08-25 01:40:16.911+00",0.0014711,15.752912,0.00226199,0.0001342,342.90082,344.705,6721.94,"spacetrack"
100228,"2026-08-26 12:44:18.744+00",0.0012514,15.75262,0.00191361,0.0001058,343.17468,344.59705,6722.023,"spacetrack"
100228,"2026-08-27 14:39:28.675+00",0.0015934,15.752479,0.00245096,0.0001099,343.18735,344.66486,6722.063,"spacetrack"
100228,"2026-08-28 13:31:41.475+00",0.0011222,15.75196,0.00170681,0.0001603,342.99597,345.15112,6722.2104,"spacetrack"
100228,"2026-08-29 13:55:20.084+00",0.0012582,15.752777,0.00192569,0.000174,342.67145,345.01068,6721.978,"spacetrack"
100229,"2026-08-22 14:30:21.518+00",0.00045371,15.752011,0.00068119,0.0001508,343.04532,345.07272,6722.196,"spacetrack"
100229,"2026-08-23 22:31:25.949+00",0.0011429,15.752425,0.00174264,0.000125,343.101,344.78152,6722.078,"spacetrack"
100229,"2026-08-24 21:23:37.766+00",0.0016869,15.752642,0.0026013,0.0001128,343.1213,344.6378,6722.0166,"spacetrack"
100229,"2026-08-25 03:29:32.69+00",0.0014883,15.752419,0.00228407,0.0001156,343.1656,344.71973,6722.0796,"spacetrack"
100229,"2026-08-26 22:10:59.259+00",0.0011815,15.7522955,0.00180176,0.000173,342.81525,345.1411,6722.115,"spacetrack"
100229,"2026-08-27 02:45:25.615+00",0.0011977,15.75245,0.0018282,6.84e-05,343.4742,344.3938,6722.071,"spacetrack"
100229,"2026-08-28 13:49:27.481+00",0.001236,15.752389,0.00188751,0.0001095,343.2154,344.68753,6722.0884,"spacetrack"
100229,"2026-08-29 17:16:04.2+00",0.0010086,15.7519865,0.00153098,0.0001217,343.24786,344.88406,6722.203,"spacetrack"
100230,"2026-08-22 15:34:32.136+00",0.00042806,15.808467,0.00082748,0.0001179,327.25436,328.8357,6706.182,"spacetrack"
100230,"2026-08-23 21:58:21.427+00",-0.0051096,15.786253,-0.00808255,0.0001511,333.32034,335.34885,6712.4717,"spacetrack"
100230,"2026-08-24 22:21:03.669+00",5.4399e-05,15.752327,8.007e-05,0.0001887,342.70065,345.23758,6722.106,"spacetrack"
100230,"2026-08-25 13:35:51.301+00",0.0012775,15.7528305,0.0019565,0.0002485,342.1555,345.4963,6721.963,"spacetrack"
100230,"2026-08-26 21:36:56.265+00",0.0010375,15.752239,0.00157738,6.98e-05,343.52493,344.46335,6722.1313,"spacetrack"
100230,"2026-08-27 22:00:36.926+00",0.00088145,15.752144,0.00133559,0.0001264,343.17157,344.8709,6722.158,"spacetrack"
100230,"2026-08-28 20:52:48.848+00",0.001516,15.752394,0.00232767,0.0002036,342.58136,345.3186,6722.087,"spacetrack"
100230,"2026-08-29 13:39:04.5+00",0.0019689,15.753065,0.0030586,7.69e-05,343.2422,344.27603,6721.896,"spacetrack"
100231,"2026-08-22 12:31:08.525+00",0.0012972,15.809154,0.00256974,3.45e-05,327.6194,328.0821,6705.988,"spacetrack"
100231,"2026-08-23 21:56:31.293+00",0.00099163,15.808875,0.00194737,0.0001383,327.00226,328.85715,6706.067,"spacetrack"
100231,"2026-08-24 20:43:49.365+00",0.0012531,15.809097,0.00247934,0.0003294,325.65775,330.07565,6706.004,"spacetrack"
100231,"2026-08-25 22:33:27.214+00",0.0011962,15.80989,0.00237193,0.0001199,326.83868,328.44675,6705.78,"spacetrack"
100231,"2026-08-26 13:44:59.313+00",0.00029414,15.8073435,0.00056352,3.28e-05,328.14294,328.5829,6706.5,"spacetrack"
100231,"2026-08-27 21:42:48.579+00",-0.0048482,15.755416,-0.00678768,7.18e-05,342.6079,343.5731,6721.2275,"spacetrack"
100231,"2026-08-28 22:06:30.065+00",0.0010508,15.752431,0.00159939,0.0001358,343.0268,344.8525,6722.0767,"spacetrack"
100231,"2026-08-29 22:30:10.273+00",0.0008075,15.752058,0.00122134,0.0001288,343.17978,344.9114,6722.1826,"spacetrack"
100232,"2026-08-22 14:01:12.57+00",0.00074836,15.808792,0.00146048,7.07e-05,327.47885,328.4271,6706.09,"spacetrack"
100232,"2026-08-23 21:55:26.749+00",0.001126,15.808926,0.00221884,0.0001047,327.21332,328.61755,6706.0522,"spacetrack"
100232,"2026-08-24 14:38:08.275+00",0.0013271,15.808158,0.00261845,0.000118,327.34097,328.92365,6706.2695,"spacetrack"
100232,"2026-08-25 02:47:21.697+00",0.00088443,15.80847,0.00172913,0.0001611,326.9639,329.12463,6706.181,"spacetrack"
100232,"2026-08-26 13:43:54.665+00",0.0010144,15.808673,0.00199133,0.0001189,327.18945,328.78418,6706.124,"spacetrack"
100232,"2026-08-27 21:38:48.355+00",-0.0065126,15.787652,-0.01011619,7.35e-05,333.44473,334.43143,6712.075,"spacetrack"
100232,"2026-08-28 22:01:24.916+00",-0.00013538,15.752567,-0.00020332,0.0001319,343.01422,344.78748,6722.038,"spacetrack"
100232,"2026-08-29 22:25:05.257+00",0.00088366,15.752232,0.00133951,9.2e-05,343.37772,344.6146,6722.1333,"spacetrack"
100233,"2026-08-22 15:31:17.625+00",0.00098864,15.80875,0.00194024,0.0001683,326.83624,329.09354,6706.102,"spacetrack"
100233,"2026-08-23 21:54:46.689+00",-0.0035985,15.793592,-0.00604332,0.0007425,327.2726,337.23755,6710.392,"spacetrack"
100233,"2026-08-24 14:39:39.631+00",-0.0053413,15.763317,-0.00766638,0.0001971,339.5201,342.16873,6718.9814,"spacetrack"
100233,"2026-08-25 13:31:47.444+00",0.0013891,15.752797,0.00213149,5.45e-05,343.46906,344.20175,6721.9727,"spacetrack"
100233,"2026-08-26 23:04:20.919+00",0.0012002,15.752479,0.0018324,6.66e-05,343.4783,344.3737,6722.063,"spacetrack"
100233,"2026-08-27 21:56:32.821+00",0.00070041,15.752079,0.00105723,8.25e-05,343.4851,344.59427,6722.177,"spacetrack"
100233,"2026-08-28 20:48:44.821+00",0.0014649,15.752384,0.00224688,0.0001391,343.01776,344.88785,6722.09,"spacetrack"
100233,"2026-08-29 16:37:58.361+00",0.0018427,15.752698,0.00285081,0.0001087,343.13284,344.5942,6722.0005,"spacetrack"
100234,"2026-08-22 21:34:48.939+00",0.0012824,15.808965,0.00253706,0.0001217,327.08813,328.72037,6706.041,"spacetrack"
100234,"2026-08-23 21:53:16.803+00",0.00096705,15.80886,0.00189783,8.77e-05,327.34573,328.52197,6706.071,"spacetrack"
100234,"2026-08-24 14:35:58.962+00",0.0014042,15.808458,0.00277981,0.0002799,326.17035,329.92447,6706.1846,"spacetrack"
100234,"2026-08-25 02:45:12.216+00",0.00081664,15.808785,0.00159632,0.0001046,327.25345,328.65634,6706.092,"spacetrack"
100234,"2026-08-26 13:41:44.46+00",0.0011984,15.80883,0.00236466,0.000123,327.11755,328.76724,6706.0796,"spacetrack"
100234,"2026-08-27 14:00:12.697+00",0.0014042,15.809203,0.00278929,0.0001984,326.50644,329.16736,6705.974,"spacetrack"
100234,"2026-08-28 21:54:26.134+00",0.0013971,15.809224,0.00277498,0.0001493,326.8298,328.8322,6705.968,"spacetrack"
100234,"2026-08-29 22:12:53.694+00",0.0012491,15.808498,0.00246401,0.000291,326.0846,329.98758,6706.1733,"spacetrack"
100235,"2026-08-22 14:27:19.67+00",0.00064028,15.751653,0.0009636,0.0002286,342.6241,345.69754,6722.298,"spacetrack"
100235,"2026-08-23 22:28:22.968+00",0.001825,15.752866,0.00282462,7.95e-05,343.2813,344.3501,6721.9526,"spacetrack"
100235,"2026-08-24 21:20:34.611+00",0.0010015,15.75237,0.00152252,3.17e-05,343.7439,344.17007,6722.0938,"spacetrack"
100235,"2026-08-25 12:35:22.716+00",0.0018764,15.752837,0.00290675,7.14e-05,343.34393,344.30383,6721.961,"spacetrack"
100235,"2026-08-26 06:53:08.365+00",0.00099181,15.751978,0.00150496,0.0002124,342.64066,345.49625,6722.2056,"spacetrack"
100235,"2026-08-27 07:16:48.61+00",0.0011722,15.752542,0.00178921,0.0001291,343.04034,344.77597,6722.045,"spacetrack"
100235,"2026-08-28 21:23:46.597+00",0.0015787,15.753254,0.00243619,4.87e-05,343.37805,344.03275,6721.8423,"spacetrack"
100235,"2026-08-29 12:38:34.953+00",0.0012938,15.752606,0.00197998,4.69e-05,343.57437,344.2049,6722.027,"spacetrack"
100236,"2026-08-22 14:16:08.101+00",0.00072137,15.751995,0.00108893,0.0001384,343.13324,344.99396,6722.2007,"spacetrack"
100236,"2026-08-23 22:17:12.262+00",0.0011333,15.752278,0.00172647,0.0001232,343.15466,344.81097,6722.1196,"spacetrack"
100236,"2026-08-24 13:32:00.032+00",0.0011177,15.75248,0.00170373,8.04e-05,343.3853,344.46622,6722.063,"spacetrack"
100236,"2026-08-25 13:55:40.509+00",0.0011283,15.752533,0.00172072,0.0001411,342.96213,344.8591,6722.048,"spacetrack"
100236,"2026-08-26 14:19:21.707+00",0.001243,15.752551,0.00189981,0.0001383,342.97562,344.83493,6722.0425,"spacetrack"
100236,"2026-08-27 22:20:26.004+00",0.0016745,15.7531805,0.0025878,0.0001987,342.39078,345.06204,6721.8633,"spacetrack"
100236,"2026-08-28 21:12:37.77+00",0.0012785,15.75243,0.00195449,0.0001638,342.83878,345.04092,6722.0767,"spacetrack"
100236,"2026-08-29 13:58:53.095+00",0.0013908,15.752686,0.00213303,5.38e-05,343.50555,344.22885,6722.0044,"spacetrack"
100245,"2026-08-22 11:58:30.853+00",0.0011378,15.632848,0.00384015,0.0215535,232.55396,523.79834,6756.313,"spacetrack"
100245,"2026-08-23 07:54:15.343+00",0.0012013,15.639915,0.00408473,0.0212524,232.59612,519.68536,6754.278,"spacetrack"
100245,"2026-08-24 08:25:10.903+00",0.0012572,15.649016,0.00434387,0.0209154,232.30798,514.7353,6751.6587,"spacetrack"
100245,"2026-08-25 04:19:38.722+00",0.0013808,15.657174,0.00482466,0.020586,232.23494,510.11768,6749.3135,"spacetrack"
100245,"2026-08-27 08:20:40.579+00",0.0013545,15.6786175,0.00497798,0.019889,230.90623,499.13556,6743.1577,"spacetrack"
100245,"2026-08-28 17:57:50.962+00",0.0014177,15.69279,0.00528121,0.019266,231.12486,490.79578,6739.097,"spacetrack"
100245,"2026-08-29 12:17:17.887+00",0.0016352,15.702112,0.00619331,0.018914,230.88008,485.70575,6736.4297,"spacetrack"
100246,"2026-08-22 14:15:49.959+00",0.00068997,15.752169,0.00104168,0.0001248,343.1753,344.85315,6722.1514,"spacetrack"
100246,"2026-08-23 20:45:25.431+00",0.0013332,15.752499,0.00204083,4.14e-05,343.6419,344.1985,6722.057,"spacetrack"
100246,"2026-08-24 13:31:42.257+00",0.001272,15.752025,0.00194073,5.78e-05,343.66647,344.44354,6722.192,"spacetrack"
100246,"2026-08-25 13:55:23.372+00",0.0011827,15.75186,0.00180028,0.0002441,342.46103,345.74283,6722.239,"spacetrack"
100246,"2026-08-26 20:24:58.952+00",0.0013723,15.752325,0.00210057,0.0001333,343.07358,344.8657,6722.1064,"spacetrack"
100246,"2026-08-27 13:11:15.208+00",0.0012923,15.752389,0.00197574,7.29e-05,343.46155,344.44162,6722.0884,"spacetrack"
100246,"2026-08-28 13:34:55.688+00",0.0010806,15.752518,0.00164628,2.49e-05,343.7476,344.08234,6722.052,"spacetrack"
100246,"2026-08-29 09:24:09.555+00",0.0022318,15.753049,0.00348439,0.0002102,342.35086,345.17676,6721.901,"spacetrack"
100247,"2026-08-22 15:37:11.442+00",0.00061898,15.808595,0.00120308,0.000132,327.12366,328.89407,6706.146,"spacetrack"
100247,"2026-08-23 22:00:15.876+00",0.0011685,15.809075,0.00230661,9.28e-05,327.25073,328.49536,6706.0103,"spacetrack"
100247,"2026-08-24 13:11:48.313+00",0.0016294,15.809314,0.00325626,3.8e-05,327.55084,328.0605,6705.943,"spacetrack"
100247,"2026-08-25 21:06:02.273+00",0.0016169,15.809226,0.00322911,1.35e-05,327.7399,327.92096,6705.9673,"spacetrack"
100247,"2026-08-26 12:17:33.278+00",0.0012984,15.809486,0.00257597,7.6e-05,327.24716,328.26645,6705.894,"spacetrack"
100247,"2026-08-27 01:57:57.522+00",0.0015005,15.808276,0.00297469,6.37e-05,327.67178,328.52615,6706.236,"spacetrack"
100247,"2026-08-28 18:59:07.818+00",0.0018806,15.809764,0.00378951,0.0001003,327.00558,328.35077,6705.815,"spacetrack"
100247,"2026-08-29 22:22:47.364+00",-0.0064709,15.760171,-0.00901093,7.92e-05,341.20636,342.2708,6719.8755,"spacetrack"
100248,"2026-08-22 15:36:06.294+00",0.00067645,15.808632,0.00131688,0.0001492,326.99783,328.99893,6706.1353,"spacetrack"
100248,"2026-08-23 21:59:11.187+00",0.0010645,15.80896,0.00209505,0.0001402,326.96542,328.8458,6706.0425,"spacetrack"
100248,"2026-08-24 13:11:11.855+00",-0.0048594,15.791284,-0.00788026,9.03e-05,332.30304,333.51505,6711.046,"spacetrack"
100248,"2026-08-25 21:10:55.759+00",0.0012068,15.752377,0.00184188,0.0001153,343.17984,344.72995,6722.092,"spacetrack"
100248,"2026-08-26 23:06:05.314+00",0.001323,15.752336,0.00202343,0.000202,342.60867,345.3244,6722.1035,"spacetrack"
100248,"2026-08-27 21:58:17.115+00",0.0005369,15.752057,0.00080769,0.0001578,342.9851,345.10663,6722.183,"spacetrack"
100248,"2026-08-28 20:50:28.671+00",0.0011398,15.752426,0.00173777,8.68e-05,343.35733,344.5243,6722.0776,"spacetrack"
100248,"2026-08-29 05:59:20.937+00",0.0014132,15.75276,0.00216911,9.54e-05,343.20468,344.4872,6721.983,"spacetrack"
100249,"2026-08-22 14:18:23.169+00",0.0016724,15.752511,0.00257681,0.0001578,342.8561,344.9776,6722.0537,"spacetrack"
100249,"2026-08-23 22:19:27.866+00",0.0007227,15.75228,0.00109234,0.000133,343.08826,344.87634,6722.119,"spacetrack"
100249,"2026-08-24 12:02:45.986+00",0.0015868,15.753157,0.00244802,4.09e-05,343.45813,344.00797,6721.87,"spacetrack"
100249,"2026-08-25 21:35:19.511+00",0.0016029,15.75229,0.00246391,0.0001307,343.10104,344.8582,6722.1167,"spacetrack"
100249,"2026-08-26 02:09:45.952+00",0.0011107,15.752363,0.00169207,0.0001621,342.86908,345.04837,6722.0957,"spacetrack"
100249,"2026-08-27 13:13:48.189+00",0.0011743,15.752081,0.0017889,0.0002558,342.31967,345.75873,6722.1763,"spacetrack"
100249,"2026-08-28 12:05:59.22+00",0.001194,15.752608,0.00182373,3.98e-05,343.62158,344.15665,6722.026,"spacetrack"
100249,"2026-08-29 06:23:44.725+00",0.0019558,15.7525835,0.00303078,0.0001748,342.7211,345.07114,6722.033,"spacetrack"
100250,"2026-08-22 14:28:32.391+00",0.0015087,15.752662,0.00231876,9.93e-05,343.20627,344.54126,6722.0107,"spacetrack"
100250,"2026-08-23 20:58:06.597+00",0.00096153,15.752001,0.00145826,3.69e-05,343.8138,344.3099,6722.1987,"spacetrack"
100250,"2026-08-24 12:12:55.716+00",0.001115,15.752239,0.00169776,0.0001052,343.28693,344.70126,6722.131,"spacetrack"
100250,"2026-08-25 14:08:04.536+00",0.0013855,15.752854,0.00212628,0.0001877,342.55734,345.08078,6721.956,"spacetrack"
100250,"2026-08-26 13:00:17.042+00",0.0010696,15.752118,0.00162635,3.77e-05,343.7752,344.28204,6722.1655,"spacetrack"
100250,"2026-08-27 13:23:57.298+00",0.001526,15.752451,0.002344,2.82e-05,343.74417,344.1233,6722.071,"spacetrack"
100250,"2026-08-28 18:22:04.593+00",0.00099709,15.753467,0.00152301,6.73e-05,343.19247,344.09723,6721.7817,"spacetrack"
100250,"2026-08-29 01:59:28.154+00",0.0012385,15.752795,0.00189497,0.000176,342.65286,345.019,6721.973,"spacetrack"
100251,"2026-08-22 15:32:51.856+00",0.00052608,15.808498,0.0010197,0.000132,327.15088,328.9213,6706.173,"spacetrack"
100251,"2026-08-23 21:55:56.039+00",0.00063912,15.809056,0.00124556,0.0001909,326.5982,329.15854,6706.015,"spacetrack"
100251,"2026-08-24 20:43:15.181+00",0.0010584,15.808871,0.00208177,0.0002194,326.45935,329.40198,6706.068,"spacetrack"
100251,"2026-08-25 13:25:56.203+00",0.00075102,15.808241,0.00146202,0.0001244,327.27478,328.9433,6706.246,"spacetrack"
100251,"2026-08-26 12:13:14.56+00",0.0015891,15.80926,0.00317185,7.58e-05,327.3123,328.3289,6705.9575,"spacetrack"
100251,"2026-08-27 14:02:52.031+00",0.001382,15.809334,0.00274546,0.000113,327.042,328.55756,6705.937,"spacetrack"
100251,"2026-08-28 21:57:20.752+00",0.0015788,15.793416,0.00292475,0.0002152,330.86078,333.74896,6710.442,"spacetrack"
100251,"2026-08-29 22:19:12.226+00",-0.005103,15.755017,-0.00710677,0.0001261,342.35617,344.0513,6721.341,"spacetrack"
100252,"2026-08-22 15:14:03.557+00",0.00077916,15.808785,0.00152167,8.55e-05,327.3815,328.52823,6706.092,"spacetrack"
100252,"2026-08-23 23:08:17.239+00",0.00091797,15.808958,0.00180021,0.000122,327.08807,328.72437,6706.0435,"spacetrack"
100252,"2026-08-24 02:10:35.855+00",0.00047775,15.808554,0.00092511,0.0001242,327.18762,328.85345,6706.1577,"spacetrack"
100252,"2026-08-25 20:43:20.816+00",-0.0042205,15.792971,-0.00696996,0.0001031,331.73923,333.12296,6710.568,"spacetrack"
100252,"2026-08-26 22:37:06.664+00",-0.00095582,15.752848,-0.00140941,8.85e-05,343.22614,344.4159,6721.958,"spacetrack"
100252,"2026-08-27 23:00:47.893+00",0.00093342,15.752263,0.0014165,0.000118,343.19412,344.78055,6722.1245,"spacetrack"
100252,"2026-08-28 21:52:59.698+00",0.0015085,15.752613,0.00231806,0.0001741,342.71744,345.05804,6722.025,"spacetrack"
100252,"2026-08-29 22:16:39.752+00",0.00089759,15.752175,0.00136067,0.0001355,343.10135,344.92303,6722.1494,"spacetrack"
100253,"2026-08-22 15:19:52.654+00",0.0010146,15.751648,0.0015379,0.0001653,343.051,345.2734,6722.2993,"spacetrack"
100253,"2026-08-23 23:20:56.636+00",0.00082032,15.752322,0.00124248,0.0001201,343.16302,344.77765,6722.1074,"spacetrack"
100253,"2026-08-24 20:41:40.036+00",0.0011,15.752383,0.0016756,0.000186,342.70267,345.20328,6722.09,"spacetrack"
100253,"2026-08-25 13:27:56.872+00",0.0014006,15.752469,0.00214649,0.0001852,342.68387,345.1737,6722.066,"spacetrack"
100253,"2026-08-26 01:39:46.791+00",0.001188,15.752657,0.00181476,0.0001601,342.799,344.9514,6722.012,"spacetrack"
100253,"2026-08-27 18:49:44.075+00",0.0010797,15.752355,0.00164373,0.0001449,342.9871,344.93515,6722.098,"spacetrack"
100253,"2026-08-28 20:44:53.334+00",0.0016526,15.752478,0.00254495,8.65e-05,343.34467,344.50757,6722.063,"spacetrack"
100253,"2026-08-29 13:31:09.274+00",0.0011196,15.752027,0.00170325,0.0001567,343.00116,345.1079,6722.1914,"spacetrack"
100254,"2026-08-22 12:08:30.595+00",0.0015377,15.809174,0.0030641,0.000113,327.08734,328.6029,6705.982,"spacetrack"
100254,"2026-08-23 23:05:03.43+00",0.00090304,15.808317,0.00176502,9.39e-05,327.45755,328.71698,6706.224,"spacetrack"
100254,"2026-08-24 20:21:11.474+00",0.0014593,15.810551,0.00292127,0.0001576,326.39902,328.5126,6705.593,"spacetrack"
100254,"2026-08-25 20:40:23.908+00",0.0010778,15.782839,0.00188085,0.000116,334.524,336.0815,6713.44,"spacetrack"
100254,"2026-08-26 22:34:34.889+00",0.00062691,15.752229,0.00094553,0.0001332,343.10175,344.89252,6722.1343,"spacetrack"
100254,"2026-08-27 22:58:15.391+00",0.00099693,15.75231,0.00151502,0.0001146,343.20367,344.7444,6722.111,"spacetrack"
100254,"2026-08-28 21:50:27.21+00",0.001279,15.752509,0.00195595,0.0001315,343.03345,344.80133,6722.054,"spacetrack"
100254,"2026-08-29 22:14:07.373+00",0.00095505,15.752179,0.00144939,0.000138,343.08337,344.9387,6722.148,"spacetrack"
100255,"2026-08-22 13:57:02.022+00",0.00094865,15.752321,0.00144041,0.000158,342.90872,345.0329,6722.108,"spacetrack"
100255,"2026-08-23 21:58:06.364+00",0.00048909,15.752087,0.00073511,0.0001297,343.16547,344.9092,6722.1743,"spacetrack"
100255,"2026-08-24 13:12:54.175+00",0.0010877,15.752168,0.00165482,9.08e-05,343.40405,344.6248,6722.1514,"spacetrack"
100255,"2026-08-25 21:13:58.999+00",0.0012171,15.753213,0.0018649,0.0001753,342.5387,344.8954,6721.854,"spacetrack"
100255,"2026-08-26 23:09:08.251+00",0.0012382,15.753228,0.00189812,0.0001113,342.9645,344.4608,6721.8496,"spacetrack"
100255,"2026-08-27 12:52:27.397+00",0.0012311,15.752287,0.00187916,0.0001927,342.68512,345.27582,6722.1177,"spacetrack"
100255,"2026-08-28 20:53:32.059+00",0.0017645,15.752528,0.00272365,0.0002095,342.5036,345.32016,6722.049,"spacetrack"
100255,"2026-08-29 13:39:47.573+00",0.0017074,15.753098,0.00263942,6.26e-05,343.32907,344.17065,6721.8867,"spacetrack"
100256,"2026-08-22 15:16:19.808+00",0.0008034,15.751978,0.00121497,0.0003715,341.57098,346.56558,6722.205,"spacetrack"
100256,"2026-08-23 23:17:23.122+00",0.001051,15.752422,0.00159967,0.0001182,343.14737,344.73648,6722.079,"spacetrack"
100256,"2026-08-24 02:20:20.785+00",0.00084937,15.7523,0.00128708,0.0001144,343.20776,344.7458,6722.114,"spacetrack"
100256,"2026-08-25 13:24:23.025+00",0.00095851,15.751992,0.00145353,0.0001195,343.2609,344.86752,6722.201,"spacetrack"
100256,"2026-08-26 12:16:34.819+00",0.0010057,15.752239,0.00152812,3.48e-05,343.76007,344.2279,6722.131,"spacetrack"
100256,"2026-08-27 14:11:44.371+00",0.0017957,15.7519245,0.00276605,0.0001373,343.16068,345.0066,6722.2207,"spacetrack"
100256,"2026-08-28 20:41:19.911+00",0.0016854,15.752584,0.00259836,9.21e-05,343.27682,344.51505,6722.0327,"spacetrack"
100256,"2026-08-29 13:27:36.207+00",0.0014963,15.7526045,0.00229862,0.0001746,342.7165,345.06384,6722.0273,"spacetrack"
100257,"2026-08-22 15:12:58.655+00",0.00059304,15.808589,0.00115189,0.0001068,327.29422,328.72665,6706.1475,"spacetrack"
100257,"2026-08-25 13:17:15.883+00",0.0010844,15.752471,0.00165189,4.28e-05,343.64047,344.21588,6722.065,"spacetrack"
100257,"2026-08-26 21:18:20.855+00",0.0014262,15.75222,0.00218432,7.55e-05,343.49188,344.50693,6722.136,"spacetrack"
100257,"2026-08-27 21:42:01.405+00",0.0010145,15.752276,0.00154202,0.000125,343.14322,344.82376,6722.1206,"spacetrack"
100257,"2026-08-28 22:05:41.836+00",0.0012462,15.752514,0.00190465,0.000126,343.0689,344.76285,6722.0527,"spacetrack"
100257,"2026-08-29 20:57:53.234+00",0.0012805,15.752373,0.00195702,0.0001268,343.10376,344.80847,6722.0933,"spacetrack"
100258,"2026-08-22 15:07:34.169+00",0.00074884,15.808711,0.00146088,0.0001102,327.23706,328.7151,6706.1133,"spacetrack"
100258,"2026-08-23 23:01:47.755+00",0.0010784,15.808973,0.00212307,0.0001263,327.05484,328.7488,6706.039,"spacetrack"
100258,"2026-08-24 02:04:06.114+00",0.00096633,15.809079,0.00189833,0.000118,327.08047,328.66312,6706.009,"spacetrack"
100258,"2026-08-25 20:36:24.612+00",0.0013564,15.80954,0.00269587,0.0002994,325.73398,329.74945,6705.879,"spacetrack"
100258,"2026-08-26 13:19:06.548+00",0.0011452,15.808731,0.00225573,0.0001276,327.1146,328.826,6706.1074,"spacetrack"
100258,"2026-08-27 12:06:24.104+00",0.0014753,15.809501,0.00293983,0.0001625,326.66287,328.8423,6705.8896,"spacetrack"
100258,"2026-08-28 13:56:03.137+00",0.0014546,15.807454,0.00286934,0.000282,326.44016,330.22263,6706.4683,"spacetrack"
100258,"2026-08-29 23:25:46.679+00",-0.001642,15.753271,-0.00239704,8.48e-05,343.1304,344.27042,6721.8374,"spacetrack"
100259,"2026-08-22 15:06:28.72+00",0.00071694,15.808598,0.0013969,0.0001955,326.69696,329.31906,6706.145,"spacetrack"
100259,"2026-08-23 23:00:43.015+00",0.0019616,15.808618,0.00393905,0.0001528,326.9777,329.02707,6706.139,"spacetrack"
100259,"2026-08-24 20:16:52.113+00",0.0011943,15.808702,0.0023548,7.26e-05,327.4915,328.4652,6706.115,"spacetrack"
100259,"2026-08-25 08:26:06.008+00",0.0012948,15.809094,0.00256396,0.0001129,327.11053,328.62476,6706.005,"spacetrack"
100259,"2026-08-26 22:26:21.601+00",-0.0021235,15.778466,-0.00342267,0.000171,335.39484,337.69125,6714.68,"spacetrack"
100259,"2026-08-27 21:18:08.459+00",0.00081441,15.752049,0.00123191,0.0001276,343.1902,344.9057,6722.185,"spacetrack"
100259,"2026-08-28 21:41:48.82+00",0.0011843,15.75246,0.00180742,0.0001177,343.1401,344.72247,6722.0684,"spacetrack"
100259,"2026-08-29 22:05:28.979+00",0.0006166,15.751964,0.00092871,0.0001267,343.22073,344.92416,6722.2095,"spacetrack"
100260,"2026-08-22 12:10:18.769+00",0.0015555,15.752716,0.00239351,0.0001091,343.12512,344.5919,6721.9956,"spacetrack"
100260,"2026-08-23 23:14:20.316+00",0.0013472,15.7525215,0.00206297,0.0001217,343.09558,344.73175,6722.051,"spacetrack"
100260,"2026-08-24 02:17:17.985+00",0.00075069,15.752144,0.00113457,9.4e-05,343.38925,344.653,6722.158,"spacetrack"
100260,"2026-08-25 13:21:20.097+00",0.0011856,15.752221,0.00180753,0.000124,343.1658,344.8329,6722.136,"spacetrack"
100260,"2026-08-26 06:07:36.868+00",0.0008897,15.752013,0.00134754,0.0001225,343.23492,344.88187,6722.1953,"spacetrack"
100260,"2026-08-27 14:08:41.481+00",0.0013875,15.752678,0.00212775,9.91e-05,343.20316,344.53546,6722.0063,"spacetrack"
100260,"2026-08-28 13:00:52.727+00",0.0010351,15.752648,0.00157659,0.0002232,342.37726,345.37796,6722.0146,"spacetrack"
100260,"2026-08-29 16:27:30.616+00",0.00069411,15.752181,0.00104808,0.0001438,343.04398,344.97726,6722.1475,"spacetrack"
100261,"2026-08-22 12:02:01.007+00",0.001002,15.808833,0.00196781,0.0001009,327.26483,328.6181,6706.0786,"spacetrack"
100261,"2026-08-23 21:27:23.661+00",0.00089679,15.808904,0.00175734,9.45e-05,327.28772,328.55515,6706.0586,"spacetrack"
100261,"2026-08-24 21:46:04.079+00",-0.00073717,15.80112,-0.00134805,0.0001773,328.93427,331.31302,6708.2607,"spacetrack"
100261,"2026-08-25 22:07:50.711+00",-0.0054268,15.7559,-0.00754693,8.9e-05,342.3545,343.55084,6721.09,"spacetrack"
100261,"2026-08-26 22:31:31.265+00",0.00066436,15.751851,0.00100113,0.0001543,343.06714,345.14163,6722.241,"spacetrack"
100261,"2026-08-27 21:23:43.674+00",0.0008883,15.752264,0.00134686,0.0001311,343.1058,344.86835,6722.124,"spacetrack"
100261,"2026-08-28 21:47:24.28+00",0.00076816,15.752245,0.00116192,0.0001474,343.00146,344.98315,6722.1294,"spacetrack"
100261,"2026-08-29 08:27:44.874+00",0.0015602,15.753006,0.00240398,0.0001338,342.87656,344.67535,6721.913,"spacetrack"
100262,"2026-08-22 15:03:14.504+00",0.00063005,15.808548,0.00122465,0.0001185,327.22745,328.8168,6706.159,"spacetrack"
100262,"2026-08-23 21:26:18.157+00",0.00089456,15.808479,0.00174942,0.0001309,327.16376,328.91946,6706.1787,"spacetrack"
100262,"2026-08-25 06:51:41.985+00",-1.0305e-05,15.808117,-2.115e-05,0.0001281,327.2849,329.00308,6706.281,"spacetrack"
100262,"2026-08-26 20:50:45.582+00",-0.0005437,15.801201,-0.00099902,0.0002166,328.64786,331.55386,6708.238,"spacetrack"
100262,"2026-08-27 22:44:01.026+00",-0.0041205,15.7542715,-0.00580658,0.0001001,342.74313,344.0888,6721.5527,"spacetrack"
100262,"2026-08-28 18:33:15.843+00",0.00075243,15.752262,0.00113784,9.5e-05,343.349,344.62622,6722.1245,"spacetrack"
100262,"2026-08-29 23:31:22.934+00",0.0011868,15.7521305,0.00180869,8.04e-05,343.48453,344.56546,6722.162,"spacetrack"
100263,"2026-08-22 11:59:50.946+00",0.0012534,15.809152,0.00248018,2.76e-05,327.66632,328.0365,6705.9883,"spacetrack"
100263,"2026-08-23 21:25:13.917+00",0.001008,15.808902,0.00198055,9.55e-05,327.28174,328.5626,6706.059,"spacetrack"
100263,"2026-08-24 21:43:41.761+00",0.00069352,15.808732,0.00135128,0.000128,327.11172,328.8285,6706.107,"spacetrack"
100263,"2026-08-25 09:52:55.652+00",0.0015911,15.809252,0.00317587,4.27e-05,327.53662,328.1093,6705.96,"spacetrack"
100263,"2026-08-26 13:13:41.727+00",0.00097637,15.808582,0.0019141,4.28e-05,327.72537,328.2994,6706.1494,"spacetrack"
100263,"2026-08-27 19:36:46.466+00",0.001315,15.807806,0.00258942,0.0001079,327.5083,328.95554,6706.369,"spacetrack"
100263,"2026-08-28 21:26:23.91+00",0.0013723,15.810537,0.00274111,0.0001686,326.32895,328.59006,6705.5967,"spacetrack"
100263,"2026-08-29 18:42:31.603+00",0.0011914,15.80871,0.00234903,0.0001501,326.9698,328.98297,6706.1133,"spacetrack"
100264,"2026-08-22 13:29:55.262+00",0.00053347,15.808527,0.00103435,0.0001057,327.31927,328.73697,6706.165,"spacetrack"
100264,"2026-08-23 21:24:09.084+00",0.0011218,15.808937,0.00221047,0.0001025,327.22464,328.5994,6706.049,"spacetrack"
100264,"2026-08-24 21:42:36.69+00",0.0016628,15.809068,0.00332177,0.0001233,327.04828,328.702,6706.012,"spacetrack"
100264,"2026-08-25 02:16:04.388+00",0.00085971,15.808955,0.00168362,0.0001692,326.77228,329.0416,6706.044,"spacetrack"
100264,"2026-08-26 11:41:27.411+00",0.00098291,15.808588,0.00192724,8.88e-05,327.4152,328.6062,6706.1475,"spacetrack"
100264,"2026-08-27 13:31:04.197+00",0.001135,15.808923,0.00223701,5.77e-05,327.52933,328.3032,6706.053,"spacetrack"
100264,"2026-08-28 21:25:18.496+00",0.0014363,15.810143,0.00286796,0.0001501,326.56436,328.57742,6705.708,"spacetrack"
100264,"2026-08-29 23:15:12.78+00",-0.0050505,15.794653,-0.00827901,0.000131,331.07562,332.83365,6710.092,"spacetrack"
100265,"2026-08-22 14:59:59.928+00",0.00052754,15.808528,0.0010227,0.0001325,327.13928,328.9164,6706.165,"spacetrack"
100265,"2026-08-23 21:23:03.913+00",0.00098462,15.808933,0.00193379,0.0001002,327.24124,328.58514,6706.0503,"spacetrack"
100265,"2026-08-24 20:10:22.75+00",0.0015311,15.808828,0.00304542,9.94e-05,327.27615,328.6093,6706.0796,"spacetrack"
100265,"2026-08-25 20:28:49.663+00",0.0018007,15.8109255,0.00364142,9.87e-05,326.6879,328.01154,6705.487,"spacetrack"
100265,"2026-08-26 13:11:31.654+00",0.0010507,15.8083105,0.00206089,4.02e-05,327.81973,328.35892,6706.2266,"spacetrack"
100265,"2026-08-27 13:29:59.501+00",0.0011303,15.808975,0.00222816,0.000114,327.1368,328.66577,6706.038,"spacetrack"
100265,"2026-08-28 13:48:27.532+00",0.0015458,15.809483,0.00308517,0.000122,326.9396,328.57584,6705.8945,"spacetrack"
100265,"2026-08-29 14:06:54.486+00",0.0024686,15.81066,0.00506999,0.0001926,326.13342,328.7164,6705.562,"spacetrack"
100266,"2026-08-22 11:56:36.318+00",0.0014982,15.809166,0.00298245,8.15e-05,327.30084,328.3939,6705.9844,"spacetrack"
100266,"2026-08-23 01:36:59.275+00",0.0013325,15.8089075,0.00263875,0.0001188,327.12384,328.7172,6706.0576,"spacetrack"
100266,"2026-08-24 20:09:18.128+00",0.0016407,15.8092575,0.00327874,0.0002113,326.40436,329.2383,6705.9585,"spacetrack"
100266,"2026-08-25 20:27:45.615+00",0.0016751,15.810531,0.0033707,5.85e-05,327.0692,327.85376,6705.5986,"spacetrack"
100266,"2026-08-26 13:10:27.017+00",0.001075,15.808637,0.00211305,5.37e-05,327.63678,328.35703,6706.134,"spacetrack"
100266,"2026-08-27 13:28:54.574+00",0.0011449,15.80882,0.00225596,0.0001316,327.0628,328.82785,6706.0825,"spacetrack"
100266,"2026-08-28 18:20:50.431+00",0.0012517,15.809667,0.00248278,0.000151,326.69305,328.71823,6705.843,"spacetrack"
100266,"2026-08-29 17:08:07.736+00",0.0006877,15.808654,0.00133931,0.0001691,326.85803,329.12604,6706.129,"spacetrack"
100267,"2026-08-22 13:26:40.647+00",0.0016056,15.809303,0.00320665,0.0001076,327.08698,328.53012,6705.9453,"spacetrack"
100267,"2026-08-23 21:20:54.388+00",0.0010801,15.808872,0.00212554,0.0001275,327.07535,328.7854,6706.0674,"spacetrack"
100267,"2026-08-24 21:39:21.798+00",0.0013669,15.808987,0.00270999,0.0001201,327.09274,328.70352,6706.035,"spacetrack"
100267,"2026-08-25 02:12:49.72+00",0.00062212,15.808655,0.00120962,0.0001464,327.01004,328.9736,6706.129,"spacetrack"
100267,"2026-08-26 13:09:21.906+00",0.0011223,15.808764,0.00220973,0.0001371,327.04147,328.88028,6706.0977,"spacetrack"
100267,"2026-08-27 13:27:49.468+00",0.0014486,15.808993,0.00287769,0.0001093,327.16312,328.62906,6706.033,"spacetrack"
100267,"2026-08-28 01:37:03.412+00",0.0012191,15.809245,0.0024114,0.0001159,327.0477,328.60214,6705.962,"spacetrack"
100268,"2026-08-22 12:03:11.867+00",0.0012116,15.752924,0.00185395,1.94e-05,343.6688,343.9296,6721.936,"spacetrack"
100268,"2026-08-23 23:07:13.454+00",0.00096492,15.752294,0.00146537,9.1e-05,343.36676,344.59018,6722.115,"spacetrack"
100268,"2026-08-24 20:27:56.947+00",0.0020719,15.754233,0.00324185,0.0001357,342.51477,344.339,6721.564,"spacetrack"
100268,"2026-08-25 13:14:13.345+00",0.0011624,15.75229,0.00177189,0.000109,343.24686,344.71228,6722.1167,"spacetrack"
100268,"2026-08-26 13:37:54.326+00",0.0016143,15.7527685,0.00248727,0.0001268,342.99112,344.69583,6721.9805,"spacetrack"
100268,"2026-08-27 09:27:08.09+00",0.0020636,15.752629,0.00320515,0.0001078,343.15842,344.6077,6722.02,"spacetrack"
100268,"2026-08-28 09:50:48.421+00",0.001737,15.752701,0.00268239,0.0003992,341.1792,346.54605,6721.9995,"spacetrack"
100268,"2026-08-29 20:54:50.305+00",0.0017096,15.752499,0.00263577,0.0001137,343.1561,344.6847,6722.0576,"spacetrack"
100269,"2026-08-22 13:24:30.709+00",0.00093544,15.808827,0.00183413,0.0001014,327.26297,328.623,6706.08,"spacetrack"
100269,"2026-08-23 21:19:03.641+00",-0.0030786,15.79656,-0.00526882,7.26e-05,330.92734,331.90155,6709.5513,"spacetrack"
100269,"2026-08-24 20:09:38.572+00",-0.0040041,15.755903,-0.00569201,0.0001908,341.66946,344.23422,6721.089,"spacetrack"
100269,"2026-08-25 20:33:18.728+00",0.00098225,15.752516,0.00149365,4.02e-05,343.64514,344.1856,6722.0522,"spacetrack"
100269,"2026-08-26 13:19:36.135+00",0.00092159,15.752127,0.00139738,5.13e-05,343.68127,344.37097,6722.163,"spacetrack"
100269,"2026-08-27 22:52:09.478+00",0.00094607,15.752256,0.00143599,9.42e-05,343.3559,344.62234,6722.126,"spacetrack"
100269,"2026-08-28 20:12:52.323+00",0.0014912,15.752601,0.00229056,6.85e-05,343.43082,344.35175,6722.0283,"spacetrack"
100269,"2026-08-29 20:36:32.529+00",0.0011833,15.752121,0.00180322,8.98e-05,343.42404,344.63132,6722.1646,"spacetrack"
100272,"2026-08-22 14:55:50.244+00",0.00075849,15.809112,0.0015193,7.04e-05,327.3907,328.3349,6706,"spacetrack"
100272,"2026-08-23 21:19:57.044+00",-0.004012,15.756304,-0.00585058,0.0001959,341.52145,344.15472,6720.975,"spacetrack"
100272,"2026-08-24 11:02:13.888+00",0.0017345,15.753279,0.00275147,7.35e-05,343.20416,344.1923,6721.8354,"spacetrack"
100272,"2026-08-25 22:03:33.782+00",0.0011872,15.752567,0.00185528,9.07e-05,343.291,344.51038,6722.0376,"spacetrack"
100272,"2026-08-26 20:53:59.82+00",0.0011206,15.752842,0.00175083,7.97e-05,343.28687,344.35837,6721.9595,"spacetrack"
100272,"2026-08-27 21:15:47.421+00",0.0013224,15.75298,0.00207659,8.39e-05,343.2194,344.34732,6721.9204,"spacetrack"
100272,"2026-08-28 23:08:57.212+00",0.0011158,15.752373,0.00173941,0.0001131,343.19577,344.7163,6722.0933,"spacetrack"
100272,"2026-08-29 21:59:22.837+00",0.0014307,15.752356,0.00224552,0.0001006,343.2847,344.63718,6722.098,"spacetrack"
100273,"2026-08-22 14:51:13.173+00",0.0010793,15.809473,0.00218546,8.25e-05,327.2073,328.31378,6705.8975,"spacetrack"
100273,"2026-08-23 21:11:55.881+00",0.00078579,15.8095,0.00157816,5.89e-05,327.3579,328.14786,6705.8896,"spacetrack"
100273,"2026-08-24 21:29:21.476+00",-0.0063972,15.784428,-0.01007105,0.0003861,332.2603,337.4441,6712.9893,"spacetrack"
100273,"2026-08-26 23:43:39.258+00",0.00082032,15.752782,0.00127231,0.0001135,343.0768,344.60272,6721.9766,"spacetrack"
100273,"2026-08-27 22:34:05.201+00",0.00072658,15.752642,0.00112351,0.000146,342.89807,344.8609,6722.0166,"spacetrack"
100273,"2026-08-28 21:24:30.785+00",0.0010676,15.753013,0.00166731,0.0001002,343.10043,344.4475,6721.911,"spacetrack"
100273,"2026-08-29 21:46:18.243+00",0.0010744,15.753013,0.00167817,8.81e-05,343.18182,344.3662,6721.911,"spacetrack"
100274,"2026-08-22 14:46:38.423+00",0.0010168,15.8094425,0.00205514,9.05e-05,327.16226,328.37604,6705.9062,"spacetrack"
100274,"2026-08-23 21:07:21.355+00",0.00092414,15.809528,0.00186372,5.8e-05,327.35605,328.1339,6705.882,"spacetrack"
100274,"2026-08-24 21:23:55.988+00",0.0014975,15.808408,0.00305091,8.53e-05,327.4896,328.63367,6706.1987,"spacetrack"
100274,"2026-08-25 23:11:32.459+00",0.0015965,15.809728,0.0032818,0.0002666,325.90073,329.4763,6705.8257,"spacetrack"
100274,"2026-08-26 21:57:05.832+00",0.0013701,15.809199,0.00279253,0.0002483,326.17282,329.50302,6705.975,"spacetrack"
100274,"2026-08-27 22:13:40.459+00",0.0017022,15.811792,0.00354386,0.0002309,325.5564,328.65286,6705.2417,"spacetrack"
100274,"2026-08-28 20:59:12.825+00",0.0015877,15.810723,0.00327867,0.0002612,325.65558,329.15857,6705.544,"spacetrack"
100274,"2026-08-29 21:15:46.152+00",0.0010954,15.809571,0.00221999,0.0001066,327.01797,328.4477,6705.8696,"spacetrack"
100275,"2026-08-22 14:44:32.107+00",0.0014517,15.808946,0.00296185,2.53e-05,327.7399,328.07922,6706.0464,"spacetrack"
100275,"2026-08-23 21:06:43.452+00",-0.0058063,15.774672,-0.0088671,0.0002422,335.9931,339.24622,6715.757,"spacetrack"
100275,"2026-08-24 19:56:52.232+00",0.0018148,15.753303,0.0028838,0.0001415,342.74048,344.64276,6721.8286,"spacetrack"
100275,"2026-08-25 21:50:01.523+00",0.0015283,15.75281,0.00240888,0.0003258,341.64185,346.02188,6721.9688,"spacetrack"
100275,"2026-08-26 22:11:48.947+00",0.0006839,15.752818,0.0010571,0.0001013,343.14853,344.5104,6721.9663,"spacetrack"
100275,"2026-08-27 22:33:36.902+00",0.00071438,15.752593,0.00110405,0.0001402,342.95096,344.83582,6722.0303,"spacetrack"
100275,"2026-08-28 06:10:25.617+00",0.00092871,15.752645,0.00144334,8.9e-05,343.2806,344.47714,6722.016,"spacetrack"
100275,"2026-08-29 21:45:50.128+00",0.0021844,15.755248,0.00352946,9.32e-05,342.5117,343.76453,6721.275,"spacetrack"
100276,"2026-08-22 14:46:10.912+00",-0.00070476,15.752902,-0.00107541,6.23e-05,343.38672,344.22427,6721.9424,"spacetrack"
100276,"2026-08-23 21:13:25.791+00",0.00077681,15.752894,0.00120409,4.69e-05,343.49246,344.123,6721.945,"spacetrack"
100276,"2026-08-24 20:03:52.392+00",0.0015441,15.753075,0.00243726,0.0001199,342.9505,344.5624,6721.8936,"spacetrack"
100276,"2026-08-25 21:56:31.433+00",-0.0040078,15.7544565,-0.00579933,0.0001255,342.5199,344.207,6721.5005,"spacetrack"
100276,"2026-08-26 20:47:27.896+00",0.0011386,15.752818,0.00177948,0.0001365,342.9118,344.7469,6721.9663,"spacetrack"
100276,"2026-08-27 21:09:15.461+00",0.0014086,15.752693,0.0022132,9.37e-05,343.2351,344.4948,6722.002,"spacetrack"
100276,"2026-08-28 21:31:03.319+00",0.0016814,15.754636,0.00268057,6.25e-05,342.8923,343.73248,6721.449,"spacetrack"
100276,"2026-08-29 21:52:50.76+00",0.001283,15.752295,0.00200684,0.0001121,343.22485,344.73193,6722.115,"spacetrack"
100277,"2026-08-22 14:45:42.382+00",-0.00067932,15.753205,-0.00103863,4.71e-05,343.4026,344.0358,6721.856,"spacetrack"
100277,"2026-08-23 21:12:57.169+00",0.000631,15.752899,0.00097422,6.41e-05,343.37552,344.23727,6721.9434,"spacetrack"
100277,"2026-08-24 10:55:13.418+00",0.0021862,15.753909,0.00351128,7.6e-06,343.468,343.57016,6721.6562,"spacetrack"
100277,"2026-08-25 09:45:39.547+00",0.0014126,15.75422,0.00223655,0.0005997,339.39963,347.46146,6721.5674,"spacetrack"
100277,"2026-08-26 23:49:43.071+00",0.00087492,15.752766,0.00135872,0.0001162,343.0633,344.6255,6721.9814,"spacetrack"
100277,"2026-08-27 21:08:46.974+00",0.0009024,15.752935,0.00140338,7.94e-05,343.26236,344.3298,6721.933,"spacetrack"
100277,"2026-08-28 19:59:13.319+00",0.0015481,15.752798,0.00244071,0.0001399,342.89465,344.77545,6721.972,"spacetrack"
100277,"2026-08-29 21:52:22.651+00",0.00032945,15.752593,0.00050207,0.0001902,342.61493,345.172,6722.0303,"spacetrack"
100278,"2026-08-22 14:39:51.934+00",0.0010642,15.809378,0.00215303,9.08e-05,327.1787,328.3965,6705.925,"spacetrack"
100278,"2026-08-23 21:00:35.098+00",0.00095999,15.809385,0.00193668,3.59e-05,327.5446,328.02606,6705.9224,"spacetrack"
100278,"2026-08-24 16:44:03.127+00",0.0021763,15.812265,0.00459935,0.0001624,325.88202,328.05984,6705.108,"spacetrack"
100278,"2026-08-25 23:04:48.5+00",0.0013389,15.807967,0.00271083,0.0002996,326.1772,330.19562,6706.323,"spacetrack"
100278,"2026-08-26 18:50:08.314+00",0.0013929,15.774461,0.00242098,0.0009932,331.0094,344.3497,6715.8164,"spacetrack"
100278,"2026-08-27 22:14:28.943+00",0.00061501,15.752585,0.00094777,0.0001364,342.97876,344.81253,6722.0327,"spacetrack"
100278,"2026-08-28 21:04:54.503+00",0.00094452,15.753081,0.00147131,0.0001009,343.0762,344.43268,6721.8916,"spacetrack"
100278,"2026-08-29 19:55:20.11+00",0.0010611,15.752985,0.00165674,0.0001012,343.10168,344.46222,6721.919,"spacetrack"
100279,"2026-08-22 22:09:50.422+00",-0.0060734,15.776822,-0.0093105,0.0001351,336.10226,337.91672,6715.1465,"spacetrack"
100279,"2026-08-23 19:28:31.618+00",0.00070973,15.75232,0.00109538,0.0001143,343.2026,344.73926,6722.108,"spacetrack"
100279,"2026-08-24 16:47:35.979+00",0.001636,15.75288,0.00258514,0.0002328,342.247,345.37674,6721.9487,"spacetrack"
100279,"2026-08-25 21:43:28.254+00",0.001478,15.754476,0.00234493,0.0003965,340.6929,346.02307,6721.495,"spacetrack"
100279,"2026-08-26 22:05:16.816+00",0.0010847,15.752564,0.00169123,7.98e-05,343.36523,344.43808,6722.0386,"spacetrack"
100279,"2026-08-27 22:27:04.678+00",0.0021167,15.7536745,0.00339093,5.15e-05,343.2396,343.93192,6721.7227,"spacetrack"
100279,"2026-08-28 19:46:09.056+00",0.0014377,15.752779,0.00226121,0.0001238,343.00827,344.67264,6721.9775,"spacetrack"
100279,"2026-08-29 21:39:18.145+00",0.0016805,15.751692,0.00264372,0.0001314,343.26648,345.03308,6722.2866,"spacetrack"
100280,"2026-08-22 14:33:40.866+00",-0.0062965,15.781341,-0.00979118,6.75e-05,335.27435,336.18073,6713.8647,"spacetrack"
100280,"2026-08-23 21:00:21.719+00",0.00098133,15.752873,0.00152856,8.16e-05,343.26517,344.36218,6721.9507,"spacetrack"
100280,"2026-08-25 21:43:57.248+00",0.0013992,15.752576,0.00219684,7.11e-05,343.42026,344.37613,6722.035,"spacetrack"
100280,"2026-08-26 22:05:45.302+00",0.00050422,15.752938,0.00077548,0.0001133,343.03363,344.5568,6721.932,"spacetrack"
100280,"2026-08-27 20:56:10.162+00",0.00099237,15.752824,0.00154583,5e-05,343.49158,344.16376,6721.965,"spacetrack"
100280,"2026-08-28 21:17:58.717+00",0.0013967,15.752866,0.00219557,6.82e-05,343.35733,344.2742,6721.9526,"spacetrack"
100280,"2026-08-29 21:39:46.358+00",0.00050715,15.7525835,0.00077884,0.0001068,343.17816,344.61398,6722.033,"spacetrack"
100281,"2026-08-22 14:29:48.173+00",0.001237,15.809084,0.00251076,0.000112,327.11954,328.62167,6706.008,"spacetrack"
100281,"2026-08-23 20:53:48.744+00",-0.0056392,15.756153,-0.00800599,5.77e-05,342.4929,343.26852,6721.0176,"spacetrack"
100281,"2026-08-25 18:34:41.46+00",0.00065381,15.752796,0.00100965,6.72e-05,343.38382,344.28726,6721.9727,"spacetrack"
100281,"2026-08-26 23:30:34.819+00",0.000681,15.7527075,0.00105201,8.24e-05,343.30704,344.41483,6721.998,"spacetrack"
100281,"2026-08-27 19:18:17.306+00",0.0018026,15.753299,0.00286376,0.000109,342.96,344.42535,6721.8296,"spacetrack"
100281,"2026-08-28 18:08:43.695+00",0.0012696,15.754009,0.00200049,6.88e-05,343.02823,343.95312,6721.6274,"spacetrack"
100281,"2026-08-29 21:33:13.82+00",0.0013079,15.752887,0.00205239,5.37e-05,343.449,344.17093,6721.947,"spacetrack"
100282,"2026-08-22 14:32:12.627+00",0.0011462,15.809491,0.00232531,0.0001008,327.0795,328.4314,6705.8926,"spacetrack"
100282,"2026-08-23 16:19:49.093+00",0.00086102,15.809515,0.00173317,5.96e-05,327.34906,328.1484,6705.8857,"spacetrack"
100282,"2026-08-24 19:38:44.322+00",-0.0028117,15.798521,-0.0050055,8.5e-05,330.2889,331.42944,6708.996,"spacetrack"
100282,"2026-08-25 03:14:40.862+00",0.0015485,15.784217,0.00282072,0.0006166,330.77264,339.05118,6713.049,"spacetrack"
100282,"2026-08-26 21:52:11.952+00",0.0018589,15.753986,0.0029659,0.0001135,342.73407,344.25986,6721.634,"spacetrack"
100282,"2026-08-27 22:14:00.384+00",0.00085603,15.752798,0.00132897,0.0001277,342.97675,344.69354,6721.972,"spacetrack"
100282,"2026-08-28 21:04:26.166+00",0.0012603,15.753206,0.0019784,0.0001359,342.80545,344.63245,6721.856,"spacetrack"
100282,"2026-08-29 21:26:13.122+00",0.0016471,15.7537985,0.00261401,0.0001364,342.63376,344.46744,6721.6875,"spacetrack"
100283,"2026-08-22 14:26:59.306+00",0.0010805,15.809573,0.00218897,9.05e-05,327.12543,328.33917,6705.869,"spacetrack"
100283,"2026-08-23 20:47:42.341+00",0.00095226,15.809644,0.00192297,9.14e-05,327.09937,328.3252,6705.849,"spacetrack"
100283,"2026-08-24 21:04:17.691+00",0.0017037,15.812038,0.00355131,0.0002174,325.5775,328.49292,6705.1724,"spacetrack"
100283,"2026-08-25 22:51:53.849+00",0.0012655,15.809513,0.00257592,0.0001071,327.03098,328.46738,6705.886,"spacetrack"
100283,"2026-08-27 18:51:56.667+00",0.00087751,15.80927,0.00176516,9.73e-05,327.1656,328.47058,6705.955,"spacetrack"
100283,"2026-08-28 22:10:35.301+00",0.0013987,15.809251,0.00285363,0.0001007,327.14798,328.49857,6705.9604,"spacetrack"
100283,"2026-08-29 17:54:02.603+00",0.0010223,15.809575,0.0020679,6.32e-05,327.30798,328.15558,6705.8687,"spacetrack"
100284,"2026-08-22 14:23:44.449+00",0.00037253,15.809692,0.00073785,3.87e-05,327.43887,327.95792,6705.8354,"spacetrack"
100284,"2026-08-23 20:44:29.783+00",0.0010386,15.809025,0.00209627,6.24e-05,327.46893,328.30585,6706.0244,"spacetrack"
100284,"2026-08-24 19:30:02.768+00",0.0017972,15.80995,0.00371788,0.0001308,326.74866,328.5029,6705.7627,"spacetrack"
100284,"2026-08-25 19:46:36.57+00",0.0013904,15.809873,0.00284452,0.000121,326.83612,328.45892,6705.7847,"spacetrack"
100284,"2026-08-26 21:34:24.576+00",-0.0036771,15.79914,-0.00645418,7.61e-05,330.17365,331.19473,6708.8213,"spacetrack"
100284,"2026-08-27 21:54:23.223+00",-0.0043324,15.754818,-0.00624543,0.0001054,342.5521,343.96896,6721.3975,"spacetrack"
100284,"2026-08-28 20:44:49.79+00",0.0010327,15.7532625,0.00161322,0.0001325,342.81232,344.5936,6721.84,"spacetrack"
100284,"2026-08-29 21:06:36.964+00",0.0010377,15.753016,0.00161946,9.71e-05,343.12027,344.4257,6721.91,"spacetrack"
100285,"2026-08-22 14:23:07.935+00",0.00093971,15.80945,0.00189525,7.35e-05,327.27405,328.25983,6705.904,"spacetrack"
100285,"2026-08-23 22:14:52.827+00",0.0012075,15.809844,0.00245803,4.31e-05,327.36658,327.94464,6705.7925,"spacetrack"
100285,"2026-08-24 19:29:24.01+00",0.0018051,15.809859,0.00373333,0.0002083,326.25458,329.0482,6705.7886,"spacetrack"
100285,"2026-08-25 21:17:00.312+00",0.0013348,15.808825,0.00271303,0.0001107,327.20154,328.68628,6706.081,"spacetrack"
100285,"2026-08-26 21:33:35.007+00",0.0019232,15.80929,0.00397936,8.08e-05,327.27042,328.3541,6705.949,"spacetrack"
100285,"2026-08-27 23:21:10.378+00",0.00032569,15.808835,0.00064093,0.0001881,326.67957,329.2024,6706.078,"spacetrack"
100285,"2026-08-28 23:37:46.203+00",0.0013144,15.810123,0.00268667,0.0001829,326.35007,328.803,6705.7134,"spacetrack"
100285,"2026-08-29 19:21:13.33+00",0.0022471,15.812515,0.00476369,0.0002257,325.38712,328.4138,6705.0376,"spacetrack"
100286,"2026-08-22 15:49:02.97+00",0.0010383,15.809467,0.00209999,9.09e-05,327.15244,328.37158,6705.899,"spacetrack"
100286,"2026-08-23 17:38:16.253+00",-0.0056812,15.772929,-0.00863237,0.0002346,336.53857,339.68985,6716.251,"spacetrack"
100286,"2026-08-25 10:44:17.193+00",0.0018856,15.761662,0.00311729,0.0003205,339.16113,343.4683,6719.4517,"spacetrack"
100286,"2026-08-26 21:46:09.496+00",0.0010667,15.754797,0.00167946,0.0003634,340.82388,345.709,6721.4033,"spacetrack"
100286,"2026-08-27 22:07:56.463+00",0.001005,15.7528715,0.00156626,0.0001174,343.025,344.6033,6721.951,"spacetrack"
100286,"2026-08-28 20:58:22.762+00",0.0020396,15.75338,0.0032575,0.0001655,342.55725,344.78217,6721.8066,"spacetrack"
100286,"2026-08-29 19:48:48.012+00",0.00072108,15.752734,0.00111528,0.0001061,343.14005,344.56647,6721.99,"spacetrack"
100287,"2026-08-22 15:50:36.94+00",0.00098077,15.809409,0.00197995,8.29e-05,327.22256,328.3344,6705.9155,"spacetrack"
100287,"2026-08-23 20:40:17.65+00",0.001432,15.809904,0.00293338,9.09e-05,327.02914,328.24826,6705.776,"spacetrack"
100287,"2026-08-24 20:56:52.484+00",0.00075999,15.809719,0.00152683,0.0002183,326.227,329.15475,6705.8276,"spacetrack"
100287,"2026-08-25 22:44:29.039+00",0.0011715,15.8091755,0.00237468,9.92e-05,327.1793,328.50977,6705.9814,"spacetrack"
100287,"2026-08-26 18:27:58.698+00",0.0020094,15.811657,0.00421527,0.0003042,325.1032,329.1827,6705.28,"spacetrack"
100287,"2026-08-27 20:15:33.475+00",0.0013179,15.80996,0.00269206,0.0001164,326.84207,328.40317,6705.76,"spacetrack"
100287,"2026-08-28 20:32:09.813+00",0.0011007,15.810315,0.00224022,0.0004894,324.2406,330.80408,6705.659,"spacetrack"
100287,"2026-08-29 20:48:42.808+00",0.0012862,15.80912,0.00261451,0.0001411,326.9141,328.80652,6705.997,"spacetrack"
100288,"2026-08-22 21:52:58.672+00",0.00055095,15.80904,0.00109586,9.23e-05,327.26404,328.50195,6706.02,"spacetrack"
100288,"2026-08-24 19:30:36.503+00",-0.0003513,15.7523,-0.00054122,8.22e-05,343.4241,344.5292,6722.114,"spacetrack"
100288,"2026-08-25 21:23:52.234+00",0.0014345,15.752074,0.0022489,0.0001222,343.2195,344.86243,6722.1777,"spacetrack"
100288,"2026-08-26 05:01:09.799+00",0.014499,15.746072,0.02463724,0.0002778,343.88147,347.61725,6723.886,"spacetrack"
100288,"2026-08-27 22:07:28.012+00",0.0011396,15.752623,0.00177942,7.56e-05,343.37695,344.3933,6722.022,"spacetrack"
100288,"2026-08-28 20:57:53.884+00",0.0012404,15.753251,0.00194666,0.0001179,342.91382,344.49884,6721.8433,"spacetrack"
100288,"2026-08-29 19:48:16.295+00",0.0023954,15.755356,0.00388953,7.2e-05,342.62375,343.5916,6721.2446,"spacetrack"
100289,"2026-08-22 15:41:37.065+00",0.00073168,15.809154,0.0014647,9.2e-05,327.23398,328.4679,6705.988,"spacetrack"
100289,"2026-08-23 23:33:21.374+00",0.00067908,15.809512,0.00135953,0.0001906,326.47128,329.02756,6705.886,"spacetrack"
100289,"2026-08-24 19:16:50.634+00",0.0023272,15.812453,0.00494317,0.000137,325.99933,327.83652,6705.0547,"spacetrack"
100289,"2026-08-25 22:35:29.098+00",0.00099787,15.808952,0.00201109,6.57e-05,327.46716,328.34833,6706.045,"spacetrack"
100289,"2026-08-26 22:52:04.23+00",0.0014716,15.775585,0.00257017,0.0004949,334.0369,340.68387,6715.4976,"spacetrack"
100289,"2026-08-27 21:37:38.725+00",-0.0024881,15.805364,-0.00459562,0.0002574,327.19647,330.64926,6707.06,"spacetrack"
100289,"2026-08-28 21:57:03.144+00",-0.0054475,15.759888,-0.00787538,7.15e-05,341.33862,342.2996,6719.956,"spacetrack"
100289,"2026-08-29 19:16:06.403+00",9.0639e-05,15.752585,0.00013288,5.54e-05,343.52322,344.26804,6722.0327,"spacetrack"
100290,"2026-08-22 15:41:23.505+00",0.0008219,15.809358,0.00165132,0.0001027,327.10455,328.48196,6705.93,"spacetrack"
100290,"2026-08-23 22:02:06.318+00",0.0012085,15.809779,0.00245922,7.09e-05,327.19852,328.1494,6705.811,"spacetrack"
100290,"2026-08-24 19:16:15.521+00",0.0020204,15.816857,0.00434813,0.0002404,324.06146,327.28467,6703.81,"spacetrack"
100290,"2026-08-25 19:33:11.224+00",0.00088521,15.809358,0.00178177,0.0001154,327.0193,328.56702,6705.93,"spacetrack"
100290,"2026-08-27 20:06:21.017+00",0.00022018,15.808669,0.00042962,7.56e-05,327.48077,328.49472,6706.1245,"spacetrack"
100290,"2026-08-29 17:44:17.364+00",0.0010973,15.752966,0.00171444,0.0001538,342.75354,344.8212,6721.9243,"spacetrack"
100291,"2026-08-22 15:41:11.526+00",0.00091904,15.809254,0.00185079,3.02e-05,327.61993,328.02496,6705.9595,"spacetrack"
100291,"2026-08-23 22:01:54.605+00",0.0012575,15.809219,0.00255555,9.45e-05,327.19846,328.46588,6705.969,"spacetrack"
100291,"2026-08-24 19:16:25.301+00",0.0023901,15.812599,0.00508911,0.0001116,326.12823,327.62482,6705.0137,"spacetrack"
100291,"2026-08-25 21:04:00.482+00",0.0012281,15.810323,0.00250695,0.0002166,326.0678,328.9727,6705.657,"spacetrack"
100291,"2026-08-27 21:41:19.227+00",-0.0017767,15.753276,-0.00265613,3.65e-05,343.45374,343.94443,6721.836,"spacetrack"
100291,"2026-08-28 19:00:23.775+00",0.00094815,15.752939,0.00147616,9.74e-05,343.1401,344.44952,6721.9316,"spacetrack"
100291,"2026-08-29 19:22:10.927+00",0.00096317,15.7529955,0.00150045,9.61e-05,343.133,344.42493,6721.916,"spacetrack"
100292,"2026-08-22 15:40:54.138+00",-0.0015076,15.806363,-0.00285471,5.14e-05,328.29538,328.98486,6706.7773,"spacetrack"
100292,"2026-08-23 22:05:34.235+00",-0.0018922,15.753965,-0.00283131,8.61e-05,342.9244,344.08188,6721.64,"spacetrack"
100292,"2026-08-24 17:53:18.433+00",0.0014234,15.754029,0.00225098,0.0003616,341.0543,345.91537,6721.622,"spacetrack"
100292,"2026-08-25 22:49:10.362+00",0.0011464,15.7526045,0.00179022,6.49e-05,343.45398,344.3265,6722.0273,"spacetrack"
100292,"2026-08-26 23:10:58.357+00",0.00054371,15.752641,0.00083624,8.03e-05,343.34003,344.4196,6722.0166,"spacetrack"
100292,"2026-08-27 18:58:40.878+00",0.0014837,15.753058,0.00233871,0.0001198,342.95566,344.56622,6721.898,"spacetrack"
100292,"2026-08-28 20:51:50.63+00",0.0015629,15.752668,0.00246344,0.0001869,342.61572,345.1284,6722.0093,"spacetrack"
100292,"2026-08-29 21:13:37.341+00",0.00089374,15.752883,0.0013893,5.12e-05,343.4669,344.1552,6721.948,"spacetrack"
100293,"2026-08-22 15:40:39.192+00",0.0010709,15.809497,0.00216815,0.0001361,326.8412,328.66653,6705.8906,"spacetrack"
100293,"2026-08-23 22:01:22.049+00",0.00080716,15.809436,0.00162161,0.0001248,326.9341,328.6079,6705.908,"spacetrack"
100293,"2026-08-24 19:15:51.213+00",0.0019787,15.811153,0.00413722,0.0002083,325.88864,328.68213,6705.4224,"spacetrack"
100293,"2026-08-25 22:34:31.112+00",0.0011337,15.809604,0.00230041,0.0001075,327.00262,328.4444,6705.8604,"spacetrack"
100293,"2026-08-27 21:41:47.884+00",0.00059156,15.752559,0.00091087,0.0001138,343.1382,344.66815,6722.04,"spacetrack"
100293,"2026-08-28 22:03:35.764+00",0.0013875,15.753167,0.00218366,0.0001412,342.7809,344.67917,6721.867,"spacetrack"
100293,"2026-08-29 20:54:01.011+00",0.0010776,15.752971,0.00168292,9.96e-05,343.11652,344.45554,6721.923,"spacetrack"
100294,"2026-08-22 15:37:57.102+00",0.00096326,15.809287,0.00194254,4.56e-05,327.50745,328.11902,6705.95,"spacetrack"
100294,"2026-08-23 21:58:40.102+00",0.0010272,15.80965,0.00207866,7.01e-05,327.24017,328.18033,6705.847,"spacetrack"
100294,"2026-08-24 19:13:21.276+00",0.0021484,15.8074875,0.00443371,0.0004736,325.14594,331.4983,6706.459,"spacetrack"
100294,"2026-08-25 16:30:37.875+00",-0.0038236,15.760695,-0.00569521,0.0001802,340.3784,342.80017,6719.726,"spacetrack"
100294,"2026-08-26 21:26:32.279+00",0.00090132,15.75281,0.00140088,7.84e-05,343.30475,344.35876,6721.9688,"spacetrack"
100294,"2026-08-27 21:48:19.966+00",0.0011266,15.753053,0.00176208,0.0001125,343.00635,344.5188,6721.8994,"spacetrack"
100294,"2026-08-28 22:10:07.111+00",0.0018364,15.7538,0.00292609,0.0001053,342.84225,344.25784,6721.687,"spacetrack"
100294,"2026-08-29 21:00:29.957+00",0.0019431,15.755133,0.00312193,0.0001383,342.2415,344.1006,6721.308,"spacetrack"
100295,"2026-08-22 15:36:13.948+00",0.00083713,15.809165,0.00168114,7.7e-05,327.33118,328.3639,6705.9844,"spacetrack"
100295,"2026-08-23 23:27:57.934+00",0.0011302,15.810069,0.00229821,3.86e-05,327.3331,327.8508,6705.729,"spacetrack"
100295,"2026-08-24 20:42:29.449+00",0.0022306,15.812598,0.00472905,0.0001023,326.19107,327.56293,6705.014,"spacetrack"
100295,"2026-08-25 22:30:06.121+00",0.0012494,15.808977,0.00253567,0.0001229,327.07648,328.72482,6706.0376,"spacetrack"
100295,"2026-08-26 21:15:38.46+00",0.0014487,15.809354,0.00296091,0.0001553,326.75278,328.83563,6705.931,"spacetrack"
100295,"2026-08-27 23:03:16.297+00",0.0016365,15.810249,0.00337673,0.0004318,324.64545,330.4365,6705.6777,"spacetrack"
100295,"2026-08-28 21:48:47.852+00",0.0012798,15.809379,0.00260444,0.0001818,326.56815,329.0064,6705.9243,"spacetrack"
100295,"2026-08-29 20:34:19.419+00",0.0014398,15.809021,0.00293748,0.0001336,326.99237,328.7842,6706.0254,"spacetrack"
100296,"2026-08-22 23:08:33.119+00",0.00078491,15.808627,0.00156988,9.28e-05,327.3775,328.62216,6706.1367,"spacetrack"
100296,"2026-08-23 21:54:05.088+00",0.00085249,15.809383,0.00171453,6.36e-05,327.3593,328.2123,6705.923,"spacetrack"
100296,"2026-08-24 07:00:18.503+00",0.0019856,15.810178,0.00413317,4.88e-05,327.2341,327.88858,6705.698,"spacetrack"
100296,"2026-08-25 23:58:16.78+00",2.2628e-05,15.80871,3.768e-05,0.0001423,327.0219,328.93048,6706.1133,"spacetrack"
100296,"2026-08-26 21:12:47.387+00",0.0016741,15.809177,0.00343938,0.0001055,327.13657,328.5515,6705.981,"spacetrack"
100296,"2026-08-27 23:00:50.036+00",-0.0064737,15.792596,-0.01070572,0.0004187,329.72766,335.34717,6710.6743,"spacetrack"
100296,"2026-08-28 21:50:02.308+00",-0.0017919,15.753567,-0.00268173,0.0001031,342.92343,344.30945,6721.7534,"spacetrack"
100296,"2026-08-29 20:40:28.426+00",0.00065214,15.752842,0.00100722,0.00011,343.08307,344.5619,6721.9595,"spacetrack"
100297,"2026-08-22 15:32:27.367+00",0.00096702,15.809303,0.00195045,0.0001282,326.94888,328.66827,6705.946,"spacetrack"
100297,"2026-08-23 23:24:12.004+00",0.0010877,15.809803,0.00220639,7.5e-05,327.1642,328.17007,6705.804,"spacetrack"
100297,"2026-08-24 20:38:42.902+00",0.0023028,15.812831,0.00489736,8.18e-05,326.2626,327.35953,6704.948,"spacetrack"
100297,"2026-08-25 22:26:19.416+00",0.0012892,15.809114,0.00262087,0.0001204,327.05438,328.6692,6705.999,"spacetrack"
100297,"2026-08-26 19:40:50.015+00",0.0017414,15.81033,0.00360379,0.000255,325.808,329.2279,6705.655,"spacetrack"
100297,"2026-08-27 21:28:27.146+00",0.0014853,15.809413,0.00304058,0.0004564,324.71686,330.838,6705.9146,"spacetrack"
100297,"2026-08-28 18:42:56.794+00",0.0011943,15.809197,0.00242267,5.26e-05,327.48572,328.1912,6705.9756,"spacetrack"
100297,"2026-08-29 18:59:31.066+00",0.0019324,15.812567,0.00406333,8.93e-05,326.28717,327.4847,6705.023,"spacetrack"
100298,"2026-08-22 15:31:11.147+00",0.00039034,15.809001,0.00077129,6.67e-05,327.44672,328.3413,6706.0312,"spacetrack"
100298,"2026-08-23 23:22:55.641+00",0.0011947,15.810081,0.00243375,8.21e-05,327.03824,328.1393,6705.7256,"spacetrack"
100298,"2026-08-24 20:37:26.782+00",0.0024036,15.810749,0.0050738,6.96e-05,326.93307,327.8665,6705.5366,"spacetrack"
100298,"2026-08-25 22:25:03.343+00",0.0008364,15.8094425,0.00168186,5.61e-05,327.39294,328.14532,6705.9062,"spacetrack"
100298,"2026-08-26 22:41:38.272+00",0.0011688,15.809132,0.00236869,8.29e-05,327.3011,328.41293,6705.994,"spacetrack"
100298,"2026-08-27 21:27:10.494+00",0.0012848,15.809219,0.00261299,9.12e-05,327.22055,328.44373,6705.969,"spacetrack"
100298,"2026-08-28 23:14:46.497+00",0.00083171,15.809816,0.00167514,6.21e-05,327.2469,328.07974,6705.8003,"spacetrack"
100298,"2026-08-29 20:29:16.447+00",0.0013653,15.808712,0.00277588,9.76e-05,327.32123,328.63028,6706.113,"spacetrack"
100299,"2026-08-22 15:24:16.027+00",-0.0012028,15.810195,-0.00233351,5.81e-05,327.16687,327.94608,6705.6934,"spacetrack"
100299,"2026-08-23 21:45:00.075+00",0.0011218,15.809553,0.00227506,0.0001761,326.55695,328.91876,6705.875,"spacetrack"
100299,"2026-08-25 23:49:11.295+00",0.0010399,15.809521,0.00210393,3.28e-05,327.52695,327.96686,6705.884,"spacetrack"
100299,"2026-08-26 22:34:44.391+00",0.0020514,15.812462,0.00432499,0.0001824,325.69254,328.13855,6705.0527,"spacetrack"
100299,"2026-08-27 21:20:15.951+00",0.0020768,15.810506,0.00434036,6.81e-05,327.01175,327.92508,6705.6055,"spacetrack"
100299,"2026-08-28 21:36:50.433+00",0.0018247,15.809938,0.00377749,9.03e-05,327.02344,328.2345,6705.766,"spacetrack"
100299,"2026-08-29 21:53:24.983+00",-1.9544e-05,15.808681,-4.553e-05,9.76e-05,327.33005,328.6391,6706.1216,"spacetrack"
100300,"2026-08-22 04:43:06.491+00",-0.0013793,15.833545,-0.00296623,0.0004709,317.80762,324.11682,6699.099,"spacetrack"
100300,"2026-08-25 22:13:55.286+00",0.0013187,15.809172,0.00268373,4.65e-05,327.53394,328.1576,6705.983,"spacetrack"
100300,"2026-08-26 20:59:27.787+00",0.0014219,15.8092985,0.0029036,4.27e-05,327.52347,328.09616,6705.947,"spacetrack"
100300,"2026-08-27 21:16:02.394+00",0.00092068,15.809619,0.00185732,0.0001049,327.0159,328.4228,6705.8564,"spacetrack"
100300,"2026-08-28 21:32:36.706+00",0.00090006,15.80967,0.00181512,7.82e-05,327.18033,328.2291,6705.842,"spacetrack"
100300,"2026-08-29 21:49:10.975+00",0.00078998,15.809021,0.00158321,6.45e-05,327.45572,328.3208,6706.0254,"spacetrack"
100301,"2026-08-22 07:22:50.815+00",0.00069974,15.808691,0.00136336,0.0001535,326.95215,329.01093,6706.1187,"spacetrack"
100301,"2026-08-23 13:45:55.146+00",0.0011037,15.808732,0.00217174,0.0001592,326.9026,329.0378,6706.1074,"spacetrack"
100301,"2026-08-24 21:40:08.959+00",0.00084505,15.808865,0.00165362,0.0001508,326.92126,328.94382,6706.0693,"spacetrack"
100301,"2026-08-25 21:58:36.721+00",0.00084085,15.808736,0.00164422,0.0001271,327.11673,328.8214,6706.106,"spacetrack"
100301,"2026-08-26 22:17:15.891+00",-0.0034082,15.799653,-0.00587531,0.0001089,329.80826,331.2694,6708.676,"spacetrack"
100302,"2026-08-22 22:31:45.145+00",0.00043046,15.808424,0.00083201,0.0001186,327.26175,328.85245,6706.1943,"spacetrack"
100302,"2026-08-23 21:19:03.366+00",0.0017047,15.809565,0.00341686,0.0001722,326.58,328.8895,6705.8716,"spacetrack"
100302,"2026-08-24 21:37:31.192+00",0.00089885,15.808799,0.0017606,0.0001211,327.13907,328.76328,6706.0884,"spacetrack"
100302,"2026-08-25 21:56:29.689+00",-0.0068416,15.788766,-0.0108103,0.000262,331.864,335.38098,6711.7593,"spacetrack"
100303,"2026-08-22 05:45:58.595+00",0.0016248,15.809208,0.00324499,0.0002765,325.98132,329.68973,6705.9727,"spacetrack"
100303,"2026-08-23 01:30:39.252+00",0.024555,15.8370285,0.06592398,0.0011271,312.4301,327.52902,6698.1167,"spacetrack"
100303,"2026-08-24 21:34:07.672+00",0.0038018,15.820339,0.00849344,0.0006315,320.4567,328.92236,6702.8267,"spacetrack"
100303,"2026-08-25 21:52:53.132+00",0.0008427,15.808683,0.00164755,0.0001608,326.90536,329.06207,6706.1206,"spacetrack"
100303,"2026-08-26 19:09:49.818+00",-0.00041171,15.787648,-0.00071442,0.0002856,332.02216,335.85608,6712.076,"spacetrack"
100304,"2026-08-24 21:30:45.893+00",0.0011435,15.808968,0.00225481,0.0001176,327.1147,328.69196,6706.0405,"spacetrack"
100304,"2026-08-25 21:49:13.357+00",0.00064476,15.808636,0.00125422,0.0001185,327.2025,328.79187,6706.1343,"spacetrack"
100304,"2026-08-26 22:08:38.898+00",-0.0018728,15.784243,-0.00311039,0.000358,332.5013,337.30786,6713.0415,"spacetrack"
100305,"2026-08-22 07:18:10.729+00",0.00087999,15.80873,0.00172234,0.0001139,327.2068,328.73444,6706.1074,"spacetrack"
100305,"2026-08-23 13:41:15.378+00",0.00073917,15.808723,0.00144178,0.0001289,327.1081,328.8369,6706.1094,"spacetrack"
100305,"2026-08-24 21:35:29.027+00",0.00083465,15.80849,0.00162998,0.0001111,327.29343,328.78354,6706.1753,"spacetrack"
100305,"2026-08-25 14:18:10.465+00",0.00071492,15.808454,0.0013919,0.0001151,327.27704,328.8208,6706.186,"spacetrack"
100305,"2026-08-26 22:12:39.57+00",-0.004165,15.79757,-0.00702013,0.000126,330.28314,331.97388,6709.2656,"spacetrack"
100306,"2026-08-22 05:45:39.486+00",0.0016254,15.80831,0.00323241,0.0001335,327.1944,328.98495,6706.2266,"spacetrack"
100306,"2026-08-23 21:15:37.951+00",-0.0040065,15.811463,-0.00718167,3.45e-05,326.9665,327.42917,6705.335,"spacetrack"
100306,"2026-08-24 06:22:48.802+00",0.00047745,15.800967,0.00089307,0.0003533,327.79675,332.53683,6708.3037,"spacetrack"
100306,"2026-08-25 21:52:35.003+00",0.0010097,15.808659,0.00198173,0.000177,326.8037,329.17767,6706.128,"spacetrack"
100306,"2026-08-26 19:09:01.743+00",-0.0054045,15.795516,-0.0088372,0.0001545,330.67352,332.7469,6709.847,"spacetrack"
100307,"2026-08-22 05:44:57.027+00",0.0019894,15.809477,0.00401397,0.0001809,326.54623,328.97244,6705.8965,"spacetrack"
100307,"2026-08-23 06:03:24.905+00",0.0014182,15.80996,0.00282824,0.0001252,326.78317,328.4623,6705.76,"spacetrack"
100307,"2026-08-24 21:33:24.413+00",0.00072146,15.808721,0.00140662,0.0001351,327.06738,328.87936,6706.1104,"spacetrack"
100307,"2026-08-25 21:51:52.489+00",0.00094113,15.808635,0.00184405,0.0002504,326.31827,329.6767,6706.1343,"spacetrack"
100307,"2026-08-26 20:39:18.189+00",-0.0041979,15.801153,-0.00717958,0.0001521,329.094,331.13464,6708.2515,"spacetrack"
100308,"2026-08-22 01:09:11.567+00",0.020872,15.838468,0.05654479,0.000431,316.68723,322.46066,6697.711,"spacetrack"
100308,"2026-08-23 16:39:37.7+00",0.00081737,15.808602,0.00159641,0.0001085,327.27905,328.73428,6706.1436,"spacetrack"
100308,"2026-08-24 15:26:56.085+00",0.00066026,15.808397,0.00128348,0.0001762,326.883,329.24628,6706.2017,"spacetrack"
100308,"2026-08-25 14:14:13.688+00",7.2415e-05,15.808496,0.00013772,5.98e-05,327.63556,328.43762,6706.174,"spacetrack"
100308,"2026-08-26 22:09:57.477+00",-0.0062824,15.772912,-0.00923612,0.0001955,336.80618,339.43225,6716.2563,"spacetrack"
100309,"2026-08-22 07:08:03.108+00",0.0010904,15.808949,0.00214725,0.0001523,326.88727,328.92993,6706.0454,"spacetrack"
100309,"2026-08-24 21:25:21.356+00",0.0010503,15.808719,0.00206399,0.0001859,326.7272,329.22052,6706.111,"spacetrack"
100309,"2026-08-25 09:34:40.654+00",-0.00356,15.802707,-0.00620046,0.0001235,328.8461,330.50293,6707.8115,"spacetrack"
100310,"2026-08-24 21:30:44.883+00",-0.0016995,15.809435,-0.00316029,0.000124,326.9397,328.60275,6705.908,"spacetrack"
100310,"2026-08-25 14:14:08.258+00",-0.0041807,15.792272,-0.00689904,0.0004572,329.56088,335.6972,6710.766,"spacetrack"
100311,"2026-08-22 07:12:44.32+00",0.00084442,15.808861,0.00165233,0.0001562,326.88617,328.98114,6706.071,"spacetrack"
100311,"2026-08-23 07:31:11.817+00",0.0020045,15.809928,0.00405472,0.0002124,326.20758,329.05618,6705.769,"spacetrack"
100311,"2026-08-24 21:30:02.585+00",0.00094278,15.808875,0.00184928,0.0001478,326.93832,328.92062,6706.0664,"spacetrack"
100311,"2026-08-25 21:48:31.085+00",1.2083e-05,15.807602,2.167e-05,0.0002563,326.57092,330.00864,6706.427,"spacetrack"
100311,"2026-08-26 14:32:31.936+00",-0.0061307,15.774926,-0.00910496,0.0001035,336.8524,338.24255,6715.6846,"spacetrack"
100312,"2026-08-24 21:17:03.773+00",-0.0011911,15.792716,-0.00208338,0.0007433,327.51526,337.4913,6710.64,"spacetrack"
100312,"2026-08-25 03:22:20.308+00",-0.0070286,15.777066,-0.01055582,0.0001141,336.174,337.7064,6715.077,"spacetrack"
100313,"2026-08-23 19:35:24.819+00",0.0011091,15.80903,0.0021858,0.000139,326.9537,328.81796,6706.023,"spacetrack"
100313,"2026-08-24 18:22:44.202+00",-0.00041644,15.80732,-0.0007889,0.0001218,327.5527,329.1864,6706.5063,"spacetrack"
100313,"2026-08-25 06:32:45.147+00",-0.0062411,15.783277,-0.00956668,3.25e-05,334.9604,335.39676,6713.3154,"spacetrack"
100314,"2026-08-22 05:29:11.665+00",0.0012378,15.80906,0.0024473,0.0001528,326.85257,328.90192,6706.014,"spacetrack"
100314,"2026-08-24 21:17:38.906+00",0.0011432,15.808818,0.00225253,0.0001579,326.88684,329.0046,6706.0825,"spacetrack"
100314,"2026-08-25 21:36:06.407+00",0.00098422,15.808861,0.00193234,6.38e-05,327.5059,328.3616,6706.071,"spacetrack"
100314,"2026-08-26 18:53:37.299+00",-0.0059817,15.774992,-0.00891292,0.0002584,335.79343,339.26407,6715.6655,"spacetrack"
100315,"2026-08-24 21:23:34.046+00",-0.0068824,15.790137,-0.01092183,0.0001033,332.54065,333.92722,6711.371,"spacetrack"
100315,"2026-08-25 03:28:53.126+00",-0.0070421,15.776576,-0.01055258,9.5e-05,336.44128,337.71716,6715.2163,"spacetrack"
100316,"2026-08-25 14:01:21.146+00",0.00046925,15.808453,0.00090801,9.13e-05,327.43686,328.6614,6706.186,"spacetrack"
100316,"2026-08-26 18:53:16.365+00",0.00086129,15.808809,0.0016856,0.0001368,327.03085,328.86563,6706.0854,"spacetrack"
100316,"2026-08-27 14:38:47.704+00",-0.0054647,15.789935,-0.00872437,0.0001738,332.1247,334.45758,6711.428,"spacetrack"
100317,"2026-08-22 04:04:56.428+00",0.00053033,15.808606,0.00102866,0.0002334,326.4404,329.57083,6706.1426,"spacetrack"
100317,"2026-08-23 21:06:05.05+00",0.0011709,15.808905,0.00231014,0.0003475,325.59094,330.25168,6706.058,"spacetrack"
100317,"2026-08-24 18:22:14.111+00",0.00097434,15.808943,0.00191322,9.2e-05,327.29352,328.52744,6706.0474,"spacetrack"
100317,"2026-08-25 14:07:14.168+00",0.0011271,15.808868,0.00222053,0.0001161,327.153,328.71014,6706.0684,"spacetrack"
100317,"2026-08-26 22:02:37.807+00",-0.0067159,15.777121,-0.00997005,0.0001493,335.92227,337.9274,6715.062,"spacetrack"
100318,"2026-08-22 02:29:23.626+00",0.00077185,15.808376,0.00150443,0.0002521,326.3799,329.7612,6706.2075,"spacetrack"
100318,"2026-08-24 21:20:09.075+00",0.0010763,15.809002,0.00211915,0.0001479,326.902,328.88565,6706.031,"spacetrack"
100318,"2026-08-25 03:24:46.289+00",0.0006728,15.808615,0.00130957,0.0001797,326.79825,329.20844,6706.14,"spacetrack"
100318,"2026-08-26 20:25:55.274+00",0.0011761,15.809102,0.00232234,0.0001476,326.87552,328.85513,6706.0024,"spacetrack"
100318,"2026-08-27 22:16:01.148+00",-0.0062645,15.790006,-0.00987647,0.0003234,331.1006,335.44153,6711.408,"spacetrack"
100319,"2026-08-22 05:26:54.502+00",0.00054562,15.808441,0.00105783,0.0001465,327.0698,329.0347,6706.1895,"spacetrack"
100319,"2026-08-25 23:05:20.682+00",-0.0001207,15.79754,-0.00022124,0.0003681,328.66742,333.6068,6709.274,"spacetrack"
100320,"2026-08-22 07:03:05.324+00",0.0010575,15.808892,0.0020801,0.000139,326.99274,328.85703,6706.062,"spacetrack"
100320,"2026-08-24 15:15:46.536+00",0.00089338,15.808856,0.00175013,0.0001333,327.04114,328.82898,6706.0723,"spacetrack"
100320,"2026-08-25 21:38:51.369+00",0.00181,15.809238,0.00363177,0.0001768,326.64124,329.01245,6705.964,"spacetrack"
100320,"2026-08-26 18:55:19.022+00",-0.0041738,15.79607,-0.00699396,0.0002954,329.57114,333.53525,6709.6904,"spacetrack"
100321,"2026-08-22 06:41:16.309+00",-0.0020859,15.810214,-0.00386147,0.0001021,326.8664,328.2357,6705.688,"spacetrack"
100321,"2026-08-24 22:29:44.815+00",0.00088642,15.808697,0.00173492,0.0001313,327.09946,328.86047,6706.117,"spacetrack"
100321,"2026-08-25 03:03:12.223+00",0.00069089,15.808906,0.00134715,0.0001223,327.10095,328.74124,6706.058,"spacetrack"
100321,"2026-08-26 03:22:12.636+00",-0.00609,15.788268,-0.00955647,0.0002092,332.35938,335.16763,6711.9004,"spacetrack"
100322,"2026-08-22 06:57:51.42+00",0.00080709,15.808716,0.00157678,0.0001335,327.0793,328.86984,6706.1113,"spacetrack"
100322,"2026-08-24 21:15:21.727+00",0.00098577,15.80886,0.00193546,0.0001652,326.8261,329.0418,6706.071,"spacetrack"
100322,"2026-08-25 20:02:28.75+00",0.0015856,15.808444,0.00315247,0.0003011,326.0323,330.07074,6706.1885,"spacetrack"
100322,"2026-08-26 21:55:05.538+00",-0.0074839,15.754461,-0.01021212,0.000266,341.5741,345.14993,6721.499,"spacetrack"
100323,"2026-08-22 06:56:57.681+00",0.001134,15.808945,0.00223534,0.0001533,326.88193,328.93802,6706.047,"spacetrack"
100323,"2026-08-24 15:09:38.788+00",0.00060384,15.808151,0.00117082,0.0001335,327.23907,329.02963,6706.2715,"spacetrack"
100323,"2026-08-25 03:18:52.872+00",0.001297,15.808775,0.0025646,0.0002161,326.50873,329.4071,6706.0947,"spacetrack"
100323,"2026-08-26 21:57:23.105+00",-0.0083186,15.728744,-0.01015718,0.0001645,349.5798,351.79358,6728.8237,"spacetrack"
100324,"2026-08-22 06:55:12.045+00",0.00087303,15.808806,0.00170904,0.000126,327.10403,328.79398,6706.086,"spacetrack"
100324,"2026-08-24 19:41:20.83+00",0.0012491,15.809111,0.00247088,0.0001421,326.91013,328.81595,6706,"spacetrack"
100324,"2026-08-25 21:30:57.641+00",0.00081246,15.808864,0.00158864,0.0002024,326.57544,329.29004,6706.07,"spacetrack"
100324,"2026-08-26 21:50:49.745+00",-0.0081273,15.771827,-0.01177576,0.0001148,337.65628,339.1984,6716.5645,"spacetrack"
100371,"2026-08-25 18:30:02.167+00",-0.003631,15.8928995,-0.01039089,0.0001949,302.96994,305.57474,6682.409,"spacetrack"
100371,"2026-08-26 18:43:25.163+00",0.00079843,15.849953,0.00189809,0.0003805,313.79074,318.88522,6694.475,"spacetrack"
100371,"2026-08-27 22:03:20.058+00",0.00088783,15.8081875,0.00173362,0.0001478,327.13303,329.1154,6706.261,"spacetrack"
100371,"2026-08-28 20:51:12.852+00",-0.0049391,15.789597,-0.00794354,0.0001181,332.59436,334.17963,6711.524,"spacetrack"
100371,"2026-08-29 21:13:42.105+00",-0.0010943,15.752738,-0.00160913,0.0001557,342.8056,344.8988,6721.9893,"spacetrack"
100372,"2026-08-25 18:31:05.013+00",-0.0026288,15.892548,-0.0069795,7.44e-05,303.87393,304.8683,6682.5083,"spacetrack"
100372,"2026-08-26 18:44:45.067+00",0.00067549,15.846973,0.00157833,0.0005846,313.2631,321.09128,6695.314,"spacetrack"
100372,"2026-08-27 22:04:45.522+00",0.00073205,15.808668,0.00142742,0.0002517,326.30032,329.67618,6706.125,"spacetrack"
100372,"2026-08-28 20:53:11.248+00",-0.0040006,15.78082,-0.00630526,0.0002121,334.45114,337.29922,6714.012,"spacetrack"
100372,"2026-08-29 21:16:15.126+00",0.0011598,15.75217,0.00176696,0.000114,343.24753,344.78018,6722.151,"spacetrack"
100373,"2026-08-25 18:32:08.845+00",-0.0026341,15.890204,-0.00691621,5.1e-05,304.68713,305.3688,6683.165,"spacetrack"
100373,"2026-08-26 23:19:05.84+00",-0.0045903,15.829898,-0.00880197,6.58e-05,321.55005,322.4318,6700.128,"spacetrack"
100373,"2026-08-27 14:30:23.534+00",0.00043771,15.809163,0.00084909,0.0001544,326.81277,328.88358,6705.9854,"spacetrack"
100373,"2026-08-28 17:52:34.369+00",-0.0037369,15.777911,-0.00584676,0.0003214,334.5423,338.85858,6714.8374,"spacetrack"
100373,"2026-08-29 21:18:47.473+00",0.00044015,15.751882,0.00066025,0.0001181,343.302,344.8898,6722.233,"spacetrack"
100374,"2026-08-25 18:35:17.368+00",-0.0039501,15.878875,-0.00952783,0.0002437,306.5771,309.83603,6686.3438,"spacetrack"
100374,"2026-08-26 12:45:50.84+00",-0.0029839,15.844145,-0.00630415,0.000311,315.89136,320.05634,6696.111,"spacetrack"
100374,"2026-08-27 08:30:05.618+00",-0.00042128,15.809407,-0.00080564,0.0002031,326.41714,329.14108,6705.916,"spacetrack"
100374,"2026-08-28 17:56:43.678+00",-0.0036321,15.780157,-0.0057518,0.000516,332.59885,339.5279,6714.2,"spacetrack"
100374,"2026-08-29 18:19:53.6+00",0.0014841,15.752717,0.00228057,0.0001243,343.02255,344.69366,6721.995,"spacetrack"
100375,"2026-08-25 18:36:14.104+00",-0.004373,15.876628,-0.01032477,4.97e-05,308.505,309.16968,6686.974,"spacetrack"
100375,"2026-08-26 18:49:56.766+00",0.0021538,15.863343,0.00539614,0.0017053,301.16046,323.9798,6690.707,"spacetrack"
100375,"2026-08-27 17:38:14.025+00",0.0019307,15.8092785,0.00388625,0.0003152,325.70193,329.92938,6705.9526,"spacetrack"
100375,"2026-08-28 21:01:45.064+00",-0.0056598,15.761938,-0.0080366,0.0001143,340.46814,342.00418,6719.373,"spacetrack"
100375,"2026-08-29 22:56:53.63+00",0.0014476,15.753005,0.00222582,0.0001921,342.48502,345.06757,6721.913,"spacetrack"
100376,"2026-08-25 18:37:25.875+00",-0.0035889,15.874805,-0.0085679,2.55e-05,309.17868,309.51974,6687.4863,"spacetrack"
100376,"2026-08-26 15:50:25.773+00",0.0010737,15.838453,0.00244034,0.0010636,312.4544,326.70178,6697.7153,"spacetrack"
100376,"2026-08-27 22:13:15.931+00",-0.0015599,15.80567,-0.0028629,0.0003725,326.33783,331.33453,6706.973,"spacetrack"
100376,"2026-08-28 18:00:01.002+00",-0.0035167,15.773762,-0.0054244,0.0001495,336.87405,338.88214,6716.015,"spacetrack"
100376,"2026-08-29 22:57:53.543+00",0.00079561,15.752482,0.00120531,0.0001027,343.23447,344.6152,6722.062,"spacetrack"
100377,"2026-08-25 18:38:09.889+00",-0.0026514,15.874713,-0.00648179,0.0002484,307.7141,311.03647,6687.512,"spacetrack"
100377,"2026-08-26 12:49:11.447+00",-0.0015431,15.839248,-0.00329336,0.0002588,317.6206,321.08722,6697.4907,"spacetrack"
100377,"2026-08-27 17:38:14.068+00",0.0014161,15.836459,0.00322383,0.0013277,311.2468,329.03342,6698.2773,"spacetrack"
100377,"2026-08-28 13:26:54.103+00",-0.0050401,15.779134,-0.00775074,0.0001262,335.5062,337.20093,6714.4907,"spacetrack"
100377,"2026-08-29 22:58:54.446+00",0.00043355,15.752148,0.000651,9.87e-05,343.35672,344.68365,6722.157,"spacetrack"
100378,"2026-08-25 18:38:21.052+00",-0.0045146,15.872516,-0.01043109,4.43e-05,309.69598,310.28854,6688.1294,"spacetrack"
100378,"2026-08-26 12:49:21.897+00",0.0008566,15.841059,0.00195416,0.0004814,315.6196,322.06744,6696.9805,"spacetrack"
100378,"2026-08-27 22:14:17.213+00",0.00069709,15.808754,0.00135856,0.0002042,326.59454,329.3333,6706.101,"spacetrack"
100378,"2026-08-28 17:59:32.499+00",-0.0028912,15.798875,-0.00501813,0.0002847,328.84915,332.6692,6708.896,"spacetrack"
100378,"2026-08-29 21:24:22.34+00",-0.0018212,15.753252,-0.00265058,9.15e-05,343.09097,344.32108,6721.843,"spacetrack"
100379,"2026-08-25 18:38:55.694+00",-0.0034263,15.872913,-0.00814395,7.51e-05,309.37842,310.38293,6688.0176,"spacetrack"
100379,"2026-08-26 23:26:57.759+00",-0.016448,15.821351,-0.02884858,7.8e-05,323.88095,324.92654,6702.5405,"spacetrack"
100379,"2026-08-27 22:15:04.338+00",-0.0034352,15.802909,-0.0060017,9.8e-05,328.96005,330.27478,6707.7544,"spacetrack"
100379,"2026-08-28 21:04:49.723+00",-0.0055394,15.764208,-0.00795329,0.0001378,339.66534,341.51703,6718.728,"spacetrack"
100379,"2026-08-29 22:59:55.699+00",0.00096528,15.752156,0.00146508,0.0001652,342.90723,345.1282,6722.155,"spacetrack"
100380,"2026-08-25 18:39:09.3+00",-0.0042719,15.871981,-0.00990453,3.18e-05,309.92996,310.35535,6688.28,"spacetrack"
100380,"2026-08-26 18:54:20.034+00",0.0044951,15.835254,0.01084769,0.0005521,316.7818,324.1784,6698.617,"spacetrack"
100380,"2026-08-27 22:15:25.262+00",-0.0024098,15.7988615,-0.00422342,0.0004642,327.64874,333.8773,6708.9,"spacetrack"
100380,"2026-08-28 18:02:51.266+00",-0.0039329,15.764164,-0.00579051,0.0001969,339.2807,341.92654,6718.7407,"spacetrack"
100380,"2026-08-29 23:00:56.587+00",0.00082895,15.75207,0.00125439,0.0001525,343.0169,345.06717,6722.179,"spacetrack"
100381,"2026-08-25 18:44:55.467+00",-0.0032534,15.857532,-0.00724739,0.00012,313.4017,315.00784,6692.342,"spacetrack"
100381,"2026-08-26 08:23:52.571+00",-0.0016311,15.830152,-0.00333385,0.0002807,320.03885,323.80026,6700.0566,"spacetrack"
100381,"2026-08-27 22:23:01.883+00",-0.0026518,15.792434,-0.00449932,0.0004302,329.6963,335.4702,6710.72,"spacetrack"
100381,"2026-08-28 21:13:54.122+00",-0.0032511,15.753818,-0.00463505,0.0001152,342.77078,344.31946,6721.682,"spacetrack"
100381,"2026-08-29 21:37:35.641+00",0.0012901,15.752246,0.00197096,0.0001329,343.09875,344.8855,6722.129,"spacetrack"
100382,"2026-08-25 18:46:07.703+00",-0.003707,15.853391,-0.00802147,4.21e-05,315.08826,315.65182,6693.507,"spacetrack"
100382,"2026-08-26 12:58:31.94+00",-0.0038944,15.817092,-0.0071726,0.0002819,323.71704,327.4966,6703.7437,"spacetrack"
100382,"2026-08-27 05:41:15.537+00",0.0018805,15.810393,0.00380061,0.0002635,325.7333,329.26715,6705.637,"spacetrack"
100382,"2026-08-28 21:15:25.927+00",-0.0028682,15.753171,-0.00410293,0.0001184,342.933,344.52475,6721.8657,"spacetrack"
100382,"2026-08-29 21:39:06.562+00",0.00052023,15.752416,0.00078355,0.0001216,343.12634,344.76114,6722.0806,"spacetrack"
100383,"2026-08-25 18:47:17.365+00",-0.0038666,15.850878,-0.0082476,0.0001251,315.24002,316.91492,6694.2144,"spacetrack"
100383,"2026-08-26 22:06:49.612+00",0.00097448,15.808812,0.00191233,8.31e-05,327.39017,328.50473,6706.0845,"spacetrack"
100383,"2026-08-27 22:25:41.441+00",-0.0052234,15.793125,-0.00849302,0.0003903,329.76822,335.00644,6710.5244,"spacetrack"
100383,"2026-08-28 21:16:26.754+00",-0.0041408,15.754135,-0.00583129,0.0001743,342.28326,344.6264,6721.592,"spacetrack"
100383,"2026-08-29 21:40:07.566+00",0.0009745,15.753145,0.00148575,6.92e-05,343.27118,344.20148,6721.8735,"spacetrack"
100384,"2026-08-25 17:19:29.716+00",-0.0044783,15.845059,-0.00918725,6.07e-05,317.3097,318.12256,6695.853,"spacetrack"
100384,"2026-08-26 23:41:40.152+00",0.00092966,15.808673,0.00182123,0.0001182,327.19424,328.77957,6706.124,"spacetrack"
100384,"2026-08-27 11:50:55.219+00",0.0018773,15.809141,0.00377126,0.0001949,326.5473,329.1613,6705.991,"spacetrack"
100384,"2026-08-28 21:20:30.625+00",-0.0024031,15.753329,-0.00346538,8.79e-05,343.09314,344.27484,6721.821,"spacetrack"
100384,"2026-08-29 21:44:11.706+00",0.00046092,15.75197,0.00069199,0.0001341,343.16904,344.97195,6722.2075,"spacetrack"
100385,"2026-08-25 17:20:10.376+00",-0.004566,15.844116,-0.0093125,8.82e-05,317.39145,318.57266,6696.119,"spacetrack"
100385,"2026-08-26 22:11:15.68+00",0.001787,15.809294,0.00358448,0.0001143,327.04474,328.57773,6705.948,"spacetrack"
100385,"2026-08-27 11:51:59.87+00",-0.0032001,15.795335,-0.00544438,0.0004811,328.53333,334.9896,6709.8984,"spacetrack"
100385,"2026-08-28 13:45:39.571+00",-0.0017088,15.753153,-0.00249069,0.000116,342.95444,344.51392,6721.871,"spacetrack"
100385,"2026-08-29 18:43:46.246+00",0.00059763,15.75228,0.00090103,0.0001041,343.28268,344.68222,6722.1196,"spacetrack"
100386,"2026-08-25 18:52:22.852+00",-0.0037682,15.839245,-0.00765397,0.0001203,318.549,320.16043,6697.4917,"spacetrack"
100386,"2026-08-26 14:36:51.092+00",0.00056696,15.80893,0.00110229,0.0001586,326.85025,328.97742,6706.051,"spacetrack"
100386,"2026-08-27 21:00:46.261+00",-0.0050338,15.784778,-0.00792389,0.0001324,333.86417,335.64172,6712.89,"spacetrack"
100386,"2026-08-28 21:23:34.827+00",0.0010054,15.7523575,0.00152851,8.97e-05,343.3575,344.56345,6722.0977,"spacetrack"
100386,"2026-08-29 23:18:43.392+00",0.00047867,15.751861,0.00071857,0.0001155,343.32523,344.87805,6722.239,"spacetrack"
100387,"2026-08-25 17:22:49.491+00",-0.0055333,15.836671,-0.01071361,0.0001081,319.35654,320.8047,6698.218,"spacetrack"
100387,"2026-08-26 14:38:27.654+00",0.0005734,15.808602,0.00111328,0.0001444,327.03824,328.97498,6706.1436,"spacetrack"
100387,"2026-08-27 18:00:49.55+00",-0.0048378,15.774705,-0.00733095,0.0001708,336.46313,338.75723,6715.747,"spacetrack"
100387,"2026-08-28 21:27:09.609+00",0.0013084,15.752325,0.00200041,7.68e-05,343.4533,344.48584,6722.1064,"spacetrack"
100387,"2026-08-29 21:50:47.974+00",0.00058664,15.752017,0.00088325,0.000101,343.37845,344.73633,6722.1943,"spacetrack"
100388,"2026-08-25 17:25:38.462+00",-0.005317,15.829728,-0.01004425,0.0001576,320.98285,323.09473,6700.176,"spacetrack"
100388,"2026-08-26 14:41:33.168+00",0.00081771,15.808717,0.00159797,0.0001598,326.9028,329.04608,6706.1113,"spacetrack"
100388,"2026-08-27 11:58:30.706+00",0.00021166,15.789423,0.00037281,0.0003536,331.063,335.8094,6711.573,"spacetrack"
100388,"2026-08-28 13:52:46.908+00",0.00074602,15.752322,0.00112831,0.0001241,343.13617,344.8046,6722.1074,"spacetrack"
100388,"2026-08-29 21:53:51.089+00",0.00064903,15.751977,0.00097826,0.0001522,343.0456,345.09183,6722.2056,"spacetrack"
100389,"2026-08-25 17:26:45.753+00",-0.0055833,15.827288,-0.0103818,9.94e-05,322.06143,323.3936,6700.8647,"spacetrack"
100389,"2026-08-26 13:11:35.043+00",0.00077998,15.808666,0.00152262,0.0002522,326.2973,329.67987,6706.1255,"spacetrack"
100389,"2026-08-27 18:05:18.756+00",-0.00504,15.772033,-0.00753013,0.000188,337.10617,339.6316,6716.506,"spacetrack"
100389,"2026-08-28 18:28:45.567+00",0.00076078,15.751883,0.00114878,0.0001806,342.88144,345.3095,6722.2324,"spacetrack"
100389,"2026-08-29 20:23:53.555+00",0.0010263,15.75239,0.00156117,0.0001845,342.71094,345.1914,6722.0884,"spacetrack"
100390,"2026-08-25 17:27:55.271+00",-0.0044744,15.825608,-0.00844622,0.0001536,322.17224,324.2309,6701.3384,"spacetrack"
100390,"2026-08-26 08:39:21.48+00",0.001102,15.808405,0.00216516,0.0001167,327.2801,328.8453,6706.1997,"spacetrack"
100390,"2026-08-27 15:02:33.84+00",0.0023192,15.8111515,0.00478483,0.0014901,317.29404,337.27756,6705.423,"spacetrack"
100390,"2026-08-28 21:33:13.816+00",0.00078277,15.752388,0.00118506,8.76e-05,343.363,344.5407,6722.089,"spacetrack"
100390,"2026-08-29 21:56:54.128+00",0.0017273,15.752564,0.00266474,0.0001032,343.20792,344.59534,6722.0386,"spacetrack"
100391,"2026-08-25 17:29:06.513+00",-0.0041693,15.823588,-0.00785929,0.000411,321.01736,326.52634,6701.9087,"spacetrack"
100391,"2026-08-26 13:14:04.912+00",0.0007414,15.807908,0.00144085,0.0002344,326.6311,329.77505,6706.34,"spacetrack"
100391,"2026-08-27 22:43:33.495+00",-0.002826,15.753489,-0.00405065,0.0001188,342.84,344.4371,6721.7754,"spacetrack"
100391,"2026-08-28 12:26:53.878+00",0.0011314,15.752274,0.00172359,0.0001364,343.0674,344.9012,6722.121,"spacetrack"
100391,"2026-08-29 21:59:26.442+00",0.00039842,15.751883,0.00059711,0.0001569,343.04092,345.15036,6722.2324,"spacetrack"
100392,"2026-08-25 17:30:05.71+00",-0.004301,15.821344,-0.008015,0.0005298,320.8547,327.95673,6702.5425,"spacetrack"
100392,"2026-08-26 22:22:01.392+00",0.00093546,15.808265,0.00182944,0.0002105,326.6906,329.51392,6706.2393,"spacetrack"
100392,"2026-08-27 21:11:14.463+00",-0.0066545,15.771229,-0.00969814,0.0008106,333.15244,344.0416,6716.734,"spacetrack"
100392,"2026-08-28 21:34:45.582+00",0.0014568,15.75265,0.0022368,0.0002319,342.3182,345.43585,6722.014,"spacetrack"
100392,"2026-08-29 14:21:01.359+00",0.001052,15.752408,0.00160115,0.0002171,342.4867,345.40543,6722.083,"spacetrack"
100393,"2026-08-25 21:42:39.761+00",-0.00099274,15.938708,-0.00360777,7.61e-05,290.95496,291.97006,6669.5996,"spacetrack"
100393,"2026-08-26 23:22:03.401+00",-0.00334,15.89283,-0.00871091,6.97e-05,303.82614,304.7577,6682.4287,"spacetrack"
100393,"2026-08-27 22:03:12.906+00",6.9395e-05,15.875674,0.00018175,0.0002949,307.13324,311.07736,6687.242,"spacetrack"
100393,"2026-08-28 17:45:02.157+00",-0.0031559,15.836588,-0.00642524,0.0003597,317.69464,322.51337,6698.241,"spacetrack"
100393,"2026-08-29 22:36:34.674+00",-0.00050966,15.807291,-0.00096358,0.0003466,326.053,330.70197,6706.5146,"spacetrack"
100394,"2026-08-25 17:34:06.998+00",-0.0042168,15.812061,-0.00755614,0.0003255,324.84604,329.2111,6705.1655,"spacetrack"
100394,"2026-08-26 11:48:10.326+00",0.00099109,15.803785,0.00190115,0.0003637,326.92978,331.8088,6707.5063,"spacetrack"
100394,"2026-08-27 22:50:10.833+00",0.00086426,15.75218,0.00130934,0.0001365,343.0932,344.92834,6722.148,"spacetrack"
100394,"2026-08-28 18:39:25.178+00",0.0012617,15.75255,0.00192918,0.000125,343.06537,344.74588,6722.0425,"spacetrack"
100394,"2026-08-29 20:34:34.168+00",0.001536,15.752458,0.00235984,0.000156,342.88318,344.98047,6722.069,"spacetrack"
100404,"2026-08-27 23:04:03.653+00",-0.0012594,16.044123,-0.00860369,4.24e-05,261.9348,262.49792,6640.3535,"spacetrack"
100404,"2026-08-28 20:01:31.536+00",0.00097227,16.012794,0.00547411,0.000593,266.93158,274.8173,6649.011,"spacetrack"
100405,"2026-08-27 23:04:35.46+00",-0.00082099,16.048803,-0.00579387,7.86e-05,260.40344,261.4471,6639.0625,"spacetrack"
100405,"2026-08-28 21:31:15.665+00",0.0010965,16.03332,0.00697651,0.0007271,260.36868,270.02942,6643.336,"spacetrack"
100406,"2026-08-27 23:05:02.887+00",-0.00092278,16.047531,-0.00645489,4.04e-05,261.00775,261.54422,6639.413,"spacetrack"
100406,"2026-08-28 23:01:03.686+00",-0.0009817,16.016031,-0.0056973,0.0002149,268.55017,271.40753,6648.1157,"spacetrack"
100406,"2026-08-29 14:01:04.695+00",0.00071702,15.991658,0.00356148,0.0002843,274.84006,278.62402,6654.869,"spacetrack"
100407,"2026-08-27 23:05:33.016+00",-0.00092236,16.04627,-0.00640298,3.06e-05,261.42087,261.82724,6639.761,"spacetrack"
100407,"2026-08-28 14:03:08.74+00",-0.00086729,16.026224,-0.00534708,0.0001378,266.24384,268.0753,6645.2964,"spacetrack"
100407,"2026-08-29 14:00:24.574+00",-0.0052398,16.002216,-0.02766927,0.0005615,270.06958,277.5397,6651.9414,"spacetrack"
100408,"2026-08-27 23:06:12.48+00",-0.00070695,16.045238,-0.00488981,7.05e-05,261.44052,262.37677,6640.0454,"spacetrack"
100408,"2026-08-28 20:03:19.093+00",0.0017308,16.0256,0.01044533,0.0001336,266.44412,268.2198,6645.4688,"spacetrack"
100408,"2026-08-29 21:30:51.277+00",0.0021658,16.004135,0.01152626,0.0004201,270.4787,276.06723,6651.41,"spacetrack"
100409,"2026-08-27 21:36:55.415+00",-0.00089236,16.045368,-0.00616323,7.63e-05,261.3661,262.37936,6640.01,"spacetrack"
100409,"2026-08-28 21:33:12.507+00",0.0022953,16.03801,0.01476286,0.0003328,261.6932,266.11414,6642.0405,"spacetrack"
100409,"2026-08-29 14:01:39.305+00",0.001445,16.015923,0.00839094,0.0016027,259.35394,280.6639,6648.146,"spacetrack"
100410,"2026-08-27 23:07:46.358+00",-0.00095908,16.040638,-0.00643397,5.12e-05,262.83792,263.518,6641.315,"spacetrack"
100410,"2026-08-28 21:35:06.266+00",0.0011712,16.025484,0.00711195,0.0007341,262.48578,272.2427,6645.5015,"spacetrack"
100410,"2026-08-29 17:03:14.978+00",-0.010576,15.996345,-0.05908342,0.0012137,267.35663,283.5075,6653.569,"spacetrack"
100411,"2026-08-27 21:37:26.695+00",-0.00082238,16.044445,-0.00565373,0.0001712,260.99066,263.26428,6640.2646,"spacetrack"
100411,"2026-08-28 18:34:35.468+00",0.0011978,16.025229,0.00724645,0.0004505,264.44098,270.42865,6645.572,"spacetrack"
100412,"2026-08-27 21:38:31.947+00",-0.00077322,16.041933,-0.0052382,3.13e-05,262.6128,263.0285,6640.9575,"spacetrack"
100412,"2026-08-28 21:35:05.647+00",0.0039305,16.03972,0.02433158,0.0013301,254.59718,272.26508,6641.5684,"spacetrack"
100412,"2026-08-29 05:03:23.101+00",0.0035976,16.06265,0.02598603,0.0028529,238.1791,276.03848,6635.2456,"spacetrack"
100413,"2026-08-27 23:08:47.262+00",-0.00078945,16.038576,-0.00524262,0.0002378,262.1676,265.32648,6641.8843,"spacetrack"
100413,"2026-08-28 14:06:50.544+00",0.001448,16.029266,0.00896412,0.0005378,262.74557,269.89233,6644.456,"spacetrack"
100413,"2026-08-29 20:04:56.328+00",-0.0026833,15.979606,-0.01254448,0.0001239,279.25278,280.90268,6658.215,"spacetrack"
100414,"2026-08-27 21:39:41.737+00",-0.0012318,16.037535,-0.00809216,3.65e-05,263.79245,264.2773,6642.172,"spacetrack"
100414,"2026-08-28 21:37:50.902+00",-0.0012597,15.994899,-0.00646401,0.0002243,274.34058,277.32556,6653.97,"spacetrack"
100414,"2026-08-29 12:38:30.384+00",0.001644,15.981362,0.00771851,8.14e-05,279.04794,280.13184,6657.727,"spacetrack"
100415,"2026-08-27 21:40:18.705+00",-0.0007994,16.037441,-0.00527028,7.1e-06,264.01367,264.10797,6642.1978,"spacetrack"
100415,"2026-08-28 18:37:58.219+00",-0.00038155,16.013128,-0.00220231,0.000231,269.2462,272.318,6648.919,"spacetrack"
100415,"2026-08-29 21:36:27.295+00",-0.0040007,15.976288,-0.01827268,0.0001961,279.69363,282.30536,6659.1367,"spacetrack"
100416,"2026-08-27 21:40:52.766+00",-0.00081188,16.035976,-0.00530533,1.5e-05,264.36533,264.5646,6642.602,"spacetrack"
100416,"2026-08-28 23:08:23.314+00",0.00092443,16.010122,0.00511276,3.73e-05,271.36624,271.8623,6649.7515,"spacetrack"
100417,"2026-08-27 21:41:18.478+00",-0.00091951,16.034792,-0.00595936,1.87e-05,264.66818,264.91663,6642.929,"spacetrack"
100417,"2026-08-28 21:38:32.992+00",0.0023033,16.026115,0.01388685,0.0007679,262.08664,272.2925,6645.3267,"spacetrack"
100417,"2026-08-29 11:07:36.513+00",0.0018696,16.013258,0.01054068,0.0008513,265.08606,276.40646,6648.8833,"spacetrack"
100418,"2026-08-27 21:42:41.642+00",-0.0014519,16.019464,-0.0085621,0.0001075,268.31433,269.74347,6647.166,"spacetrack"
100418,"2026-08-28 21:42:24.799+00",0.00040124,15.981246,0.00186474,0.0004071,276.91187,282.3326,6657.7593,"spacetrack"
100419,"2026-08-27 21:42:21.155+00",-0.0008502,16.032293,-0.00543332,6.05e-05,265.0802,265.8841,6643.619,"spacetrack"
100419,"2026-08-28 18:40:26.087+00",0.0020947,16.014774,0.01185952,0.000601,266.3307,274.32214,6648.4634,"spacetrack"
100419,"2026-08-29 05:09:04.175+00",0.0024338,16.03483,0.01573057,0.002075,250.99771,278.56583,6642.919,"spacetrack"
100420,"2026-08-27 23:12:37.916+00",0.0027009,16.041178,0.01757083,0.0008198,257.5848,268.47366,6641.166,"spacetrack"
100420,"2026-08-28 20:11:05.008+00",0.00046694,15.999388,0.00241252,0.0001208,273.78467,275.39197,6652.725,"spacetrack"
100420,"2026-08-29 05:11:02.161+00",0.0001624,15.992557,0.00078409,0.0003501,274.15292,278.8125,6654.6196,"spacetrack"
100421,"2026-08-27 21:43:27.005+00",-0.00086292,16.029535,-0.00542458,5.01e-05,265.91174,266.5775,6644.382,"spacetrack"
100421,"2026-08-28 21:41:07.592+00",0.0019596,16.021482,0.01152183,0.0001878,267.2224,269.71887,6646.6074,"spacetrack"
100421,"2026-08-29 11:10:13.493+00",0.0019832,16.019932,0.01170702,0.0014808,259.0565,278.74234,6647.0366,"spacetrack"
100422,"2026-08-27 21:44:03.851+00",-0.00096875,16.027885,-0.00602423,2.36e-05,266.54376,266.8574,6644.8374,"spacetrack"
100422,"2026-08-28 20:12:27.54+00",0.0011513,16.002089,0.00608676,0.0004008,271.17374,276.50598,6651.977,"spacetrack"
100423,"2026-08-27 21:44:36.727+00",-0.00089532,16.02673,-0.00553424,8.24e-05,266.47238,267.5675,6645.1567,"spacetrack"
100423,"2026-08-28 23:13:04.689+00",0.00082205,15.998475,0.00424871,0.0001686,273.7198,275.9632,6652.9785,"spacetrack"
100423,"2026-08-29 11:11:53.573+00",0.0019329,16.022432,0.01160275,0.0015731,257.75262,278.66336,6646.345,"spacetrack"
100424,"2026-08-27 23:14:51.174+00",-0.00099714,16.023548,-0.00604342,5.02e-05,267.56573,268.233,6646.036,"spacetrack"
100424,"2026-08-28 20:13:36.009+00",0.00026329,15.999589,0.00134706,0.000252,272.85617,276.2091,6652.6694,"spacetrack"
100424,"2026-08-29 21:42:44.628+00",-0.0082781,15.972098,-0.03722737,0.0008191,276.70844,287.61935,6660.301,"spacetrack"
100425,"2026-08-27 23:15:28.799+00",-0.0010064,16.022036,-0.00604547,3.39e-05,268.09225,268.5429,6646.4546,"spacetrack"
100425,"2026-08-28 23:14:18.738+00",-0.00058821,15.993597,-0.003019,9.34e-05,275.5726,276.81564,6654.331,"spacetrack"
100426,"2026-08-27 23:16:04.098+00",-0.00098362,16.020664,-0.00586255,2.33e-05,268.54184,268.8516,6646.8335,"spacetrack"
100426,"2026-08-28 21:44:21.409+00",0.0011223,16.016342,0.00646382,0.0008123,264.49265,275.29303,6648.03,"spacetrack"
100427,"2026-08-27 23:16:35.894+00",-0.0009885,16.01938,-0.00584745,3.05e-05,268.84952,269.255,6647.1895,"spacetrack"
100427,"2026-08-28 17:15:38.528+00",-0.0010424,15.99736,-0.00543179,5.81e-05,274.764,275.5371,6653.2876,"spacetrack"
100427,"2026-08-29 21:44:55.983+00",-0.0045485,15.962338,-0.01923524,0.0003477,282.5618,287.19525,6663.0156,"spacetrack"
100428,"2026-08-26 23:19:53.018+00",0.0010345,16.061476,0.00796893,0.0018453,245.18777,269.677,6635.5693,"spacetrack"
100428,"2026-08-27 23:17:04.935+00",-0.0010503,16.017803,-0.00615307,8.54e-05,268.92087,270.05627,6647.6255,"spacetrack"
100428,"2026-08-28 21:46:15.003+00",-0.00081482,15.990401,-0.00409276,0.0001331,276.19482,277.96646,6655.218,"spacetrack"
100428,"2026-08-29 11:16:17.377+00",0.0024568,15.995821,0.01248327,0.0008275,270.0714,281.0833,6653.7144,"spacetrack"
100429,"2026-08-27 21:47:41.471+00",-0.00099131,16.018991,-0.00585126,0.0001309,268.28952,270.0298,6647.297,"spacetrack"
100429,"2026-08-28 21:46:51.153+00",0.00093021,15.9924555,0.00464978,0.0003094,274.45175,278.56964,6654.6475,"spacetrack"
100430,"2026-08-26 18:00:03+00",-0.0020132,16.047817,-0.01398419,9.42e-05,260.57187,261.82272,6639.3345,"spacetrack"
100430,"2026-08-27 23:18:04.396+00",-0.0010458,16.015736,-0.00605354,3.64e-05,269.8184,270.3024,6648.1973,"spacetrack"
100430,"2026-08-28 21:46:58.918+00",0.00020115,16.004744,0.00105269,0.0003034,271.0861,275.12204,6651.241,"spacetrack"
100430,"2026-08-29 18:46:29.257+00",0.0036187,16.011257,0.01989956,0.0018916,258.72202,283.87814,6649.437,"spacetrack"
100431,"2026-08-26 18:00:03+00",-0.0020185,16.046576,-0.01391621,9.88e-05,260.88373,262.19574,6639.677,"spacetrack"
100431,"2026-08-27 21:48:42.092+00",-0.0007375,16.01686,-0.00431178,0.0001297,268.8872,270.61166,6647.886,"spacetrack"
100431,"2026-08-28 21:48:03.694+00",-0.0011748,15.986197,-0.005744,0.000138,277.3288,279.16595,6656.3843,"spacetrack"
100432,"2026-08-27 21:49:07.946+00",-0.0010035,16.015453,-0.0058022,0.000159,269.08154,271.1957,6648.2754,"spacetrack"
100432,"2026-08-28 21:48:36.501+00",-0.0010425,15.985266,-0.00507561,8.11e-05,277.96625,279.04596,6656.643,"spacetrack"
100432,"2026-08-29 09:49:22.036+00",-0.00094999,15.970418,-0.00426543,0.0001266,281.788,283.47452,6660.768,"spacetrack"
100433,"2026-08-27 17:02:12.182+00",-0.0012388,15.987933,-0.005956,0.0007311,272.89944,282.6317,6655.9023,"spacetrack"
100433,"2026-08-28 21:36:32.922+00",-0.001788,15.947537,-0.00687793,0.0005107,285.5957,292.40552,6667.1377,"spacetrack"
100433,"2026-08-29 02:07:36.498+00",-0.00094368,15.943643,-0.00356844,0.0005945,286.1221,294.05063,6668.223,"spacetrack"
100434,"2026-08-27 21:33:02.632+00",-0.00043022,15.98272,-0.00201832,0.0005848,275.31946,283.1059,6657.3496,"spacetrack"
100434,"2026-08-28 21:36:32.377+00",-0.0065186,15.95244,-0.02545924,0.0006811,283.09448,292.1746,6665.7715,"spacetrack"
100434,"2026-08-29 21:43:34.709+00",-0.0020573,15.913781,-0.00663455,0.0004984,295.09787,301.75308,6676.5625,"spacetrack"
100435,"2026-08-27 17:02:59.503+00",-0.0012338,15.985634,-0.00585631,0.0007208,273.60577,283.20184,6656.541,"spacetrack"
100435,"2026-08-28 21:37:36.739+00",0.0011455,15.950717,0.00446938,0.0006686,283.65768,292.5718,6666.252,"spacetrack"
100436,"2026-08-27 17:03:28.075+00",-0.0011253,15.984877,-0.00532347,0.0007697,273.4903,283.73767,6656.751,"spacetrack"
100436,"2026-08-28 17:07:10.198+00",-0.00065262,15.952976,-0.00259654,0.0004842,284.2578,290.71283,6665.6226,"spacetrack"
100436,"2026-08-29 02:08:44.552+00",-0.0072729,15.945794,-0.02737647,0.0004661,286.37894,292.59448,6667.6235,"spacetrack"
100437,"2026-08-27 17:03:52.042+00",-0.0011534,15.983577,-0.00541766,0.0007913,273.7073,284.24286,6657.1123,"spacetrack"
100437,"2026-08-28 20:08:23.49+00",-0.00094379,15.94634,-0.00361849,0.0005108,285.92877,292.74026,6667.4717,"spacetrack"
100437,"2026-08-29 17:12:40.994+00",0.0025774,15.960207,0.0105191,0.0004567,282.42844,288.51498,6663.609,"spacetrack"
100438,"2026-08-27 17:04:22.396+00",0.00046533,15.985753,0.00219309,0.0005422,274.76154,281.97986,6656.508,"spacetrack"
100438,"2026-08-28 20:08:32.753+00",0.0028175,15.965434,0.01179553,0.0003034,281.996,286.03857,6662.1543,"spacetrack"
100438,"2026-08-29 20:14:18.016+00",0.0035953,15.948209,0.01440945,0.0032859,266.90674,310.72058,6666.9507,"spacetrack"
100439,"2026-08-27 17:04:51.377+00",-0.0010752,15.981074,-0.00498137,0.0007705,274.54013,284.7998,6657.807,"spacetrack"
100439,"2026-08-28 20:09:01.708+00",0.0015712,15.963743,0.00664097,0.0015544,274.1314,294.84418,6662.625,"spacetrack"
100440,"2026-08-27 17:05:10.12+00",-0.0012943,15.979155,-0.00592668,0.0007511,275.20206,285.2042,6658.3403,"spacetrack"
100440,"2026-08-28 21:40:30.019+00",-0.0018238,15.938877,-0.00669913,0.0004323,288.53217,294.29868,6669.5522,"spacetrack"
100441,"2026-08-27 17:05:31.188+00",-0.0013892,15.977894,-0.00631411,0.0007332,275.67114,285.43546,6658.6904,"spacetrack"
100441,"2026-08-28 20:10:34.795+00",-0.0015097,15.94036,-0.00559423,0.0004419,288.0546,293.94876,6669.1387,"spacetrack"
100441,"2026-08-29 17:13:16.393+00",0.0038365,15.984166,0.01849673,0.0032701,257.04254,300.58032,6656.948,"spacetrack"
100442,"2026-08-27 17:05:54.402+00",-0.0013895,15.976716,-0.00627471,0.000736,275.97946,285.78156,6659.0176,"spacetrack"
100442,"2026-08-28 20:11:06.757+00",0.0013284,15.943278,0.00498427,0.0007494,285.1906,295.18512,6668.3247,"spacetrack"
100442,"2026-08-29 14:16:09.733+00",-0.020984,15.876071,-0.05897381,0.0017907,297.01917,320.96844,6687.131,"spacetrack"
100443,"2026-08-27 17:06:23.948+00",-0.001292,15.975889,-0.00581512,0.0008319,275.5706,286.65024,6659.2476,"spacetrack"
100443,"2026-08-28 20:11:07.832+00",0.001924,15.960751,0.00798304,0.0014824,275.44266,295.19846,6663.4575,"spacetrack"
100443,"2026-08-29 23:15:30.27+00",0.0019073,15.976624,0.00920756,0.0037737,255.7772,306.03568,6659.0435,"spacetrack"
100444,"2026-08-27 17:06:48.886+00",-0.0013526,15.97448,-0.00603986,0.0008367,275.92984,287.0741,6659.639,"spacetrack"
100444,"2026-08-28 20:12:15.525+00",-0.0021051,15.935496,-0.00759334,0.0005131,288.93622,295.7815,6670.496,"spacetrack"
100445,"2026-08-27 17:07:17.019+00",-0.0015238,15.972574,-0.00671781,0.0006222,277.88785,286.17575,6660.169,"spacetrack"
100445,"2026-08-28 20:12:15.056+00",-0.0033447,15.93586,-0.01205749,0.0006764,287.7456,296.76932,6670.3945,"spacetrack"
100445,"2026-08-29 17:19:26.109+00",0.0014213,15.92553,0.00489968,0.0015269,284.952,305.33084,6673.2783,"spacetrack"
100446,"2026-08-27 17:07:42.68+00",-0.0013756,15.971923,-0.0060492,0.0006916,277.6065,286.8191,6660.3496,"spacetrack"
100446,"2026-08-28 20:12:54.726+00",-0.004108,15.937837,-0.01491625,0.0005129,288.28467,295.1266,6669.843,"spacetrack"
100446,"2026-08-29 17:19:26.243+00",-0.00082649,15.9152355,-0.0027019,0.0008208,292.5389,303.49847,6676.156,"spacetrack"
100447,"2026-08-27 17:08:05.279+00",-0.0015218,15.970086,-0.00661857,0.0006256,278.55634,286.89038,6660.8604,"spacetrack"
100447,"2026-08-28 20:13:22.318+00",0.0011776,15.946996,0.00450506,0.0006936,284.52725,293.77612,6667.2886,"spacetrack"
100448,"2026-08-27 17:08:21.58+00",-0.0027729,15.967091,-0.01179762,0.0003718,281.0798,286.03342,6661.694,"spacetrack"
100448,"2026-08-28 20:13:57.738+00",-0.0061475,15.936755,-0.0221611,0.0009501,285.67004,298.34467,6670.1445,"spacetrack"
100448,"2026-08-29 14:20:13.489+00",-0.0036467,15.903892,-0.01114673,0.0005485,297.5293,304.85654,6679.33,"spacetrack"
100449,"2026-08-27 17:08:52.542+00",-0.00044946,15.970877,-0.0019748,0.0005546,278.80972,286.1977,6660.6406,"spacetrack"
100449,"2026-08-28 18:43:00.647+00",0.0016878,15.963128,0.0070749,0.0012405,276.39374,292.92413,6662.796,"spacetrack"
100450,"2026-08-26 18:00:03+00",-0.0034185,15.993557,-0.01677582,0.0003979,273.5574,278.85294,6654.3423,"spacetrack"
100450,"2026-08-27 20:09:48.227+00",0.00067295,15.965545,0.00284063,0.0005827,280.10455,287.8686,6662.1235,"spacetrack"
100450,"2026-08-28 15:44:03.173+00",0.0014134,15.942142,0.00526736,0.0006425,286.22025,294.78946,6668.642,"spacetrack"
100450,"2026-08-29 17:21:28.272+00",0.0015634,15.925508,0.0054047,0.0017189,283.6771,306.6185,6673.2847,"spacetrack"
100451,"2026-08-27 17:09:40.441+00",-0.022513,15.930622,-0.0862474,0.0020103,280.30698,307.13187,6671.8564,"spacetrack"
100451,"2026-08-28 06:42:20.709+00",-0.0021951,15.94624,-0.00837302,0.0004457,286.39053,292.33395,6667.499,"spacetrack"
100451,"2026-08-29 17:22:09.184+00",0.0014009,15.921478,0.00474705,0.0017754,284.42383,308.12332,6674.4106,"spacetrack"
100452,"2026-08-26 18:00:03+00",-0.0035786,15.992646,-0.01746249,0.000393,273.84256,279.07306,6654.5947,"spacetrack"
100452,"2026-08-27 17:10:12.513+00",-0.0016173,15.9634075,-0.00678462,0.0006997,279.9192,289.24298,6662.7183,"spacetrack"
100452,"2026-08-28 03:42:18.111+00",-0.0019793,15.947502,-0.00760453,0.0004157,286.239,291.78207,6667.1475,"spacetrack"
100452,"2026-08-29 23:24:05.153+00",0.0019774,15.936238,0.00730906,0.0022983,276.82126,307.4819,6670.2886,"spacetrack"
100453,"2026-08-27 17:10:43.281+00",-0.0015856,15.961952,-0.00659672,0.0006232,280.83374,289.13867,6663.123,"spacetrack"
100453,"2026-08-28 20:17:29.011+00",-0.0021346,15.922099,-0.00718039,0.0004517,293.0853,299.1148,6674.237,"spacetrack"
100453,"2026-08-29 17:25:40.727+00",-0.0024265,15.889416,-0.00645038,0.0004573,302.19293,308.30554,6683.386,"spacetrack"
100454,"2026-08-27 17:11:14.144+00",-0.0015993,15.9604025,-0.00659825,0.0006277,281.23474,289.60016,6663.554,"spacetrack"
100454,"2026-08-28 20:17:31.794+00",0.0037285,15.948341,0.01433272,0.0015492,278.44827,299.10504,6666.9136,"spacetrack"
100454,"2026-08-29 14:23:28.744+00",-0.0018332,15.896238,-0.00542838,0.0009369,297.07684,309.5966,6681.4736,"spacetrack"
100455,"2026-08-27 17:11:44.379+00",-0.0015428,15.959006,-0.00632074,0.0006708,281.33575,290.2761,6663.943,"spacetrack"
100455,"2026-08-28 21:49:20.277+00",-0.0026476,15.916425,-0.00864018,0.0004615,294.60522,300.767,6675.823,"spacetrack"
100456,"2026-08-27 17:12:14.479+00",-0.0014673,15.958156,-0.0059872,0.0007103,281.30917,290.7763,6664.1797,"spacetrack"
100456,"2026-08-28 18:48:57.542+00",0.0018969,15.926468,0.00651666,0.0008377,289.28943,300.4694,6673.0166,"spacetrack"
100456,"2026-08-29 00:51:03.44+00",0.0011967,15.91221,0.00381908,0.0007887,293.59872,304.13104,6677.002,"spacetrack"
100457,"2026-08-27 17:12:44.887+00",-0.0015029,15.956645,-0.0060841,0.0007489,281.47238,291.45462,6664.6006,"spacetrack"
100457,"2026-08-28 21:50:38.625+00",-0.0023846,15.914164,-0.00769793,0.0004723,295.1652,301.47177,6676.4556,"spacetrack"
100458,"2026-08-27 17:13:11.026+00",-0.0016311,15.954632,-0.00652402,0.00064,282.75848,291.2899,6665.161,"spacetrack"
100458,"2026-08-28 20:20:05.332+00",-0.0046823,15.918869,-0.0154014,0.0005627,293.2466,300.75882,6675.1396,"spacetrack"
100458,"2026-08-29 02:22:07.715+00",0.0056553,15.880651,0.0158396,0.0031874,286.39755,329.01846,6685.845,"spacetrack"
100459,"2026-08-27 17:13:36.667+00",-0.0015416,15.953844,-0.00614666,0.0007433,282.2891,292.19785,6665.3804,"spacetrack"
100459,"2026-08-28 18:50:40.675+00",0.0018218,15.926709,0.00626779,0.0008428,289.18796,300.43588,6672.9487,"spacetrack"
